reading,bearing1_score,bearing1_anomaly,bearing2_score,bearing2_anomaly,bearing3_score,bearing3_anomaly,bearing4_score,bearing4_anomaly,machine_score,machine_anomaly
1,-0.013549220158651454,True,0.00850391136047468,False,0.02800193338451462,False,0.007963554996014977,False,-0.013549220158651454,True
2,0.017434746373390486,False,0.06257209585407586,False,0.1155969394717341,False,0.059190368179127706,False,0.017434746373390486,False
3,0.12039729587515813,False,0.026516784050253372,False,0.15646843376632769,False,0.08646974420438702,False,0.026516784050253372,False
4,0.0358761891615752,False,0.11355680028264992,False,0.2086891495756203,False,0.048414983477312434,False,0.0358761891615752,False
5,0.1630810229866516,False,0.07889542428877305,False,0.14086839937416684,False,0.1631745834053498,False,0.07889542428877305,False
6,0.16097391639934178,False,0.05189757240353554,False,0.11677999039655274,False,0.07652101127089861,False,0.05189757240353554,False
7,0.1690088289008514,False,0.01596130326702283,False,-0.06272027214225084,True,0.012452679811757572,False,-0.06272027214225084,True
8,0.06346198602226505,False,0.06694960905506131,False,0.15454860908426915,False,0.14452837390126683,False,0.06346198602226505,False
9,0.08042671710421234,False,-0.0595996083275403,True,0.13860704178395944,False,0.07090882638472074,False,-0.0595996083275403,True
10,0.1738200765498814,False,0.0772283504819683,False,0.14810059385096874,False,0.11075225123087962,False,0.0772283504819683,False
11,0.13994031441914168,False,0.051131211627875706,False,0.2155902043137325,False,0.1618790376641246,False,0.051131211627875706,False
12,0.06008498508736304,False,0.10764395296896434,False,0.13233208969584176,False,0.005686857678573687,False,0.005686857678573687,False
13,0.14281522958974313,False,0.06786874650986785,False,0.18679834452371047,False,-0.016107993799202802,True,-0.016107993799202802,True
14,0.0525031530770772,False,0.07907801920600555,False,0.11364128299466092,False,0.1504004897641822,False,0.0525031530770772,False
15,0.11057012914711295,False,0.03606881607584933,False,0.1595409781869066,False,0.09437489101012153,False,0.03606881607584933,False
16,0.08649252536301355,False,0.059741033516177544,False,-0.06567507588393773,True,0.025879208192789882,False,-0.06567507588393773,True
17,0.10900004068186653,False,0.06111605695678213,False,0.12379123092693234,False,0.0445129843919464,False,0.0445129843919464,False
18,0.16268931609915577,False,0.11711239425650044,False,0.18753121290448238,False,0.13527704858058598,False,0.11711239425650044,False
19,0.049202070209789506,False,-0.03929664118689913,True,-0.037604435088765764,True,0.07149207213427977,False,-0.03929664118689913,True
20,0.009183295502680378,False,0.0701575978150365,False,0.1315173396386876,False,0.013736283259887294,False,0.009183295502680378,False
21,-0.05415312374202974,True,-0.085111469338925,True,0.0019205850938405211,False,0.03397536825072556,False,-0.085111469338925,True
22,-0.06483064547209783,True,0.03079523473636514,False,-0.03014367814090435,True,0.06686830620018236,False,-0.06483064547209783,True
23,0.0038551100360257884,False,-0.07272044153552282,True,0.08054248677443887,False,0.03799703128872278,False,-0.07272044153552282,True
24,0.07895925250006974,False,0.08083634155052533,False,0.007747499207790054,False,0.11095692722350414,False,0.007747499207790054,False
25,-0.08803260240984678,True,-0.07316826938067378,True,-0.12681137514215868,True,-0.05364500533683447,True,-0.12681137514215868,True
26,0.02938862666200337,False,0.1236439250239475,False,0.1854963424525115,False,0.0679657650544131,False,0.02938862666200337,False
27,0.09255693995131198,False,0.044287380399930076,False,0.07757931603255397,False,0.13229423532197748,False,0.044287380399930076,False
28,-0.022842135331642033,True,0.01358740044096296,False,0.11831684353299032,False,-0.10096484933112504,True,-0.10096484933112504,True
29,0.06386154907341979,False,-0.020795572711942212,True,0.10970218831159406,False,0.004201279431948812,False,-0.020795572711942212,True
30,-0.0065641062775574355,True,0.043127374979684,False,0.11898460574062775,False,-0.001576600272820139,True,-0.0065641062775574355,True
31,0.11093417294336594,False,0.06117368869652173,False,-0.011665799986790515,True,0.04706160724926334,False,-0.011665799986790515,True
32,0.17357558150210728,False,0.11923908335984479,False,0.05250302703655374,False,0.10716505090950834,False,0.05250302703655374,False
33,0.1002503535327749,False,0.028699166478104998,False,0.14236627917666078,False,0.08167464153393666,False,0.028699166478104998,False
34,-0.04287819434993745,True,0.044858815322507795,False,0.021347270528469853,False,0.025500956899437766,False,-0.04287819434993745,True
35,0.049792569489127025,False,0.016054144132896853,False,0.06845112775083362,False,-0.010441333468494962,True,-0.010441333468494962,True
36,-0.009749253496980304,True,-0.018375341973884463,True,-0.08011067059304466,True,-0.03916645461251278,True,-0.08011067059304466,True
37,0.07187527729788912,False,0.11690214129324483,False,0.17675666233653597,False,0.11515518345840636,False,0.07187527729788912,False
38,0.03833724034862007,False,-0.04840954952691512,True,-0.010879886575744901,True,0.015519536464679407,False,-0.04840954952691512,True
39,0.08344703988476398,False,0.08024479225417758,False,0.15570837087357758,False,0.07579722392944954,False,0.07579722392944954,False
40,0.1480967320191784,False,0.07380206270855594,False,0.016421579468462455,False,0.076411808393689,False,0.016421579468462455,False
41,0.017901221077400442,False,0.05352363150746631,False,0.013815415567862255,False,0.0034412071182101656,False,0.0034412071182101656,False
42,0.06016926492976016,False,0.027913757727789368,False,-0.08609030690809882,True,0.013394558799957768,False,-0.08609030690809882,True
43,0.016748184290859558,False,0.024726372594924828,False,0.032919950138088905,False,-0.02317866521578482,True,-0.02317866521578482,True
44,0.1387914636220815,False,0.13017225257887205,False,0.1723909711168662,False,0.08887875254173605,False,0.08887875254173605,False
45,0.10151531109375889,False,-0.024555104251756443,True,-0.025834514065120828,True,0.0919676103532232,False,-0.025834514065120828,True
46,0.1992686067098885,False,0.0803070752222913,False,0.22130358681503876,False,0.14933153008637312,False,0.0803070752222913,False
47,0.16709279420780537,False,0.129916462897691,False,0.17943130216367592,False,0.09105989151412897,False,0.09105989151412897,False
48,-0.013313505023485273,True,0.13846385633536312,False,-0.01665948194165945,True,0.041995965232550114,False,-0.01665948194165945,True
49,0.033271337950362856,False,0.06302696607048885,False,0.16679010333029903,False,0.045444445876362205,False,0.033271337950362856,False
50,0.12567883710644423,False,0.014710320500649798,False,0.010748366981153112,False,0.060980191132941175,False,0.010748366981153112,False
51,0.17959509119264905,False,0.05560104861431092,False,0.09576753710798658,False,0.10479803840829205,False,0.05560104861431092,False
52,0.11452188996833623,False,0.08733936820917143,False,3.1803651029393976e-05,False,0.09804931018381058,False,3.1803651029393976e-05,False
53,0.19260369482974532,False,0.1431288030314361,False,0.20552994718437445,False,0.08009574827567789,False,0.08009574827567789,False
54,0.11311294848577302,False,0.1291969495087419,False,0.19569308531463037,False,0.1280056697755959,False,0.11311294848577302,False
55,-0.015843686479004027,True,-0.0737508321454432,True,0.09884290215514746,False,-0.012723831710625078,True,-0.0737508321454432,True
56,-0.0794222746187847,True,0.021904136923759587,False,0.06593684029930158,False,-0.033252205570407645,True,-0.0794222746187847,True
57,0.14192494166948644,False,0.03831626949773137,False,0.04691363675224791,False,0.0171720355406636,False,0.0171720355406636,False
58,0.14915297862900506,False,0.0983085354981964,False,0.21397899548686478,False,0.0965889819877439,False,0.0965889819877439,False
59,0.16348879169683256,False,0.15796440380614957,False,0.18990946230217565,False,0.1680377655149975,False,0.15796440380614957,False
60,0.02215482673092073,False,0.10327915489374717,False,0.12092809237830693,False,0.05964246548170238,False,0.02215482673092073,False
61,0.09974291387863865,False,0.10996583925266534,False,0.05806715468693524,False,0.04081018272703596,False,0.04081018272703596,False
62,0.14350008254791435,False,0.11285931409473215,False,0.07147173899891712,False,0.08369459644547306,False,0.07147173899891712,False
63,0.18541611468057045,False,0.06485499761695501,False,0.1297682458273418,False,0.05257067218230882,False,0.05257067218230882,False
64,0.12345656309191166,False,0.026084443575861482,False,0.12127161045556145,False,0.015521196292298867,False,0.015521196292298867,False
65,0.0107749356800253,False,0.10865051325675146,False,0.10811153326174028,False,0.06190510117643366,False,0.0107749356800253,False
66,0.13428944971614543,False,0.14223079263259275,False,0.15219245752400934,False,0.0371631830245559,False,0.0371631830245559,False
67,0.10903071118299401,False,0.04724056900056817,False,-0.09157808809492429,True,-0.04950809256310762,True,-0.09157808809492429,True
68,0.058780606186205064,False,0.11160774643910842,False,0.10785415515168251,False,0.028442979260963175,False,0.028442979260963175,False
69,0.1679104655159815,False,0.14468332694205333,False,0.1592990409920388,False,0.02614939777474934,False,0.02614939777474934,False
70,0.15876155068054942,False,0.1280563825858273,False,0.2120286710150297,False,0.03670140186279136,False,0.03670140186279136,False
71,0.13118989532752567,False,0.09931446837940183,False,0.14452469622189434,False,0.060669144969900723,False,0.060669144969900723,False
72,0.17151396776332634,False,0.1363267276346487,False,0.08389667742035112,False,0.10318315157284375,False,0.08389667742035112,False
73,0.1359705263680464,False,0.15465459652472358,False,0.11497455527177913,False,0.026383621897345333,False,0.026383621897345333,False
74,0.16723927576754039,False,0.14319993352975519,False,0.17201603571698132,False,0.04899733685293006,False,0.04899733685293006,False
75,0.17891547526071266,False,0.152733431383834,False,0.14798581661395904,False,0.14374406359946734,False,0.14374406359946734,False
76,0.18005506771238183,False,0.06350861512352468,False,0.13158683316695108,False,0.11429970107645915,False,0.06350861512352468,False
77,0.1730797866585469,False,0.09878107510460243,False,0.21758320773676915,False,0.16978146187886,False,0.09878107510460243,False
78,0.10338180151204279,False,0.009297182495628387,False,0.1301939285363607,False,0.09771270377776853,False,0.009297182495628387,False
79,0.11643779202345927,False,0.10485686359686108,False,0.0432521899039402,False,0.09401183945360392,False,0.0432521899039402,False
80,0.14223387081185912,False,0.15659220535074908,False,0.1525002179064021,False,0.147673404856006,False,0.14223387081185912,False
81,0.16950695297154256,False,0.13224376949992533,False,0.21387831023454867,False,0.1319825675496577,False,0.1319825675496577,False
82,0.13398433589698155,False,0.06035707637235155,False,0.10963115646447308,False,0.13948814452742603,False,0.06035707637235155,False
83,0.16870849577324964,False,0.10243984892178237,False,0.12146602760774816,False,0.1157263296620763,False,0.10243984892178237,False
84,0.1703213143245283,False,0.1379625690745926,False,0.13412978105891027,False,0.12228482462770207,False,0.12228482462770207,False
85,0.170746628159834,False,0.15213809592233013,False,0.24498813843168776,False,0.008101638329712113,False,0.008101638329712113,False
86,0.16331363115465025,False,0.09130024236817913,False,0.18019632650032869,False,0.10443362841458981,False,0.09130024236817913,False
87,0.1270149252833339,False,0.08186418203196111,False,0.0003049997630542034,False,0.09823094197162807,False,0.0003049997630542034,False
88,0.15014931670931358,False,0.10064506659829875,False,0.15714226336972725,False,0.15627762089903696,False,0.10064506659829875,False
89,0.15391495739205813,False,0.11883602412964833,False,0.20874157101202312,False,0.09770782880038265,False,0.09770782880038265,False
90,0.17304979559847172,False,0.046302883784005044,False,0.12153611136459874,False,0.017842908197889917,False,0.017842908197889917,False
91,0.10018529769130624,False,0.14736885719685083,False,0.17710451845698766,False,0.07508134742622918,False,0.07508134742622918,False
92,0.16951624702948298,False,0.10999243946837656,False,0.22807329268008408,False,0.1374149253785648,False,0.10999243946837656,False
93,0.15887531255915854,False,0.1264531858614084,False,0.010324448079521487,False,0.09536611376277326,False,0.010324448079521487,False
94,0.17436833072501046,False,0.12999571647737562,False,0.12783150013010658,False,0.1412495093271921,False,0.12783150013010658,False
95,0.20695867969816706,False,0.18258859331784438,False,0.18888971300579827,False,0.17045137448434017,False,0.17045137448434017,False
96,0.13157076752365504,False,0.05253390755943932,False,-5.415216256354771e-05,True,0.07458856586164564,False,-5.415216256354771e-05,True
97,0.03343738496853599,False,0.15060231550260633,False,0.13673014415277562,False,0.1020410730635185,False,0.03343738496853599,False
98,0.1870839982258568,False,0.04194529249006562,False,0.10077645071681274,False,0.11220642203183817,False,0.04194529249006562,False
99,0.15020709227053036,False,0.11782713234764275,False,0.10499884523902248,False,0.06783533101935746,False,0.06783533101935746,False
100,0.1494364206598382,False,0.15518733195860174,False,0.1017093215967858,False,0.14209769432768338,False,0.1017093215967858,False
101,0.11918056501168539,False,0.12199205940895408,False,0.1771892142390723,False,0.09090289509487326,False,0.09090289509487326,False
102,0.154945157282731,False,0.16248401914384797,False,0.2702197075977988,False,0.17384370651109138,False,0.154945157282731,False
103,0.14206420372540063,False,0.10506405891813742,False,0.24172509981994483,False,0.011011179142545902,False,0.011011179142545902,False
104,0.20162189153357918,False,0.17082966076077433,False,0.23506023029712975,False,0.19543533722469203,False,0.17082966076077433,False
105,0.11996194314897035,False,0.14939793220492992,False,0.2390914028354938,False,0.09793709767539494,False,0.09793709767539494,False
106,0.1852414107971473,False,0.14165781133615607,False,0.19379762580538662,False,0.10851684932567851,False,0.10851684932567851,False
107,0.20040519295449966,False,0.14117089452145426,False,0.18566471268567386,False,-0.03932226835017183,True,-0.03932226835017183,True
108,0.16126307548677288,False,0.13280740251289402,False,0.21211979393524621,False,0.17676531139557844,False,0.13280740251289402,False
109,0.1379455825974909,False,0.04346172268766679,False,0.23321576252068127,False,0.08048838701053729,False,0.04346172268766679,False
110,0.16286165348673198,False,0.17464930346148944,False,0.18450085668012345,False,0.15031323487686354,False,0.15031323487686354,False
111,0.13516629844813677,False,0.09574849098810567,False,0.1598569916442576,False,0.1601735589017586,False,0.09574849098810567,False
112,0.16888464158541938,False,0.11572119234598488,False,0.19419917943969556,False,0.16674174976968642,False,0.11572119234598488,False
113,0.18152148468904744,False,0.2023553863144562,False,0.1808201907016782,False,0.20903920283768812,False,0.1808201907016782,False
114,0.13980748676677524,False,0.15211510225444996,False,0.16260509288043407,False,0.03580134358422438,False,0.03580134358422438,False
115,0.18110914108090176,False,0.2033669009381444,False,0.18992676473753822,False,0.16878345635944525,False,0.16878345635944525,False
116,0.0752878011739958,False,0.1472446364401041,False,0.1881400696770028,False,0.17410544940640066,False,0.0752878011739958,False
117,0.18229323844131018,False,0.18943077873175773,False,0.09593592556374575,False,0.1456563029777288,False,0.09593592556374575,False
118,0.08373115850713952,False,0.09521963353017393,False,0.16148774624202028,False,0.1942630075125346,False,0.08373115850713952,False
119,0.01656202372092619,False,0.1338976389971963,False,0.0442877311969172,False,0.16880720688045048,False,0.01656202372092619,False
120,0.10183857421753362,False,0.149022219396085,False,0.12813001195693663,False,0.13214633632199613,False,0.10183857421753362,False
121,0.17931999327447518,False,0.09809640597932923,False,0.20582632724915662,False,0.16737595145777934,False,0.09809640597932923,False
122,0.06035838340713173,False,0.1397362760896091,False,0.12939955556612615,False,0.14807074529991154,False,0.06035838340713173,False
123,0.22765042979460176,False,0.16093296885171376,False,0.24521930198822506,False,0.17413742443468627,False,0.16093296885171376,False
124,0.14154562243436464,False,0.1113774553771848,False,0.17837189010949528,False,0.11012864312395942,False,0.11012864312395942,False
125,0.1867778106570433,False,0.17259146078686344,False,0.22493436678770645,False,0.16081522470409837,False,0.16081522470409837,False
126,0.2038050566234682,False,0.1507145112800367,False,0.22562117320030217,False,0.16866827467349355,False,0.1507145112800367,False
127,0.1570659823472973,False,0.14446907475616827,False,0.2525570677522224,False,0.11506910319492636,False,0.11506910319492636,False
128,0.0884320847509551,False,0.08550872516936414,False,0.20311491660546604,False,0.07449639247588591,False,0.07449639247588591,False
129,0.1508909386262366,False,0.1762441901297097,False,0.2653270065456741,False,0.212305278152425,False,0.1508909386262366,False
130,0.1349252785782632,False,0.06704219140960643,False,0.17269813873528117,False,-0.015542664701680198,True,-0.015542664701680198,True
131,0.17995894041798,False,0.12209208095118129,False,0.2025719517299508,False,0.095465499465751,False,0.095465499465751,False
132,0.13441036109185134,False,0.11914076436609267,False,0.14801289217778624,False,0.051858848747042385,False,0.051858848747042385,False
133,0.19903048248225058,False,0.20331234728051772,False,0.268406108564891,False,0.17476016903828445,False,0.17476016903828445,False
134,0.16997518018206648,False,0.11061266224515587,False,0.2247725783602858,False,0.17673800404983564,False,0.11061266224515587,False
135,0.20161370115012917,False,0.19401759269629992,False,0.22250050358689788,False,0.12332363782466949,False,0.12332363782466949,False
136,0.17315046818683055,False,0.13322046189761672,False,0.26030930354644805,False,0.08352173250171868,False,0.08352173250171868,False
137,0.22383345669713345,False,0.19902449562085173,False,0.2575666137881399,False,0.13105095901441643,False,0.13105095901441643,False
138,0.19128090315961627,False,0.200238589605907,False,0.2500184579952372,False,0.19482514109139637,False,0.19128090315961627,False
139,0.23557778668367657,False,0.17179510324401942,False,0.25244059700144544,False,0.21291995921991125,False,0.17179510324401942,False
140,0.2145208323893994,False,0.19322860685357118,False,0.2598919888556967,False,0.19448250151642232,False,0.19322860685357118,False
141,0.2188624181432653,False,0.08228670879817268,False,0.2253337278888426,False,0.20781357516685345,False,0.08228670879817268,False
142,0.2036519707631062,False,0.16552859501372652,False,0.2774420192013021,False,0.18693467871108022,False,0.16552859501372652,False
143,0.17249126036736367,False,0.10018459871657726,False,0.1812656374840249,False,0.127216488502501,False,0.10018459871657726,False
144,0.2358351382615485,False,0.19601369543959524,False,0.226425215467148,False,0.21510723173103785,False,0.19601369543959524,False
145,0.23581790114373846,False,0.16729751931936715,False,0.2295731282885114,False,0.2370977403746159,False,0.16729751931936715,False
146,0.2589497468753137,False,0.20397651941358258,False,0.26180859346124197,False,0.1707325881230286,False,0.1707325881230286,False
147,0.23747888425817437,False,0.21039039707331864,False,0.22771755651389547,False,0.24470219957346573,False,0.21039039707331864,False
148,0.2527235386496464,False,0.19584833597858403,False,0.23510493373218982,False,0.21317628566927288,False,0.19584833597858403,False
149,0.2314677503367642,False,0.19450623380666665,False,0.29062581891777034,False,0.15215167875885965,False,0.15215167875885965,False
150,0.22727598960166562,False,0.15788009312047085,False,0.2388279560178136,False,0.21530118925187225,False,0.15788009312047085,False
151,0.2214416196460357,False,0.20044171492877433,False,0.22423648747713176,False,0.06457399760534,False,0.06457399760534,False
152,0.12855173405178666,False,0.227020032220403,False,0.2780411958089601,False,0.09220013196097687,False,0.09220013196097687,False
153,0.24778720091875173,False,0.21403526151921953,False,0.2701709702574106,False,0.19767755006805998,False,0.19767755006805998,False
154,0.20358331867599944,False,0.207249523248768,False,0.1663691393762382,False,0.14412077934651824,False,0.14412077934651824,False
155,0.15391268011915132,False,0.1919995312164317,False,0.15697949900260566,False,0.19616281111747846,False,0.15391268011915132,False
156,0.21160053481201785,False,0.21147644959058315,False,0.237805547610696,False,0.21942243553291224,False,0.21147644959058315,False
157,0.236201975145085,False,0.20577963378935632,False,0.25283577919888744,False,0.2129609920522303,False,0.20577963378935632,False
158,0.1759966620698224,False,0.15232526034877097,False,0.16565988333789206,False,0.19767464351625602,False,0.15232526034877097,False
159,0.24846185367561824,False,0.19065528617353972,False,0.25066178968074393,False,0.2019513183023245,False,0.19065528617353972,False
160,0.20580707564711176,False,0.15744980163551647,False,0.2680518162012175,False,0.15645933717974453,False,0.15645933717974453,False
161,0.17833878524153984,False,0.16918895718792643,False,0.199225636073522,False,0.2181549685042361,False,0.16918895718792643,False
162,0.1495547525540062,False,0.1821093631884822,False,0.2119426513071891,False,0.13168988653538616,False,0.13168988653538616,False
163,0.16201453518833975,False,0.16639965019284686,False,0.2697624668258846,False,0.20759036446305862,False,0.16201453518833975,False
164,0.15787390343918795,False,0.15763772809932092,False,0.23689469085237413,False,0.18051155420473763,False,0.15763772809932092,False
165,0.13509087334703918,False,0.15525717147030516,False,0.214735062280225,False,0.22252975443045148,False,0.13509087334703918,False
166,0.13561398210882503,False,0.18788062160942914,False,0.21717741297660936,False,0.14156639708357882,False,0.13561398210882503,False
167,0.23700519855559699,False,0.19163913953974326,False,0.2609517311732479,False,0.20815170445650305,False,0.19163913953974326,False
168,0.16499392876261398,False,0.2076103610486899,False,0.19273158387209044,False,0.16717456456674307,False,0.16499392876261398,False
169,0.22574307561001095,False,0.17235163803882914,False,0.268807221190425,False,0.16783471053166138,False,0.16783471053166138,False
170,0.04479268528959157,False,0.1396244457379623,False,0.2035658867190444,False,0.1418750306519556,False,0.04479268528959157,False
171,0.14098588419521607,False,0.21722640621313727,False,0.18821264813583316,False,0.20024374242267057,False,0.14098588419521607,False
172,0.1429406467125378,False,0.16317161781681144,False,0.2667805009237264,False,0.22398946277774096,False,0.1429406467125378,False
173,0.19642789039221542,False,0.18105420410356876,False,0.18405824974649015,False,0.18915872638777836,False,0.18105420410356876,False
174,0.05525945584487468,False,0.13741504269700877,False,0.20394738121063954,False,0.14916747868395586,False,0.05525945584487468,False
175,0.08761263260733676,False,0.11571890029053211,False,0.18441865275996644,False,0.2298613640330135,False,0.08761263260733676,False
176,0.20849451182348205,False,0.2304792171941651,False,0.23491229615284703,False,0.22459184778596714,False,0.20849451182348205,False
177,0.21812861002352885,False,0.16260331266852834,False,0.2448363912798881,False,0.18309629439297725,False,0.16260331266852834,False
178,0.11277888189882346,False,0.12532480054539774,False,0.267746307356621,False,0.1004068262121749,False,0.1004068262121749,False
179,0.12523955730539138,False,0.12799718731601023,False,0.24320705883919574,False,0.18629480732522102,False,0.12523955730539138,False
180,0.1991057321556705,False,0.2482279050598779,False,0.21479222720668767,False,0.17721038046600412,False,0.17721038046600412,False
181,0.10799241145216953,False,0.218850762714621,False,0.14297782370613277,False,0.2045923638312236,False,0.10799241145216953,False
182,0.16951308242200613,False,0.16512000916957187,False,0.22371088925060356,False,0.2353380603191555,False,0.16512000916957187,False
183,0.1931851003034224,False,0.1418631793183181,False,0.2594620909172723,False,0.11227595893040465,False,0.11227595893040465,False
184,0.21933703421210998,False,0.17254287560660014,False,0.2771893093131327,False,0.11875073587865126,False,0.11875073587865126,False
185,0.13885363022550812,False,0.15185184971464893,False,0.18088627600092477,False,0.18983769157919544,False,0.13885363022550812,False
186,0.18044212269830862,False,0.10727473950057909,False,0.23379483080330188,False,0.22142361467247207,False,0.10727473950057909,False
187,0.11577121583584582,False,0.17368797155194587,False,0.2410819301046741,False,0.10675452559691723,False,0.10675452559691723,False
188,0.04837641957131189,False,0.14497013135298015,False,0.21833196748779782,False,0.17926390171759293,False,0.04837641957131189,False
189,0.16052959873429584,False,0.12087422072759335,False,0.2628623400216637,False,0.1372668396080552,False,0.12087422072759335,False
190,0.20380227818766905,False,0.1880016005329017,False,0.26806419569788764,False,0.1556634952547798,False,0.1556634952547798,False
191,0.180803130744205,False,0.16317817188764366,False,0.1654481958488621,False,0.18705848547338916,False,0.16317817188764366,False
192,0.1960067075090145,False,0.204666961776725,False,0.2247347133131064,False,0.17206694553464935,False,0.17206694553464935,False
193,0.21518438024931408,False,0.2189134098520351,False,0.18772447923878027,False,0.22339034167199795,False,0.18772447923878027,False
194,0.2020889080028126,False,0.20348439376773347,False,0.21175967691207287,False,0.12897159164058036,False,0.12897159164058036,False
195,0.17938735214479123,False,0.2049459855122539,False,0.19120744178302046,False,0.19211771231958857,False,0.17938735214479123,False
196,0.1733991278897828,False,0.17209039382084812,False,0.2722057440103784,False,0.1302752344870246,False,0.1302752344870246,False
197,0.17955399842882042,False,0.12232459849779498,False,0.26532732154295013,False,0.16389671237012582,False,0.12232459849779498,False
198,0.1731241515867879,False,0.21813749978409042,False,0.266772145981154,False,0.20405858510709546,False,0.1731241515867879,False
199,0.20767260712431806,False,0.11139494182535759,False,0.18524096078482993,False,0.09613262036679315,False,0.09613262036679315,False
200,0.20109764636070077,False,0.1723785342354574,False,0.1624854571694812,False,0.19650161678565337,False,0.1624854571694812,False
201,0.1961255284398143,False,0.22310087276783291,False,0.07022524815747933,False,0.20274589919848368,False,0.07022524815747933,False
202,0.2066479192998414,False,0.15213318097654327,False,0.17828945854738276,False,0.0957813985400946,False,0.0957813985400946,False
203,-0.013428955952642485,True,0.14865705605915297,False,0.16015733723490683,False,0.042469285124145495,False,-0.013428955952642485,True
204,0.18310696061564868,False,0.20126352616140208,False,0.20317640433688983,False,0.1522050059264114,False,0.1522050059264114,False
205,0.1941484160148107,False,0.17820820295579842,False,0.27022939123893797,False,0.13842499204039044,False,0.13842499204039044,False
206,0.15432346279320558,False,0.20856115802545122,False,0.1809553582976306,False,0.21010255659251054,False,0.15432346279320558,False
207,0.20178402631228526,False,0.14966991538736607,False,0.20513584270988655,False,0.16397703995565333,False,0.14966991538736607,False
208,0.10874511916744045,False,0.18839990472839369,False,0.22107524458984074,False,0.15762824408458942,False,0.10874511916744045,False
209,0.15982237840059332,False,0.14163941066217411,False,0.2108084489824964,False,0.15087437965923584,False,0.14163941066217411,False
210,0.15503166830135506,False,0.18372603445773295,False,0.23119642118794315,False,0.21186008474545293,False,0.15503166830135506,False
211,0.15496604552854554,False,0.16557488336724735,False,0.21564979468397555,False,0.18820291257148908,False,0.15496604552854554,False
212,0.1354887637283253,False,0.17910743438010457,False,0.29289648847407246,False,0.17790046976406265,False,0.1354887637283253,False
213,0.22919200288598135,False,0.17986283439694561,False,0.2375931428778607,False,0.20813228415706747,False,0.17986283439694561,False
214,0.17232010249789287,False,0.1650665493861047,False,0.17677915954160323,False,0.18364917992466306,False,0.1650665493861047,False
215,0.19020966292376812,False,0.21005990789867518,False,0.16405236121724492,False,0.11769120767685537,False,0.11769120767685537,False
216,0.17532113069090316,False,0.2288388115946402,False,0.2581187945997754,False,0.20609943139107534,False,0.17532113069090316,False
217,0.15854716631272392,False,0.16800550219581994,False,0.19620498892646554,False,0.13909447525753227,False,0.13909447525753227,False
218,0.21442297392235526,False,0.18202669213703532,False,0.2231092497775935,False,0.19409275921544644,False,0.18202669213703532,False
219,0.13052691727607324,False,0.20752450121904542,False,0.2346536409042449,False,0.06776494248687293,False,0.06776494248687293,False
220,0.16504304905779954,False,0.11455306854306102,False,0.1812061390159187,False,0.15979602402511062,False,0.11455306854306102,False
221,0.18326150387504198,False,0.1897673843248554,False,0.12728236066101384,False,0.12383555605435415,False,0.12383555605435415,False
222,0.2050617315901847,False,0.2175331901676693,False,0.26053099271138414,False,0.09413067022323551,False,0.09413067022323551,False
223,0.13675453904894563,False,0.21167348059956154,False,0.23238988055212306,False,0.19553204872983432,False,0.13675453904894563,False
224,0.10360819790816123,False,0.15635699231342287,False,0.26048660618046454,False,0.1621996038437974,False,0.10360819790816123,False
225,0.21608053743864636,False,0.13545551263162398,False,0.2062284852322553,False,0.22263180965460955,False,0.13545551263162398,False
226,0.18536014970981574,False,0.220919686798687,False,0.2004990785175792,False,0.22285203630506073,False,0.18536014970981574,False
227,0.20653890713035716,False,0.21318562342196146,False,0.26410862186455736,False,0.1947087641809136,False,0.1947087641809136,False
228,0.15238193657929577,False,0.21225164925977236,False,0.2294715188569516,False,0.22793910559571412,False,0.15238193657929577,False
229,0.14672851843685902,False,0.20691562463605379,False,0.25547724107987424,False,0.15311292396796167,False,0.14672851843685902,False
230,0.1236831990490469,False,0.1474180695004888,False,0.18098530122269052,False,0.17021340615445674,False,0.1236831990490469,False
231,0.20562275328339452,False,0.12684484989761596,False,0.13951273196338998,False,0.17728150544844484,False,0.12684484989761596,False
232,0.21162037218327862,False,0.21822256343282054,False,0.24366373668228997,False,0.13489306425015407,False,0.13489306425015407,False
233,0.006486190586797114,False,0.056737233905290285,False,0.19169373708874482,False,0.14801428422874696,False,0.006486190586797114,False
234,0.19446845900831977,False,0.2182918423556517,False,0.24135807834871892,False,0.21504604876441985,False,0.19446845900831977,False
235,0.17419178503497507,False,0.054910033534391944,False,0.271619600591745,False,0.21213264741798027,False,0.054910033534391944,False
236,0.06482545245162086,False,0.20523170423498754,False,0.18317155263201756,False,0.1404994794634914,False,0.06482545245162086,False
237,0.1568633480572854,False,0.1675482683692356,False,0.21241711508467576,False,0.1898214920182943,False,0.1568633480572854,False
238,0.25299473967813235,False,0.2105748039376945,False,0.23308604529470173,False,0.16010039628872275,False,0.16010039628872275,False
239,0.23784710666694725,False,0.22989736903690422,False,0.19246329255721445,False,0.22677897365127786,False,0.19246329255721445,False
240,0.1714351573598561,False,0.14586772995411712,False,0.1680123980089347,False,0.13444167261671452,False,0.13444167261671452,False
241,0.18144324026048975,False,0.14703443421750012,False,0.19507856859716421,False,0.1319714993330353,False,0.1319714993330353,False
242,0.1799090830470334,False,0.22279790491940693,False,0.2598631155113317,False,0.17581303801702147,False,0.17581303801702147,False
243,0.18391774655060467,False,0.2216569482557622,False,0.2631549962248896,False,0.1941107228191653,False,0.18391774655060467,False
244,0.21335537602004756,False,0.21827079413841582,False,0.1396768344707625,False,0.18239896635431746,False,0.1396768344707625,False
245,0.17845416138112402,False,0.19018905634869082,False,0.2886702611506493,False,0.21622178992647229,False,0.17845416138112402,False
246,0.24103364427480883,False,0.22583410601386184,False,0.2679359859365986,False,0.18011217346906333,False,0.18011217346906333,False
247,0.205291325902193,False,0.23846000055620503,False,0.2582019775948108,False,0.22426045750607376,False,0.205291325902193,False
248,0.2550707889153131,False,0.12685607647542274,False,0.27128520804572426,False,0.2004222285199792,False,0.12685607647542274,False
249,0.15517950481232096,False,0.150419921325391,False,0.24762373793413395,False,0.2133039191110781,False,0.150419921325391,False
250,0.2228499585114907,False,0.16691977412146441,False,0.23245570129579368,False,0.21841625867504483,False,0.16691977412146441,False
251,0.1245970118163009,False,0.22850049740961254,False,0.2666140056403598,False,0.18657114722923895,False,0.1245970118163009,False
252,0.12032115063010407,False,0.20072566558572846,False,0.2835714642688795,False,0.1994205697509842,False,0.12032115063010407,False
253,0.24423415712749996,False,0.20020740294012507,False,0.28115470428595335,False,0.19440405958764645,False,0.19440405958764645,False
254,0.24947988431239587,False,0.21704289338665578,False,0.2118157357043371,False,0.175275665838233,False,0.175275665838233,False
255,0.24431009201869347,False,0.23206251175582998,False,0.25079254575088605,False,0.15423852261632626,False,0.15423852261632626,False
256,0.22550726953806932,False,0.22370391493048514,False,0.26895318849797795,False,0.21249690318447523,False,0.21249690318447523,False
257,0.2289905417756118,False,0.22796202013807276,False,0.2739167851606058,False,0.23545669971082756,False,0.22796202013807276,False
258,0.19646979862089403,False,0.17741004022892176,False,0.24511783263564002,False,0.2058964792982082,False,0.17741004022892176,False
259,0.26143511819548604,False,0.12818052179436168,False,0.17203880664090065,False,0.250245674411802,False,0.12818052179436168,False
260,0.24374475806906432,False,0.2352069916921437,False,0.25141150172756477,False,0.22474443731067906,False,0.22474443731067906,False
261,0.12912511767869306,False,0.2213894789628138,False,0.16867240310488407,False,0.24862231074810487,False,0.12912511767869306,False
262,0.23562908940014643,False,0.06682617210145603,False,0.2752868734749159,False,0.20788628723173286,False,0.06682617210145603,False
263,0.25278608359901716,False,0.20569361212490095,False,0.2756654788864793,False,0.11950139756050471,False,0.11950139756050471,False
264,0.21702057693703436,False,0.2261959619858464,False,0.21702418491930087,False,0.10446244469405952,False,0.10446244469405952,False
265,0.22769869756746886,False,0.24805327206863237,False,0.17370933259480642,False,0.16889725502360114,False,0.16889725502360114,False
266,0.24824087983067072,False,0.17689388685675062,False,0.28696800178777204,False,0.24246323679166898,False,0.17689388685675062,False
267,0.21179614721702322,False,0.22982028625008316,False,0.17845614804935567,False,0.23062345058535494,False,0.17845614804935567,False
268,0.23081974807840178,False,0.24027797016240626,False,0.16878352760114468,False,0.22349101326632448,False,0.16878352760114468,False
269,0.24866030049603738,False,0.17383960452579567,False,0.2375628096154584,False,0.188635815976041,False,0.17383960452579567,False
270,0.2091348640908871,False,0.1953931825864399,False,0.2445919964186809,False,0.1632289974839286,False,0.1632289974839286,False
271,0.21884930424642124,False,0.10961707504429408,False,0.2595074072304002,False,0.23945426047781182,False,0.10961707504429408,False
272,0.25518347798835905,False,0.2366845942739757,False,0.2403060089580526,False,0.23982920586653633,False,0.2366845942739757,False
273,0.24479892074315351,False,0.1991553803857425,False,0.22008238514056416,False,0.24330992366253185,False,0.1991553803857425,False
274,0.206076817120256,False,0.12470750148377618,False,0.26158514717301967,False,0.23364430090834093,False,0.12470750148377618,False
275,0.25369154620256745,False,-0.028630608964976267,True,0.28785881864500334,False,0.22236466994601772,False,-0.028630608964976267,True
276,0.25536085052638524,False,0.23548723051605985,False,0.20092256770322914,False,0.22824095050873372,False,0.20092256770322914,False
277,0.252391503316184,False,0.19864493838011088,False,0.19564461641025938,False,0.019781942683066434,False,0.019781942683066434,False
278,0.25251791712974025,False,0.2116734342831948,False,0.2735272408591542,False,0.2035479161419126,False,0.2035479161419126,False
279,0.24897936447058083,False,0.22281849848907997,False,0.1338884252063801,False,0.23161029790365711,False,0.1338884252063801,False
280,0.21474628757593722,False,0.22814005427933515,False,0.21118744640060128,False,0.24910361903369238,False,0.21118744640060128,False
281,0.21877904183413815,False,0.1436809846165118,False,0.23404956629115797,False,0.2466585443822475,False,0.1436809846165118,False
282,0.1732411617437758,False,0.15234486177635181,False,0.23601591656249277,False,0.24194827163135058,False,0.15234486177635181,False
283,0.2086703912181262,False,0.22324288788049912,False,0.24734265690785762,False,0.2449654571905157,False,0.2086703912181262,False
284,0.2152945521257998,False,0.22020548579688565,False,0.18489758572895504,False,0.214285081598865,False,0.18489758572895504,False
285,0.23979756071679598,False,0.16722350260499308,False,0.2543186322993706,False,0.2100161487941139,False,0.16722350260499308,False
286,0.2369664128233252,False,0.09851662277055762,False,0.17485239786108198,False,0.1933482376168837,False,0.09851662277055762,False
287,0.2284534632847744,False,0.21766098123705685,False,0.2728604884719024,False,0.19512708903061649,False,0.19512708903061649,False
288,0.2566620786395045,False,0.18108584136356215,False,0.25342291154949576,False,0.21994221300602845,False,0.18108584136356215,False
289,0.24726223236251466,False,0.21539527937156489,False,0.2661877082985982,False,0.21119124109493098,False,0.21119124109493098,False
290,0.2258111643513218,False,0.23026266318075178,False,0.26938120995054954,False,0.1349290780126136,False,0.1349290780126136,False
291,0.26396323025932994,False,0.18192006821031637,False,0.17762835931923432,False,0.17678950087922551,False,0.17678950087922551,False
292,0.23029727601234667,False,0.11586452058991237,False,0.26047475011565285,False,0.19572440170876532,False,0.11586452058991237,False
293,0.24045088565204298,False,0.233472644702497,False,0.25977960327388633,False,0.13576378883376533,False,0.13576378883376533,False
294,0.2593440725727495,False,0.18144344527664613,False,0.2508537981045095,False,0.2187266894430509,False,0.18144344527664613,False
295,0.19213595922676563,False,0.002343552947148164,False,0.24108117965617876,False,0.17435639012939697,False,0.002343552947148164,False
296,0.252673231011128,False,0.16552547448540633,False,0.2714924313701798,False,0.16837578630976935,False,0.16552547448540633,False
297,0.2659120878383416,False,0.16301057759802356,False,0.2594705721796301,False,0.21364299791672858,False,0.16301057759802356,False
298,0.21059189071811796,False,0.20600002210313134,False,0.24132726126374032,False,0.23364563563512936,False,0.20600002210313134,False
299,0.11887071296250162,False,0.24305065542280863,False,0.18663489030110336,False,0.22322856371283073,False,0.11887071296250162,False
300,0.17538549167335477,False,0.18834915592991208,False,0.21588676321118544,False,0.21159579500562575,False,0.17538549167335477,False
301,0.2595003034828226,False,0.2540464409705677,False,0.2474937014365115,False,0.21777028129946102,False,0.21777028129946102,False
302,0.24664422227839644,False,0.1552664980544835,False,0.23911252767570285,False,0.21545797711333364,False,0.1552664980544835,False
303,0.24994291468867513,False,0.22826003012899454,False,0.27107468209829183,False,0.24765344464771671,False,0.22826003012899454,False
304,0.2722300491434646,False,0.18810592472830012,False,0.2103679697790951,False,0.24892480231202113,False,0.18810592472830012,False
305,0.2122721634592552,False,0.2142344294392854,False,0.1786045359914482,False,0.23332803979472105,False,0.1786045359914482,False
306,0.25100286361662255,False,0.20809603887371975,False,0.22548718625719655,False,0.22940690000467984,False,0.20809603887371975,False
307,0.2604646348320252,False,0.22013188935399275,False,0.22679194185620066,False,0.16780539150583312,False,0.16780539150583312,False
308,0.23699799878275873,False,0.21185309241655315,False,0.2424460828071529,False,0.22003384139159687,False,0.21185309241655315,False
309,0.2604208148636559,False,0.23895817195711677,False,0.27099725492772614,False,0.13649993911269204,False,0.13649993911269204,False
310,0.20249964900467643,False,0.1836059694759415,False,0.2740715423167034,False,0.23422805174657763,False,0.1836059694759415,False
311,0.22896874361780528,False,0.1935900912764033,False,0.2564089923283165,False,0.23201744877754166,False,0.1935900912764033,False
312,0.21486450006401608,False,0.18126969344989402,False,0.2722556978558017,False,0.23461214337223996,False,0.18126969344989402,False
313,0.2598179725876987,False,0.20104015609515974,False,0.2416989387333276,False,0.19910432566808733,False,0.19910432566808733,False
314,0.25555052575486864,False,0.223281836299269,False,0.20352537635363765,False,0.2578916241796844,False,0.20352537635363765,False
315,0.245657553545154,False,0.21874080239002208,False,0.27486685622910617,False,0.23228510144603698,False,0.21874080239002208,False
316,0.18942252055792785,False,0.17763140908650682,False,0.2717359223582606,False,0.18201526617361363,False,0.17763140908650682,False
317,0.25232401500346147,False,0.23386468059067866,False,0.25785684520099733,False,0.23053048961434414,False,0.23053048961434414,False
318,0.25499349970663554,False,0.11813624942523437,False,0.26965259747595555,False,0.19158503675943367,False,0.11813624942523437,False
319,0.20967680381037984,False,0.23598547387079122,False,0.2559341763090128,False,0.23436783434409836,False,0.20967680381037984,False
320,0.21569978060680473,False,0.2082388099730091,False,0.21170663942813567,False,0.217477095046737,False,0.2082388099730091,False
321,0.23838252422701967,False,0.17234659944760344,False,0.24850384702065365,False,0.21297480109720945,False,0.17234659944760344,False
322,0.23418659206843162,False,0.22289265979924366,False,0.28182819233604683,False,0.22018056713017137,False,0.22018056713017137,False
323,0.22350974439324928,False,0.21593977517867663,False,0.23682038143775191,False,0.2404074797362154,False,0.21593977517867663,False
324,0.24771672679391205,False,0.19340702956496347,False,0.2640253941394887,False,0.22691086043442377,False,0.19340702956496347,False
325,0.21817717450085516,False,0.22113940661024223,False,0.2698206945764264,False,0.20768609380308145,False,0.20768609380308145,False
326,0.2627094885512802,False,0.2073816174068795,False,0.24319209422140103,False,0.2094205444692157,False,0.2073816174068795,False
327,0.24256588687651287,False,0.21603693369899601,False,0.24354468951489938,False,0.17829234192570187,False,0.17829234192570187,False
328,0.23712943139453263,False,0.24289126446399478,False,0.2769013397813876,False,0.2389513221338066,False,0.23712943139453263,False
329,0.2161320598697981,False,0.15896563469106678,False,0.23892922092933394,False,0.22632446779834353,False,0.15896563469106678,False
330,0.2010427444919436,False,0.22301493459177946,False,0.27953918839183817,False,0.24230981651874745,False,0.2010427444919436,False
331,0.2520913925768563,False,0.23343619870606064,False,0.27246493190184873,False,0.20304558856025595,False,0.20304558856025595,False
332,0.23982090095648068,False,0.17747586601921056,False,0.2820464488357741,False,0.24536695947522102,False,0.17747586601921056,False
333,0.21215205586383884,False,0.1654092475979686,False,0.26180001373238837,False,0.09687678997824134,False,0.09687678997824134,False
334,0.2205164908855083,False,0.1587361369413111,False,0.26088922976423334,False,0.2349190988915466,False,0.1587361369413111,False
335,0.21347038932472845,False,0.10897286922630312,False,0.2662230833561563,False,0.18422169724786852,False,0.10897286922630312,False
336,0.2415860203589988,False,0.23009961455554984,False,0.2623075738496847,False,0.22723143909934845,False,0.22723143909934845,False
337,0.20529241354596656,False,0.235850132376966,False,0.23566317280923604,False,0.22720201695900982,False,0.20529241354596656,False
338,0.232614859636251,False,0.21878481465063987,False,0.2577096094784236,False,0.20824365968191905,False,0.20824365968191905,False
339,0.1928453087747144,False,0.2171849892866235,False,0.20935512135188694,False,0.2448398730950237,False,0.1928453087747144,False
340,0.22260164098443008,False,0.24135968864573148,False,0.23494173706869942,False,0.2489270607912159,False,0.22260164098443008,False
341,0.20034772654040056,False,0.23294664516607766,False,0.23078227970024084,False,0.21348324024769844,False,0.20034772654040056,False
342,0.175402884280336,False,0.12975219483457068,False,0.2592567310661583,False,0.17598276992810924,False,0.12975219483457068,False
343,0.17482750663503194,False,0.2197803757665373,False,0.2508737626979431,False,0.12714285693428817,False,0.12714285693428817,False
344,0.25082961156204037,False,0.12097455558039938,False,0.2421592350149157,False,0.2321053983467265,False,0.12097455558039938,False
345,0.1414507956687543,False,0.2200727307347644,False,0.22329873278679696,False,0.2188907646276096,False,0.1414507956687543,False
346,0.2602644530045399,False,0.22951661272380025,False,0.23028763814006348,False,0.17667508838877088,False,0.17667508838877088,False
347,0.14930537140405103,False,0.09754602072849772,False,0.243342569907274,False,0.18609078825007636,False,0.09754602072849772,False
348,0.17663042191181216,False,0.22031476268788025,False,0.22402577292231307,False,0.24492699594289896,False,0.17663042191181216,False
349,0.24109349619364462,False,0.21972198977930907,False,0.2706848378063995,False,0.21780189592555194,False,0.21780189592555194,False
350,0.22696545782089445,False,0.23355333611107715,False,0.2422852175545508,False,0.17570735055092723,False,0.17570735055092723,False
351,0.21122861147304683,False,0.14105912141986277,False,0.26709211796088045,False,0.19191215736524092,False,0.14105912141986277,False
352,0.19815952920414748,False,0.20718415037157073,False,0.2810742687115564,False,0.16262363425895493,False,0.16262363425895493,False
353,0.16441586903562833,False,0.2156456789356554,False,0.24035755278738052,False,0.14626615028255052,False,0.14626615028255052,False
354,0.24455015931143975,False,0.19015841214209694,False,0.21856940979027256,False,0.2536880602866186,False,0.19015841214209694,False
355,0.24494704366565545,False,0.18517090729304408,False,0.2138352394819633,False,0.17634322107578654,False,0.17634322107578654,False
356,0.2653664607225664,False,0.24456310373311207,False,0.2720797927245356,False,0.22589671061533545,False,0.22589671061533545,False
357,0.25488148304995467,False,0.18026618870839284,False,0.26278933880663086,False,0.21241083447573916,False,0.18026618870839284,False
358,0.2334522414676674,False,0.2418520775418242,False,0.2733288298604733,False,0.2253687300167886,False,0.2253687300167886,False
359,0.23386566125692054,False,0.21433780324445978,False,0.251483985799165,False,0.21085335861524385,False,0.21085335861524385,False
360,0.24568162120342357,False,0.1958143928779968,False,0.2865083657231315,False,0.19093209653447618,False,0.19093209653447618,False
361,0.20644523033506812,False,0.21274075703706719,False,0.2609680489446261,False,0.21966205919830012,False,0.20644523033506812,False
362,0.2603734057763205,False,0.2080916557287178,False,0.2815072040847507,False,0.19106451019762893,False,0.19106451019762893,False
363,0.24750034423621958,False,0.24061093042197024,False,0.2856270192870148,False,0.22182425450411286,False,0.22182425450411286,False
364,0.24897820063415388,False,0.21566545379683494,False,0.232614336720601,False,0.19555470744108794,False,0.19555470744108794,False
365,0.23116232951506788,False,0.22738878539210672,False,0.24836238842457498,False,0.22866559238591744,False,0.22738878539210672,False
366,0.2234541872547039,False,0.2152703868032812,False,0.18308718916654837,False,0.1763765818212754,False,0.1763765818212754,False
367,0.21504088219635198,False,0.2113336770843146,False,0.28213654029750146,False,0.23659729945555852,False,0.2113336770843146,False
368,0.24551677555160217,False,0.22882404560460973,False,0.27787745756316967,False,0.17432774735887202,False,0.17432774735887202,False
369,0.176279509198439,False,0.20372871395792808,False,0.19021520576669476,False,0.20858232129420157,False,0.176279509198439,False
370,0.17619274964907689,False,0.2311649644549984,False,0.26733143747311355,False,0.14185437308550297,False,0.14185437308550297,False
371,0.22220793565591795,False,0.24649683181694476,False,0.23822682128555417,False,0.20139443457034195,False,0.20139443457034195,False
372,0.23272468503783572,False,0.24864099523841104,False,0.2445798506302655,False,0.2318607686255001,False,0.2318607686255001,False
373,0.24518696798940692,False,0.23894624243295398,False,0.27758362768437256,False,0.10356159800091325,False,0.10356159800091325,False
374,0.24008280164775847,False,0.2436969048003571,False,0.206262305286675,False,0.19146818966415746,False,0.19146818966415746,False
375,0.23188583099240617,False,0.24873744851137142,False,0.2602061284475692,False,0.20445662925826275,False,0.20445662925826275,False
376,0.23331309614397577,False,0.23372066174837214,False,0.2577050075271022,False,0.195616815239667,False,0.195616815239667,False
377,0.22255803118143402,False,0.23361041217272138,False,0.25331104214565925,False,0.22463834809646105,False,0.22255803118143402,False
378,0.23681508271247842,False,0.16212067822109355,False,0.26553779937194716,False,0.15910920107625437,False,0.15910920107625437,False
379,0.2473481144499884,False,0.19271761459185455,False,0.20444716688209014,False,0.24581531854478494,False,0.19271761459185455,False
380,0.24452298292343855,False,0.24044280933867174,False,0.24250296419377165,False,0.21207138698879419,False,0.21207138698879419,False
381,0.2638820735631964,False,0.1444295623259163,False,0.232018859979222,False,0.22525199450343247,False,0.1444295623259163,False
382,0.2500932447578023,False,0.21819863131518286,False,0.2636066441301835,False,0.22421806734295213,False,0.21819863131518286,False
383,0.2648701785999824,False,0.23064220536889735,False,0.26660138292317764,False,0.23280849309768958,False,0.23064220536889735,False
384,0.10637152886254897,False,0.1443416825390038,False,0.26394795373899466,False,0.22368315276044087,False,0.10637152886254897,False
385,0.11073250739319473,False,0.2227171890942558,False,0.14071746416075825,False,0.1965110025661042,False,0.11073250739319473,False
386,0.23278598984561505,False,0.19393550428108308,False,0.2751034344684615,False,0.18115836454043638,False,0.18115836454043638,False
387,0.26044001850538423,False,0.23013970622979996,False,0.14988341434621932,False,0.18479223870982942,False,0.14988341434621932,False
388,0.09357444470111798,False,0.15422553653563015,False,0.2339887324570014,False,0.2212139639686213,False,0.09357444470111798,False
389,0.23637565283666023,False,0.17993562880136071,False,0.21035438500786424,False,0.23074075344827788,False,0.17993562880136071,False
390,0.2432762233275651,False,0.21316839942220406,False,0.2553523731721881,False,0.1113614987460444,False,0.1113614987460444,False
391,0.2204885480859421,False,0.17169752686117745,False,0.281422287613691,False,0.2040332833732073,False,0.17169752686117745,False
392,0.237344346872714,False,0.16939566908506148,False,0.25890501003794303,False,0.1675449081120205,False,0.1675449081120205,False
393,0.16694039722873588,False,0.2450909691127472,False,0.2885817039501915,False,0.11768785236272383,False,0.11768785236272383,False
394,0.1702836423256781,False,0.20884515821459093,False,0.180815814965535,False,0.13000742433159068,False,0.13000742433159068,False
395,0.2527872794099297,False,0.23733511493121268,False,0.27865544585786145,False,0.22222522994978672,False,0.22222522994978672,False
396,0.11431621257514857,False,0.20983144689075028,False,0.26300271804485936,False,0.18804715667894467,False,0.11431621257514857,False
397,0.25177809979215926,False,0.23780292061586655,False,0.2683570623098057,False,0.2414661052999733,False,0.23780292061586655,False
398,0.10061937159959389,False,0.17245791666775706,False,0.2516764141194628,False,0.21726156086326776,False,0.10061937159959389,False
399,0.16335414157433858,False,0.19636919454875007,False,0.1322068668646027,False,0.210667170779625,False,0.1322068668646027,False
400,0.1639702603555394,False,0.1749713217339698,False,0.2298635165237205,False,0.0883019353518153,False,0.0883019353518153,False
401,0.1420008560583872,False,0.19518317980164657,False,0.2763088878238226,False,0.21829671177468984,False,0.1420008560583872,False
402,0.17563732457893244,False,0.23550783215255333,False,0.2898426986411147,False,0.23304112643230507,False,0.17563732457893244,False
403,0.24556377855060862,False,0.24723461514248435,False,0.2324199291019558,False,0.23802103183649226,False,0.2324199291019558,False
404,0.23787239211373667,False,0.23188648340367074,False,0.2842225626819034,False,0.1875110827307206,False,0.1875110827307206,False
405,0.21222040514815704,False,0.2434423607821476,False,0.24044996020817627,False,0.21201300803725937,False,0.21201300803725937,False
406,0.1714111550285748,False,0.23332758395437309,False,0.24043854331432907,False,0.058898511422713296,False,0.058898511422713296,False
407,0.1808928742365754,False,0.2210058399606621,False,0.257123491771175,False,0.22970788157299282,False,0.1808928742365754,False
408,0.2238300104617411,False,0.2359294173096002,False,0.2472791210893137,False,0.2444951427888476,False,0.2238300104617411,False
409,0.24924663844192607,False,0.2161629624247885,False,0.25769900017651753,False,0.24021661752278722,False,0.2161629624247885,False
410,0.22652236979387003,False,0.159074254475904,False,0.2145193884323895,False,0.20296605053564448,False,0.159074254475904,False
411,0.1610128540788387,False,0.1517632593502562,False,0.203562918837696,False,0.22772111610308066,False,0.1517632593502562,False
412,0.2548924576538066,False,0.2130214416959189,False,0.25334250296644145,False,0.23790258784602314,False,0.2130214416959189,False
413,0.21836788677350105,False,0.03332471563028183,False,0.28192689883264016,False,0.19835236462991002,False,0.03332471563028183,False
414,0.24305664514010344,False,0.22057805563821392,False,0.2002558395630561,False,0.23942421215661436,False,0.2002558395630561,False
415,0.2333411009838327,False,0.21387054243833403,False,0.26701738769697014,False,0.228956656964725,False,0.21387054243833403,False
416,0.22038530515584343,False,0.15477862935943176,False,0.26451382134831875,False,0.23538183343475544,False,0.15477862935943176,False
417,0.23990443482204943,False,0.23052294729174427,False,0.2507973025018879,False,0.2028333624286211,False,0.2028333624286211,False
418,0.22394082451639058,False,0.1952986627151332,False,0.2763960291321085,False,0.2110806012345206,False,0.1952986627151332,False
419,0.22988079911529874,False,0.1636224257593854,False,0.2272639057269526,False,0.13818224582293565,False,0.13818224582293565,False
420,0.1545052603502584,False,0.2181319693473906,False,0.2673881498371149,False,0.24407610018412418,False,0.1545052603502584,False
421,0.140314915455941,False,0.23839979107309894,False,0.2527376877737962,False,0.2241925931256485,False,0.140314915455941,False
422,0.25975056182832446,False,0.24293998667763173,False,0.2623068930734123,False,0.17123107583307257,False,0.17123107583307257,False
423,0.2305839898257359,False,0.17170306142028197,False,0.22797309271790356,False,0.15643372979706194,False,0.15643372979706194,False
424,0.17775248735851484,False,0.2193772432058329,False,0.2228243120897721,False,0.1624037292281309,False,0.1624037292281309,False
425,0.2110667913431959,False,0.2185736233123048,False,0.27435592696395567,False,0.21407069816819652,False,0.2110667913431959,False
426,0.2320146294096998,False,0.23178622762988327,False,0.26790790360054917,False,0.21618842745422362,False,0.21618842745422362,False
427,0.19391087213726022,False,0.2262781117934905,False,0.23761638117681794,False,0.11873416525931302,False,0.11873416525931302,False
428,0.23664570719617045,False,0.24549267389238627,False,0.24276299254332828,False,0.24436992539659824,False,0.23664570719617045,False
429,0.12257127829103132,False,0.17515992065004105,False,0.24996308112622778,False,0.20468860288048119,False,0.12257127829103132,False
430,0.16849143544825068,False,0.23997389802701946,False,0.14768086467795027,False,0.20322532855493408,False,0.14768086467795027,False
431,0.24119169759178238,False,0.08808124202960488,False,0.26022655730642835,False,0.09521647279335499,False,0.08808124202960488,False
432,0.19692848777001454,False,0.22890678088714195,False,0.25914703008713175,False,0.2534893714052044,False,0.19692848777001454,False
433,0.2367037904617536,False,0.2253147428478069,False,0.26337179625929524,False,0.16847553247020564,False,0.16847553247020564,False
434,0.21635083399411797,False,0.18842322971269315,False,0.16626566580023833,False,0.22750436601011742,False,0.16626566580023833,False
435,0.25471683361474556,False,0.20246913261990013,False,0.25914425793384804,False,0.17329613797170612,False,0.17329613797170612,False
436,0.17556212960300432,False,0.23355359722341812,False,0.26584779121761626,False,0.23378486329034665,False,0.17556212960300432,False
437,0.2657695799785292,False,0.23012529347861121,False,0.2760830657176807,False,0.24076132451885462,False,0.23012529347861121,False
438,0.2552314052843023,False,0.24365853602464166,False,0.2699932363358507,False,0.22777204824157282,False,0.22777204824157282,False
439,0.23729925032422977,False,0.24006483750763669,False,0.2717516399966691,False,0.20425153746808922,False,0.20425153746808922,False
440,0.25254990165870717,False,0.18796645985270072,False,0.25373689513229275,False,0.09062311967859915,False,0.09062311967859915,False
441,0.24961154093239013,False,0.2034463340385751,False,0.2562047377411562,False,0.24993923411160418,False,0.2034463340385751,False
442,0.24931352370422388,False,0.19276155290014851,False,0.2338320357050902,False,0.22894354419587948,False,0.19276155290014851,False
443,0.1999097874178612,False,0.1931605135029813,False,0.23503724032016543,False,0.24337704800773008,False,0.1931605135029813,False
444,0.22612460604426515,False,0.18699796089596588,False,0.2956787645095136,False,0.22819335530035678,False,0.18699796089596588,False
445,0.2643701638462677,False,0.2255920028405492,False,0.2809107080853445,False,0.1940712954081203,False,0.1940712954081203,False
446,0.17513454535603679,False,0.22099420024034044,False,0.2711453820402212,False,0.2444837430859041,False,0.17513454535603679,False
447,0.24307764050788516,False,0.23098429677635857,False,0.2872661023128644,False,0.20290622727697066,False,0.20290622727697066,False
448,0.2332121641580142,False,0.18178439824417597,False,0.17470921477317142,False,0.16804850801376064,False,0.16804850801376064,False
449,0.23098620892138566,False,0.20985704854453502,False,0.2732188361523319,False,0.24875772013802683,False,0.20985704854453502,False
450,0.2372372724569079,False,0.15864541000957766,False,0.2439703560325724,False,0.20160561736911753,False,0.15864541000957766,False
451,0.25071240513878457,False,0.22559840789209595,False,0.28841150296250007,False,0.14839050061667147,False,0.14839050061667147,False
452,0.1996344288256256,False,0.17563372535794858,False,0.2754141025378906,False,0.18690722066154852,False,0.17563372535794858,False
453,0.17698771213088005,False,0.24163144085134408,False,0.23410563782550353,False,0.24828079615597526,False,0.17698771213088005,False
454,0.16500948040791136,False,0.22103452150516267,False,0.2492673769411573,False,0.16202484338045908,False,0.16202484338045908,False
455,0.24546208870735076,False,0.18495258491715333,False,0.2565896071392683,False,0.25033508118825337,False,0.18495258491715333,False
456,0.24661517016361073,False,0.15465787209418713,False,0.22865607047343195,False,0.11629852646412986,False,0.11629852646412986,False
457,0.24841745954494016,False,0.1823945196793163,False,0.2264803506947966,False,0.16725983511675058,False,0.16725983511675058,False
458,0.19633350695921908,False,0.20286622437992646,False,0.26362767253022906,False,0.2028940696635717,False,0.19633350695921908,False
459,0.23486944914456337,False,0.18777540806117188,False,0.2439484664669852,False,0.21723735930087307,False,0.18777540806117188,False
460,0.24456082988001648,False,0.20437599075286772,False,0.2826122043707533,False,0.1754942089121071,False,0.1754942089121071,False
461,0.25803620465278326,False,0.18601797401083403,False,0.2402154755957157,False,0.233977509284925,False,0.18601797401083403,False
462,0.1868864512867644,False,0.21364009644508863,False,0.2088288186527007,False,0.15205328038721333,False,0.15205328038721333,False
463,0.2591441085402748,False,0.24000209408011347,False,0.2673397974201724,False,0.1595476008544905,False,0.1595476008544905,False
464,0.1330997754570451,False,0.22847489266166088,False,0.20160800941895823,False,0.21116796643578206,False,0.1330997754570451,False
465,0.23378729806534765,False,0.21846285057792153,False,0.28353761299802765,False,0.16355514533687276,False,0.16355514533687276,False
466,0.2302242556646137,False,0.1812593623227195,False,0.27930092025128495,False,0.21915663703409738,False,0.1812593623227195,False
467,0.25692406883554264,False,0.21103008696207265,False,0.23914508433774212,False,0.16595100232449073,False,0.16595100232449073,False
468,0.2484464839050386,False,0.17525669808634003,False,0.19509464912544328,False,0.11689483259554423,False,0.11689483259554423,False
469,0.17445605406004022,False,0.20181226399670976,False,0.24910387060229094,False,0.20101303496272355,False,0.17445605406004022,False
470,0.13492123203978057,False,0.0904302843414877,False,0.22595276424191224,False,0.21736874915551602,False,0.0904302843414877,False
471,0.2730661407051577,False,0.22506860763129727,False,0.29030915672835833,False,0.11688690737313734,False,0.11688690737313734,False
472,0.20776556718984257,False,0.20321918525887306,False,0.28506594436569793,False,0.2520760598332184,False,0.20321918525887306,False
473,0.16675491319711,False,0.25758939003148834,False,0.23434634537667592,False,0.2089176168696943,False,0.16675491319711,False
474,0.21806578633315554,False,0.19612710865608274,False,0.2531349423169549,False,0.15420887034130926,False,0.15420887034130926,False
475,0.2337675866969991,False,0.2093251194370639,False,0.2709711655590694,False,0.1884875342931775,False,0.1884875342931775,False
476,0.23492763121692978,False,0.1958412539775916,False,0.21378884202271914,False,0.1894250064999327,False,0.1894250064999327,False
477,0.21779393105394185,False,0.17422034210561582,False,0.27007996478014307,False,0.17318130754662597,False,0.17318130754662597,False
478,0.24245912999251995,False,0.13344702542057502,False,0.17119057872692772,False,0.21563085814164212,False,0.13344702542057502,False
479,0.22033002187606238,False,0.2374801863337635,False,0.25981084945121774,False,0.2362261688569321,False,0.22033002187606238,False
480,0.25318287682246843,False,0.16871546188048325,False,0.2594028851964275,False,0.2428274660621278,False,0.16871546188048325,False
481,0.23335138974620306,False,0.23358166179731127,False,0.13659217950461655,False,0.2242837730864855,False,0.13659217950461655,False
482,0.26057948884066373,False,0.15655831460157182,False,0.25496386701867024,False,0.16150224303866445,False,0.15655831460157182,False
483,0.24252518596361738,False,0.17648696196057445,False,0.2554072186263555,False,0.17839443434608965,False,0.17648696196057445,False
484,0.22921474855194962,False,0.22757377655753913,False,0.2606578103837574,False,0.23545832334196792,False,0.22757377655753913,False
485,0.16335617429954108,False,0.19211291535842767,False,0.2294032605047321,False,0.22568909217977773,False,0.16335617429954108,False
486,0.14249706854155586,False,0.20907283142648053,False,0.27584834954751014,False,0.18653796145976642,False,0.14249706854155586,False
487,0.2284262511544713,False,0.1592602342034647,False,0.13632242453506305,False,0.22563214279218885,False,0.13632242453506305,False
488,0.12966108138332733,False,0.17050108636711003,False,0.1670344533642924,False,0.09076390400544887,False,0.09076390400544887,False
489,0.23219087804782718,False,0.21537122646322898,False,0.2432617684147343,False,0.20581669185637186,False,0.20581669185637186,False
490,0.2395213269160661,False,0.20483142043768104,False,0.2334473688086101,False,0.1782201838593409,False,0.1782201838593409,False
491,0.24987211516062946,False,0.22909988103797357,False,0.25279045636603636,False,0.18859088882945624,False,0.18859088882945624,False
492,0.18249526446503667,False,0.1667388355526676,False,0.2484320768289301,False,0.25451634125806194,False,0.1667388355526676,False
493,0.2412363528445396,False,0.20880834252098274,False,0.1656816500719927,False,0.24530795470098943,False,0.1656816500719927,False
494,0.2005980306188272,False,0.13888250863667756,False,0.17767573683664883,False,0.10689513840979148,False,0.10689513840979148,False
495,0.24746474177481836,False,0.22987411437442629,False,0.27112351262327267,False,0.2163033282867291,False,0.2163033282867291,False
496,0.2469253077677065,False,0.17233233261271946,False,0.2532689461790488,False,0.23739908881916966,False,0.17233233261271946,False
497,0.24716113712141197,False,0.25020624252134316,False,0.2484368523679517,False,0.22501981415079525,False,0.22501981415079525,False
498,0.23740331954058003,False,0.24594855537828808,False,0.2710398551438392,False,0.1390741119422435,False,0.1390741119422435,False
499,0.22557046009453752,False,0.2324303651685598,False,0.22941896507410858,False,0.19176104548822337,False,0.19176104548822337,False
500,0.1902962286419796,False,0.11782342993609796,False,0.26104149927177367,False,0.19153638390788474,False,0.11782342993609796,False
501,0.26552550036082173,False,0.24794893512787602,False,0.21203686778510056,False,0.14676557449771505,False,0.14676557449771505,False
502,0.2360309337777985,False,0.24769415364938868,False,0.2832923837400118,False,0.2303927359280059,False,0.2303927359280059,False
503,0.23020993775688975,False,0.14530920885413257,False,0.21361760184559503,False,0.250223350437215,False,0.14530920885413257,False
504,0.22900308688156173,False,0.23714120483907364,False,0.23133963247616907,False,0.23811658804474178,False,0.22900308688156173,False
505,0.2504711158520599,False,0.2432756824940987,False,0.267513648275193,False,0.23912288850143715,False,0.23912288850143715,False
506,0.24124672152568344,False,0.24746881305498936,False,0.2555607160144008,False,0.18558638973394354,False,0.18558638973394354,False
507,0.22094487730175516,False,0.2415639829139472,False,0.260668046240697,False,0.23899926696754042,False,0.22094487730175516,False
508,0.2233222544264873,False,0.245606299564313,False,0.20245935947719906,False,0.20854026274378212,False,0.20245935947719906,False
509,0.16233039667193322,False,0.23409384102201464,False,0.26208421682200395,False,0.2516326351487213,False,0.16233039667193322,False
510,0.16662265957522399,False,0.17312665205789135,False,0.22280095729133542,False,0.21962095862330772,False,0.16662265957522399,False
511,0.20634001693161358,False,0.2206648498034567,False,0.2745617141814297,False,0.24673510809557958,False,0.20634001693161358,False
512,0.14833768372943607,False,0.19314247567878545,False,0.25025787976671865,False,0.1927068066879697,False,0.14833768372943607,False
513,0.2012817250848109,False,0.20786088265318636,False,0.2852743867742528,False,0.1166121068638899,False,0.1166121068638899,False
514,0.1359969870032477,False,0.2572306185803601,False,0.2592441109023352,False,0.1785595821653539,False,0.1359969870032477,False
515,0.1734336275562297,False,0.23994821443807945,False,0.26473179780209494,False,0.19578511100011992,False,0.1734336275562297,False
516,0.22894855602380182,False,0.2058108958133653,False,0.25772666724260423,False,0.23852616843407282,False,0.2058108958133653,False
517,0.23286900593700854,False,0.23246201717151765,False,0.25710846137936955,False,0.21229878916564748,False,0.21229878916564748,False
518,0.1987197318365751,False,0.21194508346136637,False,0.22931005748972344,False,0.2083342844211291,False,0.1987197318365751,False
519,0.17352691421775635,False,0.1484454863075259,False,0.2611494679163995,False,0.22662304445714737,False,0.1484454863075259,False
520,0.16908321485377126,False,0.2018445342763397,False,0.23892173627665858,False,0.21869563125084002,False,0.16908321485377126,False
521,0.177151238777211,False,0.2130486310961368,False,0.25132314066522465,False,0.20378206681617672,False,0.177151238777211,False
522,0.21796272907373493,False,0.22227687393011025,False,0.23889911220475996,False,0.22547513547453635,False,0.21796272907373493,False
523,0.17026369169486527,False,0.21198841968534338,False,0.2810732305459587,False,0.23844446330523822,False,0.17026369169486527,False
524,0.17666752141756775,False,0.17878451473257428,False,0.20697102594657146,False,0.24083741251096102,False,0.17666752141756775,False
525,0.1862937763713805,False,0.1342092448885427,False,0.24897324207377625,False,0.2213632638577479,False,0.1342092448885427,False
526,0.09436656240570407,False,0.2146467564859995,False,0.24882847542431996,False,0.2405619246696305,False,0.09436656240570407,False
527,0.2520801168902891,False,0.24492796408432593,False,0.22731219460391155,False,0.21907655068563336,False,0.21907655068563336,False
528,0.2313316151763073,False,0.24808795211539358,False,0.21682187154642624,False,0.24276645584619067,False,0.21682187154642624,False
529,0.24131158851040913,False,0.210927064265015,False,0.2898352989871755,False,0.23605136043148867,False,0.210927064265015,False
530,0.18265040351673129,False,0.24006712275223263,False,0.16103841182922213,False,0.1823719363924008,False,0.16103841182922213,False
531,0.18915518743018045,False,0.19060974859856522,False,0.2397192045677332,False,0.18680349791863576,False,0.18680349791863576,False
532,0.22362749229867968,False,0.21638945075197874,False,0.24645736715888056,False,0.22432785737481992,False,0.21638945075197874,False
533,0.18753153356906005,False,0.24394182984080914,False,0.2734405469649755,False,0.23910855946167736,False,0.18753153356906005,False
534,0.20567896864551793,False,0.10057313012061575,False,0.25497793265861163,False,0.2385183313320638,False,0.10057313012061575,False
535,0.2610778811264462,False,0.22590032719648,False,0.27504512203892356,False,0.24291392915707555,False,0.22590032719648,False
536,0.13699373115163482,False,0.2242662291205551,False,0.2403756459085603,False,0.1914727396783033,False,0.13699373115163482,False
537,0.23792659421816176,False,0.15369466825972755,False,0.288661056586667,False,0.2400804329612976,False,0.15369466825972755,False
538,0.17078481218181546,False,0.2140618552774407,False,0.2338478558514978,False,0.16606273010909434,False,0.16606273010909434,False
539,0.24447640322845499,False,0.2522043345773726,False,0.25933946544435965,False,0.2352984477848038,False,0.2352984477848038,False
540,0.247616718363726,False,0.2061315183668515,False,0.22072544098112018,False,0.1838710218683564,False,0.1838710218683564,False
541,0.24912084049744176,False,0.21246777037012277,False,0.24545144517637368,False,0.2360984656886178,False,0.21246777037012277,False
542,0.22825927127753093,False,0.20738706000993729,False,0.2722374395591357,False,0.20778376755437994,False,0.20738706000993729,False
543,0.2393962618582357,False,0.22732459284609663,False,0.1873876418087626,False,0.21902110974324746,False,0.1873876418087626,False
544,0.18713277514317833,False,0.23179649740189973,False,0.2764815054312439,False,0.1202305638208988,False,0.1202305638208988,False
545,0.1777650433301698,False,0.2348675393492346,False,0.21785105037568414,False,0.1791138522482026,False,0.1777650433301698,False
546,0.22010794910820342,False,0.20261128081468444,False,0.2663258185702286,False,0.22441587514689504,False,0.20261128081468444,False
547,0.2626688375144005,False,0.11272247753570275,False,0.23713895677018315,False,0.2300386537293478,False,0.11272247753570275,False
548,0.17493916314190705,False,0.2186387603958539,False,0.28342271676744085,False,0.18533151511659807,False,0.17493916314190705,False
549,0.26095712921558717,False,0.10068584834055849,False,0.26256426778548936,False,0.214171762051296,False,0.10068584834055849,False
550,0.20516779362146642,False,0.23573551034713403,False,0.25556064477901597,False,0.1592123403154458,False,0.1592123403154458,False
551,0.22120946604253106,False,0.1669150365017979,False,0.272581530796933,False,0.20831764727594348,False,0.1669150365017979,False
552,0.23098886824963422,False,0.16428768172623387,False,0.20794899344243134,False,0.185378138298525,False,0.16428768172623387,False
553,0.24489865596821375,False,0.23412268265562142,False,0.2374517608685649,False,0.16059567240768052,False,0.16059567240768052,False
554,0.17715487282792391,False,0.207362338040328,False,0.2744825505029344,False,0.15371763984466424,False,0.15371763984466424,False
555,0.21391934457011713,False,0.2321051928785517,False,0.2506409938335087,False,0.1265021735353989,False,0.1265021735353989,False
556,0.1917529193647745,False,0.2526243854680902,False,0.22905355911364844,False,0.19207283148152765,False,0.1917529193647745,False
557,0.17270738606010638,False,0.19083479432741124,False,0.18320274388072055,False,0.22814000318704025,False,0.17270738606010638,False
558,0.23467106471276494,False,0.14971662970828198,False,0.2945605694500664,False,0.031458530299114495,False,0.031458530299114495,False
559,0.20270256142316173,False,0.1732528378456381,False,0.2836461861711596,False,0.21426551209566247,False,0.1732528378456381,False
560,0.250596754538856,False,0.21275790205018713,False,0.27028034972765846,False,0.23798222084203624,False,0.21275790205018713,False
561,0.20678654875990438,False,0.12352739475624164,False,0.20957193524015683,False,0.21844729182774308,False,0.12352739475624164,False
562,0.2187959667239221,False,0.24931930524783757,False,0.25225184851001925,False,0.21132744887685445,False,0.21132744887685445,False
563,0.2389746158361042,False,0.235229079654508,False,0.2872988689666063,False,0.2112806722043244,False,0.2112806722043244,False
564,0.22266734762680773,False,0.20668770414508048,False,0.2539467817273263,False,0.19325610165464419,False,0.19325610165464419,False
565,0.16402048554527088,False,0.21736768601774342,False,0.22634344228040687,False,0.14078148450074784,False,0.14078148450074784,False
566,0.12609042261833314,False,0.1811930441948842,False,0.18142094686855936,False,0.23011084909785562,False,0.12609042261833314,False
567,0.18221037903499065,False,0.26280632561576234,False,0.18719901202776418,False,0.2104035405575485,False,0.18221037903499065,False
568,0.23811021494921042,False,0.1544063313251114,False,0.23397064443894527,False,0.2012478037981541,False,0.1544063313251114,False
569,0.22555030019614486,False,0.2522786647090604,False,0.1556727679293446,False,0.15178592976881772,False,0.15178592976881772,False
570,0.21156143812102846,False,0.15520966985121826,False,0.1430404077974785,False,0.13226652007750583,False,0.13226652007750583,False
571,0.21923306478686833,False,0.2054324181510604,False,0.23362920918998847,False,0.19237946474262463,False,0.19237946474262463,False
572,0.16051872391480743,False,0.1757611068217258,False,0.24256462234688497,False,0.1783001165562748,False,0.16051872391480743,False
573,0.2112990152914339,False,0.21807969824958073,False,0.24699331851907003,False,0.20766184121776632,False,0.20766184121776632,False
574,0.18270861689588624,False,0.19458009764839718,False,0.20087541281079446,False,0.04947387219358834,False,0.04947387219358834,False
575,0.20660057148144134,False,0.166781471167337,False,0.18236744109407854,False,0.20639372984241927,False,0.166781471167337,False
576,0.23433169992475944,False,0.17596939786968407,False,0.23212514286595387,False,0.2057524697423509,False,0.17596939786968407,False
577,0.1952672002435884,False,0.21821396135670557,False,0.2528568933743264,False,0.20589308222442515,False,0.1952672002435884,False
578,0.210612008895309,False,0.21882798753024968,False,0.2707200088753394,False,0.23958201120065725,False,0.210612008895309,False
579,0.14161288045903997,False,0.14838864845637506,False,0.24473746037424549,False,0.185958184263133,False,0.14161288045903997,False
580,0.10660003550898067,False,-0.00399037393703594,True,0.25977413202416166,False,0.07845727664417312,False,-0.00399037393703594,True
581,0.22064288182989739,False,0.11896204485046358,False,0.2433361042774056,False,0.13045481945958903,False,0.11896204485046358,False
582,0.23693315888572064,False,0.17733383576744122,False,0.13427772825976458,False,0.2056268882090843,False,0.13427772825976458,False
583,0.23709529535505525,False,0.2396239684324033,False,0.2647005738724628,False,0.21336811130221894,False,0.21336811130221894,False
584,0.2371102796359134,False,0.2137166270251395,False,0.24797090865731486,False,0.16307922703211208,False,0.16307922703211208,False
585,0.22772232110583407,False,0.18943439427526532,False,0.2535287927486538,False,0.24953218134962046,False,0.18943439427526532,False
586,0.2357750866734557,False,0.21168792599090092,False,0.2348513891458358,False,0.15164306692700358,False,0.15164306692700358,False
587,0.1884302654359007,False,0.22904466758213043,False,0.2685709111758327,False,0.22014128364067265,False,0.1884302654359007,False
588,0.1304968774610492,False,0.1687910825952082,False,0.258347506986549,False,0.23708526156558468,False,0.1304968774610492,False
589,0.14637679075616633,False,0.21131555958307513,False,0.24305168256564136,False,0.18152885119551654,False,0.14637679075616633,False
590,0.25364484607664844,False,0.16855027893282476,False,0.26065757610458845,False,0.1657221031998793,False,0.1657221031998793,False
591,0.23900167354043717,False,0.23917194010977932,False,0.23841436654772236,False,0.16903644095730036,False,0.16903644095730036,False
592,0.1788948410559535,False,0.12200369986888426,False,0.22147883116269879,False,0.22238186794221887,False,0.12200369986888426,False
593,0.22795118464785086,False,0.24112637907532009,False,0.256338266327325,False,0.09601985279652336,False,0.09601985279652336,False
594,0.22103010968030823,False,0.2220189532929276,False,0.2618216694660069,False,0.25451297801545125,False,0.22103010968030823,False
595,0.21604268887452227,False,0.18000649389608914,False,0.25307401919891215,False,0.19331214970518795,False,0.18000649389608914,False
596,0.22032170074803642,False,0.18712110947712618,False,0.2819792746749616,False,0.16325768228704224,False,0.16325768228704224,False
597,0.018119893206026028,False,0.193993174765907,False,0.2810945572852169,False,0.0947044616278283,False,0.018119893206026028,False
598,0.26375990176768116,False,0.24628396726823243,False,0.14971637054735454,False,0.23234469190298263,False,0.14971637054735454,False
599,0.22006333412787588,False,0.23473601378049014,False,0.2607627849735462,False,0.23473133348930514,False,0.22006333412787588,False
600,0.250251689947034,False,0.2292976946773208,False,0.26180856843395656,False,0.22966374125395794,False,0.2292976946773208,False
601,0.23230269031763,False,0.2235477870228847,False,0.2422487720026681,False,0.25059561923148344,False,0.2235477870228847,False
602,0.1789373445286942,False,0.19165300683166542,False,0.2762704714539137,False,0.22121081258738723,False,0.1789373445286942,False
603,0.2127720664561919,False,0.22541113270724578,False,0.18371090809225604,False,0.21890160279425652,False,0.18371090809225604,False
604,0.19070785716229244,False,0.20206585004604838,False,0.23086238768045464,False,0.24120141175714482,False,0.19070785716229244,False
605,0.2513455953757995,False,0.20375097179765983,False,0.23672856999453418,False,0.1547762733214137,False,0.1547762733214137,False
606,0.20938925214458187,False,0.141639235170069,False,0.2355000107360547,False,0.22234149307782974,False,0.141639235170069,False
607,0.2309547240717481,False,0.24106784133669057,False,0.20054472589353656,False,0.20581139135853022,False,0.20054472589353656,False
608,0.23594636330537827,False,0.228392621279163,False,0.2807937507703161,False,0.19103902193550493,False,0.19103902193550493,False
609,0.23461811278106176,False,0.1851205280686941,False,0.26895075566928794,False,0.22499204686458613,False,0.1851205280686941,False
610,0.22458056172161783,False,0.16038997873874727,False,0.2502797810540905,False,0.22259026917410363,False,0.16038997873874727,False
611,0.1976814393018554,False,0.18705731388990327,False,0.18640366332231784,False,0.20911963238570802,False,0.18640366332231784,False
612,0.24345988252233702,False,0.24846691602856869,False,0.2674699370417966,False,0.22894506762103795,False,0.22894506762103795,False
613,0.23877113654537485,False,0.22618111923790002,False,0.2168656571514212,False,0.21092777575854815,False,0.21092777575854815,False
614,0.21865406896134565,False,0.14904437390036068,False,0.24851031820965552,False,0.2316657335562186,False,0.14904437390036068,False
615,0.2635541836678,False,0.202183859076291,False,0.23085923250025597,False,0.12066511055589213,False,0.12066511055589213,False
616,0.24577970234787472,False,0.22384030011738193,False,0.28153934178498335,False,0.16152039539604784,False,0.16152039539604784,False
617,0.2526629197152294,False,0.2009884128227709,False,0.2406231608167812,False,0.23221123220170836,False,0.2009884128227709,False
618,0.22832829012499267,False,0.24728331045244212,False,0.28829433381222197,False,0.21933404039951765,False,0.21933404039951765,False
619,0.21163140490246857,False,0.2449883853878091,False,0.2498740526276566,False,0.22816377658334264,False,0.21163140490246857,False
620,0.24312702215997067,False,0.20203778484407736,False,0.2590753238058808,False,0.22099310361010505,False,0.20203778484407736,False
621,0.2431605009250597,False,0.23489516570958174,False,0.23325512937883242,False,0.23324311132588,False,0.23324311132588,False
622,0.2360159263416574,False,0.22841257482572608,False,0.18018985369996748,False,0.18515905002355842,False,0.18018985369996748,False
623,0.22337869109345077,False,0.24912716160971177,False,0.22717526907095864,False,0.19615492114913913,False,0.19615492114913913,False
624,0.23334854144323797,False,0.24087717054617475,False,0.23001599014065455,False,0.22776783769592834,False,0.22776783769592834,False
625,0.2537748695419477,False,0.24737137592660213,False,0.26842300932193514,False,0.17346469388348473,False,0.17346469388348473,False
626,0.2596412428290353,False,0.24811568386117372,False,0.23272717938659176,False,0.18953973710839178,False,0.18953973710839178,False
627,0.24678044722616432,False,0.17658370673701712,False,0.22187758130427715,False,0.011624949520383843,False,0.011624949520383843,False
628,0.26303657845453887,False,0.23564391722271077,False,0.2817629748790856,False,0.1873219317744954,False,0.1873219317744954,False
629,0.24147452577812306,False,0.1686807958661748,False,0.1849906658645208,False,0.11997764623285345,False,0.11997764623285345,False
630,0.24725730423687964,False,0.25467211274521856,False,0.2576400473199497,False,0.233091121378601,False,0.233091121378601,False
631,0.2205690067537766,False,0.2447709286327795,False,0.2909350582580055,False,0.19146140494806058,False,0.19146140494806058,False
632,0.19476768127777244,False,0.2358596267385808,False,0.2768568126926697,False,0.22956909359076377,False,0.19476768127777244,False
633,0.2622138737828143,False,0.2226379289009323,False,0.26917336728783975,False,0.14404251284852776,False,0.14404251284852776,False
634,0.254725697224717,False,0.2445432156119831,False,0.2699762456320771,False,0.24151609866155405,False,0.24151609866155405,False
635,0.25521319562932737,False,0.13264451307607222,False,0.26775956510012444,False,0.24499003290009908,False,0.13264451307607222,False
636,0.2508191821044587,False,0.2135625160857173,False,0.18610269809885172,False,0.21172183737950573,False,0.18610269809885172,False
637,0.12668206526926673,False,0.24120235880166974,False,0.24200249126566997,False,0.2161532961781097,False,0.12668206526926673,False
638,0.2429952228358202,False,0.16858289353533856,False,0.27332811288614,False,0.2269737737067744,False,0.16858289353533856,False
639,0.22255012354690423,False,0.21226875207608803,False,0.233469023366924,False,0.24209800558143102,False,0.21226875207608803,False
640,0.24347841401166875,False,0.18874700659546634,False,0.2878389751262346,False,0.21456166423830164,False,0.18874700659546634,False
641,0.2419010242901833,False,0.19206100578692542,False,0.20638966876651077,False,0.13220850169915715,False,0.13220850169915715,False
642,0.24152780185831635,False,0.235275693743848,False,0.21851706370235202,False,0.24883967939553714,False,0.21851706370235202,False
643,0.2315751658778652,False,0.23248308577952081,False,0.23297721317926784,False,0.15295337910284507,False,0.15295337910284507,False
644,0.25663792200220514,False,0.035497579429712545,False,0.26284941517931765,False,0.19896060508614277,False,0.035497579429712545,False
645,0.22497401918414545,False,0.24016832022555168,False,0.2813750454441687,False,0.20409715127212796,False,0.20409715127212796,False
646,0.21459453879009965,False,0.2508861575916548,False,0.2836991930066481,False,0.20626866897625884,False,0.20626866897625884,False
647,0.2665128283780444,False,0.23068750390201576,False,0.25378285523580263,False,0.24399597183934818,False,0.23068750390201576,False
648,0.24254374723516792,False,0.17690696719155918,False,0.2856329345232816,False,0.23241686526506689,False,0.17690696719155918,False
649,0.2611272325292386,False,0.22844279942424828,False,0.2762551174864561,False,0.1622025487070825,False,0.1622025487070825,False
650,0.247702276594492,False,0.19773002701879028,False,0.1962051301691502,False,0.2403291318634057,False,0.1962051301691502,False
651,0.23583380477966026,False,0.20373333919217784,False,0.24866890922650636,False,0.2005386273608255,False,0.2005386273608255,False
652,0.23953400693943477,False,0.25344315543913826,False,0.2710446076175919,False,0.2370338679803214,False,0.2370338679803214,False
653,0.2306173891123568,False,0.242834588300039,False,0.22138469039731912,False,0.21461093275785836,False,0.21461093275785836,False
654,0.25061649964242266,False,0.2396558258745834,False,0.2791935679282988,False,0.17809840120744302,False,0.17809840120744302,False
655,0.25033414799089926,False,0.24709872174432984,False,0.2553359038807635,False,0.15068022435967737,False,0.15068022435967737,False
656,0.2607378467481946,False,0.19622059218415705,False,0.28288352322349203,False,0.1997150987062266,False,0.19622059218415705,False
657,0.17260237918975196,False,0.22491321315107415,False,0.23701314556327796,False,0.22034333932266642,False,0.17260237918975196,False
658,0.22323969789707931,False,0.19842708286526645,False,0.2768239888042293,False,0.21018690762276065,False,0.19842708286526645,False
659,0.2496996340298377,False,0.10006542734467305,False,0.2305626499643097,False,0.2230111635658938,False,0.10006542734467305,False
660,0.23932194921891536,False,0.19985771173423456,False,0.27544478473156203,False,0.09921516882792392,False,0.09921516882792392,False
661,0.19477143913646106,False,0.1600037174562981,False,0.27720737988684147,False,0.2178981822407099,False,0.1600037174562981,False
662,0.24128868870157832,False,0.24134520901324946,False,0.23200899156666438,False,0.20323779125939884,False,0.20323779125939884,False
663,0.21514576352611436,False,0.23060156736830872,False,0.2345659478246092,False,0.2339827069235192,False,0.21514576352611436,False
664,0.24265044933353108,False,0.20077204245166286,False,0.1865988438884667,False,0.23353487616570712,False,0.1865988438884667,False
665,0.22652598785557249,False,0.23428585682607544,False,0.2851697886430444,False,0.19825958229450724,False,0.19825958229450724,False
666,0.23557726736067464,False,0.25542038716656046,False,0.19826230132811473,False,0.19355974986129015,False,0.19355974986129015,False
667,0.22026406106621504,False,0.11576818280250478,False,0.2637741845756375,False,0.23884392579585512,False,0.11576818280250478,False
668,0.20433513101294087,False,0.14443424672493882,False,0.25543957526275063,False,0.20466545721792523,False,0.14443424672493882,False
669,0.24873134355650078,False,0.20627809523815488,False,0.28326879502561253,False,0.2465751651759846,False,0.20627809523815488,False
670,0.24270373001266116,False,0.24504942730931806,False,0.24593095922628005,False,0.23051044270703502,False,0.23051044270703502,False
671,0.19299364621275067,False,0.10396693705036442,False,0.2760014389761909,False,0.1964391089077046,False,0.10396693705036442,False
672,0.2644034914272949,False,0.17200614007379073,False,0.20389993768547776,False,0.16360025798168976,False,0.16360025798168976,False
673,0.23507560152256063,False,0.2310153368519019,False,0.2382505476578482,False,0.10374080809381292,False,0.10374080809381292,False
674,0.1979766250818274,False,0.2451605304890459,False,0.2507292986287981,False,0.1671738268218526,False,0.1671738268218526,False
675,0.21894557600762798,False,0.18824131267043065,False,0.2903904876988344,False,0.19162357366825183,False,0.18824131267043065,False
676,0.1910313892835876,False,0.23976771530942997,False,0.2341707203835834,False,0.2285097176189389,False,0.1910313892835876,False
677,0.2542242356878189,False,0.22940392552708955,False,0.2591447557692123,False,0.21459845764425517,False,0.21459845764425517,False
678,0.1847438731826741,False,0.23963871713779256,False,0.2295238016657961,False,0.22129910456653284,False,0.1847438731826741,False
679,0.24986287784630667,False,0.21840413640339906,False,0.2620797610283908,False,0.18549266537977555,False,0.18549266537977555,False
680,0.16023342448000094,False,0.24743305563763296,False,0.27648971450029247,False,0.16607440319030453,False,0.16023342448000094,False
681,0.18264252644720447,False,0.1780987113083714,False,0.2750688564840588,False,0.1594901253208803,False,0.1594901253208803,False
682,0.19296579628353405,False,0.11051522514754619,False,0.20133165897862632,False,0.22019285503430758,False,0.11051522514754619,False
683,0.23490510434408868,False,0.19993811584337323,False,0.20331500239583905,False,0.18551633093593123,False,0.18551633093593123,False
684,0.2406109148989352,False,0.23022055217528015,False,0.22301282737884542,False,0.20837891936269798,False,0.20837891936269798,False
685,0.24578626395086456,False,0.2508680081858045,False,0.24758656704219356,False,0.21616432580500639,False,0.21616432580500639,False
686,0.23114872140061038,False,0.21914570450168352,False,0.15487582315410753,False,0.18829765593919262,False,0.15487582315410753,False
687,0.2560201048915559,False,0.23420149808713253,False,0.2057856314860566,False,0.22325587369737043,False,0.2057856314860566,False
688,0.22531041517697015,False,0.23942420569146916,False,0.25737004726572427,False,0.19962982470703933,False,0.19962982470703933,False
689,0.24052671171940398,False,0.2257979309418881,False,0.257709869461816,False,0.22547391125512156,False,0.22547391125512156,False
690,0.2322548721171373,False,0.06404003760438481,False,0.26602035480839276,False,0.21828097696857052,False,0.06404003760438481,False
691,0.2489731079853703,False,0.23184421985992693,False,0.17141237859076908,False,0.23742802084944958,False,0.17141237859076908,False
692,0.2209585471434628,False,0.21905616172062453,False,0.2533734424744945,False,0.20294256508705266,False,0.20294256508705266,False
693,0.1831322855629301,False,0.20746583735380403,False,0.21078088949438611,False,0.2316444284285637,False,0.1831322855629301,False
694,0.21695359718236223,False,0.2271326746277234,False,0.28004985415461586,False,0.17683648323088946,False,0.17683648323088946,False
695,0.17811846782933705,False,0.20692055372882429,False,0.18170928683886145,False,0.21453291299663474,False,0.17811846782933705,False
696,0.2379221718668978,False,0.16080838893741967,False,0.20750545147065036,False,0.2472258607382834,False,0.16080838893741967,False
697,0.2394330036976735,False,0.214031452055444,False,0.20473569691946453,False,0.24129157833288611,False,0.20473569691946453,False
698,0.2641700108882641,False,0.16536495036589044,False,0.26859651682101765,False,0.16344119490876258,False,0.16344119490876258,False
699,0.22250193344124514,False,0.24443849311180915,False,0.23728554443342526,False,0.18447375882329176,False,0.18447375882329176,False
700,0.23723001138555866,False,0.21593753929425147,False,0.26741503626856233,False,0.2186486592912304,False,0.21593753929425147,False
701,0.2582386571260177,False,0.2213959566715215,False,0.2637321290857268,False,0.23106062925088722,False,0.2213959566715215,False
702,0.25135276093879255,False,0.22992919252921934,False,0.26757272867936455,False,0.22264546751827669,False,0.22264546751827669,False
703,0.23422541675577774,False,0.17172503728403465,False,0.250072911173588,False,0.21916634071122748,False,0.17172503728403465,False
704,0.2357274965668963,False,0.20763039207832584,False,0.272871342298262,False,0.1277922338693716,False,0.1277922338693716,False
705,0.24050669466229124,False,0.19723954176777092,False,0.2420309727612775,False,0.1755515428698453,False,0.1755515428698453,False
706,0.22554823194887907,False,0.24151445923573867,False,0.18870483267467086,False,0.09011279983452514,False,0.09011279983452514,False
707,0.24181483362323813,False,0.23207988145115116,False,0.28904652140213594,False,0.23964634433288456,False,0.23207988145115116,False
708,0.2604787669901887,False,0.13216415737870063,False,0.26066406643730744,False,0.1968484877801191,False,0.13216415737870063,False
709,0.216577661814697,False,0.2314846339604787,False,0.2220965494877723,False,0.2250440932944588,False,0.216577661814697,False
710,0.21862505896939188,False,0.2227695476512495,False,0.2247954400103635,False,0.04696895034756421,False,0.04696895034756421,False
711,0.24179392308351316,False,0.18889130229096157,False,0.2239317645024278,False,0.25160917902665786,False,0.18889130229096157,False
712,0.24818232627432968,False,0.24735075829932213,False,0.2839140406815276,False,0.2283725528773643,False,0.2283725528773643,False
713,0.2514821022917771,False,0.23612986945801323,False,0.26916317806761053,False,0.2050217635073644,False,0.2050217635073644,False
714,0.2527091268443341,False,0.1610895066519764,False,0.22795939001548549,False,0.1939311269787274,False,0.1610895066519764,False
715,0.25998096975924073,False,0.2020211499511323,False,0.24512787975963707,False,0.2392667636695654,False,0.2020211499511323,False
716,0.19482080952723063,False,0.23055072205654403,False,0.28011624704215116,False,0.24116792960591915,False,0.19482080952723063,False
717,0.25190565346993954,False,0.21204486820164875,False,0.22367788059258986,False,0.24272225968949224,False,0.21204486820164875,False
718,0.2210334571779196,False,0.23801483966445047,False,0.28027815941719786,False,0.2237218554761955,False,0.2210334571779196,False
719,0.17706164624398668,False,0.17184410035494235,False,0.17859871005962474,False,0.16655986778119747,False,0.16655986778119747,False
720,0.21145530723992423,False,0.23631162222361712,False,0.24098638060214644,False,0.15735832919185305,False,0.15735832919185305,False
721,0.25275647733186873,False,0.17826700784240107,False,0.1856451030896395,False,0.15968681639626203,False,0.15968681639626203,False
722,0.2618174502739064,False,0.23103762867487254,False,0.2800497918099752,False,0.2320177474054645,False,0.23103762867487254,False
723,0.24894840272307006,False,0.22975893567448663,False,0.2503200272478272,False,0.20718281676379935,False,0.20718281676379935,False
724,0.24258526725475188,False,0.22995385324563955,False,0.23190054483226652,False,0.21417851507207403,False,0.21417851507207403,False
725,0.2514382875146152,False,0.19950594427577517,False,0.24987242747401078,False,0.19749231372779996,False,0.19749231372779996,False
726,0.2545542450324049,False,0.23800973994117852,False,0.25741730302827837,False,0.22636915864605872,False,0.22636915864605872,False
727,0.1942001388755114,False,0.20062583042731924,False,0.22029394438598032,False,0.13358590103159196,False,0.13358590103159196,False
728,0.197348701701127,False,0.15617927783028218,False,0.24780490446308018,False,0.1879729055157811,False,0.15617927783028218,False
729,0.23564446928056992,False,0.2222576972616908,False,0.2637890460174891,False,0.18727820953321955,False,0.18727820953321955,False
730,0.20236293207796702,False,0.2278216958406165,False,0.2704308638582649,False,0.2383174145280718,False,0.20236293207796702,False
731,0.191646592442198,False,0.21391538177874425,False,0.2474161998309114,False,0.21771600597010615,False,0.191646592442198,False
732,0.22362180065269915,False,0.22520413991301402,False,0.20405948773771587,False,0.21799959719546935,False,0.20405948773771587,False
733,0.2675940688147547,False,0.23828445215731497,False,0.27488901132781374,False,0.22169704923618,False,0.22169704923618,False
734,0.22268703945634577,False,0.18229594580453168,False,0.22683484622156047,False,0.06356186009191567,False,0.06356186009191567,False
735,0.133125815792831,False,0.17717663639087128,False,0.23872992363253664,False,0.10183940842530981,False,0.10183940842530981,False
736,0.20479023425772297,False,0.15480222860427167,False,0.2382388891202719,False,0.24014932409908235,False,0.15480222860427167,False
737,0.23420660957485973,False,0.17967810322343464,False,0.20397225794076995,False,0.1635241846534768,False,0.1635241846534768,False
738,0.17156339788154423,False,0.24787905551661488,False,0.27483627878270533,False,0.25019639199490645,False,0.17156339788154423,False
739,0.19142048677413565,False,0.07572523101424411,False,0.2524412609445085,False,0.18864654913472784,False,0.07572523101424411,False
740,0.21757867001179215,False,0.1848056214467702,False,0.1832556477743239,False,0.23216733970726638,False,0.1832556477743239,False
741,0.10644401677660453,False,0.19504421052822118,False,0.2373773752424122,False,0.2342866769938824,False,0.10644401677660453,False
742,0.19093851308579635,False,0.21427889803118233,False,0.2848965592412133,False,0.1902698934829653,False,0.1902698934829653,False
743,0.14802407937707673,False,0.18029349557227936,False,0.14672486461213718,False,0.21366239627316974,False,0.14672486461213718,False
744,0.23248640168916318,False,0.18515297750048948,False,0.24451170211782974,False,0.19680958967682144,False,0.18515297750048948,False
745,0.17202678572193708,False,0.22640556557830593,False,0.17023145492389447,False,0.08487474930647154,False,0.08487474930647154,False
746,0.1857233821331461,False,0.0730123514685439,False,0.22273164673651868,False,0.18106862181395328,False,0.0730123514685439,False
747,0.1546657543139353,False,0.19261711161381556,False,0.2675604287913957,False,0.17729871855138063,False,0.1546657543139353,False
748,0.21332534867894243,False,0.15458345559879239,False,0.23464135725034269,False,0.18096840030427752,False,0.15458345559879239,False
749,0.22730544889301063,False,0.17119680127442116,False,0.2159382128170455,False,0.24460729841437506,False,0.17119680127442116,False
750,0.23588029203168348,False,0.21443839083859345,False,0.22403973819624884,False,0.25837039790386596,False,0.21443839083859345,False
751,0.24093119008284647,False,0.2219459014778341,False,0.2713990688906304,False,0.23954898387197515,False,0.2219459014778341,False
752,0.20575210818727246,False,0.13650697610263612,False,0.28604151670678435,False,0.21252573003983138,False,0.13650697610263612,False
753,0.2166151228801695,False,0.20983740913142584,False,0.24351395667599235,False,0.1843789370371674,False,0.1843789370371674,False
754,0.17296229847514633,False,0.207796391173029,False,0.265174790246494,False,0.18274484647877065,False,0.17296229847514633,False
755,0.18933663111575633,False,0.2084626834300048,False,0.2836642138327595,False,0.1641842772807155,False,0.1641842772807155,False
756,0.1861677919174956,False,0.17796650837583816,False,0.21401269029018738,False,0.14782915948394354,False,0.14782915948394354,False
757,0.10712959837662395,False,0.2050176671109598,False,0.11527317461895947,False,0.16501109980926565,False,0.10712959837662395,False
758,0.23658609815564224,False,0.12888900224785055,False,0.20698678891987682,False,0.21190511546095037,False,0.12888900224785055,False
759,0.24935103650708457,False,0.16272255705621175,False,0.11524219790521928,False,0.16870117271640606,False,0.11524219790521928,False
760,0.23188551664186036,False,0.08022521897575097,False,0.17125100310159236,False,0.2530291869729812,False,0.08022521897575097,False
761,0.18077353241569444,False,0.22894293184631342,False,0.28079032827597045,False,0.21095053120218993,False,0.18077353241569444,False
762,0.22715261401930242,False,0.08281851774898219,False,0.25526472158004404,False,0.23294155426271496,False,0.08281851774898219,False
763,0.24528243594737636,False,0.20659702253327822,False,0.26051409051172353,False,0.2212826417950886,False,0.20659702253327822,False
764,0.23933734409412993,False,0.17318071510720356,False,0.27141717995030595,False,0.2101596010436308,False,0.17318071510720356,False
765,0.22179241509531522,False,0.24549632418005152,False,0.28117165891212625,False,0.2540557826053785,False,0.22179241509531522,False
766,0.19725522355211605,False,0.22883254050629898,False,0.26317128173024135,False,0.15924602274234673,False,0.15924602274234673,False
767,0.17775497764012682,False,0.2383470896913314,False,0.23725563996195265,False,0.2462779266481418,False,0.17775497764012682,False
768,0.20703688700492462,False,0.22283165744592037,False,0.24376192408053676,False,0.21534559559306327,False,0.20703688700492462,False
769,0.2327351332798856,False,0.22703610298430943,False,0.2585779864693055,False,0.2219926786302347,False,0.2219926786302347,False
770,0.21947051389610883,False,0.25532445062091536,False,0.18510745938924605,False,0.2192601276314443,False,0.18510745938924605,False
771,0.12823541352188927,False,0.22153680757986755,False,0.19452610749532,False,0.21624636071650133,False,0.12823541352188927,False
772,0.20322379009979763,False,0.21670738366266495,False,0.2861337375514104,False,0.19958217282121782,False,0.19958217282121782,False
773,0.21534366259521764,False,0.2376599188646642,False,0.18442762614344088,False,0.18276490180319893,False,0.18276490180319893,False
774,0.18466406176865724,False,0.22589290820529012,False,0.27220233251613385,False,0.22878015311363276,False,0.18466406176865724,False
775,0.23219574073144622,False,0.13654129131457104,False,0.2571530610475688,False,0.1779563629834739,False,0.13654129131457104,False
776,0.25729021754724607,False,0.18285676498026743,False,0.24710534587108884,False,0.23924805910326258,False,0.18285676498026743,False
777,0.19328001052289479,False,0.24713432950953418,False,0.21785884694274688,False,0.1619502352564876,False,0.1619502352564876,False
778,0.1755650283991766,False,0.23971519075763847,False,0.2138449011415789,False,0.21107493582453607,False,0.1755650283991766,False
779,0.25571624747568344,False,0.20845741053824074,False,0.22432566803960552,False,0.20743190714796217,False,0.20743190714796217,False
780,0.25137156277834355,False,0.11995558180974819,False,0.2451876344609007,False,0.18114008260505138,False,0.11995558180974819,False
781,0.2377584319933318,False,0.25083824869220134,False,0.2722193205261769,False,0.1799077868493208,False,0.1799077868493208,False
782,0.23870103980704577,False,0.21663232108937897,False,0.23832688610476876,False,0.22134757323667287,False,0.21663232108937897,False
783,0.24252142415578004,False,0.22983470845706355,False,0.18612892404823783,False,0.20478168412459968,False,0.18612892404823783,False
784,0.24411862365672193,False,0.17924340875387945,False,0.28605815891164865,False,0.2110592653465277,False,0.17924340875387945,False
785,0.24135384565111617,False,0.24254020130332,False,0.2798603938570995,False,0.2219879735053209,False,0.2219879735053209,False
786,0.23416325704914553,False,0.16644009992186054,False,0.24181826649090277,False,0.13699358269493478,False,0.13699358269493478,False
787,0.2441395642133461,False,0.23941955172891383,False,0.1489842305702238,False,0.2379167098068506,False,0.1489842305702238,False
788,0.2301341204802812,False,0.14441618722236288,False,0.25844563648754626,False,0.18581309932904477,False,0.14441618722236288,False
789,0.259680693524096,False,0.2546224070461988,False,0.15256932825536929,False,0.2092370299814983,False,0.15256932825536929,False
790,0.21338239994768132,False,0.2346057864911021,False,0.25176061227588725,False,0.24180411287495762,False,0.21338239994768132,False
791,0.2130924204348255,False,0.13723241639689637,False,0.2879880037970457,False,0.21589582575078814,False,0.13723241639689637,False
792,0.24572871578862632,False,0.1738810088789825,False,0.2421869964109611,False,0.21827678642448345,False,0.1738810088789825,False
793,0.19414797837390885,False,0.24510600288530188,False,0.2600353068320732,False,0.18155686423706552,False,0.18155686423706552,False
794,0.2236608476299975,False,0.24210781317639085,False,0.25901815288840646,False,0.11081985010074302,False,0.11081985010074302,False
795,0.26269955181192806,False,0.20529033183992307,False,0.23572892045281435,False,0.21280003596451608,False,0.20529033183992307,False
796,0.22718910314666935,False,0.17072150863544677,False,0.2682315721188269,False,0.21170067521325125,False,0.17072150863544677,False
797,0.19584689761501506,False,0.2531477951899853,False,0.25881813725600106,False,0.2270622017390584,False,0.19584689761501506,False
798,0.24745822908615783,False,0.1796888430250378,False,0.2188056908028299,False,0.15591143554879533,False,0.15591143554879533,False
799,0.26138620451257993,False,0.22748652502320488,False,0.24424914651852775,False,0.1658327603947075,False,0.1658327603947075,False
800,0.23849741907590688,False,0.2513983237440293,False,0.26431240395014105,False,0.24612487980029035,False,0.23849741907590688,False
801,0.2159041778391489,False,0.22403605003735022,False,0.28290354738535484,False,0.1770205951388369,False,0.1770205951388369,False
802,0.22989381148130317,False,0.24313412004142976,False,0.2436879707342171,False,0.20959331329964903,False,0.20959331329964903,False
803,0.22812575519619566,False,0.24474675354171688,False,0.22893162541609258,False,0.20577883791646262,False,0.20577883791646262,False
804,0.2474145582227283,False,0.24816496034620145,False,0.28268797020728154,False,0.23085384507526346,False,0.23085384507526346,False
805,0.23011388805102284,False,0.20743202497267788,False,0.2880715581416189,False,0.22832684935214215,False,0.20743202497267788,False
806,0.219115596515933,False,0.23952410876578728,False,0.2193710139168603,False,0.2294787492361896,False,0.219115596515933,False
807,0.15829848021514747,False,0.210485581922652,False,0.2632128566699826,False,0.21570952032028035,False,0.15829848021514747,False
808,0.23136923866139725,False,0.22719110577252555,False,0.24461414845792112,False,0.13462118181336463,False,0.13462118181336463,False
809,0.2485998182548106,False,0.23896040731097046,False,0.27584467183354683,False,0.22367851554138235,False,0.22367851554138235,False
810,0.24952494525009083,False,0.12481881899734348,False,0.25118158228675597,False,0.1590405153683937,False,0.12481881899734348,False
811,0.2620126086441604,False,0.2110332456068097,False,0.28022515180154994,False,0.23868927117813316,False,0.2110332456068097,False
812,0.24849460347091157,False,0.24417230052157202,False,0.2691908368284841,False,0.18360373426874937,False,0.18360373426874937,False
813,0.24128965289613302,False,0.05319874742368069,False,0.2771632270732728,False,0.22953693387125867,False,0.05319874742368069,False
814,0.23734824708875707,False,0.221324991090742,False,0.2532790881033246,False,0.24781938651845536,False,0.221324991090742,False
815,0.25206858741260585,False,0.17955697499169881,False,0.2665713977595263,False,0.1891496815769581,False,0.17955697499169881,False
816,0.2250383263764929,False,0.10662689913822743,False,0.28603413903103997,False,0.22413633259079369,False,0.10662689913822743,False
817,0.2581632257064952,False,0.23696259884185078,False,0.24280233828549214,False,0.24293957292320045,False,0.23696259884185078,False
818,0.15274015726848877,False,0.2539236218387586,False,0.20299375315823504,False,0.18864545455589704,False,0.15274015726848877,False
819,0.2270073090465044,False,0.2355965928997505,False,0.22663765257166385,False,0.1271643307030189,False,0.1271643307030189,False
820,0.21180991389430764,False,0.2515305057518009,False,0.2651134749113985,False,0.24822001620518513,False,0.21180991389430764,False
821,0.22912940371075657,False,0.12724697183788564,False,0.22795594900745397,False,0.19804854292395357,False,0.12724697183788564,False
822,0.21897385171103462,False,0.23901932981296387,False,0.23225894487931348,False,0.23730441215172565,False,0.21897385171103462,False
823,0.22102680691990345,False,0.22806218142864154,False,0.26802527781746815,False,0.22554827432989616,False,0.22102680691990345,False
824,0.23619068060001258,False,0.2432298687243563,False,0.25970821891265566,False,0.20244716554996856,False,0.20244716554996856,False
825,0.2491703593633316,False,0.23947129172476195,False,0.15846728371445307,False,0.23788982795383562,False,0.15846728371445307,False
826,0.25201580508146926,False,0.20945920826479814,False,0.2625748386389437,False,0.16806038188706107,False,0.16806038188706107,False
827,0.2477149892252129,False,0.15102092534672285,False,0.2509424762139154,False,0.1493145768991641,False,0.1493145768991641,False
828,0.2596933163933933,False,0.24607162076027245,False,0.2565355274000827,False,0.16815282299228101,False,0.16815282299228101,False
829,0.23603865231378074,False,0.18201336426822995,False,0.24125169588926343,False,0.23278691993326645,False,0.18201336426822995,False
830,0.14429722986829824,False,0.23064605113973285,False,0.1959947436949035,False,0.2364166052588323,False,0.14429722986829824,False
831,0.19641571774959188,False,0.23571298795243345,False,0.2499931600610294,False,0.23186581071296025,False,0.19641571774959188,False
832,0.21912476759332272,False,0.23623452463637146,False,0.2844625633966445,False,0.08486896630561358,False,0.08486896630561358,False
833,0.16640618496739012,False,0.18527607187749884,False,0.27608671729105333,False,0.24764329487346154,False,0.16640618496739012,False
834,0.2124008939446757,False,0.2478083655275684,False,0.2246554813612066,False,0.23773134443522959,False,0.2124008939446757,False
835,0.23750626754211285,False,0.22779718752809297,False,0.12187249151820301,False,0.2076544454634679,False,0.12187249151820301,False
836,0.1941918209743984,False,0.1886574729456172,False,0.2132343821180419,False,0.20415231716527288,False,0.1886574729456172,False
837,0.2019299270608627,False,0.25610898248821873,False,0.27065568858411326,False,0.21606220550348093,False,0.2019299270608627,False
838,0.25380739565191857,False,0.2535146970424161,False,0.2326022152681168,False,0.16848546633215933,False,0.16848546633215933,False
839,0.2467718302893565,False,0.21939891287662916,False,0.1724589654694601,False,0.21928464654211954,False,0.1724589654694601,False
840,0.2503965083605264,False,0.2041619611632816,False,0.27102072982259007,False,0.20888852449089462,False,0.2041619611632816,False
841,0.23623008983162402,False,0.23033695759935802,False,0.2893150353989237,False,0.23485362556675987,False,0.23033695759935802,False
842,0.23239054407068527,False,0.2527190049405029,False,0.28519856634600754,False,0.19731657921671508,False,0.19731657921671508,False
843,0.17925646885882507,False,0.22269031523279903,False,0.25185430477819915,False,0.2366968851873263,False,0.17925646885882507,False
844,0.24975060184266473,False,0.2565971691440054,False,0.2854587270859048,False,0.1363980014127495,False,0.1363980014127495,False
845,0.2230515746475213,False,0.16578375408447532,False,0.24308989732294412,False,0.17125857846652526,False,0.16578375408447532,False
846,0.21884140832627536,False,0.19288179149405238,False,0.22316232800357877,False,0.22723554263294787,False,0.19288179149405238,False
847,0.2212773853996498,False,0.25330470623756524,False,0.2639117415793008,False,0.23822260869121076,False,0.2212773853996498,False
848,0.2572780022674089,False,0.14348357084958097,False,0.2320362021457169,False,0.23178624521482089,False,0.14348357084958097,False
849,0.23623607952172127,False,0.2231762032081855,False,0.2611595244257028,False,0.18156099961595962,False,0.18156099961595962,False
850,0.18830756825174344,False,0.2167142223924846,False,0.24613202593236982,False,0.13766891975855305,False,0.13766891975855305,False
851,0.19918920704728976,False,0.23132030831011957,False,0.26005735651406225,False,-0.027908156885221858,True,-0.027908156885221858,True
852,0.2335254096632448,False,0.2521302394226274,False,0.24426330893608245,False,0.23216145343093958,False,0.23216145343093958,False
853,0.26186987475181867,False,0.20734141420394686,False,0.23580612115629607,False,0.24296816125933834,False,0.20734141420394686,False
854,0.22933145906915048,False,0.2350562582773298,False,0.21607635724997315,False,0.11116140268238273,False,0.11116140268238273,False
855,0.25942162621175624,False,0.1813618027048705,False,0.2134173860653007,False,0.21140652848331892,False,0.1813618027048705,False
856,0.245590213213779,False,0.11784669732364306,False,0.2894904482820358,False,0.2237908892564825,False,0.11784669732364306,False
857,0.2654921040375998,False,0.2279870713136984,False,0.2474575424622215,False,0.21258234996624703,False,0.21258234996624703,False
858,0.24839170977134378,False,0.2537464523714394,False,0.27066043480096535,False,0.2251839902384789,False,0.2251839902384789,False
859,0.25859674834251495,False,0.22436148706396014,False,0.24437675539396397,False,0.2288143256450888,False,0.22436148706396014,False
860,0.15026293076546032,False,0.17890273290653708,False,0.24360801994568698,False,0.19618969593617586,False,0.15026293076546032,False
861,0.26545446288562213,False,0.21919634443564995,False,0.2701339938073801,False,0.22169784407683918,False,0.21919634443564995,False
862,0.21768085945958132,False,0.2240298120226138,False,0.16513099560035244,False,0.20044889405473915,False,0.16513099560035244,False
863,0.23185413498249968,False,0.2396657692499654,False,0.22337695334783364,False,0.19175644206367926,False,0.19175644206367926,False
864,0.24963415526194727,False,0.2496992078821716,False,0.2511459184897717,False,0.2306848277833623,False,0.2306848277833623,False
865,0.23029697726145487,False,0.2026512875345574,False,0.23603882496471923,False,0.21313969605601157,False,0.2026512875345574,False
866,0.17267405155415982,False,0.2059140889758393,False,0.2402314953594366,False,0.19552935623796008,False,0.17267405155415982,False
867,0.2262578802740452,False,0.24689270802142999,False,0.12757260791136482,False,0.22994060339435862,False,0.12757260791136482,False
868,0.23182161611394042,False,0.14590190480889892,False,0.24695391728342647,False,0.2088162690182916,False,0.14590190480889892,False
869,0.2560064840558959,False,0.19902933502828768,False,0.22124323739176155,False,0.15650554615943635,False,0.15650554615943635,False
870,0.2460019093490794,False,0.18950479596373715,False,0.26539241030030636,False,0.16281961805137202,False,0.16281961805137202,False
871,0.23286285961659287,False,0.24782203486514737,False,0.2850395820867095,False,0.2313304951011826,False,0.2313304951011826,False
872,0.2315336139609111,False,0.18168754465095815,False,0.1960718684495245,False,0.0958348511485968,False,0.0958348511485968,False
873,0.22804240980854235,False,0.23320734928240033,False,0.2126875365750298,False,0.13811951835845265,False,0.13811951835845265,False
874,0.23705729204115056,False,0.11951953541229232,False,0.22995880333273966,False,0.218863301391875,False,0.11951953541229232,False
875,0.17616781814599258,False,0.25052809791361547,False,0.2590556675317518,False,0.14466687599165928,False,0.14466687599165928,False
876,0.1993882654879121,False,0.23791348242614668,False,0.23702909069725375,False,0.1991722044325519,False,0.1991722044325519,False
877,0.18456301927867763,False,0.19567047375579016,False,0.19718550790063438,False,0.19882969311533044,False,0.18456301927867763,False
878,0.23420644496198012,False,0.21326700871542004,False,0.24318653347498514,False,0.1841024171231716,False,0.1841024171231716,False
879,0.23105353319691607,False,0.16109081019253862,False,0.2344214902605568,False,0.23805825242780948,False,0.16109081019253862,False
880,0.20728176094855688,False,0.22687588352545035,False,0.17591904276392883,False,0.24836704189794417,False,0.17591904276392883,False
881,0.2350678094759221,False,0.16998378291148164,False,0.27992257643898927,False,0.25435417070047933,False,0.16998378291148164,False
882,0.2365901404434141,False,0.24931940240572503,False,0.22177142615926476,False,0.22757344165630672,False,0.22177142615926476,False
883,0.23844418247487187,False,0.2153469173844404,False,0.2605120382071119,False,0.16717692993438382,False,0.16717692993438382,False
884,0.24088560966396289,False,0.22510021794876922,False,0.2514917385487306,False,0.24714204476180202,False,0.22510021794876922,False
885,0.21722826204091772,False,0.10633191176412893,False,0.21140692446093823,False,0.19543026502296185,False,0.10633191176412893,False
886,0.22213080846276256,False,0.21914543260680142,False,0.2308177307443421,False,0.24581798098156615,False,0.21914543260680142,False
887,0.23260823419550392,False,0.1799044493345217,False,0.18980097222486436,False,0.2312403531225118,False,0.1799044493345217,False
888,0.2150702688353227,False,0.23085983529105453,False,0.2794606823038068,False,0.23203041045172434,False,0.2150702688353227,False
889,0.23138030693199207,False,0.2234319733658186,False,0.26342973644222456,False,0.21838990183486462,False,0.21838990183486462,False
890,0.21788352143897965,False,0.2015015029691699,False,0.27417907064590624,False,0.1671619355089865,False,0.1671619355089865,False
891,0.16739499624630033,False,0.23206531906489536,False,0.2858747711794693,False,0.2485760408095331,False,0.16739499624630033,False
892,0.2456114377421484,False,0.2280461635603021,False,0.18618451288569998,False,0.19315459441389005,False,0.18618451288569998,False
893,0.24342191250080913,False,0.1974513541038589,False,0.2579664596056922,False,0.2338506357104843,False,0.1974513541038589,False
894,0.2305510369128877,False,0.22888390459967517,False,0.21746059041669746,False,0.2126313739773889,False,0.2126313739773889,False
895,0.23949427591468359,False,0.20813765747262897,False,0.2608825375171706,False,0.25251687978479354,False,0.20813765747262897,False
896,0.1870177596396062,False,0.16271611881496512,False,0.22928311562996867,False,0.14263103937805327,False,0.14263103937805327,False
897,0.2457093399611624,False,0.17943604375560224,False,0.24680311498111607,False,0.24596067284579465,False,0.17943604375560224,False
898,0.19803422184669206,False,0.1773730480987688,False,0.20444484517624617,False,0.24576655977762552,False,0.1773730480987688,False
899,0.2085499119005581,False,0.14465778557324982,False,0.2476984951442754,False,0.19764534427267022,False,0.14465778557324982,False
900,0.2442951188650248,False,0.20890994244647787,False,0.26598190672672034,False,0.22956991557231776,False,0.20890994244647787,False
901,0.2591818205279066,False,0.17267913602989293,False,0.2596333083640132,False,0.18196195119418423,False,0.17267913602989293,False
902,0.20283543506130153,False,0.21384825704130894,False,0.2632644171026382,False,0.20410533640792,False,0.20283543506130153,False
903,0.15911265647649786,False,0.18852801313966566,False,0.2514748620732733,False,0.1983624953818781,False,0.15911265647649786,False
904,0.22043448669095134,False,0.20183705788021444,False,0.22655622738003106,False,0.2231479944182539,False,0.20183705788021444,False
905,0.18924388624001265,False,0.1313596071519108,False,0.16519984455014902,False,0.16886517895643577,False,0.1313596071519108,False
906,0.2409563201873981,False,0.25598397074605694,False,0.2821917566390911,False,0.16045634493667588,False,0.16045634493667588,False
907,0.2092206634347456,False,0.18833641252492977,False,0.12259912461475742,False,0.1605291262855867,False,0.12259912461475742,False
908,0.2368053079781357,False,0.2502882966990407,False,0.1511330960240097,False,0.23500954523806178,False,0.1511330960240097,False
909,0.24536719608216673,False,0.22797905007004726,False,0.2472299140230086,False,0.24368636796588422,False,0.22797905007004726,False
910,0.21602582289557554,False,0.24528665361274216,False,0.2559438796568398,False,0.0009259398427674537,False,0.0009259398427674537,False
911,0.1698795465011877,False,0.21378382587819056,False,0.20034159639751736,False,0.18705621232006242,False,0.1698795465011877,False
912,-0.01789340199967926,True,0.22537570410029167,False,0.0723995259420559,False,0.2158005570298982,False,-0.01789340199967926,True
913,0.15962019955359008,False,0.18046014839527202,False,0.24019517429268916,False,0.21888772817561458,False,0.15962019955359008,False
914,0.17653936528723446,False,0.22116512776213437,False,0.2808553562914932,False,0.17367696425827261,False,0.17367696425827261,False
915,0.2145257111840636,False,0.18366046607536102,False,0.24452440200105163,False,0.1434977026810187,False,0.1434977026810187,False
916,0.1955932810158244,False,0.22143876668197132,False,0.2132295138429388,False,0.24246871236145429,False,0.1955932810158244,False
917,0.19928373921064862,False,0.21958429407175356,False,0.25523480300930174,False,0.24590874772873522,False,0.19928373921064862,False
918,0.19710774457069047,False,0.17304279420212487,False,0.26016538787962795,False,0.17874593252347326,False,0.17304279420212487,False
919,0.23563472632012872,False,0.20868484561610617,False,0.2658029959270444,False,0.22148301884722654,False,0.20868484561610617,False
920,0.2263851392708276,False,0.2176736940038373,False,0.23108478902984636,False,0.13933686254395788,False,0.13933686254395788,False
921,0.08688283784733353,False,0.2346629047094218,False,0.18685358936840024,False,0.09711280186056559,False,0.08688283784733353,False
922,0.2553074399185255,False,0.21587288615364675,False,0.26944119289088253,False,0.20334858795780514,False,0.20334858795780514,False
923,0.1780603396928076,False,0.22628976445165966,False,0.22414969974717996,False,0.2067715545297792,False,0.1780603396928076,False
924,0.21273694133054089,False,0.19426528510461166,False,0.258582654713081,False,0.20497043751072852,False,0.19426528510461166,False
925,0.2284975700427283,False,0.22292609922430195,False,0.2281981081299474,False,0.12031634389141088,False,0.12031634389141088,False
926,0.224958912822311,False,0.23197219343227965,False,0.2569641719853207,False,0.2215962248565162,False,0.2215962248565162,False
927,0.2488556857717123,False,0.24434684138269086,False,0.22095194053792638,False,0.22207226054139484,False,0.22095194053792638,False
928,0.24260787936717704,False,0.23087682269805704,False,0.25096682720300856,False,0.22897879585059944,False,0.22897879585059944,False
929,0.20773510623249752,False,0.2077923474074561,False,0.20163682688278844,False,0.1551835409580587,False,0.1551835409580587,False
930,0.22996747572386322,False,0.2455541118626003,False,0.26154897188350285,False,0.14671906087745878,False,0.14671906087745878,False
931,0.1909590307635387,False,0.1972414554598671,False,0.26445837325609567,False,0.22260464284137177,False,0.1909590307635387,False
932,0.18507115576010263,False,0.18396388056496338,False,0.2859906819889098,False,0.2285689748324407,False,0.18396388056496338,False
933,0.24614738784789464,False,0.2351413616635784,False,0.27876336601971724,False,0.2110337619301902,False,0.2110337619301902,False
934,0.22981372869890554,False,0.2470761016447517,False,0.16829115377860354,False,0.170790018585825,False,0.16829115377860354,False
935,0.2583173611245405,False,0.15993018837487005,False,0.20005395071595294,False,0.22415225927519256,False,0.15993018837487005,False
936,0.20987896552125446,False,0.24933419012476793,False,0.22117152739811757,False,0.23789464173749042,False,0.20987896552125446,False
937,0.20937365436968675,False,0.1309662231576827,False,0.22628442522035092,False,0.11801642637987197,False,0.11801642637987197,False
938,0.26019371772023475,False,0.24915795271877422,False,0.2757431164511372,False,0.15220317565396385,False,0.15220317565396385,False
939,0.2432724128009227,False,0.22448506070045016,False,0.22338506685319826,False,0.2426429803596118,False,0.22338506685319826,False
940,0.256895104294315,False,0.2359376256638358,False,0.25207032636854687,False,0.21579079289744713,False,0.21579079289744713,False
941,0.23055434696054256,False,0.2296360540723188,False,0.2080624482424333,False,0.24782180082285893,False,0.2080624482424333,False
942,0.2543154978078084,False,0.2167682223970514,False,0.27110877306674763,False,0.2012740164874819,False,0.2012740164874819,False
943,0.19617864418238734,False,0.2410052056944455,False,0.2555312401852278,False,0.22686484501744553,False,0.19617864418238734,False
944,0.2026483441234302,False,0.15291674737018035,False,0.2614438468475319,False,0.18934521015571665,False,0.15291674737018035,False
945,0.2289120089563942,False,0.17614623979716604,False,0.2743471701668368,False,0.22501589476939504,False,0.17614623979716604,False
946,0.20538546149206593,False,0.23938909831377364,False,0.2786467358933426,False,0.2195454934001056,False,0.20538546149206593,False
947,0.2393852635585449,False,0.24684718990723953,False,0.2923219477971492,False,0.21340074775645873,False,0.21340074775645873,False
948,0.24185776294610212,False,0.21493266601993732,False,0.28249073054628965,False,0.20360937587760797,False,0.20360937587760797,False
949,0.2502885176450805,False,0.1465917853739513,False,0.22585959065763983,False,0.25645507154764097,False,0.1465917853739513,False
950,0.25917547649833234,False,0.20753543659972162,False,0.2801534177529014,False,0.21650933136856115,False,0.20753543659972162,False
951,0.08619793470563875,False,0.17097977458143848,False,0.259581614108304,False,0.18274642024867105,False,0.08619793470563875,False
952,0.23011057368629112,False,0.22903377266155356,False,0.24847199641744833,False,0.24771711649121758,False,0.22903377266155356,False
953,0.1792188461658621,False,0.23876378528444547,False,0.24752589830244776,False,0.19496229440617457,False,0.1792188461658621,False
954,0.22131617424249483,False,0.22980184722435648,False,0.27844710146506396,False,0.13349502726285095,False,0.13349502726285095,False
955,0.24337617602746808,False,0.1092884169470667,False,0.1976337541505062,False,0.22290034080482646,False,0.1092884169470667,False
956,0.20532106686718005,False,0.2391398535903465,False,0.1932194049444989,False,0.22281419023753207,False,0.1932194049444989,False
957,0.23264044397493844,False,0.07516206226521949,False,0.25582561659010944,False,0.15421961876958085,False,0.07516206226521949,False
958,0.2556467459139899,False,0.22413200859188864,False,0.2453532336607468,False,0.21509567289574855,False,0.21509567289574855,False
959,0.2489221854459724,False,0.23548392455630823,False,0.18077282072349882,False,0.1558619203671871,False,0.1558619203671871,False
960,0.23975987153208883,False,0.21512832529456827,False,0.23079619548310032,False,0.20401502294923513,False,0.20401502294923513,False
961,0.2569489975696363,False,0.225602044082292,False,0.27717963915476007,False,0.1994068835960045,False,0.1994068835960045,False
962,0.21942141148272282,False,0.24936753259513295,False,0.17032289771868248,False,0.2419779828378194,False,0.17032289771868248,False
963,0.2295252081938935,False,0.16949921889080322,False,0.2831844879864178,False,0.2521435811193262,False,0.16949921889080322,False
964,0.23682235399232526,False,0.21943701080071887,False,0.26283822197413964,False,0.2273178241991714,False,0.21943701080071887,False
965,0.24671746404633627,False,0.2464878171511986,False,0.27028543575048214,False,0.1986113753299475,False,0.1986113753299475,False
966,0.2653017390837771,False,0.2151262375937783,False,0.23895947240850413,False,0.20750661209224452,False,0.20750661209224452,False
967,0.20528295638652566,False,0.1949067694663716,False,0.24474487154619562,False,0.22077597099400342,False,0.1949067694663716,False
968,0.14878303447298352,False,0.20499355860702456,False,0.23628775501162835,False,0.18360587238841508,False,0.14878303447298352,False
969,0.2301340280483194,False,0.2143156837895655,False,0.2737044146076361,False,0.24411897892084689,False,0.2143156837895655,False
970,0.19314733332037226,False,0.20026170472373883,False,0.2858080061916736,False,0.2456700718815279,False,0.19314733332037226,False
971,0.23114556894714272,False,0.24247007594980496,False,0.24976693192004978,False,0.2303547420735217,False,0.2303547420735217,False
972,0.25321719765703843,False,0.1899093392723607,False,0.2598356939885553,False,0.21233756540334575,False,0.1899093392723607,False
973,0.1835529305095419,False,0.2174774801728323,False,0.2633567740192573,False,0.2501958384896143,False,0.1835529305095419,False
974,0.23398020486674614,False,0.1556742152153432,False,0.25423722653082426,False,0.21959065862816168,False,0.1556742152153432,False
975,0.22632582855936595,False,0.21467971565083838,False,0.22577617674081235,False,0.22212777295014452,False,0.21467971565083838,False
976,0.2257820376272177,False,0.23758655028501646,False,0.2918578554788845,False,0.20671984322069847,False,0.20671984322069847,False
977,0.2590765767575086,False,0.24503991377078432,False,0.2874763374710271,False,0.23984729789021564,False,0.23984729789021564,False
978,0.23366286089203786,False,0.17880913033051693,False,0.12074819878734033,False,0.19366044580499886,False,0.12074819878734033,False
979,0.25139014940181975,False,0.24927417799817864,False,0.2549767750811807,False,0.22614883574564015,False,0.22614883574564015,False
980,0.2449934361858052,False,0.04333575183078742,False,0.2283096240910099,False,0.20065823265166172,False,0.04333575183078742,False
981,0.24218079966900863,False,0.23600128640004414,False,0.22609588330066088,False,0.16005668445287274,False,0.16005668445287274,False
982,0.2111090945948229,False,0.19206115941032703,False,0.2645862498873556,False,0.15344033366011667,False,0.15344033366011667,False
983,0.24307366922446277,False,0.04337774899845093,False,0.24388397291050617,False,0.22963906346373164,False,0.04337774899845093,False
984,0.23027516642142293,False,0.21901322322439815,False,0.22694471742266886,False,0.14946759901066997,False,0.14946759901066997,False
985,0.13910899678600963,False,0.1556490794800931,False,0.2301925509517661,False,0.16619842063335988,False,0.13910899678600963,False
986,0.21411521914650605,False,0.21705233445406047,False,0.24248151826646558,False,0.24479620828522952,False,0.21411521914650605,False
987,0.2613015556812659,False,0.18868135868107627,False,0.27282085691118996,False,0.23815844882970316,False,0.18868135868107627,False
988,0.24544021765670582,False,0.23181263281574355,False,0.2286566370436322,False,0.12500744455577706,False,0.12500744455577706,False
989,0.23897572779616738,False,0.21508309433588074,False,0.2724519252785865,False,0.20994112658114195,False,0.20994112658114195,False
990,0.1884229358104607,False,0.22612227451750921,False,0.2544690581740511,False,0.24820522934027006,False,0.1884229358104607,False
991,0.22212088675287434,False,0.1730691954958649,False,0.26523233287826103,False,0.21743282180563472,False,0.1730691954958649,False
992,0.23407087594118364,False,0.21716966442812363,False,0.2791963386740887,False,0.24309085359200527,False,0.21716966442812363,False
993,0.2543081069370004,False,0.23009718154071185,False,0.23987165345574707,False,0.24144102421798097,False,0.23009718154071185,False
994,0.22963140863905906,False,0.15956480896865272,False,0.25127008867261175,False,0.21229280129412148,False,0.15956480896865272,False
995,0.24063717651625033,False,0.24042839245341208,False,0.18646961307428767,False,0.21561362472013068,False,0.18646961307428767,False
996,0.26124917142418297,False,0.16978239252188443,False,0.28279704733725647,False,0.20084610635683864,False,0.16978239252188443,False
997,0.17962436839226037,False,0.2237468609955756,False,0.2698473665066712,False,0.1321729073694548,False,0.1321729073694548,False
998,0.18052979562563692,False,0.22052201081577794,False,0.26374068274447315,False,0.2164350028374653,False,0.18052979562563692,False
999,0.2261698657931706,False,0.19038748678868744,False,0.27718014360170695,False,0.1726638717558519,False,0.1726638717558519,False
1000,0.21332966920739727,False,0.16320552651354558,False,0.22902925043352024,False,0.1347115832261213,False,0.1347115832261213,False
1001,0.24799351534790975,False,0.13188237442962053,False,0.20362795847671378,False,0.2310550590880734,False,0.13188237442962053,False
1002,0.1879748619285001,False,0.22344522499966274,False,0.2904183489653306,False,0.1889836809736552,False,0.1879748619285001,False
1003,0.22008953910181211,False,0.23243105116128754,False,0.19944124133936458,False,0.22164403809848598,False,0.19944124133936458,False
1004,0.218764928143164,False,0.19295956311955548,False,0.2580724380856994,False,0.2267309697587387,False,0.19295956311955548,False
1005,0.232543211106169,False,0.23386745067175163,False,0.1984765175052925,False,0.14857568892482936,False,0.14857568892482936,False
1006,0.24056626007348342,False,0.2425156849563741,False,0.23661998904026826,False,0.21874101459123213,False,0.21874101459123213,False
1007,0.25915572082910926,False,0.2316692353619474,False,0.22367564986371535,False,0.12486893217849859,False,0.12486893217849859,False
1008,0.22272607253629306,False,0.19178305835939258,False,0.1561698760493878,False,0.1637248831016711,False,0.1561698760493878,False
1009,0.16074669752002113,False,0.2420912183190233,False,0.19885186246801395,False,0.2291002843532864,False,0.16074669752002113,False
1010,0.2319936168350905,False,0.19226936383912224,False,0.20882265466775923,False,0.15416076885553215,False,0.15416076885553215,False
1011,0.2467414522179045,False,0.23041361521054932,False,0.23413092037091005,False,0.24266308334669812,False,0.23041361521054932,False
1012,0.19612039251166052,False,0.23945210879460005,False,0.2580508801197705,False,0.1913515208346218,False,0.1913515208346218,False
1013,0.21729154656852884,False,0.20054055337327015,False,0.2553564038925272,False,0.2082902278856163,False,0.20054055337327015,False
1014,0.2677015968571114,False,0.2249761388344722,False,0.24009811581187251,False,0.17173021464031613,False,0.17173021464031613,False
1015,0.22934714401137052,False,0.18637606306113513,False,0.29477452757535155,False,0.22436053359176822,False,0.18637606306113513,False
1016,0.2545708453615277,False,0.250855324840163,False,0.24940212283712548,False,0.11348612896959032,False,0.11348612896959032,False
1017,0.15660556020666339,False,0.23162996020792803,False,0.2682658897558749,False,0.1533911661213016,False,0.1533911661213016,False
1018,0.24714128014330528,False,0.20424863577443741,False,0.22050705337867194,False,0.23049271868878518,False,0.20424863577443741,False
1019,0.20236044794990443,False,0.23923994391129638,False,0.26365312395576807,False,0.16524123065064222,False,0.16524123065064222,False
1020,0.2485281984852583,False,0.2003461337459877,False,0.24676493247745213,False,0.20391609131691502,False,0.2003461337459877,False
1021,0.22431744350657695,False,0.2286044436521082,False,0.2838592756150979,False,0.24472767878770102,False,0.22431744350657695,False
1022,0.25779470726161563,False,0.24439616417977938,False,0.23775481490987788,False,0.2353106636535901,False,0.2353106636535901,False
1023,0.15389397741063077,False,0.21732856515565951,False,0.2876153566962129,False,0.1646570705896917,False,0.15389397741063077,False
1024,0.2300036667871278,False,0.22609778729887586,False,0.2601813765713516,False,0.21396184712833893,False,0.21396184712833893,False
1025,0.2158716613197938,False,0.20690644669985347,False,0.2289570208139498,False,0.23247014923703874,False,0.20690644669985347,False
1026,0.25656075268072454,False,0.19241368396268582,False,0.25694720688488576,False,0.18372133996058576,False,0.18372133996058576,False
1027,0.19217240003366765,False,0.20671228019418658,False,0.20733903857594949,False,0.1820370809269879,False,0.1820370809269879,False
1028,0.2572816239590235,False,0.2551543187520444,False,0.2338457580436032,False,0.22211201377757567,False,0.22211201377757567,False
1029,0.21152039926643473,False,0.11231063637879335,False,0.2611206284692645,False,0.20483691949861677,False,0.11231063637879335,False
1030,0.2195333894731194,False,0.18936363717541416,False,0.2557491111155066,False,0.2305508121538581,False,0.18936363717541416,False
1031,0.1345113598841039,False,0.15870922946089633,False,0.26446089948307366,False,0.22396873497006292,False,0.1345113598841039,False
1032,0.13406727057710688,False,0.21934835355497923,False,0.24220594196963557,False,0.051566806746710436,False,0.051566806746710436,False
1033,0.2507500203540055,False,0.12945034128570027,False,0.2009074950170961,False,0.18609379145200672,False,0.12945034128570027,False
1034,0.2568646665392483,False,0.21458018644949578,False,0.20263248995735178,False,0.221675743488636,False,0.20263248995735178,False
1035,0.23909359887622178,False,0.209115137789183,False,0.2417548803814636,False,0.2120809927284027,False,0.209115137789183,False
1036,0.22002150486939087,False,0.22685372688458727,False,0.28756073946375343,False,0.24688362241432787,False,0.22002150486939087,False
1037,0.2369221510076162,False,0.19757836620382674,False,0.2255601010590464,False,0.245324065820048,False,0.19757836620382674,False
1038,0.24301984764110446,False,0.22371782628724707,False,0.2535005700503938,False,0.06632995551282017,False,0.06632995551282017,False
1039,0.2676418003970457,False,0.23011613278416465,False,0.2208841949519207,False,0.21502539725107012,False,0.21502539725107012,False
1040,0.24182709545606607,False,0.2345493145106971,False,0.255773290954672,False,0.13058827547572627,False,0.13058827547572627,False
1041,0.25360097927145775,False,0.22600722501095777,False,0.271564851791749,False,0.16753301558487282,False,0.16753301558487282,False
1042,0.2471489160480751,False,0.23127782857882562,False,0.2759399709055401,False,0.21113412773403106,False,0.21113412773403106,False
1043,0.2522221481920849,False,0.22027559516698525,False,0.25242973773390515,False,0.2329630982976016,False,0.22027559516698525,False
1044,0.1939571066882571,False,0.24847859418252183,False,0.2598545630008936,False,0.2332890003684579,False,0.1939571066882571,False
1045,0.2586035243440367,False,0.1643290368943247,False,0.18097113443555202,False,0.15813869591381607,False,0.15813869591381607,False
1046,0.21068028120370969,False,0.1755902092583425,False,0.08197504368799202,False,0.1573447492462554,False,0.08197504368799202,False
1047,0.1273833259764663,False,0.1915280448856984,False,0.26053745774381554,False,0.22503460942738646,False,0.1273833259764663,False
1048,0.24697781943667807,False,0.14114442258599152,False,0.24440341196582355,False,0.20848095224890728,False,0.14114442258599152,False
1049,0.2237420636102419,False,0.17540338757695423,False,0.24318703841879152,False,0.23906464882000572,False,0.17540338757695423,False
1050,0.1401003640163222,False,0.17564912021316909,False,0.19351775360181134,False,0.23141453332287487,False,0.1401003640163222,False
1051,0.18451039945181524,False,0.18070479302864356,False,0.1985944453660322,False,0.11987465024143795,False,0.11987465024143795,False
1052,0.21911337941577885,False,0.23076201806795354,False,0.2588739163213357,False,0.15464926256335926,False,0.15464926256335926,False
1053,0.09034387070710725,False,0.1332954368143328,False,0.20017922954354883,False,0.21510974511976094,False,0.09034387070710725,False
1054,0.255039579950066,False,0.1736951391137434,False,0.23771774291778008,False,0.15834252852245084,False,0.15834252852245084,False
1055,0.12625678381890826,False,0.17487894538525195,False,0.23653113987881225,False,0.18062528660967275,False,0.12625678381890826,False
1056,0.19097294160981232,False,0.239968789950599,False,0.29096157822416036,False,0.21125708614036148,False,0.19097294160981232,False
1057,0.22114922796522318,False,0.1810299409929555,False,0.15280830417799862,False,0.1856732645733667,False,0.15280830417799862,False
1058,0.24378504589128097,False,0.22406518413295268,False,0.2054675788130637,False,0.2063193172693087,False,0.2054675788130637,False
1059,0.24694223786319203,False,0.1800924321815699,False,0.24566876251279884,False,0.19409866356298167,False,0.1800924321815699,False
1060,0.25879323335448606,False,0.20692219731627026,False,0.25996434865460216,False,0.22163476404553534,False,0.20692219731627026,False
1061,0.25491445863493534,False,0.23413293416771208,False,0.24372088279777965,False,0.2488158897211764,False,0.23413293416771208,False
1062,0.22888941158998416,False,0.23345858964704858,False,0.23007738048893883,False,0.2407751842371454,False,0.22888941158998416,False
1063,0.2584068975152857,False,0.2076506708490209,False,0.24923559026048953,False,0.21928996008185364,False,0.2076506708490209,False
1064,0.2497319366578688,False,0.23876544262514526,False,0.2686059275207292,False,0.16100149493255927,False,0.16100149493255927,False
1065,0.2566505861512118,False,0.2142409520672272,False,0.21187590726119387,False,0.23935707865752354,False,0.21187590726119387,False
1066,0.24638606655856615,False,0.18325338539643155,False,0.24356245997308995,False,0.19791205525047728,False,0.18325338539643155,False
1067,0.2014193966719034,False,0.1955196431815565,False,0.2405565096000089,False,0.25524734500550117,False,0.1955196431815565,False
1068,0.22955475954747723,False,0.1877565656729649,False,0.27658712133712043,False,0.2402879763820744,False,0.1877565656729649,False
1069,0.2253151444722526,False,0.19996744268171257,False,0.26651040987346236,False,0.22425701554547817,False,0.19996744268171257,False
1070,0.23664134919014446,False,0.2160122524442824,False,0.2512558479689261,False,0.1794417591912229,False,0.1794417591912229,False
1071,0.21616640428766776,False,0.16176287646595827,False,0.23151829260700707,False,0.19874783167357235,False,0.16176287646595827,False
1072,0.24996080726795383,False,0.17839936698080566,False,0.2519404698150153,False,0.06427781807006439,False,0.06427781807006439,False
1073,0.2199519048540603,False,0.20682055609737365,False,0.23422824545942644,False,0.11745242786628962,False,0.11745242786628962,False
1074,0.15370805426985445,False,0.2169140058722826,False,0.14821573788637077,False,0.24866565379634054,False,0.14821573788637077,False
1075,0.24368946699295263,False,0.23336676982082266,False,0.23892822748532638,False,0.23219566347582693,False,0.23219566347582693,False
1076,0.24835161242779286,False,0.22382781193946977,False,0.2584308400192622,False,0.1940512301438701,False,0.1940512301438701,False
1077,0.26150180005052803,False,0.20756087382487454,False,0.2508645266870089,False,0.20747317155256684,False,0.20747317155256684,False
1078,0.24310589537326,False,0.22297930524633774,False,0.27945151818165964,False,0.23425485882465086,False,0.22297930524633774,False
1079,0.2397648772170759,False,0.2219485185028936,False,0.23390036308953688,False,0.23710770997262987,False,0.2219485185028936,False
1080,0.17324089370871526,False,0.20230985752320663,False,0.24332907191440445,False,0.22247810062297563,False,0.17324089370871526,False
1081,0.18746449464759374,False,0.2149010538529189,False,0.2848193623509765,False,0.1756229901175993,False,0.1756229901175993,False
1082,0.2353384901969648,False,0.22768944309780015,False,0.2065118571094694,False,0.2249774480339078,False,0.2065118571094694,False
1083,0.239564273931546,False,0.2100605733354004,False,0.20234579701525968,False,0.058730207752711205,False,0.058730207752711205,False
1084,0.22390735302847964,False,0.23928818427558174,False,0.2538977860602007,False,0.23722612319547165,False,0.22390735302847964,False
1085,0.2560464988743997,False,0.18810202277525662,False,0.2316088217902877,False,0.20453347637915514,False,0.18810202277525662,False
1086,0.25851167380610424,False,0.08051763621560348,False,0.23842603136681856,False,0.21702018384095717,False,0.08051763621560348,False
1087,0.23987962440799948,False,0.20492575420062986,False,0.1613942278337825,False,0.23529533849023732,False,0.1613942278337825,False
1088,0.20856684798993258,False,0.14234816576142917,False,0.26529899601443624,False,0.21909521453691216,False,0.14234816576142917,False
1089,0.2626206963346142,False,0.21781276570188657,False,0.27023008954463196,False,0.2312819012365674,False,0.21781276570188657,False
1090,0.2460063485700843,False,0.2243844968224435,False,0.24981371366993144,False,0.24737370475685022,False,0.2243844968224435,False
1091,0.17305301360237563,False,0.18142822002431613,False,0.2495492474140622,False,0.17819087987381438,False,0.17305301360237563,False
1092,0.23620851240402713,False,0.23250192050821866,False,0.2640055643827926,False,0.18022863749456036,False,0.18022863749456036,False
1093,0.21213680988867667,False,0.1905046006060665,False,0.24398000605606462,False,0.2380936734425944,False,0.1905046006060665,False
1094,0.25144601749009393,False,0.022821812017586818,False,0.2390074061105421,False,0.20469697467458448,False,0.022821812017586818,False
1095,0.21138406854429842,False,0.20487942858609337,False,0.248708375689353,False,0.23617793674129844,False,0.20487942858609337,False
1096,0.23525560601781764,False,0.15633375503290464,False,0.23438443517083968,False,0.19239439248418266,False,0.15633375503290464,False
1097,0.2230135422322848,False,0.21119686478748728,False,0.23677834534815478,False,0.23319139551845675,False,0.21119686478748728,False
1098,0.2346168610246699,False,0.16969903116480917,False,0.22219108688801942,False,0.24524490989193315,False,0.16969903116480917,False
1099,0.23523228734004636,False,0.24019764228556095,False,0.2859258465847426,False,0.19256185832450978,False,0.19256185832450978,False
1100,0.23304421502822442,False,0.1586347736706712,False,0.19443294530619937,False,0.19451055374556875,False,0.1586347736706712,False
1101,0.22423053352154343,False,0.21902371911419738,False,0.25052037256878495,False,0.2101357593994413,False,0.2101357593994413,False
1102,0.15260906091424303,False,0.16925163507607038,False,0.2643272732537979,False,0.1890727881238895,False,0.15260906091424303,False
1103,0.23643982439619765,False,0.21107502137581857,False,0.2878363099495235,False,0.19982670923236812,False,0.19982670923236812,False
1104,0.2401410497691392,False,0.2139394045349673,False,0.2629624229061111,False,0.18238428081466557,False,0.18238428081466557,False
1105,0.2425415625695247,False,0.24792055224839893,False,0.22566074627345623,False,0.21560856278802298,False,0.21560856278802298,False
1106,0.176669517957383,False,0.17181548468149577,False,0.21655464924194645,False,0.1465915254314652,False,0.1465915254314652,False
1107,0.1951632530699779,False,0.20621356519788075,False,0.25293080954987296,False,0.17026919047560635,False,0.17026919047560635,False
1108,0.2562944187670796,False,0.23056388319300092,False,0.21429205453904127,False,0.23360171731667917,False,0.21429205453904127,False
1109,0.23936723571815172,False,0.10916590336773446,False,0.2683184454866182,False,0.15028892022231644,False,0.10916590336773446,False
1110,0.2254287211196367,False,0.1450851744979979,False,0.27465332041152835,False,0.21457471694132757,False,0.1450851744979979,False
1111,0.24052647487886797,False,0.17904067592006728,False,0.24952982776634025,False,0.21966411943284775,False,0.17904067592006728,False
1112,0.23621124949083205,False,0.19248006316801508,False,0.2648008856389855,False,0.22842198271884212,False,0.19248006316801508,False
1113,0.15895835811704456,False,0.24443854936133774,False,0.24422767123964295,False,0.17280707461402117,False,0.15895835811704456,False
1114,0.22042210195129586,False,0.17044628411958007,False,0.2688486576031685,False,0.2125156090798878,False,0.17044628411958007,False
1115,0.2248538553296397,False,0.23467648922104078,False,0.2805609758703976,False,0.1531600214288854,False,0.1531600214288854,False
1116,0.22309534119403307,False,0.24815809020004748,False,0.26239592367985587,False,0.2417748260790522,False,0.22309534119403307,False
1117,0.21824824253568398,False,0.21314625373352558,False,0.25903736396523896,False,0.10478886534379239,False,0.10478886534379239,False
1118,0.2566560567012733,False,0.16763328254093846,False,0.21917432106874368,False,0.1856113561252058,False,0.16763328254093846,False
1119,0.15406634067824493,False,0.16190693317093996,False,0.26999620284020714,False,0.24150322124676066,False,0.15406634067824493,False
1120,0.22559382281049062,False,0.11562901176977913,False,0.2500259505175008,False,0.24286841794173974,False,0.11562901176977913,False
1121,0.1770522721020426,False,0.1536158591168572,False,0.20764148547091144,False,0.20586723627177722,False,0.1536158591168572,False
1122,0.25095219159676646,False,0.24222121609911584,False,0.24746646308806686,False,0.22208700630371292,False,0.22208700630371292,False
1123,0.09793689532550309,False,0.20288802926638866,False,0.2556593213772353,False,0.18442211924539115,False,0.09793689532550309,False
1124,0.0924890488362492,False,0.19812982333545215,False,0.2757686682655069,False,0.23057426244941326,False,0.0924890488362492,False
1125,0.23695105648877823,False,0.18832136096353363,False,0.20271904511124,False,0.19867419069510722,False,0.18832136096353363,False
1126,0.2162532312558188,False,0.22657205171048778,False,0.22364802272747974,False,0.23531176121182035,False,0.2162532312558188,False
1127,0.2143163197798873,False,0.20843159500778297,False,0.2491274594694034,False,0.18020073347334448,False,0.18020073347334448,False
1128,0.24381719053363748,False,0.22214263411933644,False,0.2474209690462864,False,0.24959184565516368,False,0.22214263411933644,False
1129,0.25542638542663154,False,0.23595934563965942,False,0.25835107442630095,False,0.20603956375669424,False,0.20603956375669424,False
1130,0.11374248456401193,False,0.23710152182958683,False,0.23554884593895342,False,0.1832678516555366,False,0.11374248456401193,False
1131,0.2473472380832042,False,0.19821411858094828,False,0.2684957737079629,False,0.19502870581876675,False,0.19502870581876675,False
1132,0.2323206252746441,False,0.17609610537036818,False,0.22706654116248576,False,0.20737196729869506,False,0.17609610537036818,False
1133,0.14002926196361454,False,0.18559517125730418,False,0.2593421679834371,False,0.1874002135057627,False,0.14002926196361454,False
1134,0.19114687041159983,False,0.2014141074789622,False,0.2744884837235783,False,0.18494991985535697,False,0.18494991985535697,False
1135,0.25637507311565544,False,0.20375807608164553,False,0.18907658740268368,False,0.2280135898818213,False,0.18907658740268368,False
1136,0.17364373122508053,False,0.13543637879997955,False,0.2576869604485943,False,0.17597979984891376,False,0.13543637879997955,False
1137,0.23509347462782604,False,0.18358314432834327,False,0.18882530466902414,False,0.23682657227155257,False,0.18358314432834327,False
1138,0.2597470899385631,False,0.01786274454941883,False,0.2099527363395866,False,0.21385906883063494,False,0.01786274454941883,False
1139,0.25156315448082184,False,0.21246245497045796,False,0.23880420574774552,False,0.18296025965475965,False,0.18296025965475965,False
1140,0.2601279913303946,False,0.11991947375083778,False,0.131519573827231,False,0.20130454452806396,False,0.11991947375083778,False
1141,0.2554277263272456,False,0.20812606341240625,False,0.2253298261855216,False,0.20987915698000947,False,0.20812606341240625,False
1142,0.19615042399778887,False,0.1397781388681268,False,0.2612492167451754,False,0.22068025089130844,False,0.1397781388681268,False
1143,0.2614058696549273,False,0.21273517944510523,False,0.22528172283005116,False,0.2218200180816569,False,0.21273517944510523,False
1144,0.1430359769516263,False,0.19518346402854841,False,0.28746558195225785,False,0.22447820392148987,False,0.1430359769516263,False
1145,0.2481442802440768,False,0.20297359305129675,False,0.2563299964521403,False,0.2229092868583516,False,0.20297359305129675,False
1146,0.18274886623114833,False,0.18190995582886238,False,0.2773535122627295,False,0.16997992602187534,False,0.16997992602187534,False
1147,0.22676940632418385,False,0.20025459145282004,False,0.2339308675604414,False,0.18347953358865782,False,0.18347953358865782,False
1148,0.25034113119007806,False,0.18291778868641728,False,0.22819912342263393,False,0.21595752027563758,False,0.18291778868641728,False
1149,0.14749404168750824,False,0.018891387301659956,False,0.2593661900532596,False,0.2256244123151187,False,0.018891387301659956,False
1150,0.2531901515829034,False,0.21989164220859353,False,0.2259337140418261,False,0.2024591904243252,False,0.2024591904243252,False
1151,0.1962380555731243,False,0.24001608907940125,False,0.27065759938475564,False,0.2085461824483495,False,0.1962380555731243,False
1152,0.25712551013813684,False,0.23189152560887893,False,0.28309039455206725,False,0.24113475812999663,False,0.23189152560887893,False
1153,0.1695284294568717,False,0.1979383275800884,False,0.28153690146913635,False,0.24001329526819387,False,0.1695284294568717,False
1154,0.25099830935857187,False,0.19271793291604278,False,0.26332817095221317,False,0.2313129732965264,False,0.19271793291604278,False
1155,0.2152915187725603,False,0.18943534106070198,False,0.2667809044275689,False,0.23484151936888065,False,0.18943534106070198,False
1156,0.22897713289107158,False,0.2254290694982345,False,0.26184976431043416,False,0.20367002412179325,False,0.20367002412179325,False
1157,0.20999590401591367,False,0.24485169063916812,False,0.2790088249637945,False,0.2212242580907599,False,0.20999590401591367,False
1158,0.24421768693899198,False,0.17612916913821075,False,0.27065888904166685,False,0.1319240307336288,False,0.1319240307336288,False
1159,0.21876875880305174,False,0.19230928190004043,False,0.26382541505115387,False,0.06072408944152896,False,0.06072408944152896,False
1160,0.21133676171556603,False,0.22076277493246677,False,0.20461322133434834,False,0.210786341010613,False,0.20461322133434834,False
1161,0.23610423851399298,False,0.2180061957111707,False,0.28416325779093454,False,0.24573590906856402,False,0.2180061957111707,False
1162,0.21485679752704123,False,0.20935468194399848,False,0.2489814934494201,False,0.17064625642376136,False,0.17064625642376136,False
1163,0.21675821329980222,False,0.14383965082836542,False,0.2887035881483371,False,0.24366681998045253,False,0.14383965082836542,False
1164,0.24649218749240004,False,0.2222118121777265,False,0.26187663448092563,False,0.24227443931323178,False,0.2222118121777265,False
1165,0.1431331593517774,False,0.1352349449694641,False,0.2259729842433501,False,0.1092713147304778,False,0.1092713147304778,False
1166,0.2476495346194328,False,0.23001911692258598,False,0.24836452283027505,False,0.21307255503110473,False,0.21307255503110473,False
1167,0.22319040346746472,False,0.19818532992200005,False,0.21859741534898308,False,0.19497538060398556,False,0.19497538060398556,False
1168,0.2147263556439955,False,0.17232678845243038,False,0.22602079637410954,False,0.2174847796677824,False,0.17232678845243038,False
1169,0.11885772876301004,False,0.16368166296098424,False,0.2024895542483871,False,0.21097807694761128,False,0.11885772876301004,False
1170,0.2392535472839043,False,0.2205140221694053,False,0.2852363194342676,False,0.23531665113196498,False,0.2205140221694053,False
1171,0.1753653230563963,False,0.16555375116101112,False,0.24258395001977623,False,0.24639154549586179,False,0.16555375116101112,False
1172,0.21222624857781075,False,0.19807578086805805,False,0.18249837129705543,False,0.21018698774979017,False,0.18249837129705543,False
1173,0.17414166942162995,False,0.2510887091184803,False,0.26283281587677765,False,0.16454133865121007,False,0.16454133865121007,False
1174,0.22223868737614877,False,0.17760896866890186,False,0.25854643314196113,False,0.20183870748529797,False,0.17760896866890186,False
1175,0.13950570618157476,False,0.1376232618932282,False,0.1945222722196398,False,0.2244430468419401,False,0.1376232618932282,False
1176,0.22098173398713167,False,0.21295764918387905,False,0.26538336602045326,False,0.20786317172153013,False,0.20786317172153013,False
1177,0.2379904478406869,False,0.2277191566510089,False,0.24227989968181318,False,0.22889950148538024,False,0.2277191566510089,False
1178,0.25682208581060956,False,0.22601591159765078,False,0.20048403686015887,False,0.18397632084345739,False,0.18397632084345739,False
1179,0.22223068245578564,False,0.20189640910841206,False,0.2750080762259101,False,0.22502959366974623,False,0.20189640910841206,False
1180,0.2076381784132706,False,0.2052262086482975,False,0.28342604916434533,False,0.2152764815412695,False,0.2052262086482975,False
1181,0.23192816396659527,False,0.16946208887687753,False,0.2557559988394024,False,0.19996734158078588,False,0.16946208887687753,False
1182,0.24789137422423496,False,0.2220748625509532,False,0.2586955987848177,False,0.18680307036105254,False,0.18680307036105254,False
1183,0.24408350087055575,False,0.1850137894767182,False,0.2201857563865512,False,0.1574041179071778,False,0.1574041179071778,False
1184,0.23185222993409116,False,0.18134449366946848,False,0.24865377932323596,False,0.2101065327522894,False,0.18134449366946848,False
1185,0.21677090456467746,False,0.19681207150386426,False,0.25738142605403624,False,0.1750798535190971,False,0.1750798535190971,False
1186,0.2340373406670429,False,0.20023631551001153,False,0.23023281580261085,False,0.14479737253856578,False,0.14479737253856578,False
1187,0.2633678119187347,False,0.18974308425371783,False,0.21900176822571876,False,0.18158286848841615,False,0.18158286848841615,False
1188,0.2460022293677736,False,0.24356467895340406,False,0.265802479724011,False,0.17693448841027376,False,0.17693448841027376,False
1189,0.11497639595221809,False,0.16596942626705802,False,0.2684018138972483,False,0.170393896995712,False,0.11497639595221809,False
1190,0.22511073272903576,False,0.2558740485485872,False,0.2575352766198313,False,0.15138006675379684,False,0.15138006675379684,False
1191,0.2462456065586578,False,0.19491073685831906,False,0.2305983811756266,False,0.21174863933273258,False,0.19491073685831906,False
1192,0.027121677623941243,False,0.18124425664333954,False,0.204281608306785,False,0.20595572629497083,False,0.027121677623941243,False
1193,0.2710284879107031,False,0.17091461551915021,False,0.2617967331280249,False,0.23213469828714067,False,0.17091461551915021,False
1194,0.13838243269889616,False,0.17594347383522668,False,0.25498441207988604,False,0.2117810838239768,False,0.13838243269889616,False
1195,0.21030449279458935,False,0.17528721379625684,False,0.2613837290307267,False,0.21504105635777981,False,0.17528721379625684,False
1196,0.23921775518677602,False,0.162724445350522,False,0.2769206275429668,False,0.18072303754267732,False,0.162724445350522,False
1197,0.20543737643661997,False,0.1930194329641497,False,0.18835932965954494,False,0.19838164572194628,False,0.18835932965954494,False
1198,0.21457010254169118,False,0.20476700753492016,False,0.2741696008129278,False,0.17817386986433176,False,0.17817386986433176,False
1199,0.2234542688661137,False,0.226403546400685,False,0.17502791382827348,False,0.11475134509427076,False,0.11475134509427076,False
1200,0.20545265222214526,False,0.06538673576693332,False,0.24384355650467143,False,0.15953104239456112,False,0.06538673576693332,False
1201,0.17592748945743847,False,0.12909656175642137,False,0.2314288662537674,False,0.2284218416957567,False,0.12909656175642137,False
1202,0.1516826823892959,False,0.2127829301887596,False,0.23770120427213204,False,0.2230606768911445,False,0.1516826823892959,False
1203,0.19781235744110265,False,0.20879173071603613,False,0.23209292259525,False,0.21501867979029038,False,0.19781235744110265,False
1204,0.2486978800401764,False,0.23879465199180616,False,0.26885470347523316,False,0.2328714583820099,False,0.2328714583820099,False
1205,0.2300472743625933,False,-0.02196813021127808,True,0.26319374529890094,False,0.10092969373591887,False,-0.02196813021127808,True
1206,0.21342894837045,False,0.19176796264176976,False,0.22855230576551894,False,0.2427145429926723,False,0.19176796264176976,False
1207,0.2321842806729607,False,0.23421188663183268,False,0.23884800788906546,False,0.224578303822414,False,0.224578303822414,False
1208,0.18608314673599696,False,0.1860455641213148,False,0.2557850140358184,False,0.24182552351273778,False,0.1860455641213148,False
1209,0.16997936740449698,False,0.20441120196168827,False,0.21720274684025975,False,0.17814123527064107,False,0.16997936740449698,False
1210,0.2077813199502888,False,0.145360032137968,False,0.26583962248251597,False,0.2175529198642529,False,0.145360032137968,False
1211,0.17621578192177484,False,0.1822113239720336,False,0.2872048372278376,False,0.18009234109272737,False,0.17621578192177484,False
1212,0.12303471789337572,False,0.20521544347249332,False,0.2540997607393536,False,0.19852479621115432,False,0.12303471789337572,False
1213,0.19705196368653988,False,0.12414772081003544,False,0.27787342167798157,False,0.21120464791792593,False,0.12414772081003544,False
1214,0.18111394244368711,False,0.14876674804759715,False,0.25614455369774447,False,0.1820455468983856,False,0.14876674804759715,False
1215,0.17601596265286434,False,0.19103942681606695,False,0.2711358985481748,False,0.2218475316442044,False,0.17601596265286434,False
1216,0.22700142015511177,False,0.23449657559715004,False,0.18072876817340128,False,0.16776855514606148,False,0.16776855514606148,False
1217,0.2322397904031661,False,0.2477020301721224,False,0.21258334223118808,False,0.2229115750798541,False,0.21258334223118808,False
1218,0.23174593661602727,False,0.20421479782654411,False,0.20312423765437093,False,0.2136272609326587,False,0.20312423765437093,False
1219,0.2532410001607375,False,0.2558226539837143,False,0.2334924564594117,False,0.23701894889156216,False,0.2334924564594117,False
1220,0.2514852024170445,False,0.22175690334358839,False,0.20009959978495462,False,0.20473145809185495,False,0.20009959978495462,False
1221,0.17690405112174146,False,0.1586810751566759,False,0.2304954454188763,False,0.1877482440644908,False,0.1586810751566759,False
1222,0.22312766194400663,False,0.14432555355083992,False,0.19140590491438064,False,0.19503997581345933,False,0.14432555355083992,False
1223,0.22353677969400404,False,0.2205734098704878,False,0.2578785221233,False,0.05473050142746627,False,0.05473050142746627,False
1224,0.17340785532731817,False,0.22459054097756515,False,0.2541709227749897,False,0.1991483509577897,False,0.17340785532731817,False
1225,0.208692405502304,False,0.21520877574745673,False,0.23796347099736875,False,0.18163751333593625,False,0.18163751333593625,False
1226,0.1937171691870766,False,0.2452013226425992,False,0.17835500234436258,False,0.22963086833252366,False,0.17835500234436258,False
1227,0.24693992209865,False,0.22436831470027557,False,0.2227266318797071,False,0.18443080274660362,False,0.18443080274660362,False
1228,0.1682083906850665,False,0.1529823943407791,False,0.22469713917181616,False,0.20013320324766248,False,0.1529823943407791,False
1229,0.23312695685506563,False,0.2332562018409975,False,0.22454348053324108,False,0.17393288731941314,False,0.17393288731941314,False
1230,0.07350936656127982,False,0.13539097304095804,False,0.2614796025226092,False,0.18559013642988292,False,0.07350936656127982,False
1231,0.23782271237927627,False,0.11845132078733134,False,0.2774136467729897,False,0.24998235312595968,False,0.11845132078733134,False
1232,0.22497171735609595,False,0.19078835086390622,False,0.21594003341422008,False,0.13299685610521633,False,0.13299685610521633,False
1233,0.20445996202745953,False,0.20607396413138324,False,0.2641399935257113,False,0.23814034665860023,False,0.20445996202745953,False
1234,0.21826299386109427,False,0.2037113390026566,False,0.23167348293363504,False,0.10900069174736127,False,0.10900069174736127,False
1235,0.15412415134803942,False,0.13427294256318784,False,0.21527985329433424,False,0.16996392900407942,False,0.13427294256318784,False
1236,0.23101156077319074,False,0.2024073449056762,False,0.28360718080314706,False,0.18075001100944027,False,0.18075001100944027,False
1237,0.2178234610569238,False,0.24046670428230915,False,0.28331528107485426,False,0.23665218330093968,False,0.2178234610569238,False
1238,0.23667022115369085,False,0.25591759516816137,False,0.2804383626053955,False,0.21182501886233868,False,0.21182501886233868,False
1239,0.16728387148882423,False,0.226185582892503,False,0.18973780854044925,False,0.08652235750542425,False,0.08652235750542425,False
1240,0.24775787981794278,False,0.21945575353190094,False,0.21703549020797347,False,0.2330357218427238,False,0.21703549020797347,False
1241,0.2374033565143555,False,0.1581329658989234,False,0.20574987097622804,False,0.23304101148922374,False,0.1581329658989234,False
1242,0.25518678031821185,False,0.07497674030965062,False,0.24915247043375088,False,0.22323781338000898,False,0.07497674030965062,False
1243,0.240797669899739,False,0.14038650559056215,False,0.20294170774205683,False,0.107482880312736,False,0.107482880312736,False
1244,0.20651725709203422,False,0.11451221825074154,False,0.2825609254713478,False,0.1628162577155926,False,0.11451221825074154,False
1245,0.2293701012370415,False,0.1440720402510865,False,0.24444683424685548,False,0.1917963380028726,False,0.1440720402510865,False
1246,0.1628984335205032,False,0.20785355014769746,False,0.22451963844910877,False,0.24599457698780763,False,0.1628984335205032,False
1247,0.24990922076961142,False,0.20104765811893677,False,0.2883987271466708,False,0.22035421679834094,False,0.20104765811893677,False
1248,0.23133503149874668,False,0.17846668624265682,False,0.2873888864681333,False,0.2377262771868427,False,0.17846668624265682,False
1249,0.1702675451467905,False,0.10788712065308403,False,0.1873589403882147,False,0.22050262691972772,False,0.10788712065308403,False
1250,0.2311167276054799,False,0.19834043632918963,False,0.22954737963546556,False,0.18723491724139657,False,0.18723491724139657,False
1251,0.2357546749656585,False,0.22832101118308373,False,0.28035458258802737,False,0.2240391239313922,False,0.2240391239313922,False
1252,0.2281404280390773,False,0.19460745773011873,False,0.19645173330179683,False,0.21783368621321542,False,0.19460745773011873,False
1253,0.2598814309250963,False,0.16465469422743434,False,0.20877592481794183,False,0.1717537700012451,False,0.16465469422743434,False
1254,0.2468481620881538,False,0.22789956848178938,False,0.2665672970085838,False,0.2141424202339533,False,0.2141424202339533,False
1255,0.25119966476104844,False,0.2302484624098209,False,0.24519456699115816,False,0.24655841211521856,False,0.2302484624098209,False
1256,0.22076637006376004,False,0.21909230296152993,False,0.26127090349150073,False,0.2323821280277769,False,0.21909230296152993,False
1257,0.23948261923509484,False,0.25075664842938444,False,0.20049990627528042,False,0.22287968014541565,False,0.20049990627528042,False
1258,0.2463747421498455,False,0.026555746412037506,False,0.2102907897308679,False,0.13930796350160324,False,0.026555746412037506,False
1259,0.06667192749597584,False,0.2316115536503015,False,0.27077060763144956,False,0.22402425427452316,False,0.06667192749597584,False
1260,0.23516640002058248,False,0.2344875018723731,False,0.2408898361456442,False,0.21259767940413205,False,0.21259767940413205,False
1261,0.2372485304371454,False,0.061582131623751146,False,0.27248167308556476,False,0.2107877320820476,False,0.061582131623751146,False
1262,0.23646042297130743,False,0.21492625294963602,False,0.2784467588740372,False,0.2283642348741775,False,0.21492625294963602,False
1263,0.16806431536815364,False,0.2273130437101673,False,0.2369671792330464,False,0.12961926457470097,False,0.12961926457470097,False
1264,0.25233892327404883,False,0.1953990598842728,False,0.2552564569059033,False,0.2431848372448469,False,0.1953990598842728,False
1265,0.20144228453554935,False,0.08664290198328861,False,0.2685863376910247,False,0.19199306972478875,False,0.08664290198328861,False
1266,0.2612657371525609,False,0.23077006551899476,False,0.25477604695557504,False,0.20824688744239334,False,0.20824688744239334,False
1267,0.22958579755284791,False,0.2469922975792363,False,0.2705544417275918,False,0.23120160205290086,False,0.22958579755284791,False
1268,0.2362645193026927,False,0.19363131158324776,False,0.23209775423300955,False,0.21586454792867815,False,0.19363131158324776,False
1269,0.24671300701786225,False,0.19607444930357654,False,0.2767670820731708,False,0.15787245627139568,False,0.15787245627139568,False
1270,0.24242423147315967,False,0.2329022562954754,False,0.2512657319121624,False,0.2432344455894842,False,0.2329022562954754,False
1271,0.1616211629471766,False,0.24577525573471448,False,0.2772855048212569,False,0.14156023049184602,False,0.14156023049184602,False
1272,0.24071508736716934,False,0.15350974199779255,False,0.21255891884020994,False,0.1971002333684208,False,0.15350974199779255,False
1273,0.1427604886609476,False,0.21671960335026758,False,0.23868752970611412,False,0.22870522071738875,False,0.1427604886609476,False
1274,0.23393134976707208,False,0.2252011321923168,False,0.2705888349014331,False,0.20831474493906338,False,0.20831474493906338,False
1275,0.26010078402477915,False,0.1559799617872753,False,0.29377625685140296,False,0.10520551708396897,False,0.10520551708396897,False
1276,0.23454717094536803,False,0.1845723160465974,False,0.2767215047273259,False,0.17584390681542006,False,0.17584390681542006,False
1277,0.23785425611203825,False,0.20371275348808165,False,0.09107530158028465,False,0.1800369220707383,False,0.09107530158028465,False
1278,0.23387699389152272,False,0.20838147056387607,False,0.24738142778269995,False,0.1441275492183035,False,0.1441275492183035,False
1279,0.24753873241627977,False,0.23655744337774598,False,0.2512332257989831,False,0.24882222681195937,False,0.23655744337774598,False
1280,0.23480063958612774,False,0.24776617206229617,False,0.2530864459865367,False,0.15289803333431767,False,0.15289803333431767,False
1281,0.25407220836191646,False,0.22848893038267337,False,0.23629550414203315,False,0.19364625614140119,False,0.19364625614140119,False
1282,0.23245259309656158,False,0.18842044251562623,False,0.2785466225225747,False,0.15602020640778164,False,0.15602020640778164,False
1283,0.22068442178962216,False,0.2125813307095789,False,0.237790609834043,False,0.20347844526696218,False,0.20347844526696218,False
1284,0.1774875377387758,False,0.11284351129665493,False,0.271053621670725,False,0.24976564612798008,False,0.11284351129665493,False
1285,0.2208513720062084,False,0.16363593733867182,False,0.2805240711185655,False,0.17149431439627982,False,0.16363593733867182,False
1286,0.25126754256602096,False,0.1910456144363894,False,0.2895645237824073,False,0.19010191522589492,False,0.19010191522589492,False
1287,0.2607129261260464,False,0.20922010559100152,False,0.250964584388837,False,0.21100690219028334,False,0.20922010559100152,False
1288,0.17215894879839305,False,0.1989831945067047,False,0.21878645772701882,False,0.12351955042227558,False,0.12351955042227558,False
1289,0.24135511978017793,False,0.23170958047234969,False,0.28338670374750347,False,0.19886509422844062,False,0.19886509422844062,False
1290,0.22214281237852473,False,0.16582682218372818,False,0.25978209688116854,False,0.14732163549926525,False,0.14732163549926525,False
1291,0.24935948433171767,False,0.18207657513185632,False,0.2722220308127329,False,0.19988334742769698,False,0.18207657513185632,False
1292,0.21605625827244923,False,0.24712495542397983,False,0.21020247546544113,False,0.22017396180821092,False,0.21020247546544113,False
1293,0.2597282730238611,False,0.22122936766523954,False,0.267006993123584,False,0.24168270301111916,False,0.22122936766523954,False
1294,0.22484433322064867,False,0.23151445924569986,False,0.26342409873370287,False,0.20906087835235554,False,0.20906087835235554,False
1295,0.24798125124431558,False,0.21587781352673358,False,0.17922726626916824,False,0.2229611838587806,False,0.17922726626916824,False
1296,0.22166562057892852,False,0.23843129371946192,False,0.2369688611954699,False,0.14872615394582717,False,0.14872615394582717,False
1297,0.1755395470216276,False,0.13899805389050734,False,0.2418743073834687,False,0.17758884291400912,False,0.13899805389050734,False
1298,0.155273818883014,False,0.2402504091450104,False,0.18262756855236933,False,0.05772080921552436,False,0.05772080921552436,False
1299,0.21006319053962652,False,0.10314657246718728,False,0.13859107140833626,False,0.18391863664261887,False,0.10314657246718728,False
1300,0.2495405146534489,False,0.19757453047889878,False,0.21797479715638857,False,0.22257010303703445,False,0.19757453047889878,False
1301,0.26163625338885965,False,0.21265685029713177,False,0.26069576907089465,False,0.2244393627450076,False,0.21265685029713177,False
1302,0.2702294298575057,False,0.1997450898850175,False,0.2680721641890642,False,0.21640194140074687,False,0.1997450898850175,False
1303,0.19419334533770327,False,0.16284699834116434,False,0.21406592429717675,False,0.1629654854150797,False,0.16284699834116434,False
1304,0.23175838913596863,False,0.23373663870275507,False,0.256887950526508,False,0.22999762325200118,False,0.22999762325200118,False
1305,0.1870574048484871,False,0.1737739821596031,False,0.2341463842849148,False,0.19985524525080783,False,0.1737739821596031,False
1306,0.20290236587627725,False,0.20073196090739925,False,0.19709978356418045,False,0.14416081789120538,False,0.14416081789120538,False
1307,0.17133621999494608,False,0.20043603171173352,False,0.2561522520825832,False,0.1722569057532103,False,0.17133621999494608,False
1308,0.22719207336784575,False,0.1302866462667881,False,0.21976445148106644,False,0.19497385586375132,False,0.1302866462667881,False
1309,0.25905842159164827,False,0.21164874770432213,False,0.2317963720425873,False,0.14718274539614667,False,0.14718274539614667,False
1310,0.19782697044779052,False,0.20418909693052828,False,0.26825051835333985,False,0.1807215615322978,False,0.1807215615322978,False
1311,0.2693668679599339,False,0.19219425406713353,False,0.2492829358882131,False,0.20395669204227485,False,0.19219425406713353,False
1312,0.21407765366400966,False,0.192300537203569,False,0.27335183990389145,False,0.2073101253090982,False,0.192300537203569,False
1313,0.17244088172364835,False,0.22411497439088945,False,0.2567303731782351,False,0.20026127217495082,False,0.17244088172364835,False
1314,0.2139804465406167,False,0.15285866309942708,False,0.27418076745027037,False,0.16473423952806604,False,0.15285866309942708,False
1315,0.1994201630786125,False,0.1906825386139293,False,0.26505297101411573,False,0.18343048149705155,False,0.18343048149705155,False
1316,0.27525840834836407,False,0.22245049576874804,False,0.26065466219635697,False,0.1925615190646603,False,0.1925615190646603,False
1317,0.16070813680871743,False,0.20741260604623013,False,0.26383474199596435,False,0.216955473160597,False,0.16070813680871743,False
1318,0.2428199051407281,False,0.2276249657467681,False,0.2850861686778712,False,0.225670044261417,False,0.225670044261417,False
1319,0.22365565091465595,False,0.24070016755492585,False,0.22305892713200126,False,0.23984663390666133,False,0.22305892713200126,False
1320,0.23398804657098943,False,0.14902664563480472,False,0.26569601437381496,False,0.14710852819091025,False,0.14710852819091025,False
1321,0.23542198845400553,False,0.25319062321656177,False,0.24660854537215893,False,0.14968868314175876,False,0.14968868314175876,False
1322,0.21457479429878,False,0.2315061883883205,False,0.23308912124749054,False,0.2206321466983298,False,0.21457479429878,False
1323,0.24384186663275625,False,0.21560527699084125,False,0.25850098691211465,False,0.23176971309089417,False,0.21560527699084125,False
1324,0.2360038783456071,False,0.08343468522093,False,0.20139657595559074,False,0.2153901996033934,False,0.08343468522093,False
1325,0.2524293964160112,False,0.22282414607544426,False,0.24527856319382801,False,0.16126389151008746,False,0.16126389151008746,False
1326,0.2375642741024015,False,0.1874213810984786,False,0.2702351627683516,False,0.23477596024737746,False,0.1874213810984786,False
1327,0.25044083122597305,False,0.1687593273733074,False,0.25555097517462816,False,0.23062467672151132,False,0.1687593273733074,False
1328,0.23354380295389615,False,0.06785938254487633,False,0.16706574086935577,False,0.22281288698524188,False,0.06785938254487633,False
1329,0.2389659737991912,False,0.14552750053924407,False,0.19650398754647463,False,0.20149361723177833,False,0.14552750053924407,False
1330,0.24917451865741003,False,0.15128462877551696,False,0.25798111883503316,False,0.16610992532398033,False,0.15128462877551696,False
1331,0.2432137387897093,False,0.2056166143363174,False,0.26461336730353024,False,0.25056029944270747,False,0.2056166143363174,False
1332,0.2373966223138691,False,0.20198057437163902,False,0.2506112068460912,False,0.19796832002720982,False,0.19796832002720982,False
1333,0.23588041518338093,False,0.12096988501688777,False,0.2528426459589874,False,0.21267635850815303,False,0.12096988501688777,False
1334,0.22238213016359182,False,0.10495036954794656,False,0.14626002425878937,False,0.06691583046068872,False,0.06691583046068872,False
1335,0.2225338753556539,False,0.1967142529087857,False,0.15500298983882455,False,0.21732476556965802,False,0.15500298983882455,False
1336,0.21330945622785286,False,0.1618181686271486,False,0.28098428184734064,False,0.2496957358774045,False,0.1618181686271486,False
1337,0.19665788823254615,False,0.2139557991383107,False,0.23245637583018053,False,0.23873209150395902,False,0.19665788823254615,False
1338,0.1560836016669353,False,0.20481554689173165,False,0.23227386631320912,False,0.21899950868098417,False,0.1560836016669353,False
1339,0.21239313836639578,False,0.1290251949702994,False,0.23477670429515363,False,0.21557581714415303,False,0.1290251949702994,False
1340,0.1810754012728074,False,0.14607035441816546,False,0.18960961379964286,False,0.23062635258141706,False,0.14607035441816546,False
1341,0.17746000890432945,False,0.14515587246641382,False,0.2719724724599162,False,0.2362672930581473,False,0.14515587246641382,False
1342,0.2374956917417031,False,0.2285717447187428,False,0.2724644675756087,False,0.2136001811797265,False,0.2136001811797265,False
1343,0.17621962138546338,False,0.23362640709225496,False,0.23781969301767714,False,0.19072268798541386,False,0.17621962138546338,False
1344,0.2313839301349105,False,0.16695714921513488,False,0.22897107398552702,False,0.2000126002903983,False,0.16695714921513488,False
1345,0.23689418735806128,False,0.09150223569698024,False,0.2640404458068181,False,0.22488704925394148,False,0.09150223569698024,False
1346,0.224313915583503,False,0.15930891240931122,False,0.2310284299148293,False,0.23900383047958412,False,0.15930891240931122,False
1347,0.25486012819021614,False,0.14384052345946396,False,0.19531800275281963,False,0.20964105959719115,False,0.14384052345946396,False
1348,0.23658973380540238,False,0.19642247268084861,False,0.2746053735154631,False,0.2343853830415663,False,0.19642247268084861,False
1349,0.2250717757743786,False,0.16291555942189018,False,0.1944437503200916,False,0.2103148802066928,False,0.16291555942189018,False
1350,0.24134061742322055,False,0.1462074492867475,False,0.23768828785361784,False,0.24647125005955955,False,0.1462074492867475,False
1351,0.24807392563089298,False,0.16738715904700424,False,0.23477754988671107,False,0.24092553967218433,False,0.16738715904700424,False
1352,0.22643611185501816,False,0.17711860834453103,False,0.24374606546120237,False,0.2439862148939536,False,0.17711860834453103,False
1353,0.25608435693916615,False,0.11409532311449289,False,0.21645859268888296,False,0.17283544305877985,False,0.11409532311449289,False
1354,0.19516256118280434,False,0.180057993557748,False,0.25298952911713835,False,0.2470322969834592,False,0.180057993557748,False
1355,0.19730658630561998,False,0.15586517020808233,False,0.20455581831348107,False,0.050588686440913744,False,0.050588686440913744,False
1356,0.22411937853001274,False,0.11672560070921956,False,0.24464075432580934,False,0.21817990358237782,False,0.11672560070921956,False
1357,0.18707238665843873,False,0.11080859201312965,False,0.24255317207252525,False,0.19551184020060342,False,0.11080859201312965,False
1358,0.24168143538941717,False,0.16910156216869032,False,0.27801573749314357,False,0.22770180330379763,False,0.16910156216869032,False
1359,0.1776572861742547,False,0.14444790116970557,False,0.2676520653638999,False,0.21764443301702247,False,0.14444790116970557,False
1360,0.2200203516586317,False,0.11072217531360817,False,0.26352068837150366,False,0.2384298678791864,False,0.11072217531360817,False
1361,0.21294698709503557,False,0.09966653467563158,False,0.22090157858806458,False,0.1858272688596484,False,0.09966653467563158,False
1362,0.23692103085108213,False,0.20017247127096,False,0.275114699065022,False,0.19716640136660402,False,0.19716640136660402,False
1363,0.2570087382080961,False,0.16888132947415485,False,0.16898481289712736,False,0.2101642251465124,False,0.16888132947415485,False
1364,0.21627735388859237,False,0.12552321108816822,False,0.2341092188195541,False,0.09202165132629614,False,0.09202165132629614,False
1365,0.237389316010504,False,0.19261219459658246,False,0.17611319761916933,False,0.21839546427555917,False,0.17611319761916933,False
1366,0.24976345622586155,False,0.13276085032912455,False,0.21373477047831047,False,0.25099230006200995,False,0.13276085032912455,False
1367,0.24705773153783595,False,0.12007278078774786,False,0.23057257673432036,False,0.22728010490390504,False,0.12007278078774786,False
1368,0.21321945077642018,False,0.14962885798852205,False,0.2176433782192157,False,0.22428704197074406,False,0.14962885798852205,False
1369,0.234836268303329,False,0.12054992260478781,False,0.26077954214499705,False,0.18365417859537914,False,0.12054992260478781,False
1370,0.2615995839725854,False,0.13925987604461415,False,0.255088836516462,False,0.20859085072571326,False,0.13925987604461415,False
1371,0.21343904203070818,False,0.13829476717544142,False,0.2144217685243533,False,0.2309823666399085,False,0.13829476717544142,False
1372,0.2254180442932625,False,0.18815039152001084,False,0.294914415045661,False,0.19945731030454278,False,0.18815039152001084,False
1373,0.2178929778855661,False,0.1093090986214087,False,0.13166286982889241,False,0.20747023448837593,False,0.1093090986214087,False
1374,0.2084904349173664,False,0.1075072419205878,False,0.2450651228869753,False,0.21000569096045857,False,0.1075072419205878,False
1375,0.12636051372010082,False,0.09317514798734072,False,0.2514598670636662,False,0.1986900381777475,False,0.09317514798734072,False
1376,0.1780457071433228,False,0.15524286573185508,False,0.18618861399381254,False,0.20994127973530796,False,0.15524286573185508,False
1377,0.2281062409546713,False,0.16226391531093376,False,0.2686517031748265,False,0.2076047456843858,False,0.16226391531093376,False
1378,0.21771404016909224,False,0.1838027881504497,False,0.22735940017659395,False,0.19585248259111304,False,0.1838027881504497,False
1379,0.2175667999613874,False,0.026639846463029082,False,0.22107339914192803,False,0.2202448005074803,False,0.026639846463029082,False
1380,0.2174742474354165,False,0.16601220878445822,False,0.2882788076976236,False,0.12388469179653089,False,0.12388469179653089,False
1381,0.20511382501963638,False,0.13756717018639242,False,0.23183877906527728,False,0.22234009339897115,False,0.13756717018639242,False
1382,0.12280596671211996,False,0.1600717773365855,False,0.2489449607100635,False,0.14722628796317688,False,0.12280596671211996,False
1383,0.2257252280511527,False,0.1401015013098047,False,0.2682638881926879,False,0.15916611112886736,False,0.1401015013098047,False
1384,0.21215479396266335,False,0.14765435216911454,False,0.28116624534822754,False,0.17236202162636854,False,0.14765435216911454,False
1385,0.2278864079492982,False,0.17683423205022714,False,0.2216332470153627,False,0.21208084960317192,False,0.17683423205022714,False
1386,0.20315303604652368,False,0.16866201564132666,False,0.21509445024539137,False,0.20462503500910506,False,0.16866201564132666,False
1387,0.24117787108365563,False,0.1178564247405719,False,0.24988403647852864,False,0.1695204600001936,False,0.1178564247405719,False
1388,0.2518185544331555,False,0.2094915249775029,False,0.2363947522561093,False,0.1957433168764316,False,0.1957433168764316,False
1389,0.19696021197488683,False,0.18420400277156024,False,0.2479698359666735,False,0.18892341169656868,False,0.18420400277156024,False
1390,0.24655151106874512,False,0.1429465092243994,False,0.24091878336239775,False,0.23226007085601746,False,0.1429465092243994,False
1391,0.19358866175902267,False,0.09047675739322592,False,0.25222883616860153,False,0.2256897353913584,False,0.09047675739322592,False
1392,0.1440690640925124,False,0.14653116779921882,False,0.23989485753619993,False,0.19227619010576286,False,0.1440690640925124,False
1393,0.1852757970783767,False,0.13629374873302164,False,0.2446191726400901,False,0.20540478678736857,False,0.13629374873302164,False
1394,0.17029709227648981,False,0.18012571787779574,False,0.25799131022613964,False,0.2231188066286678,False,0.17029709227648981,False
1395,0.13372541023432438,False,0.11034048662354534,False,0.21324133809008888,False,0.22784462174977238,False,0.11034048662354534,False
1396,0.23708228567753642,False,0.13506169500360393,False,0.24982965090722453,False,0.23327900574761945,False,0.13506169500360393,False
1397,0.1560693488565031,False,0.1239883478992958,False,0.25452667048229943,False,0.1712091476914796,False,0.1239883478992958,False
1398,0.228592342253714,False,0.10341529194782517,False,0.2542528491700933,False,0.21284685741085618,False,0.10341529194782517,False
1399,0.19609603343660015,False,0.15537160248618087,False,0.257029214561149,False,0.2240992472236193,False,0.15537160248618087,False
1400,0.2554782615802199,False,0.17703902433297625,False,0.26184370187055794,False,0.1842642732852784,False,0.17703902433297625,False
1401,0.17231126360054932,False,0.1281554803198175,False,0.2399465079339197,False,0.22117680404666978,False,0.1281554803198175,False
1402,0.10355242679630683,False,0.10264850427085959,False,0.188420777032284,False,0.23225830052304863,False,0.10264850427085959,False
1403,0.25172779025749853,False,0.09105761092245368,False,0.21835809181324023,False,0.14483709039089737,False,0.09105761092245368,False
1404,0.20585965520961852,False,0.0959586787590544,False,0.26182097254888254,False,0.22348911782055486,False,0.0959586787590544,False
1405,0.2092874371453089,False,0.15414446956308814,False,0.2199402506573131,False,0.1818299430527544,False,0.15414446956308814,False
1406,0.20158923454320726,False,0.17956455924020331,False,0.20865859636018008,False,0.15108046568396577,False,0.15108046568396577,False
1407,0.16622032919784446,False,0.17863235471852518,False,0.25715681962397074,False,0.1821573450160217,False,0.16622032919784446,False
1408,0.2485536182162703,False,0.15850354660115834,False,0.27263648747569247,False,0.2309913228048655,False,0.15850354660115834,False
1409,0.11967017408120328,False,0.11215348932979219,False,0.2219034402285599,False,0.18416124631420033,False,0.11215348932979219,False
1410,0.21403623926361603,False,0.1621531052775766,False,0.2133341937330313,False,0.24445297823467177,False,0.1621531052775766,False
1411,0.21945483013452932,False,0.16594218423712093,False,0.2467889057785947,False,0.21214212554828737,False,0.16594218423712093,False
1412,0.21408764399427932,False,0.1181436813845701,False,0.2594992569622231,False,0.22884279245858646,False,0.1181436813845701,False
1413,0.23586290738415,False,0.1534042583941151,False,0.16447997175426438,False,0.14451634310500355,False,0.14451634310500355,False
1414,0.23185204430091988,False,0.11444038126023415,False,0.25093301993292805,False,0.207652909717862,False,0.11444038126023415,False
1415,0.2574644911543007,False,0.15248556646535516,False,0.2482576095096004,False,0.2094670814566481,False,0.15248556646535516,False
1416,0.1892645516338175,False,0.1836290579981274,False,0.2377157567379723,False,0.21268393068221975,False,0.1836290579981274,False
1417,0.20898168347040352,False,0.16845241140249345,False,0.26598364468039026,False,0.23320641122310393,False,0.16845241140249345,False
1418,0.20841634454352137,False,0.12554954674504204,False,0.2349919494132181,False,0.20339436811883993,False,0.12554954674504204,False
1419,0.2454072462106553,False,0.1314588193766556,False,0.17949386111487553,False,0.24127186059363775,False,0.1314588193766556,False
1420,0.25502786514235154,False,0.19445081143985066,False,0.199162329578649,False,0.23372616910255495,False,0.19445081143985066,False
1421,0.2084336635950842,False,0.15662505007771077,False,0.23550582945662196,False,0.17563616601601462,False,0.15662505007771077,False
1422,0.1978038798501146,False,0.13135377028510065,False,0.2335485974620296,False,0.1837827289058181,False,0.13135377028510065,False
1423,0.2188827258603161,False,0.17081214734616618,False,0.20127649261200514,False,0.22915200419506748,False,0.17081214734616618,False
1424,0.2235301099437899,False,0.17708748788864553,False,0.2646270656686811,False,0.2046258133261845,False,0.17708748788864553,False
1425,0.1913192531182003,False,0.1838841731780298,False,0.22384847185905582,False,0.1719884798239653,False,0.1719884798239653,False
1426,0.222507025952774,False,0.20312176846394597,False,0.2438070043097763,False,0.12656220029435733,False,0.12656220029435733,False
1427,0.2345977001259394,False,0.09628763727228451,False,0.16318620917898652,False,0.18526460701456232,False,0.09628763727228451,False
1428,0.22495693194654381,False,0.18212766293199478,False,0.2372371963970228,False,0.2259492639370152,False,0.18212766293199478,False
1429,0.08083192602631672,False,0.21277187168333006,False,0.22010048655751507,False,0.1980243460603987,False,0.08083192602631672,False
1430,0.2317216079114599,False,0.21735051552124363,False,0.1894212210128,False,0.21312614968773202,False,0.1894212210128,False
1431,0.22482192654166117,False,0.13273936394778213,False,0.23823629095096643,False,0.17284630935640033,False,0.13273936394778213,False
1432,0.23464435713935794,False,0.15502089057600205,False,0.2864300085270605,False,0.21581081160456606,False,0.15502089057600205,False
1433,0.23812477252148823,False,0.16962036198170694,False,0.23712783761897877,False,0.13029092212920085,False,0.13029092212920085,False
1434,0.18803402381589568,False,0.17124944825051597,False,0.25076682257301386,False,0.002139538002456698,False,0.002139538002456698,False
1435,0.23963191842450232,False,0.14259452779982495,False,0.21332925793738428,False,0.1604462336235828,False,0.14259452779982495,False
1436,0.22477951400022095,False,0.15261610128368952,False,0.28522134582409925,False,0.18530114534877806,False,0.15261610128368952,False
1437,0.2321451436753456,False,0.17661828733410645,False,0.2432408919742542,False,0.18194683529721256,False,0.17661828733410645,False
1438,0.1857700820271197,False,0.15359718183890098,False,0.2690000029466236,False,0.24046356068335367,False,0.15359718183890098,False
1439,0.2519670738472249,False,0.10156525372352654,False,0.24025717477390723,False,0.15673412267755177,False,0.10156525372352654,False
1440,0.2359281549784733,False,0.15396881460845657,False,0.25824346943822873,False,0.2478521287157675,False,0.15396881460845657,False
1441,0.20462909158554277,False,0.1596682136535854,False,0.21181312431544302,False,0.19907342235281106,False,0.1596682136535854,False
1442,0.2526968565933646,False,0.14508730573778122,False,0.25951753186807097,False,0.05262263855642013,False,0.05262263855642013,False
1443,0.13442709523962404,False,-0.017533614894049587,True,0.20162786902275742,False,0.12764674910501972,False,-0.017533614894049587,True
1444,0.2543942548140341,False,0.10644518428432315,False,0.25450933223196415,False,0.18187930675786734,False,0.10644518428432315,False
1445,0.18256158574578596,False,0.04106728507816615,False,0.19327813011505313,False,0.14038397598125202,False,0.04106728507816615,False
1446,0.18110945768516856,False,0.21172574094937058,False,0.2075242915661339,False,0.2272818690976921,False,0.18110945768516856,False
1447,0.19877640922952322,False,0.02632726092965354,False,0.2694095916112289,False,0.1371902415645121,False,0.02632726092965354,False
1448,0.20640202805778257,False,0.12292752172188426,False,0.24630825475198936,False,0.22491131757119914,False,0.12292752172188426,False
1449,0.2521678402322215,False,0.1657228160427826,False,0.17593471538374417,False,0.20975089795281882,False,0.1657228160427826,False
1450,0.2367184326614422,False,0.16072961119898865,False,0.27991538534391736,False,0.21768535461117344,False,0.16072961119898865,False
1451,0.23314769591756723,False,0.16822359734229053,False,0.26086977690792607,False,0.1460569343874108,False,0.1460569343874108,False
1452,0.15345843142062987,False,0.13126011574121738,False,0.26285768264427084,False,0.12654090818755592,False,0.12654090818755592,False
1453,0.21916064866377183,False,0.14448631579626597,False,0.2446914269405065,False,0.22784627445607541,False,0.14448631579626597,False
1454,0.2343952237616574,False,0.17619441264502156,False,0.2506322519842417,False,0.20270759237869118,False,0.17619441264502156,False
1455,0.18135913587889801,False,0.09290025428983029,False,0.2964512814840402,False,-0.03159443376626747,True,-0.03159443376626747,True
1456,0.23582034540624613,False,0.16255929908432448,False,0.27367377617941707,False,0.12763937042424117,False,0.12763937042424117,False
1457,0.1606468946343968,False,0.18406221693466845,False,0.23094633657648445,False,0.165604350404371,False,0.1606468946343968,False
1458,0.17559577572116297,False,0.1524100617927862,False,0.2248139523458489,False,0.20810988562384775,False,0.1524100617927862,False
1459,0.1817440020692957,False,0.13966550270938832,False,0.2087070055162913,False,0.19404854433318647,False,0.13966550270938832,False
1460,0.13446649936887978,False,0.08824840305460702,False,0.21691224494359013,False,0.15871433370740856,False,0.08824840305460702,False
1461,0.18437729186300228,False,0.16647716010604247,False,0.2849501019592519,False,0.170165868030819,False,0.16647716010604247,False
1462,0.18833183469577464,False,0.14929919320532753,False,0.2279071638066324,False,0.2279875975410724,False,0.14929919320532753,False
1463,0.07010973385541541,False,0.12685872356520506,False,0.2465906352698759,False,0.19255780039517872,False,0.07010973385541541,False
1464,0.16306009027519436,False,0.17437868094861936,False,0.22678655183222696,False,0.17923623789041265,False,0.16306009027519436,False
1465,0.20866429608533704,False,0.11288447606590746,False,0.24915553940720764,False,0.10644657471671837,False,0.10644657471671837,False
1466,0.25643494860477,False,0.10975267616588302,False,0.25717105684783526,False,0.009436772309114105,False,0.009436772309114105,False
1467,0.21522282449918034,False,0.16837551801792638,False,0.2221216806808235,False,0.23208289100339247,False,0.16837551801792638,False
1468,0.22450307905562722,False,0.195716662875418,False,0.25197552606601276,False,0.18101564314377583,False,0.18101564314377583,False
1469,0.24088274099787926,False,0.14974549950257504,False,0.27730972154587424,False,0.20648605087783595,False,0.14974549950257504,False
1470,0.21771579998863672,False,0.0975936001887534,False,0.14169877228413985,False,0.17197178174702327,False,0.0975936001887534,False
1471,0.19381630555410645,False,0.12258731249965837,False,0.2009170410878039,False,0.2265126846562825,False,0.12258731249965837,False
1472,0.2513119920463975,False,0.04957326733117706,False,0.2544331521092531,False,0.20161900870490745,False,0.04957326733117706,False
1473,0.15508164771235639,False,0.1793183374403784,False,0.26098308726475156,False,0.19382934286699904,False,0.15508164771235639,False
1474,0.18050785155110083,False,0.16679576171988697,False,0.2665106283699478,False,0.22007124611903767,False,0.16679576171988697,False
1475,0.19849552386303881,False,0.18570058011048696,False,0.2667812914248378,False,0.2173291715502355,False,0.18570058011048696,False
1476,0.16644633289785948,False,0.07379523633694696,False,0.2467289868998515,False,0.24021077134613916,False,0.07379523633694696,False
1477,0.2222706471202061,False,0.16539597070865864,False,0.2789619705897408,False,0.19185499071199635,False,0.16539597070865864,False
1478,0.24427500937999014,False,0.18204319279271364,False,0.20929162061493461,False,0.21116382195942796,False,0.18204319279271364,False
1479,0.17558917880367408,False,0.15621071868612907,False,0.2678725972629461,False,0.22692683420994186,False,0.15621071868612907,False
1480,0.20094797116725466,False,0.17599614458854956,False,0.2661805220163702,False,0.10006339454177837,False,0.10006339454177837,False
1481,0.24791500615834672,False,0.16569809641518157,False,0.24465348758858108,False,0.18479789883097741,False,0.16569809641518157,False
1482,0.23986494945738962,False,0.12301486584376053,False,0.27996106825868544,False,0.2043322151110969,False,0.12301486584376053,False
1483,0.19969335222124357,False,0.1848022010465069,False,0.1587533637845031,False,0.06731172781023032,False,0.06731172781023032,False
1484,0.2186039063155264,False,0.13997938754924527,False,0.1817601375318913,False,0.2459195901499086,False,0.13997938754924527,False
1485,0.19690975520213577,False,0.16803206891568795,False,0.25120765384603283,False,0.1829896206636758,False,0.16803206891568795,False
1486,0.21487856338183386,False,0.1033948929889239,False,0.2769804622603361,False,0.22755385846196957,False,0.1033948929889239,False
1487,0.24077634721270452,False,0.09616060649170688,False,0.23519332966069006,False,0.24633794350765148,False,0.09616060649170688,False
1488,0.2071365184788052,False,0.07626886733359917,False,0.22907244918589315,False,0.21698189628147674,False,0.07626886733359917,False
1489,0.22431168361349313,False,0.1695571686002016,False,0.23301385527475782,False,0.17618769723967898,False,0.1695571686002016,False
1490,0.22125492396151447,False,0.10847505964809678,False,0.2721492525711285,False,0.17558511888006773,False,0.10847505964809678,False
1491,0.18745870538344855,False,0.1633393151860134,False,0.22791253344654422,False,0.22299080305646568,False,0.1633393151860134,False
1492,0.19848856757384015,False,0.08725334083265912,False,0.17906156760763609,False,0.18286274735956726,False,0.08725334083265912,False
1493,0.2517311632441558,False,0.1847597855475676,False,0.20685287520252038,False,0.16157741136082648,False,0.16157741136082648,False
1494,0.24448848696606035,False,0.11066499163483434,False,0.1625586071187427,False,0.1814958932838175,False,0.11066499163483434,False
1495,0.21004169405618262,False,0.1130088397370399,False,0.20037783242037893,False,0.23355560256889735,False,0.1130088397370399,False
1496,0.18078739857102705,False,0.1621792932402608,False,0.21493372484377005,False,0.2031675759080882,False,0.1621792932402608,False
1497,0.20163556900560753,False,0.16612225734572028,False,0.27126920339866367,False,0.15854655487604052,False,0.15854655487604052,False
1498,0.1488962866362279,False,0.15481038195425761,False,0.24250121630258326,False,-0.016430282887449743,True,-0.016430282887449743,True
1499,0.1887119956474818,False,0.10150458581976185,False,0.20877192889006363,False,0.186818146142052,False,0.10150458581976185,False
1500,0.20147435009085407,False,0.1848238836072824,False,0.2634353673086682,False,0.21812129845760986,False,0.1848238836072824,False
1501,0.15067460838963326,False,0.15323297751492954,False,0.24411472684746388,False,0.07742481119854239,False,0.07742481119854239,False
1502,0.2051220604075618,False,0.08090841017459427,False,0.26266417111387536,False,0.21984664581702323,False,0.08090841017459427,False
1503,0.21031636587957703,False,0.14114496921258263,False,0.2626999432910783,False,0.209511782994648,False,0.14114496921258263,False
1504,0.20247138027483585,False,0.17322367478870915,False,0.24255771167208556,False,0.15938149067687318,False,0.15938149067687318,False
1505,0.2280552606368424,False,0.11468399592509992,False,0.2623950483672646,False,0.17794776986827632,False,0.11468399592509992,False
1506,0.1527526186613154,False,0.1204871707766415,False,0.24452492920912072,False,0.1907495610129612,False,0.1204871707766415,False
1507,0.19577837762424233,False,0.13627917188002975,False,0.25345607919925267,False,0.1375001340389817,False,0.13627917188002975,False
1508,0.21047912226518456,False,0.1759683477422221,False,0.2766851922234989,False,0.17330411764029335,False,0.17330411764029335,False
1509,0.22750080840465914,False,0.10695927624799384,False,0.2832836731861097,False,0.19718717947039127,False,0.10695927624799384,False
1510,0.14511090082905653,False,0.15225543004171305,False,0.19214148158874644,False,0.2253756333736291,False,0.14511090082905653,False
1511,0.22310108708116383,False,0.17604411550728022,False,0.08250535672585257,False,0.22062262529740045,False,0.08250535672585257,False
1512,0.12855850599096452,False,0.12391444198294022,False,0.24313003329810268,False,0.2427953384122477,False,0.12391444198294022,False
1513,0.1817545670891505,False,0.20964010838197905,False,0.23765632246554785,False,0.21856825318112277,False,0.1817545670891505,False
1514,0.24358274425209703,False,0.07806219475803278,False,0.2865776005478761,False,0.07845750941342555,False,0.07806219475803278,False
1515,0.2345290875597157,False,0.09896627892568777,False,0.2508564498056545,False,0.21164278856972862,False,0.09896627892568777,False
1516,0.1874673520894452,False,0.14028577698270794,False,0.22422743107790277,False,0.1448077553206492,False,0.14028577698270794,False
1517,0.19546519672464535,False,0.13060033618718925,False,0.2521147853730411,False,0.21598477120186127,False,0.13060033618718925,False
1518,0.24617440279519315,False,0.1770114134472927,False,0.2200724856239915,False,0.18219319666537315,False,0.1770114134472927,False
1519,0.22055904751376876,False,0.19667791653826117,False,0.2470792541712159,False,0.20501774892018082,False,0.19667791653826117,False
1520,0.1853972635940363,False,0.11172587947770285,False,0.27555400801785496,False,0.2354570889096388,False,0.11172587947770285,False
1521,0.2514731361522741,False,0.17976070632286645,False,0.26747643359387696,False,0.22043243136639584,False,0.17976070632286645,False
1522,0.2504843849528463,False,0.11383905970083896,False,0.27506212960828547,False,0.20239878138620238,False,0.11383905970083896,False
1523,0.22525814259293792,False,0.22179779335990157,False,0.12968968407522286,False,0.2124335741029505,False,0.12968968407522286,False
1524,0.1937946187673466,False,0.13844807391809966,False,0.12605400041405546,False,0.20157517989309848,False,0.12605400041405546,False
1525,0.15679492752631596,False,0.1658979991075355,False,0.25566398165234033,False,0.23370750652295175,False,0.15679492752631596,False
1526,0.19061570737304634,False,0.1794386436245124,False,0.14592199671030914,False,0.1342193236315663,False,0.1342193236315663,False
1527,0.23419836737085453,False,0.17247356884442783,False,0.2522406937676799,False,0.17753499188604288,False,0.17247356884442783,False
1528,0.1949835251365281,False,0.15333543675753664,False,0.2314639940714429,False,0.11693895889408956,False,0.11693895889408956,False
1529,0.23273369597528498,False,0.11367351519444469,False,0.2706452690589809,False,0.16145448596846473,False,0.11367351519444469,False
1530,0.2308124235858977,False,0.17316053482181887,False,0.2555401345430988,False,0.1938324593418398,False,0.17316053482181887,False
1531,0.24042709437309362,False,0.09584975036942311,False,0.2714090564966183,False,0.21092661043915595,False,0.09584975036942311,False
1532,0.23157277471961818,False,0.13506569332636742,False,0.2701779599459697,False,0.18647875073405817,False,0.13506569332636742,False
1533,0.22626099459160742,False,0.17887194380132326,False,0.21139446411425228,False,0.23890143468514724,False,0.17887194380132326,False
1534,0.20581225225353217,False,0.17594374198425777,False,0.20898960314570736,False,0.14812947272487859,False,0.14812947272487859,False
1535,0.24613989717846047,False,0.10200317011497562,False,0.2224523388873677,False,0.236854324201911,False,0.10200317011497562,False
1536,0.2315851570502208,False,0.03208435468435711,False,0.17570826015193086,False,0.18146868362896174,False,0.03208435468435711,False
1537,0.2398740575666049,False,0.10413578509475563,False,0.2850184842029643,False,0.19187198407842498,False,0.10413578509475563,False
1538,0.1256760423166008,False,0.1762955786111446,False,0.1930073861077981,False,0.24079788804286806,False,0.1256760423166008,False
1539,0.12461566402388069,False,0.18347375970379148,False,0.16889416180388023,False,0.2409723492150928,False,0.12461566402388069,False
1540,0.20860965529816322,False,0.06878425294231305,False,0.27052352767909915,False,0.24471620424525298,False,0.06878425294231305,False
1541,0.09410286267451184,False,0.1935025804900241,False,0.19748018093613073,False,0.24294847463801378,False,0.09410286267451184,False
1542,0.22692862279675335,False,0.14815682593034873,False,0.09905819257301263,False,0.0792075719564923,False,0.0792075719564923,False
1543,0.23425219362401367,False,0.14442301769780358,False,0.028951538063918814,False,0.2227662502096452,False,0.028951538063918814,False
1544,0.2074146885718096,False,0.16521140483170993,False,0.26018477606637663,False,0.15905450207647776,False,0.15905450207647776,False
1545,0.13209002902687395,False,0.15800399233531692,False,0.21243741105054487,False,0.2026487775543543,False,0.13209002902687395,False
1546,0.16851736575786036,False,0.035118932585857965,False,0.2594305252353046,False,0.17693450245567838,False,0.035118932585857965,False
1547,0.1891970850260063,False,0.15843146271436898,False,0.18956904771174832,False,0.20475885351786072,False,0.15843146271436898,False
1548,0.173057430602788,False,0.19912725329561176,False,0.24819804148347907,False,0.20072959306897248,False,0.173057430602788,False
1549,0.20203621421191698,False,0.18039340658340336,False,0.26559494584484344,False,0.25119336778282636,False,0.18039340658340336,False
1550,0.217676930901055,False,0.10709021943167507,False,0.2564581546167699,False,0.19283303610981295,False,0.10709021943167507,False
1551,0.22094830292617235,False,0.13576361436883344,False,0.26837799270023793,False,0.18546175797238496,False,0.13576361436883344,False
1552,0.23571113109969427,False,0.14946237202329188,False,0.20324348932350944,False,0.23974261917420403,False,0.14946237202329188,False
1553,0.21287347801328899,False,0.14345903970350782,False,0.25162360503696174,False,0.20023169221006004,False,0.14345903970350782,False
1554,0.165090368328623,False,0.14761214502762532,False,0.2570899751949887,False,0.17447853919518008,False,0.14761214502762532,False
1555,0.14108126856011083,False,0.10160416786792614,False,0.22179125015400863,False,0.12645066254824427,False,0.10160416786792614,False
1556,0.10727461958640683,False,0.19364426423402525,False,0.2642824355274853,False,0.2223906913764695,False,0.10727461958640683,False
1557,0.14868665391474967,False,0.12207869616637979,False,0.27551022529653646,False,0.21535265658906078,False,0.12207869616637979,False
1558,0.18577724258784045,False,0.05931889591872863,False,0.16259157972998906,False,0.2400312720519171,False,0.05931889591872863,False
1559,0.2271919497561929,False,0.1667556606549121,False,0.2755325012941862,False,0.19770432719661207,False,0.1667556606549121,False
1560,0.23421466316794415,False,0.08835422977514462,False,0.1244759504603381,False,0.14696112360676683,False,0.08835422977514462,False
1561,0.2440138875676624,False,0.08941501204758062,False,0.25014030521565306,False,0.23530056715642056,False,0.08941501204758062,False
1562,0.2640213597500506,False,0.11489835031377393,False,0.18604609696728652,False,0.16755290796761402,False,0.11489835031377393,False
1563,0.2608219812790107,False,0.09823828192920137,False,0.1959283400358499,False,0.07814560580719632,False,0.07814560580719632,False
1564,0.27084145723815484,False,0.16295047250443395,False,0.23690461119283235,False,0.20259352953804338,False,0.16295047250443395,False
1565,0.2241797496335094,False,0.1498319607286397,False,0.17156812088518958,False,0.2027719640224997,False,0.1498319607286397,False
1566,0.1935907775973439,False,0.10118871632993798,False,0.2555087532592802,False,0.2240936230560272,False,0.10118871632993798,False
1567,0.15144438990079823,False,0.13391932133620787,False,0.2619500333613643,False,0.08796108208481046,False,0.08796108208481046,False
1568,0.2360695277348907,False,0.1823130776092391,False,0.26850191726062916,False,0.22745076465630476,False,0.1823130776092391,False
1569,0.18569799491134542,False,0.1123950853644764,False,0.15002173449336886,False,0.1977347120694674,False,0.1123950853644764,False
1570,0.18918752365344638,False,0.1721150376661822,False,0.1441395256976239,False,0.18067150612109184,False,0.1441395256976239,False
1571,0.1895935197099612,False,0.15739106377230616,False,0.22220237461510095,False,0.13562852400190867,False,0.13562852400190867,False
1572,0.0952305993351561,False,0.1752136008236037,False,0.22760668940582485,False,0.21269980828079538,False,0.0952305993351561,False
1573,0.2098551730572667,False,0.13942468355188326,False,0.2622209723852578,False,0.15399165295855777,False,0.13942468355188326,False
1574,0.23958324466130954,False,0.14535332523419664,False,0.23121371674878505,False,0.17423345906115095,False,0.14535332523419664,False
1575,0.22525033589026172,False,0.12476544218990293,False,0.24281511337645473,False,0.1869150437318967,False,0.12476544218990293,False
1576,0.2624410362623214,False,0.1336490299259116,False,0.21559262587790878,False,0.14643079891208238,False,0.1336490299259116,False
1577,0.22797577768730026,False,0.14983952211995016,False,0.20304703754921039,False,0.20780120480715014,False,0.14983952211995016,False
1578,0.22777593396336898,False,0.16398341398549499,False,0.2534576875406231,False,0.17677953912834982,False,0.16398341398549499,False
1579,0.2420103501544945,False,0.16744114498170298,False,0.28021781075216906,False,0.2134212585864348,False,0.16744114498170298,False
1580,0.22349923956978485,False,0.13366295582663013,False,0.20879502145601297,False,0.17731179372560346,False,0.13366295582663013,False
1581,0.25903576809194967,False,0.17870036729652694,False,0.26737867667473053,False,0.23734387935924156,False,0.17870036729652694,False
1582,0.2649023448045588,False,0.15393532403974103,False,0.244155708692952,False,0.2421955929330143,False,0.15393532403974103,False
1583,0.2412641002623932,False,0.1471679147184184,False,0.23627249376937326,False,0.17506481958288983,False,0.1471679147184184,False
1584,0.25347038992183873,False,0.12018829618407478,False,0.18510710261233537,False,0.24897768546665178,False,0.12018829618407478,False
1585,0.2293281692796409,False,0.132707606788946,False,0.23297045450452425,False,0.22026278075737799,False,0.132707606788946,False
1586,0.19646584233439668,False,0.18670787242405834,False,0.25965309169976214,False,0.03756845083942728,False,0.03756845083942728,False
1587,0.16491973834930396,False,0.14467783251001048,False,0.2699238926841274,False,0.1808789110759616,False,0.14467783251001048,False
1588,0.191991118081962,False,0.10390389915397935,False,0.19765865275976452,False,0.18667706763031694,False,0.10390389915397935,False
1589,0.19241394426591507,False,0.1310303234493192,False,0.2645479931042373,False,0.2000539870457525,False,0.1310303234493192,False
1590,0.22163783082085053,False,0.16242450068214154,False,0.2728548195606143,False,0.20073986427696516,False,0.16242450068214154,False
1591,0.22447657326797532,False,0.12168258923627184,False,0.23879868449258984,False,0.25034851600462293,False,0.12168258923627184,False
1592,0.22458228760390925,False,0.17320116370274968,False,0.2384096664241953,False,0.23761228854392658,False,0.17320116370274968,False
1593,0.25335835399748513,False,0.13055061450543937,False,0.2753273839121706,False,0.22287563054554804,False,0.13055061450543937,False
1594,0.12318084348742664,False,0.12827871873682362,False,0.2530952709688725,False,0.09630811635192427,False,0.09630811635192427,False
1595,0.18790710576181258,False,0.14223556868615678,False,0.1744982338284874,False,0.13424625955990632,False,0.13424625955990632,False
1596,0.20718254916704903,False,0.15930053541386346,False,0.2541909907840515,False,0.20936980204402672,False,0.15930053541386346,False
1597,0.05545653452197452,False,-0.0017995468020399752,True,0.22012798418132246,False,0.1309512161583422,False,-0.0017995468020399752,True
1598,0.22054661892817812,False,0.10718853407024653,False,0.17655656740660203,False,0.14612662177258068,False,0.10718853407024653,False
1599,0.22478954646756205,False,0.16766260209129336,False,0.25548956809799983,False,0.18796745602750325,False,0.16766260209129336,False
1600,0.23635944153417282,False,0.10312508008801036,False,0.22971299157479136,False,0.10633084818805583,False,0.10312508008801036,False
1601,0.24881542805220336,False,0.15194784015191537,False,0.19272890514656932,False,0.22225699070618088,False,0.15194784015191537,False
1602,0.24318755460893965,False,0.14008474018240596,False,0.19512538028397663,False,0.22570055582949922,False,0.14008474018240596,False
1603,0.13915341640158851,False,0.14936667738851878,False,0.2783669692109687,False,0.2015265037223587,False,0.13915341640158851,False
1604,0.19567294323360662,False,0.10963656217660989,False,0.21816999373036983,False,0.17366593813854814,False,0.10963656217660989,False
1605,0.2443240777094448,False,0.18270716212164462,False,0.2773146957980068,False,0.09820560824290125,False,0.09820560824290125,False
1606,0.21671559525237577,False,0.15981165838323735,False,0.2445104630643249,False,0.13641353438398562,False,0.13641353438398562,False
1607,0.22385755667342722,False,0.14792738673564287,False,0.189929162713953,False,0.1703197515409604,False,0.14792738673564287,False
1608,0.23453713866701748,False,0.14241377162266933,False,0.28562759569651247,False,0.21567932785396204,False,0.14241377162266933,False
1609,0.19598980658820275,False,0.08083172784114379,False,0.20907789154976947,False,0.21078357619355015,False,0.08083172784114379,False
1610,0.2274677087520574,False,0.09875645666164679,False,0.2736068069353599,False,0.19668745425809814,False,0.09875645666164679,False
1611,0.22374427915897405,False,0.08657508601368735,False,0.2888979760598739,False,0.22656555362408887,False,0.08657508601368735,False
1612,0.23134556623449004,False,0.1451089879087265,False,0.24198218658170362,False,0.19374017760987983,False,0.1451089879087265,False
1613,0.2370475801381895,False,0.15111622491826737,False,0.21327507580074712,False,0.2059741286305382,False,0.15111622491826737,False
1614,0.22118784348005333,False,0.11096671594123231,False,0.26633763196443216,False,0.2233584705278278,False,0.11096671594123231,False
1615,0.20311262974488703,False,0.14858268309780953,False,0.26636051140260936,False,0.23686987225192713,False,0.14858268309780953,False
1616,0.07225950011556159,False,0.15769600769351538,False,0.23505456747200187,False,0.16529809973981596,False,0.07225950011556159,False
1617,0.2551798393326252,False,0.1531890841624171,False,0.18880618207226468,False,0.14397580560984335,False,0.14397580560984335,False
1618,0.2564907457599673,False,0.13902228103327374,False,0.26365469292036503,False,0.24862879492793322,False,0.13902228103327374,False
1619,0.25683205440083856,False,0.20781860923365453,False,0.21778017927102394,False,0.22028929138473702,False,0.20781860923365453,False
1620,0.20305928640355164,False,0.17978884324831024,False,0.265597156559365,False,0.2063452850404276,False,0.17978884324831024,False
1621,0.25585943654365834,False,0.08441462943204991,False,0.24583947219338215,False,0.22240079504061527,False,0.08441462943204991,False
1622,0.23998238559359863,False,0.20552140567106986,False,0.2402533286689863,False,0.23142098174189746,False,0.20552140567106986,False
1623,0.2573370499806112,False,0.18922620564303783,False,0.21665108719824128,False,0.25332039979528814,False,0.18922620564303783,False
1624,0.23725563755338946,False,0.15900847239677218,False,0.2690575127853234,False,0.20773746052438108,False,0.15900847239677218,False
1625,0.2569833073591014,False,0.13309879058765378,False,0.24470232303288214,False,0.20779840414676054,False,0.13309879058765378,False
1626,0.23924297248951426,False,0.15382169309835186,False,0.22186924151303528,False,0.15444179183943246,False,0.15382169309835186,False
1627,0.25473463474288705,False,0.15702920021898925,False,0.28225059340478564,False,0.2042772770639421,False,0.15702920021898925,False
1628,0.253216063768166,False,0.21667138708158235,False,0.27678719986848394,False,0.20074696056068336,False,0.20074696056068336,False
1629,0.19100524993738255,False,0.13163513622236445,False,0.19623199195175295,False,0.1718141935479106,False,0.13163513622236445,False
1630,0.17768124631211568,False,0.13062801718283468,False,0.24725597592797055,False,0.24468104188951745,False,0.13062801718283468,False
1631,0.23779458538326947,False,0.17660677010810377,False,0.18364744008394424,False,0.11662929905620623,False,0.11662929905620623,False
1632,0.17870524634668278,False,0.11817963473440962,False,0.2523511677953711,False,0.2099351276290115,False,0.11817963473440962,False
1633,0.23976633780268802,False,0.16955547187552716,False,0.2558987556393026,False,0.15951716363449742,False,0.15951716363449742,False
1634,0.25114688432283544,False,0.19789659867116882,False,0.22159582017359308,False,0.18244773419464905,False,0.18244773419464905,False
1635,0.25965681522871276,False,0.18871807999225249,False,0.164786291108739,False,0.19642862665640637,False,0.164786291108739,False
1636,0.16052609832466697,False,0.16351558459729942,False,0.23807804747883876,False,0.14328667603117362,False,0.14328667603117362,False
1637,0.16458663461623657,False,0.18414507191433177,False,0.2279040107712289,False,0.1377192211770782,False,0.1377192211770782,False
1638,0.20251602021172743,False,0.19213903629746848,False,0.24486942119354943,False,0.19909755312013905,False,0.19213903629746848,False
1639,0.18844729382272235,False,0.21582384748067018,False,0.1957692981098988,False,0.22749439807618765,False,0.18844729382272235,False
1640,0.1526119525682471,False,0.15664301268843528,False,0.2748351948132886,False,0.18568758883982212,False,0.1526119525682471,False
1641,0.24973216957644434,False,0.21968134089565,False,0.2901202143306267,False,0.2117041037557088,False,0.2117041037557088,False
1642,0.21180009247975196,False,0.1706464291870966,False,0.23698580669775487,False,0.2515439623283004,False,0.1706464291870966,False
1643,0.22924666453224835,False,0.20334122345632732,False,0.22537645896662578,False,0.2451985823758583,False,0.20334122345632732,False
1644,0.25202661617168987,False,0.1597261299057196,False,0.2661791553194678,False,0.12208058160107949,False,0.12208058160107949,False
1645,0.22735183162748873,False,0.07964406044831729,False,0.20562099923073363,False,0.14860797677371562,False,0.07964406044831729,False
1646,0.19787299843590372,False,0.20884585096680403,False,0.23914637287780666,False,0.19748244827899952,False,0.19748244827899952,False
1647,0.21254521336244342,False,0.17387726997495767,False,0.1737567399447698,False,0.23933746920167215,False,0.1737567399447698,False
1648,0.2105781943551035,False,0.20407024239416904,False,0.21717486994163437,False,0.22639331972274118,False,0.20407024239416904,False
1649,0.2553717859504692,False,0.13880438811987872,False,0.25392567350214157,False,0.21463176486081675,False,0.13880438811987872,False
1650,0.19458361694996318,False,0.1452446586347365,False,0.21162773691595083,False,0.19809272354048685,False,0.1452446586347365,False
1651,0.25825356577978126,False,0.19743249220863268,False,0.17892834445200162,False,0.24607963226955543,False,0.17892834445200162,False
1652,0.2282656489545145,False,-0.03697577855769296,True,0.2343272001487416,False,0.21599941966807445,False,-0.03697577855769296,True
1653,0.1643936482833125,False,0.19102943774418152,False,0.26903085810815003,False,0.24622842256646343,False,0.1643936482833125,False
1654,0.2004960531297451,False,0.12440376279714699,False,0.2629374015675782,False,0.24216252406193944,False,0.12440376279714699,False
1655,0.25870564457946305,False,0.11852655928933775,False,0.15560033937692241,False,0.18885203583169075,False,0.11852655928933775,False
1656,0.2341981225671198,False,0.025061544009045478,False,0.24774668491229196,False,0.19975011261515357,False,0.025061544009045478,False
1657,0.22108076229792278,False,0.20603064130290888,False,0.2247586387372092,False,0.219162903184062,False,0.20603064130290888,False
1658,0.25174017648459796,False,0.185216794521602,False,0.28668323653649813,False,0.1790064228770773,False,0.1790064228770773,False
1659,0.24421194039397037,False,0.11303803677956903,False,0.19719716210095994,False,0.2535172279636085,False,0.11303803677956903,False
1660,0.24866053441375857,False,0.06882620978538612,False,0.2765859739101053,False,0.184529849697681,False,0.06882620978538612,False
1661,0.2093207096521536,False,0.20774399497023788,False,0.21922265376989997,False,0.19088581291874335,False,0.19088581291874335,False
1662,0.19427135856819866,False,0.13956744369396723,False,0.26080816638130017,False,0.13844833519998934,False,0.13844833519998934,False
1663,0.24980559216477027,False,0.12172647023364236,False,0.25070148546422566,False,0.2020393928190226,False,0.12172647023364236,False
1664,0.19320395673883628,False,0.08848616011355992,False,0.2241668183503912,False,0.22461061347242955,False,0.08848616011355992,False
1665,0.20492535750423108,False,0.07473817681722039,False,0.15853564472265064,False,0.2369024892521343,False,0.07473817681722039,False
1666,0.26251160158459774,False,0.12891940187167866,False,0.10226895024201899,False,0.19972268884653643,False,0.10226895024201899,False
1667,0.1503645909544497,False,0.19291086318300038,False,0.26347481061253725,False,0.21925165114639644,False,0.1503645909544497,False
1668,0.2025217797621524,False,0.20406961033803167,False,0.28208738509708436,False,0.20216398264283642,False,0.20216398264283642,False
1669,0.2421990439920701,False,0.16891594500439194,False,0.24975381538744584,False,0.18272626388427154,False,0.16891594500439194,False
1670,0.21805383447323895,False,0.1672976078802722,False,0.22617475002225873,False,0.22448518203579448,False,0.1672976078802722,False
1671,0.21325657409700333,False,0.12405343183424972,False,0.256267893215334,False,0.22248048173161833,False,0.12405343183424972,False
1672,0.24879086472585704,False,0.1572839580255735,False,0.27398195181417423,False,0.15884877709432693,False,0.1572839580255735,False
1673,0.2188054958001054,False,0.10927692020865354,False,0.23594388878584188,False,0.23776450176496655,False,0.10927692020865354,False
1674,0.22239069792702504,False,0.192874050320896,False,0.2624590887253762,False,0.20118473603105136,False,0.192874050320896,False
1675,0.22030275601059274,False,0.22798744204104354,False,0.1654937468113737,False,0.1447062478233157,False,0.1447062478233157,False
1676,0.24485436853522763,False,0.18263293767574107,False,0.2468627220182269,False,0.22797859555832878,False,0.18263293767574107,False
1677,0.21358457778882162,False,0.1967186727368176,False,0.284850337542094,False,0.2345167675050045,False,0.1967186727368176,False
1678,0.24633602802256604,False,0.23082535852567393,False,0.2501086107031013,False,0.2296623650711468,False,0.2296623650711468,False
1679,0.24075707459125217,False,0.2271631445670208,False,0.27179859042315746,False,0.1971586495331138,False,0.1971586495331138,False
1680,0.17110381581356426,False,0.10403310988187453,False,0.26135009622810873,False,0.22172386764729907,False,0.10403310988187453,False
1681,0.22506586634736647,False,0.2235804080664599,False,0.2864266226184755,False,0.20724228394031602,False,0.20724228394031602,False
1682,0.14591699381280165,False,0.14525715452459514,False,0.21581247337729137,False,0.1600326637683655,False,0.14525715452459514,False
1683,0.21340316931998227,False,0.13341081224951884,False,0.20731410422317087,False,0.178736850289392,False,0.13341081224951884,False
1684,0.1633947980693491,False,0.23866115182432712,False,0.23373000581958492,False,0.21733188439509793,False,0.1633947980693491,False
1685,0.24498676554834098,False,0.2078317592424268,False,0.2633169998476001,False,0.17594472394852317,False,0.17594472394852317,False
1686,0.13187580069644034,False,0.1303676068822831,False,0.23676384124896183,False,0.18448251814965755,False,0.1303676068822831,False
1687,0.2631108883728064,False,0.17250034751304377,False,0.25783914034364286,False,0.23768640216598158,False,0.17250034751304377,False
1688,0.23702915277116493,False,0.16098649483544064,False,0.23639049196639556,False,0.14814634223371032,False,0.14814634223371032,False
1689,0.24018005717665064,False,0.19911158279645474,False,0.26787258420758736,False,0.2364331971743655,False,0.19911158279645474,False
1690,0.2061261161064199,False,0.15187847517030173,False,0.17661704513916826,False,0.16279719463909686,False,0.15187847517030173,False
1691,0.25072734982651,False,0.15666292558691497,False,0.22037490168632468,False,0.13357761603603008,False,0.13357761603603008,False
1692,0.24886051029161982,False,0.17850913358197246,False,0.2591317759698063,False,0.23666945174656628,False,0.17850913358197246,False
1693,0.20081618679245872,False,0.14058739936433912,False,0.24370526334174508,False,0.06423765965908779,False,0.06423765965908779,False
1694,0.20831626922085017,False,0.16878052133048088,False,0.24656364044948498,False,0.16716695042777185,False,0.16716695042777185,False
1695,0.23428635419306432,False,0.19251721252949838,False,0.2619777900911171,False,0.12041889429975583,False,0.12041889429975583,False
1696,0.20551633501092198,False,0.15804149916345356,False,0.261918539291678,False,0.18062323051752077,False,0.15804149916345356,False
1697,0.23380342488106315,False,0.1581339345046644,False,0.2734977893491756,False,0.16608826645421848,False,0.1581339345046644,False
1698,0.24494173784926915,False,-0.06914319738913,True,0.2207646588341845,False,0.22639933820260721,False,-0.06914319738913,True
1699,0.1932112827637597,False,0.11252201687752506,False,0.2528528516715435,False,0.20906614006523966,False,0.11252201687752506,False
1700,0.2395420690191648,False,0.2006929683413321,False,0.28822893810822886,False,0.2473307053159891,False,0.2006929683413321,False
1701,0.23063643699482744,False,0.15704112349399757,False,0.2518218407179388,False,0.20160644308199965,False,0.15704112349399757,False
1702,0.25459841840152386,False,0.20109654381947745,False,0.27991564233258787,False,0.17188342246651173,False,0.17188342246651173,False
1703,0.22076810040950656,False,0.17100890615130027,False,0.27152201597895,False,0.16582110718913812,False,0.16582110718913812,False
1704,0.23884565150194104,False,0.2452647041381637,False,0.24640683338634195,False,0.13027554309547817,False,0.13027554309547817,False
1705,0.17402716562931847,False,0.11783208641720788,False,0.22312316851795816,False,0.1806752245386724,False,0.11783208641720788,False
1706,0.23194762402845281,False,0.16892882373704687,False,0.17255480360410375,False,0.16087307291219488,False,0.16087307291219488,False
1707,0.2448977837522,False,0.17992306250572354,False,0.25532605042350354,False,0.21248145078603337,False,0.17992306250572354,False
1708,0.2226183389651727,False,0.22989705871268973,False,0.2322379619048242,False,0.11657201122671212,False,0.11657201122671212,False
1709,0.2442164920276086,False,0.17960323010198165,False,0.24086864014053683,False,0.17025495692642906,False,0.17025495692642906,False
1710,0.23642592242618032,False,0.21804086024689145,False,0.2659870046531573,False,0.2480351773267776,False,0.21804086024689145,False
1711,0.23516556575779823,False,0.10045977384551041,False,0.1891622360861538,False,0.2183143511752348,False,0.10045977384551041,False
1712,0.2504282466919793,False,0.19974903633041885,False,0.2257864486981434,False,0.25239420069591584,False,0.19974903633041885,False
1713,0.21403352176138846,False,0.10879918553121415,False,0.19162842511962763,False,0.23480904373094041,False,0.10879918553121415,False
1714,0.2503348817752997,False,0.21358562360795347,False,0.2610651611522742,False,0.2349354555472017,False,0.21358562360795347,False
1715,0.22567095144716953,False,0.10897624146001395,False,0.251234459806747,False,0.0971222380441944,False,0.0971222380441944,False
1716,0.21682568938326308,False,0.22950849209781354,False,0.21438257785298787,False,0.18066600405182692,False,0.18066600405182692,False
1717,0.2233010596601006,False,0.10899247311499982,False,0.2704370558320586,False,0.19123128584260496,False,0.10899247311499982,False
1718,0.26330203580090505,False,0.17286515976791972,False,0.2588759829159867,False,0.20920965427433563,False,0.17286515976791972,False
1719,0.19098877904933065,False,0.18941380286726567,False,0.27104087431077845,False,0.22004179112733274,False,0.18941380286726567,False
1720,0.2518145889764869,False,0.08559234980071273,False,0.25423887349075697,False,0.21145312912105269,False,0.08559234980071273,False
1721,0.26051123946026217,False,0.18936537395821662,False,0.2250391290224103,False,0.15855199056595426,False,0.15855199056595426,False
1722,0.1585403762130529,False,0.20806502628506807,False,0.24463860678810567,False,0.1273689205877398,False,0.1273689205877398,False
1723,0.16176359152103692,False,0.15456157865278808,False,0.2578488102256282,False,0.21404451241783817,False,0.15456157865278808,False
1724,0.15852613143313493,False,0.16329348899435547,False,0.22097470704454197,False,0.19800158145141633,False,0.15852613143313493,False
1725,0.23133854019449113,False,0.17567986911417172,False,0.2317374665602423,False,0.1625097271353425,False,0.1625097271353425,False
1726,0.25466600255090255,False,0.18382738177878527,False,0.2714244065999859,False,0.24204099064469276,False,0.18382738177878527,False
1727,0.10358870845712276,False,0.13721072934419587,False,0.24747547069868892,False,0.24318936185850437,False,0.10358870845712276,False
1728,0.2583732313953807,False,0.21386600360349411,False,0.24211680151141807,False,0.22751305864719934,False,0.21386600360349411,False
1729,0.21730366241423815,False,0.23610408425800483,False,0.2481459292659166,False,0.23039177738402783,False,0.21730366241423815,False
1730,0.25021867753666965,False,0.09647737816080448,False,0.2321006094532187,False,0.20596801582859964,False,0.09647737816080448,False
1731,0.25870734696644043,False,0.14601225081639702,False,0.2606102669551517,False,0.2057638665947154,False,0.14601225081639702,False
1732,0.12151915639380961,False,0.1492980651112617,False,0.2636071974059541,False,0.24091222643878263,False,0.12151915639380961,False
1733,0.20668420193125447,False,0.19918471799398646,False,0.1839361977415762,False,0.192098469301707,False,0.1839361977415762,False
1734,0.24599004023267873,False,0.1371464780067012,False,0.2535620059609068,False,0.23840430963885156,False,0.1371464780067012,False
1735,0.23021930069726448,False,0.19650359931060402,False,0.26797007758504215,False,0.16670686539356877,False,0.16670686539356877,False
1736,0.18451130117378167,False,0.10913575874738213,False,0.24987812520642605,False,0.19181121222972997,False,0.10913575874738213,False
1737,0.22072375973634567,False,0.14802254252487768,False,0.2538809656774561,False,0.22737134619594357,False,0.14802254252487768,False
1738,0.1720341650996604,False,0.04701697307216979,False,0.23760250823846485,False,0.23672847437321903,False,0.04701697307216979,False
1739,0.2149215916536492,False,0.18364989023914063,False,0.2190133876646831,False,0.2267481029820813,False,0.18364989023914063,False
1740,0.26483493157340243,False,0.1811066481683764,False,0.28861934897152225,False,0.12781726376664637,False,0.12781726376664637,False
1741,0.24572366928044087,False,0.19907282245650265,False,0.24475879208745605,False,0.2198302298857407,False,0.19907282245650265,False
1742,0.2543164073570925,False,0.1823312369681343,False,0.28163493700637454,False,0.20353489732496666,False,0.1823312369681343,False
1743,0.26323325196716385,False,0.16588394438892734,False,0.2526581358735049,False,0.23719532800617826,False,0.16588394438892734,False
1744,0.26975366899745234,False,0.21177707917078192,False,0.18707911126730126,False,0.23119121444599217,False,0.18707911126730126,False
1745,0.2568431363106294,False,0.21255682252581903,False,0.24993891476645158,False,0.22859386259597403,False,0.21255682252581903,False
1746,0.26355181433862523,False,0.2438522909365598,False,0.17995230556585462,False,0.1510607018947852,False,0.1510607018947852,False
1747,0.22622417433916941,False,0.17685575347778482,False,0.25098579043617397,False,0.040598084033718895,False,0.040598084033718895,False
1748,0.2549244916649511,False,0.2377509088130088,False,0.20382980269477485,False,0.1797677605856432,False,0.1797677605856432,False
1749,0.2566689116601733,False,0.23086237437498763,False,0.2672057174000174,False,0.20882497607107153,False,0.20882497607107153,False
1750,0.22963770479155526,False,0.20186923775646937,False,0.259151358849572,False,0.2500058364887814,False,0.20186923775646937,False
1751,0.23246878306370594,False,0.13183326584909727,False,0.19753481591551708,False,0.18207684163389654,False,0.13183326584909727,False
1752,0.19213220212425697,False,0.13148875066088056,False,0.16911442757883355,False,0.16337553320425624,False,0.13148875066088056,False
1753,0.24797555380175484,False,0.22961682407900336,False,0.2771290122579429,False,0.14823568950199134,False,0.14823568950199134,False
1754,0.12579630872492065,False,0.23874095727979067,False,0.23099534296846058,False,0.18103499274167878,False,0.12579630872492065,False
1755,0.18959952088197252,False,0.19201111072642246,False,0.2579392803402699,False,0.217685948623273,False,0.18959952088197252,False
1756,0.19514831223367474,False,0.13201269149800454,False,0.18926572258998164,False,0.1474944385682218,False,0.13201269149800454,False
1757,0.2590677134707065,False,0.14564670247407663,False,0.263614366142713,False,0.19514307021933747,False,0.14564670247407663,False
1758,0.17321247455133687,False,0.1499096765064351,False,0.21627451337835357,False,0.20266987287668897,False,0.1499096765064351,False
1759,0.2552620575325749,False,0.21073932539081475,False,0.2725227699826967,False,0.23672137801745607,False,0.21073932539081475,False
1760,0.24350375397903057,False,0.19320112775992754,False,0.2663017951406148,False,0.24244518448302366,False,0.19320112775992754,False
1761,0.22768779640246012,False,0.18382498248988677,False,0.2297963550913209,False,0.2189831654962232,False,0.18382498248988677,False
1762,0.1660293960379987,False,0.1674227374905739,False,0.1851110490795354,False,0.24423287938667815,False,0.1660293960379987,False
1763,0.260446653211535,False,0.21378269575656395,False,0.23312924270696617,False,0.19337184391472861,False,0.19337184391472861,False
1764,0.24679570777541893,False,0.12845590087215708,False,0.2705335662062751,False,0.24740197518903367,False,0.12845590087215708,False
1765,0.21032808111925677,False,0.19768020031481487,False,0.2591181565049332,False,0.2466404727264399,False,0.19768020031481487,False
1766,0.17773606353496513,False,0.20136241305825092,False,0.21090928102043316,False,0.23525245132363765,False,0.17773606353496513,False
1767,0.19647364800010775,False,0.20241210067519172,False,0.2551409094947892,False,0.19873499890200785,False,0.19647364800010775,False
1768,0.19505323960168247,False,0.2065689849466475,False,0.2584124228799569,False,0.24438557757215412,False,0.19505323960168247,False
1769,0.24490775469752135,False,0.13898124903204728,False,0.2527818344726219,False,0.21876916935562934,False,0.13898124903204728,False
1770,0.2387868171880932,False,0.14088479470836862,False,0.2238434975064456,False,0.21359379425946928,False,0.14088479470836862,False
1771,0.0815861476912253,False,0.12207283578091044,False,0.26192895365128654,False,0.235695163742754,False,0.0815861476912253,False
1772,0.24940028695054212,False,0.1171368244330363,False,0.2360885939402656,False,0.08792117911317643,False,0.08792117911317643,False
1773,0.21344915030734035,False,0.178914362522963,False,0.236012531273245,False,0.23039573671293018,False,0.178914362522963,False
1774,0.20795699903116466,False,0.14135910696013154,False,0.25854689547211024,False,0.20382626932889997,False,0.14135910696013154,False
1775,0.1793699207716023,False,0.07478281758590877,False,0.13410919539120336,False,0.1424426776619599,False,0.07478281758590877,False
1776,0.1470598444487543,False,0.1497815188372072,False,0.20367258591686038,False,0.17502844272075868,False,0.1470598444487543,False
1777,0.20469201660806513,False,0.19066187229561538,False,0.23195983716087015,False,0.2031612143543446,False,0.19066187229561538,False
1778,0.21414954906090217,False,0.20602068614847724,False,0.2390613373752576,False,0.21415935592851587,False,0.20602068614847724,False
1779,0.22064196218834503,False,0.1911747588016442,False,0.21838839269240362,False,0.21524010659872667,False,0.1911747588016442,False
1780,0.21579438625434566,False,0.1362485851444909,False,0.27866809607818,False,0.1648126124553504,False,0.1362485851444909,False
1781,0.20481126452252424,False,0.11966199205991357,False,0.16226564292729645,False,0.195015293837012,False,0.11966199205991357,False
1782,0.2239948122727956,False,0.20474628618111823,False,0.23422768044765052,False,0.2380311929422052,False,0.20474628618111823,False
1783,0.21760298786348187,False,0.20313646198903884,False,0.2532088608715827,False,0.2306728010332208,False,0.20313646198903884,False
1784,0.19975245371806571,False,0.17692191925703055,False,0.2043563766693019,False,0.2214294047894081,False,0.17692191925703055,False
1785,0.20033094936153184,False,0.11862033798921201,False,0.21269064134501858,False,0.20716263021697845,False,0.11862033798921201,False
1786,0.26839728594784334,False,0.08845923949362611,False,0.22412799313968795,False,0.11868914910747297,False,0.08845923949362611,False
1787,0.14527103304703987,False,0.12342480142826295,False,0.19756237187223624,False,0.11584821491976793,False,0.11584821491976793,False
1788,0.16387847927304822,False,-0.021664261160213805,True,0.15645035562011944,False,0.13159705047493198,False,-0.021664261160213805,True
1789,0.1290167253447061,False,0.18384289642907686,False,0.06679582454142308,False,0.15095748313321994,False,0.06679582454142308,False
1790,0.21564804866860976,False,0.13815941456065622,False,0.24420440628124646,False,0.196862496311751,False,0.13815941456065622,False
1791,0.13564210167230106,False,0.09694852472509696,False,0.233626365388805,False,0.13706730525046307,False,0.09694852472509696,False
1792,0.23373096162018064,False,0.1150449203824564,False,0.2511236787972741,False,0.23207948847264126,False,0.1150449203824564,False
1793,0.20434504716236085,False,0.13895315225711247,False,0.2202901713816272,False,0.15983067786787974,False,0.13895315225711247,False
1794,0.18283676242549102,False,0.11050927744544248,False,0.13793618788803574,False,0.1726256632108859,False,0.11050927744544248,False
1795,0.22644675339863557,False,0.14794591146137465,False,0.19640115888570264,False,0.08551856904711064,False,0.08551856904711064,False
1796,0.11939443756909962,False,0.13565283054804378,False,0.23143436699477454,False,0.18586572052500572,False,0.11939443756909962,False
1797,0.25784080485606703,False,0.15869846291239387,False,0.2651640122370371,False,0.2132992503707909,False,0.15869846291239387,False
1798,0.2520871012158011,False,0.13824625036053523,False,0.16172448066963757,False,0.1505829223702586,False,0.13824625036053523,False
1799,0.18094105866279286,False,0.1331267990358248,False,0.23027601771242057,False,0.22211925584433762,False,0.1331267990358248,False
1800,0.19474486450543393,False,0.18056520348467997,False,0.27536286166887597,False,0.14858126135813,False,0.14858126135813,False
1801,0.1509446553662997,False,0.18846817838612495,False,0.22961953243565647,False,0.07712671057949283,False,0.07712671057949283,False
1802,0.19990815688636693,False,0.16168281224741976,False,0.18362473349750946,False,0.17837240231706752,False,0.16168281224741976,False
1803,0.11106631777339715,False,0.17875296157509168,False,0.11605714757035135,False,0.12005539227755768,False,0.11106631777339715,False
1804,0.2432606905868971,False,0.18395833901868947,False,0.16442212827143138,False,0.19128662739066754,False,0.16442212827143138,False
1805,0.2111209107437178,False,0.21172330945950313,False,0.2557507000466822,False,0.18122368851369297,False,0.18122368851369297,False
1806,0.22318199663243748,False,0.1819430752313927,False,0.27707550070550463,False,0.24416621946732253,False,0.1819430752313927,False
1807,0.23828702839065408,False,0.15632366693977823,False,0.16664838271643784,False,0.1765886862830071,False,0.15632366693977823,False
1808,0.16425648324992453,False,0.16196779655543736,False,0.1854074486395883,False,0.0658092585090545,False,0.0658092585090545,False
1809,0.25717644989554644,False,0.13867900398025246,False,0.22447529349865497,False,0.2402678142674105,False,0.13867900398025246,False
1810,0.22635747122596778,False,0.0535498406349455,False,0.24436258174648656,False,0.20797674634452612,False,0.0535498406349455,False
1811,0.045890629450053066,False,0.18776441266787552,False,0.22042176569588345,False,0.17043935199978882,False,0.045890629450053066,False
1812,0.15434951505446864,False,0.17276032835479438,False,0.19633109728047116,False,0.19174279491833696,False,0.15434951505446864,False
1813,0.23798661700094237,False,0.10277356650818215,False,0.1814425319040463,False,0.24614326488588906,False,0.10277356650818215,False
1814,0.18260285153878286,False,0.1639950513211888,False,0.2329934626336982,False,0.14168043489124682,False,0.14168043489124682,False
1815,0.2555414889585597,False,0.15975611431575099,False,0.2698833597836876,False,0.19789913113871582,False,0.15975611431575099,False
1816,0.23642715169157835,False,0.1788960328322775,False,0.20837619994006856,False,0.215615617477542,False,0.1788960328322775,False
1817,0.23290065801359822,False,0.17195332728208212,False,0.24463878386085863,False,0.24302424211853435,False,0.17195332728208212,False
1818,0.2209798241453349,False,0.09900469938179612,False,0.2295638845639038,False,0.23720842294250383,False,0.09900469938179612,False
1819,0.22436356588725825,False,0.1843052722574413,False,0.186832334085487,False,0.08720595325631786,False,0.08720595325631786,False
1820,0.22058892339567654,False,0.14934634749009684,False,0.2437869993593933,False,0.18409011106339357,False,0.14934634749009684,False
1821,0.1178573358289865,False,0.1412622477901394,False,0.2115827380573248,False,0.20216589096683046,False,0.1178573358289865,False
1822,0.18423937637890614,False,0.10529301782582201,False,0.2424289145877811,False,0.21835221605240385,False,0.10529301782582201,False
1823,0.1608562273915029,False,0.09232017385389513,False,0.2504326379602893,False,0.09722357965382444,False,0.09232017385389513,False
1824,0.22792932833421303,False,0.05725911687318752,False,0.23806886815054606,False,0.18857253979715644,False,0.05725911687318752,False
1825,0.21380358185456783,False,0.16324026955345627,False,0.21540835862432067,False,0.22094745479909828,False,0.16324026955345627,False
1826,0.20485402592689955,False,0.2092903860159696,False,0.20728648831216895,False,0.22167873042209285,False,0.20485402592689955,False
1827,0.2091697411569876,False,0.18021355593410965,False,0.24933120364966355,False,0.1439687083752711,False,0.1439687083752711,False
1828,0.24136262374675133,False,0.18596338828900272,False,0.23823871052132234,False,0.19665308767272838,False,0.18596338828900272,False
1829,0.2278020665746635,False,0.12412911885767042,False,0.2625408727191927,False,0.22991787617588716,False,0.12412911885767042,False
1830,0.22305553269330985,False,0.10960830904789376,False,0.2704063838219019,False,0.2013642743841641,False,0.10960830904789376,False
1831,0.19488610357155034,False,0.10296365599455737,False,0.27223835949041214,False,0.21904998962570182,False,0.10296365599455737,False
1832,0.21933709176205585,False,0.05819692659465425,False,0.2500851816556038,False,0.23224881486750093,False,0.05819692659465425,False
1833,0.23796312335218156,False,0.11503165061614273,False,0.22411558502558943,False,0.11130120711286362,False,0.11130120711286362,False
1834,0.23409553382797177,False,0.16091306644020908,False,0.2582710615991637,False,0.1833400111947806,False,0.16091306644020908,False
1835,0.16556469268523877,False,0.1608110225885661,False,0.18683967165169046,False,0.21299308509231918,False,0.1608110225885661,False
1836,0.24816976681041447,False,0.1620593088803532,False,0.24893278104558064,False,0.2143908527769846,False,0.1620593088803532,False
1837,0.26139757261921603,False,0.15959860019215133,False,0.2612027693855463,False,0.18153357874869547,False,0.15959860019215133,False
1838,0.26100280748725724,False,0.09065468918396347,False,0.27598964138412563,False,0.17963049549975585,False,0.09065468918396347,False
1839,0.21267077538832085,False,0.1539030923129805,False,0.19461243583369503,False,0.22516103202902088,False,0.1539030923129805,False
1840,0.23232070690920953,False,0.18350525031456938,False,0.2539727778917157,False,0.24490018997281465,False,0.18350525031456938,False
1841,0.17621576930621796,False,0.0903091052901478,False,0.20430278250672057,False,0.09537108710786157,False,0.0903091052901478,False
1842,0.21770412755339646,False,0.16987724710935442,False,0.24548618723896937,False,0.24364762499455517,False,0.16987724710935442,False
1843,0.2019539510209541,False,0.17416705420290102,False,0.23551544914768163,False,0.24355319733445913,False,0.17416705420290102,False
1844,0.22992075211306978,False,0.1601911018959215,False,0.21815879412084238,False,0.13022901615203836,False,0.13022901615203836,False
1845,0.23684905141523083,False,0.15644309779260174,False,0.23493492270397548,False,0.21406869835109654,False,0.15644309779260174,False
1846,0.1755945989016332,False,0.1526257581307091,False,0.2036524355002518,False,0.2462880325152726,False,0.1526257581307091,False
1847,0.21489694748927968,False,0.11833513225958281,False,0.2603024748846145,False,0.2370630906179213,False,0.11833513225958281,False
1848,0.2537301690127448,False,0.1508761048410041,False,0.26402996566167175,False,0.19750103702585176,False,0.1508761048410041,False
1849,0.23129328129182775,False,0.12205257343591858,False,0.272909472344853,False,0.2277379781773859,False,0.12205257343591858,False
1850,0.23730349709841947,False,0.14966059471854526,False,0.2367684814235343,False,0.2055106348178507,False,0.14966059471854526,False
1851,0.23963032699654918,False,0.1636224522926149,False,0.24658295592446516,False,0.24428551624983963,False,0.1636224522926149,False
1852,0.17311313662661465,False,0.036240664788285915,False,0.21434620685076528,False,0.19817258325439419,False,0.036240664788285915,False
1853,0.23921542821089115,False,0.0768635081476593,False,0.26750285895188763,False,0.23718583547124583,False,0.0768635081476593,False
1854,0.20182481663511398,False,0.12463979147707144,False,0.2807109270894555,False,0.14332640279370623,False,0.12463979147707144,False
1855,0.24098066373827365,False,0.0911180610635468,False,0.27144922224239615,False,0.21430924156975378,False,0.0911180610635468,False
1856,0.23940299278309735,False,0.08664801138824973,False,0.28481444973259096,False,0.1876614592945644,False,0.08664801138824973,False
1857,0.24875312756565704,False,0.19894912170757012,False,0.1848268039707121,False,0.22416793713411365,False,0.1848268039707121,False
1858,0.23427467615719938,False,0.18220649351643464,False,0.2778163283801498,False,0.23816742678175,False,0.18220649351643464,False
1859,0.23183765098453385,False,0.13538486228652608,False,0.23564049260892062,False,0.19552887079506664,False,0.13538486228652608,False
1860,0.23913341627948176,False,0.13773338709656918,False,0.2827108486677162,False,0.17055295476510768,False,0.13773338709656918,False
1861,0.2245702217319115,False,0.16368219607638446,False,0.23398115982344203,False,0.2209479416937748,False,0.16368219607638446,False
1862,0.21949618796425024,False,0.15278571109984512,False,0.2591752272007867,False,0.18287648365099735,False,0.15278571109984512,False
1863,0.2597771422876047,False,0.11599107729586311,False,0.23423513739142643,False,0.17654049032840707,False,0.11599107729586311,False
1864,0.2523888736745865,False,0.1775213676278749,False,0.24196969016161618,False,0.09049474098399557,False,0.09049474098399557,False
1865,0.25476210838352065,False,0.12134829008512393,False,0.2601539530777431,False,0.17683683333987577,False,0.12134829008512393,False
1866,0.18762163084460032,False,0.1349713337130326,False,0.28223158184782077,False,0.20068001126744062,False,0.1349713337130326,False
1867,0.23444893216764306,False,0.18383439745489816,False,0.2798669881512574,False,0.23467286273794452,False,0.18383439745489816,False
1868,0.21844006318559606,False,0.18256459106287515,False,0.24146464290057934,False,0.22484304751980944,False,0.18256459106287515,False
1869,0.2560251263266739,False,0.160004324259174,False,0.22821293512515456,False,0.032711505116166384,False,0.032711505116166384,False
1870,0.13309884809942507,False,0.11307158501905301,False,0.2827389186839569,False,0.20452618567676417,False,0.11307158501905301,False
1871,0.2617129442712396,False,0.14015466428437579,False,0.1997249945606423,False,0.18370791360948352,False,0.14015466428437579,False
1872,0.2471546173150807,False,0.17031908473755597,False,0.24340465095361113,False,0.19314446132086394,False,0.17031908473755597,False
1873,0.22924165690496817,False,0.14348060773850535,False,0.26971089726907876,False,0.23412991886288564,False,0.14348060773850535,False
1874,0.2531238727585229,False,0.16758928831640724,False,0.26317985867747856,False,0.24665036731974738,False,0.16758928831640724,False
1875,0.2523334226635907,False,0.08605385415408695,False,0.28721135599202974,False,0.20444684592147072,False,0.08605385415408695,False
1876,0.19281277262313445,False,0.11811304672737222,False,0.2586252183347998,False,0.18759087940979197,False,0.11811304672737222,False
1877,0.245250074586778,False,0.14115975887922155,False,0.2530046020623293,False,0.20861906113957862,False,0.14115975887922155,False
1878,0.2452344428823991,False,0.13564416700196236,False,0.20071471925764817,False,0.2322533330808617,False,0.13564416700196236,False
1879,0.17240598055963746,False,0.1694356947552757,False,0.2366993271403537,False,0.15673421641630825,False,0.15673421641630825,False
1880,0.24908870643134562,False,0.15767481802815303,False,0.29385435197494253,False,0.1917066314306985,False,0.15767481802815303,False
1881,0.1021091928565161,False,0.1847854877781418,False,0.21290707563955552,False,0.23355327713401358,False,0.1021091928565161,False
1882,0.2497552756627307,False,0.15759540597708688,False,0.2713190108223707,False,0.2419872718633923,False,0.15759540597708688,False
1883,0.24378660617063003,False,0.18056749255447901,False,0.27810994667482525,False,0.218250206908625,False,0.18056749255447901,False
1884,0.24039622465871496,False,0.15231996002801296,False,0.2000182728052105,False,0.2452867511334083,False,0.15231996002801296,False
1885,0.2194011339615588,False,0.17858808374313268,False,0.2538854479687567,False,0.1469383010198737,False,0.1469383010198737,False
1886,0.2147198214994297,False,0.07560256564813639,False,0.24242863628321681,False,0.22483244533968533,False,0.07560256564813639,False
1887,0.17113739303644987,False,0.19142157933231552,False,0.2029947543802137,False,0.19430550956851983,False,0.17113739303644987,False
1888,0.24115555455407822,False,0.1481135450169368,False,0.23836628362213963,False,0.14538006206132664,False,0.14538006206132664,False
1889,0.17521155102827846,False,0.15814032532995137,False,0.26613362809952934,False,0.25140600984699807,False,0.15814032532995137,False
1890,0.23794528752481764,False,0.12993460535659412,False,0.24810385325606926,False,0.21032819681255294,False,0.12993460535659412,False
1891,0.20683959259917273,False,0.1386028014777949,False,0.2651845438133073,False,0.23373390823963203,False,0.1386028014777949,False
1892,0.2518861971102712,False,0.1736541553448237,False,0.23693359864821978,False,0.22975855616239788,False,0.1736541553448237,False
1893,0.2279931366561273,False,0.15924865465120847,False,0.2711383621572217,False,0.1819485458818234,False,0.15924865465120847,False
1894,0.23732630695286938,False,0.11397546312480344,False,0.2527089226556028,False,0.1825682991004005,False,0.11397546312480344,False
1895,0.2401081297358415,False,0.09606122972369469,False,0.26720330125422004,False,0.21626586364593198,False,0.09606122972369469,False
1896,0.24168150317787512,False,0.18155238834374776,False,0.25298069530422973,False,0.15124679127134655,False,0.15124679127134655,False
1897,0.258887156564477,False,0.15876137952530794,False,0.16476925577010626,False,0.20934851612470023,False,0.15876137952530794,False
1898,0.2516828755072637,False,0.16658097012383427,False,0.21680068236112388,False,0.18006024860229514,False,0.16658097012383427,False
1899,0.1750072504572533,False,0.1353517862034403,False,0.23864226974083497,False,0.20078628889957334,False,0.1353517862034403,False
1900,0.2610755145599849,False,0.09054330211200223,False,0.2599684401653639,False,0.052245344620611145,False,0.052245344620611145,False
1901,0.2105554686849057,False,0.13573652210579384,False,0.26652374198662976,False,0.1968038489203175,False,0.13573652210579384,False
1902,0.25748610956758683,False,0.20975827976480882,False,0.1524531551707894,False,0.19071183204191428,False,0.1524531551707894,False
1903,0.20788773605645444,False,0.19062579207781544,False,0.21336002789974257,False,0.19331718312762014,False,0.19062579207781544,False
1904,0.128334222259594,False,0.11875561405324542,False,0.23746534884901255,False,0.20629921041644173,False,0.11875561405324542,False
1905,0.2586314190999894,False,0.18427161931621822,False,0.27260962072700656,False,0.22392296385262989,False,0.18427161931621822,False
1906,0.24151014106414753,False,0.19913737941719345,False,0.25680456817080527,False,0.20733714349521704,False,0.19913737941719345,False
1907,0.15321963751712503,False,0.23280424633898028,False,0.20117842853012097,False,0.1522345332416567,False,0.1522345332416567,False
1908,0.19644321948399324,False,0.16710348638493927,False,0.20875818884825464,False,0.11661660139161845,False,0.11661660139161845,False
1909,0.18182225445178302,False,0.120646625583258,False,0.2655325482844916,False,0.20973705777035018,False,0.120646625583258,False
1910,0.23638977992451676,False,0.17645262646099247,False,0.22763844677238276,False,0.16313925766659237,False,0.16313925766659237,False
1911,0.12498083339311006,False,0.17618348403475698,False,0.21621099825117257,False,0.22290069912609128,False,0.12498083339311006,False
1912,0.06167994437733393,False,0.17520273550473758,False,0.2770114567069411,False,0.13887612114669,False,0.06167994437733393,False
1913,0.22089482204575428,False,0.15032801306239846,False,0.21732249787101354,False,0.23681673333443343,False,0.15032801306239846,False
1914,0.16364945840843798,False,0.21885968157473623,False,0.22487250297741151,False,0.24305568487594426,False,0.16364945840843798,False
1915,0.22789478043735378,False,0.235107437994378,False,0.2428239622330678,False,0.2485506582147935,False,0.22789478043735378,False
1916,0.14312366878363647,False,0.24865476035116718,False,0.2631149893138612,False,0.2378117424974579,False,0.14312366878363647,False
1917,0.24931992514116907,False,0.20543518958999651,False,0.2233208420799297,False,0.22853510319433468,False,0.20543518958999651,False
1918,0.25180466608273866,False,0.24142798026354872,False,0.2602629423358015,False,0.16003677224101248,False,0.16003677224101248,False
1919,0.23828978041717758,False,0.1318073594082501,False,0.243673020554535,False,0.24526265930749602,False,0.1318073594082501,False
1920,0.22583343265010192,False,0.1962665088299932,False,0.27733316402409547,False,0.23329155798672513,False,0.1962665088299932,False
1921,0.26338696323897204,False,0.1870791564055866,False,0.24813325476357861,False,0.17848746275402094,False,0.17848746275402094,False
1922,0.2310719456132202,False,0.17096368574367582,False,0.16501112870279622,False,0.2036399733966992,False,0.16501112870279622,False
1923,0.25742043335233217,False,0.08322134804366588,False,0.22604941658480687,False,0.24801148547195223,False,0.08322134804366588,False
1924,0.1850307291305096,False,0.1395453715967469,False,0.2536797707647024,False,0.06919550675217623,False,0.06919550675217623,False
1925,0.26625429270835516,False,0.04772845389275304,False,0.2565421359658701,False,0.24947868057118672,False,0.04772845389275304,False
1926,0.2495040199665125,False,0.17952478730653143,False,0.19443496420721418,False,0.10309093609120523,False,0.10309093609120523,False
1927,0.21155019303110772,False,0.19457774596881255,False,0.26860421996720296,False,0.22497302482362747,False,0.19457774596881255,False
1928,0.2459311256646941,False,0.18661394371342743,False,0.20357678748801727,False,0.17250832021155926,False,0.17250832021155926,False
1929,0.2252077024615029,False,0.18757701895417372,False,0.1900477346699912,False,0.2115415531220317,False,0.18757701895417372,False
1930,0.24860694233176245,False,0.23288841328715604,False,0.2779384327040993,False,0.22009904571714234,False,0.22009904571714234,False
1931,0.1549855712264619,False,0.16204021281750058,False,0.21762040731918797,False,0.21875920992140885,False,0.1549855712264619,False
1932,0.2287970945971824,False,0.12430818994079035,False,0.2578804204351177,False,0.23638647324177453,False,0.12430818994079035,False
1933,0.22100579487531802,False,0.16704335913472673,False,0.25782192035042234,False,0.18884184118546243,False,0.16704335913472673,False
1934,0.190228642290522,False,0.15237485971762577,False,0.2734816839113079,False,0.22744951213034648,False,0.15237485971762577,False
1935,0.1552756732312195,False,0.23385694387306394,False,0.2100442935729625,False,0.23098466734565676,False,0.1552756732312195,False
1936,0.22703656014841245,False,0.2070824378428177,False,0.2551649481562942,False,0.24235712183386415,False,0.2070824378428177,False
1937,0.2316347655310808,False,0.05310306630301842,False,0.1820719242857176,False,0.1008206884705366,False,0.05310306630301842,False
1938,0.25541035295703474,False,0.11798830479261979,False,0.2715723555850849,False,0.14183117736661116,False,0.11798830479261979,False
1939,0.1719583416399757,False,0.17147790678859443,False,0.2405922020951814,False,0.22061970544790316,False,0.17147790678859443,False
1940,0.26038761222533846,False,0.17304757462666986,False,0.2526537997090845,False,0.18887968866455113,False,0.17304757462666986,False
1941,0.12281214795212314,False,0.20862084953654692,False,0.2639634672004131,False,0.08826335753431147,False,0.08826335753431147,False
1942,0.24918389716215555,False,0.04756848008821879,False,0.2779477189919968,False,0.19300967480795134,False,0.04756848008821879,False
1943,0.1658961348328859,False,0.11750393457669017,False,0.2529523589294016,False,0.24752933680710454,False,0.11750393457669017,False
1944,0.2328954470100696,False,0.1306142232713684,False,0.28109965758463734,False,0.24446609971780575,False,0.1306142232713684,False
1945,0.2339970671856565,False,0.20597945486020147,False,0.2106288203253775,False,0.22900097552054655,False,0.20597945486020147,False
1946,0.247653437432021,False,0.15881883774254246,False,0.24743999930793825,False,0.23216682450752918,False,0.15881883774254246,False
1947,0.19386901775932713,False,0.15624408765014725,False,0.21322351318424043,False,0.19316092844545601,False,0.15624408765014725,False
1948,0.1475761563860803,False,0.1855934351395777,False,0.24928609942918978,False,0.18817959102018605,False,0.1475761563860803,False
1949,0.14406403262168854,False,0.22161442343328763,False,0.2000696445989084,False,0.19742168714517405,False,0.14406403262168854,False
1950,0.13696182093825104,False,0.12081473560089395,False,0.26500368023742404,False,0.14450727407173591,False,0.12081473560089395,False
1951,0.24854816064386598,False,0.12605848757762494,False,0.2674134483981597,False,0.23175113457112734,False,0.12605848757762494,False
1952,0.17358285888522346,False,0.21684462698977874,False,0.2720506543513598,False,0.19433726949200464,False,0.17358285888522346,False
1953,0.11059016068300576,False,0.12672719086625978,False,0.26751282470883525,False,0.18529083431423737,False,0.11059016068300576,False
1954,0.18861941414678424,False,0.2308116966124476,False,0.18353485654776275,False,0.2120842155200725,False,0.18353485654776275,False
1955,0.24301556357181897,False,0.1729905347886887,False,0.2560781585207719,False,0.2250430532084513,False,0.1729905347886887,False
1956,0.1163558751628131,False,0.19153090492221142,False,0.25069210734682146,False,0.2308842729608881,False,0.1163558751628131,False
1957,0.17277953840979332,False,0.18859930081180593,False,0.27657781001379633,False,0.22348087441328646,False,0.17277953840979332,False
1958,0.17744170327998265,False,0.21301538234422218,False,0.1980560847632607,False,0.1842748373752125,False,0.17744170327998265,False
1959,0.07831190378678676,False,0.19815528357245898,False,0.2362752697687875,False,0.15325675059789856,False,0.07831190378678676,False
1960,0.18244462228150887,False,0.22206854987900193,False,0.2707058770875547,False,0.21036631984906246,False,0.18244462228150887,False
1961,0.12503494166701445,False,0.13916390837002396,False,0.2007606488970593,False,0.19488794334014164,False,0.12503494166701445,False
1962,0.12420365396762478,False,0.22061456851128125,False,0.27556544172772,False,0.22078088799339246,False,0.12420365396762478,False
1963,0.10140935422053698,False,0.13352358378579354,False,0.2682883280992043,False,0.1993536640605868,False,0.10140935422053698,False
1964,0.17979863225913567,False,0.1438827761035601,False,0.13864652582455295,False,0.1950280926237707,False,0.13864652582455295,False
1965,0.1846195790758567,False,0.2339894355452029,False,0.25470360652024737,False,0.17127353504234039,False,0.17127353504234039,False
1966,0.26641730365569793,False,0.2374489667152508,False,0.25827004668087594,False,0.21143105468328055,False,0.21143105468328055,False
1967,0.1741656362587276,False,0.22008042227113606,False,0.2822177737254994,False,0.2391144024323601,False,0.1741656362587276,False
1968,0.0975642387638217,False,0.24340141662651638,False,0.2738322892634526,False,0.19322398382640038,False,0.0975642387638217,False
1969,0.16218195875660835,False,0.2236709590565219,False,0.24461983058383135,False,0.16912296657628545,False,0.16218195875660835,False
1970,0.1343674290261999,False,0.13748428156144032,False,0.2647624116807453,False,0.21786954016864313,False,0.1343674290261999,False
1971,0.19075619011798556,False,0.2223921157561669,False,0.23511942686884302,False,0.20439268285308038,False,0.19075619011798556,False
1972,0.13488288842239748,False,0.13934887272207402,False,0.2737603648803948,False,0.20207494443760882,False,0.13488288842239748,False
1973,0.1291469261236342,False,0.23031884394753144,False,0.20856015830035252,False,0.21724294424065949,False,0.1291469261236342,False
1974,0.11920160876381236,False,0.14578501066459004,False,0.18934253086169878,False,0.11835001397188383,False,0.11835001397188383,False
1975,0.10447967824313475,False,0.17128757309448478,False,0.27484455927287416,False,0.05103022778453348,False,0.05103022778453348,False
1976,0.1481862428007895,False,0.15861930948898306,False,0.20429828107259757,False,0.14766762678706874,False,0.14766762678706874,False
1977,0.14310237924572278,False,0.14227369804605322,False,0.2398459694250834,False,0.18970222774853074,False,0.14227369804605322,False
1978,0.14561325347086168,False,0.21969459104936678,False,0.27625457384540525,False,0.18559406481089785,False,0.14561325347086168,False
1979,0.1863068473248835,False,0.1341402220203059,False,0.2563064679418373,False,0.19899499521193104,False,0.1341402220203059,False
1980,0.16848226861069893,False,0.22294340878962954,False,0.27004348570040065,False,0.16782653545970588,False,0.16782653545970588,False
1981,0.08558870604083191,False,0.21510882803246112,False,0.27392700835393136,False,0.20746406178417476,False,0.08558870604083191,False
1982,0.10207560267782367,False,0.0647521400912614,False,0.10453993312823373,False,0.04302245083125711,False,0.04302245083125711,False
1983,0.12100034192949916,False,0.13225864843771162,False,0.22077853576782652,False,0.21116503257255081,False,0.12100034192949916,False
1984,0.12466853242213016,False,0.1974853330928551,False,0.24599528756909178,False,0.21829167552798812,False,0.12466853242213016,False
1985,0.13424080926192372,False,0.21642800526050288,False,0.25899270231099947,False,0.11902672834404704,False,0.11902672834404704,False
1986,0.13179203572269294,False,0.06731537621796047,False,0.22602897228518076,False,0.20185486239181433,False,0.06731537621796047,False
1987,0.16273219588395282,False,0.16720421217431825,False,0.279094781271534,False,0.19651084324384582,False,0.16273219588395282,False
1988,0.03734373195595231,False,0.21080587329225742,False,0.22213227650456702,False,0.2191555238057621,False,0.03734373195595231,False
1989,0.18644269682120373,False,0.10943481666571409,False,0.2613521454938755,False,0.14959361956759243,False,0.10943481666571409,False
1990,0.1546054015193674,False,0.18839553540458814,False,0.2754396736703032,False,0.1813617670500618,False,0.1546054015193674,False
1991,0.039029323729407484,False,0.08975100226955046,False,0.26089506191101186,False,0.1834407656990144,False,0.039029323729407484,False
1992,0.08258192658042696,False,0.0800298577574875,False,0.28348162445704145,False,0.2024425454368255,False,0.0800298577574875,False
1993,0.11932523318607235,False,0.1588730457596153,False,0.2626030382036792,False,0.19856732458914522,False,0.11932523318607235,False
1994,0.09908118321127213,False,0.19250558194962314,False,0.23988536356564033,False,0.07708272238288572,False,0.07708272238288572,False
1995,0.21291234746806514,False,0.10720957132067555,False,0.2707900372176355,False,0.2375858858385978,False,0.10720957132067555,False
1996,0.11608618927003744,False,0.171117329774635,False,0.2683260432261514,False,0.16061082694256967,False,0.11608618927003744,False
1997,0.11145094901809582,False,0.08359537947937146,False,0.2653612106177025,False,0.2041892344038403,False,0.08359537947937146,False
1998,0.08168588673081678,False,0.14437325258860217,False,0.2774983281301352,False,0.23718642775848664,False,0.08168588673081678,False
1999,0.18124013227530655,False,0.17994154563489906,False,0.2727741657006385,False,0.23826446310094462,False,0.17994154563489906,False
2000,0.11407098743101474,False,0.13194984865616494,False,0.18453800714080892,False,0.20058925933304217,False,0.11407098743101474,False
2001,0.15020766079519243,False,0.14896916249530512,False,0.24469696028899912,False,0.1657504112619253,False,0.14896916249530512,False
2002,0.12097101216292205,False,0.11798947681393479,False,0.2751742778946644,False,0.19698438941667984,False,0.11798947681393479,False
2003,0.19104062370919522,False,0.22133760430384275,False,0.24172217967807325,False,0.2239339678242218,False,0.19104062370919522,False
2004,-0.011301801920621912,True,0.12626523292343328,False,0.2798887230905629,False,0.23296170596567795,False,-0.011301801920621912,True
2005,0.10857441952212377,False,0.10960034574919764,False,0.2802948896538626,False,0.20576034091538492,False,0.10857441952212377,False
2006,0.11099089951051311,False,0.09619860453820084,False,0.2760005767926837,False,0.20384020896234528,False,0.09619860453820084,False
2007,0.231431383889174,False,0.15518508362533323,False,0.23280228054530905,False,0.2247007856919982,False,0.15518508362533323,False
2008,0.0891154234547954,False,0.13706211305381422,False,0.26362441439104206,False,0.2513765274400003,False,0.0891154234547954,False
2009,0.17615298510861732,False,0.049629924554110194,False,0.26983820077196924,False,0.2086736106029507,False,0.049629924554110194,False
2010,0.0772479752548787,False,0.1426079133726561,False,0.22378713272989265,False,0.17125895274265596,False,0.0772479752548787,False
2011,0.23108079998646663,False,0.15833827721271138,False,0.19507566474586607,False,0.18146252931986168,False,0.15833827721271138,False
2012,0.25321933427462207,False,0.16865626526580735,False,0.14672136425732474,False,0.23271490200390166,False,0.14672136425732474,False
2013,0.2328465738109231,False,0.19120228470016298,False,0.2629982875518235,False,0.18327771683668115,False,0.18327771683668115,False
2014,0.06073184341831772,False,0.1278689264127973,False,0.2853538770027795,False,0.19412943871777305,False,0.06073184341831772,False
2015,0.2522602988165102,False,-0.014360465657182964,True,0.2531823511445493,False,0.23305552917620537,False,-0.014360465657182964,True
2016,0.1779691031125793,False,0.0902875510040434,False,0.14524543888027097,False,0.2201903365179232,False,0.0902875510040434,False
2017,0.19485866618550873,False,0.049240708937674516,False,0.25167943278807686,False,0.21926524394548275,False,0.049240708937674516,False
2018,0.2346266938902949,False,0.19815297214887256,False,0.280088339636531,False,0.2091416008724386,False,0.19815297214887256,False
2019,0.19038737905191938,False,0.19335478953476382,False,0.23581257007274942,False,0.20509463502060837,False,0.19038737905191938,False
2020,0.2571796757650337,False,0.057490004740452516,False,0.2870325637989556,False,0.06527053539834371,False,0.057490004740452516,False
2021,0.22915194236721353,False,0.19968609561757783,False,0.22616194677465806,False,0.20372585423972972,False,0.19968609561757783,False
2022,0.19492231829381113,False,0.1483788836390828,False,0.19705056033858775,False,0.15087381407232464,False,0.1483788836390828,False
2023,0.23629071552334358,False,0.1697566938871775,False,0.21593494159856585,False,0.2018657792038278,False,0.1697566938871775,False
2024,0.20340399069688803,False,0.0995608983496209,False,0.11000637912806543,False,0.19123378551837433,False,0.0995608983496209,False
2025,0.2539392144750809,False,0.1896736101604855,False,0.2693657222821566,False,0.18214470230713875,False,0.18214470230713875,False
2026,0.21564695623476027,False,0.16460014184482613,False,0.23822221158794205,False,0.2184374346930375,False,0.16460014184482613,False
2027,0.23977992474289522,False,0.11670576135346233,False,0.24816206330183915,False,0.10098591499795984,False,0.10098591499795984,False
2028,0.2553264830735696,False,0.0978064791445955,False,0.27768531397876833,False,0.2256237087698057,False,0.0978064791445955,False
2029,0.24967427837958345,False,0.2322501759481323,False,0.2573958410099762,False,0.176987680280425,False,0.176987680280425,False
2030,0.18954796108221528,False,0.13889082728895147,False,0.2643802404350245,False,0.23579170053021797,False,0.13889082728895147,False
2031,0.22783689586291822,False,0.18969217661055676,False,0.2050168131778619,False,0.25051247524261916,False,0.18969217661055676,False
2032,0.2453018842677464,False,0.19590836076004048,False,0.25518454720435596,False,0.2341553729733719,False,0.19590836076004048,False
2033,0.23378450904878145,False,0.15586797185202167,False,0.2598446716729819,False,0.2042836443173086,False,0.15586797185202167,False
2034,0.2625775664559086,False,0.21204081281971054,False,0.28718213569492795,False,0.2259776469541772,False,0.21204081281971054,False
2035,0.2167098822861464,False,0.20323563284954127,False,0.23911491298510912,False,0.21001946749148764,False,0.20323563284954127,False
2036,0.2075899364873166,False,0.04474377345483227,False,0.19440242991433676,False,0.16662143266230467,False,0.04474377345483227,False
2037,0.1960612739403304,False,0.10743360296946391,False,0.2528934152800878,False,0.026549272014859238,False,0.026549272014859238,False
2038,0.1889651789709479,False,0.09360619295001837,False,0.27687850405140874,False,0.03380898258869891,False,0.03380898258869891,False
2039,0.12331226309201104,False,0.17730194402658705,False,0.2643933206215704,False,0.037707933714771213,False,0.037707933714771213,False
2040,0.07202054887569354,False,0.09127510458399546,False,0.20757306424450744,False,0.0626800290659365,False,0.0626800290659365,False
2041,0.18109396192215144,False,0.14639910303034082,False,0.18789317646692782,False,0.07445927351549764,False,0.07445927351549764,False
2042,0.24177271797569327,False,0.16517507335688053,False,0.276143813809344,False,0.02393750081636703,False,0.02393750081636703,False
2043,0.21641940731796294,False,0.1680741983552279,False,0.2710856102503099,False,-0.026133961858269217,True,-0.026133961858269217,True
2044,0.17196798129474522,False,0.2056986296710986,False,0.2418331548774037,False,0.09030102860366385,False,0.09030102860366385,False
2045,0.17174739485047175,False,0.21006662753974903,False,0.2797443166643864,False,0.07753622811327865,False,0.07753622811327865,False
2046,0.17216795665465717,False,0.15204679730362547,False,0.2771534480000361,False,0.08276627770866452,False,0.08276627770866452,False
2047,0.07803424220132804,False,0.12439573978512553,False,0.26508711600663837,False,0.08719144268598245,False,0.07803424220132804,False
2048,0.15651660317181088,False,0.14059179689260187,False,0.28301909832467,False,0.11220133806448529,False,0.11220133806448529,False
2049,0.21057553737195178,False,0.23483752170847022,False,0.27379044520741824,False,0.10270927152296405,False,0.10270927152296405,False
2050,0.12127446463407432,False,0.16691307225408458,False,0.20362423475728553,False,0.11153750765786774,False,0.11153750765786774,False
2051,0.07805231367179966,False,0.09095327956478994,False,0.20126337650370035,False,0.12915250690912022,False,0.07805231367179966,False
2052,0.17076698569856968,False,0.19594136603172074,False,0.2263698193809393,False,0.16396114013257557,False,0.16396114013257557,False
2053,0.052399588945096,False,0.14809166062969947,False,0.1885301331550167,False,0.11699358786612568,False,0.052399588945096,False
2054,0.09234960751276444,False,0.13284077316329923,False,0.19206915929458895,False,0.06029843978977112,False,0.06029843978977112,False
2055,0.22907106258436272,False,0.21287851367839022,False,0.2834234574428685,False,0.08936891033203043,False,0.08936891033203043,False
2056,0.11489277857288849,False,0.19365848839268202,False,0.25294150318429065,False,0.18526096107172446,False,0.11489277857288849,False
2057,0.17008783780000647,False,0.12639444295263325,False,0.2832641523345746,False,0.143462852701361,False,0.12639444295263325,False
2058,0.14016680997235198,False,0.04841156907479083,False,0.19998340864983788,False,0.15728878264202928,False,0.04841156907479083,False
2059,0.15320401046166576,False,0.15321467969317415,False,0.2524317587969435,False,0.16724923281687826,False,0.15320401046166576,False
2060,0.10057025967599098,False,0.1489031228396604,False,0.24570592250962803,False,0.16691156688017772,False,0.10057025967599098,False
2061,0.1418343099568834,False,0.1374911954560606,False,0.24092403522828093,False,0.07552356153648343,False,0.07552356153648343,False
2062,0.17439933685791414,False,0.23406119067134667,False,0.25859892692621955,False,0.15724163031475602,False,0.15724163031475602,False
2063,0.1831906636012371,False,0.16433479112666782,False,0.2587953756964721,False,0.10248288635621838,False,0.10248288635621838,False
2064,0.21001758563639655,False,0.17184056869945685,False,0.27229491843483666,False,0.18315179422878164,False,0.17184056869945685,False
2065,0.06763218812593108,False,0.18806352201049237,False,0.19057917233813793,False,0.19818485856966467,False,0.06763218812593108,False
2066,0.08599440857727714,False,0.11619285342146113,False,0.2411314692398167,False,0.1368565820315102,False,0.08599440857727714,False
2067,0.062839165619476,False,0.17120039628832884,False,0.19319515246103391,False,0.07860649855624446,False,0.062839165619476,False
2068,0.18820630382737474,False,0.19863081294956342,False,0.2223148682115576,False,0.16684174268405583,False,0.16684174268405583,False
2069,0.1879606173694715,False,0.18468632889330977,False,0.1829388387368654,False,0.12988201072523348,False,0.12988201072523348,False
2070,0.19168750114463579,False,0.11815823834838735,False,0.2825103255182393,False,0.17779056155703526,False,0.11815823834838735,False
2071,0.10092067751874823,False,0.10055841933916365,False,0.17474491363349776,False,0.1757885604311435,False,0.10055841933916365,False
2072,0.11646391224564223,False,0.15436860976311217,False,0.26375852009033407,False,0.19807830045915115,False,0.11646391224564223,False
2073,0.09704483612207426,False,0.1373710153354536,False,0.24733112614524905,False,0.14644047607812544,False,0.09704483612207426,False
2074,0.21044970107039995,False,0.1744731889509803,False,0.2632457411885738,False,0.2055455224314215,False,0.1744731889509803,False
2075,0.14737769234602516,False,0.14429264036531175,False,0.2556067060961122,False,0.15027359385302202,False,0.14429264036531175,False
2076,0.11101604187472713,False,0.18453736135782556,False,0.250124736080161,False,0.1958967852394089,False,0.11101604187472713,False
2077,0.10573418986913852,False,0.14075811183448833,False,0.21917422329202996,False,0.19259692465548117,False,0.10573418986913852,False
2078,0.145541632341616,False,0.18502267795380628,False,0.2611030613448589,False,0.1863866859631536,False,0.145541632341616,False
2079,0.08694694763348787,False,0.1626431646081269,False,0.1262934995340249,False,0.18169510571895436,False,0.08694694763348787,False
2080,0.1982048611911878,False,0.1484870450091162,False,0.25121118179658203,False,0.1782854198206585,False,0.1484870450091162,False
2081,0.13640227745124,False,0.05712161523738213,False,0.1844768747830362,False,0.1140693896919246,False,0.05712161523738213,False
2082,0.1873063641370727,False,0.16955839184770993,False,0.2569176265627101,False,0.18416221062239735,False,0.16955839184770993,False
2083,0.23401531467752623,False,0.22287517711888494,False,0.2493567371569042,False,0.1975675587734928,False,0.1975675587734928,False
2084,0.24188511086336084,False,0.13334264192219591,False,0.2503183549527573,False,0.1595685889577127,False,0.13334264192219591,False
2085,0.10823690673695696,False,0.15544317298881988,False,0.18810674270798838,False,0.20691675719287528,False,0.10823690673695696,False
2086,0.15316108617826563,False,0.18738369961331935,False,0.16557637870366676,False,0.18335256009141837,False,0.15316108617826563,False
2087,0.10519493779054456,False,0.14723295064744896,False,0.27231324106655164,False,0.1814757004914665,False,0.10519493779054456,False
2088,0.06429860484596028,False,0.07920886577475783,False,0.20427781183320887,False,0.1384955338651277,False,0.06429860484596028,False
2089,0.1397835059134902,False,0.1617297237951676,False,0.23159519419944485,False,0.21449277969614117,False,0.1397835059134902,False
2090,0.157913628891246,False,0.1656006286694806,False,0.21807381442602003,False,0.20646851996453341,False,0.157913628891246,False
2091,0.07819480996305284,False,0.11045583974338513,False,0.18369200878094366,False,0.16492055523589472,False,0.07819480996305284,False
2092,0.12279172456780296,False,0.10381682165150363,False,0.23814013601165274,False,0.16713323226039611,False,0.10381682165150363,False
2093,0.200538501616293,False,0.09588677804522494,False,0.28443060581059426,False,0.06943606410853265,False,0.06943606410853265,False
2094,0.1059495420927985,False,0.19266435443872948,False,0.2529956181406175,False,0.1851601986473923,False,0.1059495420927985,False
2095,0.15750375198550387,False,0.15303915831419523,False,0.28025403755818673,False,0.2137290693866007,False,0.15303915831419523,False
2096,0.15738170935802415,False,0.1688005826458241,False,0.18356030488422953,False,0.23465776087261592,False,0.15738170935802415,False
2097,0.08251470572985864,False,0.04335983761171269,False,0.25028309442444935,False,0.19281636077292075,False,0.04335983761171269,False
2098,0.16288355416987266,False,0.1997616461927159,False,0.23124270854781315,False,0.15069317622577083,False,0.15069317622577083,False
2099,0.2074593143390665,False,0.1883125353251715,False,0.29468244895575085,False,0.1780559035776132,False,0.1780559035776132,False
2100,0.22711509621680787,False,0.16388238080197703,False,0.2472583006712359,False,0.12756626621684758,False,0.12756626621684758,False
2101,0.18862956711074746,False,0.2145475410190446,False,0.21107153717848587,False,0.16260658468843853,False,0.16260658468843853,False
2102,0.21551345760284824,False,0.1304839284315894,False,0.2590737223791562,False,0.17051384588224644,False,0.1304839284315894,False
2103,0.1755422144962016,False,0.19325949607234255,False,0.23229550359123768,False,0.15246142378796151,False,0.15246142378796151,False
2104,0.16675511326268838,False,0.16404578748859133,False,0.2547462118511533,False,0.14976189478503787,False,0.14976189478503787,False
2105,0.17710477425168886,False,0.12960181777035967,False,0.23409447902570252,False,0.13331447780583555,False,0.12960181777035967,False
2106,0.18266915764050412,False,0.16232959065592784,False,0.2200620537871713,False,0.1841096834038486,False,0.16232959065592784,False
2107,0.12673501234266737,False,0.15470926464787377,False,0.2537159652714917,False,0.1526935659042319,False,0.12673501234266737,False
2108,0.2555408114226116,False,0.14744948627303378,False,0.2694557601731895,False,-0.026470081609715757,True,-0.026470081609715757,True
2109,0.12221294308919717,False,0.1994959722614335,False,0.2729002681500555,False,0.1350919915355921,False,0.12221294308919717,False
2110,0.24650764160257005,False,0.127842309081329,False,0.21405626085567075,False,0.09332666298681014,False,0.09332666298681014,False
2111,0.1934651849723651,False,0.18933182378330615,False,0.20303011546062888,False,0.20185918904373085,False,0.18933182378330615,False
2112,0.261708402297449,False,0.2182352700444528,False,0.24596750562831882,False,0.11187363772612335,False,0.11187363772612335,False
2113,0.2040512978818167,False,0.07665794001672488,False,0.1959821694000875,False,0.2058141567572433,False,0.07665794001672488,False
2114,0.2703490329696482,False,0.07380683027641022,False,0.2503670829155304,False,0.17279388334634177,False,0.07380683027641022,False
2115,0.25632680864656504,False,0.22899616570517906,False,0.12018361047502613,False,0.13970751009047644,False,0.12018361047502613,False
2116,0.19824190605025926,False,0.07532953833615808,False,0.19826371652303287,False,0.15576137599822842,False,0.07532953833615808,False
2117,0.15239347787000235,False,0.14646922164949921,False,0.2404553918684198,False,0.08104235661297676,False,0.08104235661297676,False
2118,0.21548360638995323,False,0.17778982150672262,False,0.2532723795582641,False,0.09108053875510969,False,0.09108053875510969,False
2119,0.2527907120307964,False,0.19596531366031927,False,0.27540831558587897,False,0.203242729266011,False,0.19596531366031927,False
2120,0.22044716510973283,False,0.167684063062017,False,0.18180956999002434,False,0.18335861508215223,False,0.167684063062017,False
2121,0.23423920927054898,False,0.16051938098972768,False,0.24356057544536885,False,0.14436369427641205,False,0.14436369427641205,False
2122,0.2293608917354848,False,0.19848261372483406,False,0.26380684910824476,False,0.1171849711529791,False,0.1171849711529791,False
2123,0.23877472753492696,False,0.2450540880945828,False,0.20613158654953834,False,0.10789842217468604,False,0.10789842217468604,False
2124,0.21130106908321866,False,0.18458608134292703,False,0.24760784626505478,False,0.17716548178733088,False,0.17716548178733088,False
2125,0.21182709927600496,False,0.15495833267553488,False,0.23722195404360047,False,0.1842055530578139,False,0.15495833267553488,False
2126,0.24131610762437883,False,0.17009735650614638,False,0.2641958409467515,False,0.11763136995106172,False,0.11763136995106172,False
2127,0.23250567752869972,False,0.16527360064654134,False,0.22979603382435726,False,0.16435520930788644,False,0.16435520930788644,False
2128,0.22696546587600092,False,0.1513781709640854,False,0.21844563023682173,False,0.12665194429155102,False,0.12665194429155102,False
2129,0.13279782113884253,False,0.16600591211875226,False,0.22305576805859173,False,0.11446154267733988,False,0.11446154267733988,False
2130,0.24989547566178305,False,0.16777534106877762,False,0.2100303208829249,False,0.14027667315289638,False,0.14027667315289638,False
2131,0.17898509025656256,False,0.19797051600085136,False,0.2546481491695338,False,0.1342691010912313,False,0.1342691010912313,False
2132,0.24181548919857648,False,0.20433078860633708,False,0.27008424534179876,False,0.09231177084282527,False,0.09231177084282527,False
2133,0.25716122683148884,False,0.15441576176238625,False,0.2554741279844927,False,0.13885743919795301,False,0.13885743919795301,False
2134,0.23481580149858183,False,0.17531015693704405,False,0.281170221142468,False,0.1606012116134144,False,0.1606012116134144,False
2135,0.18342857987783817,False,0.1642362632046543,False,0.21491877727318687,False,0.14731415305041307,False,0.14731415305041307,False
2136,0.22740989733219158,False,0.1828962464256521,False,0.23936454859129014,False,0.138710227263798,False,0.138710227263798,False
2137,0.17957918256257321,False,0.23684543039756267,False,0.21109291323145418,False,0.11086252783163408,False,0.11086252783163408,False
2138,0.2322636850179287,False,0.20890322442273657,False,0.26015814729015585,False,0.14037989840615278,False,0.14037989840615278,False
2139,0.20030190600587394,False,0.23459313279592992,False,0.24450665208156958,False,0.18781700040120014,False,0.18781700040120014,False
2140,0.2132912702699814,False,0.17311313418083552,False,0.24119487442785426,False,0.1851382709211859,False,0.17311313418083552,False
2141,0.11827761632363176,False,0.15315131230855028,False,0.24154959265647596,False,0.2054909418987712,False,0.11827761632363176,False
2142,0.22024787086907394,False,0.10886032005914403,False,0.2906779053344162,False,0.2068100546133007,False,0.10886032005914403,False
2143,0.18205045405789105,False,0.2269897273501868,False,0.28533686086723553,False,0.2198672275330842,False,0.18205045405789105,False
2144,0.15628437711066223,False,0.1577739706852545,False,0.276229989534766,False,0.1606840382706588,False,0.15628437711066223,False
2145,0.15589617971680514,False,0.11242064838956445,False,0.24949018717056937,False,0.1074981114155914,False,0.1074981114155914,False
2146,0.2209000329440144,False,0.16351127477926153,False,0.2676340005258413,False,0.16982083024086386,False,0.16351127477926153,False
2147,0.21690118075542458,False,0.14694980654425716,False,0.2592360525386438,False,0.16602349853057147,False,0.14694980654425716,False
2148,0.17883063927584952,False,0.16819036847372543,False,0.25220184220738706,False,0.1818544527783416,False,0.16819036847372543,False
2149,0.1911996367508797,False,0.17557798889735116,False,0.1836802289767404,False,0.12994090545178472,False,0.12994090545178472,False
2150,0.24481446170603333,False,0.16890233400780313,False,0.26286739838229684,False,0.22081203470843458,False,0.16890233400780313,False
2151,0.08504292373570399,False,0.17422888923444502,False,0.21576736532024854,False,0.06263817042933151,False,0.06263817042933151,False
2152,0.22644805999056816,False,0.19322840006467168,False,0.25413552374281423,False,0.15076922496927347,False,0.15076922496927347,False
2153,0.17453803485773794,False,0.16152926664099354,False,0.18133438769939014,False,0.21057975116547628,False,0.16152926664099354,False
2154,0.06099019952175999,False,0.060811111037458954,False,0.25215130647353384,False,0.21396756950511597,False,0.060811111037458954,False
2155,0.21037331412285692,False,0.11288490519934025,False,0.2697686817003792,False,0.13572261576350503,False,0.11288490519934025,False
2156,0.15758251159723236,False,0.14012122588930787,False,0.23736383502258374,False,0.133670855000251,False,0.133670855000251,False
2157,0.13649139391971632,False,0.16762171202447296,False,0.23839806332112168,False,0.20029390686252452,False,0.13649139391971632,False
2158,0.12833857334046572,False,0.11406525566123016,False,0.2625389659374735,False,0.22546572784920865,False,0.11406525566123016,False
2159,0.17933811051800458,False,0.2277371935915653,False,0.23225037913836827,False,0.11480799584384949,False,0.11480799584384949,False
2160,0.18936782533122576,False,0.22392119082555872,False,0.2558683979021534,False,0.19578988278724546,False,0.18936782533122576,False
2161,0.22553114703893556,False,0.1516017810079432,False,0.17665622612878723,False,0.2049077439297829,False,0.1516017810079432,False
2162,0.14374621713519486,False,0.23720483981581492,False,0.2546036629969681,False,0.13475847927324536,False,0.13475847927324536,False
2163,0.02543085957914981,False,0.1424207195673573,False,0.26011688718321374,False,0.2022782906900364,False,0.02543085957914981,False
2164,0.11802177647962553,False,0.1091743787195768,False,0.2269400286398534,False,0.13457297720816558,False,0.1091743787195768,False
2165,0.057844449237918094,False,0.09179070965667913,False,0.18590079877748467,False,0.13726384134334912,False,0.057844449237918094,False
2166,0.2138708644685851,False,0.2109680170410982,False,0.26067547775062866,False,0.20326257740344067,False,0.20326257740344067,False
2167,0.14124717889049032,False,0.1517945027745416,False,0.19218685954856413,False,0.17832578769413476,False,0.14124717889049032,False
2168,0.10521942460890632,False,0.14640335411627298,False,0.2458363600018394,False,0.1974135705818333,False,0.10521942460890632,False
2169,0.20179232326365865,False,0.2273405969388438,False,0.28223636233805904,False,0.22857154425218962,False,0.20179232326365865,False
2170,0.20584068586511478,False,0.06701471868231124,False,0.211927790701264,False,0.2319747804949011,False,0.06701471868231124,False
2171,0.18335390082412267,False,0.1651755629289247,False,0.2491159491242263,False,0.1728243197204849,False,0.1651755629289247,False
2172,0.18168923978060764,False,0.14555997666193787,False,0.2583366226368373,False,0.16424241608511048,False,0.14555997666193787,False
2173,0.1448699924521052,False,0.12034653489839986,False,0.17498374002278178,False,0.20680155077380463,False,0.12034653489839986,False
2174,0.07111120014544092,False,0.22738601307619521,False,0.2290149334410671,False,0.20506579682628195,False,0.07111120014544092,False
2175,0.12082031911001545,False,0.1884568029190396,False,0.25956801588762973,False,0.21808025630834765,False,0.12082031911001545,False
2176,0.10557839670760294,False,0.1532763582344896,False,0.24753834521916301,False,0.13713526323853686,False,0.10557839670760294,False
2177,0.08880566764249709,False,0.19776406409768793,False,0.18786483148917665,False,0.14787289461828174,False,0.08880566764249709,False
2178,0.10293784147305984,False,0.06548714608249218,False,0.24759510754195568,False,0.17502720104649278,False,0.06548714608249218,False
2179,0.17556017107214522,False,0.22415265675148882,False,0.2286689501668117,False,0.24046395209393745,False,0.17556017107214522,False
2180,0.1410540726080426,False,0.1502204253192112,False,0.28450521014134234,False,0.13966388730753032,False,0.13966388730753032,False
2181,0.2362419978410371,False,0.15302016233920201,False,0.20781708232951768,False,0.17102132595664293,False,0.15302016233920201,False
2182,0.18766928984058645,False,0.17918935263996616,False,0.2848942660558647,False,0.11987143188100213,False,0.11987143188100213,False
2183,0.07828806938672073,False,0.16669569475637963,False,0.25046849459523896,False,0.17658324968066647,False,0.07828806938672073,False
2184,0.17945459184508766,False,0.2120224189184295,False,0.26039434304956405,False,0.1479821677706224,False,0.1479821677706224,False
2185,0.07522155336694691,False,0.14167338717747724,False,0.1893309523960987,False,0.16289756517189663,False,0.07522155336694691,False
2186,0.1720709908748686,False,0.14647622884379885,False,0.25632513423540093,False,0.08059831875313161,False,0.08059831875313161,False
2187,0.16274563605185033,False,0.08920125916231059,False,0.23186895044209765,False,0.21276357878151547,False,0.08920125916231059,False
2188,0.11025442387848738,False,0.16037732208965905,False,0.26949835882851175,False,0.22753355454122515,False,0.11025442387848738,False
2189,0.19328004667846704,False,0.23266628248425514,False,0.22222112885233636,False,0.14961094557943017,False,0.14961094557943017,False
2190,0.15601883824847607,False,0.1328696146322001,False,0.27081538057940163,False,0.1965608318876611,False,0.1328696146322001,False
2191,0.14098916872455958,False,0.18061973257818215,False,0.229989809621984,False,0.17298591604234992,False,0.14098916872455958,False
2192,0.15463432274809524,False,0.16014435063508398,False,0.26789025726778626,False,0.16149094265227526,False,0.15463432274809524,False
2193,0.0916557154642178,False,0.07220590285356465,False,0.2544188311715953,False,0.1646264154856048,False,0.07220590285356465,False
2194,0.21394193823828095,False,0.1825143264581237,False,0.262068741825694,False,0.09746770704279184,False,0.09746770704279184,False
2195,0.08938041995873913,False,0.13080283597865305,False,0.25951473387196267,False,0.24210890440942134,False,0.08938041995873913,False
2196,0.1134149081453173,False,0.17572326755265272,False,0.28734389488474055,False,0.14003989473268896,False,0.1134149081453173,False
2197,0.15074078064601448,False,0.15594731426758357,False,0.22031028277161047,False,0.1619916317924311,False,0.15074078064601448,False
2198,0.18042871510760028,False,0.15957107821695277,False,0.26808782534949993,False,0.20251253516585255,False,0.15957107821695277,False
2199,0.08365303991351813,False,-0.01590570041997752,True,0.2592496188478817,False,0.08250761834194631,False,-0.01590570041997752,True
2200,0.12193685228858697,False,0.15501598206356926,False,0.263980905728015,False,0.22895387541417028,False,0.12193685228858697,False
2201,0.1193174418813634,False,0.20608149776698642,False,0.2522265544316538,False,0.13746752545976826,False,0.1193174418813634,False
2202,0.11999239130740158,False,0.13719766583571846,False,0.27215648064910253,False,0.20061821204154057,False,0.11999239130740158,False
2203,0.06735564696053109,False,0.18215649715594784,False,0.28524571256770803,False,0.14729535072233774,False,0.06735564696053109,False
2204,0.17824331823527095,False,0.20039545262246466,False,0.284005353527991,False,0.18990728055837391,False,0.17824331823527095,False
2205,0.11250647938250902,False,0.13226193751242948,False,0.20830348429164786,False,0.1656526102187204,False,0.11250647938250902,False
2206,0.04685109061979564,False,0.1926402631672965,False,0.22183543628059194,False,0.20222460513950113,False,0.04685109061979564,False
2207,0.09133976928255105,False,0.06465822721679715,False,0.2831193629097647,False,0.15013052603929172,False,0.06465822721679715,False
2208,0.04891944160970507,False,0.18647323034331692,False,0.23354916836705542,False,0.13539596375084745,False,0.04891944160970507,False
2209,0.16630473022694747,False,0.13962779234038086,False,0.19233369097592257,False,0.14167949381793388,False,0.13962779234038086,False
2210,0.15391660171931376,False,0.23650138354980643,False,0.22899412723172735,False,0.19133307413272604,False,0.15391660171931376,False
2211,0.028212516647043384,False,0.1912389601079159,False,0.283258633800934,False,0.20087634273229749,False,0.028212516647043384,False
2212,0.10286678990607068,False,0.11903484874890691,False,0.25732982659030906,False,0.22448511389459436,False,0.10286678990607068,False
2213,0.12335090188151143,False,0.2193116508330939,False,0.2734087873123901,False,0.19093860555972658,False,0.12335090188151143,False
2214,0.0970567266081197,False,0.1861807056953413,False,0.26366144621987303,False,0.15944714519736797,False,0.0970567266081197,False
2215,0.09577840245473834,False,0.1655533170969083,False,0.26450716032180155,False,0.24128117647167635,False,0.09577840245473834,False
2216,0.13253666303042078,False,0.14123902932995863,False,0.2444335186743019,False,0.13560199311079868,False,0.13253666303042078,False
2217,0.11862989406155988,False,0.20024844447559303,False,0.26045092104052375,False,0.13595302736095355,False,0.11862989406155988,False
2218,0.18759542205616858,False,0.18756663289981257,False,0.2799378811425275,False,0.21458240648669824,False,0.18756663289981257,False
2219,0.09600429171033009,False,0.18138524399930722,False,0.2857821577738242,False,0.2190212753406403,False,0.09600429171033009,False
2220,0.1230314263074177,False,0.12748821230121726,False,0.2362172092424959,False,0.1391498466152924,False,0.1230314263074177,False
2221,0.1810569884882371,False,0.16544676204227793,False,0.28080821366236586,False,0.22522392219167447,False,0.16544676204227793,False
2222,0.0313482087884307,False,0.08983646433012249,False,0.2446710937818703,False,0.177183513008062,False,0.0313482087884307,False
2223,0.18776411691255745,False,0.21567435796918716,False,0.25919669873739465,False,0.1736119982899605,False,0.1736119982899605,False
2224,0.07172081134881525,False,0.17138871196323607,False,0.281148079348988,False,0.22256043746446624,False,0.07172081134881525,False
2225,0.10832282756793365,False,0.12388672477322504,False,0.28066852025146516,False,0.23519258805358068,False,0.10832282756793365,False
2226,0.03437405915211855,False,0.04785897959979046,False,0.24260918150642707,False,0.12714800405158033,False,0.03437405915211855,False
2227,0.18702596099416197,False,0.07330245266542312,False,0.17166738342334592,False,0.23100173473831048,False,0.07330245266542312,False
2228,0.06618637262866645,False,0.1419561922885343,False,0.2446903293508324,False,0.1373403976464601,False,0.06618637262866645,False
2229,0.1160007956830752,False,0.0696732280480874,False,0.280122923523144,False,0.16241276907805902,False,0.0696732280480874,False
2230,0.0020808346879146455,False,0.10068182157703565,False,0.270858974740837,False,0.16454988091390071,False,0.0020808346879146455,False
2231,0.138716149707943,False,0.11456865146040462,False,0.2690484092682985,False,0.23865835269118763,False,0.11456865146040462,False
2232,0.14518108733483398,False,0.105703756819711,False,0.2598344639674354,False,0.12909215846396183,False,0.105703756819711,False
2233,0.16985500781685214,False,0.07994761788973792,False,0.2127614063514135,False,0.19348649861695838,False,0.07994761788973792,False
2234,0.17351491032678362,False,0.10360410575817625,False,0.2935664546696086,False,0.19589973689713813,False,0.10360410575817625,False
2235,0.08806985285406932,False,0.09809403662322147,False,0.2546325609006379,False,0.18094957559250052,False,0.08806985285406932,False
2236,0.21859799403484448,False,0.1298245531684497,False,0.2881194512376333,False,0.17854297597182384,False,0.1298245531684497,False
2237,0.1274073649969698,False,0.1632442592901886,False,0.24665795174557187,False,0.18328193007477817,False,0.1274073649969698,False
2238,0.15483954382238357,False,0.15295115911681195,False,0.25253450940865385,False,0.07757147091523386,False,0.07757147091523386,False
2239,0.12308794504955456,False,0.15063255917319163,False,0.19837932476507086,False,0.17363679597575166,False,0.12308794504955456,False
2240,0.056183847469697734,False,0.18997264803189867,False,0.2862119823921958,False,0.19240244014503965,False,0.056183847469697734,False
2241,0.15980348754726625,False,0.192802922794866,False,0.2463640838221724,False,0.214908531082802,False,0.15980348754726625,False
2242,0.06630494961392719,False,0.22068447494518528,False,0.26422550783860344,False,0.12535834195582668,False,0.06630494961392719,False
2243,0.14133836502618102,False,0.19883476050764043,False,0.18378798610401986,False,0.15807188691879936,False,0.14133836502618102,False
2244,0.15863905676548695,False,0.11100797006360341,False,0.2782345255320767,False,0.13185786116663178,False,0.11100797006360341,False
2245,0.04425314393352908,False,0.17140624961579642,False,0.24148794783079613,False,0.13670894621783658,False,0.04425314393352908,False
2246,0.17535598067453906,False,0.1443035186474736,False,0.2589834123655917,False,0.09258690802698266,False,0.09258690802698266,False
2247,0.15381898699048852,False,0.14363593536013053,False,0.28211789719987623,False,0.2051233154965834,False,0.14363593536013053,False
2248,0.08483026622752088,False,0.14591835040824408,False,0.19758905574148228,False,0.12805746733245432,False,0.08483026622752088,False
2249,0.08675708258748316,False,0.13613235359001707,False,0.22938806574880682,False,0.12549640885235086,False,0.08675708258748316,False
2250,0.13834303509634116,False,0.1149268746824279,False,0.28366858932144906,False,0.20581036907272848,False,0.1149268746824279,False
2251,0.13858697195666658,False,0.092214216426171,False,0.23947373042237108,False,0.14930275208968324,False,0.092214216426171,False
2252,0.03905442771761225,False,-0.03488313001928389,True,0.17324461969709154,False,0.15722364091886548,False,-0.03488313001928389,True
2253,0.21723099919779748,False,0.1384280415117834,False,0.25022429397204227,False,0.1374842477412162,False,0.1374842477412162,False
2254,0.02976984614708078,False,0.14433595555152573,False,0.23609407889890455,False,0.13375351162287236,False,0.02976984614708078,False
2255,0.07258918612843279,False,0.10533530541134362,False,0.22781835320936195,False,0.1481336370374327,False,0.07258918612843279,False
2256,0.09868617359544674,False,0.1758633415243004,False,0.16964901069043553,False,0.06029421911378541,False,0.06029421911378541,False
2257,0.21648273709138932,False,0.1541974065836349,False,0.2687458022211478,False,0.15741237712786565,False,0.1541974065836349,False
2258,0.08935890425209003,False,0.10771685580809565,False,0.23101352044311219,False,0.09709561589185833,False,0.08935890425209003,False
2259,0.18668638850832864,False,0.1857772424941005,False,0.2538757859984495,False,0.16139016847118715,False,0.16139016847118715,False
2260,0.15231965678405235,False,0.09531759250774074,False,0.259434984597419,False,0.14093199698951664,False,0.09531759250774074,False
2261,0.1612874995847886,False,0.10897126713522709,False,0.24519254974468518,False,0.18407414395829752,False,0.10897126713522709,False
2262,0.04606105095912538,False,0.11193036329811445,False,0.26060889126098463,False,0.1233906277735326,False,0.04606105095912538,False
2263,0.08376412912374875,False,0.15573548950624955,False,0.29059725111193035,False,0.10258718688442536,False,0.08376412912374875,False
2264,0.0919118511243805,False,0.08832533319587466,False,0.25980327540122977,False,0.12863021746225822,False,0.08832533319587466,False
2265,0.13535510334234302,False,0.06108068994840821,False,0.24865496387132535,False,0.11275838375343694,False,0.06108068994840821,False
2266,0.16666119338811486,False,0.08899285790895206,False,0.29262263168851294,False,0.15938654413591585,False,0.08899285790895206,False
2267,0.17552627845280694,False,0.12194082092208769,False,0.25701174499075297,False,0.09698099808078231,False,0.09698099808078231,False
2268,0.10945686398941479,False,0.1908600479153314,False,0.20420004106021772,False,0.1479698756065354,False,0.10945686398941479,False
2269,0.1821844405426929,False,0.18074174673613874,False,0.2689115250970407,False,0.16898232581604483,False,0.16898232581604483,False
2270,0.1272091110711836,False,0.09662619767190617,False,0.27520121173289436,False,0.11532625047755662,False,0.09662619767190617,False
2271,0.1525446915403622,False,0.16373040748251744,False,0.2880223968265571,False,0.19394384061316305,False,0.1525446915403622,False
2272,0.15935304422454988,False,0.11731430215319416,False,0.26132267047601926,False,0.1829835220809174,False,0.11731430215319416,False
2273,0.20949528137650325,False,0.1333109164355744,False,0.23868005918333568,False,0.13648082180243104,False,0.1333109164355744,False
2274,0.08215197935119911,False,0.10478340165762934,False,0.2838723173374417,False,0.15375502077850017,False,0.08215197935119911,False
2275,0.16179697414498584,False,0.1716533190477309,False,0.21109333643586525,False,0.20029841016004696,False,0.16179697414498584,False
2276,0.11944999543832124,False,0.18141668776514264,False,0.15382988770705597,False,0.19362705777233807,False,0.11944999543832124,False
2277,0.15236346174373955,False,0.17954373884729485,False,0.26556998784650215,False,0.1388919518212854,False,0.1388919518212854,False
2278,0.15290762660177087,False,0.08816744488527661,False,0.16524947778324434,False,0.18753202428370513,False,0.08816744488527661,False
2279,0.08894026443594139,False,0.1487919037382769,False,0.27897932548306636,False,0.2212598481898927,False,0.08894026443594139,False
2280,0.11042318247387584,False,0.1520033982085024,False,0.25827996245724777,False,0.11075774140912176,False,0.11042318247387584,False
2281,0.17427872469625288,False,0.17761934453221578,False,0.20101096097753568,False,0.15807998065707435,False,0.15807998065707435,False
2282,0.12147595024304314,False,0.17165246163085845,False,0.28095540855617485,False,0.1332608364803568,False,0.12147595024304314,False
2283,0.12123766997083796,False,0.2222434888855393,False,0.26434446048499227,False,0.1466245286808644,False,0.12123766997083796,False
2284,0.10449720794320294,False,0.06717424735273547,False,0.25398264994565756,False,0.13590834380710282,False,0.06717424735273547,False
2285,0.14020639653320066,False,0.12011647978808782,False,0.2799393100367399,False,0.16639597188405436,False,0.12011647978808782,False
2286,0.12089055790503389,False,0.18834851311239825,False,0.19227173049190932,False,0.17730833838448962,False,0.12089055790503389,False
2287,0.13303319766094557,False,0.19167615189111153,False,0.28087407819100346,False,0.11874076226084807,False,0.11874076226084807,False
2288,0.15110614980583476,False,0.20154445875515958,False,0.28471687457668654,False,0.12038145005295198,False,0.12038145005295198,False
2289,0.11362043879797123,False,0.1604301562985011,False,0.2479162285588356,False,0.16117460970801056,False,0.11362043879797123,False
2290,0.054313192226993934,False,0.19418199824365234,False,0.23653579141866576,False,0.18156487651858122,False,0.054313192226993934,False
2291,0.2151476343190929,False,0.104019805773922,False,0.27132835625983487,False,0.1575119744849584,False,0.104019805773922,False
2292,0.21489819880353017,False,0.1784331364998113,False,0.266788654463837,False,0.12035861925560853,False,0.12035861925560853,False
2293,0.2189573670911623,False,0.1383985537687923,False,0.2689168446015288,False,0.14509304972009807,False,0.1383985537687923,False
2294,0.14455794766529267,False,0.17163841026248894,False,0.2809237368079649,False,0.21546548984309516,False,0.14455794766529267,False
2295,0.06788795640950573,False,0.1693100554280209,False,0.2554723035796346,False,0.11131865560263376,False,0.06788795640950573,False
2296,0.13582842078245727,False,0.05389633702868257,False,0.27076050789379463,False,0.15052899912613527,False,0.05389633702868257,False
2297,0.07240590323315776,False,0.2104712992682522,False,0.2587098054284258,False,0.15696342492551357,False,0.07240590323315776,False
2298,0.1372511730582745,False,0.2064280638757796,False,0.2671992017627734,False,0.13451773290122454,False,0.13451773290122454,False
2299,0.08170702941611685,False,0.11325451084564686,False,0.2402182507619146,False,0.12869894160280299,False,0.08170702941611685,False
2300,0.08675237770229782,False,0.13632342228366595,False,0.24632354377088234,False,0.13032651260476374,False,0.08675237770229782,False
2301,0.06217058647867657,False,0.08377365897010902,False,0.21766248811303635,False,0.12009223912247646,False,0.06217058647867657,False
2302,0.203313332124479,False,0.15193721142272276,False,0.2091531577112848,False,0.16943458299076192,False,0.15193721142272276,False
2303,0.16106940180262053,False,0.07456867632239661,False,0.24657485086152775,False,0.11546304315994393,False,0.07456867632239661,False
2304,0.14284626704868786,False,0.17838147680012778,False,0.2339839565057758,False,0.16226558655433793,False,0.14284626704868786,False
2305,0.08710947188081475,False,0.10034029468236227,False,0.2528910989107998,False,0.1723536119510377,False,0.08710947188081475,False
2306,0.13170791831789264,False,0.16262114176921472,False,0.21199484136081587,False,0.14963622972022672,False,0.13170791831789264,False
2307,0.06216416444071293,False,0.11466543967917586,False,0.2633461453304595,False,0.14471183175642122,False,0.06216416444071293,False
2308,0.17448691227626828,False,0.23499160996601515,False,0.2645150703251956,False,0.14027472364707122,False,0.14027472364707122,False
2309,0.029021271098569112,False,0.07368561538014029,False,0.2693608002178254,False,0.15313040294128205,False,0.029021271098569112,False
2310,0.0756550862985933,False,0.160990268875993,False,0.23194113971305103,False,0.13531125675553068,False,0.0756550862985933,False
2311,0.11149851080548734,False,0.15120881231464223,False,0.271208383196119,False,0.10451556054911781,False,0.10451556054911781,False
2312,0.07419795894557002,False,0.08735563421961878,False,0.2634375818997336,False,0.09843445266583017,False,0.07419795894557002,False
2313,0.03316500528177424,False,0.1060461550838303,False,0.23244852862312249,False,0.07657741913904137,False,0.03316500528177424,False
2314,0.16265485538967145,False,0.09079067291054999,False,0.2816096502149038,False,0.13545424676589551,False,0.09079067291054999,False
2315,0.11703436965352243,False,0.18637253038284085,False,0.266726878224111,False,0.08523526357510924,False,0.08523526357510924,False
2316,0.12448120918750594,False,0.23259207951492106,False,0.17306613041111407,False,0.08415280430738492,False,0.08415280430738492,False
2317,0.17502507763418707,False,0.1230582374594591,False,0.2388383672385248,False,0.11360675722561231,False,0.11360675722561231,False
2318,0.07593012536898136,False,0.11414623296446269,False,0.26470634235238993,False,0.10682363802224892,False,0.07593012536898136,False
2319,0.14615441816796015,False,0.1081905843669212,False,0.23798786942970257,False,0.1581225049390681,False,0.1081905843669212,False
2320,0.03538720637518,False,0.12148963570914795,False,0.25331911342543023,False,0.11506093588845567,False,0.03538720637518,False
2321,0.175603475399144,False,0.17605981058395265,False,0.25779321350642376,False,0.11915433372446183,False,0.11915433372446183,False
2322,0.12060266668094521,False,0.1635435993138259,False,0.26331841850329024,False,0.1417125948034353,False,0.12060266668094521,False
2323,0.08391879614434083,False,0.13950994456718152,False,0.2658664774210564,False,0.166316815631314,False,0.08391879614434083,False
2324,0.09249232254424311,False,0.1253258047796837,False,0.23054984993250338,False,0.09151069094428155,False,0.09151069094428155,False
2325,0.10945641910395942,False,0.1465613376902744,False,0.2758079911856606,False,0.11179254630306878,False,0.10945641910395942,False
2326,0.0598337401015504,False,0.1696968128594134,False,0.2460954742493826,False,0.03762709434523259,False,0.03762709434523259,False
2327,0.02149307788336463,False,0.1066348857660272,False,0.2809138309850601,False,0.06751825932137556,False,0.02149307788336463,False
2328,0.0011562345801375828,False,0.131589196451397,False,0.1864981144106403,False,0.08939622663072933,False,0.0011562345801375828,False
2329,0.1326433454281627,False,0.1657162817434945,False,0.2932789993995505,False,0.12088461520969296,False,0.12088461520969296,False
2330,0.0988838256833009,False,0.22353531593029918,False,0.19870306241899005,False,0.04768981577430387,False,0.04768981577430387,False
2331,0.021001528841419925,False,0.21637898171769293,False,0.28951098025979094,False,-0.03574847857525798,True,-0.03574847857525798,True
2332,-0.010337568279990994,True,0.067872344685457,False,0.22936773582569958,False,-0.014947628180919437,True,-0.014947628180919437,True
2333,0.12376305292669065,False,0.22770883309808565,False,0.2619851563969781,False,0.00853275745343407,False,0.00853275745343407,False
2334,0.10828004696412663,False,0.18911669344956583,False,0.25351202479773843,False,-0.009077220551451437,True,-0.009077220551451437,True
2335,0.0980667959807463,False,0.11124950380605836,False,0.17514354885312294,False,-0.011763107970661935,True,-0.011763107970661935,True
2336,0.03274012783605884,False,0.09562008806691147,False,0.2452799076788264,False,-0.01324556224730955,True,-0.01324556224730955,True
2337,0.11772000473690691,False,0.13665343664802382,False,0.2806579219705303,False,-0.002817163386910071,True,-0.002817163386910071,True
2338,0.07647088811618041,False,0.12435996893595702,False,0.24690518671128492,False,-0.0181797022547745,True,-0.0181797022547745,True
2339,0.21314097169636986,False,0.162465479057737,False,0.231143017432624,False,-0.02650955606666916,True,-0.02650955606666916,True
2340,0.11995312734849417,False,0.23804766571468855,False,0.25025709577907823,False,-0.026503543503409333,True,-0.026503543503409333,True
2341,0.12759710271260383,False,0.14486532982783307,False,0.28062560396367736,False,-0.00523554067232701,True,-0.00523554067232701,True
2342,0.11067930451237418,False,0.20249596100603062,False,0.2806481097023862,False,0.039368845641352235,False,0.039368845641352235,False
2343,0.17098876286279546,False,0.18357971341648788,False,0.2501150939711961,False,0.010494985182841532,False,0.010494985182841532,False
2344,0.0436219445106506,False,0.09500812603402686,False,0.19707863095922012,False,0.022375229825998044,False,0.022375229825998044,False
2345,0.12637976838804954,False,0.08591916829716395,False,0.26486315012234196,False,0.02107613855676982,False,0.02107613855676982,False
2346,0.1234231694575827,False,0.06799498713487862,False,0.2069192694006396,False,-0.007814369429495538,True,-0.007814369429495538,True
2347,0.05962651886130721,False,0.09782656758241981,False,0.26575776472160567,False,0.0012647388603911347,False,0.0012647388603911347,False
2348,0.08365768331887646,False,0.16784588040562515,False,0.2840306403402624,False,0.011604510769232967,False,0.011604510769232967,False
2349,0.08451903274940309,False,0.13691512987523885,False,0.246222811989728,False,0.017227680058939265,False,0.017227680058939265,False
2350,0.1148200227847126,False,0.18396871953536248,False,0.22852977525434198,False,-0.023988302366502734,True,-0.023988302366502734,True
2351,0.08809294377338073,False,0.18017325140305984,False,0.2522248946290337,False,0.0036461900047538576,False,0.0036461900047538576,False
2352,0.041559946393912806,False,0.1575780209209936,False,0.23936287331872158,False,-0.006189942324620001,True,-0.006189942324620001,True
2353,0.07063915509286134,False,0.20397921689980214,False,0.231966131335339,False,-0.009369678310231833,True,-0.009369678310231833,True
2354,0.1559155508249528,False,0.19744207628614852,False,0.23279042575124131,False,0.030018614182079517,False,0.030018614182079517,False
2355,0.1403256760252023,False,0.16846233450597825,False,0.26259795339591757,False,0.04655976568415521,False,0.04655976568415521,False
2356,0.11628527399453881,False,0.20968642138257132,False,0.22899201962154536,False,0.042441449420605015,False,0.042441449420605015,False
2357,0.12309645499421396,False,0.18794574666980912,False,0.24045017573414362,False,-0.010649296656344398,True,-0.010649296656344398,True
2358,0.16961314560925517,False,0.13554060243533295,False,0.19872688605889116,False,0.025625290810564083,False,0.025625290810564083,False
2359,0.05948190548497179,False,0.15769433015691425,False,0.23088210076743315,False,0.019144283264906248,False,0.019144283264906248,False
2360,0.17911432981993858,False,0.18623140995597415,False,0.1634683854584909,False,-0.007588412630118335,True,-0.007588412630118335,True
2361,0.07463999790665476,False,0.11743643594586295,False,0.2707943543885373,False,0.0021399349159686443,False,0.0021399349159686443,False
2362,0.12043722206683483,False,0.14799042697035175,False,0.23023797822523778,False,0.0746328383780972,False,0.0746328383780972,False
2363,0.11796301615367522,False,0.1853002386152271,False,0.22900749757857813,False,0.06420993263620489,False,0.06420993263620489,False
2364,0.11463850517416296,False,0.1821704752333585,False,0.23466284431085016,False,0.07850409126157376,False,0.07850409126157376,False
2365,0.10722485390168424,False,0.08350806052896775,False,0.25084743244818325,False,0.0669065077185147,False,0.0669065077185147,False
2366,0.11408649349150901,False,0.1150570123156478,False,0.21234994584517458,False,0.043307982215933905,False,0.043307982215933905,False
2367,0.07968406137678019,False,0.1752962406047583,False,0.2623986033706049,False,0.06194917265575428,False,0.06194917265575428,False
2368,0.22876391133735863,False,0.21351615350299347,False,0.23352899624337248,False,0.04359598810296339,False,0.04359598810296339,False
2369,0.09777712905628277,False,0.18883112115880207,False,0.2698724222522233,False,-0.04472841056290322,True,-0.04472841056290322,True
2370,0.09855706135028564,False,0.13677906565723896,False,0.25590924051793223,False,0.05723741984960151,False,0.05723741984960151,False
2371,0.1457887633779909,False,0.1454627706464291,False,0.2742154562949616,False,0.023217826434373645,False,0.023217826434373645,False
2372,0.08793078393205989,False,0.1621541237186545,False,0.15551571881702264,False,0.023276643419217535,False,0.023276643419217535,False
2373,0.16060228820829986,False,0.15020513949748793,False,0.25404751723695296,False,0.07616425600820254,False,0.07616425600820254,False
2374,0.1745438540410001,False,0.13703417581952448,False,0.29119484983723676,False,0.06696398758179978,False,0.06696398758179978,False
2375,0.23165691766412905,False,0.17408127947743401,False,0.268656716644803,False,-0.05908253886233539,True,-0.05908253886233539,True
2376,0.06864279759521641,False,0.18051633501773867,False,0.23427140249940598,False,0.05253427953810985,False,0.05253427953810985,False
2377,0.16228283673844557,False,0.1290435645976445,False,0.27552212501230705,False,0.08242843319428372,False,0.08242843319428372,False
2378,0.10309824967052272,False,0.12722846752442923,False,0.22002855303445018,False,0.06160120958938298,False,0.06160120958938298,False
2379,0.053771107248747785,False,0.1567698425059611,False,0.2606560251335966,False,0.08376862316841571,False,0.053771107248747785,False
2380,0.07804196502671101,False,0.05778827665544006,False,0.24797639413703426,False,-0.00676490596813184,True,-0.00676490596813184,True
2381,0.15460926479313453,False,0.14332230873659724,False,0.24511368806642142,False,0.04155028116439685,False,0.04155028116439685,False
2382,0.15510027228309226,False,0.14029460362144175,False,0.20606318059620948,False,0.03393142436238317,False,0.03393142436238317,False
2383,0.1310454016606789,False,0.15863414671495646,False,0.2252657813757491,False,0.07992220917286708,False,0.07992220917286708,False
2384,0.17055519049982037,False,0.1619896293685139,False,0.18803972595649615,False,0.0724149074341256,False,0.0724149074341256,False
2385,0.17020645380709776,False,0.21194728946764624,False,0.26106892391657927,False,0.035113428448349304,False,0.035113428448349304,False
2386,0.15530679241772466,False,0.10655519051996298,False,0.2603444948128519,False,0.05776240428272239,False,0.05776240428272239,False
2387,0.19194277566573392,False,0.19903720168598488,False,0.23210131325178252,False,0.0702071936844354,False,0.0702071936844354,False
2388,0.1419895398847132,False,0.15631964136859317,False,0.20061399857604917,False,0.07443184408042058,False,0.07443184408042058,False
2389,0.11073468746230797,False,0.23482730196788676,False,0.28778486292314986,False,0.06435331078122608,False,0.06435331078122608,False
2390,0.13157305605980907,False,0.1367801005003133,False,0.25655565626630694,False,0.05954302622634111,False,0.05954302622634111,False
2391,0.14643419610387093,False,0.1471771991145106,False,0.2661584917671869,False,0.05391367207946929,False,0.05391367207946929,False
2392,0.08975148244793008,False,0.1843825674840493,False,0.2090272195222077,False,0.03214951578670899,False,0.03214951578670899,False
2393,0.1130468497038647,False,0.17265336610907955,False,0.2794499989717635,False,0.052389369433299415,False,0.052389369433299415,False
2394,0.11054485140954728,False,0.14875601023669682,False,0.2747912885780912,False,0.07289074819482955,False,0.07289074819482955,False
2395,0.10281707967863285,False,0.1089721726205829,False,0.25603536203838134,False,0.04956241236904624,False,0.04956241236904624,False
2396,0.13647443060526743,False,0.1752449824279933,False,0.2628428972031188,False,0.03774764721191792,False,0.03774764721191792,False
2397,0.06626761292528172,False,0.08503886326416499,False,0.2836349403280831,False,0.14038094490497954,False,0.06626761292528172,False
2398,0.2282485571643731,False,0.16115215833145424,False,0.26269551827479126,False,0.08642354188727674,False,0.08642354188727674,False
2399,0.19335999347422916,False,0.09712160571087902,False,0.2655106007375701,False,0.06877143796431018,False,0.06877143796431018,False
2400,0.07146108709519505,False,0.22271257634103292,False,0.14357120812878932,False,0.11423110722560037,False,0.07146108709519505,False
2401,0.020805430017299842,False,0.10065174167881696,False,0.2795306204297435,False,0.03612808660284694,False,0.020805430017299842,False
2402,0.15454929391179878,False,0.18365428853955212,False,0.25790161715455795,False,0.08211152565108759,False,0.08211152565108759,False
2403,0.1301359262396341,False,0.08635458202311064,False,0.2452286507240528,False,0.05893886879078214,False,0.05893886879078214,False
2404,0.16583643352223215,False,0.08201137225419564,False,0.22957674766760677,False,0.07311798013733328,False,0.07311798013733328,False
2405,0.11200680514379424,False,0.1481296579741616,False,0.29416978148160866,False,0.1104007577852334,False,0.1104007577852334,False
2406,0.035776604973256854,False,0.13731949988884656,False,0.23375701969164436,False,0.037879033554798824,False,0.035776604973256854,False
2407,0.07317079102423651,False,0.1223557415104164,False,0.267691662923181,False,0.11118314564677578,False,0.07317079102423651,False
2408,0.09849068179511067,False,0.07706763657722582,False,0.20329042412926174,False,0.12951085881363,False,0.07706763657722582,False
2409,0.07872784260560728,False,0.07133448167926504,False,0.28137115906490395,False,0.1480158159483848,False,0.07133448167926504,False
2410,0.12572504617484537,False,0.1212442988179373,False,0.27809242236093845,False,0.06463826482443502,False,0.06463826482443502,False
2411,0.13407846663703382,False,0.11136483898109062,False,0.2730202908015307,False,0.0920560403059969,False,0.0920560403059969,False
2412,0.07044442093264736,False,0.1506870989044472,False,0.18866634889414646,False,0.060029192091334505,False,0.060029192091334505,False
2413,0.13161680111835738,False,0.10563937461734718,False,0.26318652618906135,False,0.08503828972186955,False,0.08503828972186955,False
2414,0.11810495152302214,False,0.21338650083712418,False,0.2775501792050709,False,0.10228473490570955,False,0.10228473490570955,False
2415,0.043233584106576406,False,0.11583316753085116,False,0.2947452311281897,False,0.12015666499467981,False,0.043233584106576406,False
2416,0.05601154954909249,False,0.08042414288692612,False,0.19582732927958146,False,0.11201481422343118,False,0.05601154954909249,False
2417,0.05203089359526736,False,0.13391853457495956,False,0.25929242042525585,False,0.10776661961069944,False,0.05203089359526736,False
2418,0.19644273004895624,False,0.17964823013751124,False,0.2102191660743447,False,0.03600918438469125,False,0.03600918438469125,False
2419,0.10128952944942937,False,0.13205645964148177,False,0.25416430761842657,False,0.0959470260332218,False,0.0959470260332218,False
2420,0.14343855360191227,False,0.15255676779833832,False,0.25832511496325955,False,0.12604946419376334,False,0.12604946419376334,False
2421,0.23274931461011644,False,0.20475100773845312,False,0.2568693147897251,False,0.0805647433741441,False,0.0805647433741441,False
2422,0.2181247432061746,False,0.15716057997495836,False,0.26311119823567075,False,0.09183050115358316,False,0.09183050115358316,False
2423,0.08085469518250443,False,0.1735145947471452,False,0.2592499901142703,False,0.12954719235385187,False,0.08085469518250443,False
2424,0.11509011705015182,False,0.09275120072020537,False,0.25810931600857595,False,0.029607361676385335,False,0.029607361676385335,False
2425,0.1267640073482067,False,0.19485589532599623,False,0.25237768436816826,False,0.1450233805246383,False,0.1267640073482067,False
2426,0.2163955477419892,False,0.1527053273112835,False,0.2634434212500018,False,0.09807663492401852,False,0.09807663492401852,False
2427,0.09457753818962489,False,0.1591235780102765,False,0.2332489466354904,False,0.14275972336111276,False,0.09457753818962489,False
2428,0.09964163878234633,False,0.041506550080069426,False,0.24539704617559932,False,0.08143828777192941,False,0.041506550080069426,False
2429,0.13389984116790343,False,0.08775176049485833,False,0.21474943890924975,False,0.03993304332280756,False,0.03993304332280756,False
2430,0.08979486268670356,False,0.0939618291245451,False,0.2432393958103844,False,0.09258149185517284,False,0.08979486268670356,False
2431,0.21160591068419804,False,0.14049753350867428,False,0.20437573299730633,False,0.07995859902868052,False,0.07995859902868052,False
2432,0.20226565569809762,False,0.10230542045609581,False,0.21034658178978577,False,0.1042313281749302,False,0.10230542045609581,False
2433,0.14520811513867726,False,0.12213886224560544,False,0.2694563929431416,False,0.08814629063798018,False,0.08814629063798018,False
2434,0.17416465125546854,False,0.20104848156657867,False,0.2508690846678064,False,0.08793928147740926,False,0.08793928147740926,False
2435,0.18462766089199395,False,0.1465538937351818,False,0.2532827106611677,False,0.1248917565728353,False,0.1248917565728353,False
2436,0.15026315908566523,False,0.13120648096939885,False,0.2830113329051323,False,0.07333949411486951,False,0.07333949411486951,False
2437,0.11715188509867669,False,0.17798333263043875,False,0.26392097830047295,False,0.11129129422009332,False,0.11129129422009332,False
2438,0.06131984105538779,False,0.16046298457824149,False,0.24379128564896452,False,0.0856402295682629,False,0.06131984105538779,False
2439,0.10799739892776927,False,0.11348192690775338,False,0.29030349012533985,False,0.14524981975966872,False,0.10799739892776927,False
2440,0.0683789182418213,False,0.17548340128452644,False,0.18007423925969473,False,0.12798715389265608,False,0.0683789182418213,False
2441,0.19673364952688566,False,0.22564410976716015,False,0.2142368812227795,False,0.1295405076853549,False,0.1295405076853549,False
2442,0.11037195438850689,False,0.11492396189041887,False,0.23140620197523581,False,0.14337457151402422,False,0.11037195438850689,False
2443,0.19186838394122252,False,0.18060360770795125,False,0.24394645622543998,False,0.09047204132882436,False,0.09047204132882436,False
2444,0.14621555369494482,False,0.14587386958460946,False,0.2857475120555081,False,0.11331335445413926,False,0.11331335445413926,False
2445,0.2135630233525772,False,0.20656671444359542,False,0.2751685417556507,False,0.10530333620573484,False,0.10530333620573484,False
2446,0.17165407265327087,False,0.19831695285722534,False,0.2696047010125824,False,0.10539647337283664,False,0.10539647337283664,False
2447,0.21134193087816128,False,0.043986500462648404,False,0.2629434354520362,False,0.12517820046835215,False,0.043986500462648404,False
2448,0.19693106017669282,False,0.16577269697144686,False,0.22348279866858606,False,0.08065742815612709,False,0.08065742815612709,False
2449,0.18887838729037054,False,0.10983197142471213,False,0.2782124085279026,False,0.09182840672130932,False,0.09182840672130932,False
2450,0.1006507435453371,False,0.09723216668564594,False,0.2636385832547611,False,0.15580347769687214,False,0.09723216668564594,False
2451,0.16167942906282828,False,0.09951267006571762,False,0.23262417532894847,False,0.13715959497438096,False,0.09951267006571762,False
2452,0.23080891774733053,False,0.2033009013259503,False,0.24661038896151183,False,0.1785577124672219,False,0.1785577124672219,False
2453,0.26005474939852735,False,0.2229872690888628,False,0.21940022096331946,False,0.1269422052363241,False,0.1269422052363241,False
2454,0.13756784159625868,False,0.1580398181987145,False,0.20186475995702113,False,0.17600947374412895,False,0.13756784159625868,False
2455,0.11268844991333438,False,0.24652262922726215,False,0.242080517258916,False,0.16719558659215084,False,0.11268844991333438,False
2456,0.1882766451637528,False,0.20519074827429312,False,0.2643635182828719,False,0.06752461495455286,False,0.06752461495455286,False
2457,0.15976743576844937,False,0.151248284469152,False,0.21797429048069855,False,0.1414040118502113,False,0.1414040118502113,False
2458,0.10322682094767688,False,0.032268128541106056,False,0.2747219437472272,False,0.14336127053957204,False,0.032268128541106056,False
2459,0.1448355066957569,False,0.07039984493128715,False,0.22880954960390598,False,0.19228753313323155,False,0.07039984493128715,False
2460,0.20012384969962177,False,0.0591577602267368,False,0.23214982640494525,False,0.11632534555142537,False,0.0591577602267368,False
2461,0.1460640868286649,False,0.13337502035527482,False,0.2563300857909329,False,0.10181301571048695,False,0.10181301571048695,False
2462,0.19155040536536638,False,0.1939687240298693,False,0.2566856163227129,False,0.09133576078513328,False,0.09133576078513328,False
2463,0.18310410454504572,False,0.09527606505560438,False,0.26803839836715937,False,0.1453421498166088,False,0.09527606505560438,False
2464,0.149385972071352,False,0.1523332392110472,False,0.26508396383909805,False,0.13041571050006762,False,0.13041571050006762,False
2465,0.14112074675247133,False,0.08126485204325384,False,0.24341762509617504,False,0.12443487586075874,False,0.08126485204325384,False
2466,0.10549405551908098,False,0.19167634497812153,False,0.16818641511804222,False,0.07670957861317851,False,0.07670957861317851,False
2467,0.1534000618633925,False,0.18103441532492992,False,0.2706513665471484,False,0.12236572841786397,False,0.12236572841786397,False
2468,0.2000493023188521,False,0.1058523038164082,False,0.25656215446980546,False,0.10051288180898266,False,0.10051288180898266,False
2469,0.25433928532576133,False,0.10406857463263586,False,0.20112940236993393,False,0.13281756891638224,False,0.10406857463263586,False
2470,0.14053305537055494,False,0.1236409966822054,False,0.2697691663412964,False,0.12121207363415132,False,0.12121207363415132,False
2471,0.20016801071558626,False,0.1810990510673427,False,0.2726111320764405,False,0.10741829874992348,False,0.10741829874992348,False
2472,0.18233801573398906,False,0.11779448624414501,False,0.13386270725291616,False,0.18712858821065398,False,0.11779448624414501,False
2473,0.17562090936216862,False,0.16411856221562066,False,0.26387437042547146,False,0.12206526647995053,False,0.12206526647995053,False
2474,0.07920517466673471,False,0.19748134218888247,False,0.2626408455613542,False,0.058970757971650745,False,0.058970757971650745,False
2475,0.13051635846868415,False,0.12603810158244821,False,0.2864651065901278,False,0.19446306036821986,False,0.12603810158244821,False
2476,0.18772944322740936,False,0.14279628039539727,False,0.2726935428490299,False,0.1204094662355466,False,0.1204094662355466,False
2477,0.22890918928674714,False,0.14373508055784429,False,0.240626716015714,False,0.09579485427618761,False,0.09579485427618761,False
2478,0.24668935799326136,False,0.1866927279817524,False,0.2876043769261893,False,0.12018965054632391,False,0.12018965054632391,False
2479,0.22696991036516384,False,0.05581924363590551,False,0.2387338562746465,False,0.03807526401237038,False,0.03807526401237038,False
2480,0.14396435826442278,False,0.16148796219926742,False,0.2609153376177878,False,0.08021122104910372,False,0.08021122104910372,False
2481,0.162770447334243,False,0.17464551525743655,False,0.24767418058997343,False,0.06261095380243364,False,0.06261095380243364,False
2482,0.18394944186440088,False,0.13734678188551352,False,0.27129844256179997,False,0.05369885910068639,False,0.05369885910068639,False
2483,0.20228743032348767,False,0.1846729665597796,False,0.2558252769009809,False,0.15230755864638418,False,0.15230755864638418,False
2484,0.13889339563164838,False,0.18301188817865277,False,0.2702077372871633,False,0.12365985917238032,False,0.12365985917238032,False
2485,0.16942484726456297,False,0.21744395441323455,False,0.2697594950788258,False,0.11257303631763682,False,0.11257303631763682,False
2486,0.16332999171231605,False,0.1722750351420156,False,0.16454398589509983,False,0.11743599862585408,False,0.11743599862585408,False
2487,0.14952974155852283,False,0.13738259438029565,False,0.26944666800355777,False,0.09856388776308045,False,0.09856388776308045,False
2488,0.2619971116640229,False,0.1480000141090615,False,0.26579504245102054,False,0.08165405313166207,False,0.08165405313166207,False
2489,0.15412441063958793,False,0.10769170923051019,False,0.16966900644836236,False,0.06921395449599643,False,0.06921395449599643,False
2490,0.16394871514683695,False,0.10137687005259022,False,0.2653920055648756,False,0.05369256926059951,False,0.05369256926059951,False
2491,0.2259683579846864,False,0.22183384883181384,False,0.25360938532600363,False,0.13080720667244106,False,0.13080720667244106,False
2492,0.2102112835803739,False,0.23014066494441582,False,0.24176160747935904,False,0.13394450759202559,False,0.13394450759202559,False
2493,0.1701814062717521,False,0.14451263435328565,False,0.22905341920353428,False,0.06132746893870655,False,0.06132746893870655,False
2494,0.14963201473155385,False,0.11234964249553658,False,0.2505352356163015,False,0.0072428393412566905,False,0.0072428393412566905,False
2495,0.2051601762959051,False,0.0617282562715018,False,0.2800308655130988,False,0.08838586283926608,False,0.0617282562715018,False
2496,0.16779404211615406,False,0.13414756567205832,False,0.2784144437179635,False,0.06440813553038072,False,0.06440813553038072,False
2497,0.169499030918903,False,0.16627100917369708,False,0.27810401731639306,False,0.1464040432776787,False,0.1464040432776787,False
2498,0.14824546968609664,False,0.20020103412831713,False,0.2239874896888418,False,0.11923935239092376,False,0.11923935239092376,False
2499,0.21811964947395923,False,0.11545192867130538,False,0.21750713541802347,False,0.0880737343358361,False,0.0880737343358361,False
2500,0.2309915603963288,False,0.09641579006765733,False,0.22646904885821545,False,0.11335358434827192,False,0.09641579006765733,False
2501,0.2224389549857761,False,0.16985505298454018,False,0.26076164125955714,False,0.12945325912065275,False,0.12945325912065275,False
2502,0.23388032310520124,False,0.08810915588319657,False,0.269917057178948,False,0.08435459247634625,False,0.08435459247634625,False
2503,0.18172739616405414,False,0.12479561157580543,False,0.23203249073281862,False,0.09060816443312436,False,0.09060816443312436,False
2504,0.20615882895789622,False,0.1741261250653544,False,0.28173777877297446,False,0.12475231194331937,False,0.12475231194331937,False
2505,0.11430627316135555,False,0.15754668450232046,False,0.2575335207497862,False,0.1407437700101098,False,0.11430627316135555,False
2506,0.19340678878128242,False,0.06980125669970938,False,0.28456172554314674,False,0.09346140999352714,False,0.06980125669970938,False
2507,0.2107434760964773,False,0.08749942552871581,False,0.20110857347264788,False,0.13174959053201013,False,0.08749942552871581,False
2508,0.22106883798506277,False,0.1636004545201225,False,0.2809747863347271,False,0.12016390698596369,False,0.12016390698596369,False
2509,0.20284268590599114,False,0.10809547165539579,False,0.2569796466351785,False,0.07914254330675652,False,0.07914254330675652,False
2510,0.2260492914835499,False,0.15053943874061793,False,0.2606387489002646,False,0.11575610631634459,False,0.11575610631634459,False
2511,0.14845448612477452,False,0.15687323187229657,False,0.26548381548918837,False,0.08209182643028123,False,0.08209182643028123,False
2512,0.1806850420319911,False,0.1532581395694242,False,0.23809703789776598,False,0.13938777582405704,False,0.13938777582405704,False
2513,0.10296487413545896,False,0.2022581820682715,False,0.2563100571621321,False,0.10123009614128087,False,0.10123009614128087,False
2514,0.24239175004505853,False,0.21624137842825214,False,0.28228257981354005,False,0.07558833124169728,False,0.07558833124169728,False
2515,0.19994241212531272,False,0.1421909262421951,False,0.24430694061948854,False,0.14237698140623012,False,0.1421909262421951,False
2516,0.14370384419486382,False,0.1948811062842845,False,0.2746969703047119,False,0.12714743465063627,False,0.12714743465063627,False
2517,0.22938117213879283,False,0.12823050718027584,False,0.28695589802364246,False,0.08066412078576513,False,0.08066412078576513,False
2518,0.17588554594367672,False,0.12100961739979799,False,0.27494175038228547,False,0.11784233283129375,False,0.11784233283129375,False
2519,0.12159166927514731,False,0.18961246020053696,False,0.26509036006153774,False,0.08324414928947499,False,0.08324414928947499,False
2520,0.19565772705519863,False,0.1510226223139695,False,0.22834222593238956,False,0.16307430404263284,False,0.1510226223139695,False
2521,0.22243075159149095,False,0.04485093651155092,False,0.23522479982762728,False,0.1344707748947669,False,0.04485093651155092,False
2522,0.24935927063926328,False,0.215876190048851,False,0.21444833054674045,False,0.13070112143077978,False,0.13070112143077978,False
2523,0.22636025321653247,False,0.19875290351273434,False,0.20159400478067263,False,0.11195288811558646,False,0.11195288811558646,False
2524,0.20662211146543524,False,0.19785465410202668,False,0.25207138336876483,False,0.08514355858798683,False,0.08514355858798683,False
2525,0.24924753445332765,False,0.160663446066849,False,0.23142882283202204,False,0.09325914350770637,False,0.09325914350770637,False
2526,0.25040024062358424,False,0.1926395017688961,False,0.1777752649702754,False,0.021433230813639015,False,0.021433230813639015,False
2527,0.24585810995848173,False,0.1100031031928379,False,0.225420992826673,False,0.08228472209527948,False,0.08228472209527948,False
2528,0.16370710092465285,False,0.20760286151476787,False,0.2112072224607116,False,0.05208931569701192,False,0.05208931569701192,False
2529,0.20753211155598783,False,0.15886121897885896,False,0.2220238668192102,False,0.060775869381574754,False,0.060775869381574754,False
2530,0.15411956282841832,False,0.1763291674879685,False,0.21837975463861764,False,0.05792253251512591,False,0.05792253251512591,False
2531,0.20210837450344715,False,0.2224691762028374,False,0.14389716735386948,False,0.02394834063640494,False,0.02394834063640494,False
2532,0.24601567587667322,False,0.18296183039769653,False,0.26915625645836216,False,-0.03378049060058741,True,-0.03378049060058741,True
2533,0.22700344773928527,False,0.17226607601245325,False,0.22055745306751912,False,0.06672963201033844,False,0.06672963201033844,False
2534,0.23033748802641135,False,0.21647284463932154,False,0.24999984183872315,False,0.019784301538607885,False,0.019784301538607885,False
2535,0.20097701771408505,False,0.19603486982374735,False,0.26777311550507193,False,0.03603219128566726,False,0.03603219128566726,False
2536,0.23921652011421418,False,0.17651460488369325,False,0.24512320513178776,False,0.04051715414600965,False,0.04051715414600965,False
2537,0.21820692449624257,False,0.1230067870115531,False,0.2660815228445147,False,0.05189055947219434,False,0.05189055947219434,False
2538,0.2356240108407045,False,0.12476323107023751,False,0.2784215857588726,False,0.07616392233111424,False,0.07616392233111424,False
2539,0.24101173668929238,False,0.12384612127715111,False,0.203651688397276,False,0.14311703528743475,False,0.12384612127715111,False
2540,0.1421286446119202,False,0.16294871197135535,False,0.20645763654818905,False,0.15200896011138054,False,0.1421286446119202,False
2541,0.2431899445669536,False,0.18283281512081656,False,0.24388788162789332,False,0.17185151901930662,False,0.17185151901930662,False
2542,0.25119731477126156,False,0.18420032315682217,False,0.2834976661477994,False,0.12137759395332404,False,0.12137759395332404,False
2543,0.2535916506125124,False,0.2023042824084509,False,0.26066968116457745,False,0.15613894598131017,False,0.15613894598131017,False
2544,0.1924873818263949,False,0.14284479822684415,False,0.2500366353884202,False,0.14944804038926118,False,0.14284479822684415,False
2545,0.2614989350413986,False,0.18432334182171106,False,0.276347952145304,False,0.1485013320574013,False,0.1485013320574013,False
2546,0.261209282540842,False,0.19227249116007866,False,0.26884974628432967,False,0.1197536869771133,False,0.1197536869771133,False
2547,0.26295098928896377,False,0.20779946935991017,False,0.20474154331989114,False,0.12801280144317168,False,0.12801280144317168,False
2548,0.24374221151201664,False,0.16941082186820422,False,0.2236795183723867,False,0.15536251707447063,False,0.15536251707447063,False
2549,0.24912496594148142,False,0.17249980165835604,False,0.16045524649428577,False,0.07836421713673813,False,0.07836421713673813,False
2550,0.12305447360637156,False,0.18983799868338141,False,0.25244139783317654,False,0.1426139474032298,False,0.12305447360637156,False
2551,0.22676634660383094,False,0.1644605049178307,False,0.28479931893162747,False,0.1369569615951588,False,0.1369569615951588,False
2552,0.1981944196055072,False,0.183792853783518,False,0.22586173942459675,False,0.1545195309009364,False,0.1545195309009364,False
2553,0.25278251618988784,False,0.2429696961467525,False,0.25326152436245797,False,0.12838376612383373,False,0.12838376612383373,False
2554,0.18775121929908167,False,0.21704969413153258,False,0.23705465503882844,False,0.13844438648497298,False,0.13844438648497298,False
2555,0.21204450310188055,False,0.19728637101605007,False,0.22701046481205261,False,0.1233923721250253,False,0.1233923721250253,False
2556,0.2342981502758139,False,0.16945263931561488,False,0.24386234992917094,False,0.1507484559940786,False,0.1507484559940786,False
2557,0.23798151854797767,False,0.17256764015241138,False,0.2806536495046715,False,0.1343648212397553,False,0.1343648212397553,False
2558,0.1158823936037573,False,0.1695530053381667,False,0.2711086760941806,False,0.12413158784043637,False,0.1158823936037573,False
2559,0.23573430257141204,False,0.1878620948595494,False,0.2078388828759246,False,0.12697535983195007,False,0.12697535983195007,False
2560,0.23449134045687525,False,0.16153572589229748,False,0.2758774669247088,False,0.11343496160561273,False,0.11343496160561273,False
2561,0.2245555633681166,False,0.1968431146765725,False,0.18815937688512252,False,0.05780261247384988,False,0.05780261247384988,False
2562,0.2519273621705109,False,0.11036400658950585,False,0.2600332501461691,False,0.10663285765718544,False,0.10663285765718544,False
2563,0.251096570603344,False,0.08383269430523799,False,0.2603635122905094,False,0.05021399430924056,False,0.05021399430924056,False
2564,0.22927096569546634,False,0.22702159028454905,False,0.2631006431528988,False,0.0761530661019224,False,0.0761530661019224,False
2565,0.21473057830705428,False,0.21055287941480222,False,0.2221758188415348,False,0.032094453354944985,False,0.032094453354944985,False
2566,0.21595337177392038,False,0.1885851413602344,False,0.28197823412011147,False,0.07204935563792358,False,0.07204935563792358,False
2567,0.19294482668516294,False,0.15468956012703944,False,0.27283910672125616,False,0.06161061967422876,False,0.06161061967422876,False
2568,0.2387467533122959,False,0.12220852929169967,False,0.2575259209337088,False,0.09727722212998757,False,0.09727722212998757,False
2569,0.2145449681502113,False,0.19190576922487174,False,0.17508288944717515,False,0.06040859291976575,False,0.06040859291976575,False
2570,0.25745464160699283,False,0.21312587898853863,False,0.25615958174620024,False,0.11455183707799699,False,0.11455183707799699,False
2571,0.15384368657706043,False,0.20445083434593259,False,0.19052945427030038,False,0.1248823330738596,False,0.1248823330738596,False
2572,0.23781615585388888,False,0.20774537262167725,False,0.2612234116952691,False,0.134974207843731,False,0.134974207843731,False
2573,-0.013729277484395341,True,0.2201847767124132,False,0.08839861646012048,False,0.14462678763526188,False,-0.013729277484395341,True
2574,0.20372209249025952,False,0.15170709279434585,False,0.24611921890327543,False,0.1488043722248421,False,0.1488043722248421,False
2575,0.24534910630778,False,0.22826439333764958,False,0.273004599878469,False,0.10617908161280143,False,0.10617908161280143,False
2576,0.22800348489362804,False,0.17709140898203435,False,0.20357049239647124,False,0.05213480810948201,False,0.05213480810948201,False
2577,0.17377508267448472,False,0.15182814891894325,False,0.2571292943855291,False,0.09108694996718669,False,0.09108694996718669,False
2578,0.24021842041191493,False,0.02074928418128752,False,0.2164062797154757,False,0.11264335838923123,False,0.02074928418128752,False
2579,0.16705894694705947,False,0.22156098405271535,False,0.2749096518064037,False,0.09081437579559326,False,0.09081437579559326,False
2580,0.26627459795108493,False,0.21638757607962528,False,0.2343706528713625,False,0.12309536209190108,False,0.12309536209190108,False
2581,0.2511737039715674,False,0.22695281367995324,False,0.2705722855333242,False,0.0575475432061876,False,0.0575475432061876,False
2582,0.22561996280489488,False,0.2072297975363871,False,0.25737779506670033,False,0.14485812496464484,False,0.14485812496464484,False
2583,0.15933675606493064,False,0.18199786578339738,False,0.2691694020014824,False,0.13462550013700542,False,0.13462550013700542,False
2584,0.21960773120320093,False,0.09116091299707707,False,0.27169760495992723,False,0.09220383663190346,False,0.09116091299707707,False
2585,0.24709249987405563,False,0.11670455356758702,False,0.2803251825293781,False,0.03896528773477459,False,0.03896528773477459,False
2586,0.1816778540412387,False,0.06875037715414534,False,0.2697726697130345,False,0.13729626560719804,False,0.06875037715414534,False
2587,0.13756984040262699,False,0.2021895577475954,False,0.23518027682335318,False,0.14550264564510396,False,0.13756984040262699,False
2588,0.15279453897082135,False,0.12050746057958606,False,0.21571826321464577,False,0.05270427934145894,False,0.05270427934145894,False
2589,0.20931289431231997,False,-0.0020972017158344958,True,0.2767409518119484,False,0.14298443554007423,False,-0.0020972017158344958,True
2590,0.19467571077028545,False,0.18402205462282517,False,0.2116596151575389,False,0.11788703070776052,False,0.11788703070776052,False
2591,0.21337718975093334,False,0.1992370978352087,False,0.2754325618650387,False,0.15433085156513354,False,0.15433085156513354,False
2592,0.20010578623262454,False,0.16898193092359143,False,0.23232866938970154,False,-0.01254907409769268,True,-0.01254907409769268,True
2593,0.23225916414449865,False,0.24370871779716585,False,0.2610309492569024,False,0.15171212958085306,False,0.15171212958085306,False
2594,0.21168608283629775,False,0.21654722774543989,False,0.25887724016786484,False,0.13372369320371802,False,0.13372369320371802,False
2595,0.25548683738723926,False,0.18536859504916559,False,0.2647736890543722,False,0.15490573254401224,False,0.15490573254401224,False
2596,0.22493323740725307,False,0.09031327706629177,False,0.2513838786933546,False,0.2054464901915259,False,0.09031327706629177,False
2597,0.16877921953394015,False,0.1499454209794046,False,0.22951122800160167,False,0.14869221115676967,False,0.14869221115676967,False
2598,0.19718341593765165,False,0.07234625229270053,False,0.2350809857610131,False,0.16352029856485384,False,0.07234625229270053,False
2599,0.1817685294588791,False,0.09258914954253528,False,0.24412533691412175,False,0.1382250823415132,False,0.09258914954253528,False
2600,0.22124754121111218,False,0.16972062580844238,False,0.2558850500724325,False,0.10472914847323289,False,0.10472914847323289,False
2601,0.2608536671113254,False,0.09432754438025315,False,0.28047154896654747,False,0.07791478831647125,False,0.07791478831647125,False
2602,0.1957802067680819,False,0.18176438812361617,False,0.17229379054137517,False,0.09816002539447832,False,0.09816002539447832,False
2603,0.21356703589592851,False,0.028103646538832905,False,0.24680616070012157,False,0.08106931918345162,False,0.028103646538832905,False
2604,0.16835144146716652,False,0.1414413033207491,False,0.2052107461062222,False,0.03179268301060134,False,0.03179268301060134,False
2605,0.2097077357008834,False,0.19629988586358926,False,0.2091305465500758,False,0.14725608719820826,False,0.14725608719820826,False
2606,0.22075911740143295,False,0.1378975863962813,False,0.27563942584301926,False,0.08335945483112162,False,0.08335945483112162,False
2607,0.24728052292465824,False,0.02071352425021389,False,0.24435658556560558,False,0.06354045028719002,False,0.02071352425021389,False
2608,0.24690510770396135,False,0.10923787657773998,False,0.2536702088052306,False,0.116825451088161,False,0.10923787657773998,False
2609,0.22272519632146942,False,0.05838866232712736,False,0.28178928830647904,False,0.1403943572177127,False,0.05838866232712736,False
2610,0.24070402153222836,False,0.11531462904151324,False,0.2398992872266128,False,0.14184125534294528,False,0.11531462904151324,False
2611,0.1432840944951983,False,0.026762070550512274,False,0.23935133722005347,False,0.0988619804547668,False,0.026762070550512274,False
2612,0.1988834092773888,False,0.13981629453527883,False,0.22709697514797939,False,0.12315557766562613,False,0.12315557766562613,False
2613,0.21591510462571378,False,0.11754956063922961,False,0.2610141985953281,False,0.05523536995597356,False,0.05523536995597356,False
2614,0.2312648818338025,False,0.11746587960891697,False,0.252440236773234,False,0.14989429772048773,False,0.11746587960891697,False
2615,0.2097821063776838,False,0.03694817409200046,False,0.1963933023310016,False,0.14456034180377653,False,0.03694817409200046,False
2616,0.17335842412105767,False,0.1596482271345137,False,0.24234809565500304,False,0.10843943589628247,False,0.10843943589628247,False
2617,0.23899461638269803,False,0.15480071181266752,False,0.25855058999121805,False,0.13272396301400197,False,0.13272396301400197,False
2618,0.19661574459965048,False,0.1388452545832557,False,0.2689622040988659,False,0.13939878658903038,False,0.1388452545832557,False
2619,0.11392015869593075,False,0.05276761795182505,False,0.24902025843028497,False,0.16013335393573042,False,0.05276761795182505,False
2620,0.18335961169482767,False,0.11369771485579361,False,0.1722645103814972,False,0.14817429151434802,False,0.11369771485579361,False
2621,0.11657249766020195,False,0.038550526870887114,False,0.26314997490553416,False,0.06306262568580212,False,0.038550526870887114,False
2622,0.23041092811067443,False,0.10551926512196641,False,0.20833464746758834,False,0.10311818986425292,False,0.10311818986425292,False
2623,0.1896621111836675,False,0.10482345395489323,False,0.21379585028488457,False,0.09425060105513794,False,0.09425060105513794,False
2624,0.21518755254167676,False,0.1793156948645478,False,0.2018398018968487,False,0.10933349086867139,False,0.10933349086867139,False
2625,0.1493770751675949,False,0.10111126141685223,False,0.27567342440068654,False,0.09984491967748821,False,0.09984491967748821,False
2626,0.1649378771736446,False,0.15712323925498073,False,0.22408430757970066,False,0.1401458808419953,False,0.1401458808419953,False
2627,0.2102461931526678,False,0.1500644873685364,False,0.2716756522407186,False,0.14858096505702967,False,0.14858096505702967,False
2628,0.23752266088552837,False,0.06645905684540054,False,0.2262355215770976,False,0.08336895319603366,False,0.06645905684540054,False
2629,0.05409652429188694,False,0.19341826719488786,False,0.20397688016405274,False,0.082981622156995,False,0.05409652429188694,False
2630,0.14637047580267132,False,0.2226339084114557,False,0.27588788374476636,False,0.026221340133563364,False,0.026221340133563364,False
2631,0.07994072596135848,False,0.07878661263519404,False,0.24883589714797127,False,0.14098398677135848,False,0.07878661263519404,False
2632,0.09975966142479287,False,0.06464600793711883,False,0.23603684659880014,False,0.07329253752144371,False,0.06464600793711883,False
2633,0.13083897906913833,False,0.18473548805791556,False,0.23856592860335923,False,0.12581029576956293,False,0.12581029576956293,False
2634,0.1990416299899903,False,0.1410263303228078,False,0.25238854353147117,False,0.11057343438987921,False,0.11057343438987921,False
2635,0.17813915996238566,False,0.11196575112950802,False,0.23939510016424148,False,0.06569748869418446,False,0.06569748869418446,False
2636,0.24639282643142263,False,0.051369548289253886,False,0.2631844133157138,False,0.08935985640710176,False,0.051369548289253886,False
2637,0.2104474691088652,False,0.130286649659418,False,0.27197456437038103,False,0.1500859668861974,False,0.130286649659418,False
2638,0.08820977950815034,False,0.13765453415025308,False,0.21345657273739704,False,0.09645648042602883,False,0.08820977950815034,False
2639,0.07928053570077787,False,0.13362166712754608,False,0.25130851320426933,False,0.16989512696780362,False,0.07928053570077787,False
2640,0.13753031296802043,False,0.0665348127413683,False,0.2758028967670866,False,0.14322737717930673,False,0.0665348127413683,False
2641,0.04418942124248104,False,0.03128326910774315,False,0.23432076256038187,False,0.15272251518976543,False,0.03128326910774315,False
2642,0.058260874651991035,False,0.12625645880322645,False,0.18590011406606832,False,0.14358523989223715,False,0.058260874651991035,False
2643,0.1996406093340975,False,0.05615339385468254,False,0.22235300823368387,False,0.1521749318884545,False,0.05615339385468254,False
2644,0.17473816905985806,False,0.14913090278136742,False,0.2595383006570844,False,0.05168637992691316,False,0.05168637992691316,False
2645,0.18504094615430533,False,0.13164005367597348,False,0.24422570815892625,False,0.1511485999672313,False,0.13164005367597348,False
2646,0.09452098415862076,False,0.18463919889822883,False,0.15591458177410422,False,0.09700040881145056,False,0.09452098415862076,False
2647,0.17421140616006142,False,0.15899404794229272,False,0.24106965462551844,False,0.12827717603135502,False,0.12827717603135502,False
2648,0.258876913113443,False,0.14750700063467725,False,0.28067996236324105,False,0.05574987298305867,False,0.05574987298305867,False
2649,0.19626086432021156,False,0.0014762685083200555,False,0.2523382301318236,False,0.11545611978094983,False,0.0014762685083200555,False
2650,0.21780587668123758,False,0.07621326693719144,False,0.23428947947485879,False,0.133680839030477,False,0.07621326693719144,False
2651,0.18035707657860178,False,0.14728160013064578,False,0.23752310415839173,False,0.058699876438035314,False,0.058699876438035314,False
2652,0.14091154945987572,False,0.12786148580013884,False,0.2072059991924281,False,0.14314621677500072,False,0.12786148580013884,False
2653,0.15874546704210435,False,0.18324908263949108,False,0.24279132985229784,False,0.1213837589190232,False,0.1213837589190232,False
2654,0.12475305429099393,False,0.1385865650091987,False,0.27360117055963795,False,0.09463970591221238,False,0.09463970591221238,False
2655,0.15873664571895513,False,0.1135705556804999,False,0.291180663190674,False,0.13607886253430646,False,0.1135705556804999,False
2656,0.11306618406806246,False,0.08770697177781961,False,0.2012814887259557,False,0.11587197096889901,False,0.08770697177781961,False
2657,0.1426225105457125,False,0.09859500268129251,False,0.2772476130308345,False,0.14453726605665818,False,0.09859500268129251,False
2658,0.16080845217966516,False,0.14305032542208757,False,0.156802319702399,False,0.1649130927648843,False,0.14305032542208757,False
2659,0.033825432140532574,False,0.09780211806137284,False,0.19321707335143784,False,0.1047752509634382,False,0.033825432140532574,False
2660,0.18786461471153937,False,0.03698117037415494,False,0.2578001266486205,False,0.09189474944299625,False,0.03698117037415494,False
2661,0.15255754173033725,False,0.08338773450021375,False,0.2593863872958264,False,0.1571032253296405,False,0.08338773450021375,False
2662,0.24868436723470283,False,0.13441033479637926,False,0.257039523582045,False,0.12038889346163006,False,0.12038889346163006,False
2663,0.2578425442959539,False,0.13264548568867152,False,0.19300771029523567,False,0.08816049964991624,False,0.08816049964991624,False
2664,0.18643624935591657,False,0.023152122786380347,False,0.16970997479983474,False,0.12014523619512318,False,0.023152122786380347,False
2665,0.11399378078910127,False,0.09187055859506399,False,0.26604538540927947,False,0.14622715089655658,False,0.09187055859506399,False
2666,0.1995501265569103,False,0.13697985441245364,False,0.2175605414190886,False,0.1671405128396818,False,0.13697985441245364,False
2667,0.11861941736062787,False,0.11108982060721062,False,0.2636139328772329,False,0.1257459621058048,False,0.11108982060721062,False
2668,0.14876961745656037,False,0.13918761792691942,False,0.2401690689251898,False,0.1378253856828885,False,0.1378253856828885,False
2669,0.1686023140102244,False,0.1948434666229163,False,0.22350402583038825,False,0.13493242196622807,False,0.13493242196622807,False
2670,0.15792689233611085,False,0.20313871851515664,False,0.1925630406408771,False,0.09213909108428153,False,0.09213909108428153,False
2671,0.16171395267371336,False,0.14624003181707268,False,0.23001204511208118,False,0.13792249716223015,False,0.13792249716223015,False
2672,0.24435428492740302,False,0.14481248977074346,False,0.1994692260252235,False,0.09483471466604498,False,0.09483471466604498,False
2673,0.15055751522626531,False,0.11782752429342458,False,0.2757255580122924,False,0.04395449936176676,False,0.04395449936176676,False
2674,0.24169813932226336,False,0.1248693221624127,False,0.26069252959414496,False,0.13196883494994333,False,0.1248693221624127,False
2675,0.10769045581272885,False,0.08837586689084642,False,0.2158905601673597,False,0.12923470037657148,False,0.08837586689084642,False
2676,0.24181996617309826,False,0.1606223299425793,False,0.18028824340936733,False,0.08384147352456162,False,0.08384147352456162,False
2677,0.22461266320664836,False,0.13826263286607648,False,0.19766484317248173,False,0.14705106721731642,False,0.13826263286607648,False
2678,0.1937602839449648,False,0.22022368773598344,False,0.1877272416828693,False,0.1498273677647145,False,0.1498273677647145,False
2679,0.048694094740527105,False,0.08289043803552754,False,0.24359814877004327,False,0.12314164678537642,False,0.048694094740527105,False
2680,0.18328879501377887,False,0.14698140384484915,False,0.2800195941033864,False,0.09430416757269022,False,0.09430416757269022,False
2681,0.21997705923263217,False,0.17101261520252053,False,0.22148465807572554,False,0.10846079434376754,False,0.10846079434376754,False
2682,0.2548688358432945,False,0.11120474852620299,False,0.25125028154751644,False,0.147038364100257,False,0.11120474852620299,False
2683,0.12098388576788421,False,0.1591002228237141,False,0.22902826120875147,False,0.13639724890166838,False,0.12098388576788421,False
2684,0.2513933289865136,False,0.10273409016973434,False,0.21433918529055007,False,0.13916627496685968,False,0.10273409016973434,False
2685,0.20336497009579602,False,0.1363510463571609,False,0.20749803327071153,False,0.13961637023644852,False,0.1363510463571609,False
2686,0.18474638635905777,False,0.09051024773166949,False,0.2358683053923355,False,0.13619414503820215,False,0.09051024773166949,False
2687,0.153798523592589,False,0.10960671431007973,False,0.1848093036674045,False,0.10167280433589265,False,0.10167280433589265,False
2688,0.21809769409584523,False,0.1627233133476506,False,0.27546022631191946,False,0.1150406820807196,False,0.1150406820807196,False
2689,0.09593869854618398,False,0.18498121958603136,False,0.1978958912859552,False,0.1484326579265448,False,0.09593869854618398,False
2690,0.2416276608368748,False,0.18540922381631175,False,0.25428204139313243,False,0.048457795770436185,False,0.048457795770436185,False
2691,0.20166764089449896,False,0.15609144024963933,False,0.18778094624237535,False,0.10563603723211512,False,0.10563603723211512,False
2692,0.17017674515588121,False,0.09507622802602866,False,0.2643863360847513,False,0.15211485521039086,False,0.09507622802602866,False
2693,0.1357058011192348,False,0.17479728028380276,False,0.26476405373768425,False,0.07324267643091797,False,0.07324267643091797,False
2694,0.25143859201356983,False,0.13117239385546092,False,0.2758281283533508,False,0.19024028373663754,False,0.13117239385546092,False
2695,0.21026658357672723,False,0.14059382250043162,False,0.2314585271342845,False,0.08717836894402364,False,0.08717836894402364,False
2696,0.2604982824536384,False,0.1604064360991544,False,0.24268613589950577,False,0.1633156192386157,False,0.1604064360991544,False
2697,0.2164119257808605,False,0.11786439883883926,False,0.1923612596273621,False,0.1638675167800161,False,0.11786439883883926,False
2698,0.1433041555835568,False,0.20280986978117238,False,0.2150699601481682,False,0.18209512818210855,False,0.1433041555835568,False
2699,0.2578609707277018,False,0.18224918147607339,False,0.2500775927520949,False,0.13279495340928793,False,0.13279495340928793,False
2700,0.2314572294931701,False,0.1340452267722917,False,0.23936466479477653,False,0.09228171148877229,False,0.09228171148877229,False
2701,0.2542633653164655,False,0.1541604698853613,False,0.21310470155196842,False,0.1313341552170912,False,0.1313341552170912,False
2702,0.19673710434149766,False,0.1562649993904462,False,0.2719575530155805,False,0.14422851297540423,False,0.14422851297540423,False
2703,0.19482260779406263,False,0.10916561326626861,False,0.2607364636076256,False,0.1073407085944621,False,0.1073407085944621,False
2704,0.2545119586664732,False,0.11713633363300857,False,0.2618009457850075,False,0.11942751583508837,False,0.11713633363300857,False
2705,0.24828457855918984,False,0.17862431689414066,False,0.23522983832670802,False,0.19834445095913972,False,0.17862431689414066,False
2706,0.20696793647745226,False,0.15706854669230713,False,0.2625345070747846,False,0.11149962360307797,False,0.11149962360307797,False
2707,0.2300322112546424,False,0.14266808245913176,False,0.22544356182599556,False,0.10214401410938745,False,0.10214401410938745,False
2708,0.254316559862027,False,0.1390180675239066,False,0.1598330272795957,False,0.12896708621305553,False,0.12896708621305553,False
2709,0.228498026890735,False,0.20088786671061576,False,0.21569210183534282,False,0.11591381144156321,False,0.11591381144156321,False
2710,0.22973618092553072,False,0.14410522926009778,False,0.19987243994570836,False,0.07453889369619027,False,0.07453889369619027,False
2711,0.17802974793954318,False,0.08901709549246406,False,0.2778970149957948,False,0.061445062364065994,False,0.061445062364065994,False
2712,0.24319059002684462,False,0.07784372111095283,False,0.248665651236748,False,0.11467905973592596,False,0.07784372111095283,False
2713,0.24213834711963456,False,0.11913549845795435,False,0.17282392079829706,False,0.12621747669383432,False,0.11913549845795435,False
2714,0.2509901037672152,False,0.17793004232698623,False,0.2477688403413401,False,0.1199601440667365,False,0.1199601440667365,False
2715,0.24668637654166653,False,0.17648429772943158,False,0.24553662904057932,False,0.1432986232908639,False,0.1432986232908639,False
2716,0.22458277317348901,False,0.16948980497587246,False,0.23478409817141216,False,0.15138768274386344,False,0.15138768274386344,False
2717,0.259449242974276,False,0.10528010751547523,False,0.18327063738138455,False,0.12308049023250944,False,0.10528010751547523,False
2718,0.21665813569816877,False,0.09537062231835469,False,0.2303154617770855,False,0.13722196559114586,False,0.09537062231835469,False
2719,0.21157740206906062,False,0.1576847281101007,False,0.26136537356028144,False,0.13047646881820674,False,0.13047646881820674,False
2720,0.21054345735944846,False,0.16049287614493774,False,0.2688552811900019,False,0.1378722145601275,False,0.1378722145601275,False
2721,0.23180410289584752,False,0.10430210781697491,False,0.24755225563060085,False,0.07597243955332333,False,0.07597243955332333,False
2722,0.15667117542332926,False,0.08160663156124093,False,0.2899680217151442,False,0.1349517838617597,False,0.08160663156124093,False
2723,0.24602350140261636,False,0.06723040802674096,False,0.2524182918547908,False,0.14607033886128928,False,0.06723040802674096,False
2724,0.2546925468635446,False,0.0827363017484416,False,0.28487723355892197,False,0.0918413860019851,False,0.0827363017484416,False
2725,0.24852406012185202,False,0.1405351047363274,False,0.26452068692781405,False,0.09269944596547564,False,0.09269944596547564,False
2726,0.2355128817634663,False,0.16947215324522985,False,0.28072138418402126,False,0.16493944239581254,False,0.16493944239581254,False
2727,0.2099280998356433,False,0.11257509196739357,False,0.2648749458489007,False,0.036997521649716036,False,0.036997521649716036,False
2728,0.20390513016214695,False,0.16456745327475053,False,0.24940554898731115,False,0.1480841620460055,False,0.1480841620460055,False
2729,0.21124507041615315,False,0.17175700685617412,False,0.24418866051006954,False,0.07680285039186208,False,0.07680285039186208,False
2730,0.2465825170911754,False,0.08052822243031754,False,0.27288282649394585,False,0.1269111839979531,False,0.08052822243031754,False
2731,0.15784096594448294,False,0.12190666023035024,False,0.27090214223244374,False,0.1202018786809359,False,0.1202018786809359,False
2732,0.22862886289582945,False,0.12666663522320604,False,0.24666859360221494,False,0.1066702370464312,False,0.1066702370464312,False
2733,0.20764686582012515,False,0.09293603462890021,False,0.2744669334844831,False,0.10226122864828513,False,0.09293603462890021,False
2734,0.2252459633687388,False,0.16602666978491148,False,0.2415670657610569,False,0.1562207644856204,False,0.1562207644856204,False
2735,0.09496329898412625,False,0.12111960476943695,False,0.2556090420600714,False,0.08519001711224405,False,0.08519001711224405,False
2736,0.2570058966736308,False,0.15516675259730062,False,0.2817593823016272,False,0.13413810559427736,False,0.13413810559427736,False
2737,0.12341973292706165,False,0.0638856884645902,False,0.1584940125590074,False,0.07148786763082293,False,0.0638856884645902,False
2738,0.18290176309255324,False,0.04071276565573301,False,0.19212184519135211,False,0.17341915478687558,False,0.04071276565573301,False
2739,0.07118061656806618,False,0.1461638912393427,False,0.24940054442375748,False,0.1070694910264045,False,0.07118061656806618,False
2740,0.24989208938326213,False,0.11444295717454778,False,0.2518531542444358,False,0.14762228234403513,False,0.11444295717454778,False
2741,0.17248639648730313,False,0.12755403277296612,False,0.27557918825260835,False,0.0995331375054862,False,0.0995331375054862,False
2742,0.2550459207448481,False,0.1411013914175931,False,0.2803384158265546,False,0.1236137485046529,False,0.1236137485046529,False
2743,0.22299409921376645,False,0.104142735197292,False,0.2580397190639079,False,0.18318134463200697,False,0.104142735197292,False
2744,0.1720698171176539,False,0.10390251905725667,False,0.23218012099113106,False,0.13370323763822084,False,0.10390251905725667,False
2745,0.1459812314825873,False,0.13214872052057985,False,0.2332466952049414,False,0.10101153170830868,False,0.10101153170830868,False
2746,0.19217480850454777,False,0.07648728242197689,False,0.2510513028724354,False,0.12624260191703368,False,0.07648728242197689,False
2747,0.17141945759726945,False,0.13263587806687194,False,0.2568204102432185,False,0.13086822894117334,False,0.13086822894117334,False
2748,0.20378567001246944,False,0.09180503486401459,False,0.2721170168294982,False,0.19173652325393997,False,0.09180503486401459,False
2749,0.16575330918591397,False,0.07082701721867513,False,0.2781385000226922,False,0.18171706944188953,False,0.07082701721867513,False
2750,0.24026767970198798,False,0.21836888876213256,False,0.21896649485140385,False,0.14235048719149995,False,0.14235048719149995,False
2751,0.11080335284415288,False,0.0795641729974027,False,0.19490489769625452,False,0.15679835418878185,False,0.0795641729974027,False
2752,0.19893494687686625,False,0.10167989403788924,False,0.2741850852918442,False,0.17645395249700702,False,0.10167989403788924,False
2753,0.20087223781077668,False,0.1552252948911052,False,0.2643531742711675,False,0.15423884192355952,False,0.15423884192355952,False
2754,0.17832008894780577,False,0.14291415601573682,False,0.19216058363561073,False,0.11730603566530462,False,0.11730603566530462,False
2755,0.15883174382059084,False,0.14040908095205745,False,0.2536996719466717,False,0.09160624683268515,False,0.09160624683268515,False
2756,0.24029482865455942,False,0.09488251109125212,False,0.2581375474532386,False,0.06987645548199461,False,0.06987645548199461,False
2757,0.16625944714113805,False,0.10626096249772277,False,0.20903633136695265,False,0.10468326353768775,False,0.10468326353768775,False
2758,0.1415052096440691,False,0.05041831106180217,False,0.1928617599084974,False,0.017661522553429454,False,0.017661522553429454,False
2759,0.18463541120194027,False,0.031182069268007484,False,0.2715378953692882,False,0.08874203495973654,False,0.031182069268007484,False
2760,0.18881762960317033,False,0.03322029415138317,False,0.2502550179985635,False,0.11124284830138687,False,0.03322029415138317,False
2761,0.19541133066747501,False,0.13847625562934424,False,0.26883153687702793,False,0.10753677447199295,False,0.10753677447199295,False
2762,0.11746017109666373,False,0.10219517489123175,False,0.249612000937672,False,0.11661480469825458,False,0.10219517489123175,False
2763,0.07646007602216509,False,0.0778061854498735,False,0.2913566398883833,False,0.053603655455389365,False,0.053603655455389365,False
2764,0.16210195366084756,False,0.1269365653119906,False,0.2404228320521214,False,0.1216834717005092,False,0.1216834717005092,False
2765,0.13420274997029902,False,0.12105232171708036,False,0.15686116120810145,False,0.11837258138406559,False,0.11837258138406559,False
2766,0.14435092535156163,False,0.09322533613570738,False,0.27350779996501134,False,0.11191661012371579,False,0.09322533613570738,False
2767,0.1773558483265551,False,0.08787095987493265,False,0.2748107074745552,False,0.06781646859174206,False,0.06781646859174206,False
2768,0.2540751057681483,False,0.18760970553161516,False,0.23471854546705984,False,0.10617336151112966,False,0.10617336151112966,False
2769,0.13483877336705052,False,0.18507856417591423,False,0.2502821873201504,False,0.1580493616690853,False,0.13483877336705052,False
2770,0.22717992596014563,False,0.13071448505972788,False,0.26925078800698005,False,0.11840796099278117,False,0.11840796099278117,False
2771,0.19399626500859557,False,0.10575544403425319,False,0.29156698837146894,False,0.13373819792621577,False,0.10575544403425319,False
2772,0.1887526805063059,False,0.1641631525481837,False,0.21333107875858803,False,0.12228443315734205,False,0.12228443315734205,False
2773,0.22801320215311954,False,0.15583109789331878,False,0.25215877984597035,False,0.13542797058908923,False,0.13542797058908923,False
2774,0.21487129902228586,False,0.14073258308946013,False,0.2932147260339922,False,0.14377385656742142,False,0.14073258308946013,False
2775,0.25001486508239845,False,0.18735412038030774,False,0.17019748613580682,False,0.17268656335952243,False,0.17019748613580682,False
2776,0.19814449849786053,False,0.1813468592803562,False,0.2670455361236236,False,0.09250477970490223,False,0.09250477970490223,False
2777,0.2003754804406922,False,0.13876625772577234,False,0.28345266833417737,False,0.18859595815207952,False,0.13876625772577234,False
2778,0.2260811514560676,False,0.14683350239182352,False,0.28553207813792386,False,0.1456599716537077,False,0.1456599716537077,False
2779,0.22701527785949954,False,0.07870802761206475,False,0.2411319111508481,False,0.15265772278248924,False,0.07870802761206475,False
2780,0.035829210366622344,False,0.0601567784456003,False,0.2679904356452238,False,0.10888403604402197,False,0.035829210366622344,False
2781,0.21162963382899264,False,0.14259526193176703,False,0.26611804820617563,False,0.06559456987689438,False,0.06559456987689438,False
2782,0.21302615205776598,False,0.11419568410348147,False,0.26162223615635233,False,0.13140562116595472,False,0.11419568410348147,False
2783,0.17213153556740352,False,0.0826586362848597,False,0.29258155811146286,False,0.09107456218916388,False,0.0826586362848597,False
2784,0.18480947508705892,False,0.16123698344144505,False,0.2537302746413629,False,0.05814420754797889,False,0.05814420754797889,False
2785,0.19597881438736753,False,0.07356478531258148,False,0.2552322255630997,False,0.15600204969827436,False,0.07356478531258148,False
2786,0.2132806105799886,False,0.10291856365066632,False,0.20295433385264738,False,0.08072603725980054,False,0.08072603725980054,False
2787,0.21728548821016364,False,0.07548860690541215,False,0.2308962035874238,False,0.13891982027721061,False,0.07548860690541215,False
2788,0.14990197664634825,False,0.2203000552575462,False,0.22730243539769718,False,0.10290058632594667,False,0.10290058632594667,False
2789,0.18080662754245647,False,0.06973457576485431,False,0.24702415954759438,False,0.0823512194480931,False,0.06973457576485431,False
2790,0.12912448760143802,False,0.14725245834056683,False,0.2635394252503819,False,0.1343226828622741,False,0.12912448760143802,False
2791,0.16963413097917068,False,0.15283499317315558,False,0.23300233774799045,False,0.10665124824096062,False,0.10665124824096062,False
2792,0.24507252558206305,False,0.13744798730098773,False,0.21847530153310935,False,0.105633121965785,False,0.105633121965785,False
2793,0.16881233754008435,False,0.19058562124434503,False,0.18087736259938625,False,0.05617685627259417,False,0.05617685627259417,False
2794,0.12710685931889187,False,0.09603085628049923,False,0.2573935333909797,False,0.1717989057028173,False,0.09603085628049923,False
2795,0.10362309763443212,False,0.11856057450940938,False,0.26744940319764077,False,0.15244681647155728,False,0.10362309763443212,False
2796,0.11819563500164332,False,0.09109903318467827,False,0.21506320707515464,False,0.08566512513699631,False,0.08566512513699631,False
2797,0.1600479606669093,False,0.08134896720074569,False,0.25997480352950103,False,0.13902661897377971,False,0.08134896720074569,False
2798,0.1365582586449806,False,0.17504778836407253,False,0.25444334763497134,False,0.1651159516315266,False,0.1365582586449806,False
2799,0.20750051544580145,False,0.12168014152438589,False,0.24582152543675706,False,0.16252027137576713,False,0.12168014152438589,False
2800,0.13025478410980074,False,0.05664646009744945,False,0.22636085178979087,False,0.11310480947500268,False,0.05664646009744945,False
2801,0.16640141307343964,False,0.07175264338001375,False,0.2675451517684355,False,0.09333439908927232,False,0.07175264338001375,False
2802,0.18363377434610673,False,0.18158846531264466,False,0.18996675387659567,False,0.10191405613067317,False,0.10191405613067317,False
2803,0.16304239186346248,False,0.023160730220081693,False,0.24174144492579624,False,0.14310178630662734,False,0.023160730220081693,False
2804,0.18723727901313192,False,0.1503727259787943,False,0.2181191445361486,False,0.13159776246706345,False,0.13159776246706345,False
2805,0.10047261971368215,False,0.1060041127739979,False,0.18859529437731798,False,0.11585583730612392,False,0.10047261971368215,False
2806,0.21486861852532207,False,0.10028924136996398,False,0.23310511624666785,False,0.10773943763325078,False,0.10028924136996398,False
2807,0.23453117546697522,False,0.11766685569003688,False,0.21284681483093537,False,0.04028735648852855,False,0.04028735648852855,False
2808,0.1687052430792455,False,0.03250265545163533,False,0.21110724890973676,False,0.14552333602089024,False,0.03250265545163533,False
2809,0.1878684246304998,False,0.15758452213927443,False,0.27395703449629527,False,0.168652189159408,False,0.15758452213927443,False
2810,0.0036270772649262817,False,0.05201390354460511,False,0.2658319728187173,False,0.09499744130585874,False,0.0036270772649262817,False
2811,0.20258742829111726,False,0.1278780921902557,False,0.27357272987513126,False,0.09571545055450936,False,0.09571545055450936,False
2812,0.2152826446739563,False,0.10180754876576603,False,0.26894557906780386,False,0.1144439025661248,False,0.10180754876576603,False
2813,0.2340360460993518,False,0.04624876537695233,False,0.25506524443348205,False,0.16595206021563436,False,0.04624876537695233,False
2814,0.2504418162639839,False,0.09270814968793262,False,0.2220964298731437,False,0.14077627870811044,False,0.09270814968793262,False
2815,0.2475439825632368,False,0.12209903051104543,False,0.2864145551589278,False,0.1250944004629997,False,0.12209903051104543,False
2816,0.2580382275334862,False,0.004164199384598555,False,0.2730360634651331,False,0.1097593194338008,False,0.004164199384598555,False
2817,0.11849192614870763,False,0.14547309466447894,False,0.20370042099238816,False,0.0663106720716724,False,0.0663106720716724,False
2818,0.22827304721294467,False,0.15500643922226193,False,0.254211169460525,False,0.15688719432784565,False,0.15500643922226193,False
2819,0.21385307848056706,False,0.10983651487475155,False,0.24025415723574545,False,0.1315426918957483,False,0.10983651487475155,False
2820,0.2668130974018056,False,0.1694771065809179,False,0.21334322668719397,False,0.05215481258973842,False,0.05215481258973842,False
2821,0.18553054066142066,False,0.16717767769687064,False,0.2733223159533723,False,0.07919212587646063,False,0.07919212587646063,False
2822,0.22669865244914356,False,0.13698445428055583,False,0.253570919376303,False,0.1551062051297431,False,0.13698445428055583,False
2823,0.19864074010969013,False,0.08005192006689543,False,0.233840663087807,False,0.14154448208050557,False,0.08005192006689543,False
2824,0.24628547999237715,False,0.11989095157707252,False,0.25694877066135324,False,0.14702204350117337,False,0.11989095157707252,False
2825,0.10307985160010713,False,0.009921271232912865,False,0.2567842077135978,False,0.14871381311131054,False,0.009921271232912865,False
2826,0.22961199518488906,False,0.11844370682632566,False,0.16587702978269225,False,0.12252558719587314,False,0.11844370682632566,False
2827,0.2289511999368295,False,0.1010727384242438,False,0.24136971015350622,False,0.11702156054599244,False,0.1010727384242438,False
2828,0.23663746790284906,False,0.1063672414561847,False,0.28267676882645326,False,0.10984358447978804,False,0.1063672414561847,False
2829,0.1556221227743681,False,0.12478954886696525,False,0.22225541902840962,False,0.14123573942558626,False,0.12478954886696525,False
2830,0.24207644388914357,False,0.11265633829031563,False,0.2738070242605664,False,0.097400144093308,False,0.097400144093308,False
2831,0.22664850634382305,False,0.08406323720775066,False,0.27446097246441514,False,0.09007163081226788,False,0.08406323720775066,False
2832,0.1918843324749862,False,0.10071055698908793,False,0.20488963286441436,False,0.153258933589644,False,0.10071055698908793,False
2833,0.17451677980393532,False,0.07717884877810577,False,0.17978353301031552,False,0.13227861523135026,False,0.07717884877810577,False
2834,0.15562959925914416,False,0.15045593379340527,False,0.17112333865411306,False,0.038124135669920345,False,0.038124135669920345,False
2835,0.181119129613786,False,0.20811088662495353,False,0.25072832299276687,False,0.12065054650592244,False,0.12065054650592244,False
2836,0.26174999496487655,False,0.15727089932193822,False,0.254478929386891,False,0.1913762631095809,False,0.15727089932193822,False
2837,0.2564246374443133,False,0.10049791470783775,False,0.21975871884511028,False,0.1380490501799183,False,0.10049791470783775,False
2838,0.22108694550872848,False,0.13499707075775397,False,0.2727009826218371,False,0.08225566961696129,False,0.08225566961696129,False
2839,0.21228021412117037,False,0.08286875877069311,False,0.2746470629783402,False,0.13200361750814016,False,0.08286875877069311,False
2840,0.21973200230248596,False,0.1110089600833335,False,0.21849826074803252,False,0.13033005382258062,False,0.1110089600833335,False
2841,0.23510936534467192,False,0.12092572241841826,False,0.27749613197443773,False,0.09607248134078694,False,0.09607248134078694,False
2842,0.19665126776020325,False,0.08993763602229854,False,0.24448773205116908,False,0.1374968931929797,False,0.08993763602229854,False
2843,0.21265924807823494,False,0.13575515233278435,False,0.2425121816716705,False,0.11142644333925888,False,0.11142644333925888,False
2844,0.20584710772136128,False,0.1312134473035343,False,0.24350276849194957,False,0.1412009380075816,False,0.1312134473035343,False
2845,0.2532528542021963,False,0.18020331354518654,False,0.282650717973963,False,0.14887105275083368,False,0.14887105275083368,False
2846,0.2004055570296155,False,0.1636072679581439,False,0.27334647229086334,False,0.09638514405874465,False,0.09638514405874465,False
2847,0.25455188535781836,False,0.09227567638910639,False,0.2646412757820828,False,0.13767923327340403,False,0.09227567638910639,False
2848,0.258093848874574,False,0.1452559041928359,False,0.2806572648021152,False,0.11074532500056045,False,0.11074532500056045,False
2849,0.2564286929709568,False,0.1324469848658752,False,0.20530236845552197,False,0.16423786067364243,False,0.1324469848658752,False
2850,0.2374799347039993,False,0.10765083073427228,False,0.24530358891897824,False,0.13132668084282328,False,0.10765083073427228,False
2851,0.2487309857141053,False,0.05806735155232279,False,0.24046870096314077,False,0.08875222839182362,False,0.05806735155232279,False
2852,0.17521020632142043,False,0.1585166656906412,False,0.21372446385549437,False,0.17396547590965622,False,0.1585166656906412,False
2853,0.19685245155930908,False,0.1506179665054816,False,0.20864688138585763,False,0.0818110046527264,False,0.0818110046527264,False
2854,0.24151345440180128,False,0.059357756457629085,False,0.2243696139156217,False,0.11925689504719583,False,0.059357756457629085,False
2855,0.22525714509109412,False,0.13395848124026793,False,0.24879104982934808,False,0.10695521549292564,False,0.10695521549292564,False
2856,0.2114292392535027,False,0.17960124719717652,False,0.21257348690643263,False,0.13840191391017193,False,0.13840191391017193,False
2857,0.1704964120198077,False,0.1573857021474126,False,0.23549122608419248,False,0.08484222817197706,False,0.08484222817197706,False
2858,0.2251726011478417,False,0.0768842027964225,False,0.28502788602754986,False,0.086295466648032,False,0.0768842027964225,False
2859,0.22366579805073888,False,0.15474693592720346,False,0.12117116299083042,False,0.13971090144751247,False,0.12117116299083042,False
2860,0.20246728430748,False,0.1811075304881271,False,0.2629702664377392,False,0.12561610983527122,False,0.12561610983527122,False
2861,0.23703720757145819,False,0.14138679942071397,False,0.19909161429764105,False,0.13163236459543293,False,0.13163236459543293,False
2862,0.16492995639248081,False,0.11963583437043046,False,0.2677619341421155,False,0.12409162400688978,False,0.11963583437043046,False
2863,0.2385947071915686,False,0.17419511005860128,False,0.22023171905117894,False,0.15051341079085517,False,0.15051341079085517,False
2864,0.2301382477390101,False,0.18435870185716674,False,0.24948988245511688,False,0.045584662397807785,False,0.045584662397807785,False
2865,0.21384215270148854,False,0.14242405741216396,False,0.27810903998023795,False,0.1477979777557522,False,0.14242405741216396,False
2866,0.23424360718248466,False,0.16563035974894635,False,0.2387277734085046,False,0.17081661488711952,False,0.16563035974894635,False
2867,0.24109522482989032,False,0.14317974696269842,False,0.24402749153583347,False,0.11571338832310363,False,0.11571338832310363,False
2868,0.2643533970596475,False,0.06890261571701439,False,0.24337578986790398,False,0.15167406091539537,False,0.06890261571701439,False
2869,0.24192363778834203,False,0.13652218629985258,False,0.23761437983576772,False,0.14724690469057194,False,0.13652218629985258,False
2870,0.22995737828061974,False,0.03212288254113482,False,0.20572158389826012,False,0.13668510791155286,False,0.03212288254113482,False
2871,0.221339076145538,False,0.19061494365620651,False,0.18876220583874453,False,0.15101575597302797,False,0.15101575597302797,False
2872,0.2184694491691671,False,0.14994653907749816,False,0.2774065900440084,False,0.08476214247869818,False,0.08476214247869818,False
2873,0.2154324630239517,False,0.12323329665699156,False,0.27365666737526695,False,0.11143210848722918,False,0.11143210848722918,False
2874,0.22649044882775715,False,0.13537983655931246,False,0.1385607206121492,False,0.07681993292186928,False,0.07681993292186928,False
2875,0.08177331544767275,False,0.12319335647377838,False,0.2102229589740367,False,0.1038367976422212,False,0.08177331544767275,False
2876,0.20478069196330712,False,0.09357340562936967,False,0.22948496037910882,False,0.1017885054744142,False,0.09357340562936967,False
2877,0.15069088746692444,False,0.1619001777232676,False,0.27199834961334446,False,0.1813369982589182,False,0.15069088746692444,False
2878,0.23210700491595537,False,0.10114261574099037,False,0.22676424909779908,False,0.1545666113081493,False,0.10114261574099037,False
2879,0.23173908612690464,False,0.17808970066737556,False,0.21657454276540655,False,0.08729787889262897,False,0.08729787889262897,False
2880,0.21041876961159411,False,0.07851229180647812,False,0.20143816710896345,False,0.1505000806071059,False,0.07851229180647812,False
2881,0.1080927376844365,False,0.15796087391815833,False,0.15830896053437626,False,0.06989115550746505,False,0.06989115550746505,False
2882,0.1659151978197258,False,0.12105427072710417,False,0.20516156872386243,False,0.14681748417795276,False,0.12105427072710417,False
2883,0.16378351449031225,False,0.13827224117489745,False,0.2576882362290678,False,0.056096937028257354,False,0.056096937028257354,False
2884,0.24006110407550468,False,0.13348821376031456,False,0.2540561389000146,False,0.04994312299620507,False,0.04994312299620507,False
2885,0.19665549145870215,False,0.2064367765326326,False,0.19214043310196327,False,0.12344786654794848,False,0.12344786654794848,False
2886,0.19207613474214336,False,0.05786971768412985,False,0.2150705367525252,False,0.09534322510494286,False,0.05786971768412985,False
2887,0.17586915032074096,False,0.10824827337226395,False,0.15452664458150367,False,0.07788455030395003,False,0.07788455030395003,False
2888,0.11978110648737739,False,0.06509114681207373,False,0.22006078463240497,False,0.15197010600276284,False,0.06509114681207373,False
2889,0.18987277165087468,False,0.07004413153046396,False,0.26301058720157144,False,0.08200544812642696,False,0.07004413153046396,False
2890,0.11547956362598122,False,0.03784031643759056,False,0.27328046115270577,False,0.04387912491367163,False,0.03784031643759056,False
2891,0.22925655123398436,False,0.05410766109044973,False,0.2671308076551205,False,0.08986425398330677,False,0.05410766109044973,False
2892,0.22171775054013343,False,0.059762354256533756,False,0.23968393450273384,False,0.12657187072183668,False,0.059762354256533756,False
2893,0.1258223085398158,False,0.12559469259449157,False,0.23265056991406813,False,0.08298578205223206,False,0.08298578205223206,False
2894,0.21951022468999826,False,0.06429042189888479,False,0.08315493425131926,False,0.056287606393296774,False,0.056287606393296774,False
2895,0.11666608493977326,False,0.08152475061825948,False,0.2711800406514365,False,0.13702020424361933,False,0.08152475061825948,False
2896,0.19877134632717003,False,0.028439156573521363,False,0.22863538907470404,False,0.11078586814372193,False,0.028439156573521363,False
2897,0.10407495402968825,False,0.08027683325738488,False,0.27220857095124523,False,0.15822754543007017,False,0.08027683325738488,False
2898,0.1670162289497052,False,0.07071312287165432,False,0.255730574242039,False,0.16578854106813695,False,0.07071312287165432,False
2899,0.16232942060790156,False,0.0017711527714018294,False,0.23636133740373144,False,0.06716264118167514,False,0.0017711527714018294,False
2900,0.16570804763276498,False,0.05594427148864112,False,0.18658358675340242,False,0.06425448483305107,False,0.05594427148864112,False
2901,0.0915311271882927,False,0.10419273535729623,False,0.2515048819031554,False,0.1256862226766262,False,0.0915311271882927,False
2902,0.21654024732379518,False,0.06295838785312624,False,0.15577284652645373,False,0.1023138594292412,False,0.06295838785312624,False
2903,0.06304633966982853,False,0.07449191942998679,False,0.20383062963855414,False,0.14478205009206135,False,0.06304633966982853,False
2904,0.17689821907826153,False,0.10683097523273788,False,0.2579561778010659,False,0.12670597014901702,False,0.10683097523273788,False
2905,0.139236819693778,False,0.08944619506343143,False,0.1780035038802757,False,0.10353339339249223,False,0.08944619506343143,False
2906,0.24556613060104499,False,0.10739329605054837,False,0.24770425973402577,False,0.14777152665601279,False,0.10739329605054837,False
2907,0.24906480578046558,False,0.08113843040923263,False,0.20320762475924914,False,0.13531752594629598,False,0.08113843040923263,False
2908,0.17458849898579942,False,0.03263653796937749,False,0.28058864285096063,False,0.11022452086579893,False,0.03263653796937749,False
2909,0.13837378519391086,False,0.0774903828998511,False,0.25992508801857267,False,0.1506708303760279,False,0.0774903828998511,False
2910,0.15784698801582508,False,0.09532011242914207,False,0.20308251651089643,False,0.13212167722217683,False,0.09532011242914207,False
2911,0.13314811603035692,False,0.12168439885136317,False,0.24189470128154617,False,0.11149024455508683,False,0.11149024455508683,False
2912,0.21862286936957726,False,0.04696510763075057,False,0.21678034501082366,False,0.10428295357056794,False,0.04696510763075057,False
2913,0.143177144786666,False,0.11795792386214643,False,0.2210562760519202,False,0.12112958396057605,False,0.11795792386214643,False
2914,0.14710444099474168,False,0.10268267247057417,False,0.2689881572670947,False,0.1499824921877071,False,0.10268267247057417,False
2915,0.08703362675752191,False,0.07956418051936387,False,0.2778246396306767,False,0.11707419695679488,False,0.07956418051936387,False
2916,0.19588979039416315,False,0.14036259744646434,False,0.2509543475841432,False,0.15118437098187681,False,0.14036259744646434,False
2917,0.18617207134757546,False,0.15027580500490922,False,0.2829096532414978,False,0.0970049657844716,False,0.0970049657844716,False
2918,0.16151441427344387,False,0.07566539598403899,False,0.27059479905056905,False,0.1257930450671385,False,0.07566539598403899,False
2919,0.1248097257270443,False,0.11129247916635288,False,0.23877565113272048,False,0.12469771893570225,False,0.11129247916635288,False
2920,0.21009360340259486,False,0.07145931112335258,False,0.2769965843456866,False,0.08835867759504035,False,0.07145931112335258,False
2921,0.0877025151995402,False,0.17904396765725533,False,0.18233121014613368,False,0.10394801453413272,False,0.0877025151995402,False
2922,0.15109623739255784,False,0.06629549050552408,False,0.26333372550075823,False,0.10620673115585966,False,0.06629549050552408,False
2923,0.19906719143275775,False,0.028437889329753663,False,0.19674185454166465,False,0.1413173680228495,False,0.028437889329753663,False
2924,0.10242595058979154,False,0.14038953060822912,False,0.25389637264270354,False,0.08442076088514949,False,0.08442076088514949,False
2925,0.20011524731573094,False,0.08225208595712297,False,0.23395109882248577,False,0.16570072410576236,False,0.08225208595712297,False
2926,0.1359245471068109,False,0.06797292808566024,False,0.28481226923558195,False,0.05877034838944273,False,0.05877034838944273,False
2927,0.20734758624297006,False,0.001512252842690076,False,0.24856680573474033,False,0.11411957560163444,False,0.001512252842690076,False
2928,0.17787602094650462,False,0.07241893000896127,False,0.26070199900500557,False,0.12021741936777319,False,0.07241893000896127,False
2929,0.19341870749185358,False,0.07453540008426329,False,0.22163992107802316,False,0.10022923374284343,False,0.07453540008426329,False
2930,0.14027230610254582,False,0.14707608931631577,False,0.21463876953283523,False,0.18079933833738449,False,0.14027230610254582,False
2931,0.21404117712297754,False,0.10738235438741162,False,0.23036922994700643,False,0.10314680261053477,False,0.10314680261053477,False
2932,0.06159376807256989,False,0.08886375889413645,False,0.2567612518240182,False,0.053134020968036544,False,0.053134020968036544,False
2933,0.19499112223963777,False,0.14218280105152215,False,0.24391711850580822,False,0.10506210887308842,False,0.10506210887308842,False
2934,0.07284695227047122,False,0.12953775497708148,False,0.24557883973002054,False,0.14332507733118255,False,0.07284695227047122,False
2935,0.16605073399252585,False,-0.012775814608322444,True,0.21238575988868807,False,0.1378645420758996,False,-0.012775814608322444,True
2936,0.17774433286993924,False,0.16461456699121485,False,0.24556131274117843,False,0.06668979231228311,False,0.06668979231228311,False
2937,0.19409143488712288,False,0.09750899680204117,False,0.24145901281656568,False,0.16475866222888202,False,0.09750899680204117,False
2938,0.15737004807956,False,0.02385244071648318,False,0.21322775255444487,False,0.09471024589191135,False,0.02385244071648318,False
2939,0.11965419085782736,False,0.07425309175624073,False,0.2585875914551231,False,0.0644044719101734,False,0.0644044719101734,False
2940,0.12156194430570211,False,0.0661912494434529,False,0.20860525798803914,False,0.10627206905546538,False,0.0661912494434529,False
2941,0.18180418074659777,False,0.10502685244636856,False,0.26006611952893205,False,0.15202750695712425,False,0.10502685244636856,False
2942,0.08528873851515106,False,0.07190557457032798,False,0.2694466270726692,False,0.0936776882164495,False,0.07190557457032798,False
2943,0.1731717465930399,False,0.07955349552896995,False,0.25987657163470823,False,0.1600080302005546,False,0.07955349552896995,False
2944,0.05429880653650154,False,0.05267275071971467,False,0.28099386838521323,False,0.13417773338153688,False,0.05267275071971467,False
2945,0.24527725344402523,False,0.18135542576581076,False,0.23122316884082228,False,0.10243172076522189,False,0.10243172076522189,False
2946,0.1798834311027372,False,0.1573704391036606,False,0.26066743981338125,False,0.0807676282112243,False,0.0807676282112243,False
2947,0.25680525602213544,False,0.140167393648767,False,0.24458167603258035,False,0.14498808075885167,False,0.140167393648767,False
2948,0.21483318168921384,False,0.13066266540194205,False,0.19174927275492043,False,0.08024075352251847,False,0.08024075352251847,False
2949,0.2414307190345868,False,0.11489601570927277,False,0.2648792148076443,False,0.13485589062676595,False,0.11489601570927277,False
2950,0.21895614312330292,False,0.1699931631201368,False,0.18872921145473215,False,0.043502476774664234,False,0.043502476774664234,False
2951,0.22451984706879008,False,0.12080694080259224,False,0.2604193788301205,False,0.11259887617375919,False,0.11259887617375919,False
2952,0.11551292936312685,False,0.17732612718592217,False,0.27523538809107484,False,0.11438475958991612,False,0.11438475958991612,False
2953,0.229507171675438,False,0.10894545140765566,False,0.25094450448269945,False,0.11515408431739227,False,0.10894545140765566,False
2954,0.18773252752737224,False,0.20249134129341623,False,0.26438664224212194,False,0.11250824277913596,False,0.11250824277913596,False
2955,0.1903730771529919,False,0.08582893928937962,False,0.22962994115379426,False,0.13289013232536728,False,0.08582893928937962,False
2956,0.16868586374057426,False,0.06026760626745631,False,0.26837748341373385,False,0.18441410572381567,False,0.06026760626745631,False
2957,0.22417279486352615,False,0.12307818670926651,False,0.24643699237412148,False,0.16505392406354846,False,0.12307818670926651,False
2958,0.12271104211988193,False,0.11775343130395244,False,0.2823123564534802,False,0.08942306549768109,False,0.08942306549768109,False
2959,0.21749172672084244,False,0.06847485642661444,False,0.2759266856876237,False,0.10713783884839634,False,0.06847485642661444,False
2960,0.22582945728200055,False,0.14890096231294575,False,0.22781999634806,False,0.10004127104869787,False,0.10004127104869787,False
2961,0.2248889024625247,False,0.12328036930677122,False,0.252630396870339,False,0.12275636038438076,False,0.12275636038438076,False
2962,0.24042466957227193,False,0.16765609405778092,False,0.2481206994682893,False,0.0996995167027811,False,0.0996995167027811,False
2963,0.23381737760385396,False,0.17575642054288915,False,0.25742525664116006,False,0.07599937510428478,False,0.07599937510428478,False
2964,0.23103794270750655,False,0.12333794626453154,False,0.22271943295906776,False,0.10402365759320753,False,0.10402365759320753,False
2965,0.16490769660616877,False,0.07583192605924116,False,0.25078030829408193,False,0.16953272808307052,False,0.07583192605924116,False
2966,0.20704297158908802,False,0.1112765479979757,False,0.24639864347674456,False,0.07961627509790148,False,0.07961627509790148,False
2967,0.13793583687778588,False,0.09736581434203984,False,0.23718463300987563,False,0.08000779507561384,False,0.08000779507561384,False
2968,0.24635528749119934,False,0.16142019776675132,False,0.22437317308197818,False,0.03049846424932867,False,0.03049846424932867,False
2969,0.21455003639553716,False,0.05879050645933648,False,0.19057537635742533,False,0.10086541599997922,False,0.05879050645933648,False
2970,0.24992040364068363,False,0.12268966267711845,False,0.27168672146895384,False,0.13152013703616344,False,0.12268966267711845,False
2971,0.23456781831293633,False,0.17796409840009658,False,0.1832444674316726,False,0.08435161999774432,False,0.08435161999774432,False
2972,0.23625011271524682,False,0.1047457828397329,False,0.20426899735680387,False,0.11716513112262061,False,0.1047457828397329,False
2973,0.2000594802000069,False,0.05647318021066683,False,0.19272230653536304,False,0.07180690417654123,False,0.05647318021066683,False
2974,0.19480137296794042,False,0.16581344346903049,False,0.17612610945992518,False,0.10228947657108667,False,0.10228947657108667,False
2975,0.15479555954542756,False,0.10813252679863283,False,0.19664572961598703,False,0.1122644151814296,False,0.10813252679863283,False
2976,0.18526995748840225,False,0.16847237717611963,False,0.20259523251530726,False,0.08352862487863777,False,0.08352862487863777,False
2977,0.19510630158650893,False,0.1386250527682838,False,0.2608069577743094,False,0.10247769130404027,False,0.10247769130404027,False
2978,0.09173841111032655,False,0.179340498196712,False,0.238550405588488,False,0.05654393768066479,False,0.05654393768066479,False
2979,0.18050476373973623,False,0.09836618213630222,False,0.2767525773341615,False,0.09855887980091571,False,0.09836618213630222,False
2980,0.15890051462521854,False,0.05956592753237877,False,0.25881497203787424,False,0.0876825119029574,False,0.05956592753237877,False
2981,0.22808487524626064,False,0.141279187747545,False,0.2657705349439014,False,0.13457458627675,False,0.13457458627675,False
2982,0.1986945448866274,False,0.17753826929646882,False,0.1681073883382389,False,0.08345853672813508,False,0.08345853672813508,False
2983,0.17034724184217054,False,0.1461037701848713,False,0.26090332582006265,False,0.0873835492690187,False,0.0873835492690187,False
2984,0.2639761334895751,False,0.1453610833959164,False,0.26916392885599894,False,0.028312892477142526,False,0.028312892477142526,False
2985,0.1682751435045695,False,0.10348232582118999,False,0.25986352769842613,False,0.12267595814427801,False,0.10348232582118999,False
2986,0.2155909600645053,False,0.16051546385098903,False,0.17587773022298553,False,0.09763680214465409,False,0.09763680214465409,False
2987,0.21528732826062696,False,0.07205411472683443,False,0.20462374297746533,False,0.10676657108327092,False,0.07205411472683443,False
2988,0.24523440750944525,False,0.1484161180917392,False,0.23893464419099397,False,0.09878466836307498,False,0.09878466836307498,False
2989,0.240831072141387,False,0.14353774239048334,False,0.18822800064803163,False,0.1386735708896662,False,0.1386735708896662,False
2990,0.24375099351127866,False,0.16269425644273788,False,0.24084221863958383,False,0.059779987755018804,False,0.059779987755018804,False
2991,0.2547613994819545,False,0.15430111530030693,False,0.28392166921506884,False,0.12211993761681683,False,0.12211993761681683,False
2992,0.21485814146505267,False,0.1412775797529025,False,0.22456334720185445,False,0.04744680575262439,False,0.04744680575262439,False
2993,0.21904749264380524,False,0.13196145473044824,False,0.24066821655613108,False,0.056376291540152335,False,0.056376291540152335,False
2994,0.25008187220609235,False,0.07344151727702453,False,0.23270359112809957,False,0.06811131546718463,False,0.06811131546718463,False
2995,0.23520462928496522,False,0.16624263924020732,False,0.26840972102916,False,0.10398899957347219,False,0.10398899957347219,False
2996,0.21909720390959425,False,0.06997094918338564,False,0.2789145631082554,False,0.10444507382346979,False,0.06997094918338564,False
2997,0.18125437805185018,False,0.12809686827477862,False,0.18139319556250166,False,0.12082780464075316,False,0.12082780464075316,False
2998,0.22257799206230328,False,0.15841633829360535,False,0.22829100560244014,False,0.148265842079638,False,0.148265842079638,False
2999,0.17505823729117503,False,0.16856205897657056,False,0.20990329088585485,False,0.1306120488109228,False,0.1306120488109228,False
3000,0.24906291793431634,False,0.14809477437938795,False,0.19052962292470516,False,0.010024795022909205,False,0.010024795022909205,False
3001,0.23171324857658443,False,0.11173609348203195,False,0.2768702962708737,False,0.13046482456274866,False,0.11173609348203195,False
3002,0.19876792043220393,False,0.08536287354192218,False,0.27428936448651703,False,0.09738102790274361,False,0.08536287354192218,False
3003,0.17265779385951124,False,0.09791972991462916,False,0.25394152718968754,False,0.0792521301047574,False,0.0792521301047574,False
3004,0.17804666875945513,False,0.14240388512193497,False,0.25192931910787764,False,0.09068655552747518,False,0.09068655552747518,False
3005,0.11964236675255646,False,0.1454205046465466,False,0.23690004743124599,False,0.11645782252907555,False,0.11645782252907555,False
3006,0.1605381480237421,False,0.0062790205141233235,False,0.2552971371852167,False,0.08680881983193334,False,0.0062790205141233235,False
3007,0.21928603438997313,False,0.18062361572460217,False,0.17288293478203237,False,0.06894173127447001,False,0.06894173127447001,False
3008,0.1854796945076928,False,0.08878985849754162,False,0.21749925435014167,False,0.07767261687084448,False,0.07767261687084448,False
3009,0.25551796293833573,False,0.03862221143859801,False,0.2196680122705168,False,0.02912044118874091,False,0.02912044118874091,False
3010,0.1979180759333728,False,0.09037332594734981,False,0.2380243085502201,False,0.0679479100233582,False,0.0679479100233582,False
3011,0.2477356105598178,False,0.13760570152354673,False,0.22441423073647476,False,0.048632319054913276,False,0.048632319054913276,False
3012,0.20885906627532214,False,0.16383079281067398,False,0.21234305422783317,False,0.10949465921271195,False,0.10949465921271195,False
3013,0.22214549686140528,False,0.0853387315573545,False,0.24370413630528381,False,0.11635153314576407,False,0.0853387315573545,False
3014,0.17894802453971947,False,0.15192285477723666,False,0.18064062156472743,False,0.08130481637823728,False,0.08130481637823728,False
3015,0.26154165158391185,False,0.10734101855522626,False,0.2544330481323905,False,0.09664061230327059,False,0.09664061230327059,False
3016,0.26173220268160247,False,0.17142042539014218,False,0.2723964392891144,False,0.0895712067759139,False,0.0895712067759139,False
3017,0.20066164039385265,False,0.1280053063635424,False,0.2500661375257884,False,0.10628256319276363,False,0.10628256319276363,False
3018,0.2057058813777241,False,0.12042765064049599,False,0.2675629173557726,False,0.12494061133751233,False,0.12042765064049599,False
3019,0.16486574368330859,False,0.14587757682410402,False,0.2584858738847962,False,0.04340986695538984,False,0.04340986695538984,False
3020,0.24775295589941243,False,0.0658845452489274,False,0.23060292475003674,False,0.09902761805892335,False,0.0658845452489274,False
3021,0.2137277510999887,False,0.11214511584121611,False,0.19573912535622284,False,0.15414738107736958,False,0.11214511584121611,False
3022,0.1730114687689499,False,0.13489050835850624,False,0.24932008078976686,False,0.04505963358220377,False,0.04505963358220377,False
3023,0.23882797007009826,False,0.1354849929813416,False,0.20280402869527347,False,0.1151513029252349,False,0.1151513029252349,False
3024,0.18784346085261677,False,0.14939320183990096,False,0.2518940606347048,False,-0.013805088245885111,True,-0.013805088245885111,True
3025,0.2533519351427585,False,0.031138395879431013,False,0.1093222336693328,False,0.05722477616312327,False,0.031138395879431013,False
3026,0.2242280717556584,False,0.09149091974633183,False,0.2319167275565413,False,0.06135766003147547,False,0.06135766003147547,False
3027,0.1650630785287126,False,0.04417217360568093,False,0.25686102025612506,False,0.04482890168522358,False,0.04417217360568093,False
3028,0.2635750559500881,False,-0.04146904061048173,True,0.2423402363930161,False,0.08786490999463925,False,-0.04146904061048173,True
3029,0.11147628817413235,False,0.13934826679406992,False,0.2485842415649962,False,0.1023428920208399,False,0.1023428920208399,False
3030,0.11328153666752161,False,0.08776321026012257,False,0.24885556481402715,False,0.05085618923219515,False,0.05085618923219515,False
3031,0.09989915889822187,False,0.08668260485551216,False,0.19650034760405738,False,0.09450455036665317,False,0.08668260485551216,False
3032,0.24119055669377865,False,0.14510207176817919,False,0.17820179486812998,False,0.06088467866025027,False,0.06088467866025027,False
3033,0.12004418579167075,False,0.09585910427306077,False,0.2288568931613852,False,0.14972971225460918,False,0.09585910427306077,False
3034,0.24899672242800025,False,0.15416117405157176,False,0.19007482147536742,False,0.07485666679379821,False,0.07485666679379821,False
3035,0.14855918807640678,False,0.1211781553869431,False,0.21337238478227266,False,0.10798071737237125,False,0.10798071737237125,False
3036,0.23220214211108142,False,0.08522429796455633,False,0.2740605294271324,False,0.11379045059163528,False,0.08522429796455633,False
3037,0.17407818196218028,False,0.05940001478295365,False,0.23073964657431023,False,0.016638864949256704,False,0.016638864949256704,False
3038,0.24902753595846283,False,0.16904954964157137,False,0.25201055530488187,False,0.07181683047375464,False,0.07181683047375464,False
3039,0.24786801396213198,False,0.1172664927820859,False,0.21602451329950834,False,0.05695482203363478,False,0.05695482203363478,False
3040,0.2468527559366322,False,0.11379918008825873,False,0.20444532743717464,False,0.050850213249701404,False,0.050850213249701404,False
3041,0.2510292946048131,False,0.14648092188458017,False,0.2412225409107267,False,0.057627605466245124,False,0.057627605466245124,False
3042,0.22623094109533914,False,0.13414892078855256,False,0.23979024479402222,False,0.10884097721652952,False,0.10884097721652952,False
3043,0.16458488124149306,False,0.17011072530078847,False,0.16736344417189086,False,0.04592792882074659,False,0.04592792882074659,False
3044,0.2018707681582444,False,0.18367692257815454,False,0.24212719106397007,False,0.10178113146190182,False,0.10178113146190182,False
3045,0.20815102209830588,False,0.11090725887737296,False,0.2514153951198484,False,0.06746880953190659,False,0.06746880953190659,False
3046,0.2578755340794825,False,0.18141464875644242,False,0.2799250331566396,False,0.05450213079298838,False,0.05450213079298838,False
3047,0.2318959086909727,False,0.1165389764814202,False,0.26441858696361914,False,0.04071518986230216,False,0.04071518986230216,False
3048,0.2526788336250873,False,0.02152832557935136,False,0.26395611401318286,False,0.11940087237153918,False,0.02152832557935136,False
3049,0.16372571843974132,False,0.07494839276149201,False,0.23271745710296587,False,0.051435184239163045,False,0.051435184239163045,False
3050,0.23585828290348165,False,0.06782476207715626,False,0.24056498554488248,False,0.06679088227077046,False,0.06679088227077046,False
3051,0.20350537723007428,False,0.11728287438801788,False,0.18871223244572888,False,0.10196278115902946,False,0.10196278115902946,False
3052,0.24155511278993003,False,0.04153489654991138,False,0.14987250562882082,False,0.06987134139675122,False,0.04153489654991138,False
3053,0.14544740393858557,False,0.1870407090506565,False,0.2580769798171407,False,0.11350154733132922,False,0.11350154733132922,False
3054,0.25943454689852896,False,0.10639759408823035,False,0.20746870653534272,False,0.08718903805288092,False,0.08718903805288092,False
3055,0.16610681298211866,False,0.05025856841931098,False,0.25328107165413455,False,0.11047995392821452,False,0.05025856841931098,False
3056,0.256858743716663,False,0.11975629683991396,False,0.19438089086819516,False,0.07541784714072575,False,0.07541784714072575,False
3057,0.20804158532942157,False,0.06273634320394605,False,0.20424231814541777,False,0.07813567297831059,False,0.06273634320394605,False
3058,0.13783377880408954,False,0.1933766210935956,False,0.2452200842741612,False,0.06661445750209327,False,0.06661445750209327,False
3059,0.218371969303856,False,0.13985469449522425,False,0.22451017431987885,False,0.04179206546291836,False,0.04179206546291836,False
3060,0.25355126982083326,False,0.13434147538602714,False,0.2029281553679131,False,0.10043345241093948,False,0.10043345241093948,False
3061,0.1754101771374369,False,0.17125952810039335,False,0.2126253060273367,False,0.0781914090502901,False,0.0781914090502901,False
3062,0.24418705773670268,False,0.07106014822518547,False,0.277808200930406,False,0.05599727486644668,False,0.05599727486644668,False
3063,0.18177181399003123,False,0.1318022662793259,False,0.2506245995235358,False,0.05576602280548615,False,0.05576602280548615,False
3064,0.21862215450755157,False,0.13399303891473213,False,0.2720152288266172,False,0.09474881618190023,False,0.09474881618190023,False
3065,0.10575079718660718,False,0.1329449330677399,False,0.2694495825952001,False,0.02902668034678224,False,0.02902668034678224,False
3066,0.20665994757166906,False,0.17625494556213572,False,0.2082709611299432,False,0.027113139482819126,False,0.027113139482819126,False
3067,0.25098264762613837,False,0.13852040885857336,False,0.1554667995726028,False,-0.010472684113983943,True,-0.010472684113983943,True
3068,0.23605566791805044,False,0.16274049404068774,False,0.25269785463561256,False,0.080606577640565,False,0.080606577640565,False
3069,0.2744729565847776,False,0.16922474575652063,False,0.20528672078079258,False,0.101869038643715,False,0.101869038643715,False
3070,0.22355677857314266,False,0.1415166700028791,False,0.2070220053832551,False,0.07898226593756918,False,0.07898226593756918,False
3071,0.22775854483652896,False,0.125043598002124,False,0.26576804810619337,False,0.054074586928294366,False,0.054074586928294366,False
3072,0.23285832545897683,False,0.07198484674791927,False,0.21507365796325,False,0.0857647812775093,False,0.07198484674791927,False
3073,0.22982351431443077,False,0.10216478124710748,False,0.24416357924158016,False,0.09241117565446177,False,0.09241117565446177,False
3074,0.2346447195376974,False,0.18493899243578982,False,0.23306996524100349,False,0.04117205300640625,False,0.04117205300640625,False
3075,0.25059299221961134,False,0.13348520885000342,False,0.24824818045075148,False,0.07442848598590024,False,0.07442848598590024,False
3076,0.14997214688215638,False,0.14967238489797463,False,0.26647552936353275,False,0.06341326124982105,False,0.06341326124982105,False
3077,0.22956116091727713,False,0.07119731158982623,False,0.15940123886205904,False,0.06198957418505602,False,0.06198957418505602,False
3078,0.21792123170930705,False,0.0864810007057153,False,0.27781060223429466,False,0.07750096333040868,False,0.07750096333040868,False
3079,0.20805022211653468,False,0.07088824330634724,False,0.26305087828975854,False,0.0727080103474127,False,0.07088824330634724,False
3080,0.25573649284190175,False,0.09167494154811673,False,0.21983675274786968,False,0.04245086058232572,False,0.04245086058232572,False
3081,0.24446583319987109,False,0.15657469036676291,False,0.25872874893141695,False,0.04234243533361004,False,0.04234243533361004,False
3082,0.22602405361316158,False,0.07469127290640165,False,0.23536927717208783,False,0.11908783970041015,False,0.07469127290640165,False
3083,0.18988093901008551,False,0.06319097657737638,False,0.11358644822304842,False,0.09696387454652255,False,0.06319097657737638,False
3084,0.22033063637926348,False,0.18998397288598268,False,0.27123883312400227,False,0.03780020883670887,False,0.03780020883670887,False
3085,0.2577301658509098,False,0.031699409210128704,False,0.26719983821898935,False,0.05854823797795905,False,0.031699409210128704,False
3086,0.24911181998055698,False,0.14688590627842102,False,0.12340190325838407,False,0.049359279342775064,False,0.049359279342775064,False
3087,0.17937201381027612,False,0.1407426771458264,False,0.2158561497235878,False,0.10512493862740557,False,0.10512493862740557,False
3088,0.19753296320187624,False,0.14064413156196576,False,0.24280112103039114,False,0.010043484591472751,False,0.010043484591472751,False
3089,0.23956274138004996,False,0.13229098236690667,False,0.24576278583899125,False,0.024346517525020483,False,0.024346517525020483,False
3090,0.16441170873984268,False,0.14832363779885294,False,0.26955832051940976,False,0.027726342260580683,False,0.027726342260580683,False
3091,0.2636854920875686,False,0.1283488888204266,False,0.26937453415962576,False,0.03637607396940268,False,0.03637607396940268,False
3092,0.218398797332154,False,0.11565953140277485,False,0.2021877198872058,False,0.07434254901838566,False,0.07434254901838566,False
3093,0.09259275209851914,False,0.03311354065855643,False,0.24499218190320604,False,0.010130584648317287,False,0.010130584648317287,False
3094,0.16469524926717743,False,0.175789587886503,False,0.21244568806995434,False,0.11173019529592487,False,0.11173019529592487,False
3095,0.108873341276709,False,0.11200019675187844,False,0.19730503770586144,False,0.02856272279947525,False,0.02856272279947525,False
3096,0.2607525682424246,False,0.09549981602162638,False,0.17215279273827988,False,0.09572489398103845,False,0.09549981602162638,False
3097,0.2362903142145676,False,0.1560893385894378,False,0.207867799232393,False,0.0125310130095182,False,0.0125310130095182,False
3098,0.26207850543356076,False,0.1687738469349389,False,0.23951749506707937,False,0.04985357047669059,False,0.04985357047669059,False
3099,0.2503887267627989,False,0.14926290502065453,False,0.2161191277325556,False,0.01849384579381219,False,0.01849384579381219,False
3100,0.24994304058427824,False,0.15678511883598412,False,0.25216277696153483,False,0.024307005603212195,False,0.024307005603212195,False
3101,0.23170226460001037,False,0.0968135339836369,False,0.2372475755137975,False,0.07029928159905008,False,0.07029928159905008,False
3102,0.22772558611822713,False,0.10623879912040957,False,0.2261735003908656,False,0.07773826521110128,False,0.07773826521110128,False
3103,0.23754448490703045,False,0.10393388197923925,False,0.2273498775077641,False,-0.02578489100382908,True,-0.02578489100382908,True
3104,0.2574170067163952,False,0.0789468224506612,False,0.2620917113830656,False,0.07386436147756015,False,0.07386436147756015,False
3105,0.23330942467499416,False,0.14923480263618288,False,0.15643846729379463,False,0.04976273756252503,False,0.04976273756252503,False
3106,0.24186361696108294,False,0.0993913191520549,False,0.24356348346577966,False,0.022528197421073703,False,0.022528197421073703,False
3107,0.2118819037095122,False,0.0909482732396899,False,0.22209036365588614,False,0.057184110636729346,False,0.057184110636729346,False
3108,0.24503739387101975,False,0.14541137349794803,False,0.24205087355466803,False,0.1320785806910772,False,0.1320785806910772,False
3109,0.25575595406097074,False,0.1042637845098684,False,0.2534461963889421,False,0.026733431027631815,False,0.026733431027631815,False
3110,0.24753890114153443,False,0.17648551449620048,False,0.27076572292214435,False,0.06582627388904483,False,0.06582627388904483,False
3111,0.2337217097377104,False,0.13077223810302807,False,0.18891867772526016,False,0.10266668938089529,False,0.10266668938089529,False
3112,0.2543735168214144,False,0.13082176588124073,False,0.25586801403595955,False,0.07433284566483711,False,0.07433284566483711,False
3113,0.25064785806352347,False,0.1283608732433737,False,0.26718316949999643,False,0.11682203637184319,False,0.11682203637184319,False
3114,0.23532829523690352,False,0.155502159397579,False,0.21386890352085552,False,0.07622827188484749,False,0.07622827188484749,False
3115,0.22359264819747937,False,0.15787019118114565,False,0.2549685169359048,False,0.08247217387602657,False,0.08247217387602657,False
3116,0.2115342173662868,False,0.09183085779721056,False,0.2037787997910957,False,0.00810593420639738,False,0.00810593420639738,False
3117,0.20039901802616278,False,0.12690232734961032,False,0.2730644833568635,False,0.139323559010412,False,0.12690232734961032,False
3118,0.2614872764508364,False,0.1684978478550569,False,0.23332368611341125,False,0.012843295626356666,False,0.012843295626356666,False
3119,0.2426907752169437,False,0.0954322946564955,False,0.25135919017146074,False,0.05837430151362766,False,0.05837430151362766,False
3120,0.22544488620399689,False,0.13931286498392803,False,0.19660559868421396,False,0.07300652859506174,False,0.07300652859506174,False
3121,0.24996875577631472,False,0.14034635860839206,False,0.1540218464479789,False,0.022273499568293387,False,0.022273499568293387,False
3122,0.26150787621733973,False,0.12813168860555257,False,0.23640504330334405,False,0.08334066305362842,False,0.08334066305362842,False
3123,0.20975842194279837,False,0.17270731116595822,False,0.210756826218488,False,0.08187995957619876,False,0.08187995957619876,False
3124,0.25540944327784565,False,0.16395357994900117,False,0.25408548242694123,False,0.041157879927570584,False,0.041157879927570584,False
3125,0.262547690407958,False,0.056376755731295414,False,0.25893725269034845,False,0.032705826753357536,False,0.032705826753357536,False
3126,0.2322147648771818,False,0.05928486574510783,False,0.26659471168855187,False,0.07137235723359303,False,0.05928486574510783,False
3127,0.12521471726265065,False,0.17871064795201685,False,0.21962262579130193,False,0.05939184974411349,False,0.05939184974411349,False
3128,0.22081849151033028,False,0.1441213681220857,False,0.24203821163511086,False,0.054664544597616826,False,0.054664544597616826,False
3129,0.2557815725941277,False,0.13056368523459583,False,0.25174236456139665,False,0.07523129112348315,False,0.07523129112348315,False
3130,0.2585333616796654,False,0.09665540383904392,False,0.26316099277901556,False,0.03602637500916839,False,0.03602637500916839,False
3131,0.13271482394983125,False,0.10664505700775051,False,0.2175303251504881,False,0.012230459572375896,False,0.012230459572375896,False
3132,0.21550909465239076,False,0.09003861991165973,False,0.2598736298307655,False,0.02868059075035334,False,0.02868059075035334,False
3133,0.19833407111782758,False,0.16204734026306677,False,0.20741742930896284,False,0.00419524543008154,False,0.00419524543008154,False
3134,0.268270539121109,False,0.13951061216280575,False,0.26480390494554035,False,0.08497198546123252,False,0.08497198546123252,False
3135,0.1397950367739157,False,0.027530009734846983,False,0.15779132585940925,False,0.09704251557635968,False,0.027530009734846983,False
3136,0.2529672376029237,False,0.1026050258994412,False,0.17134928897911672,False,0.059412876403631576,False,0.059412876403631576,False
3137,0.24529894017199766,False,0.08466508329924805,False,0.21226294650551997,False,0.008239891284666845,False,0.008239891284666845,False
3138,0.23559271989339453,False,0.11482426498733556,False,0.28302414154014377,False,0.07474796172235842,False,0.07474796172235842,False
3139,0.25655320627702244,False,0.10080149645764869,False,0.2134697103915913,False,0.07997545722707755,False,0.07997545722707755,False
3140,0.2323313040630836,False,0.16585933920418133,False,0.16547494934813545,False,0.08309484252205279,False,0.08309484252205279,False
3141,0.23277756059029264,False,0.18646584975004815,False,0.1910874737032598,False,0.09466408418647865,False,0.09466408418647865,False
3142,0.2050123529456191,False,0.15779377493887747,False,0.20744896986676808,False,0.08461875607957836,False,0.08461875607957836,False
3143,0.200143542705918,False,0.1694193503462904,False,0.2820763197660737,False,0.0873961442075466,False,0.0873961442075466,False
3144,0.15156785144962415,False,0.15780328958418738,False,0.2760578842909508,False,0.06111729306500635,False,0.06111729306500635,False
3145,0.22635522938621205,False,0.16051674850668168,False,0.2428875272809331,False,0.08376658128449488,False,0.08376658128449488,False
3146,0.19096319734008138,False,0.05372700406237085,False,0.23510616002797746,False,0.037671799466023836,False,0.037671799466023836,False
3147,0.2652780117355449,False,0.166456908069047,False,0.23056535445057474,False,0.027474968137306877,False,0.027474968137306877,False
3148,0.2384447089025063,False,0.17043249619395545,False,0.18356747530299655,False,0.055764663624844224,False,0.055764663624844224,False
3149,0.22373957205649558,False,0.12895779858233503,False,0.2171025949815596,False,0.09030046004290482,False,0.09030046004290482,False
3150,-0.011739206530542279,True,0.11490642443139598,False,0.17223633918475106,False,0.09861079395200245,False,-0.011739206530542279,True
3151,0.23552232047873023,False,0.13525082314901354,False,0.18298011371907374,False,0.10140637616110504,False,0.10140637616110504,False
3152,0.25767543656739955,False,0.1713146160130225,False,0.24923026663473724,False,0.09613332584423995,False,0.09613332584423995,False
3153,0.199500344923893,False,0.08651772333388696,False,0.24453130935652884,False,0.033117126135118635,False,0.033117126135118635,False
3154,0.24613704197192993,False,0.16773780156255141,False,0.20185820924553577,False,0.084931854802341,False,0.084931854802341,False
3155,0.1222116056724678,False,0.1483165043858493,False,0.28089874894705946,False,0.08655233640031013,False,0.08655233640031013,False
3156,0.23064187575909595,False,0.13359865985426245,False,0.21592244499508667,False,0.06837044153252936,False,0.06837044153252936,False
3157,0.2598781724542997,False,0.1271020466578408,False,0.27634335515748887,False,0.07391807285855845,False,0.07391807285855845,False
3158,0.22984842850643838,False,0.08392914033026144,False,0.2499453170115899,False,0.08751467695830228,False,0.08392914033026144,False
3159,0.24674984511502002,False,0.13892297169793455,False,0.2735877718952583,False,0.04920851443119889,False,0.04920851443119889,False
3160,0.19934427626282775,False,0.12612125172229,False,0.2619115301426771,False,0.11578917677867051,False,0.11578917677867051,False
3161,0.2543577554787529,False,0.11269512981358631,False,0.20275004304772942,False,0.08093313831116111,False,0.08093313831116111,False
3162,0.21102767419665014,False,0.06735224561156095,False,0.24523396816113097,False,0.026500003177182818,False,0.026500003177182818,False
3163,0.2019109496461277,False,0.15012619926459758,False,0.1910743801249738,False,0.059338635999055644,False,0.059338635999055644,False
3164,0.2230070305747029,False,0.10451993707950513,False,0.1772439590208359,False,0.06571215449241385,False,0.06571215449241385,False
3165,0.19046671353473066,False,0.04507874838780368,False,0.24728990836978637,False,0.034799739220147785,False,0.034799739220147785,False
3166,0.1716491536035386,False,0.08670121593493574,False,0.2599724626361911,False,0.07765680742555536,False,0.07765680742555536,False
3167,0.2075275782342405,False,0.1420920687539347,False,0.2740407123010207,False,0.09234306074543919,False,0.09234306074543919,False
3168,0.2372199853648317,False,0.08342982963936296,False,0.22552616590944924,False,0.04164123863631497,False,0.04164123863631497,False
3169,0.15264872264542462,False,0.16001653374111524,False,0.24193090619828855,False,0.12939408847870554,False,0.12939408847870554,False
3170,0.23447460767779182,False,0.1342574833203919,False,0.25419486044555356,False,0.061564255684048774,False,0.061564255684048774,False
3171,0.24805497088775946,False,0.06740956733351122,False,0.2744593566497298,False,0.08427107433092684,False,0.06740956733351122,False
3172,0.19539850516792961,False,0.14873660123193694,False,0.23316231034580176,False,0.03469696350848417,False,0.03469696350848417,False
3173,0.23520999337575293,False,0.1293260317276474,False,0.22041990011890744,False,0.08408892229286458,False,0.08408892229286458,False
3174,0.19095235712336128,False,0.06975820311188108,False,0.21858469939126624,False,0.023016516362731165,False,0.023016516362731165,False
3175,0.13427669801872166,False,0.06475647357247283,False,0.27137384395527964,False,0.10872207191437333,False,0.06475647357247283,False
3176,0.17493589978041946,False,0.09206989494838702,False,0.23734122528717322,False,0.0879453023086394,False,0.0879453023086394,False
3177,0.2510236067083446,False,0.1426886739410505,False,0.2594062497895018,False,0.10702472175220679,False,0.10702472175220679,False
3178,0.210811419214043,False,0.04872777630300662,False,0.2691827041840401,False,0.07021937773077513,False,0.04872777630300662,False
3179,0.2606471576008139,False,0.13695699707667663,False,0.23357618648263673,False,0.09801657150294119,False,0.09801657150294119,False
3180,0.14579977449607107,False,0.0925717827161866,False,0.26245388438283634,False,0.09214883576978872,False,0.09214883576978872,False
3181,0.16020825935115174,False,0.09942838788390373,False,0.2646881973937258,False,0.07618679854518817,False,0.07618679854518817,False
3182,0.2542527953916704,False,0.015977458487206442,False,0.1498336460443559,False,0.11059298617733826,False,0.015977458487206442,False
3183,0.24567194193982572,False,0.13638094347719365,False,0.26277295069901346,False,0.07355730096872604,False,0.07355730096872604,False
3184,0.2629924608647723,False,0.07393047040479417,False,0.25049858434714894,False,0.05266948859472664,False,0.05266948859472664,False
3185,0.2341098782142435,False,0.11536515469787068,False,0.19537595760423276,False,0.08417349305214039,False,0.08417349305214039,False
3186,0.18142042893838994,False,0.11606302984827677,False,0.2499952811600447,False,0.0523125942119258,False,0.0523125942119258,False
3187,0.23294519254819557,False,0.06335683152776816,False,0.22993752841976756,False,0.035265892598969284,False,0.035265892598969284,False
3188,0.16363621216148488,False,0.03849989007044885,False,0.278403066100043,False,0.13303017902146314,False,0.03849989007044885,False
3189,0.24626152494046888,False,0.08741295924421288,False,0.2633396147141994,False,0.11276790075656362,False,0.08741295924421288,False
3190,0.11670593573244514,False,0.02515576523417351,False,0.2269431653644159,False,0.12977973128813425,False,0.02515576523417351,False
3191,0.16617833833558843,False,0.0649781613759498,False,0.26858699732584035,False,0.07296974942498313,False,0.0649781613759498,False
3192,0.24382587464472683,False,0.11123119955413929,False,0.18894192266257853,False,0.0484535860779558,False,0.0484535860779558,False
3193,0.17734508366962753,False,-0.004703049005181814,True,0.2555052728662877,False,0.045998375980359496,False,-0.004703049005181814,True
3194,0.14331113341463508,False,0.031355580720096476,False,0.21329085472679732,False,0.113000023173358,False,0.031355580720096476,False
3195,0.16051868412035303,False,0.01662674501280703,False,0.2624190948728385,False,0.0987630033815623,False,0.01662674501280703,False
3196,0.23727184603403445,False,0.13919540631624677,False,0.26523113018196803,False,0.026209625308726725,False,0.026209625308726725,False
3197,0.2386721172105441,False,-0.04212741280288601,True,0.261080994469212,False,0.0063621790603796136,False,-0.04212741280288601,True
3198,0.1594067261532256,False,0.03375018298009724,False,0.24236939005767455,False,0.010942085301054671,False,0.010942085301054671,False
3199,0.21180549663944825,False,0.10221817323229643,False,0.24299309323809148,False,0.09907455886610084,False,0.09907455886610084,False
3200,0.2292471101001033,False,0.10962444517148207,False,0.2503136354123875,False,0.11184610328054423,False,0.10962444517148207,False
3201,0.17801432031848236,False,0.08943822242640209,False,0.2621573039902125,False,0.06496790402369823,False,0.06496790402369823,False
3202,0.18118144490003868,False,0.10000584971622517,False,0.246411148452031,False,0.14875091626384407,False,0.10000584971622517,False
3203,0.25303937138355886,False,0.11488040835133206,False,0.23263334985971096,False,0.07371409117317818,False,0.07371409117317818,False
3204,0.2342503371131905,False,0.08827072262012259,False,0.2292677271308688,False,0.10534872621533753,False,0.08827072262012259,False
3205,0.12455217184607026,False,0.14194051770717364,False,0.2443818246942543,False,0.12632334466027156,False,0.12455217184607026,False
3206,0.16414096513217186,False,0.0575206833872276,False,0.2249090010876727,False,0.028245019196088683,False,0.028245019196088683,False
3207,0.11138292353057933,False,0.11030992806779871,False,0.277767280829117,False,0.06229669966310891,False,0.06229669966310891,False
3208,0.19559990787062986,False,0.03365867394785094,False,0.21379648430889225,False,0.11723653477979201,False,0.03365867394785094,False
3209,0.20302700035829485,False,0.030166811941096827,False,0.2799470441309969,False,0.024754659863341355,False,0.024754659863341355,False
3210,0.22133055706717264,False,0.10506098840475042,False,0.231101950997526,False,0.07848664425122065,False,0.07848664425122065,False
3211,0.1509135779850519,False,0.03740543598699697,False,0.2693022499318156,False,0.09906929029326805,False,0.03740543598699697,False
3212,0.17904347110814067,False,0.08988070265374237,False,0.20386718820980243,False,0.07323958515785312,False,0.07323958515785312,False
3213,0.20337857987381602,False,0.03543611715935857,False,0.24576797422627572,False,0.12230139624511649,False,0.03543611715935857,False
3214,0.25950866913630155,False,0.13811165826814953,False,0.23367594023470623,False,0.0645385497075589,False,0.0645385497075589,False
3215,0.17050519353007498,False,0.0638507583552782,False,0.2688803677281722,False,0.07071978935487955,False,0.0638507583552782,False
3216,0.23095195733009644,False,0.14029945263555982,False,0.19520197793004124,False,0.03548535364348804,False,0.03548535364348804,False
3217,0.08095051367576633,False,0.05078444204614918,False,0.15749844874161278,False,0.13443449278337738,False,0.05078444204614918,False
3218,0.23362621651858329,False,0.06888040633557035,False,0.27598880083699245,False,0.11791179640332738,False,0.06888040633557035,False
3219,0.20087260748694785,False,0.09875198447582878,False,0.21674734340382906,False,0.11891684231419619,False,0.09875198447582878,False
3220,0.16233650127188143,False,0.05784021461922417,False,0.28396415643635675,False,0.06541954195922506,False,0.05784021461922417,False
3221,0.2526875141027723,False,0.11314900948912454,False,0.24403848522407479,False,0.12740540874706202,False,0.11314900948912454,False
3222,0.2559101291144281,False,0.11862802584378196,False,0.23924037900032175,False,0.1043308449627115,False,0.1043308449627115,False
3223,0.19149425520156682,False,0.05585829515583918,False,0.25024829654886344,False,0.12239181266551702,False,0.05585829515583918,False
3224,0.24781187188027737,False,0.09840845076207039,False,0.2554195090580863,False,0.05636146333230285,False,0.05636146333230285,False
3225,0.1846124250892215,False,0.05575979247238305,False,0.24177084108572222,False,0.10242758954914355,False,0.05575979247238305,False
3226,0.21501482625461116,False,0.11033965711595528,False,0.2675926260683531,False,0.027970852177333527,False,0.027970852177333527,False
3227,0.08352224683179421,False,-0.007120882886458402,True,0.25992643922761693,False,0.051508128013499466,False,-0.007120882886458402,True
3228,0.16138761108140331,False,0.007624748498787914,False,0.22755220872151072,False,0.003640094445285902,False,0.003640094445285902,False
3229,0.13678528138345136,False,0.07349607223984156,False,0.21035951177724893,False,0.066670814706982,False,0.066670814706982,False
3230,0.14759313943355007,False,0.061180926848138584,False,0.1960605645506549,False,0.09636390966050112,False,0.061180926848138584,False
3231,0.18910873194923916,False,0.14466076961076446,False,0.21811829919628672,False,0.06552399305773204,False,0.06552399305773204,False
3232,0.19236739351169363,False,0.04858039656632762,False,0.21143054578308446,False,0.10442449929563291,False,0.04858039656632762,False
3233,0.18541311410890138,False,0.09388664072280994,False,0.2419268382875085,False,0.03742131309376684,False,0.03742131309376684,False
3234,0.10542584026246382,False,0.032585509638470955,False,0.21580234359390893,False,0.09373474504044066,False,0.032585509638470955,False
3235,0.1144206005781474,False,0.07232945359262655,False,0.2516864203916078,False,0.06619024500142257,False,0.06619024500142257,False
3236,0.19727314714871175,False,0.06567593183103737,False,0.08760613977687337,False,0.12085975359950529,False,0.06567593183103737,False
3237,0.10128339603103342,False,0.11964057970149622,False,0.22886702887638716,False,0.0755155366733643,False,0.0755155366733643,False
3238,0.24694780115252096,False,0.07281435010635473,False,0.18313583906608472,False,0.0957758510312594,False,0.07281435010635473,False
3239,0.16334628619729818,False,0.013842854364279011,False,0.26762153793992366,False,0.08317773340697376,False,0.013842854364279011,False
3240,0.19977982052835574,False,0.11147172496661428,False,0.24384984307061264,False,0.07352655464432123,False,0.07352655464432123,False
3241,0.24114957850784657,False,0.16846963614088967,False,0.21724810529959376,False,0.0374578177792918,False,0.0374578177792918,False
3242,0.19147529756336495,False,0.1898675822962561,False,0.22655782431041166,False,0.0750449743904189,False,0.0750449743904189,False
3243,0.23146023839479252,False,0.05589260249545336,False,0.2285107014346895,False,0.04777748440200302,False,0.04777748440200302,False
3244,0.1725297204245263,False,0.1731892376634599,False,0.23840965360968092,False,0.05496498269536754,False,0.05496498269536754,False
3245,0.16136079674590326,False,0.10692569923853545,False,0.17063076014916007,False,0.13125531397903673,False,0.10692569923853545,False
3246,0.18694775899177252,False,0.13936386264582423,False,0.2802055308696502,False,0.10901808070863828,False,0.10901808070863828,False
3247,0.19338427870308444,False,0.1586847258883579,False,0.12498964888239095,False,0.08792068768751549,False,0.08792068768751549,False
3248,0.23143062425083682,False,0.17128555289672942,False,0.1602493419452794,False,0.04094728275885795,False,0.04094728275885795,False
3249,0.13622256597337257,False,0.1301268874367006,False,0.25782640112543576,False,0.09031124912501454,False,0.09031124912501454,False
3250,0.21397882408198948,False,0.16554827894536828,False,0.23600162835878874,False,0.08630047692006071,False,0.08630047692006071,False
3251,0.08385828824505515,False,0.11239529562495043,False,0.24312242625145353,False,0.07550971338353185,False,0.07550971338353185,False
3252,0.12182960534199805,False,0.13234103172998002,False,0.27015625507415286,False,0.09846268169678418,False,0.09846268169678418,False
3253,0.18287010937072756,False,0.13798117829097734,False,0.17066916349135852,False,-0.03654852812455389,True,-0.03654852812455389,True
3254,0.22371015330415578,False,0.13595379819152825,False,0.2366356212281816,False,0.03504059778134794,False,0.03504059778134794,False
3255,0.15760826712533416,False,0.06192818146780121,False,0.2899862323534318,False,0.08703761632729012,False,0.06192818146780121,False
3256,0.2606604080036924,False,0.04363861711673711,False,0.2603828814541309,False,0.07964686217283601,False,0.04363861711673711,False
3257,0.13874885874556397,False,0.0603572957561026,False,0.18103661101967267,False,-0.009287419854010714,True,-0.009287419854010714,True
3258,0.19773883421435667,False,0.10993486944070141,False,0.21259776302369932,False,0.061999082197099376,False,0.061999082197099376,False
3259,0.25087085492509603,False,0.1264978992714681,False,0.21016937336752933,False,0.06917972366065572,False,0.06917972366065572,False
3260,0.2489482061957619,False,0.10906258812523795,False,0.2018586651023478,False,0.04537239140461413,False,0.04537239140461413,False
3261,0.1703507371112643,False,0.17158537740632046,False,0.2538941716214676,False,0.04686365741766729,False,0.04686365741766729,False
3262,0.24366335378673293,False,0.17521879850737998,False,0.1579804477949484,False,-0.04825568224458532,True,-0.04825568224458532,True
3263,0.22841505958323316,False,0.15395949703095874,False,0.2551670580615955,False,0.016066788509229935,False,0.016066788509229935,False
3264,0.2376014920230407,False,0.18330523376029995,False,0.23029942933871905,False,0.0678102193537845,False,0.0678102193537845,False
3265,0.20087769570009234,False,0.09041308753013877,False,0.28660014268612205,False,0.02820784728156367,False,0.02820784728156367,False
3266,0.13670248290744413,False,0.07302565882025336,False,0.2832820940707185,False,0.06129321104443153,False,0.06129321104443153,False
3267,0.20016427522628344,False,0.031708575240411485,False,0.13791240229301216,False,0.005137567664247222,False,0.005137567664247222,False
3268,0.25505229344659036,False,0.041627649633013464,False,0.19926547516603044,False,0.07174644341909953,False,0.041627649633013464,False
3269,0.24888747524218863,False,0.16392588062251928,False,0.2058305963725796,False,0.07386961824266425,False,0.07386961824266425,False
3270,0.20145912812376143,False,0.12568296398270679,False,0.2563141758304172,False,0.014764989849062271,False,0.014764989849062271,False
3271,0.22860912753546447,False,0.18381419406370447,False,0.1183195968915165,False,0.052818571485276355,False,0.052818571485276355,False
3272,0.2600395177318485,False,0.17011447090742776,False,0.14136339555349042,False,0.06415721015868814,False,0.06415721015868814,False
3273,0.21535159861741532,False,0.13028675733163947,False,0.11993262013043271,False,0.0765640983494823,False,0.0765640983494823,False
3274,0.2185081814570452,False,0.1384584646481058,False,0.2487285884639835,False,0.08571061382207523,False,0.08571061382207523,False
3275,0.21369017626502468,False,0.0937185055343508,False,0.21165835925619225,False,0.04612634598905063,False,0.04612634598905063,False
3276,0.2222010680131824,False,0.1211465274641147,False,0.12910455202368842,False,0.05718081750766224,False,0.05718081750766224,False
3277,0.19809212366102208,False,0.147765239109017,False,0.1875907825090402,False,0.040592046195301656,False,0.040592046195301656,False
3278,0.11412050285550956,False,0.14846914550731627,False,0.18681709297426347,False,0.06622723005532438,False,0.06622723005532438,False
3279,0.14421740582784953,False,0.12556816640150442,False,0.2782846086712412,False,0.06028447214478749,False,0.06028447214478749,False
3280,0.23210007063141802,False,0.13446280879351014,False,0.1032723544834816,False,0.022529559969770463,False,0.022529559969770463,False
3281,0.22521203035749926,False,0.16770663741154873,False,0.16645749186148945,False,0.06911306170889098,False,0.06911306170889098,False
3282,0.2557152395697391,False,0.15646940806823745,False,0.18841344905572593,False,0.018447161174415805,False,0.018447161174415805,False
3283,0.20900032593843532,False,0.19601772279398527,False,0.2642737924886567,False,0.035353886126110456,False,0.035353886126110456,False
3284,0.25112543779393465,False,0.18870343935040007,False,0.2320400317894516,False,0.07525636540008673,False,0.07525636540008673,False
3285,0.23153304930812635,False,0.15043167455484074,False,0.11895792290880602,False,0.01248176048879368,False,0.01248176048879368,False
3286,0.13940655774000066,False,0.10489199925422832,False,0.17096560793781967,False,0.06421117732587744,False,0.06421117732587744,False
3287,0.23708697159809866,False,0.12173802894235253,False,0.1991858279724802,False,0.06082143596032885,False,0.06082143596032885,False
3288,0.23679384063884573,False,0.18356917887026636,False,0.2036151504453047,False,0.0854769834487582,False,0.0854769834487582,False
3289,0.19587429669993078,False,0.11471348150085359,False,0.20782848693801326,False,0.06072689753578364,False,0.06072689753578364,False
3290,0.1322760396431646,False,0.16286517718591076,False,0.22426277773784814,False,0.04037106079692965,False,0.04037106079692965,False
3291,0.2165798638028757,False,0.1666760062380278,False,0.19707564895296376,False,0.07421204101377121,False,0.07421204101377121,False
3292,0.23242487283537466,False,0.14677340193909194,False,0.1799875924348628,False,0.071933189078771,False,0.071933189078771,False
3293,0.23814702653700648,False,0.09743857378235743,False,0.1518505554538201,False,0.036838186384743454,False,0.036838186384743454,False
3294,0.2631020660089794,False,0.1879092235544747,False,0.23221081381204622,False,0.08316862002471581,False,0.08316862002471581,False
3295,0.196541853088619,False,0.16325924082166704,False,0.18292770118295765,False,0.0719992332873024,False,0.0719992332873024,False
3296,0.20116014707188845,False,0.1848311783770673,False,0.17110962448295375,False,0.07126323951885527,False,0.07126323951885527,False
3297,0.2001040507628013,False,0.16045619873725064,False,0.08935496704712309,False,0.06039465193909721,False,0.06039465193909721,False
3298,0.23712001907705066,False,0.17233767580991172,False,0.2144347437466143,False,0.0729844829101286,False,0.0729844829101286,False
3299,0.2319678248485303,False,0.10169059706423633,False,0.22042561413410688,False,0.008018702950456147,False,0.008018702950456147,False
3300,0.22274691763486726,False,0.16305163614942192,False,0.17901347318781036,False,0.04551555849917366,False,0.04551555849917366,False
3301,0.17422209059914429,False,0.1679774817496283,False,0.16394490756352154,False,0.07249928387071503,False,0.07249928387071503,False
3302,0.24024138034180448,False,0.09697903926189999,False,0.22383638656751909,False,0.06578532813333327,False,0.06578532813333327,False
3303,0.2147348840974621,False,0.13972645581170418,False,0.18033362641219586,False,0.05548125835817097,False,0.05548125835817097,False
3304,0.20716372145349132,False,0.1462200107595722,False,0.2044350066138147,False,0.04868713456848894,False,0.04868713456848894,False
3305,0.2609997604507994,False,0.0915615808439767,False,0.19054905062282512,False,0.07106090192463921,False,0.07106090192463921,False
3306,0.18687031208601523,False,0.09549094135107983,False,0.12708446513095706,False,0.04715415734105477,False,0.04715415734105477,False
3307,0.17165990845002954,False,0.16417397143941354,False,0.15891747595538092,False,0.09649174476893763,False,0.09649174476893763,False
3308,0.24241953537118527,False,0.03853684727897666,False,0.21278385254933896,False,0.06386437245612464,False,0.03853684727897666,False
3309,0.2012579927667817,False,0.12126145590423387,False,0.1921927741954796,False,0.08129566044199343,False,0.08129566044199343,False
3310,0.2252219986362759,False,0.17507632501778747,False,0.22323230188467463,False,0.0683132905234175,False,0.0683132905234175,False
3311,0.263224639047781,False,0.106882541439698,False,0.17468920652848485,False,0.0801767082037026,False,0.0801767082037026,False
3312,0.23552738098571913,False,0.16223440726223792,False,0.15219523396231982,False,0.0356752248792267,False,0.0356752248792267,False
3313,0.11373125604923129,False,0.13391851518313325,False,0.2084433429744691,False,0.0715376331274381,False,0.0715376331274381,False
3314,0.257574624818743,False,0.14898054415126383,False,0.20949606183474667,False,0.05040445642567082,False,0.05040445642567082,False
3315,0.20801818630803293,False,0.07877798174125461,False,0.17652323146438675,False,0.08761895055249713,False,0.07877798174125461,False
3316,0.24012397609851244,False,0.09262372310501055,False,0.1657362243459672,False,0.0797388368772477,False,0.0797388368772477,False
3317,0.25837453183894116,False,0.16944114513169745,False,0.1908233407079366,False,0.08073417899827429,False,0.08073417899827429,False
3318,0.24251859575247514,False,0.060652623666875294,False,0.23607413614252426,False,0.029929288060752124,False,0.029929288060752124,False
3319,0.24671613098864942,False,0.17229406449202,False,0.19149467967888983,False,0.0720714503848423,False,0.0720714503848423,False
3320,0.22453705231047805,False,0.07903541681538429,False,0.1799503600110819,False,0.013856553656969361,False,0.013856553656969361,False
3321,0.25489488955094247,False,0.15188693577413048,False,0.20229510997837347,False,0.06894582816404149,False,0.06894582816404149,False
3322,0.1313355609892759,False,0.10792325331219887,False,0.15234890245820498,False,0.07857919588264128,False,0.07857919588264128,False
3323,0.19566527301377912,False,0.17893189616608451,False,0.20157286403960434,False,0.0933896939941784,False,0.0933896939941784,False
3324,0.25436365139842926,False,0.15987943998900095,False,0.2633799605929179,False,0.046145601450549245,False,0.046145601450549245,False
3325,0.19887084396744853,False,0.16494228139260003,False,0.22355596440204462,False,0.05394699379239554,False,0.05394699379239554,False
3326,0.07795396649047914,False,0.18225697795139945,False,0.1687754295122601,False,0.059656249413735485,False,0.059656249413735485,False
3327,0.2452509057268516,False,0.09794232976263384,False,0.18711001035964936,False,0.06757964556176488,False,0.06757964556176488,False
3328,0.2021545592571647,False,0.11412392851589548,False,0.22589445616250403,False,0.050697565109674825,False,0.050697565109674825,False
3329,0.23126971696699955,False,0.1241738627151775,False,0.2160269266838351,False,-0.07876429628877579,True,-0.07876429628877579,True
3330,0.16735081965378779,False,0.12853482503876867,False,0.21677979816027032,False,0.062367132511204626,False,0.062367132511204626,False
3331,0.1797269997950353,False,0.17416070237339815,False,0.20554443563179053,False,0.02381560669540872,False,0.02381560669540872,False
3332,0.20842909990968406,False,0.12494099576158552,False,0.23072399811347427,False,0.042531421042541484,False,0.042531421042541484,False
3333,0.20725614967403844,False,0.12722797266948255,False,0.1442145440581798,False,0.030299147135586235,False,0.030299147135586235,False
3334,0.13252531326908723,False,0.07443448884637749,False,0.22430867744105698,False,0.03198594772638885,False,0.03198594772638885,False
3335,0.2247044625985279,False,0.17857451249853984,False,0.22896810503143222,False,0.03202059171121818,False,0.03202059171121818,False
3336,0.24518241021359044,False,0.12627154222325604,False,0.15715311535588944,False,0.0932813933850607,False,0.0932813933850607,False
3337,0.20027711287534067,False,0.18486550922859035,False,0.20279115383269364,False,0.07832718570267416,False,0.07832718570267416,False
3338,0.21503301106258121,False,0.14605501209115768,False,0.25645918256563405,False,0.07804514295801679,False,0.07804514295801679,False
3339,0.2199214441684596,False,0.11826750791845198,False,0.21721023265961686,False,0.08975968220713293,False,0.08975968220713293,False
3340,0.2492798218782757,False,0.13343320808849335,False,0.16803385230686402,False,0.08693205379456115,False,0.08693205379456115,False
3341,0.19444734033051836,False,0.161775834323524,False,0.25104029279980444,False,0.08728378987864382,False,0.08728378987864382,False
3342,0.23418029929090722,False,0.08404860071446962,False,0.24934206878660908,False,0.10225097427998964,False,0.08404860071446962,False
3343,0.14867504997671094,False,0.16241065512116015,False,0.23453770806438878,False,0.08039846009586582,False,0.08039846009586582,False
3344,0.23424171269506572,False,0.12273612376084686,False,0.23538892608109735,False,0.049737536185058495,False,0.049737536185058495,False
3345,0.19231812862555214,False,0.1848165619005812,False,0.24376690251984806,False,0.07285411545448817,False,0.07285411545448817,False
3346,0.18551531189024129,False,0.17458656007615958,False,0.15522719832867427,False,0.04888888171511696,False,0.04888888171511696,False
3347,0.15283338923569756,False,0.15975187224494064,False,0.2492046612865027,False,0.02931656635373614,False,0.02931656635373614,False
3348,0.21778019736736864,False,0.16595847876186115,False,0.21120011045696319,False,0.06922864877171264,False,0.06922864877171264,False
3349,0.24325327845477934,False,0.1385324404607663,False,0.21888799330042802,False,0.06028128438509728,False,0.06028128438509728,False
3350,0.2506239878229271,False,0.1143645254242005,False,0.25703262875380684,False,0.0502528258841487,False,0.0502528258841487,False
3351,0.24999505597812288,False,0.10765216229566654,False,0.20546446428189524,False,0.07919495289999423,False,0.07919495289999423,False
3352,0.21394415206227352,False,0.15288674921710582,False,0.18752922769505576,False,0.07512149858536843,False,0.07512149858536843,False
3353,0.20505177723681345,False,0.13281670513544475,False,0.2153382662927849,False,0.082865930477112,False,0.082865930477112,False
3354,0.24336171723652672,False,0.17969469856177833,False,0.15339842713377994,False,0.061778327584375625,False,0.061778327584375625,False
3355,0.1325049824087693,False,0.07422309385538273,False,0.2450475545507277,False,0.007269249208256889,False,0.007269249208256889,False
3356,0.20591934471437268,False,0.14307219508415736,False,0.24814102030712404,False,0.07668117643785288,False,0.07668117643785288,False
3357,0.23349509883878755,False,0.186631084055165,False,0.1464268535337313,False,0.0678692844520713,False,0.0678692844520713,False
3358,0.21589253113201706,False,0.11426417420136725,False,0.19990855752608477,False,0.0568619660388493,False,0.0568619660388493,False
3359,0.21152806538282948,False,0.13310094508686182,False,0.23457632901783743,False,0.09986884962309295,False,0.09986884962309295,False
3360,0.22056164239354675,False,0.13532505771652598,False,0.21192986007712045,False,0.01747283739440908,False,0.01747283739440908,False
3361,0.14515784112521557,False,0.18000201619691308,False,0.2407354985712058,False,0.06432933326966261,False,0.06432933326966261,False
3362,0.25341314270477855,False,0.08710449614620275,False,0.24527794379041346,False,0.08430620661283128,False,0.08430620661283128,False
3363,0.2381535601574271,False,0.17773481738651775,False,0.19894911313758357,False,0.03846148426610263,False,0.03846148426610263,False
3364,0.24101913581285622,False,0.14319579897566986,False,0.21651037168373177,False,0.0627104079914591,False,0.0627104079914591,False
3365,0.05942124024324824,False,0.169866897321651,False,0.1944330098144345,False,0.07967151223363378,False,0.05942124024324824,False
3366,0.22124574551838622,False,0.15307477480984172,False,0.25566169441535563,False,0.08901082018601669,False,0.08901082018601669,False
3367,0.2218580289669655,False,0.16185367739195772,False,0.2378312425950559,False,0.07909344119981021,False,0.07909344119981021,False
3368,0.23254878592627015,False,0.17810864613520555,False,0.09882163380757158,False,0.07918156854963176,False,0.07918156854963176,False
3369,0.24649229391708816,False,0.12705021576317516,False,0.12377964262715868,False,0.06864235352575865,False,0.06864235352575865,False
3370,0.23956636838857476,False,0.15562216196146517,False,0.17879525128805118,False,0.07782071312956307,False,0.07782071312956307,False
3371,0.24312101117899687,False,0.12121906575380514,False,0.20068108261189377,False,0.03799027259089016,False,0.03799027259089016,False
3372,0.2045646632167844,False,0.13625444681304621,False,0.18677966145409985,False,-0.0017499529676526793,True,-0.0017499529676526793,True
3373,0.1835870128511075,False,0.16477972638981114,False,0.14849009912715527,False,0.05931414471245133,False,0.05931414471245133,False
3374,0.20736923302634236,False,0.0876767723502998,False,0.2633948814611169,False,0.08132108162350915,False,0.08132108162350915,False
3375,0.2136210438918162,False,0.14496375278080692,False,0.1371599944528601,False,0.04476271677208643,False,0.04476271677208643,False
3376,0.20434148562040566,False,0.09412867930141122,False,0.2654593807503342,False,0.06067844352981222,False,0.06067844352981222,False
3377,0.23223347269029065,False,0.16592353249714997,False,0.2202590943877556,False,0.03789033696307986,False,0.03789033696307986,False
3378,0.1893122174222508,False,0.16820782438501425,False,0.07826814399672843,False,0.06786116541180731,False,0.06786116541180731,False
3379,0.1395708594852857,False,0.13057637220884033,False,0.2568416855217734,False,0.09651911878395247,False,0.09651911878395247,False
3380,0.13056005951786664,False,0.17019532868038828,False,0.24694336515277698,False,0.07069078508424365,False,0.07069078508424365,False
3381,0.14720787151221149,False,0.16822516074381177,False,0.24769017978666785,False,0.06739477891258994,False,0.06739477891258994,False
3382,0.1910481365674519,False,0.15564307387079396,False,0.1791475399706881,False,0.08428445839457743,False,0.08428445839457743,False
3383,0.21266694531890384,False,0.10672185176121574,False,0.27343572573164215,False,-0.03550746631576274,True,-0.03550746631576274,True
3384,0.1855667892877586,False,0.16950325185489223,False,0.23865571213375253,False,0.002773106931453273,False,0.002773106931453273,False
3385,0.00038822079641176455,False,0.16562616775051797,False,0.21004010230031178,False,0.06721486595696924,False,0.00038822079641176455,False
3386,0.24595193722205722,False,0.15889750476245051,False,0.2716721787677372,False,0.04436157822030573,False,0.04436157822030573,False
3387,0.10424865132251548,False,0.14409901714184964,False,0.26095973987418636,False,0.08343496228139902,False,0.08343496228139902,False
3388,0.24318993267603284,False,0.16008957442821792,False,0.2623314152852047,False,0.07827348216897123,False,0.07827348216897123,False
3389,0.2422757110469798,False,0.1707945802373153,False,0.24945468756252542,False,0.0838096788605539,False,0.0838096788605539,False
3390,0.21883729000109614,False,0.13839570692423697,False,0.20673763897729708,False,0.0787514930337454,False,0.0787514930337454,False
3391,0.2548195116331765,False,0.10920407112430475,False,0.22690994840696616,False,0.07931606947465841,False,0.07931606947465841,False
3392,0.1817185772978379,False,0.1299900826482977,False,0.2735998439362016,False,0.04375069640831564,False,0.04375069640831564,False
3393,0.24636441499625694,False,0.16582020275587728,False,0.2135139990822828,False,0.034616269504255004,False,0.034616269504255004,False
3394,0.2169291567756757,False,0.16220000524020783,False,0.24031804054695471,False,0.050072305859523936,False,0.050072305859523936,False
3395,0.2236801672686074,False,0.12096505385616663,False,0.2106013109155937,False,0.010446679492620015,False,0.010446679492620015,False
3396,0.24829486944448836,False,0.09644676695285292,False,0.226725436682651,False,0.04405737304504931,False,0.04405737304504931,False
3397,0.20851035130955065,False,0.05602661955195598,False,0.19771074206701494,False,0.0736916776135138,False,0.05602661955195598,False
3398,0.20459189716747023,False,0.10522593956606752,False,0.23328238973486337,False,0.023968088904098295,False,0.023968088904098295,False
3399,0.2525686516991263,False,0.13471411853424414,False,0.21451805526100054,False,0.028405883246698238,False,0.028405883246698238,False
3400,0.18815448682072333,False,0.1376978639910404,False,0.23336386874640613,False,0.09510378000807995,False,0.09510378000807995,False
3401,0.2572149460221253,False,0.08335400456250652,False,0.17885901403382276,False,0.07309197424282265,False,0.07309197424282265,False
3402,0.2517234651668255,False,0.1630098149508155,False,0.22251374723632228,False,0.024641377336121817,False,0.024641377336121817,False
3403,0.1596064787040095,False,0.16820236945636025,False,0.23754064196183067,False,0.07794637952392747,False,0.07794637952392747,False
3404,0.237076800902511,False,0.11250191387923825,False,0.27755784539021927,False,-0.00779666707006843,True,-0.00779666707006843,True
3405,0.24657205281894506,False,0.11576311859968302,False,0.21821452737035346,False,0.04885454072841067,False,0.04885454072841067,False
3406,0.19452153716215193,False,0.18380190312019667,False,0.14857903363455738,False,0.086487818685684,False,0.086487818685684,False
3407,0.22613392984453973,False,0.16598265722052935,False,0.17860422715968222,False,0.08210279370143136,False,0.08210279370143136,False
3408,0.25898129662439406,False,0.14543233708620418,False,0.1747545574170981,False,0.023236470624980465,False,0.023236470624980465,False
3409,0.2490673846523927,False,0.14972910486650992,False,0.2283550686718281,False,0.09351669515071259,False,0.09351669515071259,False
3410,0.23861398188923771,False,0.07781718333803023,False,0.21134485527468733,False,0.03016387937225995,False,0.03016387937225995,False
3411,0.17097236870837262,False,0.12223268549516775,False,0.18894681772104216,False,0.05878239288218934,False,0.05878239288218934,False
3412,0.24130336637202449,False,0.09570882544174764,False,0.23294406364861803,False,0.0399359761373933,False,0.0399359761373933,False
3413,0.20002111182768434,False,0.14624013694985039,False,0.2485467567190655,False,0.0897232342493689,False,0.0897232342493689,False
3414,0.21314743807872533,False,0.13437170510125562,False,0.1362774683943122,False,0.050916083869348094,False,0.050916083869348094,False
3415,0.21176062823823105,False,0.10433155000559491,False,0.2539345025673583,False,0.061604214412259495,False,0.061604214412259495,False
3416,0.22373062581898884,False,0.09343739127805462,False,0.21187971980409348,False,0.031086018664334247,False,0.031086018664334247,False
3417,0.25182585260635076,False,0.13955314470611724,False,0.19498987749989433,False,0.033211177454238516,False,0.033211177454238516,False
3418,0.08898651250923861,False,0.1250964693974232,False,0.2623881342667142,False,0.04432338907569966,False,0.04432338907569966,False
3419,0.2240951465817172,False,0.15206521634218534,False,0.19779495425910454,False,0.08018320174319415,False,0.08018320174319415,False
3420,0.2352593498526634,False,0.13829167985121998,False,0.21827550610564306,False,0.07675110073252511,False,0.07675110073252511,False
3421,0.1901145569786482,False,0.13867440933049974,False,0.2342864948617912,False,0.10194667688868275,False,0.10194667688868275,False
3422,0.13118495568582322,False,0.10137618832270379,False,0.10435736070027157,False,0.05067235103556045,False,0.05067235103556045,False
3423,0.16996157221341357,False,0.14890322924210142,False,0.27210355122891433,False,0.015613075866227288,False,0.015613075866227288,False
3424,0.2465764657300925,False,0.05106875325144067,False,0.23014812216584873,False,0.007112468324433019,False,0.007112468324433019,False
3425,0.24440206209911214,False,0.09416634397597523,False,0.24629060026128152,False,0.06895996784072433,False,0.06895996784072433,False
3426,0.18749411810897637,False,0.15380189692943236,False,0.1987747494436875,False,-0.0052870913740939995,True,-0.0052870913740939995,True
3427,0.24443760287118144,False,0.11029238745394354,False,0.22042510580236196,False,0.07965939021777757,False,0.07965939021777757,False
3428,0.2101181939966173,False,0.10154120917470733,False,0.26592298962058936,False,0.09420140623451656,False,0.09420140623451656,False
3429,0.176767556400154,False,0.08143894966871357,False,0.21719653679176026,False,0.10968165925702211,False,0.08143894966871357,False
3430,0.22721737011664572,False,0.16299056997619,False,0.19010898654275343,False,0.06292175296586822,False,0.06292175296586822,False
3431,0.23261506440190732,False,0.13266682174817573,False,0.22833173824706876,False,0.010426238470028437,False,0.010426238470028437,False
3432,0.155713396255917,False,0.11644041621331314,False,0.2680154186263279,False,0.06618191193972145,False,0.06618191193972145,False
3433,0.24571325273386663,False,-0.005306862667424417,True,0.2172083010255767,False,0.06689876472324674,False,-0.005306862667424417,True
3434,0.24817405486580346,False,0.15812771550441912,False,0.24876562601979568,False,0.0984615222881513,False,0.0984615222881513,False
3435,0.26626423726953685,False,0.14246794547442848,False,0.208891050189565,False,0.06582668368370814,False,0.06582668368370814,False
3436,0.22355710667483164,False,0.04529862874392221,False,0.2452881121333706,False,0.034571119936968264,False,0.034571119936968264,False
3437,0.24151379805136391,False,0.10632991430209104,False,0.23197191214049045,False,0.05405102802346107,False,0.05405102802346107,False
3438,0.22483633443590645,False,0.15184826376199417,False,0.23963386686846244,False,0.07647610778251646,False,0.07647610778251646,False
3439,0.22657844170284386,False,0.037632992015037114,False,0.13918506799129582,False,0.05143446676468344,False,0.037632992015037114,False
3440,0.2006006679918686,False,0.09808436587986691,False,0.22734601387142717,False,0.005803494053154723,False,0.005803494053154723,False
3441,0.2205890533114131,False,0.18968916489877174,False,0.1686639865251845,False,0.0661329898636479,False,0.0661329898636479,False
3442,0.2031676457457235,False,0.14564708462641923,False,0.24210937798884502,False,0.07125403365224436,False,0.07125403365224436,False
3443,0.2250517298480959,False,0.15489495948309967,False,0.18616902000980712,False,0.055498496799423536,False,0.055498496799423536,False
3444,0.1928149982444224,False,0.08489890813806922,False,0.20682892233302347,False,0.05252343414947136,False,0.05252343414947136,False
3445,0.260839747440169,False,0.010892630727407537,False,0.19246380384006767,False,0.06872727542906676,False,0.010892630727407537,False
3446,0.11003082456857649,False,0.08988648237764085,False,0.19466032026154173,False,0.07438640693326082,False,0.07438640693326082,False
3447,0.19250608654595658,False,0.14242074436007973,False,0.17361694669406802,False,0.037020377955092276,False,0.037020377955092276,False
3448,0.1425626645402297,False,0.08779459572231196,False,0.16069431123899758,False,0.043772224354799105,False,0.043772224354799105,False
3449,0.20337316358191104,False,0.08502590005009658,False,0.2081058805620571,False,0.06238329451274993,False,0.06238329451274993,False
3450,0.2483208601485003,False,0.03712665633596779,False,0.24745855128312372,False,0.06394303660629974,False,0.03712665633596779,False
3451,0.24135330710831354,False,0.05990475136552431,False,0.20641148060682385,False,-0.004196890924913488,True,-0.004196890924913488,True
3452,0.17886040963788996,False,0.12785245337225398,False,0.2016806079727556,False,0.020288520586047798,False,0.020288520586047798,False
3453,0.173954783961684,False,0.10959014640717013,False,0.1911191513017219,False,0.0692097877074882,False,0.0692097877074882,False
3454,0.24749280033456245,False,0.09426854445004806,False,0.14252902991636696,False,0.045036636628030036,False,0.045036636628030036,False
3455,0.21038347034066224,False,0.08263774255930856,False,0.24507352211533068,False,0.07632729413296035,False,0.07632729413296035,False
3456,0.16315667196726347,False,0.08948123324976753,False,0.14321627281540894,False,0.0013132472625173586,False,0.0013132472625173586,False
3457,0.055442908786322076,False,0.15282803358877706,False,0.2458902870975615,False,0.05779186268078229,False,0.055442908786322076,False
3458,0.22718401167903474,False,0.09569438744502079,False,0.18146709070760414,False,0.04647748519237016,False,0.04647748519237016,False
3459,0.25409547873389543,False,0.10220958010377978,False,0.2064562474192616,False,0.08001787601137045,False,0.08001787601137045,False
3460,0.2232822785986303,False,0.09773903084513469,False,0.2435236203740873,False,0.0706536380910262,False,0.0706536380910262,False
3461,0.22467265879864423,False,0.08232479092054534,False,0.1334523716821281,False,0.05538954886988268,False,0.05538954886988268,False
3462,0.2610030173944822,False,0.12205718047448355,False,0.20279876696710292,False,0.0715725876189457,False,0.0715725876189457,False
3463,0.23620992210814346,False,0.17276237156784513,False,0.24458560065541268,False,0.056318234599503136,False,0.056318234599503136,False
3464,0.22767967557235907,False,0.1406123748272537,False,0.2361249484068798,False,0.025391577870075843,False,0.025391577870075843,False
3465,0.2595841850426453,False,0.08291954569345894,False,0.2778750472720737,False,0.032145035715358206,False,0.032145035715358206,False
3466,0.2205738169149558,False,0.17095043775096969,False,0.20575603519155744,False,0.04970591686698367,False,0.04970591686698367,False
3467,0.14122501346043514,False,0.13651128627258413,False,0.2573107557341672,False,0.050968047731535626,False,0.050968047731535626,False
3468,0.2190823761270645,False,0.1541798128885692,False,0.14426044793990245,False,0.04154311643467312,False,0.04154311643467312,False
3469,0.04980322537515669,False,0.15806394025485654,False,0.09302736954638802,False,0.07864127241625096,False,0.04980322537515669,False
3470,0.1953685323382121,False,0.13334626812531797,False,0.2672414740199438,False,0.058899588455665786,False,0.058899588455665786,False
3471,0.11494370245831453,False,0.13017378878826563,False,0.2530636110447563,False,0.0820271318793725,False,0.0820271318793725,False
3472,0.2555104240493918,False,0.053832884244638834,False,0.24037426124146694,False,0.06949144074555658,False,0.053832884244638834,False
3473,0.24032977657737514,False,0.015853097691483464,False,0.19467848909216434,False,0.04299753828918218,False,0.015853097691483464,False
3474,0.18924849247793207,False,0.13103272453766995,False,0.17816436503606897,False,0.07869559231593715,False,0.07869559231593715,False
3475,0.08256669320383081,False,0.09745877966305094,False,0.2383455358425393,False,0.04592385808066379,False,0.04592385808066379,False
3476,0.2285554912150281,False,0.03663910508735546,False,0.17826692185560344,False,0.04014362846352537,False,0.03663910508735546,False
3477,0.2313962249288532,False,0.1760964234862935,False,0.13454883470984613,False,0.046329812247351554,False,0.046329812247351554,False
3478,0.2274761243103589,False,0.07828433663595535,False,0.21943209251798979,False,0.03394866433315946,False,0.03394866433315946,False
3479,0.2463180944538691,False,0.06022466525465797,False,0.25462045325936344,False,0.0923280199505988,False,0.06022466525465797,False
3480,0.24945459184772573,False,0.13309178714787417,False,0.1702935053859848,False,0.04771534223937712,False,0.04771534223937712,False
3481,0.1919243883728196,False,0.11927683593467453,False,0.22215491137249893,False,-0.031602842693363886,True,-0.031602842693363886,True
3482,0.19345743951455974,False,0.07048331039193001,False,0.26668227190141414,False,0.05439877035023166,False,0.05439877035023166,False
3483,0.24527612950252053,False,0.03443912512250846,False,0.13651244489523595,False,0.014096351865057422,False,0.014096351865057422,False
3484,0.24887791588327246,False,0.14535491915185134,False,0.0985275660353272,False,0.0724994866586951,False,0.0724994866586951,False
3485,0.181704389175407,False,0.13587950825139222,False,0.22606090129248285,False,0.0455550862743469,False,0.0455550862743469,False
3486,0.1912549161901454,False,0.1806945836467846,False,0.13543871687720999,False,0.06037468148558389,False,0.06037468148558389,False
3487,0.23160298907375132,False,0.17678555477469038,False,0.06993721701213829,False,0.06268495271526675,False,0.06268495271526675,False
3488,0.19719588208606093,False,0.1391593745276664,False,0.1966424615239768,False,0.07216791090837182,False,0.07216791090837182,False
3489,0.21259661275980973,False,0.19220714727354843,False,0.1699866442392638,False,0.0881834571960165,False,0.0881834571960165,False
3490,0.24187945514262188,False,0.14369451208521888,False,0.14890663519268565,False,0.07635189428386724,False,0.07635189428386724,False
3491,0.1672391958259577,False,0.15504973416397544,False,0.1719678097556508,False,0.05848603178723799,False,0.05848603178723799,False
3492,0.23176192768948178,False,0.13850547388328455,False,0.1723659009244703,False,0.040317708188227,False,0.040317708188227,False
3493,0.20454777923328465,False,0.14971596051741504,False,0.1805696110043965,False,0.06239688150321876,False,0.06239688150321876,False
3494,0.229462599792278,False,0.1691941843912002,False,0.20459559915275488,False,0.06730510996124472,False,0.06730510996124472,False
3495,0.10788483342683453,False,0.13611627467008924,False,0.20452336340134875,False,0.05613419728272495,False,0.05613419728272495,False
3496,0.14603541781993867,False,0.16102387381825295,False,0.20003800609016648,False,0.06339522759992045,False,0.06339522759992045,False
3497,-0.008026085121580984,True,0.11978659614583032,False,0.24444697045166652,False,0.04372959009183164,False,-0.008026085121580984,True
3498,0.1860480537203114,False,0.18310782963295819,False,0.2128819242719231,False,0.06943906276835121,False,0.06943906276835121,False
3499,0.11914927985031531,False,0.14904877616955015,False,0.24718001640873855,False,0.07853060410456136,False,0.07853060410456136,False
3500,0.2612710231907298,False,0.17663044563678487,False,0.16820587743084975,False,0.03609989948942738,False,0.03609989948942738,False
3501,0.1781510412782461,False,0.14834309418211328,False,0.2226519637831299,False,0.05941341291942437,False,0.05941341291942437,False
3502,0.25739796418004884,False,0.17911296532278892,False,0.23704751639581223,False,0.03031989008536473,False,0.03031989008536473,False
3503,0.030608302315673686,False,0.17749135649269754,False,-0.04818451306116944,True,0.06457465774247462,False,-0.04818451306116944,True
3504,0.19060598829217984,False,0.13195088211214467,False,0.22883117594986474,False,0.06952636416259939,False,0.06952636416259939,False
3505,0.06810935694695808,False,0.15010995664749832,False,0.1669093175918661,False,0.04753277395164712,False,0.04753277395164712,False
3506,0.23981919726837236,False,0.17868671867186153,False,0.19647773868416868,False,0.03271015042709835,False,0.03271015042709835,False
3507,0.2276393182302603,False,0.1491617124971828,False,0.2319050994564173,False,0.08467049064768906,False,0.08467049064768906,False
3508,0.1969320044914546,False,0.06165476830415373,False,0.15899571459590528,False,0.08907111822802949,False,0.06165476830415373,False
3509,0.1160176113763246,False,0.13900166235135986,False,0.16244012993325363,False,0.06670947219479795,False,0.06670947219479795,False
3510,0.19219307285109416,False,0.18316015424690035,False,0.206836514110105,False,0.0168514453741756,False,0.0168514453741756,False
3511,0.2135642359981847,False,0.15780594760368205,False,0.20196269308347076,False,0.07759181234669932,False,0.07759181234669932,False
3512,0.2323954780901512,False,0.13667036133028748,False,0.20749557301804833,False,0.04894491778534571,False,0.04894491778534571,False
3513,0.19545924978380602,False,0.19055687854968778,False,0.19122820800668883,False,0.07346004162052999,False,0.07346004162052999,False
3514,0.24795661198992597,False,0.09766667312118227,False,0.26443455424383533,False,0.09000049127635323,False,0.09000049127635323,False
3515,0.15573168179722924,False,0.16032053308029143,False,0.2293870852204033,False,0.03900810735282301,False,0.03900810735282301,False
3516,0.24422413445871854,False,0.17889948617328993,False,0.1538210124006314,False,0.021110666673296752,False,0.021110666673296752,False
3517,0.2234510632776448,False,0.14204289316647462,False,0.21010527706150767,False,0.010252734307045541,False,0.010252734307045541,False
3518,0.12040151855629411,False,0.10048624918798787,False,0.10953094570407673,False,0.05313536978319777,False,0.05313536978319777,False
3519,0.25137674889479017,False,0.06323199592019835,False,0.1831159931848917,False,0.03848407611769167,False,0.03848407611769167,False
3520,0.24696631503962574,False,0.13190465112807165,False,0.17872161646336754,False,0.07289380656205047,False,0.07289380656205047,False
3521,-0.03158565943649183,True,0.13030323870003258,False,0.22216767937390486,False,0.07780795589429301,False,-0.03158565943649183,True
3522,0.20103668578948164,False,0.11686709016640762,False,0.21868269037957982,False,0.09949007663992282,False,0.09949007663992282,False
3523,0.2503800903371292,False,0.13249759307083653,False,0.10270675940258234,False,0.009968552943771858,False,0.009968552943771858,False
3524,0.034758066329162896,False,0.1616913213713697,False,0.07717266306950243,False,-0.014247744333712786,True,-0.014247744333712786,True
3525,0.22089289915852822,False,0.04068526139869222,False,0.24150741163637762,False,0.0638263138799321,False,0.04068526139869222,False
3526,0.24297936173932244,False,0.1627577822668978,False,0.13561949668513407,False,0.027137364835576494,False,0.027137364835576494,False
3527,0.20428315088893567,False,0.17019341134471516,False,0.2727736060848157,False,0.026676431190342575,False,0.026676431190342575,False
3528,0.1958850541952094,False,0.1504306902846017,False,0.23603156363237354,False,0.06466178114772025,False,0.06466178114772025,False
3529,0.19339049561009236,False,0.14651092397781973,False,0.15857029875665452,False,0.08389240289935407,False,0.08389240289935407,False
3530,0.19323071170481754,False,0.1478488415126858,False,0.17104327126720514,False,0.047551313345784885,False,0.047551313345784885,False
3531,0.20919911325379148,False,0.14649981190284195,False,0.20530668587308554,False,0.04065905142932258,False,0.04065905142932258,False
3532,0.2484967837059514,False,0.18049265599304826,False,0.24893847938189612,False,0.09370719694768359,False,0.09370719694768359,False
3533,0.2573823945829387,False,0.10701167082363905,False,0.22376688386841298,False,0.020009206639505672,False,0.020009206639505672,False
3534,0.1978561011304305,False,0.07538245283686451,False,0.15521808886004473,False,0.04743872935454074,False,0.04743872935454074,False
3535,0.21119624982001406,False,0.1821765063960687,False,0.2185483407673246,False,0.05243477840375377,False,0.05243477840375377,False
3536,0.10373635275309079,False,0.16860909266255109,False,0.21459022182893595,False,0.055711019436500475,False,0.055711019436500475,False
3537,0.22038463533344077,False,0.14964247216780596,False,0.12842096500953482,False,0.08608856766980733,False,0.08608856766980733,False
3538,0.21107378991647546,False,0.19335388508201246,False,0.2581316203619211,False,0.06843817502364269,False,0.06843817502364269,False
3539,0.2587035771058207,False,0.14280686774096096,False,0.22519487066398525,False,0.02845176945776695,False,0.02845176945776695,False
3540,0.24047682405591914,False,0.0719561684543707,False,0.17275846236231418,False,0.08228377129459008,False,0.0719561684543707,False
3541,0.2095939828514901,False,0.11328256933171055,False,0.19496942437712456,False,0.04697070284484128,False,0.04697070284484128,False
3542,0.21481885611003393,False,0.10530470753902499,False,0.2631067804232083,False,0.015931703500352667,False,0.015931703500352667,False
3543,0.14104606779558992,False,0.15717278833793652,False,0.24672590019274382,False,0.05319662971252603,False,0.05319662971252603,False
3544,0.2573655416766694,False,0.10137938662288193,False,0.1820668545103834,False,0.02596098083431797,False,0.02596098083431797,False
3545,0.23196655879055944,False,0.1489465394818782,False,0.20655059658418262,False,0.022469327454021637,False,0.022469327454021637,False
3546,0.2128935673860332,False,0.11292664410684017,False,0.21330216216975034,False,0.031139431413487073,False,0.031139431413487073,False
3547,0.24610623941477405,False,0.0742526991454735,False,0.2219684720527101,False,0.07209732018987491,False,0.07209732018987491,False
3548,0.25736163945431284,False,0.15204697161981878,False,0.22460390464052776,False,0.08525098838230338,False,0.08525098838230338,False
3549,0.20239398403739123,False,0.136993629260176,False,0.20418026659898802,False,0.06767337265731166,False,0.06767337265731166,False
3550,0.22706360672139064,False,0.16645511881215153,False,0.1140081695079741,False,0.04089452223452261,False,0.04089452223452261,False
3551,0.2072584140887322,False,0.1571455212393822,False,0.1921900189837989,False,0.060526120219996815,False,0.060526120219996815,False
3552,0.24609847593234557,False,0.1339021645152848,False,0.22679623864324056,False,0.05992680595789002,False,0.05992680595789002,False
3553,0.20645681865366833,False,0.08069294593452514,False,0.24713107456389105,False,0.07366852270709745,False,0.07366852270709745,False
3554,0.21201692421142726,False,0.08990244996895602,False,0.20483261030461097,False,0.015301567736387134,False,0.015301567736387134,False
3555,0.12854762531903063,False,0.15285528218783967,False,0.12838320570858675,False,0.057229277780337595,False,0.057229277780337595,False
3556,0.0788216683933084,False,0.15392947077906916,False,0.15357361471785114,False,0.021041406622279824,False,0.021041406622279824,False
3557,0.21027975528418058,False,0.14665789513390276,False,0.20604618093675842,False,0.060577932141219204,False,0.060577932141219204,False
3558,0.2447137914918423,False,0.11060011046558449,False,0.23598738062432,False,0.020851070122971382,False,0.020851070122971382,False
3559,0.22490973051371754,False,0.15188274306887145,False,0.2665812926955293,False,0.09292829258413493,False,0.09292829258413493,False
3560,0.22867281033843795,False,0.1669258218786423,False,0.22562162527647778,False,0.040343888377896264,False,0.040343888377896264,False
3561,0.19355580169294934,False,0.148551910078758,False,0.1833994353258367,False,0.08279060234109381,False,0.08279060234109381,False
3562,0.2139849748602236,False,0.15478962783030142,False,0.2475412559655497,False,0.07382267809450682,False,0.07382267809450682,False
3563,0.2588377828361224,False,0.15170230449104471,False,0.25168928448776134,False,0.04479461691475395,False,0.04479461691475395,False
3564,0.19665967122561562,False,0.14729729841485012,False,0.2702140903895584,False,0.05927982382174746,False,0.05927982382174746,False
3565,0.14504459416237647,False,0.16788736420580286,False,0.20755056195068966,False,0.06131062629726536,False,0.06131062629726536,False
3566,0.2262798932196068,False,0.16778863991837567,False,0.25071059819937186,False,0.09205661940481624,False,0.09205661940481624,False
3567,0.25734786793941933,False,0.13404377730538758,False,0.19038589644587983,False,0.04333539292443067,False,0.04333539292443067,False
3568,0.19441736564440587,False,0.05903700720409355,False,0.19539872784658452,False,0.027540808687185114,False,0.027540808687185114,False
3569,0.22615297470994677,False,0.15362169441661944,False,0.22982974635907938,False,0.03035019339210432,False,0.03035019339210432,False
3570,0.25369589714119295,False,0.16403005618289024,False,0.2286339050312618,False,0.06026027110300647,False,0.06026027110300647,False
3571,0.23435979205193358,False,0.16800230676230793,False,0.1923659714954462,False,0.07194845674497541,False,0.07194845674497541,False
3572,0.23174337737896444,False,0.1389812540830505,False,0.16670831050973567,False,0.019050354024801375,False,0.019050354024801375,False
3573,0.18347216408968114,False,0.16977488290296805,False,0.2508795535551933,False,0.03075186141525088,False,0.03075186141525088,False
3574,0.12366965620832204,False,0.1809454915273317,False,0.21537586681055165,False,0.04928635920817337,False,0.04928635920817337,False
3575,0.199301005908455,False,0.09244806961309371,False,0.22364472423528886,False,0.08310847942324195,False,0.08310847942324195,False
3576,0.19597952568755334,False,0.13996348663114921,False,0.2537830218578535,False,-0.04217442587581577,True,-0.04217442587581577,True
3577,0.24347683860549074,False,0.17112152731747343,False,0.2293458893319626,False,0.061563635469115696,False,0.061563635469115696,False
3578,0.24045658929273456,False,0.1422729235624161,False,0.21573370184835855,False,0.052781189629310554,False,0.052781189629310554,False
3579,0.24919331368261244,False,0.13449368005422807,False,0.17481691194298887,False,0.006360097101400397,False,0.006360097101400397,False
3580,0.23047833899262588,False,0.12592539961393395,False,0.25669577636139346,False,0.08206293300528633,False,0.08206293300528633,False
3581,0.20878966989257336,False,0.11310364839804354,False,0.24259767272039273,False,0.11437709960883236,False,0.11310364839804354,False
3582,0.20126729237983104,False,0.15287167569515142,False,0.20838580691805791,False,0.02175969077826878,False,0.02175969077826878,False
3583,0.24771210453263443,False,0.07788807170913858,False,0.19639099233036345,False,0.016111376047666215,False,0.016111376047666215,False
3584,0.14465555502625216,False,0.13137880564799898,False,0.22032898096037667,False,0.062179706409633106,False,0.062179706409633106,False
3585,0.23073193948352233,False,0.12394574022432242,False,0.16002380113198073,False,0.07695318046704258,False,0.07695318046704258,False
3586,0.2166558199914394,False,0.1709307793884301,False,0.2424168039153175,False,0.06721435851587165,False,0.06721435851587165,False
3587,0.22496964155742605,False,0.12127205284010822,False,0.2453383422268564,False,0.05090098857325165,False,0.05090098857325165,False
3588,0.2319365456580415,False,0.05200739531889276,False,0.2472237639557166,False,0.09945594234838939,False,0.05200739531889276,False
3589,0.24303050150866906,False,0.13055133286606124,False,0.2397083028603993,False,0.07122920223385532,False,0.07122920223385532,False
3590,0.2539832060079156,False,0.1251424286492817,False,0.2558692489579758,False,0.06363536501666156,False,0.06363536501666156,False
3591,0.11185718816745893,False,0.09464050615613084,False,0.20545326609756392,False,0.06862018908505296,False,0.06862018908505296,False
3592,0.21579530682162784,False,0.16367406597547374,False,0.23399963203129348,False,0.02916126760975002,False,0.02916126760975002,False
3593,0.24597118915055544,False,0.09622090640331138,False,0.24251221403195417,False,0.030118249941219144,False,0.030118249941219144,False
3594,0.2502422409042395,False,0.10667737779242914,False,0.22828661064194616,False,0.012944702958256116,False,0.012944702958256116,False
3595,0.2202587125875678,False,0.07321051354886932,False,0.21356439531338484,False,0.08180283416163947,False,0.07321051354886932,False
3596,0.2344789056857448,False,0.15682536216195286,False,0.05283286238462559,False,0.09113618753137509,False,0.05283286238462559,False
3597,0.21545839899258862,False,0.027671338880494445,False,0.2058486799889807,False,0.08454765502787898,False,0.027671338880494445,False
3598,0.2510352448223862,False,0.10338337572826428,False,0.22046458772773986,False,0.011873891840833761,False,0.011873891840833761,False
3599,0.18861965993805646,False,0.10212291308499188,False,0.2354033669049952,False,0.03507698637854739,False,0.03507698637854739,False
3600,0.22003306950620072,False,0.16904490682214302,False,0.20137522472709168,False,0.09314129802177529,False,0.09314129802177529,False
3601,0.2358194808476462,False,0.08507654019988975,False,0.16383789566814844,False,-0.006572638117821494,True,-0.006572638117821494,True
3602,0.20133423686174517,False,0.15650316913441714,False,0.21471460620550642,False,0.0571208231919661,False,0.0571208231919661,False
3603,0.15828100496702657,False,0.08567011347442743,False,0.2388572397958626,False,0.011510532756456304,False,0.011510532756456304,False
3604,0.2468814505387532,False,0.11105579327437809,False,0.23048687553347463,False,0.03040737766426571,False,0.03040737766426571,False
3605,0.13138934419929427,False,0.05958764198432698,False,0.2328483770694264,False,0.03851369250621017,False,0.03851369250621017,False
3606,0.17061391194011666,False,0.09873191941782145,False,0.2847626622879745,False,0.08390797251447124,False,0.08390797251447124,False
3607,0.22370785652778574,False,0.12347790019177873,False,0.20632120930772346,False,-0.0416018608267088,True,-0.0416018608267088,True
3608,0.21069832288677182,False,0.08544434183802829,False,0.2394305126468515,False,0.09796027846198319,False,0.08544434183802829,False
3609,0.15431960979042386,False,0.06859499124286939,False,0.234233117120126,False,0.058357956708174785,False,0.058357956708174785,False
3610,0.24101056831300394,False,0.11087645118018608,False,0.2552227405917182,False,0.03159854659727812,False,0.03159854659727812,False
3611,0.16045570467515236,False,0.1788250120742494,False,0.28834208837226055,False,0.07195731254427573,False,0.07195731254427573,False
3612,0.20196857173937954,False,0.1560237593830467,False,0.2440318597679998,False,0.07982462629144393,False,0.07982462629144393,False
3613,0.23804817464126904,False,0.07020903326490369,False,0.2168062588770968,False,0.08989693831636636,False,0.07020903326490369,False
3614,0.23943925597749283,False,0.1518691881763864,False,0.1832424346445995,False,0.04455099728825984,False,0.04455099728825984,False
3615,0.11346731803685906,False,0.09730687182356701,False,0.24628407849060435,False,0.04226449776231034,False,0.04226449776231034,False
3616,0.1447785276679826,False,0.09803851242143369,False,0.2257884793075825,False,0.06316801752572088,False,0.06316801752572088,False
3617,0.23315252206069376,False,0.11762663647386717,False,0.23691692338349085,False,0.05623292888559883,False,0.05623292888559883,False
3618,0.17842253874137903,False,0.16609743784561704,False,0.2585823762278867,False,0.06310927224668805,False,0.06310927224668805,False
3619,0.2588548202427648,False,0.12409614205558012,False,0.219823282914406,False,0.04878679458677526,False,0.04878679458677526,False
3620,0.24518888069902023,False,0.07982387449217243,False,0.09728299680438346,False,0.06132427036342036,False,0.06132427036342036,False
3621,0.23487002032426796,False,0.14429641338359528,False,0.22489522627316133,False,0.07574747863287334,False,0.07574747863287334,False
3622,0.2342899106583392,False,0.1217679335821279,False,0.1932177828418281,False,0.07293561210170973,False,0.07293561210170973,False
3623,0.23216096068607778,False,0.16068118878450344,False,0.2168079102867732,False,0.06396676831935055,False,0.06396676831935055,False
3624,0.25448749963661604,False,0.13974900066001478,False,0.1847508356189168,False,0.05481194398398004,False,0.05481194398398004,False
3625,0.23214574901997231,False,0.10646238664915808,False,0.23488420812871846,False,0.049281929916758505,False,0.049281929916758505,False
3626,0.23852470788071856,False,0.1505577864911118,False,0.23262970549523349,False,0.0814750091727875,False,0.0814750091727875,False
3627,0.19270713640617926,False,0.14984265841236716,False,0.25124018938138193,False,0.08055093548030212,False,0.08055093548030212,False
3628,0.2349055865125539,False,0.08551818119709365,False,0.1948848904062609,False,0.09536692196946439,False,0.08551818119709365,False
3629,0.08663840865382066,False,0.09366972737484769,False,0.2557182647868746,False,0.11317677225181844,False,0.08663840865382066,False
3630,0.24924408810554005,False,0.07670553510934486,False,0.16868832840843534,False,0.1381538181516831,False,0.07670553510934486,False
3631,0.11189052352773854,False,0.024357026022577277,False,0.23955868563122412,False,0.05170119337720114,False,0.024357026022577277,False
3632,0.21556050904328566,False,0.1515086775843154,False,0.23719773365361974,False,0.051123808181711805,False,0.051123808181711805,False
3633,0.20287795018859894,False,0.1494890697340835,False,0.23717785809999398,False,0.06113702133851795,False,0.06113702133851795,False
3634,0.20982086779035003,False,0.09393345764615324,False,0.18052380313448296,False,0.0701021602358195,False,0.0701021602358195,False
3635,0.19546045013377533,False,0.10536815109232456,False,0.17329076272889887,False,0.03875588851373124,False,0.03875588851373124,False
3636,0.21304457610359184,False,0.0813693628187796,False,0.23713908527193056,False,0.06553022817096898,False,0.06553022817096898,False
3637,0.23123629762580716,False,0.056888828321631224,False,0.22598292296688505,False,0.07928915816927318,False,0.056888828321631224,False
3638,0.24839171998129533,False,0.1347584740001606,False,0.21324269794464845,False,0.07438525127796825,False,0.07438525127796825,False
3639,0.1963149230249544,False,0.11107307021575696,False,0.2418581749720634,False,0.0780894882901727,False,0.0780894882901727,False
3640,0.23074297008284933,False,0.08278452214322818,False,0.2534625466459403,False,0.05580438436189861,False,0.05580438436189861,False
3641,0.20352743053750338,False,0.09324402175598268,False,0.21897562455055264,False,0.020658767336260486,False,0.020658767336260486,False
3642,0.14219080626219405,False,0.07820823781928588,False,0.2727264572509969,False,0.10336581037285453,False,0.07820823781928588,False
3643,0.15034014029593273,False,0.08103962676325138,False,0.2701744934131609,False,0.07916331065506721,False,0.07916331065506721,False
3644,0.15715772399649508,False,0.12803654919359775,False,0.21406441949091748,False,0.05970862886010164,False,0.05970862886010164,False
3645,0.1476090011273572,False,0.026986042680495426,False,0.20279004290540154,False,0.025769023201888452,False,0.025769023201888452,False
3646,0.2042786390645276,False,0.1300383466863777,False,0.19309950425196215,False,0.10984174304778249,False,0.10984174304778249,False
3647,0.16545219420465884,False,0.031436983549163244,False,0.22906599372419434,False,0.03231414095909413,False,0.031436983549163244,False
3648,0.16128235252642253,False,0.051057598657469505,False,0.2652694891465137,False,0.054255577068025085,False,0.051057598657469505,False
3649,0.20116140604824084,False,0.17718744016929194,False,0.20533485127598494,False,0.07149327217470414,False,0.07149327217470414,False
3650,0.17376194881482354,False,0.054605825142118536,False,0.23754049164785584,False,0.12052471071577153,False,0.054605825142118536,False
3651,0.1703469574314348,False,0.10057892899781518,False,0.1592078696831261,False,0.03293018009874005,False,0.03293018009874005,False
3652,0.11206418607114244,False,0.02114237329932811,False,0.23604904434820878,False,0.02164981298083879,False,0.02114237329932811,False
3653,0.18342383562554648,False,0.0578497114239076,False,0.28473739642411294,False,0.12996948816741571,False,0.0578497114239076,False
3654,0.2156845996476658,False,0.0980393579490425,False,0.2360379794339687,False,0.13128124487529547,False,0.0980393579490425,False
3655,0.15638736718365176,False,0.10918254662810989,False,0.16904381599137375,False,0.09681814792972476,False,0.09681814792972476,False
3656,0.22051981254457315,False,0.04083114779343455,False,0.2415474700851808,False,0.10851963243285456,False,0.04083114779343455,False
3657,0.15846576091585912,False,0.09483764876261092,False,0.22137330866925964,False,0.061837522989892535,False,0.061837522989892535,False
3658,0.21296344097336378,False,0.13504474012471174,False,0.22805699871751123,False,0.10081573082236439,False,0.10081573082236439,False
3659,0.22456503887191553,False,0.15022943644151138,False,0.193368322052978,False,0.06439452524922873,False,0.06439452524922873,False
3660,0.1761307641014243,False,0.11217709221834282,False,0.2668010126760186,False,0.0757423370899204,False,0.0757423370899204,False
3661,0.12832633652839454,False,0.05797705940916309,False,0.22753555026704447,False,0.16772241520033743,False,0.05797705940916309,False
3662,0.16648355506710744,False,0.10934786088952986,False,0.1942672973255069,False,0.09719902091732668,False,0.09719902091732668,False
3663,0.19040175331847148,False,0.0003102790902118624,False,0.23490638933483216,False,0.020651879743748047,False,0.0003102790902118624,False
3664,0.19680099939426177,False,0.06608065326056067,False,0.2501848430659328,False,0.07765191002636151,False,0.06608065326056067,False
3665,0.13121984320941193,False,0.03707762497481526,False,0.2300664644762795,False,0.052253337590129956,False,0.03707762497481526,False
3666,0.10354405497568298,False,0.13237518786657948,False,0.26418709430105336,False,0.1035897203436481,False,0.10354405497568298,False
3667,0.16528705677677563,False,0.13485042820219995,False,0.2563682860817732,False,0.13584215050191628,False,0.13485042820219995,False
3668,0.23862440240510957,False,0.1705507738419974,False,0.25723156405902364,False,0.15976061032714833,False,0.15976061032714833,False
3669,0.2399742879607013,False,0.08609054694688667,False,0.20712535416461642,False,0.1350568608865087,False,0.08609054694688667,False
3670,0.19122971991600468,False,0.1465614964095187,False,0.2656425310133146,False,0.1220088122676406,False,0.1220088122676406,False
3671,0.1835375594746239,False,0.11814159436160454,False,0.23278043433883183,False,0.03166099748411111,False,0.03166099748411111,False
3672,0.16546444189449405,False,0.12496312611331728,False,0.15352888217249472,False,0.10282400694018112,False,0.10282400694018112,False
3673,0.18024852150365345,False,0.16060290872632776,False,0.1969156287813822,False,0.06671638516649114,False,0.06671638516649114,False
3674,0.19395021720729821,False,0.17342192948110996,False,0.18382650584024207,False,0.1384342195953538,False,0.1384342195953538,False
3675,0.07185260876129052,False,0.15060263826631792,False,0.10390509744750387,False,0.05438488092429483,False,0.05438488092429483,False
3676,0.12590799356665594,False,0.12074466856608645,False,0.1858463303745157,False,0.07782817928850172,False,0.07782817928850172,False
3677,0.23394269260556655,False,0.16768791432993763,False,0.18274831111729278,False,0.06906122826528749,False,0.06906122826528749,False
3678,0.19386706897439532,False,0.09194340839557513,False,0.27128435386212807,False,0.09883627812103968,False,0.09194340839557513,False
3679,0.23851208411172653,False,0.10253032364607073,False,0.15949222742744135,False,0.08326779950177943,False,0.08326779950177943,False
3680,0.25831907507244356,False,0.15884770472613446,False,0.20891090345588115,False,0.05234905210312746,False,0.05234905210312746,False
3681,0.22663073619429558,False,0.11613076770979935,False,0.21622581818127629,False,0.09834922839806604,False,0.09834922839806604,False
3682,0.21885873698930158,False,0.12316824166268758,False,0.21465332440542256,False,0.09513134074685115,False,0.09513134074685115,False
3683,0.21467122201050493,False,0.13439280476906712,False,0.2640443695274967,False,0.03516812760029209,False,0.03516812760029209,False
3684,0.21954229350082016,False,0.1401649887043147,False,0.12603721405009527,False,0.019404765856437578,False,0.019404765856437578,False
3685,0.2526410022784705,False,0.14638093755810094,False,0.19334987609327275,False,0.05364972079032704,False,0.05364972079032704,False
3686,0.2429312955089588,False,0.16115646525729305,False,0.1532979597915245,False,0.024404439157080127,False,0.024404439157080127,False
3687,0.251885075382367,False,0.1723494620707962,False,0.18708080917329312,False,0.06040966548757931,False,0.06040966548757931,False
3688,0.2042443033492511,False,0.011999780447845998,False,0.22197168053319577,False,0.03570304855562212,False,0.011999780447845998,False
3689,0.2525360423547184,False,0.11563391344606389,False,0.2525202834433497,False,0.029048442592231938,False,0.029048442592231938,False
3690,0.22166015693450825,False,0.11740217348719406,False,0.17482223720317908,False,0.06538450123121287,False,0.06538450123121287,False
3691,0.187439122720771,False,0.1884258951039306,False,0.04862029673054624,False,0.0792425085800712,False,0.04862029673054624,False
3692,0.25288462884618934,False,0.13928313116672641,False,0.1565431115876751,False,0.08050032470727664,False,0.08050032470727664,False
3693,0.2330731799838726,False,0.12159337659690139,False,0.22492833349790714,False,0.10514066459391491,False,0.10514066459391491,False
3694,0.019710635375752572,False,0.15865775139013233,False,0.2467115721401955,False,0.03315552334047189,False,0.019710635375752572,False
3695,0.19217386013803917,False,0.13450509856478476,False,0.2089696126947529,False,0.04993251085926409,False,0.04993251085926409,False
3696,0.20440378100655393,False,0.11508007237636753,False,0.24426643041644824,False,0.06578493972492028,False,0.06578493972492028,False
3697,0.19934265209415625,False,0.1439945750358831,False,0.16960496614431086,False,0.04508492639964312,False,0.04508492639964312,False
3698,0.2056158742377226,False,0.1559150989883898,False,0.23580558829629206,False,0.07517661439162471,False,0.07517661439162471,False
3699,0.17130312530091746,False,0.08423835100546428,False,0.24645769602453227,False,0.10221823113525574,False,0.08423835100546428,False
3700,0.2642434066431368,False,0.09216878874363377,False,0.2034485890160016,False,0.0925155139245517,False,0.09216878874363377,False
3701,0.24893432357863743,False,0.031127529873670956,False,0.15668614235458567,False,0.07031934408220408,False,0.031127529873670956,False
3702,0.20487593059065928,False,0.12445193672076371,False,0.1864928366875288,False,0.03590341147944143,False,0.03590341147944143,False
3703,0.18187964385865418,False,0.14434956494460532,False,0.2189830426642907,False,0.0832305708076575,False,0.0832305708076575,False
3704,0.22287338996257683,False,0.13391456950216024,False,0.22002009145963536,False,0.04681954374509645,False,0.04681954374509645,False
3705,0.22253288659042098,False,0.08626570192681826,False,0.24275564044499998,False,0.0390143297266945,False,0.0390143297266945,False
3706,0.2496495651228931,False,0.15952060968107606,False,0.2214425304329245,False,0.08123311610377237,False,0.08123311610377237,False
3707,0.26049624587962544,False,0.11908957906766748,False,0.15875927710963422,False,0.08315147419876068,False,0.08315147419876068,False
3708,0.2533817005525031,False,0.11730852315692408,False,0.15378682684502176,False,0.010588603960392629,False,0.010588603960392629,False
3709,0.15781786505569906,False,0.16404330313968712,False,0.06960486871063543,False,0.0773779703576335,False,0.06960486871063543,False
3710,0.23737768432951895,False,0.11016994646463596,False,0.16136824071270106,False,0.07471549223501439,False,0.07471549223501439,False
3711,0.265704728717691,False,0.15444356067003323,False,0.1711947438666211,False,0.04156771207560783,False,0.04156771207560783,False
3712,0.24700215566778366,False,0.07187006326370415,False,0.2257727445032801,False,0.06621542574079498,False,0.06621542574079498,False
3713,0.2116632499725502,False,0.15474021356727308,False,0.24878918488780755,False,0.051846511652560934,False,0.051846511652560934,False
3714,0.2614807461139486,False,0.11144292653667054,False,0.2421805703024842,False,0.08591824582288576,False,0.08591824582288576,False
3715,0.20464419292162211,False,0.10376097630751047,False,0.2417542565581029,False,0.06262839180277568,False,0.06262839180277568,False
3716,0.22392362341447525,False,0.15728890998681933,False,0.14334720079590546,False,0.08023478335920653,False,0.08023478335920653,False
3717,0.24252240227741106,False,0.0526459841379856,False,0.22924616789688756,False,0.08328634326512041,False,0.0526459841379856,False
3718,0.1993225390488465,False,0.10064369383851579,False,0.17907285707006843,False,0.0801936771957037,False,0.0801936771957037,False
3719,0.24203471465718646,False,0.10106243210876731,False,0.2244004471970602,False,0.06652758478142806,False,0.06652758478142806,False
3720,0.2583880694292814,False,0.18482805493184795,False,0.24753975264600536,False,0.06816844495599872,False,0.06816844495599872,False
3721,0.15693617463268167,False,0.10424205926542929,False,0.2265553052535781,False,0.10356078286819248,False,0.10356078286819248,False
3722,0.25085730577364024,False,0.11953484725662866,False,0.20544084042805222,False,0.07448305406717148,False,0.07448305406717148,False
3723,0.09421349588842098,False,0.15643895574040506,False,0.16903083657253498,False,0.05125981426356696,False,0.05125981426356696,False
3724,0.2563693314813643,False,0.13378648794836973,False,0.26114990506871616,False,0.09586445552792644,False,0.09586445552792644,False
3725,0.11143469476177603,False,0.1653588454624651,False,0.2576970229050225,False,-0.03295442389602654,True,-0.03295442389602654,True
3726,0.23344341803258395,False,0.08737943257860481,False,0.2147804747618821,False,0.10127771283116793,False,0.08737943257860481,False
3727,0.07922584074689942,False,0.16727473801670595,False,0.20518484337199816,False,0.05979142561024797,False,0.05979142561024797,False
3728,0.2268868254584056,False,0.13731322388920247,False,0.19484105865338913,False,0.10511575674778728,False,0.10511575674778728,False
3729,0.23814969454164436,False,0.12545892658949437,False,0.24318714228722987,False,0.08246196638006076,False,0.08246196638006076,False
3730,0.2515744903066242,False,0.15241697728194148,False,0.22979636203332365,False,0.11985837510504815,False,0.11985837510504815,False
3731,0.23958824550122665,False,0.13361932256384784,False,0.22687081946387022,False,0.047160107948536645,False,0.047160107948536645,False
3732,0.22993660286644146,False,0.14506129089573716,False,0.23388061880629535,False,0.0783947584399467,False,0.0783947584399467,False
3733,0.16170515498914012,False,0.1673373670625885,False,0.18747488637254345,False,0.054971269137976564,False,0.054971269137976564,False
3734,0.2605068746751201,False,0.18448831450809888,False,0.22580680503129746,False,0.0961559306641212,False,0.0961559306641212,False
3735,0.26294897710825305,False,0.11411359142249866,False,0.23225378099525323,False,0.10615637902312369,False,0.10615637902312369,False
3736,0.17857451998388957,False,0.03104054710580839,False,0.23414839277467403,False,0.12045361843389557,False,0.03104054710580839,False
3737,0.24519656156802305,False,0.18063590360957565,False,0.21878672174713176,False,-0.032506038408033566,True,-0.032506038408033566,True
3738,0.19342606940600554,False,0.13378649341923327,False,0.2442479399875504,False,0.08329973495125287,False,0.08329973495125287,False
3739,0.2296644612769086,False,0.1799290638164857,False,0.21455814766982378,False,0.04743672745452421,False,0.04743672745452421,False
3740,0.2099926459716946,False,0.16327532886920593,False,0.16771808640123737,False,0.06863400876861869,False,0.06863400876861869,False
3741,0.20766937209518904,False,0.11683219805083878,False,0.2613610189263147,False,0.09430309661363434,False,0.09430309661363434,False
3742,0.1580702401325439,False,0.14582617859697788,False,0.2805510903922774,False,0.09182241807578961,False,0.09182241807578961,False
3743,0.24037863377820462,False,0.11985960671080786,False,0.21923047194251605,False,0.05672186109694555,False,0.05672186109694555,False
3744,0.20210029371699528,False,0.06620177817991679,False,0.11186490671597271,False,0.023213922648847807,False,0.023213922648847807,False
3745,0.21238138009176438,False,0.14477015151578793,False,0.21771527629310694,False,0.03529190115336833,False,0.03529190115336833,False
3746,0.2192793181262378,False,0.06174020986268036,False,0.1331028923559625,False,0.08678566484382477,False,0.06174020986268036,False
3747,0.1992707216843967,False,0.17482060027258128,False,0.215864135761744,False,0.09187396803129333,False,0.09187396803129333,False
3748,0.19933267922419606,False,0.1950369165109796,False,0.16871967173527347,False,0.08800788778230839,False,0.08800788778230839,False
3749,0.18061692321090278,False,0.17218811497793107,False,0.16881343746852984,False,0.019731510878483238,False,0.019731510878483238,False
3750,0.21886628060005164,False,0.1637023386997904,False,0.1942960689862197,False,0.06953901290729336,False,0.06953901290729336,False
3751,0.11996742821767481,False,0.10615089383921694,False,0.22885555711117977,False,-0.028031486198831446,True,-0.028031486198831446,True
3752,0.2304195148020095,False,0.1823739331693222,False,0.09795284501540213,False,0.07547891578627075,False,0.07547891578627075,False
3753,0.14514509077421894,False,0.1600409007367256,False,0.22824907515746018,False,0.0894286518131101,False,0.0894286518131101,False
3754,0.2462866704592903,False,0.13085907108378542,False,0.19458693763321205,False,0.0693318393067821,False,0.0693318393067821,False
3755,0.03869145709142896,False,0.1182951301848586,False,0.16741804805617422,False,0.05819630845183732,False,0.03869145709142896,False
3756,0.21222131493085383,False,0.12194062349342705,False,0.17354134727287163,False,0.05304812526403002,False,0.05304812526403002,False
3757,0.20575676187975944,False,0.17199365408167216,False,0.2593185976683471,False,0.006913608124127557,False,0.006913608124127557,False
3758,0.2493103761933605,False,0.17513049100060496,False,0.18842040112753994,False,0.0493488089309041,False,0.0493488089309041,False
3759,0.25015931412431736,False,0.15156234238283683,False,0.15588659884395795,False,0.10128520516864048,False,0.10128520516864048,False
3760,0.24273213182737946,False,0.16900186643562504,False,0.19172413627523122,False,-0.056363678694107855,True,-0.056363678694107855,True
3761,0.11847224613607221,False,0.16167326584193337,False,0.04048288718615567,False,0.09835694723781874,False,0.04048288718615567,False
3762,0.22194385027067348,False,0.10744560998350372,False,0.20178010727786377,False,0.052425590631215546,False,0.052425590631215546,False
3763,0.25621475882329725,False,0.115346699810152,False,0.2236672091358079,False,0.03353146420116382,False,0.03353146420116382,False
3764,-0.018845610380539446,True,0.15979587068719786,False,0.09216329585388072,False,0.03325890881760318,False,-0.018845610380539446,True
3765,0.20848118097412732,False,0.1592320968438944,False,0.19513760541068736,False,0.05201601018487545,False,0.05201601018487545,False
3766,0.24611937799492106,False,0.11732858487115205,False,0.20898112891500426,False,-0.07897239525155386,True,-0.07897239525155386,True
3767,0.2182165182682771,False,0.058433798309178386,False,0.18535669142671668,False,0.08725805654726582,False,0.058433798309178386,False
3768,0.2132490007711208,False,0.16609640182154795,False,0.23028985670443602,False,0.0850752245446541,False,0.0850752245446541,False
3769,0.24237645376484745,False,0.18396656403036,False,0.24290232532608574,False,0.01904306994295024,False,0.01904306994295024,False
3770,0.24918949058820583,False,0.0866540569156099,False,0.1444750427806486,False,-0.008373236979870358,True,-0.008373236979870358,True
3771,0.20528906217950726,False,0.08524002877907255,False,0.1911948095680464,False,0.0987263282094143,False,0.08524002877907255,False
3772,0.2620156858195646,False,0.1181378307086619,False,0.21649928591072243,False,0.0748659921813436,False,0.0748659921813436,False
3773,0.25133221388926874,False,0.1346044555685555,False,0.21091600052249687,False,0.0741375371133457,False,0.0741375371133457,False
3774,0.2512420232079572,False,0.15773227672904472,False,0.22483145485025724,False,0.1246409832787484,False,0.1246409832787484,False
3775,0.2514804464334126,False,0.1518278926119218,False,0.2586112144331284,False,0.0065091269182834255,False,0.0065091269182834255,False
3776,0.24292304571685147,False,0.1525124586736082,False,0.2669160729216954,False,0.05421469911943899,False,0.05421469911943899,False
3777,0.25717413531390076,False,0.05807676830666275,False,0.1977249829472989,False,0.11426165169907354,False,0.05807676830666275,False
3778,0.2613371637260195,False,0.0841968595392979,False,0.1744700195097441,False,0.0773213613791448,False,0.0773213613791448,False
3779,0.23555068735411494,False,0.08654234514144843,False,0.17055416884731922,False,0.07412431505406403,False,0.07412431505406403,False
3780,0.198404647274807,False,0.1770950739577708,False,0.26885394871812435,False,0.035636251506460326,False,0.035636251506460326,False
3781,0.20449573339234883,False,0.11492515846824114,False,0.2560904763060549,False,0.04549778030551188,False,0.04549778030551188,False
3782,0.13578039091735317,False,0.13609080479115826,False,0.20966355839362066,False,0.07848340852531477,False,0.07848340852531477,False
3783,0.2104465459958838,False,0.11448800462984843,False,0.24376749602254805,False,0.032677123677171904,False,0.032677123677171904,False
3784,0.23865093065977977,False,0.02227412394709205,False,0.08139922260087817,False,0.09710911967359126,False,0.02227412394709205,False
3785,0.2521142038319324,False,0.17024679943225468,False,0.16495560906015688,False,0.11155632881918531,False,0.11155632881918531,False
3786,0.21169459258726886,False,0.0869745317133187,False,0.1577468362129718,False,0.028761018695111273,False,0.028761018695111273,False
3787,0.1987316325023457,False,0.13716979663323037,False,0.19124516099958,False,0.07981630806549045,False,0.07981630806549045,False
3788,0.21970973932127763,False,0.1478595078861909,False,0.212140429597232,False,0.12005314113141652,False,0.12005314113141652,False
3789,0.20221132003125764,False,0.14078000395781926,False,0.19389501253612207,False,0.06445614203077077,False,0.06445614203077077,False
3790,0.2546001550857719,False,0.1175193846786401,False,0.2099394125588886,False,0.035214523919763874,False,0.035214523919763874,False
3791,0.12869526454365587,False,0.15407216860506545,False,0.23375908472750578,False,0.11292987196672744,False,0.11292987196672744,False
3792,0.23255740754088078,False,0.10439604436445771,False,0.2412022156980801,False,0.01903522746551567,False,0.01903522746551567,False
3793,0.2500439413222195,False,0.15014593070343507,False,0.22183105173194473,False,0.08916764633201724,False,0.08916764633201724,False
3794,0.20114785723966405,False,0.034018930089094956,False,0.26389076553002005,False,0.08528848117499399,False,0.034018930089094956,False
3795,0.2595749551350685,False,0.10591548129505357,False,0.2358389599406706,False,0.05523374787662627,False,0.05523374787662627,False
3796,0.17421120879053265,False,0.10525312800606235,False,0.25968284591688673,False,0.058298510585269914,False,0.058298510585269914,False
3797,0.15471071671947256,False,0.16788007279519113,False,0.22342833363690878,False,0.022467418617068247,False,0.022467418617068247,False
3798,0.1814628350094184,False,0.15685269073477737,False,0.21350461407310334,False,0.01998350724445297,False,0.01998350724445297,False
3799,0.2176329356941577,False,0.08532008525016432,False,0.17944080980528582,False,0.06575440300352542,False,0.06575440300352542,False
3800,0.250089532642318,False,0.08427378666271246,False,0.2690766876265453,False,0.077310474729823,False,0.077310474729823,False
3801,0.22822906812070315,False,0.05927000935037119,False,0.2405135728295325,False,0.01569427608769125,False,0.01569427608769125,False
3802,0.14507432771003265,False,0.12152074861165407,False,0.22847571260312632,False,0.015671756340357,False,0.015671756340357,False
3803,0.2516112224140416,False,0.16251392009401028,False,0.24638474394065502,False,0.09608051357799308,False,0.09608051357799308,False
3804,0.20561984928105692,False,0.11628863273709711,False,0.1765918648943573,False,0.06371184449774603,False,0.06371184449774603,False
3805,0.19853494232449526,False,0.17315262024017897,False,0.18723855407542295,False,-0.022163335555947072,True,-0.022163335555947072,True
3806,0.15930721323539043,False,0.13525920478324066,False,0.22977771791375784,False,0.10755836001015406,False,0.10755836001015406,False
3807,0.12945422835089293,False,0.1776784684909442,False,0.24607209899145616,False,0.05847331812979484,False,0.05847331812979484,False
3808,0.24386324180553276,False,0.08877114595138946,False,0.21796218525702604,False,0.0735967308425064,False,0.0735967308425064,False
3809,0.21156698964255477,False,0.16981335234514688,False,0.2010739691587145,False,0.07651659843511882,False,0.07651659843511882,False
3810,0.24639938384197918,False,0.12633205887136162,False,0.19430426080289115,False,0.05390876542692091,False,0.05390876542692091,False
3811,0.24668445928892785,False,0.11330834585944194,False,0.20163059414350176,False,0.09621680519881393,False,0.09621680519881393,False
3812,0.21570705952271313,False,0.11523790691097302,False,0.252063915116852,False,0.10044837748326085,False,0.10044837748326085,False
3813,0.2351040742587328,False,0.1352687663177266,False,0.2364503794297354,False,0.13028798307254613,False,0.13028798307254613,False
3814,0.233551452103125,False,0.15801483453158144,False,0.2864064981472551,False,0.03624793755706179,False,0.03624793755706179,False
3815,0.2553198475587931,False,0.1636867266007075,False,0.1770093494097757,False,0.04835498681348538,False,0.04835498681348538,False
3816,0.24537087524036688,False,0.1319396637406624,False,0.2170209996490477,False,0.11430891960428147,False,0.11430891960428147,False
3817,0.18535057464868288,False,0.14864878114045565,False,0.22994825400431784,False,0.03057638797397466,False,0.03057638797397466,False
3818,0.21389325483951044,False,0.17778364225041154,False,0.24975153279820406,False,0.12150933974943323,False,0.12150933974943323,False
3819,0.2100907851030388,False,0.13058612316022028,False,0.2648368162424199,False,0.08170496621157075,False,0.08170496621157075,False
3820,0.22546175354627562,False,0.12876446370114897,False,0.20958937481912754,False,0.08316221932483037,False,0.08316221932483037,False
3821,0.21608761696147805,False,0.16900227085677938,False,0.19504475970106167,False,0.07042985461992379,False,0.07042985461992379,False
3822,0.2576282721061825,False,0.05340963950159283,False,0.22084810710143687,False,0.07217160907030218,False,0.05340963950159283,False
3823,0.247366219412468,False,0.12479995636748703,False,0.11810946519610399,False,0.06708114595848425,False,0.06708114595848425,False
3824,0.23663940594597943,False,0.12999244947582206,False,0.24509473058430126,False,0.07453663741529726,False,0.07453663741529726,False
3825,0.14114867225235217,False,0.16165380390849304,False,0.1761659262581186,False,0.0700328748949699,False,0.0700328748949699,False
3826,0.2453695076346784,False,0.10273885150564821,False,0.2500726780289015,False,0.07685033209582381,False,0.07685033209582381,False
3827,0.23068737535423078,False,0.09070590878677032,False,0.18878777378708222,False,0.0054251048124844825,False,0.0054251048124844825,False
3828,0.23768376933760987,False,0.10992720417203283,False,0.2581428843140134,False,0.08453456311520391,False,0.08453456311520391,False
3829,0.25149125202180506,False,0.18242339668737634,False,0.24079984021674344,False,0.04070024503426084,False,0.04070024503426084,False
3830,0.2572538250394922,False,0.1128262483505833,False,0.25735798236315605,False,0.01161190387356914,False,0.01161190387356914,False
3831,0.24649190941986637,False,0.15742849827006317,False,0.21413196700994397,False,0.06782304355362878,False,0.06782304355362878,False
3832,0.24427547476230116,False,0.12098142516709831,False,0.20426792716925918,False,0.016729508102325985,False,0.016729508102325985,False
3833,0.19373019885264708,False,0.12746145321088553,False,0.21716448052448833,False,0.04513822184366745,False,0.04513822184366745,False
3834,0.20571699446947128,False,0.17122928422731193,False,0.2664322782140431,False,0.07107464036555033,False,0.07107464036555033,False
3835,0.2331340005753862,False,0.12065754138014861,False,0.2634830639245037,False,0.06717194262362869,False,0.06717194262362869,False
3836,0.1274359068866282,False,0.15232655139022933,False,0.2545196242337523,False,0.12414312416842349,False,0.12414312416842349,False
3837,0.18060769465112758,False,0.12142644785983991,False,0.2576638649946256,False,0.0642552251423456,False,0.0642552251423456,False
3838,0.2519265207392669,False,0.105944479612327,False,0.20643658333957282,False,0.06122523263939661,False,0.06122523263939661,False
3839,0.23872706587457165,False,0.15216007571586293,False,0.2316879555343801,False,0.08601051640854807,False,0.08601051640854807,False
3840,0.23803204889016283,False,0.04378249096774833,False,0.13978778255255442,False,0.10012771837166567,False,0.04378249096774833,False
3841,0.23364586612821037,False,0.08252185349878094,False,0.2553171734363117,False,0.0623825165580133,False,0.0623825165580133,False
3842,0.20512360184341533,False,0.059683407883978856,False,0.17259674410618264,False,0.0807963562453291,False,0.059683407883978856,False
3843,0.2497615359922294,False,0.17472509194537206,False,0.2538826744594851,False,0.10659348257122891,False,0.10659348257122891,False
3844,0.2532773388048285,False,0.1579099777063342,False,0.24711013370306423,False,0.021240765925702676,False,0.021240765925702676,False
3845,0.12661833104246167,False,0.15594432045069018,False,0.2017108749699198,False,0.034781688161553914,False,0.034781688161553914,False
3846,0.23125621822124953,False,0.0837252140171375,False,0.21731033703373098,False,0.12010126175264246,False,0.0837252140171375,False
3847,0.24025149119520017,False,0.12266261735634221,False,0.17163764636512574,False,0.06862581228762799,False,0.06862581228762799,False
3848,0.1736003530966848,False,0.09374129344542459,False,0.26622180957941305,False,0.1294574652115174,False,0.09374129344542459,False
3849,0.23683285785490643,False,0.1436750150097773,False,0.23932334180119746,False,0.08698173720696656,False,0.08698173720696656,False
3850,0.24179500794254655,False,0.15079637009237162,False,0.25288973402532594,False,0.11184696160641139,False,0.11184696160641139,False
3851,0.2323424682359485,False,0.13808638333113965,False,0.19384285681971708,False,0.09125531736857317,False,0.09125531736857317,False
3852,0.21403150370106055,False,0.1434190362691356,False,0.25132499485386334,False,0.10428811749409506,False,0.10428811749409506,False
3853,0.20863010453337932,False,0.14756082595843723,False,0.2244922860709911,False,0.09384405609722157,False,0.09384405609722157,False
3854,0.23916980716922914,False,0.06546872091767297,False,0.13951108793420786,False,0.07869376557850927,False,0.06546872091767297,False
3855,0.2521383832911957,False,0.17007001229958768,False,0.19835171157456238,False,0.057029621747379466,False,0.057029621747379466,False
3856,0.2515975167146237,False,0.17324105803032447,False,0.22850222823245592,False,0.10341630502435384,False,0.10341630502435384,False
3857,0.18802355372701512,False,0.09525611560516656,False,0.2654553125230248,False,0.12604270501103043,False,0.09525611560516656,False
3858,0.22542727919121525,False,0.1909798682295601,False,0.2414490842283739,False,0.08312832501076717,False,0.08312832501076717,False
3859,0.22752193798413411,False,0.07424635986617811,False,0.2248791579678574,False,0.09995620886073453,False,0.07424635986617811,False
3860,0.16534251778217712,False,0.06998845216024341,False,0.2617424374874691,False,0.10631629580385382,False,0.06998845216024341,False
3861,0.2587717020934474,False,0.14483005886459188,False,0.19020605927522982,False,0.1450558366461313,False,0.14483005886459188,False
3862,0.15116273183365836,False,0.14219173447878647,False,0.22891715909750304,False,0.07736837206769365,False,0.07736837206769365,False
3863,0.2511545449823003,False,0.1003431979573175,False,0.25864279060293044,False,0.09952936020934511,False,0.09952936020934511,False
3864,0.23101146070317824,False,0.15785205351542153,False,0.24209081957191053,False,0.08740681640688808,False,0.08740681640688808,False
3865,0.26438760154130175,False,0.14407722184630678,False,0.19844181785280707,False,0.1194816545550933,False,0.1194816545550933,False
3866,0.21488952682369172,False,0.10579487049852321,False,0.19198542922216477,False,0.06920674624559364,False,0.06920674624559364,False
3867,0.24903185082382662,False,0.12458753344777024,False,0.18334644996735272,False,0.08312630785135589,False,0.08312630785135589,False
3868,0.20680588933284233,False,0.16707429404075247,False,0.15258062248522697,False,0.0889613967294357,False,0.0889613967294357,False
3869,0.20598099372208228,False,0.16792260165224332,False,0.2109092338176311,False,0.1393378976213963,False,0.1393378976213963,False
3870,0.2635859958116805,False,0.08927726510501977,False,0.26753213179320984,False,0.05952482778898871,False,0.05952482778898871,False
3871,0.2393009347936289,False,0.07954195755485205,False,0.19790376206351795,False,0.08260634059934335,False,0.07954195755485205,False
3872,0.23569138336195483,False,0.13968695661592856,False,0.2585060337172522,False,0.07331356764610797,False,0.07331356764610797,False
3873,0.22966371243356232,False,0.1001377126765598,False,0.21081433407295508,False,0.06418807017519712,False,0.06418807017519712,False
3874,0.2570032751485587,False,0.09777316820327409,False,0.2526643352063511,False,0.10438328943287434,False,0.09777316820327409,False
3875,0.22013785791075963,False,0.13890038462373028,False,0.23576902980236963,False,0.11840823713621584,False,0.11840823713621584,False
3876,0.23490457390005093,False,0.11827880957850001,False,0.24133984279307014,False,0.14232714345671643,False,0.11827880957850001,False
3877,0.25870935020647157,False,0.08474656899555044,False,0.2576571897933372,False,0.1305633953039133,False,0.08474656899555044,False
3878,0.250463468285805,False,0.11727084977320179,False,0.22275046534261078,False,0.09281195420176147,False,0.09281195420176147,False
3879,0.2546917118072306,False,0.15555225426493346,False,0.17341562036561242,False,0.1142705353285065,False,0.1142705353285065,False
3880,0.23970143385522585,False,0.15621656363864905,False,0.20061064073402401,False,0.06586784095723597,False,0.06586784095723597,False
3881,0.24463689781073672,False,0.1071162281856396,False,0.24227144745856116,False,0.01569627401752094,False,0.01569627401752094,False
3882,0.19174740935878604,False,0.15465909445615433,False,0.19298239512951632,False,-0.03670104622928261,True,-0.03670104622928261,True
3883,0.15022165725178388,False,0.16210536255798264,False,0.23376377168301016,False,0.09820372889025952,False,0.09820372889025952,False
3884,0.2271999207957266,False,0.05163905792323542,False,0.17889667659189645,False,0.1218493850861121,False,0.05163905792323542,False
3885,0.19792751255252328,False,0.11720921752345881,False,0.1842908611882707,False,0.08621519878816397,False,0.08621519878816397,False
3886,0.26577506897884257,False,0.14615433928203603,False,0.26320581830761497,False,0.12516976582850015,False,0.12516976582850015,False
3887,0.2477524392841725,False,0.1674873031695155,False,0.18430749407093316,False,0.11507302136855535,False,0.11507302136855535,False
3888,0.2579612571443807,False,0.11516284593614301,False,0.2156478346229609,False,0.031520442550958316,False,0.031520442550958316,False
3889,0.23778710622750904,False,0.12175940235463478,False,0.23070206605428228,False,0.08736379946952644,False,0.08736379946952644,False
3890,0.2502392292232836,False,0.16026090272175586,False,0.22252546430831316,False,0.029818050280645547,False,0.029818050280645547,False
3891,0.23192371816434781,False,0.10044438762417796,False,0.27166555571530393,False,0.08733337492753002,False,0.08733337492753002,False
3892,0.25519203739507906,False,0.15818712139078134,False,0.23396871845439116,False,0.025820604064255126,False,0.025820604064255126,False
3893,0.22466251322002645,False,0.17748993889095116,False,0.15651160987857127,False,0.13778941121265348,False,0.13778941121265348,False
3894,0.24001292704772942,False,0.16999231810017823,False,0.1488252478556329,False,0.07545689232949304,False,0.07545689232949304,False
3895,0.19069957305003615,False,0.1553128999769543,False,0.2122985665306643,False,0.06756806300270457,False,0.06756806300270457,False
3896,0.15911707309660744,False,0.12194215043468137,False,0.2165685429627935,False,0.0377877758185694,False,0.0377877758185694,False
3897,0.2627206476147233,False,0.13185368728292524,False,0.21293093470149743,False,0.025629523541299548,False,0.025629523541299548,False
3898,0.25581365269380146,False,0.07678150558850538,False,0.2664699421343651,False,0.08427503157460647,False,0.07678150558850538,False
3899,0.24282204612152225,False,0.03545023833987526,False,0.20327988543839293,False,0.03369924820976078,False,0.03369924820976078,False
3900,0.1750438894550479,False,0.07162443768808158,False,0.20124990344320254,False,0.10557862482007829,False,0.07162443768808158,False
3901,0.1967069765678492,False,0.09692175500330091,False,0.2235628368651698,False,0.0493868532907239,False,0.0493868532907239,False
3902,0.22296258453533718,False,0.06979160885108115,False,0.26466584308582347,False,0.05953808287917561,False,0.05953808287917561,False
3903,0.24797755070676974,False,0.09085338192514236,False,0.1749934179574909,False,0.06860029855711303,False,0.06860029855711303,False
3904,0.2344443826505488,False,0.1356799016630521,False,0.21811394472964946,False,0.09960010393727392,False,0.09960010393727392,False
3905,0.2589094851799527,False,0.10632646993826322,False,0.1105324029977105,False,0.0767546624115728,False,0.0767546624115728,False
3906,0.21420825651631642,False,0.1571487752367276,False,0.16652407788314383,False,0.08274879425884174,False,0.08274879425884174,False
3907,0.23248723098119833,False,0.07000631926132383,False,0.14572890378559944,False,0.08154396135071629,False,0.07000631926132383,False
3908,0.15372740823852538,False,0.16236404483133077,False,0.28838007296153584,False,0.12691010669342717,False,0.12691010669342717,False
3909,0.24996172451651422,False,0.08443757444895239,False,0.26613641492420426,False,0.12102579074651165,False,0.08443757444895239,False
3910,0.13207119111337573,False,0.09452985032855954,False,0.22116114054668928,False,0.08898318508383618,False,0.08898318508383618,False
3911,0.2328959488173858,False,0.11486616979357478,False,0.20993658949084576,False,0.014504344026748384,False,0.014504344026748384,False
3912,0.15467755310271353,False,0.03327383590856159,False,0.23730192979610393,False,0.09166497501341908,False,0.03327383590856159,False
3913,0.2595196125395494,False,0.05693897586382146,False,0.18219305314402218,False,0.10252173727062697,False,0.05693897586382146,False
3914,0.2543944630050078,False,0.13400449380022755,False,0.23788824555713156,False,0.11359766798256388,False,0.11359766798256388,False
3915,0.26470731750860743,False,0.1302834034314121,False,0.23927318617144983,False,0.11827335384618443,False,0.11827335384618443,False
3916,0.16479839963833937,False,0.06138047665798052,False,0.23996454566840197,False,0.13009845163880018,False,0.06138047665798052,False
3917,0.23674159365469022,False,0.06691490315707727,False,0.23897149311664007,False,0.15686757245424104,False,0.06691490315707727,False
3918,0.2033486132667277,False,0.14882044909307346,False,0.24843382534166825,False,0.07366133855187862,False,0.07366133855187862,False
3919,0.26061309238311753,False,0.08597707088295348,False,0.15146324409310408,False,0.15661784018290736,False,0.08597707088295348,False
3920,0.23518377629955173,False,0.009303479317509966,False,0.1746646651306809,False,0.07913955894304214,False,0.009303479317509966,False
3921,0.2551728078546622,False,0.10635767306548749,False,0.19898965451487644,False,0.13114464558906597,False,0.10635767306548749,False
3922,0.2538577226510045,False,0.08182852991109979,False,0.2425935417613218,False,0.07285332056639071,False,0.07285332056639071,False
3923,0.19300072677809238,False,0.0777734056567222,False,0.18244990795777777,False,0.03206857645096828,False,0.03206857645096828,False
3924,0.21220054577357472,False,0.035125894878690334,False,0.12368134575881629,False,0.09265786307526491,False,0.035125894878690334,False
3925,0.246195241505965,False,0.11846743320492781,False,0.25898502019696273,False,0.1272388697733412,False,0.11846743320492781,False
3926,0.24268896087495323,False,-0.005436285770395455,True,0.2743839227555562,False,0.12381266490595777,False,-0.005436285770395455,True
3927,0.21107112046691667,False,0.07437372184532365,False,0.2071898603525702,False,-0.05765530993518264,True,-0.05765530993518264,True
3928,0.2393597014359934,False,0.12533876946484007,False,0.2044772387754124,False,0.05316969419995432,False,0.05316969419995432,False
3929,0.2115755409789774,False,0.05255944236987331,False,0.2314085136480774,False,0.1045434299943514,False,0.05255944236987331,False
3930,0.1616538449559622,False,0.11379676724126242,False,0.21057386535778677,False,0.09265491552407845,False,0.09265491552407845,False
3931,0.22332987124727705,False,0.11310437312047794,False,0.13732900642016177,False,0.07154073178533271,False,0.07154073178533271,False
3932,0.2336952950543395,False,0.058280942674167835,False,0.21696157112949116,False,0.08520936282027525,False,0.058280942674167835,False
3933,0.16495262137620303,False,0.06618975313815678,False,0.22716630572013097,False,0.09061706195830543,False,0.06618975313815678,False
3934,0.2630208629556256,False,0.028630855136951405,False,0.2747010476000127,False,0.11066366885088164,False,0.028630855136951405,False
3935,0.25784815985300974,False,0.08796755467398998,False,0.28757927331890437,False,0.12509731788412387,False,0.08796755467398998,False
3936,0.2197581847160162,False,0.1452737170213566,False,0.1965505734404302,False,-0.0021410516252347023,True,-0.0021410516252347023,True
3937,0.23245529645698193,False,0.12192379427320588,False,0.2177371221063848,False,0.12026752204489599,False,0.12026752204489599,False
3938,0.26025146178257574,False,0.06525349458329177,False,0.274156127077649,False,0.12266116860339193,False,0.06525349458329177,False
3939,0.1761149681298526,False,0.07076203917832857,False,0.210121759716553,False,0.104890118381749,False,0.07076203917832857,False
3940,0.12213292461208147,False,0.11024253464376466,False,0.19487872310493326,False,0.129189422506499,False,0.11024253464376466,False
3941,0.2582400354027845,False,0.09400470331300115,False,0.2691075904735717,False,0.04562187466407186,False,0.04562187466407186,False
3942,0.23746288312865965,False,0.0980450397944167,False,0.16288744031446278,False,0.03336083054381178,False,0.03336083054381178,False
3943,0.26220320326293634,False,0.16923399738706807,False,0.21056587447620817,False,0.09616969607142478,False,0.09616969607142478,False
3944,0.24111841010242374,False,0.08958746016492913,False,0.1816721606559495,False,0.050512020677131786,False,0.050512020677131786,False
3945,0.09981023250969279,False,0.13681874348734907,False,0.1678650171319977,False,0.07591722988010108,False,0.07591722988010108,False
3946,0.22431800934421015,False,0.1387335555242084,False,0.26858973520837043,False,0.12182736779838155,False,0.12182736779838155,False
3947,0.16478737195605608,False,0.17017236366882132,False,0.17087439340400012,False,0.08522302357814926,False,0.08522302357814926,False
3948,0.06671491013067199,False,0.11510635072248399,False,0.2334833383148916,False,0.13780198225467344,False,0.06671491013067199,False
3949,0.10026505748519499,False,0.12574942725808835,False,0.1597127541028976,False,0.07276058873490832,False,0.07276058873490832,False
3950,0.24462578459907763,False,0.07509743637246946,False,0.14863140463784563,False,0.04417250301921394,False,0.04417250301921394,False
3951,0.13786257054112505,False,0.10287674872081543,False,0.14629886748334697,False,0.0020940881624964547,False,0.0020940881624964547,False
3952,0.10228786759127684,False,0.08015930688310957,False,0.24720595483314595,False,0.14203405186018242,False,0.08015930688310957,False
3953,0.22042426414609928,False,0.13209378276845685,False,0.2457334935553055,False,0.10079173461904956,False,0.10079173461904956,False
3954,0.24340183903003332,False,0.161319340613725,False,0.18409740978902872,False,0.024245650912532057,False,0.024245650912532057,False
3955,0.19590039007385573,False,0.10091949944409295,False,0.2427450130660765,False,0.09174075448526864,False,0.09174075448526864,False
3956,0.14679727386609392,False,0.06419653507136192,False,0.14899312131470688,False,0.1240235239602876,False,0.06419653507136192,False
3957,0.16902755749636167,False,0.13695427739798705,False,0.21558906748219736,False,0.1004859408380041,False,0.1004859408380041,False
3958,0.13351669011077172,False,0.13307736155819178,False,0.2502065909286631,False,0.06580008523448055,False,0.06580008523448055,False
3959,0.23357003219636618,False,0.08139088051861909,False,0.2184767380627446,False,0.12479610912667094,False,0.08139088051861909,False
3960,0.2410680886591946,False,0.14950907239825112,False,0.21014321980623135,False,0.0967485606101467,False,0.0967485606101467,False
3961,0.2057343757405018,False,0.13831390634413177,False,0.2795514777373579,False,0.10872539853809537,False,0.10872539853809537,False
3962,0.2494375441340112,False,0.17065683888961986,False,0.20579502530331417,False,0.04795939354485301,False,0.04795939354485301,False
3963,0.13572365812353315,False,0.11796221284317499,False,0.2596779878332316,False,0.11960780339253807,False,0.11796221284317499,False
3964,0.2433641690080791,False,0.07387736117876875,False,0.24997548450384005,False,0.11662850035729222,False,0.07387736117876875,False
3965,0.24889138381807346,False,0.15502335294916303,False,0.23893682693755303,False,0.09264518524692644,False,0.09264518524692644,False
3966,0.2491913237434915,False,0.12014635760855963,False,0.16688673302610096,False,0.09620157705976273,False,0.09620157705976273,False
3967,0.21023077834077847,False,0.13809950454600145,False,0.2177379169449945,False,0.08911923164485935,False,0.08911923164485935,False
3968,0.2551665280767506,False,0.1322441763434395,False,0.24754345721794085,False,0.05663377906361078,False,0.05663377906361078,False
3969,0.11511092327528383,False,0.15000536074807191,False,0.2358290665116744,False,0.05960112725681366,False,0.05960112725681366,False
3970,0.23827831859869775,False,0.12377552639116574,False,0.2454371470355381,False,0.07810214451987041,False,0.07810214451987041,False
3971,0.2365358138780611,False,0.08327711678520533,False,0.1998161345348891,False,0.09732311846020758,False,0.08327711678520533,False
3972,0.007262052341001413,False,0.1515453007702114,False,0.23108402553395235,False,0.005599742935433305,False,0.005599742935433305,False
3973,0.19843543689832394,False,0.09938827578473541,False,0.2171051834653131,False,0.11587340277623615,False,0.09938827578473541,False
3974,0.24262194655224756,False,0.14326665034784714,False,0.1735328078123312,False,0.1048351650628988,False,0.1048351650628988,False
3975,0.24917286241293107,False,0.06616203492039019,False,0.18858125457084196,False,0.10365839247212272,False,0.06616203492039019,False
3976,0.2201866326131936,False,0.09605961207495506,False,0.23504674792321256,False,0.1343077372517495,False,0.09605961207495506,False
3977,0.24447155757670574,False,0.15707954869537122,False,0.21776723248478908,False,0.15072104075359255,False,0.15072104075359255,False
3978,0.24297373343907896,False,0.16012884457181364,False,0.1952028561424276,False,0.07054225476193343,False,0.07054225476193343,False
3979,0.1279219860234263,False,0.07520745693701791,False,0.22999540124011253,False,0.08350734485210964,False,0.07520745693701791,False
3980,0.25033389298565467,False,0.16745325111387793,False,0.24629836870815747,False,0.049333253913885766,False,0.049333253913885766,False
3981,0.23920777750733602,False,0.06965053142463729,False,0.15919119843581547,False,0.09791686837043623,False,0.06965053142463729,False
3982,0.22959138587033145,False,0.09185342940371766,False,0.16937536108100337,False,0.06839090264353476,False,0.06839090264353476,False
3983,0.23728821777232795,False,0.16373845396877568,False,0.2641576615254359,False,0.08703303942979934,False,0.08703303942979934,False
3984,0.22554988031607948,False,0.11993881023095787,False,0.2664661513505324,False,-0.04913262579969335,True,-0.04913262579969335,True
3985,0.23752396203314047,False,0.1805008215793968,False,0.1541763288688207,False,0.11127322202738865,False,0.11127322202738865,False
3986,0.25670120109633265,False,0.14386130192694213,False,0.19738634572521274,False,0.07327284515410948,False,0.07327284515410948,False
3987,0.2029356105118682,False,0.15029578014269063,False,0.2395263831418833,False,0.10134395784271244,False,0.10134395784271244,False
3988,0.23944126216998485,False,0.14214386508738713,False,0.18515229792148813,False,0.11805912090999149,False,0.11805912090999149,False
3989,0.24139653933459138,False,0.1395599851042333,False,0.18172572677195015,False,0.03826976926238779,False,0.03826976926238779,False
3990,0.21817887983160866,False,0.1569421876133072,False,0.20846340901972404,False,0.10891911625646022,False,0.10891911625646022,False
3991,0.2503790173978482,False,0.11213180356756547,False,0.2510300773976173,False,0.1073149956079098,False,0.1073149956079098,False
3992,0.25630555557203577,False,0.09132537829495702,False,0.11808029988465074,False,0.018650855165284308,False,0.018650855165284308,False
3993,0.2381797676404866,False,0.15567277812948777,False,0.1859695384510866,False,0.0017333267548095277,False,0.0017333267548095277,False
3994,0.25193677157652633,False,0.012972188398330031,False,0.09129630003755429,False,0.10118368190335592,False,0.012972188398330031,False
3995,0.25463056859149885,False,0.1703872946266476,False,0.20939227412533074,False,0.06926377813093476,False,0.06926377813093476,False
3996,0.24386652916454893,False,0.14079617996348082,False,0.21564577899823767,False,0.10018669939821712,False,0.10018669939821712,False
3997,0.2532532202734776,False,0.14345841481013033,False,0.18991540784659733,False,0.11332756700361424,False,0.11332756700361424,False
3998,0.2518688689267339,False,0.16626744342297262,False,0.17273447252325513,False,0.023977943586194872,False,0.023977943586194872,False
3999,0.25884078553591633,False,0.09331234229966257,False,0.2357851646597668,False,0.10877309090797882,False,0.09331234229966257,False
4000,0.24670776020898616,False,0.11398100131766109,False,0.23345066820023513,False,0.0998372516476076,False,0.0998372516476076,False
4001,0.21274945063000028,False,0.14910738469092139,False,0.2514634012338798,False,0.093760730252622,False,0.093760730252622,False
4002,0.2534333222643459,False,0.10720470445666341,False,0.2388881160637995,False,0.1149157404145088,False,0.10720470445666341,False
4003,0.2524877164975244,False,0.17846829123684887,False,0.2659506852168948,False,0.08502371627499183,False,0.08502371627499183,False
4004,0.21077081304301953,False,0.08282664896497849,False,0.14773892468650507,False,0.08075401831897588,False,0.08075401831897588,False
4005,0.23554466157074389,False,0.15152365299353127,False,0.24586402822308256,False,0.07696755422958934,False,0.07696755422958934,False
4006,0.17562508618464295,False,0.14594207618094035,False,0.16411120419463232,False,0.048660941458753326,False,0.048660941458753326,False
4007,0.188223074665947,False,0.10349536234678414,False,0.17641679260677995,False,0.12461560601274457,False,0.10349536234678414,False
4008,0.2077337432647115,False,0.16479266433384882,False,0.21513953083375875,False,0.07295397568620066,False,0.07295397568620066,False
4009,0.265046265727889,False,0.13289531240221447,False,0.19622476027482888,False,0.09656534645108361,False,0.09656534645108361,False
4010,0.199590432305629,False,0.15527694518186957,False,0.17708488612318107,False,0.07737786544919456,False,0.07737786544919456,False
4011,0.15337796236499446,False,0.05595231174329751,False,0.20374139911862343,False,0.137776533876373,False,0.05595231174329751,False
4012,0.23656712872105456,False,0.12237827529871059,False,0.16514241073821762,False,0.03167099249283756,False,0.03167099249283756,False
4013,0.21651440614751566,False,0.17045097143167492,False,0.19959014132854253,False,0.072305976368372,False,0.072305976368372,False
4014,0.22971097573050842,False,0.15979104553501583,False,0.16161894360835433,False,0.07766856182988913,False,0.07766856182988913,False
4015,0.18860834753201694,False,0.11002515179070504,False,0.26229580418660864,False,0.11894557020942342,False,0.11002515179070504,False
4016,0.24583976721359874,False,0.07073934613480137,False,0.24020833768053496,False,0.07487705269118494,False,0.07073934613480137,False
4017,0.24168488807512012,False,0.07965532971533629,False,0.2355434967358797,False,0.13046900815063922,False,0.07965532971533629,False
4018,0.19429565012787542,False,0.0931691475283235,False,0.27091837397284513,False,0.047696489175662826,False,0.047696489175662826,False
4019,0.1991344237257241,False,0.16301567954488377,False,0.22735616143058907,False,0.08185078520692457,False,0.08185078520692457,False
4020,0.18613347910554218,False,0.1814917723856942,False,0.22761156355477363,False,0.07858849713804728,False,0.07858849713804728,False
4021,0.24603758599310588,False,0.16266531321873862,False,0.25872315420458025,False,0.1400819991929071,False,0.1400819991929071,False
4022,0.25631611236664875,False,0.1566114811579637,False,0.2818906923554521,False,0.09337720366128377,False,0.09337720366128377,False
4023,0.24967804939507116,False,0.03915409274112314,False,0.16162373312534245,False,0.09680756670939228,False,0.03915409274112314,False
4024,0.23272679019549253,False,0.13801202903299914,False,0.16243129158631103,False,0.11114478567420294,False,0.11114478567420294,False
4025,0.2400795677458678,False,0.06332640329270844,False,0.23926861599817584,False,0.1451405919374636,False,0.06332640329270844,False
4026,0.2580779548682046,False,0.08272590157695714,False,0.23855834111900343,False,0.03446498836759815,False,0.03446498836759815,False
4027,0.24947319870924045,False,0.10606682522347932,False,0.2186840023279033,False,0.10479944417932718,False,0.10479944417932718,False
4028,0.1868380972480349,False,0.06041278530432215,False,0.21165610698422876,False,0.04408799270648289,False,0.04408799270648289,False
4029,0.1950101978961955,False,0.06593659091199755,False,0.20720289799748903,False,0.029896405673440762,False,0.029896405673440762,False
4030,0.18592087781367334,False,0.06924607865952936,False,0.20561017496458572,False,0.11857911747164152,False,0.06924607865952936,False
4031,0.23056719140522824,False,0.12390160365864622,False,0.1961648081131755,False,0.13310700745157628,False,0.12390160365864622,False
4032,0.2240659218678404,False,0.11222595076330166,False,0.2231742758789041,False,0.13339827086737616,False,0.11222595076330166,False
4033,0.24507432989174371,False,0.11640076440202429,False,0.15815001848108717,False,0.10655258015553681,False,0.10655258015553681,False
4034,0.16147320363123713,False,0.03451103488660723,False,0.26008635746401576,False,0.15587334709769457,False,0.03451103488660723,False
4035,0.2622486120144692,False,0.1715126010112249,False,0.21033431258853252,False,0.08941582760762978,False,0.08941582760762978,False
4036,0.22405380273057884,False,0.10608302469032638,False,0.22552931197070447,False,0.10100142138940282,False,0.10100142138940282,False
4037,0.18605508277200627,False,0.16062435590073415,False,0.2523263421421869,False,0.085755761302302,False,0.085755761302302,False
4038,0.17083316394624504,False,0.06125497849261008,False,0.13658738820910876,False,0.07816659712398222,False,0.06125497849261008,False
4039,0.239910965544117,False,0.12573646836756952,False,0.25611457884944194,False,0.0863267740704392,False,0.0863267740704392,False
4040,0.21534120070952945,False,0.05027262479226324,False,0.2120013956005788,False,-0.034341989993741495,True,-0.034341989993741495,True
4041,0.23709986162281754,False,0.06583246901689599,False,0.2520455965790632,False,0.14261762638046488,False,0.06583246901689599,False
4042,0.19118184943078603,False,0.09528035855357608,False,0.2667457132678216,False,0.07080241153327693,False,0.07080241153327693,False
4043,0.23209236184464432,False,0.16129378590969135,False,0.23767041007108436,False,0.07982027867031682,False,0.07982027867031682,False
4044,0.2451489736675087,False,0.18604527381063352,False,0.1795868512355671,False,-0.04822720039746886,True,-0.04822720039746886,True
4045,0.2557089925053387,False,0.0972300452852144,False,0.24794815942933657,False,0.12114144884176059,False,0.0972300452852144,False
4046,0.1629784318221567,False,0.136311072716652,False,0.2780555718780699,False,0.12237884160270751,False,0.12237884160270751,False
4047,0.2422909387186275,False,0.09594917143253157,False,0.2544816704920821,False,0.1080538146521609,False,0.09594917143253157,False
4048,0.1374106016425456,False,0.10525947016567883,False,0.22057974425614435,False,0.1255819288227381,False,0.10525947016567883,False
4049,0.22355724828254714,False,0.11989173754347648,False,0.2667135596534521,False,0.10461893655606047,False,0.10461893655606047,False
4050,0.11853877212323616,False,0.06491260661004083,False,0.17085890490021854,False,0.046359138244311815,False,0.046359138244311815,False
4051,0.23882772245222728,False,0.09111024772613907,False,0.21508037859194762,False,0.12363973657509197,False,0.09111024772613907,False
4052,0.14834215677430873,False,0.09968962868852327,False,0.21243887804545158,False,0.06407422849426092,False,0.06407422849426092,False
4053,0.2489163514215917,False,0.05180218442579332,False,0.21002655585942126,False,0.13326461675978002,False,0.05180218442579332,False
4054,0.13468642301916434,False,0.04777989850685094,False,0.13297875537713855,False,0.05211884585673143,False,0.04777989850685094,False
4055,0.22078015326234107,False,0.15544103358361133,False,0.1933000492112491,False,0.07799752670793847,False,0.07799752670793847,False
4056,0.20768151470712853,False,0.0415810501160323,False,0.19600241388122608,False,0.0838313594411304,False,0.0415810501160323,False
4057,0.23659652736366588,False,0.17160523322368637,False,0.1868420624192328,False,0.15344882373940916,False,0.15344882373940916,False
4058,0.22370923241021928,False,0.13903211986853764,False,0.1883319668511375,False,0.12997473488551325,False,0.12997473488551325,False
4059,0.18366467526913016,False,0.11701999001809404,False,0.24127712841169252,False,0.1292674572940138,False,0.11701999001809404,False
4060,0.16589390422196615,False,0.1216449673439951,False,0.16795310530446927,False,0.04390787496918902,False,0.04390787496918902,False
4061,0.12229232712159421,False,0.047978436332123287,False,0.24969433201393348,False,0.15869889988340796,False,0.047978436332123287,False
4062,0.204817841684659,False,0.05224961122026339,False,0.23241100598932274,False,0.11036228958523464,False,0.05224961122026339,False
4063,0.22417357634669122,False,0.10456406800711149,False,0.276327123797422,False,0.07823187289375466,False,0.07823187289375466,False
4064,0.24791770430587046,False,0.1425318466589972,False,0.23786219744121095,False,0.08766996771248525,False,0.08766996771248525,False
4065,0.21475189324460137,False,0.12468344691756789,False,0.27128254053950973,False,0.12686764395215794,False,0.12468344691756789,False
4066,0.2501981488813986,False,0.11551788259241424,False,0.155041398547623,False,0.08157733995862604,False,0.08157733995862604,False
4067,0.10932450831097984,False,0.10449704939099957,False,0.17929418709173495,False,0.1604320810474461,False,0.10449704939099957,False
4068,0.17764149114163563,False,0.11251794750619926,False,0.26318511773587894,False,0.10708619259889485,False,0.10708619259889485,False
4069,0.18184844118791293,False,0.10792465899881876,False,0.253236198402814,False,0.14355740162152886,False,0.10792465899881876,False
4070,0.2073922230864853,False,0.13203281090294183,False,0.2688200208294608,False,0.12861245713671682,False,0.12861245713671682,False
4071,0.2547875748892998,False,0.04461378305864072,False,0.2586549770920632,False,0.144925519287737,False,0.04461378305864072,False
4072,0.1790255692429607,False,-0.002673081937233368,True,0.14675520329212433,False,0.09228414256949224,False,-0.002673081937233368,True
4073,0.1768138920909736,False,0.12848464767020135,False,0.23406544998224854,False,0.1714956658402853,False,0.12848464767020135,False
4074,0.17789095931585353,False,0.10004267268004385,False,0.1502761127794161,False,0.14849753535310778,False,0.10004267268004385,False
4075,0.1657075025074251,False,0.13372174402691223,False,0.21686160665513954,False,0.09161678700818887,False,0.09161678700818887,False
4076,0.2389370062568037,False,0.09441610884690055,False,0.25054411896647355,False,0.1336042758324208,False,0.09441610884690055,False
4077,0.22777877249376077,False,0.09874424410892313,False,0.28660006295192164,False,0.08962488005966573,False,0.08962488005966573,False
4078,0.21622658441597736,False,0.07177326672464723,False,0.21418588756206425,False,0.15064928392847654,False,0.07177326672464723,False
4079,0.23904933284008412,False,0.07985841500041269,False,0.20979006847551912,False,0.08198798551935704,False,0.07985841500041269,False
4080,0.2212261413315217,False,0.14165816504778883,False,0.26229812606249947,False,0.13977427726353497,False,0.13977427726353497,False
4081,0.15211199548884125,False,0.0495090981539692,False,0.2555440672812512,False,0.13835890827305902,False,0.0495090981539692,False
4082,0.19688467263485326,False,0.07227969304551762,False,0.24283873758665914,False,0.13999210441131033,False,0.07227969304551762,False
4083,0.22688733000504901,False,0.09420728698389003,False,0.1448358395002196,False,0.13035517191363566,False,0.09420728698389003,False
4084,0.17672177292927288,False,0.09422164691420432,False,0.24275382051190353,False,0.08139679774937447,False,0.08139679774937447,False
4085,0.1416005275372122,False,0.04968157233550963,False,0.23255603046928747,False,0.09072381227972115,False,0.04968157233550963,False
4086,0.20931883284508218,False,0.13027471033039761,False,0.2367469203325116,False,0.1086087919028389,False,0.1086087919028389,False
4087,0.16066218107042401,False,0.16365669606796807,False,0.2523876396307479,False,0.048374429393698515,False,0.048374429393698515,False
4088,0.19258447461472944,False,0.10736783284733642,False,0.18497293101026968,False,0.11710758553147327,False,0.10736783284733642,False
4089,0.20273398872920562,False,0.058993373566045504,False,0.21323549276517095,False,0.12029710531323468,False,0.058993373566045504,False
4090,0.17301210023494284,False,0.08647214836462058,False,0.226777877373679,False,0.152513188949427,False,0.08647214836462058,False
4091,0.2540490251617708,False,0.12749013956498156,False,0.20698905809880785,False,0.1041852513163789,False,0.1041852513163789,False
4092,0.15552187245477211,False,0.12618316934038992,False,0.2801718230489085,False,0.0837144764080997,False,0.0837144764080997,False
4093,0.17090425710279789,False,0.08758439808656238,False,0.2661203745666285,False,0.12203931483008801,False,0.08758439808656238,False
4094,0.17295123311808314,False,0.056032457093143084,False,0.2311093316323094,False,0.1279534541103191,False,0.056032457093143084,False
4095,0.08606267986424254,False,0.13085287944744128,False,0.24520328297948218,False,0.09508726693950986,False,0.08606267986424254,False
4096,0.23023423487325306,False,0.16827174645766302,False,0.2484334419203354,False,0.09650072479008198,False,0.09650072479008198,False
4097,0.22893236962342733,False,0.0650044204138096,False,0.22678756101119907,False,0.07813991423813627,False,0.0650044204138096,False
4098,0.1995105849532426,False,0.14114678649488627,False,0.1972841708613251,False,0.17090664236327113,False,0.14114678649488627,False
4099,0.1044732727866794,False,0.09072885358440563,False,0.11671226785188116,False,0.10328703115825921,False,0.09072885358440563,False
4100,0.20014245793918373,False,0.15476020207387498,False,0.18048945704522767,False,0.11198952503692394,False,0.11198952503692394,False
4101,0.16815660297484447,False,0.10460343094193136,False,0.16679263352925516,False,0.14440813409747755,False,0.10460343094193136,False
4102,0.15740611568880214,False,0.16499494398117664,False,0.19416046088749722,False,0.1493150601906652,False,0.1493150601906652,False
4103,0.22480735169192678,False,0.11125415661091831,False,0.25136200220021315,False,0.11307304599592272,False,0.11125415661091831,False
4104,0.1602515884230546,False,0.13686374397305778,False,0.21206278162858994,False,0.14455882925116315,False,0.13686374397305778,False
4105,0.2015458566859547,False,0.13130097643598287,False,0.24972892976833883,False,0.12106599180569555,False,0.12106599180569555,False
4106,0.2131492812786237,False,0.15150403172042137,False,0.24346637758481077,False,0.0911349803740108,False,0.0911349803740108,False
4107,0.2377464602210016,False,0.1420011135797863,False,0.26853992259800974,False,0.17800750943339116,False,0.1420011135797863,False
4108,0.2636777664700792,False,0.14344229265671143,False,0.20103372528530322,False,0.15650853520865388,False,0.14344229265671143,False
4109,0.22641129954595546,False,0.12599716349544482,False,0.21469577219623937,False,0.07552193750435576,False,0.07552193750435576,False
4110,0.2611078440832718,False,0.1329988433207891,False,0.2397896508371562,False,0.1015017926771209,False,0.1015017926771209,False
4111,0.26198814435438483,False,0.09081725674095353,False,0.19534133478425908,False,0.13674600742286913,False,0.09081725674095353,False
4112,0.2634171079745329,False,0.07935557375617108,False,0.20853284676220807,False,0.04216763091618436,False,0.04216763091618436,False
4113,0.20259363349531306,False,0.12766410983510973,False,0.15041512101122034,False,0.10700971129806403,False,0.10700971129806403,False
4114,0.24172317009532646,False,0.0827674525391402,False,0.21471779445666112,False,0.1330654239375071,False,0.0827674525391402,False
4115,0.24618849702755752,False,0.14527170395015732,False,0.24685955094512924,False,0.11398012876788288,False,0.11398012876788288,False
4116,0.24818869716979763,False,0.055435456114015014,False,0.2421569529735867,False,0.16436470907051193,False,0.055435456114015014,False
4117,0.20136091507024284,False,0.1533839059591185,False,0.2620490691852029,False,0.1339811225959967,False,0.1339811225959967,False
4118,0.144374657947897,False,0.1614017492718744,False,0.20829392326585544,False,0.08788031492992499,False,0.08788031492992499,False
4119,0.2258220385013226,False,0.1487836341013617,False,0.2126104206444151,False,0.10351906242335385,False,0.10351906242335385,False
4120,0.1464592093899697,False,0.10362816418643572,False,0.26537922412684756,False,0.11818763472263694,False,0.10362816418643572,False
4121,0.1123900895120662,False,0.07715389772623449,False,0.2504537545552016,False,0.11794947877428918,False,0.07715389772623449,False
4122,0.25536802072173787,False,0.07828876564447718,False,0.22704622247002032,False,0.14181154008378305,False,0.07828876564447718,False
4123,0.25132472680351026,False,0.17116824947616588,False,0.1388191094283412,False,0.08065947652706595,False,0.08065947652706595,False
4124,0.220580457105142,False,0.15994468882531365,False,0.2223146809877759,False,0.09758980253307559,False,0.09758980253307559,False
4125,0.25605717128266225,False,0.1617777648164238,False,0.14010698149448797,False,0.1132248068834415,False,0.1132248068834415,False
4126,0.23241533974376388,False,0.14715563642844376,False,0.21219646401543923,False,0.09196924999210687,False,0.09196924999210687,False
4127,0.2075926683373263,False,0.11575089816236572,False,0.23644388345419864,False,0.12141939651838107,False,0.11575089816236572,False
4128,0.23642390185432038,False,0.14167962413594842,False,0.15926301265079346,False,0.06030148908150923,False,0.06030148908150923,False
4129,0.1351629461498427,False,0.12549817949006453,False,0.20067770845796223,False,0.031054082286075868,False,0.031054082286075868,False
4130,0.1411891083789356,False,0.027936339453169312,False,0.16386695321648165,False,0.07312207369034229,False,0.027936339453169312,False
4131,0.23613347865821804,False,0.16808180453972132,False,0.23119189801753776,False,0.053550886692223965,False,0.053550886692223965,False
4132,0.1311362231881772,False,0.11576557333155202,False,0.16844447153784714,False,-0.07334105822259684,True,-0.07334105822259684,True
4133,0.21954617943151228,False,0.10973543975091704,False,0.19080880265742622,False,0.07331052498581536,False,0.07331052498581536,False
4134,0.2365602734344403,False,0.16160795061876115,False,0.14794563254668358,False,0.067715403824959,False,0.067715403824959,False
4135,0.21244751596887362,False,0.12769794489059855,False,0.17690346538393542,False,0.026615833329051264,False,0.026615833329051264,False
4136,0.24049539022905708,False,0.16130370866466526,False,0.2309513841869812,False,0.08984994490810438,False,0.08984994490810438,False
4137,0.22112481086698388,False,0.15529546174715303,False,0.16679573936926123,False,0.09240586054929556,False,0.09240586054929556,False
4138,0.11595286518096692,False,0.11932085842938145,False,0.20805291823516336,False,0.0854877187799642,False,0.0854877187799642,False
4139,0.1258115412002363,False,0.06407810676665682,False,0.2217471965820213,False,0.011306570706714814,False,0.011306570706714814,False
4140,0.2624797700259588,False,0.10115661557155176,False,0.1265392686149175,False,0.13947070714515009,False,0.10115661557155176,False
4141,0.22329128410720062,False,0.15869907028689917,False,0.20022549640548387,False,0.0823455172531341,False,0.0823455172531341,False
4142,0.23704317284339876,False,0.10609375339817251,False,0.22108746969551574,False,0.053079619211574336,False,0.053079619211574336,False
4143,0.24552190638762345,False,0.05977446817864318,False,0.22118139675706489,False,0.13677139679169953,False,0.05977446817864318,False
4144,0.13950694434016986,False,0.162680523664195,False,0.12117039785411832,False,0.07013148804131109,False,0.07013148804131109,False
4145,0.21990877470907488,False,0.16690760093937845,False,0.22843274133937969,False,0.13814912286781228,False,0.13814912286781228,False
4146,0.20594143395272646,False,0.14985297398769276,False,0.2682110882950614,False,0.07301685607513053,False,0.07301685607513053,False
4147,0.2608044518413159,False,0.12892299278182284,False,0.24909620550168815,False,0.1185851438010792,False,0.1185851438010792,False
4148,0.26202190479133575,False,0.1422508771249511,False,0.19627591809121647,False,0.05562457459734138,False,0.05562457459734138,False
4149,0.22400367456460862,False,0.13347647483671943,False,0.2308526494451727,False,0.0847012476746638,False,0.0847012476746638,False
4150,0.20397354688981967,False,0.16081780710989507,False,0.2239098791957957,False,0.07005725709963417,False,0.07005725709963417,False
4151,0.2573958930465717,False,0.06714779183761099,False,0.22642034781940923,False,0.16894957761568113,False,0.06714779183761099,False
4152,0.20761836409010664,False,0.1851606704684825,False,0.07213296423884441,False,0.04483034136800401,False,0.04483034136800401,False
4153,0.23443927515293628,False,0.15440736800211835,False,0.2625080842097666,False,0.08379545907637631,False,0.08379545907637631,False
4154,0.21320408085024495,False,0.11482241824101436,False,0.20100660472067255,False,0.07966377055007945,False,0.07966377055007945,False
4155,0.2210600949071046,False,0.1520445657175375,False,0.08226853204267293,False,0.07747255769056527,False,0.07747255769056527,False
4156,0.25175189453828006,False,0.13291734098713542,False,0.19891703893993234,False,0.14008241838610258,False,0.13291734098713542,False
4157,0.23329605555207866,False,0.1213849218386065,False,0.2667463739581447,False,0.13324982189917928,False,0.1213849218386065,False
4158,0.2401905803125351,False,0.06297707076622816,False,0.2373071278635165,False,0.08374961026027106,False,0.06297707076622816,False
4159,0.20003901803942947,False,0.15995100155768283,False,0.23341779659044803,False,0.10575398603001662,False,0.10575398603001662,False
4160,0.2527431349958115,False,0.13292379057719605,False,0.1854231156796648,False,0.15337443383328292,False,0.13292379057719605,False
4161,0.22484037541688712,False,0.13910185044811513,False,0.2244284921700917,False,0.1411109782798174,False,0.13910185044811513,False
4162,0.17658689798403338,False,0.04662704743058754,False,0.20654443268130596,False,0.09970480358697076,False,0.04662704743058754,False
4163,0.23346577563791215,False,0.13468840924576514,False,0.2472189155656433,False,0.10061573894372522,False,0.10061573894372522,False
4164,0.17499711636642662,False,0.03153450314590134,False,0.23961072065227096,False,0.13015614309572532,False,0.03153450314590134,False
4165,0.21137319321533665,False,0.0999142827743662,False,0.18175848372883813,False,0.13277281257877227,False,0.0999142827743662,False
4166,0.23109647184333276,False,0.10704590028915284,False,0.2527456055882923,False,0.12055797841122695,False,0.10704590028915284,False
4167,0.198980816703749,False,0.16740706708160175,False,0.2134355270117188,False,0.09758482327005591,False,0.09758482327005591,False
4168,0.24873804682740314,False,0.10662413653754566,False,0.2504667058062792,False,0.10504921695766156,False,0.10504921695766156,False
4169,0.2579456198915735,False,0.1532488057287721,False,0.2239141247794182,False,0.13285409422973782,False,0.13285409422973782,False
4170,0.21202464428286094,False,0.08605942065310879,False,0.20133957033099942,False,0.08611311098613694,False,0.08605942065310879,False
4171,0.21484075498302851,False,0.11003985788470239,False,0.1316373782812963,False,0.04439692867756373,False,0.04439692867756373,False
4172,0.2199524243172511,False,0.12822642281081065,False,0.2335884608863955,False,0.1261933893985735,False,0.1261933893985735,False
4173,0.2050618778541598,False,0.1331597562290231,False,0.2161788383224872,False,0.05019514016361837,False,0.05019514016361837,False
4174,0.13925470612482638,False,0.09626500871259358,False,0.22087000033021148,False,0.1458845064000976,False,0.09626500871259358,False
4175,0.23332504039753915,False,0.10887882130604032,False,0.2504603702962824,False,0.02715924564167793,False,0.02715924564167793,False
4176,0.15918537937477883,False,0.12171950055856884,False,0.24839209901516973,False,0.08515094088366448,False,0.08515094088366448,False
4177,0.2587646222817854,False,0.10829261869650819,False,0.18705712777481187,False,0.03955531522511457,False,0.03955531522511457,False
4178,0.18574975905142493,False,0.051419118538155284,False,0.08965360937283762,False,0.07450810934499563,False,0.051419118538155284,False
4179,0.2110749082789728,False,0.020593135244898364,False,0.22962512936685364,False,0.07063816251293698,False,0.020593135244898364,False
4180,0.22362954148521186,False,0.04435633181225418,False,0.26122738993985883,False,0.13703846437427053,False,0.04435633181225418,False
4181,0.24230999758665894,False,0.11718437712628749,False,0.26496995831887843,False,0.13947778492582752,False,0.11718437712628749,False
4182,0.2517290717934684,False,0.13321959850431808,False,0.17979481556054683,False,0.10341789588663675,False,0.10341789588663675,False
4183,0.15780284457897037,False,0.07988523864370245,False,0.26943745497605015,False,0.12291203592796873,False,0.07988523864370245,False
4184,0.17132222495838312,False,0.0906092238783035,False,0.2188654617702761,False,0.12665260390857824,False,0.0906092238783035,False
4185,0.22673370168581775,False,0.032617310781815845,False,0.24428551625417105,False,0.14800491743943223,False,0.032617310781815845,False
4186,0.1598127616869035,False,0.04788052036952928,False,0.19487890881508446,False,0.14083469937042514,False,0.04788052036952928,False
4187,0.15519347983396925,False,0.010898446885675206,False,0.20642839218907388,False,0.07840358250205204,False,0.010898446885675206,False
4188,0.1639192181839993,False,0.10570093534198466,False,0.23301883800150486,False,0.12001246787566933,False,0.10570093534198466,False
4189,0.2016048440025091,False,0.052504204766465,False,0.23416681079249002,False,0.1099132046679343,False,0.052504204766465,False
4190,0.17283355099563252,False,0.15861848455617433,False,0.2546450823090978,False,0.05769999546979121,False,0.05769999546979121,False
4191,0.14141866452803142,False,0.009916158157042387,False,0.23036108552737894,False,0.13077107477506222,False,0.009916158157042387,False
4192,0.2213144320212176,False,0.0961125012041173,False,0.2109031916705566,False,0.12110002632657468,False,0.0961125012041173,False
4193,0.1717181540605745,False,0.007934882632781526,False,0.2377562367746977,False,0.018866924043916544,False,0.007934882632781526,False
4194,0.15626671443311446,False,0.1626197444325666,False,0.18886387342139282,False,0.13143701514378764,False,0.13143701514378764,False
4195,0.20006206470473137,False,0.08978595634819708,False,0.24961088552652744,False,0.04486668390009574,False,0.04486668390009574,False
4196,0.15070557852924465,False,0.1522818276158482,False,0.26701928952210496,False,0.12556646527860255,False,0.12556646527860255,False
4197,0.21945660105115378,False,0.18042608613980282,False,0.20757519826687532,False,0.11709575243860948,False,0.11709575243860948,False
4198,0.212359703071622,False,0.15302309109330148,False,0.20154928563293512,False,0.16854703087016304,False,0.15302309109330148,False
4199,0.1743085351549739,False,0.041481851318088125,False,0.1733042127433964,False,0.13034919609204776,False,0.041481851318088125,False
4200,0.1940459923559248,False,0.02181010290835772,False,0.24200159135084598,False,0.10519589513965422,False,0.02181010290835772,False
4201,0.19520271244766496,False,0.13723371429672393,False,0.2184478107303912,False,0.13031869197164314,False,0.13031869197164314,False
4202,0.19030027108467135,False,0.023838836723262258,False,0.2334252100630374,False,0.1513045737831646,False,0.023838836723262258,False
4203,0.19579369768858557,False,0.11827021231726642,False,0.2205630055619205,False,0.11698634849081913,False,0.11698634849081913,False
4204,0.17058709793862226,False,0.07589876994240274,False,0.12746486501706478,False,0.12469667889779529,False,0.07589876994240274,False
4205,0.1169719546645509,False,0.054459747115788826,False,0.22652986696339716,False,0.0880020775076602,False,0.054459747115788826,False
4206,0.14532325972809768,False,0.1361708986862874,False,0.24418455408488732,False,0.009669426905776879,False,0.009669426905776879,False
4207,0.2012411730003757,False,0.07658276561855082,False,0.25250370841575026,False,0.11964597388754294,False,0.07658276561855082,False
4208,0.19563320421468278,False,0.05227146313398867,False,0.06956831047643164,False,0.09214664968106423,False,0.05227146313398867,False
4209,0.16181767523887403,False,0.15601295756886457,False,0.2407800372893587,False,0.04608587642564865,False,0.04608587642564865,False
4210,0.1742326007543561,False,0.13867048930108195,False,0.2373579973337684,False,0.10406105047938785,False,0.10406105047938785,False
4211,0.18116703021575065,False,0.10410790565544115,False,0.16844369761196898,False,0.07072850283361554,False,0.07072850283361554,False
4212,0.24818996871340393,False,0.12097863628111416,False,0.25625201784672935,False,0.06668844209443858,False,0.06668844209443858,False
4213,0.21576073802963291,False,0.08049048849940688,False,0.23710778213791817,False,0.14279769039683426,False,0.08049048849940688,False
4214,0.11041785821975125,False,0.07419292256090859,False,0.12919893162018914,False,0.14006004368911756,False,0.07419292256090859,False
4215,0.15166959193098029,False,0.10169532646428348,False,0.22610388267823445,False,0.058119014864217555,False,0.058119014864217555,False
4216,0.15673106394535574,False,0.036147398676682485,False,0.235768556038002,False,0.08069407921331095,False,0.036147398676682485,False
4217,0.2435518085847559,False,0.12791838674495432,False,0.1950924005659891,False,0.13181098008300912,False,0.12791838674495432,False
4218,0.1331658809075884,False,0.15230046957080923,False,0.22431894252696616,False,0.09428174424148006,False,0.09428174424148006,False
4219,0.1992230773772361,False,0.06554861186945216,False,0.22800285139709092,False,0.08289875381341116,False,0.06554861186945216,False
4220,0.20453340875479542,False,0.03326634175745946,False,0.2258812008258992,False,0.0992398181950046,False,0.03326634175745946,False
4221,0.21808634090805296,False,0.170337001522263,False,0.2126340855051414,False,0.1295918381668853,False,0.1295918381668853,False
4222,0.174970551151375,False,0.14911528725838358,False,0.18782608428888792,False,0.12035951058316663,False,0.12035951058316663,False
4223,0.1601740629400833,False,0.10250409430391338,False,0.24158510617376583,False,0.14302586807056977,False,0.10250409430391338,False
4224,0.19982192220951217,False,0.02907485135159593,False,0.2658622454394972,False,0.09853228227227873,False,0.02907485135159593,False
4225,0.1351541224327445,False,0.04071462258367475,False,0.24925927364109096,False,0.06604082339725414,False,0.04071462258367475,False
4226,0.2571792853926484,False,0.04726337463062602,False,0.19753536947525663,False,0.10419839251007956,False,0.04726337463062602,False
4227,0.22738930775745253,False,0.04631581346548164,False,0.18964353063734024,False,0.13508444794613766,False,0.04631581346548164,False
4228,0.18472007994917422,False,0.08281203785413782,False,0.24544446612832627,False,0.09713160110630203,False,0.08281203785413782,False
4229,0.195694499809988,False,0.03172789326120384,False,0.16736733229446205,False,0.06123240373875616,False,0.03172789326120384,False
4230,0.16611353368610104,False,0.1250583402292969,False,0.2455683338827624,False,0.09549451011055521,False,0.09549451011055521,False
4231,0.2205049477458294,False,0.11509228579530395,False,0.1499646689049211,False,0.13645494822474857,False,0.11509228579530395,False
4232,0.15383156271321946,False,0.073558127167214,False,0.2210808594051223,False,0.1261704945040511,False,0.073558127167214,False
4233,0.07418516132952957,False,0.014230753552343045,False,0.2080820707920601,False,0.12950497779106784,False,0.014230753552343045,False
4234,0.08124699364050025,False,0.1256723646078024,False,0.23789690556504428,False,0.08356106506360594,False,0.08124699364050025,False
4235,0.1503563376502861,False,0.11848575255066185,False,0.1893896049460077,False,0.07209868273604758,False,0.07209868273604758,False
4236,0.16476320257089205,False,0.14657511115501898,False,0.22953772772183872,False,0.1803355921574632,False,0.14657511115501898,False
4237,0.18034754485248083,False,0.09541126156309254,False,0.2733571740651531,False,0.10762136014765578,False,0.09541126156309254,False
4238,0.206965416252765,False,0.11767543011677073,False,0.26163782462810026,False,0.1404702060228682,False,0.11767543011677073,False
4239,0.09314657663091674,False,0.032059860301580034,False,0.24527860202048035,False,0.12192739528901253,False,0.032059860301580034,False
4240,0.23697706065313023,False,0.14658575408134006,False,0.21655685754398446,False,0.14004298364771228,False,0.14004298364771228,False
4241,0.11231510989158922,False,0.0873316383779481,False,0.16711202055706503,False,0.13605107910877423,False,0.0873316383779481,False
4242,0.16175314990323497,False,0.14795670090036755,False,0.15961081695782786,False,0.14977490032330987,False,0.14795670090036755,False
4243,0.12910303634708564,False,0.13568702409015448,False,0.19167437011063393,False,0.11020921398518335,False,0.11020921398518335,False
4244,0.16212152650669942,False,0.153933634081918,False,0.2414142279866176,False,0.08435273682954492,False,0.08435273682954492,False
4245,0.15516024324689842,False,0.05012829574316935,False,0.20169210211299987,False,0.09748053809431956,False,0.05012829574316935,False
4246,0.15454714089865212,False,0.14453376631926468,False,0.17300419726763955,False,0.1370067833138529,False,0.1370067833138529,False
4247,0.14573761491131265,False,0.049354667800941665,False,0.14449668566649843,False,0.13107522682998607,False,0.049354667800941665,False
4248,0.14234180966177545,False,0.16821486669298813,False,0.24440783091006185,False,0.13677636464879556,False,0.13677636464879556,False
4249,0.20150937361054438,False,0.1141701460767156,False,0.1825430874119751,False,0.14974788563386277,False,0.1141701460767156,False
4250,0.18478468873223836,False,0.06693332358830362,False,0.19945101975707402,False,0.14543618374943806,False,0.06693332358830362,False
4251,0.22217431514910402,False,0.1854722548654133,False,0.14661876069127722,False,0.12621895842118108,False,0.12621895842118108,False
4252,0.23976838327497596,False,0.17194613018708138,False,0.2024816386392922,False,0.14980065651230745,False,0.14980065651230745,False
4253,0.16087516400521634,False,0.11793740191742808,False,0.2463439334084474,False,0.15032005991149866,False,0.11793740191742808,False
4254,0.2482444112569499,False,0.1515217479055147,False,0.19843613037118396,False,0.01444759363492909,False,0.01444759363492909,False
4255,0.23314007892165323,False,0.13022018000849106,False,0.16770465630729953,False,0.1152996210906736,False,0.1152996210906736,False
4256,0.1797291630431489,False,0.10475583425126289,False,0.1914340793622915,False,0.1541998210035922,False,0.10475583425126289,False
4257,0.22916480894822983,False,0.12526129875241027,False,0.19224451109003288,False,0.14306692805190319,False,0.12526129875241027,False
4258,0.23407754386352658,False,0.08406616418852542,False,0.13796309075157043,False,0.1409142382132662,False,0.08406616418852542,False
4259,0.2540504461183767,False,0.1856510004178239,False,0.06909227521347983,False,0.012050839064339569,False,0.012050839064339569,False
4260,0.2222599822625983,False,0.1541328870770256,False,0.168376827957552,False,0.122521671657842,False,0.122521671657842,False
4261,0.21908790621069113,False,0.1647097595922914,False,0.22710055367390064,False,0.11662857544243621,False,0.11662857544243621,False
4262,0.2158705296015605,False,0.12129828054721148,False,0.1693653339716757,False,0.09868802471267268,False,0.09868802471267268,False
4263,0.13236951904947392,False,0.10067309682027659,False,0.2180298613939574,False,0.07284279760056289,False,0.07284279760056289,False
4264,0.24860313542063095,False,0.13625554526760209,False,0.17358668984765746,False,0.09374024668314507,False,0.09374024668314507,False
4265,0.16363635942331745,False,0.1868245102491125,False,0.2010689334989541,False,0.06285440636238027,False,0.06285440636238027,False
4266,0.2569248026555073,False,0.1438846632162622,False,0.1531474781389376,False,0.10164337867215822,False,0.10164337867215822,False
4267,0.22884506995771192,False,0.17897041831519256,False,0.11967712837756583,False,0.12091189044076911,False,0.11967712837756583,False
4268,0.2089702947679119,False,0.11873945582825818,False,0.11449782639913475,False,0.05873779804820023,False,0.05873779804820023,False
4269,0.2016412817212812,False,0.12865403604386683,False,0.2293652580171074,False,0.011706645483082978,False,0.011706645483082978,False
4270,0.20204365657539164,False,0.081394052286891,False,0.14275368173446012,False,0.12758177295168927,False,0.081394052286891,False
4271,0.18348663955663114,False,0.08141394693753645,False,0.15503412129290206,False,0.11758301098253365,False,0.08141394693753645,False
4272,0.22416997627447466,False,0.10855809903755609,False,0.25789621788510597,False,0.1467486559704022,False,0.10855809903755609,False
4273,0.23179118374869107,False,0.13148525063169775,False,0.12006649603951658,False,0.05522539617994182,False,0.05522539617994182,False
4274,0.2317863626485515,False,0.1750663768091889,False,0.22377578343479754,False,0.14583236922096127,False,0.14583236922096127,False
4275,0.23456372758354282,False,0.06389330096705226,False,0.18029402846691905,False,0.1165938966979655,False,0.06389330096705226,False
4276,0.15532933605291183,False,0.09286423122016607,False,0.062160622139532995,False,0.1192769593905284,False,0.062160622139532995,False
4277,0.12332832536000138,False,0.07470253778311176,False,0.18027946223022173,False,0.10506142237133775,False,0.07470253778311176,False
4278,0.22191978009313684,False,0.10998551894954045,False,0.13392133840094012,False,0.08733790015071496,False,0.08733790015071496,False
4279,0.25596405976975434,False,0.1709812198927646,False,0.1932540710384263,False,0.09539973840751503,False,0.09539973840751503,False
4280,0.239957379743379,False,0.1325768113092135,False,0.19682411274773248,False,0.1569514885268326,False,0.1325768113092135,False
4281,0.22856097933566294,False,0.11216277928187901,False,0.2312469675196801,False,0.17330339610459133,False,0.11216277928187901,False
4282,0.16917590806923716,False,0.0439639392647202,False,0.16074378282429047,False,0.037632969477545575,False,0.037632969477545575,False
4283,0.19106359033528125,False,0.14291806684977382,False,0.21321943406070903,False,0.09373843835081441,False,0.09373843835081441,False
4284,0.22676248870821364,False,0.14492663231292574,False,0.17054265927704904,False,0.11006568499477709,False,0.11006568499477709,False
4285,0.25665063009518013,False,0.14199827234639711,False,0.19774467025535397,False,0.1023985770569138,False,0.1023985770569138,False
4286,0.23491281630501165,False,0.10212556162993225,False,0.23464193606265227,False,0.03211612814434717,False,0.03211612814434717,False
4287,0.23980412420094788,False,0.17407199139898044,False,0.2365632141254465,False,0.07393440088131531,False,0.07393440088131531,False
4288,0.07385789300268597,False,0.08122367557824517,False,0.07273078350692941,False,0.13644965751456944,False,0.07273078350692941,False
4289,0.2117274262332725,False,0.11089172252713475,False,0.20707127338872394,False,0.10991668432164037,False,0.10991668432164037,False
4290,0.2577696961057831,False,0.058208552566789584,False,0.2694213104938495,False,0.12069195761889628,False,0.058208552566789584,False
4291,0.25379153589273035,False,0.07831126380450615,False,0.2059152045194308,False,0.15887095572111948,False,0.07831126380450615,False
4292,0.12663092443017243,False,0.03506101099687453,False,0.22303956404866387,False,0.10421673987075242,False,0.03506101099687453,False
4293,0.25553774799912304,False,0.14152900695575155,False,0.23401672619747188,False,0.09518602888129557,False,0.09518602888129557,False
4294,0.2561823380698665,False,0.1162999353792562,False,0.16867590438449803,False,0.051636070112593635,False,0.051636070112593635,False
4295,0.22780890560990064,False,0.02099373627900325,False,0.17028178535865673,False,-0.0259204862368293,True,-0.0259204862368293,True
4296,0.2521829976552711,False,0.03986731229242735,False,0.11504017606811101,False,0.03195108947235403,False,0.03195108947235403,False
4297,0.23764982363674897,False,0.044311053430104774,False,0.19878486397029804,False,0.07641520748186181,False,0.044311053430104774,False
4298,0.23247831756644516,False,0.15215146270669777,False,0.25489129905362945,False,0.13528143709366636,False,0.13528143709366636,False
4299,0.15678895850150887,False,0.13835697215546416,False,0.22752789947422047,False,0.07381119436619665,False,0.07381119436619665,False
4300,0.2597414644361026,False,0.09058484783194898,False,0.23163465650806414,False,0.041234676802373915,False,0.041234676802373915,False
4301,0.23473908371667918,False,0.18126073160242506,False,0.07413889316397926,False,0.10193112561310869,False,0.07413889316397926,False
4302,0.20676877045987174,False,0.07996211790118513,False,0.15913921357385435,False,0.08776051069249258,False,0.07996211790118513,False
4303,0.15576405353937472,False,0.10200961552443488,False,0.14182578064524087,False,0.053790960401098764,False,0.053790960401098764,False
4304,0.24731898873978236,False,0.18710916670229666,False,0.2232366435755419,False,0.07210342726195906,False,0.07210342726195906,False
4305,0.23448976376195374,False,0.12312341288033002,False,0.19223195640222057,False,0.08223562663662243,False,0.08223562663662243,False
4306,0.17263798079126497,False,0.18020241072054755,False,0.1439368916884579,False,0.06703723849110299,False,0.06703723849110299,False
4307,0.1994452531132881,False,0.15941935033602134,False,0.1866788173521195,False,0.08890782893377713,False,0.08890782893377713,False
4308,0.18987499455751078,False,0.14370784445010798,False,0.20532920378313108,False,0.053990311680736314,False,0.053990311680736314,False
4309,0.07332406145347903,False,0.16623917505860675,False,0.17217492912585325,False,0.020144254394747207,False,0.020144254394747207,False
4310,0.1901765442178937,False,0.17094497597396946,False,0.2550895375039912,False,0.09322096993930173,False,0.09322096993930173,False
4311,0.25928306079491403,False,0.17828586982737665,False,0.23033411232861106,False,0.05305097924173252,False,0.05305097924173252,False
4312,0.17092486395674267,False,0.13385540132519486,False,0.1987871158755698,False,0.04011051331792259,False,0.04011051331792259,False
4313,0.20745881788901688,False,0.16885047868924807,False,0.23216664371743745,False,0.05302916178026229,False,0.05302916178026229,False
4314,0.20752586807845624,False,0.07057811804307434,False,0.2000507413100257,False,0.12010580137358362,False,0.07057811804307434,False
4315,0.21879621292935525,False,0.1356392512732787,False,0.19646880250127563,False,0.13570084920950654,False,0.1356392512732787,False
4316,0.15972600684824118,False,0.1410862218472354,False,0.1484439960500923,False,0.09460888932734635,False,0.09460888932734635,False
4317,0.24999801967202334,False,0.14193204383815727,False,0.16869532215893296,False,0.08524579591936543,False,0.08524579591936543,False
4318,0.21480461709063098,False,0.17834135335995327,False,0.21422664287422555,False,0.07293798255182826,False,0.07293798255182826,False
4319,0.2358084014455093,False,0.17063683804930851,False,0.16284274425012374,False,0.10857876517600551,False,0.10857876517600551,False
4320,0.18324363975088032,False,0.12261269651182682,False,0.20413046504744403,False,0.08148311789967877,False,0.08148311789967877,False
4321,0.22560071281745797,False,0.16067272244827263,False,0.08170643180211123,False,0.057331547464568255,False,0.057331547464568255,False
4322,0.053049989115935614,False,0.17468925397300905,False,0.23232355258966914,False,0.05230658199228566,False,0.05230658199228566,False
4323,0.22862798711308863,False,0.15864575741635978,False,0.10429577374610466,False,0.10480747721037786,False,0.10429577374610466,False
4324,0.1938622463470891,False,0.14259830935818968,False,0.20007539314802963,False,0.13924615740111346,False,0.13924615740111346,False
4325,0.22356380661613695,False,0.04198803346983759,False,0.2440722475967057,False,0.14355981122197548,False,0.04198803346983759,False
4326,0.2518484260303755,False,0.1444327821419264,False,0.20895060853931513,False,0.12046703063739828,False,0.12046703063739828,False
4327,0.2160843729888582,False,0.16317695729079806,False,0.16427316477866205,False,0.05877266111980606,False,0.05877266111980606,False
4328,0.1882483234719406,False,0.11440004704326223,False,0.2372100094026866,False,0.1025138595486369,False,0.1025138595486369,False
4329,0.2528248936577936,False,0.13385854143983061,False,0.23216845060054137,False,0.03072401227600563,False,0.03072401227600563,False
4330,0.21080945556716357,False,0.13350247265810306,False,0.24460027401587214,False,0.10157413271221882,False,0.10157413271221882,False
4331,0.24922820945083074,False,0.07802266626943455,False,0.22353808953376236,False,0.10407872118737838,False,0.07802266626943455,False
4332,0.15967307820754795,False,0.12504908856865266,False,0.03512647153392978,False,0.10151841833545816,False,0.03512647153392978,False
4333,0.15482703819383048,False,0.07770886503106977,False,0.232737029578705,False,0.01604133052255796,False,0.01604133052255796,False
4334,0.25411060402297025,False,0.1445519280372165,False,0.2259526305758346,False,0.03289911047023775,False,0.03289911047023775,False
4335,0.08580836707361095,False,0.16757184043005285,False,0.18996532427041468,False,0.042227391334895836,False,0.042227391334895836,False
4336,0.2118604476748287,False,0.07593366128811807,False,0.2275706993104687,False,0.10014662234914629,False,0.07593366128811807,False
4337,0.20097941116080875,False,0.09228665062208719,False,0.21811140494552672,False,0.0761446556911527,False,0.0761446556911527,False
4338,0.2585304101021078,False,0.15254335421392995,False,0.21410108030752628,False,0.038221815434555495,False,0.038221815434555495,False
4339,0.07680335325089893,False,0.10775993557272256,False,0.21870718891816698,False,0.06387838143021185,False,0.06387838143021185,False
4340,0.1972862258861019,False,0.12254385049243488,False,0.1999284412396401,False,0.044360458876260056,False,0.044360458876260056,False
4341,0.2054969143463331,False,0.10711056848105927,False,0.0604166718617406,False,0.10312958116004523,False,0.0604166718617406,False
4342,0.18768554695475748,False,0.08689337957529542,False,0.2436700006830836,False,0.08561363887525697,False,0.08561363887525697,False
4343,0.17240690399014635,False,0.13426681648597416,False,0.1446924831032702,False,0.03827183154956759,False,0.03827183154956759,False
4344,0.19143805771505296,False,0.1446744894786272,False,0.2287436749018028,False,0.05221382510394623,False,0.05221382510394623,False
4345,0.1361545801401185,False,0.1369641861516206,False,0.21891412179709824,False,0.0196654875959561,False,0.0196654875959561,False
4346,0.19483690266732484,False,0.15029379501612677,False,0.2020751052639631,False,0.06330060639028945,False,0.06330060639028945,False
4347,0.10553014642762759,False,0.14354240160844045,False,0.16005919261628493,False,0.10056436439487759,False,0.10056436439487759,False
4348,0.1281821566896133,False,0.11426945846582526,False,0.21893756276548426,False,0.051542119384179075,False,0.051542119384179075,False
4349,0.2508307973184503,False,0.10303316636399718,False,0.23885498949156092,False,0.12506299468765048,False,0.10303316636399718,False
4350,0.2415023998390055,False,0.15611767039172447,False,0.2024805754144397,False,0.08067425555382968,False,0.08067425555382968,False
4351,0.22127041318595048,False,0.16015434147783675,False,0.24165885294273948,False,0.13173480390294579,False,0.13173480390294579,False
4352,0.1754164701021536,False,0.15628453457212338,False,0.09541352688324578,False,0.11068347067175766,False,0.09541352688324578,False
4353,0.22699815217658187,False,0.17532194648384475,False,0.18821598155733182,False,-0.010580455235024266,True,-0.010580455235024266,True
4354,0.2041555526843541,False,0.17482395435236425,False,0.1453959934685619,False,0.10044636422479569,False,0.10044636422479569,False
4355,0.2307108866340427,False,0.12385534144585919,False,0.19744217566909572,False,-0.04448626196238559,True,-0.04448626196238559,True
4356,0.20407247077380164,False,0.10852948579952637,False,0.22771984428547665,False,-0.005487783512109545,True,-0.005487783512109545,True
4357,0.23157861927637524,False,0.09133828399579547,False,0.20397760756765348,False,0.08464071585260546,False,0.08464071585260546,False
4358,0.2075759745105905,False,0.03213011030985058,False,0.1458036422786323,False,0.0777584461009353,False,0.03213011030985058,False
4359,0.2336377909857067,False,0.1470377714325536,False,0.16577023569208638,False,0.13247098857193867,False,0.13247098857193867,False
4360,0.1991432379411252,False,0.13776214689825517,False,0.2286766190551383,False,0.12534340222749885,False,0.12534340222749885,False
4361,0.22529817112130368,False,0.144726807121697,False,0.21789970311464446,False,0.03689967870601929,False,0.03689967870601929,False
4362,0.22348256964119506,False,0.0712104928748466,False,0.2371715849366236,False,0.09178776310392689,False,0.0712104928748466,False
4363,0.21958911148021604,False,0.14741883085531143,False,0.2497942142282637,False,0.0708004228632707,False,0.0708004228632707,False
4364,0.19625010238411922,False,0.10231453375206145,False,0.21546013148703874,False,0.12375732448074972,False,0.10231453375206145,False
4365,0.1801676709526216,False,0.10528681574038268,False,0.17762264347207668,False,0.006646198589804975,False,0.006646198589804975,False
4366,0.19739740767820274,False,0.08354260985857476,False,0.15998504924673201,False,0.12365513789874294,False,0.08354260985857476,False
4367,0.08161572536654216,False,0.11714376018883532,False,0.22958339242038095,False,0.08491066349744725,False,0.08161572536654216,False
4368,0.23542145161561778,False,0.08728973908930104,False,0.1370658531078086,False,0.1436427382826958,False,0.08728973908930104,False
4369,0.2231076405206035,False,0.16748344986145808,False,0.19118283329150076,False,0.052709834209760276,False,0.052709834209760276,False
4370,0.2101290410796699,False,0.12401347989385286,False,0.2262376470992014,False,0.09028050623725636,False,0.09028050623725636,False
4371,0.2018975739445028,False,0.12236062210414322,False,0.15498893855735463,False,0.0712002835834813,False,0.0712002835834813,False
4372,0.18591134860467495,False,0.17341691273747878,False,0.1416744419191064,False,0.10783185737339596,False,0.10783185737339596,False
4373,0.13198074184009456,False,0.1540789629246,False,0.1965428627316086,False,0.06962874451566359,False,0.06962874451566359,False
4374,0.25791935572911534,False,0.15319199743031203,False,0.20628479318269832,False,0.04898126890925503,False,0.04898126890925503,False
4375,0.10756729086924677,False,0.09353377861314172,False,0.2277715108054062,False,0.12746623406232915,False,0.09353377861314172,False
4376,0.17342953755430185,False,0.10596283759101854,False,0.2380060793317944,False,0.10522965986711386,False,0.10522965986711386,False
4377,0.03993400043371442,False,0.14538207208450948,False,0.2452123475406251,False,0.11262748923744059,False,0.03993400043371442,False
4378,0.24795982789173876,False,0.14704990172882249,False,0.23397813048792188,False,0.03198757999466939,False,0.03198757999466939,False
4379,0.2431675364886216,False,0.10518943196270647,False,0.1694688859040946,False,0.0105861467280437,False,0.0105861467280437,False
4380,0.18080977208201748,False,0.14328272586897817,False,0.23341773235558755,False,0.08494839121268294,False,0.08494839121268294,False
4381,0.19730769828462302,False,0.10634574222332871,False,0.27544575344664457,False,0.09199315420553789,False,0.09199315420553789,False
4382,0.2438364198810976,False,0.0851817009416459,False,0.21716002230506787,False,0.06577476227139678,False,0.06577476227139678,False
4383,0.21960093114586482,False,0.15167476845647027,False,0.26151821385229257,False,0.08248025412424043,False,0.08248025412424043,False
4384,0.21315203993121545,False,0.1145867612389041,False,0.172643736526435,False,0.1207845939688289,False,0.1145867612389041,False
4385,0.23575516514813044,False,0.10484593961186928,False,0.170644069333595,False,-0.035123009141657,True,-0.035123009141657,True
4386,0.2502704100302542,False,0.13818543954711698,False,0.2580808560823053,False,0.10280492515470041,False,0.10280492515470041,False
4387,0.20386758922299308,False,0.1378791704678914,False,0.1553443973700559,False,0.09059446382774816,False,0.09059446382774816,False
4388,0.13239079376301732,False,0.16288302960960893,False,0.24588887028866474,False,0.026240210442862733,False,0.026240210442862733,False
4389,0.23864043069717372,False,0.08518268345103241,False,0.25746928716819395,False,0.06307599013472687,False,0.06307599013472687,False
4390,0.22695470541437646,False,0.09107599054946947,False,0.22524707633828212,False,0.005576860774477832,False,0.005576860774477832,False
4391,0.14668195478016316,False,0.10006350722480328,False,0.20771752662028975,False,0.07549254572857478,False,0.07549254572857478,False
4392,0.18245055476792676,False,0.08259472353361763,False,0.18535921767469837,False,0.07289129634947589,False,0.07289129634947589,False
4393,0.2450722414301743,False,0.12616909975048657,False,0.21632389874521984,False,0.022026457876174077,False,0.022026457876174077,False
4394,0.1284848275616438,False,0.07147236597756779,False,0.16303606648133112,False,0.11750127254127352,False,0.07147236597756779,False
4395,0.19023771702089232,False,0.175769220540622,False,0.14087449266568652,False,0.09722390495610023,False,0.09722390495610023,False
4396,0.1846195181478567,False,0.10237559441380895,False,0.21987985173854052,False,0.09493526610839953,False,0.09493526610839953,False
4397,0.1803859206065727,False,0.16966443341150872,False,0.21551760082218663,False,0.07087855984547087,False,0.07087855984547087,False
4398,0.18889733008705717,False,0.08965009048320405,False,0.17003941235498093,False,0.042554254447654816,False,0.042554254447654816,False
4399,0.21535802316530744,False,0.12766996878666292,False,0.2842152806280661,False,0.15121478222758666,False,0.12766996878666292,False
4400,0.1735600142335862,False,0.10667899794476843,False,0.20644851350284027,False,0.11504349828012006,False,0.10667899794476843,False
4401,0.20305377800248753,False,0.10246085890306278,False,0.20989055034012183,False,0.09847808962220306,False,0.09847808962220306,False
4402,0.019443699692070382,False,0.08216343229060674,False,0.20877278484615058,False,0.05702861485661981,False,0.019443699692070382,False
4403,0.1938169485827292,False,0.1539901535535802,False,0.20098715492711205,False,0.0755738184519692,False,0.0755738184519692,False
4404,0.17302705788233463,False,0.11567798407603824,False,0.19135939691488035,False,0.06603639686176155,False,0.06603639686176155,False
4405,0.12047792578826488,False,0.1246389915969578,False,0.23224006475573983,False,0.028107442527616766,False,0.028107442527616766,False
4406,0.2135207596873171,False,0.049512169309187004,False,0.22262823566166323,False,0.05755299675091663,False,0.049512169309187004,False
4407,0.23487806249016246,False,0.13592244335862208,False,0.18815176833139408,False,0.034962408604612416,False,0.034962408604612416,False
4408,0.19523004851703268,False,0.1057160970093064,False,0.18024212087860325,False,0.03774487079008004,False,0.03774487079008004,False
4409,0.20479079695995406,False,0.1196789419206089,False,0.21503842392728367,False,0.022294465040976763,False,0.022294465040976763,False
4410,0.15944998308048408,False,0.17052954881143934,False,0.21913337829028567,False,0.05972189004085737,False,0.05972189004085737,False
4411,0.15749715085349925,False,0.06642642902496154,False,0.20257050508677543,False,0.10409139421996161,False,0.06642642902496154,False
4412,0.1868610143995793,False,0.07417539612102075,False,0.16781549815502056,False,0.13985669819245206,False,0.07417539612102075,False
4413,0.20222280849122637,False,0.0952298739910703,False,0.1671114560340045,False,0.04010533883795364,False,0.04010533883795364,False
4414,0.23528631051694698,False,0.1351471142630754,False,0.20443389284275626,False,0.08384461472601046,False,0.08384461472601046,False
4415,0.23438973130911184,False,0.16683602096273842,False,0.23127611436983436,False,0.0743211079244771,False,0.0743211079244771,False
4416,0.2578190116434623,False,0.13479096121562772,False,0.1934835266787268,False,0.043883950945073136,False,0.043883950945073136,False
4417,0.17879408561247195,False,0.1644804824927738,False,0.15868936052802274,False,0.07122351618650569,False,0.07122351618650569,False
4418,0.23905522927734368,False,0.1234130121005852,False,0.13557727688897825,False,0.13249993961901962,False,0.1234130121005852,False
4419,0.24332404945020353,False,0.12775940893111404,False,0.22939716342012545,False,0.1061480820961126,False,0.1061480820961126,False
4420,0.2451475324498315,False,0.10602803495982371,False,0.1904863403207271,False,0.11368947927746487,False,0.10602803495982371,False
4421,0.14749349744275658,False,0.1722827139581221,False,0.20045916099001887,False,0.05062100636921518,False,0.05062100636921518,False
4422,0.17518081416871922,False,0.14114047403472152,False,0.17067332194847545,False,0.11744245187043745,False,0.11744245187043745,False
4423,0.2035808780690735,False,0.10357471124790907,False,0.1230791601463852,False,-0.0014052235847502592,True,-0.0014052235847502592,True
4424,0.19407041829074473,False,0.15678053461030816,False,0.23352254387895743,False,0.05792539389996665,False,0.05792539389996665,False
4425,0.2454481727358554,False,0.14031931502522055,False,0.15057418342662643,False,-0.0469020449088875,True,-0.0469020449088875,True
4426,0.21074084461244702,False,0.10547949707022508,False,0.152342348475075,False,-0.09454520994677962,True,-0.09454520994677962,True
4427,0.23555188218525908,False,0.15283792399132018,False,0.25888617113791007,False,0.06692110897304682,False,0.06692110897304682,False
4428,0.16441172570177898,False,0.024345118579111036,False,0.26425554240825944,False,0.07199970074479967,False,0.024345118579111036,False
4429,0.25199407929298506,False,0.159857572892594,False,0.16113269150354292,False,0.10639138170863294,False,0.10639138170863294,False
4430,0.17844499113483742,False,0.13228924958629656,False,0.20772928841247268,False,-0.05372227685517883,True,-0.05372227685517883,True
4431,0.08263096447467433,False,0.14436557455462878,False,0.20367934081356925,False,0.0072805801268674974,False,0.0072805801268674974,False
4432,0.21469841745011609,False,0.19243147218605877,False,0.12927998738807256,False,0.023258059531167885,False,0.023258059531167885,False
4433,0.25301745057129543,False,0.1645849537282621,False,0.2000833557335122,False,0.062174755347575994,False,0.062174755347575994,False
4434,0.18116460634075143,False,0.16858155878959935,False,0.20784695100850364,False,0.09397161721591596,False,0.09397161721591596,False
4435,0.16974568127675865,False,0.15736769512522059,False,0.15125261088219977,False,0.07993497297232921,False,0.07993497297232921,False
4436,0.19227455091682827,False,0.17874688021515162,False,0.22613055393597808,False,0.0860579535721524,False,0.0860579535721524,False
4437,0.24209627086839747,False,0.09936042703443193,False,0.20503955731902102,False,0.07458392834673844,False,0.07458392834673844,False
4438,0.2268911868453471,False,0.09117021728113017,False,0.21766201079618092,False,0.09312356650573339,False,0.09117021728113017,False
4439,0.26085783862575923,False,0.08253406810907582,False,0.16294613445944445,False,0.08982856389514882,False,0.08253406810907582,False
4440,0.21244390705159666,False,0.14746360639847206,False,0.17295418931275663,False,0.06541906189693592,False,0.06541906189693592,False
4441,0.22538553172779546,False,0.09087494110970373,False,0.14163020991180753,False,0.15079402363993327,False,0.09087494110970373,False
4442,0.051790283008437354,False,0.1559981202986107,False,0.1894684506393457,False,-0.015595394477878388,True,-0.015595394477878388,True
4443,0.090539731080576,False,0.10724968521969025,False,0.18719734046068487,False,0.08298333691626736,False,0.08298333691626736,False
4444,0.12722352083407817,False,0.11476769610035475,False,0.1841860806093608,False,-0.047215991418495196,True,-0.047215991418495196,True
4445,0.09834883966552377,False,0.13778289563422086,False,-0.08308624869084635,True,0.02274752817740422,False,-0.08308624869084635,True
4446,0.22707034036521584,False,0.1325805088601999,False,0.16968038855792406,False,0.14756682406206983,False,0.1325805088601999,False
4447,0.20806387475674532,False,0.11241080826030692,False,0.2441332064939135,False,0.06782235701862704,False,0.06782235701862704,False
4448,0.19290890921723647,False,0.11477246757162252,False,0.23177671071703798,False,0.09651652141677236,False,0.09651652141677236,False
4449,0.17023873365229114,False,0.13586437828119557,False,0.19382755860743678,False,0.047398263458798495,False,0.047398263458798495,False
4450,0.24951626985393027,False,0.16107904094355419,False,0.23840879912788931,False,-0.00269883826160755,True,-0.00269883826160755,True
4451,0.22775647999981558,False,0.08265624821411122,False,0.12419116857417023,False,0.11374601068376988,False,0.08265624821411122,False
4452,0.20632908974276332,False,0.17614867252453248,False,0.1278795720594843,False,0.1007512076504381,False,0.1007512076504381,False
4453,0.15774037432112248,False,0.1808380738712439,False,0.2590418191546573,False,0.03638696098566718,False,0.03638696098566718,False
4454,0.20674303116504777,False,0.09795952199849634,False,0.16709128120354622,False,0.0648725525470063,False,0.0648725525470063,False
4455,0.2082137543180253,False,0.13727950365021008,False,0.16143058577332997,False,0.12284468868644516,False,0.12284468868644516,False
4456,0.1288167439556488,False,0.15557979030429092,False,0.1684561978296762,False,0.022496852245412202,False,0.022496852245412202,False
4457,0.13282978782559673,False,0.14696607898102998,False,0.2038850186125526,False,0.038614562773842565,False,0.038614562773842565,False
4458,0.16725661927002689,False,0.14076787689363035,False,0.18624863479459808,False,0.026528130641724657,False,0.026528130641724657,False
4459,0.08018843240342388,False,0.11489036680934162,False,0.14220045122891456,False,0.10024441602313894,False,0.08018843240342388,False
4460,0.10973863304256881,False,0.16002128322033332,False,0.21905071959809497,False,0.031589465088329716,False,0.031589465088329716,False
4461,0.22284358648652608,False,0.13727911339977988,False,0.26864791598803356,False,0.08318968701501206,False,0.08318968701501206,False
4462,0.16192573676530447,False,0.09451292614408113,False,0.2204415884753596,False,0.09062420084071121,False,0.09062420084071121,False
4463,0.21549098479622097,False,0.14585487461509178,False,0.24474336074572067,False,0.11536968562264127,False,0.11536968562264127,False
4464,0.2191424222642691,False,0.0853437469077778,False,0.20476638120593904,False,0.044819072433502916,False,0.044819072433502916,False
4465,0.13208395730330524,False,0.13650426313333258,False,0.11676371714812361,False,0.06631008334150534,False,0.06631008334150534,False
4466,0.18742834320243956,False,0.09766424456567024,False,0.2038543024424852,False,0.09114507872370281,False,0.09114507872370281,False
4467,0.214350594607582,False,0.17930657485403767,False,0.26996893605842365,False,0.13273376508986168,False,0.13273376508986168,False
4468,0.21699764103472013,False,0.16395037601163276,False,0.20468181249413997,False,0.0986947871138687,False,0.0986947871138687,False
4469,0.18262952520822062,False,0.18188555203502776,False,0.22261028120781717,False,0.01462805231407971,False,0.01462805231407971,False
4470,0.09339518580793171,False,0.15857421590533832,False,0.16902924647377526,False,0.07662210024431548,False,0.07662210024431548,False
4471,0.1862909579083019,False,0.12732455297547207,False,0.15036444905821356,False,0.02030633443248575,False,0.02030633443248575,False
4472,0.20097016676983848,False,0.11735505197714391,False,0.2026296039593749,False,0.03920546330661279,False,0.03920546330661279,False
4473,0.14488370788227867,False,0.16390047622417503,False,0.0346877136828313,False,0.04217497129807779,False,0.0346877136828313,False
4474,0.059771635638294685,False,0.17985425706122982,False,0.05397374052401582,False,0.016269815851756797,False,0.016269815851756797,False
4475,0.16551337410578337,False,0.18209048488727902,False,0.19863158723163737,False,0.08990550689317478,False,0.08990550689317478,False
4476,0.03086831782161048,False,0.18865598569733294,False,0.06422393786380354,False,0.026555723445333856,False,0.026555723445333856,False
4477,0.19183522887417792,False,0.18570054494646193,False,0.19462150268301198,False,0.12599671602335022,False,0.12599671602335022,False
4478,0.2467167572344096,False,0.11889245610521904,False,0.2398037450137659,False,-0.027186831340230477,True,-0.027186831340230477,True
4479,0.21070076797605786,False,0.12508889272805201,False,0.25276436188762524,False,0.033156170893326564,False,0.033156170893326564,False
4480,0.212050348790067,False,0.11871773092469473,False,0.08178234794784367,False,0.05708193569053377,False,0.05708193569053377,False
4481,0.13808871444911985,False,0.17139807293579934,False,0.23381823693444265,False,0.043341262410622416,False,0.043341262410622416,False
4482,0.20260930227054313,False,0.16955328071063008,False,0.20757667629619608,False,0.07250038507425549,False,0.07250038507425549,False
4483,0.06449829191695122,False,0.10914303095551203,False,0.16232010606428687,False,0.10034643417512956,False,0.06449829191695122,False
4484,0.2197854148999242,False,0.15569288675819365,False,0.19021372211969823,False,0.0882793301421041,False,0.0882793301421041,False
4485,0.1624488904741629,False,0.18597633815416648,False,0.17881928895109228,False,0.12264618572672414,False,0.12264618572672414,False
4486,0.23346501994131708,False,0.168458665902115,False,0.2147048370626909,False,0.06669857734774276,False,0.06669857734774276,False
4487,0.16388047907701853,False,0.168244055537478,False,0.09065734987503116,False,0.03805232836566286,False,0.03805232836566286,False
4488,0.17077812041807033,False,0.12417108236870339,False,0.1392443050620017,False,0.06585365903245533,False,0.06585365903245533,False
4489,0.21759203760427226,False,0.11476006290707819,False,0.16338859381940357,False,0.05350884784578025,False,0.05350884784578025,False
4490,0.19309434654079016,False,0.17175122573483353,False,0.16650172411835795,False,0.11020455159767328,False,0.11020455159767328,False
4491,0.20814049144554359,False,0.13941888742751235,False,0.2461941319811108,False,0.08468450439855557,False,0.08468450439855557,False
4492,0.22502601278005957,False,0.1324375240962546,False,0.24355079584101852,False,0.020316344418734422,False,0.020316344418734422,False
4493,0.23676772466675905,False,0.14643482185644519,False,0.19534067802427185,False,0.02964894392476336,False,0.02964894392476336,False
4494,0.1568898597880553,False,0.13447719399587088,False,0.2082357543344241,False,0.020443917375478238,False,0.020443917375478238,False
4495,0.21481532239744822,False,0.15258771325315174,False,0.23277164122667138,False,0.05730319833919728,False,0.05730319833919728,False
4496,0.1532747103831945,False,0.11284732142534815,False,0.20511008258897262,False,0.07344682214537612,False,0.07344682214537612,False
4497,0.1978525480075315,False,0.10295990602599248,False,0.17090894871657947,False,0.11777402321451447,False,0.10295990602599248,False
4498,0.10799755435618363,False,0.17660601019780692,False,0.15620024819553946,False,0.1106158633772405,False,0.10799755435618363,False
4499,0.21264120918817675,False,0.15190998199397215,False,0.17930947877939452,False,0.09235083038534042,False,0.09235083038534042,False
4500,0.14359077472260762,False,0.1919853563273891,False,0.1983963754427837,False,0.11506174716820095,False,0.11506174716820095,False
4501,0.15950487062989027,False,0.06979767343995835,False,0.17246523877001496,False,0.08700047023686941,False,0.06979767343995835,False
4502,0.05339006420966652,False,0.14503092489948843,False,0.2143398342542827,False,0.12586906598160275,False,0.05339006420966652,False
4503,0.18405095482947492,False,0.1705148238328495,False,0.23026698136472462,False,0.09935189169086822,False,0.09935189169086822,False
4504,0.11068251078599933,False,0.08655161677727818,False,0.1405140039369166,False,0.025283918835773078,False,0.025283918835773078,False
4505,0.04723808417322117,False,0.16784615793454633,False,0.21073430424656026,False,0.07467073494026044,False,0.04723808417322117,False
4506,0.21015490392823422,False,0.14522060192567643,False,0.14047988640135423,False,0.08875176445405386,False,0.08875176445405386,False
4507,0.16331193604164174,False,0.10920826568805653,False,0.20770872158915732,False,0.10587451741123488,False,0.10587451741123488,False
4508,0.2230899728767734,False,0.14326419409328173,False,0.20404029221641756,False,0.03799940330517304,False,0.03799940330517304,False
4509,0.20240424458827377,False,0.09333103141627153,False,0.12554836793998136,False,0.07427896969378345,False,0.07427896969378345,False
4510,0.2270740158897242,False,0.1671254369054906,False,0.18532014865791352,False,-0.0073458253137874685,True,-0.0073458253137874685,True
4511,0.2103018356674009,False,0.12102669447780479,False,0.1933840190902658,False,0.011909160970307586,False,0.011909160970307586,False
4512,0.1890845397819253,False,0.12683708180029835,False,0.13983257240704372,False,0.036040423103276265,False,0.036040423103276265,False
4513,0.13070516890777018,False,0.16395210530577092,False,0.15981740035892406,False,0.0762355107626077,False,0.0762355107626077,False
4514,0.12722720310233726,False,0.14550638599985216,False,0.07660429378141642,False,0.07476333418014591,False,0.07476333418014591,False
4515,0.16810863894670935,False,0.14634036075919743,False,0.1614026976899588,False,0.039983522806234406,False,0.039983522806234406,False
4516,0.21027402111986665,False,0.16632370880238723,False,0.20575598357328623,False,0.06145258389722019,False,0.06145258389722019,False
4517,0.18731963307828442,False,0.12149487978516349,False,0.07815156052158201,False,0.03042211616417334,False,0.03042211616417334,False
4518,0.1646158675164242,False,0.15834805855021838,False,0.1576508711223411,False,0.10447081392735769,False,0.10447081392735769,False
4519,0.18280254787882838,False,0.10709270054497433,False,0.20177502744381287,False,0.04944240381565845,False,0.04944240381565845,False
4520,0.2187458954717209,False,0.09373976240012893,False,0.15681281169111605,False,0.07571224961383649,False,0.07571224961383649,False
4521,0.18111337698470764,False,0.06170966771777098,False,0.17536379470938063,False,0.06376346885862383,False,0.06170966771777098,False
4522,0.19375147071449283,False,0.12517085857016425,False,0.15344646452801392,False,0.0728202658593341,False,0.0728202658593341,False
4523,0.19845404003194822,False,0.09473430570047925,False,0.20577451377804284,False,0.09517624507012112,False,0.09473430570047925,False
4524,0.1710190391107837,False,0.09996412390091347,False,0.23564538719072525,False,0.09976695920664058,False,0.09976695920664058,False
4525,0.14390648499327685,False,0.12945654078384966,False,0.1982469493289955,False,-0.04013858560799255,True,-0.04013858560799255,True
4526,0.2157061112465451,False,0.12048900615070468,False,0.18075448299099117,False,0.0946555632007946,False,0.0946555632007946,False
4527,0.21485622505600444,False,0.11475179428190696,False,0.12002127900753101,False,-0.022926954320998227,True,-0.022926954320998227,True
4528,0.23653242399576707,False,0.0726747785984102,False,0.20384458878527045,False,0.09376781933621614,False,0.0726747785984102,False
4529,0.2012857116446244,False,0.16138769597764313,False,0.23395270926177153,False,0.13861934869695947,False,0.13861934869695947,False
4530,0.2452090043082895,False,0.1355461579483952,False,0.2031952119622032,False,0.026425257278013148,False,0.026425257278013148,False
4531,0.24654214697149335,False,0.1653736846459546,False,0.1956238932798589,False,0.11410615887137232,False,0.11410615887137232,False
4532,0.18845965799139303,False,0.0857994312419994,False,0.20690525598249115,False,0.12281970330418568,False,0.0857994312419994,False
4533,0.24459029020249962,False,0.15037192831179214,False,0.16075646601752264,False,0.09204709832191671,False,0.09204709832191671,False
4534,0.2064131630059139,False,0.15697506812811196,False,0.20060780912587745,False,0.13319460472310474,False,0.13319460472310474,False
4535,0.19982126705814302,False,0.12666222347472078,False,0.2155143568847867,False,0.043224557572900335,False,0.043224557572900335,False
4536,0.19635576390550374,False,0.16226843244357214,False,0.18791719153187042,False,0.0030755859842378497,False,0.0030755859842378497,False
4537,0.23306579712302966,False,0.13981498905814915,False,0.17921031246586888,False,0.11982822355297618,False,0.11982822355297618,False
4538,0.19787439874266244,False,0.12872966536365166,False,0.23124732702757694,False,0.0818428496799678,False,0.0818428496799678,False
4539,0.23641662829214066,False,0.14108123601563044,False,0.18612771391585553,False,0.09137355266328528,False,0.09137355266328528,False
4540,0.23215090448649311,False,0.18489475563007085,False,0.2426029513947881,False,0.12081966141774059,False,0.12081966141774059,False
4541,0.2339167802808202,False,0.18979187421708,False,0.20492958072470707,False,0.02252389370195662,False,0.02252389370195662,False
4542,0.10497937244084232,False,0.11008550915547766,False,0.2066117070425696,False,0.09341525841405984,False,0.09341525841405984,False
4543,0.22979166339108842,False,0.12252525624648092,False,0.1247965973034666,False,0.06780258382603521,False,0.06780258382603521,False
4544,0.23652350143495676,False,0.19006122216317878,False,0.1930865172387886,False,0.06769266964453091,False,0.06769266964453091,False
4545,0.17332188589927816,False,0.10994831573228114,False,0.16574147700441877,False,0.08838597807153226,False,0.08838597807153226,False
4546,0.20333517770703363,False,0.1140828972038389,False,0.20637834245821485,False,0.0792916392182138,False,0.0792916392182138,False
4547,0.1643099555170917,False,0.1416881908422153,False,0.18149735488059277,False,0.0991278525064978,False,0.0991278525064978,False
4548,0.14415629280513959,False,0.1617547900869291,False,0.23101279925424978,False,0.08711152242174691,False,0.08711152242174691,False
4549,0.21099235689788426,False,0.17742287458460726,False,0.21483799809310544,False,0.08426876685183915,False,0.08426876685183915,False
4550,0.2396965213908563,False,0.16546216952861703,False,0.2331628279624352,False,0.04671031964104844,False,0.04671031964104844,False
4551,0.2350378147211345,False,0.16183500579805338,False,0.15814701360253747,False,0.06283758407818874,False,0.06283758407818874,False
4552,0.22807918028922525,False,0.13993542848057888,False,0.1550188966399313,False,0.06710173923372953,False,0.06710173923372953,False
4553,0.18037959190468483,False,0.17670749570387567,False,0.21206651271257215,False,0.07689590745420871,False,0.07689590745420871,False
4554,0.23497204916729258,False,0.17515062425028638,False,0.2346138429839864,False,0.056819520329331796,False,0.056819520329331796,False
4555,0.17019116970065312,False,0.10273151082399956,False,0.21511720415477859,False,0.02134037845668668,False,0.02134037845668668,False
4556,0.09403519884085032,False,0.1486501573601099,False,0.21652361736547981,False,0.06938148838860059,False,0.06938148838860059,False
4557,0.2665253026803804,False,0.17169526837273086,False,0.21513351928360802,False,0.05255736316894155,False,0.05255736316894155,False
4558,0.1611661680408195,False,0.0810165106996108,False,0.14980617538862295,False,0.09573342415243169,False,0.0810165106996108,False
4559,0.252235627697684,False,0.17212793494979,False,0.20876503437709715,False,0.11721406594920836,False,0.11721406594920836,False
4560,0.20938601398408813,False,0.09220536306383886,False,0.20530505268659371,False,-0.055616346756774515,True,-0.055616346756774515,True
4561,0.1992270521231801,False,0.16824104482700697,False,0.23751100778530543,False,0.1282870721743875,False,0.1282870721743875,False
4562,0.21917595531959022,False,0.12168573693845774,False,0.20657017586002469,False,-0.018939152436199702,True,-0.018939152436199702,True
4563,0.22298999666965036,False,0.12833427199361458,False,0.22418951036447432,False,0.12870101630986075,False,0.12833427199361458,False
4564,0.16671548271678877,False,0.05064425485793167,False,0.14561856231689185,False,0.10436296266256384,False,0.05064425485793167,False
4565,0.16668712008397402,False,0.04919816997067661,False,0.2825491861294812,False,0.12658134187001485,False,0.04919816997067661,False
4566,0.2558604579549549,False,0.10906643472719624,False,0.22142620697288512,False,0.046530764418496795,False,0.046530764418496795,False
4567,0.18165680762349073,False,0.14551416434930736,False,0.15780195286506538,False,0.14533106995685402,False,0.14533106995685402,False
4568,0.1409213779866222,False,0.09791946130149054,False,0.1838993011436455,False,0.07146214085948166,False,0.07146214085948166,False
4569,0.10629574330826552,False,0.1938037516774908,False,0.2651792700796214,False,0.09019864348653728,False,0.09019864348653728,False
4570,0.24273077929261028,False,0.08882023997626853,False,0.18838708826177974,False,0.08512381507693878,False,0.08512381507693878,False
4571,0.21482238742078408,False,0.12898402255874025,False,0.1531288469497618,False,0.13317170022960217,False,0.12898402255874025,False
4572,0.20754946997803986,False,0.09658678922517994,False,0.1054517323728924,False,0.06021207318519983,False,0.06021207318519983,False
4573,0.16343954532895655,False,0.15348785996439396,False,0.14508028617820712,False,0.009835627712685757,False,0.009835627712685757,False
4574,0.1852281347347266,False,0.10566521128240125,False,0.19813949898697025,False,0.06912377235103995,False,0.06912377235103995,False
4575,0.20901611552011617,False,0.11885480472725496,False,0.21694024808544704,False,0.085905249360684,False,0.085905249360684,False
4576,0.14862630457796017,False,0.16087028528030545,False,0.2136682781926138,False,0.09961421924044245,False,0.09961421924044245,False
4577,0.19404129859026953,False,0.1625624750219345,False,0.22028139531238206,False,-0.026288828120464847,True,-0.026288828120464847,True
4578,0.20828131357161428,False,0.1338165175054269,False,0.24324087530822458,False,0.09631809105602229,False,0.09631809105602229,False
4579,0.24774090163814144,False,0.1376354017105163,False,0.17638473477906186,False,0.04147599870759422,False,0.04147599870759422,False
4580,0.22805032857891416,False,0.1169865584798343,False,0.22057621885954048,False,0.0815020735871077,False,0.0815020735871077,False
4581,0.005358223012193908,False,0.1154205280230658,False,0.23450941944979864,False,0.12144500315930784,False,0.005358223012193908,False
4582,0.24556949076237733,False,0.16564766212694465,False,0.21805017116859526,False,0.08520307200822108,False,0.08520307200822108,False
4583,0.21491659695844278,False,0.09827393741687429,False,0.17471304452951414,False,-0.003688375562656221,True,-0.003688375562656221,True
4584,0.2532767005890233,False,0.09625410730884809,False,0.24259783058675188,False,0.05094121522541062,False,0.05094121522541062,False
4585,0.22699963389073696,False,0.15039312452836967,False,0.2241562914297731,False,0.06886940386558715,False,0.06886940386558715,False
4586,0.14559255064861104,False,0.14071130506194496,False,0.18693770893975592,False,0.10107312102128074,False,0.10107312102128074,False
4587,0.22896011204159145,False,0.07272017363029593,False,0.21338004219261703,False,0.07564367916709869,False,0.07272017363029593,False
4588,0.2276191490515036,False,0.13059163766727283,False,0.1876733244201525,False,0.1056780401415165,False,0.1056780401415165,False
4589,0.17784994939036708,False,0.08580521692312526,False,0.20857014659125073,False,0.11148575772544622,False,0.08580521692312526,False
4590,0.23101745144252245,False,0.0914951129823488,False,0.2153843486258588,False,0.1069562149948533,False,0.0914951129823488,False
4591,0.22820145696439725,False,0.17182337179623408,False,0.16391869156446898,False,-0.016128596574339182,True,-0.016128596574339182,True
4592,0.20342480433407578,False,0.14224275868076408,False,0.2204493066256758,False,0.09347347776806081,False,0.09347347776806081,False
4593,0.22956546015911583,False,0.08829148821953481,False,0.16023595986236316,False,-0.009252483354845076,True,-0.009252483354845076,True
4594,0.15756677033495964,False,0.16928518891937094,False,0.15318973316718343,False,-0.045800902188172454,True,-0.045800902188172454,True
4595,0.24142597593418674,False,0.050014189173880785,False,0.2558983751282746,False,0.00651366043028434,False,0.00651366043028434,False
4596,0.1832492337367913,False,0.17116398360874152,False,0.09914041784044281,False,0.09569167679292467,False,0.09569167679292467,False
4597,0.2606312623012182,False,0.12418644924920502,False,0.2552048124181628,False,0.11419288347714474,False,0.11419288347714474,False
4598,0.24686779453418917,False,0.11121127943058218,False,0.20427484043116945,False,0.12127818729102324,False,0.11121127943058218,False
4599,0.2553915606716682,False,0.12193350061027142,False,0.15691397911697147,False,0.11748588245857228,False,0.11748588245857228,False
4600,0.14812752775388638,False,0.11948747368240775,False,0.23103061184165735,False,0.08645204833665321,False,0.08645204833665321,False
4601,0.23088666662969437,False,0.10008838709661039,False,0.1936514055741515,False,0.1341186734925504,False,0.10008838709661039,False
4602,0.19577488548684685,False,0.14617595186983529,False,0.2527699811375567,False,0.03795710057838797,False,0.03795710057838797,False
4603,0.2016903679758964,False,0.10187025282630147,False,0.23446352591470732,False,0.11026435548826152,False,0.10187025282630147,False
4604,0.21051605518920585,False,0.0706544799564871,False,0.23172132376671645,False,-0.025343887312157976,True,-0.025343887312157976,True
4605,0.030396948121761302,False,0.10787765310150199,False,0.17741478657940607,False,0.0905114509505669,False,0.030396948121761302,False
4606,0.14314424789341385,False,0.06722907139694145,False,0.26843948796051076,False,0.10494172155137249,False,0.06722907139694145,False
4607,0.21018915288468726,False,0.13257936361963663,False,0.20946221819935013,False,0.1342924381915902,False,0.13257936361963663,False
4608,0.24071737965299672,False,0.07410052394901734,False,0.1459899422626718,False,0.11386633623749054,False,0.07410052394901734,False
4609,0.16890858463690767,False,0.039785323661429395,False,0.23829089574364187,False,0.1265617446741491,False,0.039785323661429395,False
4610,0.22977852627759993,False,0.13209263163335827,False,0.15482538310934346,False,0.1221300035524282,False,0.1221300035524282,False
4611,0.12406682240171629,False,0.07468804485395297,False,0.2524026846861951,False,0.12191043959112424,False,0.07468804485395297,False
4612,0.23696354770242362,False,0.1328924029568596,False,0.192156972428926,False,0.11577218257673538,False,0.11577218257673538,False
4613,0.19056555094714012,False,0.08214024703549194,False,0.23806294002957468,False,0.10462868539984704,False,0.08214024703549194,False
4614,0.20921574107978774,False,0.1296052482057088,False,0.20455282290641968,False,0.12448917590558789,False,0.12448917590558789,False
4615,0.15274764876353553,False,0.11910409628823426,False,0.19854238773396593,False,0.09387967725595747,False,0.09387967725595747,False
4616,0.25584829018878463,False,0.05387358560983635,False,0.1903445135309687,False,0.10593579987650137,False,0.05387358560983635,False
4617,0.25021430441249026,False,0.17723325260928646,False,0.21235406476477603,False,0.12710300541843234,False,0.12710300541843234,False
4618,0.18914730098441584,False,0.08051709529629159,False,0.2033040580625391,False,0.12003526936765008,False,0.08051709529629159,False
4619,0.18840455007190687,False,0.12729184737058136,False,0.17154043277399056,False,0.12672031945104367,False,0.12672031945104367,False
4620,0.20505607076557752,False,0.1530098669962302,False,0.19619687807893016,False,0.10296643571202335,False,0.10296643571202335,False
4621,0.2192200238681688,False,0.028658180185731297,False,0.26026565516004524,False,0.09769537431159636,False,0.028658180185731297,False
4622,0.18909844423084132,False,0.04181970636776866,False,0.19328168968194265,False,0.06783850068229158,False,0.04181970636776866,False
4623,0.2266181643857736,False,0.10802664062309508,False,0.17084533913309485,False,0.09345644577408685,False,0.09345644577408685,False
4624,0.21815620089171506,False,0.07479690121725868,False,0.1341662064624094,False,0.12979972659853123,False,0.07479690121725868,False
4625,0.19515639723284078,False,0.04111298009924147,False,0.21895181573227984,False,0.059801663612403355,False,0.04111298009924147,False
4626,0.23856882841953947,False,0.13549358969122677,False,0.19424525701134365,False,0.15285548023782725,False,0.13549358969122677,False
4627,0.2155297576543671,False,0.11482741905884963,False,0.2068891426817383,False,0.09876905612994347,False,0.09876905612994347,False
4628,0.20417273655292473,False,0.0869105267480732,False,0.23885769444858151,False,0.10788489789556865,False,0.0869105267480732,False
4629,0.23157333733273994,False,0.12592427487369023,False,0.24133127307438035,False,0.030509606490573438,False,0.030509606490573438,False
4630,0.24249914127411198,False,0.12266067061362451,False,0.21803387855240114,False,0.11649685762939022,False,0.11649685762939022,False
4631,0.2112418939370307,False,0.12106065072448813,False,0.1938561984329673,False,0.16469099997054082,False,0.12106065072448813,False
4632,0.22279242734722987,False,0.14331210428504987,False,0.15231363521882213,False,0.03235773173441303,False,0.03235773173441303,False
4633,0.2284116077203271,False,0.07965042771380892,False,0.18427511211157754,False,0.092990137759565,False,0.07965042771380892,False
4634,0.2372048462690935,False,0.11719920686076413,False,0.2408482925390203,False,0.09565018741509435,False,0.09565018741509435,False
4635,0.16168448200220398,False,0.10495809270189094,False,0.2259439195528894,False,0.11246497839537106,False,0.10495809270189094,False
4636,0.2019683930382502,False,0.1387491546289203,False,0.23722133181608818,False,0.14752811307715696,False,0.1387491546289203,False
4637,0.1605910044528044,False,0.12155593159735767,False,0.05991988202304843,False,0.10614840707664097,False,0.05991988202304843,False
4638,0.23624594473234056,False,0.15284971954522159,False,0.2062076718442346,False,0.10875022070366847,False,0.10875022070366847,False
4639,0.10134939768239448,False,0.09206001619624804,False,0.15874053874695776,False,0.09689770533214326,False,0.09206001619624804,False
4640,0.19867284632102017,False,0.06806878615884959,False,0.14377128610855383,False,0.08442283612507295,False,0.06806878615884959,False
4641,0.20007939855845164,False,0.029346718773234026,False,0.199395071098512,False,0.012179469523440845,False,0.012179469523440845,False
4642,0.22667648508878047,False,0.15971601511613726,False,0.22803358954749248,False,0.04534304653714316,False,0.04534304653714316,False
4643,0.19465891714060407,False,0.017547430778993345,False,0.19641470695798535,False,0.03894520910034238,False,0.017547430778993345,False
4644,0.20036414637666722,False,0.13609562855249874,False,0.16662884691659563,False,0.08464948613741419,False,0.08464948613741419,False
4645,0.19827845111813563,False,0.19621383546611998,False,0.18606799355658982,False,0.07386421963838896,False,0.07386421963838896,False
4646,0.23440849632424265,False,0.10200140947371483,False,0.21901012275183618,False,0.09600621458983383,False,0.09600621458983383,False
4647,0.25599394858458263,False,0.10042541959191686,False,0.20865601691627006,False,0.12185216824988931,False,0.10042541959191686,False
4648,0.23339699628270089,False,0.008680715792411142,False,0.2401240567877037,False,0.08449141083222433,False,0.008680715792411142,False
4649,0.18361174135192354,False,0.13899425551307532,False,0.14595388888191163,False,0.10681223009621466,False,0.10681223009621466,False
4650,0.22368283370577735,False,0.118602227688972,False,0.2032292236456068,False,0.10224857852380453,False,0.10224857852380453,False
4651,0.213876923365591,False,0.009949092719118924,False,0.22245483307058173,False,0.12643641409112372,False,0.009949092719118924,False
4652,0.16661956727326188,False,0.07245469863905463,False,0.2575230384492217,False,0.13651637484022144,False,0.07245469863905463,False
4653,0.18248668002842622,False,0.05476458707899812,False,0.2008542380481329,False,0.09282631274729303,False,0.05476458707899812,False
4654,0.2473654858169551,False,0.14818564840351756,False,0.22508331736916198,False,0.1070309782185519,False,0.1070309782185519,False
4655,0.19906944337839383,False,0.178965790393403,False,0.17466984781400968,False,0.03513086722157066,False,0.03513086722157066,False
4656,0.22373950644593915,False,0.1427969046209352,False,0.14920648490112376,False,0.12914753779646743,False,0.12914753779646743,False
4657,0.19619343184519938,False,0.004518295181430099,False,0.11779202576512138,False,-0.015886907901107694,True,-0.015886907901107694,True
4658,0.24986213930518697,False,0.16356719398817726,False,0.23181960293411152,False,0.13515408218713837,False,0.13515408218713837,False
4659,0.23892241065811454,False,0.10566573733197193,False,0.20050834503821569,False,0.10909809759683231,False,0.10566573733197193,False
4660,0.21565443085839353,False,0.1309068952464611,False,0.19783407564045602,False,0.11608942257841692,False,0.11608942257841692,False
4661,0.21661964635629177,False,0.17479764480391802,False,0.21724019342641177,False,0.1009217730599733,False,0.1009217730599733,False
4662,0.24481219016673617,False,0.03867002954479615,False,0.25135063589029916,False,-0.021499821954530485,True,-0.021499821954530485,True
4663,0.08326366720165101,False,0.12966653093104802,False,0.21353166243736454,False,0.13461875520695554,False,0.08326366720165101,False
4664,0.19258310262235284,False,0.026041646214286618,False,0.24247089509886832,False,-0.015758901507858525,True,-0.015758901507858525,True
4665,0.20847146049045429,False,0.0537788081923386,False,0.18783384044447854,False,0.0835250757106396,False,0.0537788081923386,False
4666,0.2450487555721167,False,0.08110886131066108,False,0.22607062308647652,False,0.121990392977672,False,0.08110886131066108,False
4667,0.19182873882629697,False,0.09938193923437755,False,0.2505441541067499,False,0.13064549428873684,False,0.09938193923437755,False
4668,0.20488887393324773,False,0.19991646461016288,False,0.1391010590938837,False,0.07375590167826185,False,0.07375590167826185,False
4669,0.2542207494128074,False,0.154200396417971,False,0.12334495339433826,False,0.08344130315180309,False,0.08344130315180309,False
4670,0.18788149927300496,False,0.08061593419674962,False,0.2263212704579906,False,0.09442540241157671,False,0.08061593419674962,False
4671,0.20006338146322683,False,0.11592422925742718,False,0.2378279920953582,False,0.06711097797094101,False,0.06711097797094101,False
4672,0.17587805951794427,False,0.04998099578098425,False,0.1271863873869492,False,0.13839556291765753,False,0.04998099578098425,False
4673,0.2253563445402682,False,0.09458362006885956,False,0.21433662353247712,False,0.1359730923945514,False,0.09458362006885956,False
4674,0.13920861669444584,False,0.060728570705631646,False,0.19847428471447137,False,0.16158108197748589,False,0.060728570705631646,False
4675,0.2219640405881042,False,0.1268577306064151,False,0.18745744497040073,False,0.009816538094442495,False,0.009816538094442495,False
4676,0.11185022230399744,False,0.08140044615176989,False,0.17951231870079187,False,0.1304012739777511,False,0.08140044615176989,False
4677,0.21761453285054594,False,0.11374001856198324,False,0.20392190191490145,False,0.12995876313007398,False,0.11374001856198324,False
4678,0.21285132150121283,False,0.02936227636571398,False,0.20660674586531735,False,0.015315734700292793,False,0.015315734700292793,False
4679,0.24567728062328198,False,0.14189392275105617,False,0.19256724566028238,False,0.10263588213077435,False,0.10263588213077435,False
4680,0.1893874114234224,False,0.12804091328205836,False,0.21530397201343732,False,0.10942557456986735,False,0.10942557456986735,False
4681,0.23784954671317565,False,0.1392928444750124,False,0.2264368192286661,False,0.0845405370729525,False,0.0845405370729525,False
4682,0.1792049714701613,False,0.1507967705785177,False,0.1951663038581567,False,0.08191828789872801,False,0.08191828789872801,False
4683,0.20349297615123052,False,0.04304721890440777,False,0.1479228277695085,False,0.08850429958241424,False,0.04304721890440777,False
4684,0.22262034881094545,False,0.0993485116196402,False,0.19432127779181363,False,0.11823517086410529,False,0.0993485116196402,False
4685,0.1686302045663965,False,0.09109807155254901,False,0.2212662112817525,False,0.10537470242059022,False,0.09109807155254901,False
4686,0.1981425543236071,False,0.07727426488245248,False,0.24460737622870976,False,0.11295480711120887,False,0.07727426488245248,False
4687,0.2278688019770268,False,0.10557968978601961,False,0.20421857733182464,False,-0.0007317414644690823,True,-0.0007317414644690823,True
4688,0.20090793984187438,False,0.09286363064099434,False,0.20550470474660748,False,0.11060806699803394,False,0.09286363064099434,False
4689,0.23139104802027122,False,0.16118869477798642,False,0.19784664990283612,False,0.13526855609558847,False,0.13526855609558847,False
4690,0.24345543815218912,False,0.1266543408122781,False,0.19820548502734647,False,0.1568504901606207,False,0.1266543408122781,False
4691,0.24902653212174375,False,0.18337275649146206,False,0.22269335237038596,False,0.13732890043999474,False,0.13732890043999474,False
4692,0.24756690694977423,False,0.09095697077607945,False,0.17362928790724486,False,0.049314081448513014,False,0.049314081448513014,False
4693,0.1565140404436841,False,0.11785411192299855,False,0.21228151944783408,False,0.14852920941144543,False,0.11785411192299855,False
4694,0.13352923618411427,False,0.15322840579498043,False,0.22338064449022688,False,0.11819987682579525,False,0.11819987682579525,False
4695,0.15683133097266944,False,0.1222097288966556,False,0.21059047065571718,False,0.07612741616875673,False,0.07612741616875673,False
4696,0.25060969642132586,False,0.13972375134996495,False,0.1926646174426096,False,0.012146217844280494,False,0.012146217844280494,False
4697,0.23567089332247493,False,0.10506932683683634,False,0.17545222474623007,False,0.08101017307090363,False,0.08101017307090363,False
4698,0.2391829505365361,False,0.14734338427036875,False,0.1962380490935115,False,0.03159740814942458,False,0.03159740814942458,False
4699,0.16145574574585086,False,0.14163742574074295,False,0.19183223690514262,False,-0.05896805478086797,True,-0.05896805478086797,True
4700,0.25643440031245923,False,0.11971800432517898,False,0.1808712210939381,False,0.12039387844642446,False,0.11971800432517898,False
4701,0.22897956918444284,False,0.09466453098284222,False,0.19080673136287996,False,0.00496437900413893,False,0.00496437900413893,False
4702,0.18833462317899313,False,0.11867646656277919,False,0.19861696802573203,False,0.10118340575704832,False,0.10118340575704832,False
4703,0.20395143701144464,False,0.11655491549765218,False,0.14810673956769027,False,0.10570685301914029,False,0.10570685301914029,False
4704,0.20888818739790316,False,0.15037341407577015,False,0.19699499453717528,False,0.11436265858242212,False,0.11436265858242212,False
4705,0.2289396129359077,False,0.15670828251033014,False,0.24307750749735124,False,0.15017651152679012,False,0.15017651152679012,False
4706,0.16739950766049871,False,0.17483876097688844,False,0.21331217758146048,False,0.14160615883761185,False,0.14160615883761185,False
4707,0.230510779308789,False,0.05969035476146756,False,0.24296289228748985,False,0.04683021538190979,False,0.04683021538190979,False
4708,0.17818397012242843,False,0.16021560137592328,False,0.23030064461612582,False,0.12113007066779635,False,0.12113007066779635,False
4709,0.24887256299027016,False,0.13499530865096776,False,0.10467104791317128,False,0.09420751805408256,False,0.09420751805408256,False
4710,0.15477302844354018,False,0.18198684926699255,False,0.1571342368257646,False,0.08465107038877218,False,0.08465107038877218,False
4711,0.2225527292565334,False,0.09206753059517248,False,0.2152280142118871,False,0.09796714365450176,False,0.09206753059517248,False
4712,0.24544888585810581,False,0.08802526196285332,False,0.2476708375661993,False,0.038853596625234244,False,0.038853596625234244,False
4713,0.2439647532630717,False,0.12265340893493037,False,0.22021577374626017,False,0.11937940849742035,False,0.11937940849742035,False
4714,0.20215666593511927,False,0.12605490043959622,False,0.1386199056664097,False,0.04139489779899097,False,0.04139489779899097,False
4715,0.2348093975025024,False,0.1577995688372661,False,0.2654179549239868,False,0.08523957792329984,False,0.08523957792329984,False
4716,0.19792444270198678,False,0.14135751617710268,False,0.15831600322099237,False,0.0925241931824905,False,0.0925241931824905,False
4717,0.23647352926658455,False,0.11776360166808386,False,0.12327488730513902,False,0.1452473298025575,False,0.11776360166808386,False
4718,0.21789348947158677,False,0.11335347424075848,False,0.22603681492380834,False,0.12458232425348664,False,0.11335347424075848,False
4719,0.1822721377390028,False,0.09271050629629507,False,0.22810945769263707,False,0.11918365237845185,False,0.09271050629629507,False
4720,0.23801391076039013,False,0.13349043603229593,False,0.23702480927613995,False,0.05950002812493138,False,0.05950002812493138,False
4721,0.23316936974813451,False,0.12386749793056706,False,0.25827523392014573,False,0.12783880207879955,False,0.12386749793056706,False
4722,0.15768464876057786,False,0.09397738791985799,False,0.23458794172291997,False,0.134124303335168,False,0.09397738791985799,False
4723,0.19471080191161255,False,0.06855811420403501,False,0.217205323019856,False,0.07224004785976523,False,0.06855811420403501,False
4724,0.1727966827308669,False,0.07857723662511851,False,0.2414744700957367,False,0.12020072799311188,False,0.07857723662511851,False
4725,0.1853499812195636,False,0.032085188738362636,False,0.22503806491372624,False,0.13582017599435092,False,0.032085188738362636,False
4726,0.15799507396874346,False,0.1288470576625222,False,0.19686858863940715,False,0.09832318001128548,False,0.09832318001128548,False
4727,0.23218966342315928,False,0.12794104350480973,False,0.18187295511422913,False,0.08015083951791413,False,0.08015083951791413,False
4728,0.23673742532842657,False,0.1180604014128207,False,0.16021827342278744,False,0.03857786754629011,False,0.03857786754629011,False
4729,0.22397013315871372,False,0.12055371196985976,False,0.23146558598799305,False,0.11291785292658807,False,0.11291785292658807,False
4730,0.22805755421690205,False,0.0851380045085024,False,0.23850525836953196,False,0.12145996657884517,False,0.0851380045085024,False
4731,0.18971136325420263,False,0.10207166554803104,False,0.20553139904633594,False,0.12147812149196524,False,0.10207166554803104,False
4732,0.21812692917323473,False,0.13810371881250472,False,0.24805532982712164,False,0.11335756749174453,False,0.11335756749174453,False
4733,0.18534080800517977,False,0.12866040488558478,False,0.16546703799378482,False,0.11497025204467126,False,0.11497025204467126,False
4734,0.2332802948991603,False,0.12998019683174533,False,0.20555310001435723,False,0.15857242741223593,False,0.12998019683174533,False
4735,0.2665562140988946,False,0.15749386068258386,False,0.22420805779921288,False,0.12755941935257326,False,0.12755941935257326,False
4736,0.25788006230961835,False,0.095258367085582,False,0.18553525866378173,False,0.08429591136808345,False,0.08429591136808345,False
4737,0.14839117921908557,False,0.1285047038385559,False,0.21278199698652606,False,-0.000739573288840556,True,-0.000739573288840556,True
4738,0.2271917142228913,False,0.09191473039674458,False,0.22523116154796835,False,0.12275268555152241,False,0.09191473039674458,False
4739,0.22034187944351918,False,0.1277089216198838,False,0.17377083385911235,False,0.11035872132742819,False,0.11035872132742819,False
4740,0.2355093376760603,False,0.08132687770219549,False,0.22136916848715227,False,0.13846370808385716,False,0.08132687770219549,False
4741,0.1640565706233303,False,0.07686037734962847,False,0.1445024208501493,False,0.07206010885530567,False,0.07206010885530567,False
4742,0.16969759780976718,False,0.04267940327399233,False,0.2281599458732385,False,0.13924413382865097,False,0.04267940327399233,False
4743,0.23397034464534555,False,0.15366955757069067,False,0.18495436265316534,False,0.06341666943918944,False,0.06341666943918944,False
4744,0.23169548241873505,False,0.11272345673869921,False,0.17617379917498843,False,0.11419532176485969,False,0.11272345673869921,False
4745,0.18687039865444027,False,0.13281841012801654,False,0.21781875166954695,False,0.13130705364989925,False,0.13130705364989925,False
4746,0.2374910366148057,False,0.15560020211772985,False,0.1642831481638985,False,0.07547102960729635,False,0.07547102960729635,False
4747,0.2493911755668567,False,0.10573890355086724,False,0.18699282413862373,False,-0.0015379082475645012,True,-0.0015379082475645012,True
4748,0.19069062149557148,False,0.0635109586471364,False,0.2633144971368885,False,0.03638912150243523,False,0.03638912150243523,False
4749,0.21656065003252367,False,0.10360268442977205,False,0.20897223250381158,False,0.09889627471761697,False,0.09889627471761697,False
4750,0.2387122521485076,False,0.13301760564196802,False,0.2115518336133177,False,0.10200046903417592,False,0.10200046903417592,False
4751,0.25044815634026985,False,0.13389126994695233,False,0.21989824380744938,False,0.11627009400700983,False,0.11627009400700983,False
4752,0.24038833908744572,False,0.13167314020810977,False,0.26315580973364483,False,0.1603663284907802,False,0.13167314020810977,False
4753,0.11774874428492443,False,0.08328402772020282,False,0.1444895010581594,False,0.14363028304922498,False,0.08328402772020282,False
4754,0.2516253367242309,False,0.047144394391838707,False,0.21233054001966384,False,0.09952252077778423,False,0.047144394391838707,False
4755,0.17550790196653077,False,0.0772668198364902,False,0.2069907075287496,False,0.14428476102748383,False,0.0772668198364902,False
4756,0.18556262277903468,False,0.07677619663295487,False,0.2259236110316828,False,0.07890659436108027,False,0.07677619663295487,False
4757,0.16733481460323896,False,0.09893581639123394,False,0.18257701881463273,False,0.09331130496440854,False,0.09331130496440854,False
4758,0.23019919727753874,False,0.04733125013503903,False,0.13503720706080036,False,0.1523408756846611,False,0.04733125013503903,False
4759,0.19809093706893077,False,0.11054675447850382,False,0.10753754114347469,False,0.11608925179336105,False,0.10753754114347469,False
4760,0.2596200656405463,False,0.13238581948770367,False,0.1945270021873406,False,0.1206172434874262,False,0.1206172434874262,False
4761,0.19565729515035157,False,0.14188689430144996,False,0.23902985278668032,False,0.14020727807170374,False,0.14020727807170374,False
4762,0.1506325269115193,False,0.14913170402538362,False,0.1920756579685004,False,0.0952921826604759,False,0.0952921826604759,False
4763,0.24804161946243508,False,0.09888702385463732,False,0.23779197964795024,False,0.11112909144714056,False,0.09888702385463732,False
4764,0.16970836060494093,False,0.10032403099181209,False,0.15020729064075,False,0.14673053115180967,False,0.10032403099181209,False
4765,0.20237904063290768,False,0.09827435990336397,False,0.19171403276051413,False,0.11504706561967926,False,0.09827435990336397,False
4766,0.22969674044494126,False,0.09818470515760358,False,0.23088803622268184,False,0.10484398733312006,False,0.09818470515760358,False
4767,0.06396106047694705,False,0.01140720340121737,False,0.20518248616263085,False,0.13665965252903106,False,0.01140720340121737,False
4768,0.23028373851558998,False,0.13621309398515524,False,0.23579407613379078,False,0.0931959539245314,False,0.0931959539245314,False
4769,0.22932478260074873,False,0.12000878039901919,False,0.21855642081688098,False,0.037003548356898674,False,0.037003548356898674,False
4770,0.11201271513759026,False,0.07893679174398194,False,0.20653227613101327,False,0.032816354490879496,False,0.032816354490879496,False
4771,0.18915110305442295,False,0.10159239539644804,False,0.15934115973826324,False,0.11961013275269228,False,0.10159239539644804,False
4772,0.14532748853108868,False,0.06452503099803775,False,0.13745504038551015,False,0.11050589573974667,False,0.06452503099803775,False
4773,0.2195094696747435,False,0.01751818269616956,False,0.18571034781120932,False,0.09696144063965328,False,0.01751818269616956,False
4774,0.22108869236724837,False,0.10589785070178925,False,0.19549708757508755,False,0.16014297964862345,False,0.10589785070178925,False
4775,0.18656445758179613,False,0.10750374051369282,False,0.21670861200614927,False,0.0948987253346607,False,0.0948987253346607,False
4776,0.19467245541093559,False,0.05925696431119498,False,0.22742065747101914,False,0.125724504464705,False,0.05925696431119498,False
4777,0.22549690384746607,False,0.13025223566853478,False,0.17212344173485888,False,0.10563878314500252,False,0.10563878314500252,False
4778,0.24808320984047372,False,0.08786206182987755,False,0.204648102495403,False,0.1827132393076092,False,0.08786206182987755,False
4779,0.19983918714558474,False,0.12964208911684066,False,0.1401094784059419,False,-0.029120037414268052,True,-0.029120037414268052,True
4780,0.15533989544793808,False,0.1461490294258081,False,0.22405004470856965,False,0.06381694724035814,False,0.06381694724035814,False
4781,0.2248122293437973,False,0.1820074914457821,False,0.1884638724925018,False,0.042794016385267586,False,0.042794016385267586,False
4782,0.223120717836862,False,0.1626244353376382,False,0.23038854966946748,False,0.13844366407818726,False,0.13844366407818726,False
4783,0.22442782167024222,False,0.11552830138982828,False,0.21270438186973917,False,0.11067657920556284,False,0.11067657920556284,False
4784,0.22035188099866304,False,0.05647055260840084,False,0.24249908540139542,False,0.09796964732654789,False,0.05647055260840084,False
4785,0.1817805518058957,False,0.12137543315703991,False,0.15795318342485737,False,0.10128972051484175,False,0.10128972051484175,False
4786,0.23301080326714585,False,0.13383250925633877,False,0.15628793653152728,False,0.12329497903345332,False,0.12329497903345332,False
4787,0.2536178000240948,False,0.10907383814768357,False,0.20009983442221424,False,0.15757684669460997,False,0.10907383814768357,False
4788,0.186981492692264,False,0.15712231614902267,False,0.1264157599019854,False,0.11347623264851836,False,0.11347623264851836,False
4789,0.2572724338458966,False,0.15562559924477326,False,0.18080104169070232,False,0.09365563888702,False,0.09365563888702,False
4790,0.2506308075419591,False,0.1210721087562171,False,0.172719346219475,False,0.12813332896165258,False,0.1210721087562171,False
4791,0.23472860387610434,False,0.1767961572361147,False,0.25473983188935145,False,0.07202491080487161,False,0.07202491080487161,False
4792,0.17686806264257604,False,0.02106036703101044,False,0.2239886072021085,False,0.15662187566640445,False,0.02106036703101044,False
4793,0.21358399482311424,False,0.08586750373352259,False,0.20124892834398922,False,0.1554415369000659,False,0.08586750373352259,False
4794,0.22999344058136056,False,0.15572302794602316,False,0.2262531397797402,False,0.09421262730884994,False,0.09421262730884994,False
4795,0.23861438694341253,False,0.11447683327000291,False,0.17112016929559848,False,0.13222431886260289,False,0.11447683327000291,False
4796,0.22077726595524982,False,0.12301085222712782,False,0.13929844352955656,False,0.08190584243858046,False,0.08190584243858046,False
4797,0.13667883596644304,False,0.17140630048090666,False,0.2394930621411263,False,0.15672431852142188,False,0.13667883596644304,False
4798,0.19685915469522874,False,0.08313036986751099,False,0.15113138344533472,False,0.11484478722945524,False,0.08313036986751099,False
4799,0.24155010662740012,False,0.17267356976177028,False,0.18381317025451632,False,0.15362582404314856,False,0.15362582404314856,False
4800,0.2439491994693549,False,0.15636438536794117,False,0.25111298868913606,False,0.09921747697383454,False,0.09921747697383454,False
4801,0.0928743488702597,False,0.07818489877342161,False,0.19917876105882404,False,0.14423743291761554,False,0.07818489877342161,False
4802,0.24136971994461232,False,0.17843216980499665,False,0.17464363666348415,False,0.11593391384232654,False,0.11593391384232654,False
4803,0.19268311787055664,False,0.14762115433095874,False,0.1696180559278722,False,0.1024024354807257,False,0.1024024354807257,False
4804,0.18956744300732037,False,0.15476683463892876,False,0.18833040156604786,False,0.048817812213561185,False,0.048817812213561185,False
4805,0.18364714054879383,False,0.15793972390925887,False,0.25488962613673205,False,-0.025210667357386973,True,-0.025210667357386973,True
4806,0.2133606483678464,False,0.1559006219586494,False,0.16690514715470062,False,0.09532241324189494,False,0.09532241324189494,False
4807,0.2174299201478862,False,0.1371933172725307,False,0.1675356542459182,False,0.09679732720644141,False,0.09679732720644141,False
4808,0.23499123504149833,False,0.08861316072404202,False,0.15769339429591323,False,0.14121194153300654,False,0.08861316072404202,False
4809,0.139626278489013,False,0.11116896640738505,False,0.19839115821007064,False,0.055778604092922346,False,0.055778604092922346,False
4810,0.22532188211397858,False,0.07916010097006221,False,0.2537650013538058,False,0.0834636890868854,False,0.07916010097006221,False
4811,0.21239197050604786,False,0.16943315631035316,False,0.22803714977231726,False,0.13179594681009071,False,0.13179594681009071,False
4812,0.22593054536550422,False,0.14926933022278116,False,0.16184620905059655,False,0.10915737640069423,False,0.10915737640069423,False
4813,0.12450064360032642,False,0.15029651339521605,False,0.2048052534103319,False,0.07743164151497994,False,0.07743164151497994,False
4814,0.2385411415636533,False,0.15533713063059568,False,0.1860402558606774,False,0.10373418711529458,False,0.10373418711529458,False
4815,0.21467207277586137,False,0.18809436771350752,False,0.24698627716082855,False,0.11723488604265098,False,0.11723488604265098,False
4816,0.24382990799906595,False,0.1446890118851188,False,0.19567991089390446,False,0.08428129739891543,False,0.08428129739891543,False
4817,0.04298244091753445,False,0.13399160616721545,False,0.18714979818386407,False,-0.003167821944455196,True,-0.003167821944455196,True
4818,0.20429492141475314,False,0.12267935092698579,False,0.15314017766721222,False,0.0750395219517096,False,0.0750395219517096,False
4819,0.23107339377117153,False,0.04423926076164819,False,0.2297313250506025,False,0.08428127263397112,False,0.04423926076164819,False
4820,0.18918194480817296,False,0.12229057716054792,False,0.20704596010150939,False,0.12958463495265948,False,0.12229057716054792,False
4821,0.236184779441674,False,0.05641119849902698,False,0.19663416934806377,False,0.07289336812306757,False,0.05641119849902698,False
4822,0.22099736547239157,False,0.11603967482703381,False,0.2680268188864014,False,0.13860294228519165,False,0.11603967482703381,False
4823,0.24378945508735195,False,0.14567000202296415,False,0.2201589690159585,False,0.12010222482483501,False,0.12010222482483501,False
4824,0.18926482767705483,False,0.13337385695220133,False,0.16725959049738243,False,0.09067201123449231,False,0.09067201123449231,False
4825,0.2510190574530009,False,0.18065896966573936,False,0.20806990655125623,False,-0.04088859165171854,True,-0.04088859165171854,True
4826,0.21576107929006028,False,0.17131107470731732,False,0.22943615221941366,False,0.08035782526377921,False,0.08035782526377921,False
4827,0.20786699799728442,False,0.11845909155918544,False,0.1352314267591349,False,0.07369819314130388,False,0.07369819314130388,False
4828,0.24319009448150924,False,0.16178015140310287,False,0.24468536567228472,False,0.11364321232884278,False,0.11364321232884278,False
4829,0.24986246543226198,False,0.1202542226948351,False,0.2192522287126777,False,0.14062203625400022,False,0.1202542226948351,False
4830,0.23958836305577885,False,0.1315559005629307,False,0.22684066956184967,False,0.02233291093039569,False,0.02233291093039569,False
4831,0.196324099580441,False,0.12300698388743403,False,0.23893678703880772,False,0.12247476942298385,False,0.12247476942298385,False
4832,0.24648300686881075,False,0.13705058120310776,False,0.2732526814243814,False,0.10006161263643043,False,0.10006161263643043,False
4833,0.18399067176715944,False,0.11695361880848609,False,0.27221553106756297,False,0.07426243164213309,False,0.07426243164213309,False
4834,0.08677825370736769,False,0.1194084784719115,False,0.2506686417933305,False,0.11761944082850762,False,0.08677825370736769,False
4835,0.19620457675246222,False,0.15835974655594914,False,0.22135677293542333,False,0.12931317660810054,False,0.12931317660810054,False
4836,0.22022172073032675,False,0.07923877125569656,False,0.23051641102046994,False,0.11416977848619392,False,0.07923877125569656,False
4837,0.07365846288623035,False,0.1712203192869,False,0.21119189054490722,False,0.05117629270533508,False,0.05117629270533508,False
4838,0.22363169044307307,False,0.11815057674131801,False,0.1838776769106809,False,0.1577177742589252,False,0.11815057674131801,False
4839,0.14387705456191324,False,0.11735030247705036,False,0.21633373419695195,False,0.0007660626217157462,False,0.0007660626217157462,False
4840,0.2234676769723195,False,0.16039144769129277,False,0.18319040773126255,False,0.004484636585901036,False,0.004484636585901036,False
4841,0.22471589881222614,False,0.09080124882783969,False,0.27784695362639034,False,0.10286361712352876,False,0.09080124882783969,False
4842,0.23379339000992172,False,0.13894649955699556,False,0.24638183015539483,False,0.12008803280567837,False,0.12008803280567837,False
4843,0.18435113836911526,False,0.12713787120794656,False,0.2538116988967648,False,0.03793047875946154,False,0.03793047875946154,False
4844,0.2587505121117942,False,0.16975884710815448,False,0.1855509897663164,False,0.12317967248299311,False,0.12317967248299311,False
4845,0.2205669964353797,False,0.07171302326519047,False,0.27782323588236196,False,0.035058993770978875,False,0.035058993770978875,False
4846,0.24836740638453464,False,0.13269337244991636,False,0.18091848535487043,False,0.10590665713987857,False,0.10590665713987857,False
4847,0.22699298702432003,False,0.16025977087560134,False,0.24551547732786955,False,0.08609803220931789,False,0.08609803220931789,False
4848,0.1846004420297221,False,0.15216920313957805,False,0.21082844441191906,False,0.12800075940002587,False,0.12800075940002587,False
4849,0.1701962837249913,False,0.0592071603857971,False,0.24048452997671516,False,0.06971445142295718,False,0.0592071603857971,False
4850,0.20627750998571037,False,0.14060947786410788,False,0.21722890427609126,False,0.10994940584777413,False,0.10994940584777413,False
4851,0.2518332271739174,False,0.09067177145391869,False,0.1960319810022435,False,0.1616526808850811,False,0.09067177145391869,False
4852,0.21658004756082327,False,0.1412507018658467,False,0.25997254202554226,False,0.08940228578301912,False,0.08940228578301912,False
4853,0.25171802303550056,False,0.05069039383368612,False,0.2087863463925329,False,0.07851530033174603,False,0.05069039383368612,False
4854,0.2368037442495371,False,0.13800914891638594,False,0.26931584779730905,False,0.09180815905917672,False,0.09180815905917672,False
4855,0.16801614276656485,False,0.1709640084714537,False,0.1148110715637245,False,0.09422603071865365,False,0.09422603071865365,False
4856,0.2330132622698144,False,0.1294002269977521,False,0.22380399811329932,False,0.13903923771743404,False,0.1294002269977521,False
4857,0.22193928787169165,False,0.18092582414408054,False,0.25064410861804887,False,0.12409241422519757,False,0.12409241422519757,False
4858,0.2320015939316249,False,0.09930615601869164,False,0.26205582667181626,False,0.16052324170253773,False,0.09930615601869164,False
4859,0.21171633223610997,False,0.17212102856952366,False,0.23421061543326183,False,0.10620328215627162,False,0.10620328215627162,False
4860,0.22121766619560007,False,0.06873125206802566,False,0.2446996799722871,False,0.1080095985269639,False,0.06873125206802566,False
4861,0.20296558180652535,False,0.1736279588193494,False,0.1963821843240537,False,0.14364955329047896,False,0.14364955329047896,False
4862,0.2152709506051721,False,0.1533276258616455,False,0.19305391809971406,False,0.0778197792068035,False,0.0778197792068035,False
4863,0.2223333310194467,False,0.10889594753511855,False,0.26341469481421037,False,0.0725208554605794,False,0.0725208554605794,False
4864,0.24436843267245434,False,0.17823021823734236,False,0.1612683202264728,False,0.16243568844577216,False,0.1612683202264728,False
4865,0.22968650070856822,False,0.1166161610048001,False,0.21250116128320629,False,0.14389359790506984,False,0.1166161610048001,False
4866,0.21432336744055175,False,0.17797723503260915,False,0.2073319460014011,False,0.12612945167421974,False,0.12612945167421974,False
4867,0.06545484964109649,False,0.13343489677932635,False,0.20866154632900458,False,0.1045558735389398,False,0.06545484964109649,False
4868,0.1892907572824824,False,0.12524711347857115,False,0.19098190261547993,False,0.1571131672282149,False,0.12524711347857115,False
4869,0.02350807985279746,False,0.16921674955721044,False,0.2304640504838349,False,0.038696772082011166,False,0.02350807985279746,False
4870,0.2564975924292037,False,0.12023320970885998,False,0.23154083467492692,False,0.0893211486621528,False,0.0893211486621528,False
4871,0.2029837364087393,False,0.09778026401316864,False,0.21110399293525528,False,0.055540270823574045,False,0.055540270823574045,False
4872,0.20216245393544402,False,0.16822477613336656,False,0.23356437202301816,False,0.10659660475775645,False,0.10659660475775645,False
4873,0.23016253136164688,False,0.15168518828564148,False,0.23291849616564247,False,0.06935188749439103,False,0.06935188749439103,False
4874,0.2072002090802853,False,0.11692469324569577,False,0.24581442052100022,False,0.11386882536328236,False,0.11386882536328236,False
4875,0.23249477660858608,False,0.14425853583089626,False,0.17002661595320973,False,0.11612552305247659,False,0.11612552305247659,False
4876,0.20933112764110706,False,0.10100500054603045,False,0.2937920999529377,False,0.06592520656602574,False,0.06592520656602574,False
4877,0.2365742876891655,False,0.10294984960548414,False,0.23173734880406904,False,0.15527175151104605,False,0.10294984960548414,False
4878,0.21226407509504758,False,0.10060276474862595,False,0.24372814697632256,False,0.109728053887163,False,0.10060276474862595,False
4879,0.23474155690767062,False,0.1739767825100812,False,0.2504430542764235,False,0.053281331657912157,False,0.053281331657912157,False
4880,0.20564183398737645,False,0.1790297553675967,False,0.18950454600629218,False,0.10813332994751323,False,0.10813332994751323,False
4881,0.2529050086353685,False,0.10027587981580655,False,0.26546216257716876,False,0.0777721794374755,False,0.0777721794374755,False
4882,0.2401478533385023,False,0.07297820056512827,False,0.24695647355745554,False,0.09249334625958494,False,0.07297820056512827,False
4883,0.20670812820576645,False,0.1645421559073772,False,0.20638954298872336,False,0.046830253604526195,False,0.046830253604526195,False
4884,0.24188035654644896,False,0.12048275137666975,False,0.2550413596743192,False,0.1453057680080675,False,0.12048275137666975,False
4885,0.21186825589653835,False,0.054205875820585,False,0.26855640503685446,False,0.09705494818206095,False,0.054205875820585,False
4886,0.22679537132131028,False,0.08439745055270209,False,0.2371388176998217,False,0.07129623888934933,False,0.07129623888934933,False
4887,0.23234179824243129,False,0.0805786758689977,False,0.2267820089610244,False,0.07321710312645602,False,0.07321710312645602,False
4888,0.24141923389073366,False,0.1316101145734037,False,0.2608627239654686,False,0.12835690708592457,False,0.12835690708592457,False
4889,0.23865147148617966,False,0.039842171362050594,False,0.21022563615643636,False,0.05764304633510442,False,0.039842171362050594,False
4890,0.22091270532109875,False,0.07381823502055629,False,0.2572725650835947,False,0.09750030142856125,False,0.07381823502055629,False
4891,0.183958974965862,False,0.11789127026598623,False,0.24770521394086426,False,0.06565895240484965,False,0.06565895240484965,False
4892,0.1984782823098023,False,0.05337175769608404,False,0.24117720337873255,False,0.10229421302996766,False,0.05337175769608404,False
4893,0.23796273458408057,False,0.02242643919712195,False,0.17872756978811544,False,0.0928428352693178,False,0.02242643919712195,False
4894,0.2492003298159315,False,0.0694365343843647,False,0.1556980683164586,False,0.08576456334150673,False,0.0694365343843647,False
4895,0.2287472033483549,False,0.10268401133882288,False,0.25517721528298887,False,0.06951248172407298,False,0.06951248172407298,False
4896,0.16516397667849664,False,0.12461039355005371,False,0.24780258975073338,False,0.08316337290030518,False,0.08316337290030518,False
4897,0.19541607351722357,False,0.11045230743621925,False,0.2484867267237646,False,0.10630224515334497,False,0.10630224515334497,False
4898,0.16175444081702023,False,0.061286683479355175,False,0.21316930843658333,False,0.11052519730946198,False,0.061286683479355175,False
4899,0.18490087321586263,False,0.005824613032899939,False,0.24419822894371113,False,0.0800323869273818,False,0.005824613032899939,False
4900,0.22833709762812143,False,0.13896265664473784,False,0.2687958724627403,False,0.09414332210428378,False,0.09414332210428378,False
4901,0.190884835311467,False,0.06853209092444323,False,0.2088551691146957,False,0.12074728298786974,False,0.06853209092444323,False
4902,0.20941932700638527,False,0.11602924193180542,False,0.21743989675996778,False,0.14566233154301705,False,0.11602924193180542,False
4903,0.1384782491945924,False,0.05863545405240067,False,0.2164798248261358,False,0.08691938761565421,False,0.05863545405240067,False
4904,0.20659660304916044,False,0.04965669504901671,False,0.24045017798211055,False,0.07203469014187536,False,0.04965669504901671,False
4905,0.23346056317525654,False,0.14297319136834702,False,0.18228785566728756,False,-0.02383271695916378,True,-0.02383271695916378,True
4906,0.11575720795955091,False,0.04840768363354864,False,0.198316561045923,False,0.13361448819847488,False,0.04840768363354864,False
4907,0.2534551855276813,False,0.13921515278473218,False,0.21347520637874362,False,0.09035616387237821,False,0.09035616387237821,False
4908,0.10772115101581459,False,0.06725762512427547,False,0.1785761373608874,False,0.12826942632839544,False,0.06725762512427547,False
4909,0.23017995263509783,False,0.061388478275047786,False,0.25776469470983826,False,0.09200596322976384,False,0.061388478275047786,False
4910,0.24166895046511716,False,0.09515351098925173,False,0.17368048326389557,False,0.1105823635103913,False,0.09515351098925173,False
4911,0.2149630920956529,False,0.10925412558681624,False,0.18533013312406604,False,0.15943380499498894,False,0.10925412558681624,False
4912,0.23022093355677342,False,0.14617437260967803,False,0.19236838146893942,False,0.14590410223247963,False,0.14590410223247963,False
4913,0.2136998071636093,False,0.042821004510435356,False,0.13940740284576547,False,0.10479866268623617,False,0.042821004510435356,False
4914,0.2526530947739547,False,0.14264002963874406,False,0.16357507444420905,False,0.09905207134914285,False,0.09905207134914285,False
4915,0.24792236432025383,False,0.06394404687244803,False,0.2546944253820931,False,0.10189813681235993,False,0.06394404687244803,False
4916,0.2548121627839718,False,0.1812044532069898,False,0.22089121986742277,False,0.15001028012579137,False,0.15001028012579137,False
4917,0.24724957565291972,False,0.12575830999482812,False,0.15084933367839526,False,0.08462034853370592,False,0.08462034853370592,False
4918,0.17054846415282476,False,0.1696576588426073,False,0.20047708095151823,False,0.113698249277709,False,0.113698249277709,False
4919,0.2568661975603772,False,0.13134242383392075,False,0.24345390573899822,False,0.08478285996382529,False,0.08478285996382529,False
4920,0.22433812365852251,False,0.17398921251637656,False,0.18656495370794124,False,0.14940827760288844,False,0.14940827760288844,False
4921,0.21537797157280625,False,0.1799970869325439,False,0.20790712789343713,False,0.0940842447732605,False,0.0940842447732605,False
4922,0.2477479285458391,False,0.07787218366746329,False,0.2405540215032856,False,0.13314079493026398,False,0.07787218366746329,False
4923,0.25205897141743505,False,0.15343152855299552,False,0.21045099929349448,False,0.16747613534272726,False,0.15343152855299552,False
4924,0.15804668582837417,False,0.16200709725907275,False,0.16476279360866564,False,0.1264175543180796,False,0.1264175543180796,False
4925,0.17079597297255267,False,0.08336475155549627,False,0.20678073820866028,False,0.08911690219639123,False,0.08336475155549627,False
4926,0.19090313666907038,False,0.1161552859549847,False,0.19924310179456473,False,0.15032653686527436,False,0.1161552859549847,False
4927,0.22984407567145704,False,0.11290895675399315,False,0.16126388508462675,False,0.1625242462095965,False,0.11290895675399315,False
4928,0.2213257294936219,False,0.12029706689942776,False,0.24717288799951476,False,0.0743804867620469,False,0.0743804867620469,False
4929,0.24156217093574633,False,0.10759041137399883,False,0.1680786310753256,False,0.052563900819074805,False,0.052563900819074805,False
4930,0.24688935124512412,False,0.13884821725993535,False,0.2645653720005058,False,-0.0012100556482099734,True,-0.0012100556482099734,True
4931,0.21548065440877257,False,0.08512071907074348,False,0.24959831281226363,False,0.1605049204124998,False,0.08512071907074348,False
4932,0.22608488635978996,False,0.1786733551256483,False,0.1919451301627909,False,0.12181389249354935,False,0.12181389249354935,False
4933,0.18480547982108014,False,0.14317962091420278,False,0.2511551586555149,False,0.12159360578182032,False,0.12159360578182032,False
4934,0.2189219171342776,False,0.18347912991894783,False,0.1628752761481469,False,0.06439464007700224,False,0.06439464007700224,False
4935,0.23423826752712779,False,0.17959865885605247,False,0.19021291392025308,False,0.060486300850853714,False,0.060486300850853714,False
4936,0.22240786974908527,False,0.0838958919992645,False,0.17043282420953398,False,0.11595771051796733,False,0.0838958919992645,False
4937,0.1868054361319415,False,0.12422383895937639,False,0.23034378921717863,False,0.03648774735424465,False,0.03648774735424465,False
4938,0.2656162387436261,False,0.10750359644502372,False,0.25608916026897127,False,0.14190431441964207,False,0.10750359644502372,False
4939,0.2194336493129766,False,0.19448603708684625,False,0.17126302497007817,False,0.17015459129233407,False,0.17015459129233407,False
4940,0.24782778049173937,False,0.17031909904646392,False,0.22439408732432142,False,0.12724060381990948,False,0.12724060381990948,False
4941,0.21703259107622092,False,0.14718237782567534,False,0.2059418966602447,False,0.05056554547126202,False,0.05056554547126202,False
4942,0.22009143400414594,False,0.1804433098687352,False,0.22084669547905622,False,0.03720406029481038,False,0.03720406029481038,False
4943,0.21436330109893703,False,0.15527904275054566,False,0.22018628902835535,False,0.11356994111078356,False,0.11356994111078356,False
4944,0.14346611719307978,False,0.1410633855669834,False,0.20536952234718442,False,0.12343835963339433,False,0.12343835963339433,False
4945,0.2114224183278648,False,0.12829803994269295,False,0.25136427097635,False,0.14202649693106406,False,0.12829803994269295,False
4946,0.22880564441195994,False,0.16811320010901015,False,0.22039665887218085,False,0.13916189890771707,False,0.13916189890771707,False
4947,0.24328872301036297,False,0.08880085884065525,False,0.23424154218965954,False,0.13955244649340526,False,0.08880085884065525,False
4948,0.2351056136569451,False,0.1345564820260967,False,0.1368434599765811,False,0.1299739979642069,False,0.1299739979642069,False
4949,0.19506954491007572,False,0.11070783182614685,False,0.21317589443735546,False,0.134678727860978,False,0.11070783182614685,False
4950,0.2603202392483082,False,0.14123469325170346,False,0.26061633963091946,False,0.0959748648671126,False,0.0959748648671126,False
4951,0.1792294658451838,False,0.07464715651855192,False,0.21100642351130072,False,0.1153522186720245,False,0.07464715651855192,False
4952,0.2327886985592419,False,0.04627703129151772,False,0.21235371809009101,False,0.109007964596886,False,0.04627703129151772,False
4953,0.24166188039009473,False,0.15036885859824095,False,0.23718096815551876,False,0.1303256296066716,False,0.1303256296066716,False
4954,0.15551318984942997,False,0.09620183816401429,False,0.25819038674185296,False,0.07517953963537605,False,0.07517953963537605,False
4955,0.2181382544559159,False,0.13120311174001686,False,0.2606444144544569,False,0.030839853653681026,False,0.030839853653681026,False
4956,0.18146087794157206,False,0.10458976483137639,False,0.23768899697459556,False,0.11285783008776651,False,0.10458976483137639,False
4957,0.23743046030822484,False,0.11984737364829556,False,0.2566996256145117,False,0.10528530121139468,False,0.10528530121139468,False
4958,0.21865146350855647,False,0.10120450287695837,False,0.18260787508385107,False,0.09663733932490859,False,0.09663733932490859,False
4959,0.244922957590823,False,0.0971950004718084,False,0.19018800676362646,False,0.16145792780162432,False,0.0971950004718084,False
4960,0.18555246154938204,False,0.1609351756812613,False,0.2051271035282432,False,0.05559843372492124,False,0.05559843372492124,False
4961,0.22041924188344653,False,0.18290643102478665,False,0.19246031845540945,False,0.15276323198979574,False,0.15276323198979574,False
4962,0.22897449384909602,False,0.16155852572288837,False,0.23538060131464644,False,0.11105850238088244,False,0.11105850238088244,False
4963,0.2324097642418973,False,0.1304334054983955,False,0.17743223584380824,False,0.07089579684097258,False,0.07089579684097258,False
4964,0.24082349535512804,False,0.15997076346116862,False,0.1740495580365487,False,0.12675007172085595,False,0.12675007172085595,False
4965,0.1787194707668336,False,0.14217234252981753,False,0.21013300221411468,False,0.10177041516827556,False,0.10177041516827556,False
4966,0.10548913740286636,False,0.10859506689733434,False,0.16953760338483226,False,0.14603141945910408,False,0.10548913740286636,False
4967,0.2160122187171516,False,0.13673837142956946,False,0.2576837903767916,False,0.09240829984004273,False,0.09240829984004273,False
4968,0.21253166902745024,False,0.16396187976639925,False,0.2197577008632065,False,0.1227492796805717,False,0.1227492796805717,False
4969,0.22239165194780292,False,0.173066300838216,False,0.20620194940952846,False,0.105991797073269,False,0.105991797073269,False
4970,0.1691599033659555,False,0.10175731316068337,False,0.18962460291923655,False,0.09217523161593932,False,0.09217523161593932,False
4971,0.12369804966291842,False,0.13911561555790342,False,0.21455610612221743,False,0.14201699464624346,False,0.12369804966291842,False
4972,0.011717905707230858,False,0.08282300345371663,False,0.1451638372224735,False,0.05401125964803588,False,0.011717905707230858,False
4973,0.18403689754595776,False,0.1273060476250527,False,0.2830752732483139,False,0.08294685653416667,False,0.08294685653416667,False
4974,0.21879660004457457,False,0.13973931828447445,False,0.25515177497555813,False,0.12671011736703774,False,0.12671011736703774,False
4975,0.22317074838933249,False,0.1327500580526882,False,0.20254904835881027,False,0.11640498321216197,False,0.11640498321216197,False
4976,0.24686170420486742,False,0.11781784445843824,False,0.18090102040843725,False,0.10261607522428995,False,0.10261607522428995,False
4977,0.17543033786004886,False,0.11790065142318618,False,0.2259275218665034,False,0.13190668944994527,False,0.11790065142318618,False
4978,0.25191289065198463,False,0.08592764403769837,False,0.1837245438155411,False,0.014428552614911827,False,0.014428552614911827,False
4979,0.2515541253472844,False,0.10580226132541626,False,0.2172442805968754,False,0.0742071462752274,False,0.0742071462752274,False
4980,0.030374946492421895,False,0.140267565766096,False,0.24115174689647145,False,0.03934369735603871,False,0.030374946492421895,False
4981,0.16670228848484092,False,0.12318141711888164,False,0.22927786941021888,False,0.08906028802741939,False,0.08906028802741939,False
4982,0.08281956198174711,False,0.15245401057270297,False,0.21546540670601771,False,0.0693216582325582,False,0.0693216582325582,False
4983,0.22782426395048516,False,0.03464716917976973,False,0.250026961812183,False,0.09676558282934944,False,0.03464716917976973,False
4984,0.19421569382471515,False,0.05457060834822969,False,0.22990991242537434,False,0.08078941962976749,False,0.05457060834822969,False
4985,0.2470424322631703,False,0.15677066254899702,False,0.1845258690710005,False,0.0600222416143652,False,0.0600222416143652,False
4986,0.2251736836832542,False,0.10960667271138735,False,0.2660695471261594,False,0.13970219692938518,False,0.10960667271138735,False
4987,0.20417796191039883,False,0.17930405236049762,False,0.18362234199654903,False,0.07299633113990267,False,0.07299633113990267,False
4988,0.21460818004862714,False,0.04950239420682878,False,0.23104531814840212,False,0.10549516214234944,False,0.04950239420682878,False
4989,0.2474443870520474,False,0.1763407339643291,False,0.2488780939637379,False,0.13688809101820115,False,0.13688809101820115,False
4990,0.1946580834411254,False,0.06697575701395009,False,0.2060062294563656,False,0.07130346773393481,False,0.06697575701395009,False
4991,0.26394200463907086,False,0.1784304393690121,False,0.2266031384005664,False,0.1569336777768398,False,0.1569336777768398,False
4992,-0.0425956229599701,True,0.12203665621700865,False,0.08103358681550044,False,0.11280817653570918,False,-0.0425956229599701,True
4993,0.20136138823694033,False,0.1681246091451173,False,0.18145408560250287,False,0.05392826306660037,False,0.05392826306660037,False
4994,0.07726579812610124,False,0.07544133068499981,False,0.23162094394324678,False,0.053763157303654,False,0.053763157303654,False
4995,0.21742887208238315,False,0.15604502539509257,False,0.17437802067286334,False,0.057190146136084086,False,0.057190146136084086,False
4996,0.1358644054601147,False,0.09513976616838926,False,0.15904360244345972,False,0.03257592986578617,False,0.03257592986578617,False
4997,0.26147100377802845,False,0.11071146064875914,False,0.24622486871272425,False,0.10055631276472399,False,0.10055631276472399,False
4998,0.12796651225219813,False,0.03887016165985968,False,0.21952183074025017,False,0.1028179978042002,False,0.03887016165985968,False
4999,0.2413597635015774,False,0.14971981986312716,False,0.2595029620644431,False,0.13508927046372188,False,0.13508927046372188,False
5000,0.18875499588735367,False,0.1721435594365046,False,0.15862380632077333,False,0.07309139477664439,False,0.07309139477664439,False
5001,0.2430757126817079,False,0.09882716920420864,False,0.24285773208278272,False,0.16349901131722733,False,0.09882716920420864,False
5002,0.19141288409986723,False,0.12631383849372158,False,0.2051568780500856,False,0.075825853277527,False,0.075825853277527,False
5003,0.159398866997498,False,0.12472557365022247,False,0.18717551841756452,False,0.1061171724648009,False,0.1061171724648009,False
5004,0.18747339565898125,False,0.15277197548879756,False,0.1631542164114917,False,0.06057233655103844,False,0.06057233655103844,False
5005,0.21628591556123977,False,0.07486896129559373,False,0.2251803737105888,False,0.06693007984328525,False,0.06693007984328525,False
5006,0.19420348038419005,False,0.13514261557945612,False,0.20502552137280045,False,0.042745345152589764,False,0.042745345152589764,False
5007,0.24974559952407754,False,0.09027934171846475,False,0.23336969038867983,False,0.04150907306660612,False,0.04150907306660612,False
5008,0.17082333816630568,False,0.13936511112799166,False,0.2187792737973106,False,0.06946622841258543,False,0.06946622841258543,False
5009,0.2308790091071503,False,0.1400104624856089,False,0.213427306715414,False,0.10770807533025428,False,0.10770807533025428,False
5010,0.13535819207895872,False,0.11820928976986089,False,0.1705735860167406,False,0.10154588951704957,False,0.10154588951704957,False
5011,0.24141219996356356,False,0.14130932207952102,False,0.24094986161732218,False,0.09061475198939961,False,0.09061475198939961,False
5012,0.21210180114066585,False,0.13355809420691694,False,0.21651916586001613,False,0.06728971535769956,False,0.06728971535769956,False
5013,0.22617224948269787,False,0.1563812203852758,False,0.17194839263037492,False,0.08575052084749046,False,0.08575052084749046,False
5014,0.1962343534365944,False,0.15115648261716436,False,0.15280468488075294,False,0.07008052188457625,False,0.07008052188457625,False
5015,0.22624890044180962,False,0.13042361239607136,False,0.14996679058246987,False,0.12669222580715772,False,0.12669222580715772,False
5016,0.2115696898186331,False,0.13193063890949847,False,0.22133728752647708,False,0.0962812756964343,False,0.0962812756964343,False
5017,0.24152825659670774,False,0.08563417653647198,False,0.23783041602549204,False,0.08425334652769245,False,0.08425334652769245,False
5018,0.22578801545256255,False,0.10367798779052873,False,0.24476108979739047,False,0.09033482295725725,False,0.09033482295725725,False
5019,0.2555290673308012,False,0.04387347429150845,False,0.24915293256028592,False,0.11994687184680275,False,0.04387347429150845,False
5020,0.18926375128320938,False,0.18221304065339372,False,0.25694257896393735,False,0.06650156510973992,False,0.06650156510973992,False
5021,0.20834077211512625,False,0.1120454310337623,False,0.18102430318229534,False,0.0566408011837336,False,0.0566408011837336,False
5022,0.1546786363648467,False,0.08836383141223969,False,0.2295151024966976,False,0.14463113038208347,False,0.08836383141223969,False
5023,0.1878198641721034,False,0.08252836291003562,False,0.2523236973927448,False,0.0648934543722115,False,0.0648934543722115,False
5024,0.2396780370188406,False,0.15066000006436464,False,0.24445952658915332,False,0.05285573598868798,False,0.05285573598868798,False
5025,0.2324260866541767,False,0.11773872021088194,False,0.2222298646280525,False,0.05321187916794423,False,0.05321187916794423,False
5026,0.24553868045228644,False,0.10923151978868462,False,0.2215670224478815,False,0.042505639922895355,False,0.042505639922895355,False
5027,0.23044994215718756,False,0.15823078842556715,False,0.21853094154831065,False,-0.002267030882605936,True,-0.002267030882605936,True
5028,0.213510263162687,False,0.03779971097848689,False,0.22888161234658683,False,0.07608768643875041,False,0.03779971097848689,False
5029,0.2609062581403957,False,0.19052907770054311,False,0.2334053146656171,False,0.07085988300117718,False,0.07085988300117718,False
5030,0.24190202382557796,False,0.17875576234566554,False,0.2203930810206401,False,0.06975745744133077,False,0.06975745744133077,False
5031,0.2440698282620718,False,0.17602589972620453,False,0.22869001280507828,False,0.056955904434147,False,0.056955904434147,False
5032,0.17191054268213296,False,0.08569891879225344,False,0.15063696495569323,False,0.08847394336176828,False,0.08569891879225344,False
5033,0.15755607621796275,False,0.10259544078240446,False,0.22714276132661027,False,0.10277820709388041,False,0.10259544078240446,False
5034,0.1669532067126746,False,0.13393084259788873,False,0.18506292519264206,False,0.04162554524997919,False,0.04162554524997919,False
5035,0.1818968680538513,False,0.1368078724109672,False,0.17855404789791635,False,0.08688429526563646,False,0.08688429526563646,False
5036,0.22341311945934617,False,0.14754240192363005,False,0.19799521863899489,False,0.0688419978632202,False,0.0688419978632202,False
5037,0.056099722449037936,False,0.12455121952846787,False,0.16435892515377076,False,0.01349156003126084,False,0.01349156003126084,False
5038,0.2111564569341436,False,0.16641287262777654,False,0.22136290546788995,False,0.1170912085856729,False,0.1170912085856729,False
5039,0.22941470148987914,False,0.10059527732756435,False,0.2205066510004477,False,0.043730864436229866,False,0.043730864436229866,False
5040,0.18110205924564216,False,0.10265128743306506,False,0.14884144949463196,False,0.06058539980208488,False,0.06058539980208488,False
5041,0.1278138712007214,False,0.11473382723336212,False,0.18324301834381979,False,0.07484094418792986,False,0.07484094418792986,False
5042,0.16739880709097643,False,0.08639329529383821,False,0.19536597914652593,False,0.01265593831158962,False,0.01265593831158962,False
5043,0.17762701338915388,False,0.16179098334579212,False,0.23365120287013058,False,0.030975409837285306,False,0.030975409837285306,False
5044,0.20940664049837215,False,0.14263458900166665,False,0.22504476169208903,False,0.03338105315086903,False,0.03338105315086903,False
5045,0.14673095903273342,False,0.10015470066466592,False,0.22644967828371537,False,0.07685100173222326,False,0.07685100173222326,False
5046,0.2625364752499498,False,0.12124716879427022,False,0.22894263318673064,False,0.023232475738327985,False,0.023232475738327985,False
5047,0.1869156548193781,False,0.11539302202678337,False,0.214590757417086,False,0.019498115715984254,False,0.019498115715984254,False
5048,0.2076898012149735,False,0.1289722570537044,False,0.21015423970582825,False,0.09392432036900489,False,0.09392432036900489,False
5049,0.0922042424379943,False,0.07920170248065417,False,0.16685172526089348,False,0.005208099354804041,False,0.005208099354804041,False
5050,0.24493252344302918,False,0.15253290158018906,False,0.21964861602889446,False,0.08168433207877723,False,0.08168433207877723,False
5051,0.2465317623398608,False,0.17491790058358053,False,0.16198286603752576,False,0.08204383871685073,False,0.08204383871685073,False
5052,0.1835879245439646,False,0.11300104938890476,False,0.18325740927475892,False,0.09216459953217404,False,0.09216459953217404,False
5053,0.19910504790304007,False,0.1042366821452525,False,0.20943037743083587,False,0.06879428041336144,False,0.06879428041336144,False
5054,0.23882921881232766,False,0.12321087308943868,False,0.15219141991552265,False,0.07769599879006506,False,0.07769599879006506,False
5055,0.19039728793010446,False,0.13551852052793129,False,0.22563505497762404,False,0.08458388935424754,False,0.08458388935424754,False
5056,0.203176187428585,False,0.16700660608020723,False,0.28237367213937364,False,0.006460686371466462,False,0.006460686371466462,False
5057,0.019798422592521847,False,0.17161418220458574,False,0.2210907642748951,False,0.043122040375535464,False,0.019798422592521847,False
5058,0.23204978358128175,False,0.1312610215460358,False,0.16538190418421572,False,0.10030933966078737,False,0.10030933966078737,False
5059,0.18867210678577473,False,0.17049371519330353,False,0.2427739573063123,False,0.04400630228722702,False,0.04400630228722702,False
5060,0.20935402600641517,False,0.0979848282875585,False,0.16256737631049423,False,0.04099937954066191,False,0.04099937954066191,False
5061,0.1956707948557616,False,0.09607257262369273,False,0.10670690623779577,False,0.085319082407732,False,0.085319082407732,False
5062,0.1848885417008419,False,0.11092340880349916,False,0.175311393312526,False,0.07460333932861207,False,0.07460333932861207,False
5063,0.10420409062631031,False,0.13671160076067373,False,0.12287549319979107,False,0.009060185501981177,False,0.009060185501981177,False
5064,0.08832282021307025,False,0.010159640625748922,False,0.26620790702051966,False,0.09612254854721669,False,0.010159640625748922,False
5065,0.23193546362218986,False,0.08328342873710126,False,0.2530433014297726,False,0.11525621517183915,False,0.08328342873710126,False
5066,0.17938765903665638,False,0.07905266666906097,False,0.21233485794241846,False,0.10211794263164753,False,0.07905266666906097,False
5067,0.19800525763666516,False,0.10579720614926746,False,0.13517912963587297,False,0.09103214229868772,False,0.09103214229868772,False
5068,0.2062591367068839,False,0.18056911586583885,False,0.18887761143746895,False,0.07453399435340935,False,0.07453399435340935,False
5069,0.19847688540358455,False,0.1691419229992947,False,0.20427170428038005,False,0.07155461104898486,False,0.07155461104898486,False
5070,0.17829029953843994,False,0.1299896807350503,False,0.1882810273638168,False,0.06240453900668996,False,0.06240453900668996,False
5071,0.23652031923858652,False,0.06900423641305797,False,0.2226368395286763,False,0.08140124632265033,False,0.06900423641305797,False
5072,0.24707330181014925,False,0.15399362262686495,False,0.24948390471657494,False,0.04519818619558136,False,0.04519818619558136,False
5073,0.23722688369215178,False,0.10581182470814043,False,0.0872312584496363,False,0.01810345885295339,False,0.01810345885295339,False
5074,0.21837428880086113,False,0.12142769163998501,False,0.24969048870564947,False,0.14745745333143329,False,0.12142769163998501,False
5075,0.19771044180071867,False,0.09132758139018138,False,0.20743971109374842,False,0.12975576031274255,False,0.09132758139018138,False
5076,0.19390545812478915,False,0.08622447039800651,False,0.20766293527843183,False,0.032022225104231916,False,0.032022225104231916,False
5077,0.2219527451496971,False,0.0741011591576235,False,0.18932468219260679,False,0.10859474360382748,False,0.0741011591576235,False
5078,0.195719690982121,False,0.13624717492101868,False,0.11580120680575379,False,0.05540822208406959,False,0.05540822208406959,False
5079,0.1835586571674701,False,0.07743570153902013,False,0.1818271854239804,False,0.06460191516267388,False,0.06460191516267388,False
5080,0.22524438017244058,False,0.13971011581314435,False,0.16326263636516009,False,0.005016049351999952,False,0.005016049351999952,False
5081,0.23722061764342023,False,0.13099756450002192,False,0.22710966713134634,False,0.07446930482518155,False,0.07446930482518155,False
5082,0.15624995996321217,False,0.1396700300488133,False,0.16079687239499324,False,0.07911212699800985,False,0.07911212699800985,False
5083,0.14512338068967923,False,0.1732701719984725,False,0.177168732764509,False,0.07989114468416814,False,0.07989114468416814,False
5084,0.2038781269161717,False,0.15696284457229592,False,0.19062131954046085,False,0.07863482230074825,False,0.07863482230074825,False
5085,0.21316868575610753,False,0.17729935462136942,False,0.19679646774752463,False,0.12898909517346047,False,0.12898909517346047,False
5086,0.18109160511215266,False,0.13482250005031637,False,0.23182551545932678,False,0.031681014296463195,False,0.031681014296463195,False
5087,0.23834278929763764,False,0.17442466041698151,False,0.22097986744700782,False,0.09609250559577331,False,0.09609250559577331,False
5088,0.06766887861308757,False,0.10832119713764166,False,0.19234543763308204,False,0.07969094822848011,False,0.06766887861308757,False
5089,0.21654882930492253,False,0.10890598953339958,False,0.19927082151401626,False,0.08318651600472105,False,0.08318651600472105,False
5090,0.19138995494278133,False,0.13651874025944144,False,0.10559243588957468,False,0.08204772735924803,False,0.08204772735924803,False
5091,0.24090641149040243,False,0.1701964988372094,False,0.23842755899360285,False,0.13472822328765144,False,0.13472822328765144,False
5092,0.19124081122193382,False,0.14188402862200244,False,0.25458566958189177,False,0.09295574546520835,False,0.09295574546520835,False
5093,0.24021959367245882,False,0.07667022505977339,False,0.164945433694056,False,0.052439733813032685,False,0.052439733813032685,False
5094,0.17603078254784704,False,0.08079564391042149,False,0.17761679013235787,False,0.1300163394773977,False,0.08079564391042149,False
5095,0.19966379190823913,False,0.09629664419690331,False,0.16302783405097293,False,0.10655400864797338,False,0.09629664419690331,False
5096,0.19046593560266173,False,0.12508296747687936,False,0.25804602657742426,False,0.014307638106066611,False,0.014307638106066611,False
5097,0.2242217220062836,False,0.14537766517424167,False,0.10074777516418709,False,0.0943552097146102,False,0.0943552097146102,False
5098,0.24957723774337753,False,0.08589121106870556,False,0.2512067415963461,False,0.07192767769428166,False,0.07192767769428166,False
5099,0.2179583862463435,False,0.10901536232941167,False,0.14377889975600922,False,0.14261099313395725,False,0.10901536232941167,False
5100,0.13588848890552896,False,0.11936032900595073,False,0.22794124434430274,False,0.12247069103640862,False,0.11936032900595073,False
5101,0.1891193834713814,False,0.1038648789637231,False,0.22703250033189631,False,0.0738393651932211,False,0.0738393651932211,False
5102,0.14354716694522807,False,0.0853532546722956,False,0.21556713541875472,False,0.08670497650181641,False,0.0853532546722956,False
5103,0.19240234583117266,False,0.03317270373050285,False,0.23341301923484276,False,0.07573751941700002,False,0.03317270373050285,False
5104,0.23831643924314766,False,0.1447027532709555,False,0.13364621814254563,False,0.14288595002706994,False,0.13364621814254563,False
5105,0.2591297097790209,False,0.11223960148465739,False,0.20959910871683352,False,0.11100438241139443,False,0.11100438241139443,False
5106,0.25290263572491684,False,0.1594175704414616,False,0.22561052910660057,False,0.1701922127971307,False,0.1594175704414616,False
5107,0.2371652207204077,False,0.1009778538884053,False,0.1758006351585742,False,0.10537235017704993,False,0.1009778538884053,False
5108,0.22926090069387645,False,0.11465069069347544,False,0.20356877051448719,False,0.10526545153295008,False,0.10526545153295008,False
5109,0.18898421664326126,False,0.11859281070619465,False,0.19577063196878303,False,0.05388922570886412,False,0.05388922570886412,False
5110,0.20660891186760616,False,0.1500436629727065,False,0.1972732243074456,False,0.1039650067823491,False,0.1039650067823491,False
5111,0.23160851585258435,False,0.019607563906302805,False,0.2271966237952331,False,0.13135498139307783,False,0.019607563906302805,False
5112,0.17106224245224366,False,0.11384907566657076,False,0.18421542408153058,False,0.04567621608085437,False,0.04567621608085437,False
5113,0.2234836753708122,False,0.04343402354858972,False,0.14814600570275127,False,0.12851812676016194,False,0.04343402354858972,False
5114,0.07787413208932936,False,0.10609856254241723,False,0.10542509225933172,False,0.11896196410253945,False,0.07787413208932936,False
5115,0.22833617189618383,False,0.06461883425194004,False,0.19456765609083815,False,0.10324504267639545,False,0.06461883425194004,False
5116,0.20997725237453302,False,0.1868738361776145,False,0.09486624374347397,False,0.10643144002438198,False,0.09486624374347397,False
5117,0.1376934451283881,False,0.175035303969178,False,0.26809444170850233,False,0.06549649426489534,False,0.06549649426489534,False
5118,0.17728905865866018,False,0.1632410874582006,False,0.20631718603072835,False,0.029712936050894756,False,0.029712936050894756,False
5119,0.16515073375195327,False,0.16484480516089872,False,0.11142478816386425,False,0.06416138763729473,False,0.06416138763729473,False
5120,0.21886057388980545,False,0.14616694074343373,False,0.2477208796147637,False,0.13370452342451472,False,0.13370452342451472,False
5121,0.2147202998149369,False,0.13592601032088886,False,0.2522637941169274,False,0.07174008652930197,False,0.07174008652930197,False
5122,0.2047841542330297,False,0.1788741430259596,False,0.19417716095873222,False,0.10877307281849702,False,0.10877307281849702,False
5123,0.15522407728326354,False,0.153399548231283,False,0.2561643219656964,False,0.108971254640992,False,0.108971254640992,False
5124,0.21836354918733553,False,0.16429638614010295,False,0.15619308398312093,False,0.10746622248151094,False,0.10746622248151094,False
5125,0.2387655220480499,False,0.11018591150679846,False,0.17549322747969048,False,0.07491252834066209,False,0.07491252834066209,False
5126,0.2209318525940016,False,0.1497384632342048,False,0.17877672845056264,False,0.08186012825774625,False,0.08186012825774625,False
5127,0.21424751299270045,False,0.17294436878842023,False,0.21175630849422594,False,0.1285662019795386,False,0.1285662019795386,False
5128,0.24610231567704044,False,0.14758582164095513,False,0.23510381247329598,False,0.07813185091426222,False,0.07813185091426222,False
5129,0.1546268784329809,False,0.10692927916310224,False,0.16917700191435597,False,0.0840554971765356,False,0.0840554971765356,False
5130,0.23716584518984835,False,0.0875559386627136,False,0.2263264817442603,False,0.1141036009907146,False,0.0875559386627136,False
5131,0.2163641961588167,False,0.09380495772251696,False,0.14048016370939598,False,0.0717891349583164,False,0.0717891349583164,False
5132,0.2506614191719456,False,0.10725695153674164,False,0.26500634682818286,False,0.06078296954425533,False,0.06078296954425533,False
5133,0.14751876829935107,False,0.1709978111822562,False,0.22227525835625805,False,0.12332532287684095,False,0.12332532287684095,False
5134,0.2603729198003022,False,0.06811315488915382,False,0.2269015675907316,False,0.09269690377458939,False,0.06811315488915382,False
5135,0.21909989197136492,False,0.10346164803982039,False,0.22144772350384034,False,-0.0637126649472628,True,-0.0637126649472628,True
5136,0.1817461830808289,False,0.17049133510139036,False,0.21423320033136967,False,0.10879850767164312,False,0.10879850767164312,False
5137,0.21081684061426087,False,0.052581689731130754,False,0.18065089390322997,False,0.15004310980212615,False,0.052581689731130754,False
5138,0.07607768429930917,False,0.13675558797013854,False,0.17371044754942877,False,0.11481291389839865,False,0.07607768429930917,False
5139,0.19517123742155484,False,0.06367722864448888,False,0.20987028514592276,False,0.12945794027513396,False,0.06367722864448888,False
5140,0.2072414794859591,False,0.1316367737904221,False,0.20426228041938033,False,0.15134863788839914,False,0.1316367737904221,False
5141,0.21098128529076254,False,0.13811571080921725,False,0.20615100755596483,False,0.03901000923098119,False,0.03901000923098119,False
5142,0.19412672366222877,False,0.033815697287083335,False,0.1905372559878647,False,0.14472733751741595,False,0.033815697287083335,False
5143,0.18557348312199068,False,0.09084051564190909,False,0.2265441934271693,False,0.10322377780734804,False,0.09084051564190909,False
5144,0.22247607950112808,False,0.11297161020120017,False,0.1948207010821379,False,0.15902478645395368,False,0.11297161020120017,False
5145,0.23351942235364725,False,0.04924399093715148,False,0.28990209192329364,False,0.1009373212491369,False,0.04924399093715148,False
5146,0.23153431903045485,False,0.14461835352350877,False,0.28158138194704535,False,0.12299268001501484,False,0.12299268001501484,False
5147,0.21133384926584198,False,0.047740101517147915,False,0.13798706785211134,False,0.10465129371935145,False,0.047740101517147915,False
5148,0.23091774482007688,False,0.13150261060371782,False,0.2748933602264569,False,0.15029906342224558,False,0.13150261060371782,False
5149,0.19394299925180358,False,0.049229716172683013,False,0.23297647726046716,False,0.12927160208952082,False,0.049229716172683013,False
5150,0.18852928108621936,False,0.15450548735818403,False,0.27409437409904697,False,0.12673335053456963,False,0.12673335053456963,False
5151,0.21573981611502718,False,0.10369676239776127,False,0.2701163252165137,False,0.12903394099564702,False,0.10369676239776127,False
5152,0.2357046367555189,False,0.01767232437906041,False,0.15660132900548906,False,0.10180306255474081,False,0.01767232437906041,False
5153,0.2597612306394367,False,0.11648309399420309,False,0.22734011067094168,False,0.057058107062931795,False,0.057058107062931795,False
5154,0.21518171279956333,False,0.07865389739281559,False,0.23988054422384342,False,0.12502252978420925,False,0.07865389739281559,False
5155,0.14637935515435058,False,0.18110668464611324,False,0.2333221791581463,False,0.07877450919730078,False,0.07877450919730078,False
5156,0.22031453315203114,False,0.041235308753619915,False,0.20833327927605888,False,0.1320279369953007,False,0.041235308753619915,False
5157,0.1372386906996207,False,0.13729650841365798,False,0.2407493972212389,False,0.08274834979121382,False,0.08274834979121382,False
5158,0.22866249732644112,False,0.03367330509064026,False,0.23420074207035696,False,0.16829988675684798,False,0.03367330509064026,False
5159,0.24905821505040387,False,0.1712147487644443,False,0.22528825479494907,False,0.15552877657040698,False,0.15552877657040698,False
5160,0.24432727356271322,False,0.1403443499033899,False,0.22247609492281656,False,0.050073156732532764,False,0.050073156732532764,False
5161,0.222995653876645,False,0.17038267964131176,False,0.21344716250960094,False,0.129814140182421,False,0.129814140182421,False
5162,0.23594338257448494,False,0.049539749094871244,False,0.27028545573037444,False,0.09213004819762594,False,0.049539749094871244,False
5163,0.2284386502915266,False,0.102478495050217,False,0.17939169568263014,False,0.11890159267580724,False,0.102478495050217,False
5164,0.24828082591994965,False,0.15435365301813803,False,0.243753538810895,False,0.12771036835217275,False,0.12771036835217275,False
5165,0.12041804807007206,False,0.19673905532312236,False,0.19157981384780132,False,0.0396849414190098,False,0.0396849414190098,False
5166,0.2239465227262638,False,0.10384461031068437,False,0.15498048324559133,False,0.12444638496602639,False,0.10384461031068437,False
5167,0.18466153131531804,False,0.1274991885873223,False,0.19639378947511138,False,0.06043972131226505,False,0.06043972131226505,False
5168,0.18436947923352942,False,0.152753842037046,False,0.15066723561002948,False,0.05962907462668188,False,0.05962907462668188,False
5169,0.19701690429085922,False,0.151000354766188,False,0.16565013736863138,False,0.13167295779793536,False,0.13167295779793536,False
5170,0.23704968038308044,False,0.09819838147620252,False,0.15036573254427343,False,0.03811375255239924,False,0.03811375255239924,False
5171,0.1783858896315308,False,0.10192752169511599,False,0.13844700030793156,False,0.14876935039449285,False,0.10192752169511599,False
5172,0.09391037310950257,False,0.11266635028140937,False,0.17493411438664258,False,0.10762680991128981,False,0.09391037310950257,False
5173,0.13552018074108163,False,0.09976067054214366,False,0.18911840041704697,False,0.08932069334612147,False,0.08932069334612147,False
5174,0.22456998685144508,False,0.04987103805572757,False,0.2252417411259371,False,0.15704487129136557,False,0.04987103805572757,False
5175,0.15767182151594267,False,0.16427364943753103,False,0.1961270173707555,False,0.07808016555847308,False,0.07808016555847308,False
5176,0.22979294883457707,False,0.09355142843019426,False,0.2152315232781154,False,0.1295904675541028,False,0.09355142843019426,False
5177,0.23440215169894135,False,0.13924076965306997,False,0.18637482481154366,False,0.12389846311838892,False,0.12389846311838892,False
5178,0.2190332067938766,False,0.14412868986831157,False,0.1196223700409984,False,0.034280475108374286,False,0.034280475108374286,False
5179,0.2014101869372243,False,0.12542529462133134,False,0.1624631429424373,False,0.11776296968867572,False,0.11776296968867572,False
5180,0.16222111464635075,False,0.17340744712677392,False,0.24090542471040566,False,0.1175851302972466,False,0.1175851302972466,False
5181,0.1954279619759947,False,0.07642763883072123,False,0.22432457476042672,False,0.05209831299889989,False,0.05209831299889989,False
5182,0.24802212725268424,False,0.09224250597829231,False,0.21884134526629773,False,0.07047397023880264,False,0.07047397023880264,False
5183,0.2203881605121043,False,0.14266405799330806,False,0.23172921303210253,False,0.14517700767978137,False,0.14266405799330806,False
5184,0.22488395867118632,False,0.17497241400758168,False,0.18988631419526036,False,0.09956502798788402,False,0.09956502798788402,False
5185,0.2042504459167358,False,0.1419899600963942,False,0.19841719030016303,False,0.0810226271658836,False,0.0810226271658836,False
5186,0.22884445755576083,False,0.1693289194276683,False,0.2080866385554052,False,0.10975624078336399,False,0.10975624078336399,False
5187,0.20641926495297103,False,0.19338972720708958,False,0.1481201120835004,False,0.11362859515286472,False,0.11362859515286472,False
5188,0.21323316102639467,False,0.08908180646085095,False,0.21666087369660625,False,0.1329904142171936,False,0.08908180646085095,False
5189,0.20587166328806122,False,0.19270119921130396,False,0.12993808329372447,False,0.13178438718040647,False,0.12993808329372447,False
5190,0.24486375081686362,False,0.1535914818350253,False,0.1410878969670195,False,0.1299333408935926,False,0.1299333408935926,False
5191,0.19988351669138266,False,0.13798765284359849,False,0.02544358131784097,False,0.03528322348568358,False,0.02544358131784097,False
5192,0.20666531112835346,False,0.11735787001825448,False,0.09775271861759771,False,0.09275913886107212,False,0.09275913886107212,False
5193,0.22975201091550018,False,0.14298888196995008,False,0.17416022896568273,False,0.11004547667408682,False,0.11004547667408682,False
5194,0.20822759603064694,False,0.17074664650959692,False,0.22037337646870137,False,-0.0468520440745851,True,-0.0468520440745851,True
5195,0.14323066759039405,False,0.16168883652328392,False,0.12855919852530429,False,-0.015620663939591162,True,-0.015620663939591162,True
5196,0.20871460131633685,False,0.16363250329309287,False,0.12093029661114452,False,0.11332476334520725,False,0.11332476334520725,False
5197,0.19929347243315837,False,0.1032566764852968,False,0.23066909298319271,False,0.13753756976808407,False,0.1032566764852968,False
5198,0.2264498667919413,False,0.15777117807479152,False,0.24963834371967547,False,0.12762655875641093,False,0.12762655875641093,False
5199,0.16785000542330158,False,0.12970627654420985,False,0.24372875629036106,False,0.05726344800756378,False,0.05726344800756378,False
5200,0.23253718025577536,False,0.1321361924306868,False,0.18034344915940703,False,0.1291587885099843,False,0.1291587885099843,False
5201,0.14786734656529293,False,0.13892063371686658,False,0.2408483865539432,False,0.14626356987274675,False,0.13892063371686658,False
5202,0.22264323999453056,False,0.1488497245287025,False,0.14501905849200136,False,0.11155142376004301,False,0.11155142376004301,False
5203,0.23770038735923482,False,0.14733671222240619,False,0.18077234237270856,False,0.10820234706253584,False,0.10820234706253584,False
5204,0.13613980131103431,False,0.17115724661695264,False,0.1479638341048738,False,0.060355641203451715,False,0.060355641203451715,False
5205,0.19818005761475477,False,0.1621265011165619,False,0.2382103567872369,False,0.10224794597354359,False,0.10224794597354359,False
5206,0.13656829512880508,False,0.17343722198769895,False,0.17607305552893382,False,0.1133518930295283,False,0.1133518930295283,False
5207,0.212633528245887,False,0.1136894494891354,False,0.16696568035468168,False,0.1697070027485989,False,0.1136894494891354,False
5208,0.18302494024996413,False,0.16730161861648363,False,0.19013093960212468,False,0.06354416774037308,False,0.06354416774037308,False
5209,0.0497701169812389,False,0.1694984514681288,False,0.14305481687798827,False,0.0955193582947177,False,0.0497701169812389,False
5210,0.18938164675611174,False,0.11973482619608333,False,0.21935802127768989,False,0.10031878956799667,False,0.10031878956799667,False
5211,0.20636587490870784,False,0.17659790676639953,False,0.17410671701834274,False,0.06539701249835206,False,0.06539701249835206,False
5212,0.12956024517599185,False,0.14616794278259765,False,0.21958808559874454,False,0.09127056576180181,False,0.09127056576180181,False
5213,0.23881509985495875,False,0.09625019380337496,False,0.21296191692520983,False,0.0883579492958455,False,0.0883579492958455,False
5214,0.17309392440680316,False,0.059176907780534305,False,0.1996509174230452,False,0.008498149310418923,False,0.008498149310418923,False
5215,0.2225002227945745,False,0.04976470820801482,False,0.23249511095331288,False,-0.013550569057539485,True,-0.013550569057539485,True
5216,0.1338434484831229,False,0.09575534810248121,False,0.19698045913765072,False,0.10379229616284169,False,0.09575534810248121,False
5217,0.198709270698522,False,0.10719333667892383,False,0.2611722142371873,False,0.13199970058527238,False,0.10719333667892383,False
5218,0.20768246454632094,False,0.1815547014022798,False,0.23631553528237226,False,0.07060185627060456,False,0.07060185627060456,False
5219,0.18500968429605252,False,0.11787812166205214,False,0.19119299046355892,False,0.13649852076119717,False,0.11787812166205214,False
5220,0.20177957452123158,False,0.09022196811721273,False,0.15989126965348244,False,0.12924244878534674,False,0.09022196811721273,False
5221,0.2598852281018048,False,0.06838560182440134,False,0.17304196284598272,False,0.041845311246317296,False,0.041845311246317296,False
5222,0.12966087145465477,False,0.1641111561359903,False,0.24873020192921452,False,0.0990043124509884,False,0.0990043124509884,False
5223,0.18856195222971317,False,0.11250842633097424,False,0.16979162716362417,False,0.07021982362468426,False,0.07021982362468426,False
5224,0.19834286997802053,False,0.10214082736070573,False,0.19666032907371322,False,0.05405104554652451,False,0.05405104554652451,False
5225,0.21283195917766884,False,0.1257058446370084,False,0.17729241723420502,False,0.1446139171303643,False,0.1257058446370084,False
5226,0.11279886453702659,False,0.13004681642918658,False,0.1667594536945219,False,0.08711564619130396,False,0.08711564619130396,False
5227,0.23429502157235915,False,0.14762601668711234,False,0.20378287207973578,False,0.11916662662310251,False,0.11916662662310251,False
5228,0.21900947504591678,False,0.1479606256204638,False,0.1141396969430577,False,0.1463934550400754,False,0.1141396969430577,False
5229,0.19370200902721751,False,0.1395199010820108,False,0.19283390017061047,False,0.10798595758562768,False,0.10798595758562768,False
5230,0.17110744161483987,False,0.17210423418006765,False,0.15478826360449727,False,0.12904933856943918,False,0.12904933856943918,False
5231,0.22226191536091433,False,0.1724363577048375,False,0.2252176523463671,False,-0.004306666466118214,True,-0.004306666466118214,True
5232,0.1885496768818914,False,0.14196456727178153,False,0.20421402976877018,False,0.01822148142066482,False,0.01822148142066482,False
5233,0.05961026434038519,False,0.17036503547434417,False,0.19312623362308184,False,0.016135316191470128,False,0.016135316191470128,False
5234,0.1568809761522163,False,0.09001870115500488,False,0.24098790062447295,False,0.09131763020892447,False,0.09001870115500488,False
5235,0.26193718482187867,False,0.1551934622612296,False,0.2303784949596786,False,0.10313465001863964,False,0.10313465001863964,False
5236,0.09082357838690602,False,0.13534682301637996,False,0.2192943592202296,False,0.035289481216787655,False,0.035289481216787655,False
5237,0.2554478073444196,False,0.09926593353502822,False,0.14344691866694392,False,0.13077135279105384,False,0.09926593353502822,False
5238,0.23250175646867643,False,-0.04704166165426926,True,0.16631555184025582,False,-0.03715879986072235,True,-0.04704166165426926,True
5239,0.21457507500546857,False,0.17066380724527158,False,0.22022606102650716,False,0.07265007648484001,False,0.07265007648484001,False
5240,0.2165574368148881,False,0.16314949015892305,False,0.16540184608567776,False,0.1495436267166902,False,0.1495436267166902,False
5241,0.12477786570460103,False,0.1541948195676524,False,0.18721080244936866,False,0.09758087625246259,False,0.09758087625246259,False
5242,0.21967852360153173,False,0.06491859967076197,False,0.19628136947876113,False,0.10945876598309112,False,0.06491859967076197,False
5243,0.25361947268587665,False,0.15472180203573455,False,0.19360224966379547,False,0.08558298869110548,False,0.08558298869110548,False
5244,0.21034733642001097,False,0.11069861189061336,False,0.17523950243310438,False,0.09574455801833426,False,0.09574455801833426,False
5245,0.22568842502385433,False,0.11503799943006321,False,0.1729629733170317,False,0.1386044740882298,False,0.11503799943006321,False
5246,0.2042206147231706,False,0.1811069727689693,False,0.18419681703049218,False,0.1518046119936255,False,0.1518046119936255,False
5247,0.10921436815933738,False,0.07927740870177091,False,0.2743707437637788,False,0.07906780612107622,False,0.07906780612107622,False
5248,0.21123531402970797,False,0.15846690539094094,False,0.18996366445620044,False,0.11551515031380821,False,0.11551515031380821,False
5249,0.19108724713905795,False,0.1562127299835408,False,0.21557942776076833,False,0.09818680331057428,False,0.09818680331057428,False
5250,0.19822728632995495,False,0.08746812452329045,False,0.2306365319928475,False,0.16181725956793336,False,0.08746812452329045,False
5251,0.24042261196487907,False,0.1337742816542583,False,0.2213334356169469,False,0.08001797115838549,False,0.08001797115838549,False
5252,0.1847952202038487,False,0.06562086341251083,False,0.1745740323257382,False,0.12155973739517845,False,0.06562086341251083,False
5253,0.19534528877295187,False,0.1800407289743206,False,0.20502567894923168,False,0.08369474184955861,False,0.08369474184955861,False
5254,0.2069729594327338,False,0.1680908258919171,False,0.25545870082059213,False,0.11833737046734516,False,0.11833737046734516,False
5255,0.16764460234336337,False,0.13990916159853728,False,0.19983897557440955,False,0.0231511313070214,False,0.0231511313070214,False
5256,0.07215644811632294,False,0.10499122749723966,False,0.2089640273054288,False,0.11593050095868829,False,0.07215644811632294,False
5257,0.15334587587062903,False,0.13331304279839723,False,0.16835300961387173,False,0.09213251232897335,False,0.09213251232897335,False
5258,0.2396745343819613,False,0.1543977547777649,False,0.24391575009422872,False,0.02063085434352674,False,0.02063085434352674,False
5259,0.11256001392983861,False,0.1820127080511968,False,0.2323013789105749,False,0.05627391653139113,False,0.05627391653139113,False
5260,0.24315866142439035,False,0.14971471294554717,False,0.23272973720334722,False,0.1093381366132613,False,0.1093381366132613,False
5261,0.22474766853591188,False,0.11771094272780425,False,0.23617745893209952,False,0.10192886623037156,False,0.10192886623037156,False
5262,0.18789272030835957,False,0.11538856725326907,False,0.24246892815465226,False,0.034194513071727495,False,0.034194513071727495,False
5263,0.19405912294176053,False,0.1502082161436618,False,0.1599862207167192,False,0.06383297429694201,False,0.06383297429694201,False
5264,0.22673913192368172,False,0.09584770140503107,False,0.15498672503552757,False,0.09184644334252845,False,0.09184644334252845,False
5265,-0.0020328979830778193,True,0.09052029028786579,False,0.18495683504606497,False,0.09577643304110683,False,-0.0020328979830778193,True
5266,0.12149642618365442,False,0.13916682340769887,False,0.03412414287465959,False,0.05037050843828306,False,0.03412414287465959,False
5267,0.14719139239401152,False,0.15323120181881028,False,0.18519068285896273,False,0.12189127321262971,False,0.12189127321262971,False
5268,0.20098211843823283,False,0.11248197181114916,False,0.24501942718987996,False,0.06892013672648478,False,0.06892013672648478,False
5269,0.23332606135961587,False,0.13851406773442054,False,0.21518513325207111,False,0.1029543724335531,False,0.1029543724335531,False
5270,0.25314406330978406,False,0.16765204595749245,False,0.24456031824170105,False,0.12080825329673062,False,0.12080825329673062,False
5271,0.2144618245381696,False,0.13428438331867393,False,0.18699120518621165,False,0.13000178480613855,False,0.13000178480613855,False
5272,0.1889106388704525,False,0.16408628953305066,False,0.17326646769411758,False,0.07648444310892788,False,0.07648444310892788,False
5273,0.08792936000089868,False,0.11436127081508307,False,0.22411014089119863,False,0.10586399767552512,False,0.08792936000089868,False
5274,0.22584878985243884,False,0.17689737344349948,False,0.2319488535966377,False,0.07106115156865267,False,0.07106115156865267,False
5275,0.056020180444664835,False,0.15834817499664455,False,0.17721756279833234,False,0.07505901456619146,False,0.056020180444664835,False
5276,0.18879686517683925,False,0.1173545983180383,False,0.13779112153654594,False,0.06163501129022653,False,0.06163501129022653,False
5277,0.2358685347748647,False,0.18115258061982709,False,0.16083174629607505,False,0.14568279479328772,False,0.14568279479328772,False
5278,0.1339279407339491,False,0.1257414853335248,False,0.187611967460945,False,0.13819295449476326,False,0.1257414853335248,False
5279,0.21818546094724145,False,0.1546239895792928,False,0.1565143484550836,False,0.15766306292470111,False,0.1546239895792928,False
5280,0.21553010013160928,False,0.13271680645606182,False,0.18212807181005308,False,0.08763952562322552,False,0.08763952562322552,False
5281,0.2520509149588485,False,0.0750281905613519,False,0.22633827008795626,False,0.03687650546812904,False,0.03687650546812904,False
5282,0.24223943344289034,False,0.13344262500541626,False,0.16536204065429672,False,0.09900690282030411,False,0.09900690282030411,False
5283,0.1954406640043106,False,0.128113018542722,False,0.18743184917757388,False,0.053312330580851275,False,0.053312330580851275,False
5284,0.10557123586423922,False,0.11191077707868191,False,0.12079048131023684,False,0.07202108049336897,False,0.07202108049336897,False
5285,0.2258005859870762,False,0.13055365297616195,False,0.1756392017936514,False,0.13355843890800778,False,0.13055365297616195,False
5286,0.18311085091872964,False,0.15701362553102205,False,0.20963906858363657,False,0.1362215410950815,False,0.1362215410950815,False
5287,0.1817499383020904,False,0.06978232379808758,False,0.19700682430165206,False,0.10561779155977069,False,0.06978232379808758,False
5288,0.11058081854249069,False,0.15223839195513333,False,0.17651068745711895,False,0.09708454708540715,False,0.09708454708540715,False
5289,0.25445360328682787,False,0.14566945872360176,False,0.1409335706505006,False,0.13326242964745383,False,0.13326242964745383,False
5290,0.1565643975272451,False,0.1588954922416676,False,0.20536529832101014,False,0.1349606590564535,False,0.1349606590564535,False
5291,0.23136318352226903,False,0.16241858451579916,False,0.16938008554327144,False,0.1099577714556772,False,0.1099577714556772,False
5292,0.17369843331126755,False,0.1415847906349892,False,0.17326837856499355,False,0.07027066096079504,False,0.07027066096079504,False
5293,0.20623407840374558,False,0.1603378772205371,False,0.21442666761224427,False,0.07323085452602529,False,0.07323085452602529,False
5294,0.2287348281588828,False,0.11236645757321817,False,0.20038969584400823,False,0.1177911746247674,False,0.11236645757321817,False
5295,0.22944024896291237,False,0.16371818258672516,False,0.2485141860885956,False,0.11918050320012019,False,0.11918050320012019,False
5296,0.06284995967849649,False,0.16642060090456767,False,0.05936027496296303,False,0.13784341745070883,False,0.05936027496296303,False
5297,0.2553391842042261,False,0.13087673734252814,False,0.15003589027898,False,0.02801567365380775,False,0.02801567365380775,False
5298,0.16218550113220115,False,0.1449267432543429,False,0.09942356468035263,False,0.0840502577790726,False,0.0840502577790726,False
5299,0.2477152584665096,False,0.16276102299245698,False,0.16270884577173483,False,0.10474851687004727,False,0.10474851687004727,False
5300,0.20477421339727397,False,0.16279229602588013,False,0.23475195803565135,False,0.10389074347585003,False,0.10389074347585003,False
5301,0.2123587157138968,False,0.17500880735365687,False,0.17972982697938317,False,0.06941400547873688,False,0.06941400547873688,False
5302,0.18742510002426094,False,0.14677002264810324,False,0.14558943763726684,False,0.08267817730254334,False,0.08267817730254334,False
5303,0.18582588211889728,False,0.10189430881492167,False,0.18585129617312168,False,0.09908320880798249,False,0.09908320880798249,False
5304,0.14942407032742305,False,0.16012502916051896,False,0.20219151866066803,False,0.07064372196619395,False,0.07064372196619395,False
5305,0.1978755405473417,False,0.16534103840448344,False,0.1587742112012549,False,0.08337187616098618,False,0.08337187616098618,False
5306,0.19171339645910357,False,0.1530523484187229,False,0.13033817660067326,False,0.05315667499174925,False,0.05315667499174925,False
5307,0.22579094166982966,False,0.17269629729224206,False,0.24328505319397048,False,0.11711881379897848,False,0.11711881379897848,False
5308,0.22237768398800584,False,0.1393449756443802,False,0.2329476907590483,False,0.029938831726284976,False,0.029938831726284976,False
5309,0.21414281027898385,False,0.06954455680055227,False,0.2264949822480935,False,0.12314738452973661,False,0.06954455680055227,False
5310,0.13936580582503877,False,0.1383137708102466,False,0.19068377860997532,False,0.11113014818992906,False,0.11113014818992906,False
5311,0.2203019027805831,False,0.1822805667967365,False,0.1874890283671522,False,0.06422667276206784,False,0.06422667276206784,False
5312,0.1761491495231301,False,0.15077281197387532,False,0.18364544382848758,False,0.08628344119087272,False,0.08628344119087272,False
5313,0.22400021565643052,False,0.18761763865280368,False,0.19186383158460046,False,0.15123843000742743,False,0.15123843000742743,False
5314,0.21062542542678497,False,0.13356958208810493,False,0.22059376471460468,False,0.11787498514149919,False,0.11787498514149919,False
5315,0.25620258056671363,False,0.16699860050731286,False,0.1558678298264723,False,0.05573858155609224,False,0.05573858155609224,False
5316,0.06813518744682667,False,0.17132569387063495,False,0.22206279409357427,False,0.006376070099042841,False,0.006376070099042841,False
5317,0.22825304435457217,False,0.16630381099964098,False,0.19881721064991453,False,0.09243148128469825,False,0.09243148128469825,False
5318,0.05466040998376376,False,0.16103331813965827,False,0.23805044604775322,False,0.13259442394586374,False,0.05466040998376376,False
5319,0.22721317585830914,False,0.12864387429762825,False,0.13188312023222792,False,0.06382827162289018,False,0.06382827162289018,False
5320,0.1942673676542942,False,0.15116647345574452,False,0.24769340506099424,False,0.08528849265001859,False,0.08528849265001859,False
5321,0.21296480007193652,False,0.15858754464113917,False,0.15781891857232605,False,0.06519421467256237,False,0.06519421467256237,False
5322,0.24224534682710208,False,0.1663074219345702,False,0.15238383791508103,False,0.1390379044928497,False,0.1390379044928497,False
5323,0.18459926143390337,False,0.07754699791693465,False,0.17974990011940944,False,0.12317069518637402,False,0.07754699791693465,False
5324,0.19070430486168316,False,0.18462613811430956,False,0.13645488036498743,False,0.03264100412947868,False,0.03264100412947868,False
5325,0.18322182370582285,False,0.16067590743300514,False,0.2123776429932377,False,0.09123054371481876,False,0.09123054371481876,False
5326,0.2653383823376863,False,0.16577880900444808,False,0.19994767852987744,False,0.1574460247490002,False,0.1574460247490002,False
5327,0.22070897029720898,False,0.17106112130506373,False,0.14688326136264118,False,0.11251290228258382,False,0.11251290228258382,False
5328,0.21081297397644938,False,0.12333339976185742,False,0.20420963827278554,False,0.1188433603010427,False,0.1188433603010427,False
5329,0.18487975991575295,False,0.10619843042659594,False,0.1992066835746652,False,0.11846524624929788,False,0.10619843042659594,False
5330,0.17653203794574018,False,0.15240888547742476,False,0.24056170206412492,False,0.13323290860526504,False,0.13323290860526504,False
5331,0.2514399615369282,False,0.14811879888796592,False,0.19753490424653536,False,-0.05665866238991457,True,-0.05665866238991457,True
5332,0.1807494721245272,False,0.1643867708152546,False,0.16816338418129045,False,0.14958772533155734,False,0.14958772533155734,False
5333,-0.012331757244371855,True,0.15504859880610528,False,0.24850786325755048,False,0.08821110983450331,False,-0.012331757244371855,True
5334,0.2143607007903705,False,0.17840200526885203,False,0.22610403902343296,False,0.09640777878064044,False,0.09640777878064044,False
5335,0.14914998287905346,False,0.1816876290227123,False,0.1937208396291739,False,0.05278647802978931,False,0.05278647802978931,False
5336,0.18859836611649528,False,0.1427053900776178,False,0.1972050226429431,False,0.09804976412858868,False,0.09804976412858868,False
5337,0.22141492652677552,False,0.18204396233854703,False,0.15966518059529122,False,0.08492656910681917,False,0.08492656910681917,False
5338,0.11452635126579125,False,0.18172956679649432,False,0.20132391251493775,False,0.14566483209806974,False,0.11452635126579125,False
5339,0.22484100361395687,False,0.1177519956587798,False,0.14763074319693237,False,0.1319779312073568,False,0.1177519956587798,False
5340,0.2511576578016317,False,0.09418403356672667,False,0.1832261251286279,False,0.05803639306092423,False,0.05803639306092423,False
5341,0.22617655417256438,False,0.13430244946877662,False,0.19793938722873305,False,0.06389106068383321,False,0.06389106068383321,False
5342,0.17888339336819337,False,0.14860776910747592,False,0.231773063421141,False,0.10507495502209818,False,0.10507495502209818,False
5343,0.25006348716357263,False,0.10608236196165122,False,0.17519818096086015,False,0.11560338582031704,False,0.10608236196165122,False
5344,0.22762736238025671,False,0.16477770400641212,False,0.19814687735321002,False,0.13104321434064503,False,0.13104321434064503,False
5345,0.17825938166158328,False,0.1263213452435431,False,0.15006780742175319,False,0.12594580839256336,False,0.12594580839256336,False
5346,0.2076950086178183,False,0.1148602296927429,False,0.24992137357848448,False,0.09469682132994972,False,0.09469682132994972,False
5347,0.04923577748822083,False,0.15752716492872626,False,0.20429408422848727,False,0.05343229448328535,False,0.04923577748822083,False
5348,0.20930061509805692,False,0.1793913517686871,False,0.2165864349607552,False,0.1052558743451455,False,0.1052558743451455,False
5349,0.2016582763633823,False,0.09323642370571006,False,0.22707116862052656,False,0.09243111578026253,False,0.09243111578026253,False
5350,0.1693461063456364,False,0.12684190975864423,False,0.20810222400477596,False,0.0851454021463004,False,0.0851454021463004,False
5351,0.1660635000201533,False,0.1693310806435322,False,0.1710199269922391,False,0.08283426085667656,False,0.08283426085667656,False
5352,0.2301201225153479,False,0.13548038013961983,False,0.24938266124777503,False,0.09179088378715472,False,0.09179088378715472,False
5353,0.20733470928552322,False,0.11632116650436297,False,0.14474405019824488,False,0.0769798346208429,False,0.0769798346208429,False
5354,0.1971180160116227,False,0.10077763963139874,False,0.18913649724006393,False,-0.05555716584143844,True,-0.05555716584143844,True
5355,0.21701800297406815,False,0.16946216441689493,False,0.18892071835183977,False,0.06698859211099839,False,0.06698859211099839,False
5356,0.20899924626983013,False,0.15428431745811866,False,0.16302727083661245,False,0.0827753058941817,False,0.0827753058941817,False
5357,0.24245447803465403,False,0.17675098838657627,False,0.2217182417663302,False,0.10146331467239256,False,0.10146331467239256,False
5358,0.09052399491261354,False,0.08738335575668399,False,0.1816001558226667,False,0.06899436068949671,False,0.06899436068949671,False
5359,0.08713327360403633,False,0.1467002849008231,False,0.225198793655769,False,0.015821416567291413,False,0.015821416567291413,False
5360,0.021061644896096632,False,0.18464446764487935,False,0.10904244712496203,False,-0.013376791535058885,True,-0.013376791535058885,True
5361,0.1633894173807217,False,0.15658966154163623,False,0.1324889251800908,False,0.07179234892273534,False,0.07179234892273534,False
5362,0.03893557373916101,False,0.1413956184018334,False,0.1687088973769656,False,0.14122967319616458,False,0.03893557373916101,False
5363,0.10396671919844058,False,0.11461765447356431,False,0.14131788125166145,False,0.10722261324034899,False,0.10396671919844058,False
5364,0.19489295624956854,False,0.14190614847029137,False,0.1293266087491175,False,0.03125786390426477,False,0.03125786390426477,False
5365,0.1679571450068737,False,0.17037204791214772,False,0.17359263286755694,False,0.06684042635398513,False,0.06684042635398513,False
5366,0.22697340760636292,False,0.1397387644089838,False,0.20333205313739888,False,-0.019592255357109845,True,-0.019592255357109845,True
5367,0.23534949993532978,False,0.08827681536084508,False,0.20014910163059785,False,0.07862891181876419,False,0.07862891181876419,False
5368,0.11564145278375426,False,0.17181075596815742,False,0.1326835701740574,False,0.062414598684188194,False,0.062414598684188194,False
5369,0.23775457593215715,False,0.13010149260165604,False,0.2406853883673598,False,0.07651881626812684,False,0.07651881626812684,False
5370,0.21075572966834571,False,0.09502069722880813,False,0.17727492443857795,False,0.11609300399667888,False,0.09502069722880813,False
5371,0.19536038315547727,False,0.16628454693399664,False,0.251612708943037,False,0.11059183330932942,False,0.11059183330932942,False
5372,0.25080656299601417,False,0.173728243364895,False,0.23371624087358234,False,0.07769980172519397,False,0.07769980172519397,False
5373,0.19372538850611104,False,0.16307561243345137,False,0.08142061700413583,False,0.08660333321277736,False,0.08142061700413583,False
5374,0.13638115851602206,False,0.11173528348971351,False,0.197647789677784,False,0.03505354351945922,False,0.03505354351945922,False
5375,0.20460821460987844,False,0.08408834649815922,False,0.24049059774615028,False,0.0798878209470073,False,0.0798878209470073,False
5376,0.21736938251832455,False,0.16576975604600563,False,0.15206522497133423,False,0.07026875961917722,False,0.07026875961917722,False
5377,0.2525049148758789,False,0.16139055745015307,False,0.18853634262283098,False,0.08476811659486094,False,0.08476811659486094,False
5378,0.1630226856201179,False,0.17397909453398186,False,0.16247007904674776,False,0.08273363652627297,False,0.08273363652627297,False
5379,0.19282427795580143,False,0.06354273616919048,False,0.16633607166412057,False,0.04611392526121316,False,0.04611392526121316,False
5380,0.19268276751898927,False,0.12316303344834179,False,0.1424134338735683,False,-0.051878687841485305,True,-0.051878687841485305,True
5381,0.21484034234222077,False,0.132348175511402,False,0.11673884293572079,False,0.1333227261455303,False,0.11673884293572079,False
5382,0.1304854967924527,False,0.17255503539453293,False,0.20719280656468453,False,0.09811405457417732,False,0.09811405457417732,False
5383,0.23205915716298192,False,0.15965362793852655,False,0.11169556503218159,False,0.08556741288292324,False,0.08556741288292324,False
5384,0.20835886306773838,False,0.10749552323398037,False,0.23270538818433495,False,0.11487669029307046,False,0.10749552323398037,False
5385,0.22909703027025752,False,0.17440169727950622,False,0.20773530019942976,False,0.09907397959444386,False,0.09907397959444386,False
5386,0.18760756724959948,False,0.13374462113025876,False,0.19142833437258688,False,0.06725345351360146,False,0.06725345351360146,False
5387,0.22586325893469783,False,0.061475723675841976,False,0.12426580504340023,False,0.15596004390236284,False,0.061475723675841976,False
5388,0.2096207150849017,False,0.16039493583130687,False,0.1776704953348343,False,0.06434865404003742,False,0.06434865404003742,False
5389,0.22968295758381863,False,0.1748962860320704,False,0.17187559486857945,False,0.055613375665185094,False,0.055613375665185094,False
5390,0.21881029385612444,False,0.15131517777601133,False,0.19774841701605644,False,0.07835301017013252,False,0.07835301017013252,False
5391,0.21521565524377617,False,0.17094226808370055,False,0.19024173473644485,False,0.06175971571001804,False,0.06175971571001804,False
5392,0.23989960735615729,False,0.10391932216364785,False,0.21913757771707199,False,0.08372435915084775,False,0.08372435915084775,False
5393,0.19719702914886594,False,0.17076629572393004,False,0.18040086776770453,False,0.07269415314752425,False,0.07269415314752425,False
5394,0.20360649734027342,False,0.1033118573806393,False,0.2155571764604296,False,0.04507186737942559,False,0.04507186737942559,False
5395,0.1953891567776352,False,0.09440462822459317,False,0.18477532009864428,False,0.05095841063191919,False,0.05095841063191919,False
5396,0.1833574457093693,False,0.17253465924588524,False,0.16484637899841048,False,0.13328472016130571,False,0.13328472016130571,False
5397,0.21195001390695628,False,0.1629466336203062,False,0.1681514042059531,False,0.07688101029261474,False,0.07688101029261474,False
5398,0.11286554074849053,False,0.16793525631355222,False,0.1887133431331522,False,0.08446755199231071,False,0.08446755199231071,False
5399,0.240616491921886,False,0.16321076787348665,False,0.20295633030706595,False,0.06853120303451554,False,0.06853120303451554,False
5400,0.19173007502634365,False,0.173745335572482,False,0.17145341987060608,False,0.02327554211310834,False,0.02327554211310834,False
5401,0.2010201547643623,False,0.16751248631478893,False,0.16075337158184966,False,0.08768775657746508,False,0.08768775657746508,False
5402,0.19690795933182498,False,0.11244060990919613,False,0.16583880699088294,False,0.08268984023720527,False,0.08268984023720527,False
5403,0.20265895560499264,False,0.13031427391458805,False,0.20453604312223872,False,0.10113444551079631,False,0.10113444551079631,False
5404,0.1782638888292295,False,0.11700774489509425,False,0.18051923559756705,False,0.03480259266275665,False,0.03480259266275665,False
5405,0.245874302773062,False,0.08038767710365768,False,0.20541210531752763,False,0.14065589364954667,False,0.08038767710365768,False
5406,0.16425328022281827,False,0.14934802993347313,False,0.191975103236373,False,0.09842115991653089,False,0.09842115991653089,False
5407,0.18377457343048542,False,0.0971286087622667,False,0.23108845120088678,False,0.10836597990433305,False,0.0971286087622667,False
5408,0.08622620302054207,False,0.15593093395546975,False,0.15051935834208352,False,0.06195458100504425,False,0.06195458100504425,False
5409,0.1654786181964873,False,0.16379097758083877,False,0.1730409373192327,False,0.05935501330193105,False,0.05935501330193105,False
5410,0.21229676056021285,False,0.1687295180725054,False,0.19717757044799034,False,0.13083680581805868,False,0.13083680581805868,False
5411,0.20101208342290944,False,0.0929651961624346,False,0.23439678074078651,False,0.10540517189733223,False,0.0929651961624346,False
5412,0.24201960798031952,False,0.10477050670299759,False,0.19036186808883127,False,0.1283380437373755,False,0.10477050670299759,False
5413,0.18850743084524657,False,0.138977567203935,False,0.22340956710112564,False,0.1334880640173136,False,0.1334880640173136,False
5414,0.09290882313335413,False,0.1560929078907804,False,0.1367280645138894,False,0.12365747765670754,False,0.09290882313335413,False
5415,0.062484241418764075,False,0.1490781301047293,False,0.1312561814788471,False,0.07270788434083164,False,0.062484241418764075,False
5416,0.10965504092390688,False,0.13354631035192827,False,0.16755357451484143,False,0.04110052900768957,False,0.04110052900768957,False
5417,0.1637717262487869,False,0.08422295941941549,False,0.17810062435270085,False,0.10164841599239682,False,0.08422295941941549,False
5418,0.21559802877365059,False,0.1785061388294406,False,0.1457667488087605,False,-0.050968420831832284,True,-0.050968420831832284,True
5419,0.2274200613780975,False,0.1506988182305744,False,0.19678123116082813,False,0.1055519346727295,False,0.1055519346727295,False
5420,0.1158691911206502,False,0.17906953064042203,False,0.17007454449088283,False,0.03025044130182608,False,0.03025044130182608,False
5421,0.21286150711280788,False,0.15292957953083247,False,0.15308781540266458,False,0.12569360071332086,False,0.12569360071332086,False
5422,0.22739846572950795,False,0.18157025231819335,False,0.14721455915009096,False,0.09193710146622869,False,0.09193710146622869,False
5423,0.2208063481159725,False,0.17283258638986843,False,0.1764474817157008,False,0.0703183541492014,False,0.0703183541492014,False
5424,0.21685746191340455,False,0.1508650146279854,False,0.21927233673531193,False,0.0775642515544197,False,0.0775642515544197,False
5425,0.23718416005130216,False,0.11418073919429783,False,0.17003035841301528,False,0.031831869266774726,False,0.031831869266774726,False
5426,0.22879673803546996,False,0.19015343728242734,False,0.18295662356499354,False,0.1084842114656226,False,0.1084842114656226,False
5427,0.13362937760164562,False,0.1610652423361208,False,0.1702263411157124,False,0.12858315457365038,False,0.12858315457365038,False
5428,0.20112661259320858,False,0.11528690172605982,False,0.21706298927921047,False,0.08308532419247394,False,0.08308532419247394,False
5429,0.1892565808666274,False,0.16179494570125902,False,0.10647862146426479,False,0.09268289842630018,False,0.09268289842630018,False
5430,0.22943740018420744,False,0.09400744083195589,False,0.20414855085689243,False,0.06338790597711108,False,0.06338790597711108,False
5431,0.22547062494164144,False,0.14864595610918163,False,0.12756632640747645,False,0.05525724527645681,False,0.05525724527645681,False
5432,0.2085780081230592,False,0.12628616796844894,False,0.2367673004707161,False,0.10451522462988216,False,0.10451522462988216,False
5433,0.1955681116005692,False,0.13541219486706269,False,0.18071569720358216,False,0.10579852520638078,False,0.10579852520638078,False
5434,0.18900213812787758,False,0.15799843944826808,False,0.1954860169453893,False,0.09740639847000676,False,0.09740639847000676,False
5435,0.23261749491834366,False,0.0792392374921217,False,0.20083723343505488,False,0.12003806095950886,False,0.0792392374921217,False
5436,0.21911625221967623,False,0.17510572009292563,False,0.20012853342256814,False,0.14797021726751114,False,0.14797021726751114,False
5437,0.20229689614320678,False,0.11001306500917618,False,0.18215623757350585,False,0.06794236706223711,False,0.06794236706223711,False
5438,0.24474235063717475,False,0.18848971913805057,False,0.18004407768957076,False,0.0971189829019441,False,0.0971189829019441,False
5439,0.07213084481821597,False,0.06824722362410074,False,0.24849706824453688,False,0.11637674497888695,False,0.06824722362410074,False
5440,0.20476427854330626,False,0.11610165123433813,False,0.20382472784405903,False,0.06747439676913247,False,0.06747439676913247,False
5441,0.1572269842857626,False,0.1625794621344872,False,0.17096532151369448,False,0.058567673844177714,False,0.058567673844177714,False
5442,0.1919033581631885,False,0.11743717445143331,False,0.1704900890162045,False,0.06758035048067268,False,0.06758035048067268,False
5443,0.21707877186442154,False,0.17490371281907652,False,0.16643336222274435,False,0.05637035730221174,False,0.05637035730221174,False
5444,0.21360540393509303,False,0.15576160176722137,False,0.14361333715568658,False,0.10214903663844033,False,0.10214903663844033,False
5445,0.24339784959662453,False,0.17862984087965716,False,0.19162099368555885,False,0.003923958369776992,False,0.003923958369776992,False
5446,0.08304574450139424,False,0.12563617070832828,False,0.1265286719749108,False,0.07733442904260168,False,0.07733442904260168,False
5447,0.23753913146596267,False,0.16381091279395865,False,0.15161244283555608,False,0.0858727278060667,False,0.0858727278060667,False
5448,0.20829551924847756,False,0.04880218432351813,False,0.11939714321867623,False,0.09829080045630922,False,0.04880218432351813,False
5449,0.23331853961154247,False,0.11936945278034428,False,0.15739709205668118,False,0.12767905852817907,False,0.11936945278034428,False
5450,0.11249074813034887,False,0.1627486797589454,False,0.12409442192734443,False,0.06158572510198579,False,0.06158572510198579,False
5451,0.087667144514746,False,0.16181695142859703,False,0.14078174433589008,False,0.11936709686226255,False,0.087667144514746,False
5452,0.22032857479594958,False,0.17959036566308023,False,0.07741301528743894,False,0.12814938975586493,False,0.07741301528743894,False
5453,0.23643997605236194,False,0.06493943945470904,False,0.1860927806950013,False,0.12609814192946228,False,0.06493943945470904,False
5454,0.1990372944018583,False,0.1578042585027291,False,0.28422398542813543,False,0.13895642068411856,False,0.13895642068411856,False
5455,0.23069731951656336,False,0.17303705624672677,False,0.20955079188211007,False,0.12901426635180868,False,0.12901426635180868,False
5456,0.21472669961555912,False,0.11234039575258792,False,0.20637255904592078,False,0.11227723830559644,False,0.11227723830559644,False
5457,6.676070670597056e-05,False,0.18613883491053573,False,0.2226031494535639,False,0.14196593586856882,False,6.676070670597056e-05,False
5458,0.20361450752622745,False,0.14874086722968416,False,0.14528283293690636,False,0.00931029089294988,False,0.00931029089294988,False
5459,0.22103585190941832,False,0.15676449909869566,False,0.09014523572198685,False,0.10168151730397279,False,0.09014523572198685,False
5460,0.22969701473542886,False,0.13584141677070133,False,0.1897462451710089,False,0.11450095207025857,False,0.11450095207025857,False
5461,0.22255220095464612,False,0.09549623198884039,False,0.18163147614187813,False,0.07520491242009475,False,0.07520491242009475,False
5462,0.191315920060303,False,0.16788706469902298,False,0.17876535684630068,False,0.1108154392791002,False,0.1108154392791002,False
5463,0.16273918207461885,False,0.11928115673259898,False,0.15729046855709866,False,0.121317485740708,False,0.11928115673259898,False
5464,0.22220838201030324,False,0.1194566786958019,False,0.18149078314050104,False,0.10397998159383581,False,0.10397998159383581,False
5465,0.19258429645474817,False,0.12334677319863441,False,0.20885156795689602,False,0.002493716024418835,False,0.002493716024418835,False
5466,0.09035296774565338,False,0.15467217928899302,False,0.09114814075931077,False,0.14475895987088155,False,0.09035296774565338,False
5467,0.23286812563052828,False,0.13775731362922178,False,0.1376930128002587,False,0.11263048007708631,False,0.11263048007708631,False
5468,-0.013517504885087406,True,0.1889393421489733,False,0.06987249600727907,False,0.0784340927761974,False,-0.013517504885087406,True
5469,0.1972618040678712,False,0.1092433427180809,False,0.08182250456452,False,0.10095395331896007,False,0.08182250456452,False
5470,0.2225038493009095,False,0.14005179459967987,False,0.1852874144895364,False,0.13554142282677079,False,0.13554142282677079,False
5471,0.1209706712282902,False,0.09065079601756265,False,0.11039452015679341,False,0.06913470469098093,False,0.06913470469098093,False
5472,0.21791617693955717,False,0.13276728279799793,False,0.16760900019108832,False,0.09807225524522267,False,0.09807225524522267,False
5473,0.18311536810119022,False,0.15427603315688354,False,0.21351809003942535,False,0.05336207066244192,False,0.05336207066244192,False
5474,0.21935831299338743,False,0.10673562918167412,False,0.18554523932891598,False,0.07297319384734546,False,0.07297319384734546,False
5475,0.1187320044115765,False,0.16212728264143111,False,0.21859313189583368,False,0.03465268863072046,False,0.03465268863072046,False
5476,0.20416094873750024,False,0.08433557691378468,False,0.1331349562851839,False,0.09156773493201986,False,0.08433557691378468,False
5477,0.1889256527238306,False,0.10899204881240432,False,0.18402584266242927,False,0.09280119131679831,False,0.09280119131679831,False
5478,0.23612807099125888,False,0.0974874061687816,False,0.2206919507213953,False,0.09137935035137634,False,0.09137935035137634,False
5479,0.08047215502425131,False,0.12775109924920353,False,0.11249702911207526,False,0.1461004959856423,False,0.08047215502425131,False
5480,0.20881876244308784,False,0.1332512544887522,False,0.11240242562179859,False,-0.07086833205641063,True,-0.07086833205641063,True
5481,0.205599234871225,False,0.08713311434283044,False,0.13845543464604315,False,0.04530001607035028,False,0.04530001607035028,False
5482,0.2393483393954391,False,0.15652856309980068,False,0.21311169549535092,False,0.09929266143736948,False,0.09929266143736948,False
5483,0.15600057060700706,False,0.10739807964623804,False,0.1656979417377894,False,0.07055144808572189,False,0.07055144808572189,False
5484,0.22282314469673614,False,0.08771835832134456,False,0.1875363709939935,False,0.14369726469665034,False,0.08771835832134456,False
5485,0.23321364858467836,False,0.1886411850656533,False,0.17309970569318806,False,0.08978258948051432,False,0.08978258948051432,False
5486,0.22434354184696426,False,0.13565696077643197,False,0.1794489009607348,False,0.0442487587697602,False,0.0442487587697602,False
5487,0.16851402166987478,False,0.1584179414942729,False,0.17659868267337198,False,0.09436983678162769,False,0.09436983678162769,False
5488,0.2216459217407088,False,0.13651081238695428,False,0.15066661875956933,False,0.1608192410863406,False,0.13651081238695428,False
5489,0.19255076833867152,False,0.06412904409953157,False,0.17979347977983906,False,0.10793941088869075,False,0.06412904409953157,False
5490,0.17878677479763716,False,0.17157570417471346,False,0.18678659456992025,False,0.028115973431710906,False,0.028115973431710906,False
5491,0.01966026126309328,False,0.17016611553493471,False,0.009333569602919756,False,0.0667910892949376,False,0.009333569602919756,False
5492,0.20942624658087394,False,0.05574658461636606,False,0.21086301069742452,False,0.06859433113561608,False,0.05574658461636606,False
5493,0.24247520664526145,False,0.0999205487560445,False,0.13676543132578267,False,0.1327672849377029,False,0.0999205487560445,False
5494,0.1693710668452727,False,0.08239145507672008,False,0.1258138316856071,False,0.005489175572711558,False,0.005489175572711558,False
5495,0.19093630290390456,False,0.1082209807063359,False,0.20893247259389836,False,0.1267128012435827,False,0.1082209807063359,False
5496,0.1794517730042685,False,0.15514606725532049,False,0.22576803739915974,False,0.14526939169351244,False,0.14526939169351244,False
5497,0.21891150273765486,False,0.13087664152393702,False,0.15911224292671144,False,0.11368836370287738,False,0.11368836370287738,False
5498,0.20711415720492865,False,0.07916233533270978,False,0.09284208727055054,False,0.0663653946041729,False,0.0663653946041729,False
5499,0.16359441837939315,False,0.14667341704268005,False,0.14581762455713476,False,0.10270678732379046,False,0.10270678732379046,False
5500,0.15209243089689833,False,0.17084883928151812,False,0.17133035011956482,False,-0.055402161899423596,True,-0.055402161899423596,True
5501,0.2179737466051771,False,0.13278302080190213,False,0.11413659980950963,False,0.07971904181809597,False,0.07971904181809597,False
5502,0.18577845626307365,False,0.13944376758875293,False,0.16082362483369256,False,0.11259851739797555,False,0.11259851739797555,False
5503,0.21524412255696845,False,0.14740445765779892,False,0.18373669720185415,False,0.1057277044275825,False,0.1057277044275825,False
5504,0.20583469247732772,False,0.14126021932606125,False,0.13711048039758889,False,0.09957141834883954,False,0.09957141834883954,False
5505,0.1400578538326961,False,0.13557302785915765,False,0.11762149749617934,False,0.0468534359930457,False,0.0468534359930457,False
5506,0.1315155685306053,False,0.18844271950700497,False,0.11274952568880625,False,0.040331172032690654,False,0.040331172032690654,False
5507,0.14632087338797056,False,0.07330515467264498,False,0.11911383268256315,False,-0.003675251945698954,True,-0.003675251945698954,True
5508,0.20203691257014084,False,0.14940442256596093,False,0.22783544572083064,False,0.04995892148623715,False,0.04995892148623715,False
5509,0.2245640615168269,False,0.11360437464819395,False,0.07818440492729184,False,0.11737035629141412,False,0.07818440492729184,False
5510,0.21390701203499046,False,0.0830991408953562,False,0.1911354075538012,False,0.13266318453534687,False,0.0830991408953562,False
5511,0.2366844925550537,False,0.18202136909484717,False,0.2058902885131036,False,0.037092245445718985,False,0.037092245445718985,False
5512,0.17869830729434133,False,0.09948062040747263,False,0.12138267177684403,False,0.11815384435726606,False,0.09948062040747263,False
5513,0.17353127503319082,False,0.155277505132921,False,0.2169018230657207,False,0.09706656080446163,False,0.09706656080446163,False
5514,0.17905109281925952,False,0.15332796176594282,False,0.15702023828976358,False,0.05176771523063539,False,0.05176771523063539,False
5515,0.02258943218305487,False,0.13607823554074278,False,0.05467027097273547,False,0.04514282059796182,False,0.02258943218305487,False
5516,0.16987590820110726,False,0.12116935449774124,False,0.2067301220322989,False,0.06677439576223987,False,0.06677439576223987,False
5517,0.16181042223329045,False,0.15001175399313849,False,0.1155093762320255,False,0.005664935562059381,False,0.005664935562059381,False
5518,0.12402767848865792,False,0.18163036001026756,False,0.14875913485646164,False,0.08431657861320097,False,0.08431657861320097,False
5519,0.1894410554222276,False,0.11094196204239049,False,0.00721916838280634,False,0.0068070891065775685,False,0.0068070891065775685,False
5520,0.1685971979202751,False,0.11137692914961383,False,0.23572244968681855,False,0.0801151893324793,False,0.0801151893324793,False
5521,0.2093607854360992,False,0.14462575247269033,False,0.08217830685731176,False,0.05439736548096852,False,0.05439736548096852,False
5522,0.24326036708704363,False,0.15431789621309888,False,0.09928573380924444,False,0.04158166976557287,False,0.04158166976557287,False
5523,0.12400571297784524,False,0.1691876946583551,False,0.10596169350773077,False,0.0722675654801972,False,0.0722675654801972,False
5524,0.22464112248796736,False,0.17619844794776435,False,0.18399227622457115,False,0.0920024371059811,False,0.0920024371059811,False
5525,0.04900077370693723,False,0.0822291621181035,False,0.16273884445659725,False,-0.016132956389782405,True,-0.016132956389782405,True
5526,0.2161637150817512,False,0.09273825247825851,False,0.19209969908418922,False,-0.013580761798437702,True,-0.013580761798437702,True
5527,0.17455160709720163,False,0.0925061806732671,False,0.16736197702905303,False,0.04287287281913965,False,0.04287287281913965,False
5528,0.14872994059089484,False,0.08448863922469807,False,0.12117448140325571,False,0.05646229420959692,False,0.05646229420959692,False
5529,0.19134220501754223,False,0.17846895945960473,False,0.09026399426972265,False,0.03347058439010586,False,0.03347058439010586,False
5530,0.16624031660164518,False,0.1891858474066186,False,0.10978520659423296,False,0.1136787452830128,False,0.10978520659423296,False
5531,0.21728058589033522,False,0.1565421522526147,False,0.186089135237459,False,0.09826284250323825,False,0.09826284250323825,False
5532,0.1746515976906769,False,0.1074127860387536,False,0.13780807771470582,False,0.07958090994821487,False,0.07958090994821487,False
5533,0.23146362201117976,False,0.12535801008255665,False,0.12948255864072877,False,0.08350964198622435,False,0.08350964198622435,False
5534,0.17363625184320525,False,0.13820971037414487,False,0.1553454104204003,False,0.09904961586071959,False,0.09904961586071959,False
5535,0.19340118301156412,False,0.13607149991615286,False,0.1872037795627028,False,0.06907543539489436,False,0.06907543539489436,False
5536,0.11795805043233498,False,0.15937123685481397,False,0.2251659544420349,False,0.11967508487920009,False,0.11795805043233498,False
5537,0.2429061437903383,False,0.11039650894463426,False,0.14438570658518768,False,0.12271823379362556,False,0.11039650894463426,False
5538,0.08902293927530902,False,0.1653750463524779,False,0.1085430803736861,False,0.10542572400888961,False,0.08902293927530902,False
5539,0.15291516569114744,False,0.1374571702482833,False,0.1595181106072444,False,0.05887450670979111,False,0.05887450670979111,False
5540,0.22246061274608314,False,0.14840961857194584,False,0.2078464584738729,False,0.06822581614148404,False,0.06822581614148404,False
5541,0.14435234302003075,False,0.10864199311822165,False,0.10410321694692803,False,0.10237997616022032,False,0.10237997616022032,False
5542,0.22072783548079422,False,0.18558368207453696,False,0.19083610988013017,False,-0.005401620180449318,True,-0.005401620180449318,True
5543,0.14558447193476887,False,0.16098369333048473,False,0.19574272957730737,False,0.10470401738488455,False,0.10470401738488455,False
5544,0.2139029356961995,False,0.1430387147473795,False,0.22615581593084932,False,0.04419764347905775,False,0.04419764347905775,False
5545,0.2191801763297933,False,0.13511664517698363,False,0.2296037045372692,False,0.008200255295162662,False,0.008200255295162662,False
5546,0.21868112897803726,False,0.13577500851982544,False,0.21138495164188104,False,0.001311379520639977,False,0.001311379520639977,False
5547,0.1497775136042162,False,0.16903342718703923,False,0.22552836369867668,False,0.11304630141061145,False,0.11304630141061145,False
5548,0.22262428663158434,False,0.06278795437650575,False,0.23540636010508442,False,0.05703315995519742,False,0.05703315995519742,False
5549,0.17855565941568763,False,0.14356471616733596,False,0.19382930583139657,False,0.08214332926242729,False,0.08214332926242729,False
5550,0.20234652671394654,False,0.11431180752701253,False,0.09612359286602312,False,0.04111513784982879,False,0.04111513784982879,False
5551,0.23062331639296063,False,0.11486765333451854,False,0.19724915194152287,False,0.03299141586538534,False,0.03299141586538534,False
5552,0.24058164188602765,False,0.14300007165868267,False,0.20635197955693785,False,0.012396444999327905,False,0.012396444999327905,False
5553,0.19228234559087048,False,0.13837589128918648,False,0.11861294929666777,False,0.0982479636362108,False,0.0982479636362108,False
5554,0.21612553863014705,False,0.16729560550141098,False,0.20769967631808578,False,0.10586208825145449,False,0.10586208825145449,False
5555,0.21787588481555298,False,0.10513019815934,False,0.18698856887245568,False,0.04185822460066935,False,0.04185822460066935,False
5556,0.21814217535274116,False,0.10240216167801275,False,0.12773327505046717,False,0.0967783460929521,False,0.0967783460929521,False
5557,0.22019656945786886,False,0.025294682099895827,False,0.16006230279418004,False,0.0462069818603168,False,0.025294682099895827,False
5558,0.027471094671379426,False,0.1684225456843283,False,0.14556894256587827,False,0.03607074228656171,False,0.027471094671379426,False
5559,0.24089911686764715,False,0.1216763591879979,False,0.20465071101409676,False,0.11714873998102493,False,0.11714873998102493,False
5560,0.227419774318244,False,0.09419387236595467,False,0.20032991699812425,False,0.10491775698877404,False,0.09419387236595467,False
5561,0.11478044815358246,False,0.08421607093718853,False,0.1948509807949954,False,0.11724945800314368,False,0.08421607093718853,False
5562,0.1956037544676142,False,0.15966202106125854,False,0.18048911690718095,False,0.05187155780138886,False,0.05187155780138886,False
5563,0.1171727881597604,False,0.08589965970244884,False,0.22063378262549332,False,0.07448280075457447,False,0.07448280075457447,False
5564,0.0631912811077302,False,0.18974453045172957,False,0.0704454200200143,False,0.08819052620960954,False,0.0631912811077302,False
5565,0.2110075921773394,False,0.1524456970314642,False,0.12120870527269578,False,0.0724651456487384,False,0.0724651456487384,False
5566,0.15546284418434425,False,0.0847420022621378,False,0.22230348366987573,False,0.09268820242169817,False,0.0847420022621378,False
5567,0.1991628800033442,False,0.15733058863458954,False,0.19900090569601203,False,0.04403633976450083,False,0.04403633976450083,False
5568,0.16794895575084529,False,0.051414087140083886,False,0.22297247401051767,False,0.018941311326028498,False,0.018941311326028498,False
5569,0.16187271207471976,False,0.11236165570884193,False,0.2014599274728341,False,0.0054167531293698445,False,0.0054167531293698445,False
5570,0.23381514251599178,False,0.11831503211693373,False,0.19118617195302684,False,0.09407398572467529,False,0.09407398572467529,False
5571,0.19023785429962053,False,0.09431624757980828,False,0.024134159593120597,False,0.10355889910123539,False,0.024134159593120597,False
5572,0.16732648525192495,False,0.14028028725877106,False,0.08362060759554069,False,0.06268701194440118,False,0.06268701194440118,False
5573,0.21485462815480283,False,0.07656546421066035,False,0.17003948650079642,False,0.07021661836136606,False,0.07021661836136606,False
5574,0.23295089809259284,False,0.15959771934414907,False,0.12349674099009078,False,0.135433465456948,False,0.12349674099009078,False
5575,0.2308171428194909,False,0.11470926212395671,False,0.2038145419121608,False,0.08191881541981838,False,0.08191881541981838,False
5576,0.08266011134839468,False,0.17078781121823444,False,0.18092271795229964,False,0.012762542986438752,False,0.012762542986438752,False
5577,0.23007193245192653,False,0.14655863974947891,False,0.19035937085405252,False,0.038811483517113055,False,0.038811483517113055,False
5578,0.21080969118859066,False,0.18827484407341138,False,0.16303434402542422,False,0.14372754871650317,False,0.14372754871650317,False
5579,0.21423870405828688,False,0.16597682580246076,False,0.21205842753961252,False,0.12078095759671592,False,0.12078095759671592,False
5580,0.2040090609281695,False,0.11170437740790362,False,0.19857438242646264,False,0.12241664859348234,False,0.11170437740790362,False
5581,0.07646070824700424,False,0.11985364414687816,False,0.24045222759739737,False,0.09033451357770217,False,0.07646070824700424,False
5582,0.04769738773864629,False,0.16179713816601354,False,0.14745572730012213,False,0.10747201532326245,False,0.04769738773864629,False
5583,0.15330116396840693,False,0.12273153750842425,False,0.10450752532814245,False,0.09027490568991015,False,0.09027490568991015,False
5584,0.1287831958331166,False,0.06102138291096926,False,0.1988012281659,False,0.10595609780768178,False,0.06102138291096926,False
5585,0.21173409309177804,False,0.1392775876179193,False,0.21337814162914864,False,0.08805944342194705,False,0.08805944342194705,False
5586,0.24904241910125646,False,0.08896132327631368,False,0.23849120100560284,False,0.1456689477601158,False,0.08896132327631368,False
5587,0.18107967778964285,False,0.18410925841823828,False,0.19026959752200862,False,0.11284493921244687,False,0.11284493921244687,False
5588,0.1805910306150379,False,0.18773939577757137,False,0.19170944454937633,False,0.03713491889622356,False,0.03713491889622356,False
5589,0.184837164038118,False,0.16333185764693603,False,0.15570630508633176,False,0.11132029964049384,False,0.11132029964049384,False
5590,0.12161162344899124,False,0.1519013027481828,False,0.1515111309283983,False,0.1263225181436337,False,0.12161162344899124,False
5591,0.1793515530319157,False,0.062201695673214985,False,0.11782183702751203,False,0.08825417374165478,False,0.062201695673214985,False
5592,0.2175817722653388,False,0.15855047534676575,False,0.19896863282395155,False,0.09267543909693243,False,0.09267543909693243,False
5593,0.18658277203413876,False,0.15607761990635777,False,0.19431380855742264,False,0.07534843665678326,False,0.07534843665678326,False
5594,0.22691718280191026,False,0.144736156118694,False,0.26841370266809245,False,0.10738469209081758,False,0.10738469209081758,False
5595,0.2515394636333291,False,0.07804953291180872,False,0.21270244013547474,False,0.08375904780081611,False,0.07804953291180872,False
5596,0.23780104044741424,False,0.05837880781254157,False,0.16811954967006715,False,0.1321892640759164,False,0.05837880781254157,False
5597,0.24168167885845354,False,0.06241763949128898,False,0.15952086629803658,False,0.05290474199019901,False,0.05290474199019901,False
5598,0.23484791691142243,False,0.17322518935111603,False,0.06756933027197509,False,-0.005986433326697016,True,-0.005986433326697016,True
5599,0.21111329036083204,False,0.18267664079740104,False,0.14864550231153717,False,0.06108386515004849,False,0.06108386515004849,False
5600,0.13570005365068039,False,0.10631637016330886,False,0.18034058603957293,False,0.04458743484246963,False,0.04458743484246963,False
5601,0.22590500179961742,False,0.1376342960930922,False,0.1506481624299556,False,0.151871818347889,False,0.1376342960930922,False
5602,0.14913826926889262,False,-0.009827507455770657,True,0.11620105638222389,False,0.05679630473680641,False,-0.009827507455770657,True
5603,0.2358566419860358,False,0.0446880797427881,False,0.2163221826000709,False,0.13378511398296455,False,0.0446880797427881,False
5604,0.20431446657091118,False,0.11327935890745311,False,0.25964849599111317,False,0.10621936809847143,False,0.10621936809847143,False
5605,0.20917896932446667,False,0.08481026497271538,False,0.25426642174192915,False,0.0716447272920252,False,0.0716447272920252,False
5606,0.2006049810493653,False,0.06490763522909315,False,0.17566532317217537,False,0.03784510253325124,False,0.03784510253325124,False
5607,0.26361187137123476,False,0.04684544805071478,False,0.21816330583929616,False,0.1060628787856186,False,0.04684544805071478,False
5608,0.23135770414396162,False,0.12498024722538797,False,0.2083077006861213,False,0.1267910062512544,False,0.12498024722538797,False
5609,0.22503038808854275,False,0.16711867816319192,False,0.18937136763429557,False,0.0689143624553199,False,0.0689143624553199,False
5610,0.08310245564191543,False,0.180801859706109,False,0.2019968343757535,False,0.12109656193329954,False,0.08310245564191543,False
5611,0.19936789896177448,False,0.13030395339253048,False,0.16917246177783035,False,0.14366192355112,False,0.13030395339253048,False
5612,0.24250945238201888,False,0.14100563396265708,False,0.1190551494217883,False,0.1351677506244871,False,0.1190551494217883,False
5613,0.20095925594654512,False,0.13520265781238805,False,0.2365106769716276,False,-0.04906819035484511,True,-0.04906819035484511,True
5614,0.2156984799344625,False,0.14723085943031722,False,0.2093179432364542,False,0.08667420449602048,False,0.08667420449602048,False
5615,0.15954180776153237,False,0.09867064610630483,False,0.1605370739584936,False,0.1530479529707473,False,0.09867064610630483,False
5616,0.22902420428453257,False,0.1507474333689502,False,0.1907314032306145,False,0.14739578980492513,False,0.14739578980492513,False
5617,0.20317494522694757,False,0.1496417340217503,False,0.16953077546727002,False,0.06335991853053391,False,0.06335991853053391,False
5618,0.055668399956279924,False,0.16010466979084143,False,0.2033178237109775,False,0.11838914241346754,False,0.055668399956279924,False
5619,0.14673360567606863,False,0.1805608117123647,False,0.19411294677061613,False,0.15772143740294342,False,0.14673360567606863,False
5620,0.24066343792090605,False,0.17228296338136823,False,0.213769584943455,False,0.04448914939131132,False,0.04448914939131132,False
5621,0.2301169848990397,False,0.15425805355120603,False,0.11635433514638394,False,0.14464507776553492,False,0.11635433514638394,False
5622,0.1999181011471584,False,0.1785897159918438,False,0.2305421188781797,False,0.11086827022887447,False,0.11086827022887447,False
5623,0.24148189071844017,False,0.07918451209094846,False,0.2042539994806668,False,0.050039889126410664,False,0.050039889126410664,False
5624,0.18444504243866439,False,0.11939295871872913,False,0.14955947426673344,False,0.11340157616983115,False,0.11340157616983115,False
5625,0.2292685981787162,False,0.18063067235775715,False,0.1667976379428081,False,0.10309668698264363,False,0.10309668698264363,False
5626,0.18077844993756398,False,0.17000493208516265,False,0.25316439369627564,False,0.11394753365255439,False,0.11394753365255439,False
5627,0.2325712456735763,False,0.15898245196683336,False,0.1170437539696556,False,0.12982723148956665,False,0.1170437539696556,False
5628,0.21671200415041209,False,0.17395372378637303,False,0.1891102717559245,False,0.05182958049048669,False,0.05182958049048669,False
5629,0.21220398307717325,False,0.16070843584790795,False,0.04213917994087657,False,0.12620435434834587,False,0.04213917994087657,False
5630,0.10961015870664881,False,0.15034082124033843,False,0.14116362234703694,False,0.1359655565763666,False,0.10961015870664881,False
5631,0.22266348176592554,False,0.1008392569869756,False,0.20856966926234866,False,-0.004862954983074097,True,-0.004862954983074097,True
5632,0.19325841635916796,False,0.15720892226983296,False,0.14457465784424572,False,0.13057316905412525,False,0.13057316905412525,False
5633,0.15853359685898577,False,0.15635538580377634,False,0.16236158487019764,False,0.07756795114343362,False,0.07756795114343362,False
5634,0.1905540789961262,False,0.1373886011414278,False,0.22561421528492587,False,0.048351670919737466,False,0.048351670919737466,False
5635,0.22342106920326843,False,0.05570651836332852,False,0.19794042555671443,False,0.07475293421368567,False,0.05570651836332852,False
5636,0.17512770962151564,False,0.054321334686470046,False,0.11277814275112252,False,0.08900599862641156,False,0.054321334686470046,False
5637,0.18515824028865158,False,0.17769294961683751,False,0.2506034753471897,False,0.05374100351148614,False,0.05374100351148614,False
5638,0.17608138596069994,False,0.1457183435831303,False,0.1124509877819948,False,0.11922364497025595,False,0.1124509877819948,False
5639,0.21042670125189078,False,0.1163663612906557,False,0.21844951823098346,False,0.08939638764512847,False,0.08939638764512847,False
5640,0.25042886622426613,False,0.09467772344908054,False,0.2218074947845466,False,0.07659678356595423,False,0.07659678356595423,False
5641,-0.029737011079219444,True,0.16338463558377214,False,0.18704332998034973,False,0.11250279404409347,False,-0.029737011079219444,True
5642,0.22353860522319058,False,0.13191674010490984,False,0.1199706301759117,False,0.06054686468573933,False,0.06054686468573933,False
5643,0.21526292856901375,False,0.122714137118209,False,0.15516445986547678,False,0.10024858106258239,False,0.10024858106258239,False
5644,0.18682656253656277,False,0.17242750170393872,False,0.07104952805684839,False,0.059585975576262884,False,0.059585975576262884,False
5645,0.20154465789730197,False,0.17089338888566735,False,0.23244452692698264,False,0.13771566954927794,False,0.13771566954927794,False
5646,0.23530774101429208,False,0.1103643852270052,False,0.1991231157419009,False,0.12021566940630657,False,0.1103643852270052,False
5647,0.21516579672774294,False,0.13759340278612137,False,0.20647931994719315,False,0.15565361234309372,False,0.13759340278612137,False
5648,0.18070391686351955,False,0.059820261034206346,False,0.0799028954919232,False,0.03948823019097125,False,0.03948823019097125,False
5649,0.19690763736141376,False,0.17724850840684164,False,0.19252111566980806,False,0.14879301924619937,False,0.14879301924619937,False
5650,0.2306203918550278,False,0.1337836554999804,False,0.1809933990157414,False,0.0937272455749496,False,0.0937272455749496,False
5651,0.20512235833184195,False,0.10372128707288708,False,0.21254966563021666,False,0.09879912830178239,False,0.09879912830178239,False
5652,0.23246645065496951,False,0.1514106649288382,False,0.25012333224701633,False,0.11619524212563925,False,0.11619524212563925,False
5653,0.20067961119530608,False,0.17808904745937504,False,0.1345010586183779,False,0.06939262563165405,False,0.06939262563165405,False
5654,0.23060830863297344,False,0.17727212728285502,False,0.15449101728775727,False,0.13254396789555478,False,0.13254396789555478,False
5655,0.11359241469746895,False,0.16379492141212476,False,0.23013073905476072,False,0.08287815505775686,False,0.08287815505775686,False
5656,0.16744370384864832,False,0.17418154592364676,False,0.16846986493636573,False,0.11829419481682346,False,0.11829419481682346,False
5657,0.14593606755105576,False,0.14141058105867993,False,0.16699947688248795,False,0.1292803303201221,False,0.1292803303201221,False
5658,0.1887776324280105,False,0.13402921121133343,False,0.186851764263808,False,0.09960373184395843,False,0.09960373184395843,False
5659,0.004894018383337695,False,0.19205341369253937,False,0.1997783767043222,False,0.1503940199886733,False,0.004894018383337695,False
5660,0.17862742127109033,False,0.10153026479965332,False,0.2223845169153537,False,0.0825104463277041,False,0.0825104463277041,False
5661,0.2239254963384224,False,0.12180992976094629,False,0.21096378500886992,False,0.12552436437169068,False,0.12180992976094629,False
5662,0.16954455223188059,False,0.11320552519261218,False,0.246549792721451,False,0.127952142302322,False,0.11320552519261218,False
5663,0.22536092596915147,False,0.1310194647911655,False,0.2320457634898403,False,0.06019629748537325,False,0.06019629748537325,False
5664,0.25132129349839827,False,0.17249394032353138,False,0.2127865268528047,False,0.1420638222932924,False,0.1420638222932924,False
5665,0.19744606530055264,False,0.1625768215172544,False,0.2544151685126924,False,0.13539184196240145,False,0.13539184196240145,False
5666,0.17016976092804348,False,0.16995774912919476,False,0.16842942036407094,False,0.08344992873963442,False,0.08344992873963442,False
5667,0.20484453366427674,False,0.1380596795187362,False,0.19688967501718074,False,0.10989798477335111,False,0.10989798477335111,False
5668,0.2271818917631639,False,0.1611579877007226,False,0.1546106814608612,False,0.14963194569923216,False,0.14963194569923216,False
5669,0.20319082548025963,False,0.16352577798680668,False,0.21608196161962623,False,0.09853086574316217,False,0.09853086574316217,False
5670,0.16135724316502537,False,0.1596854411488055,False,0.18012696797198546,False,0.09293409958809962,False,0.09293409958809962,False
5671,0.07797093899976859,False,0.17103429084980093,False,0.24208794889448004,False,0.12001412237220876,False,0.07797093899976859,False
5672,0.20179159764653215,False,0.09056770995490937,False,0.20065135961581237,False,-0.008086258076914654,True,-0.008086258076914654,True
5673,0.12043220904269125,False,0.1638276667866747,False,0.13869442748859706,False,0.10377493061667664,False,0.10377493061667664,False
5674,0.14650931284245533,False,0.1381495650455703,False,0.21531728381854703,False,0.11202188777767308,False,0.11202188777767308,False
5675,0.07372653271542251,False,0.1707605363780757,False,0.19882204920544377,False,0.09828023470645897,False,0.07372653271542251,False
5676,0.21054150357256013,False,0.13924578529028792,False,0.1885122785607295,False,0.1269723068402282,False,0.1269723068402282,False
5677,0.21461977640537316,False,0.15158527749136907,False,0.138565729838246,False,-0.0459348973175584,True,-0.0459348973175584,True
5678,0.22559390596245404,False,0.1045636891982642,False,0.15306081020342033,False,0.07849970175006915,False,0.07849970175006915,False
5679,0.20819893274986256,False,0.08519911704013516,False,0.15728485601179049,False,0.09766030267974535,False,0.08519911704013516,False
5680,0.23570899369350112,False,0.16101838080664255,False,0.1953562701201889,False,0.146795558947298,False,0.146795558947298,False
5681,0.2118498814844016,False,0.14422695041894273,False,0.16351659639676264,False,0.11982456635730676,False,0.11982456635730676,False
5682,0.20653264808685534,False,0.130805855159706,False,0.11317282171769827,False,0.034529650353931185,False,0.034529650353931185,False
5683,0.23935657401201038,False,0.1454687656500087,False,0.22332471970262552,False,0.12038816048718415,False,0.12038816048718415,False
5684,0.06885999089006511,False,0.13227595007179654,False,0.1943440930589297,False,0.08951701925626088,False,0.06885999089006511,False
5685,0.21415281291078603,False,0.18284887839039043,False,0.21615188352131104,False,0.11047425423416568,False,0.11047425423416568,False
5686,0.10605678752086778,False,0.14359896646213283,False,0.13749480903168443,False,0.09534135894078322,False,0.09534135894078322,False
5687,0.19933631885341657,False,0.06305578099845799,False,0.23124125068009915,False,0.13958699073156577,False,0.06305578099845799,False
5688,0.20916131896449058,False,0.15685144112053584,False,0.23359772200298773,False,0.11735424473688094,False,0.11735424473688094,False
5689,0.20098016998226215,False,0.15427943776255315,False,0.118565272579093,False,0.07889535848672136,False,0.07889535848672136,False
5690,0.1786605350969277,False,0.16366470930589594,False,0.2124207371919825,False,0.1300406867251061,False,0.1300406867251061,False
5691,0.09609003188104193,False,0.1511915924718769,False,0.2046878628400997,False,0.1085261022790388,False,0.09609003188104193,False
5692,0.1304255911156742,False,0.17543266721743683,False,0.18519865683307746,False,0.08313716449364805,False,0.08313716449364805,False
5693,0.2059298925526754,False,0.09833614935444668,False,0.13807937629249012,False,0.08815540302084524,False,0.08815540302084524,False
5694,0.22207027118124478,False,0.1449057657763937,False,0.1954830239777311,False,-0.027457745674298262,True,-0.027457745674298262,True
5695,0.22624220415691604,False,0.06408318739580354,False,0.20361953541115568,False,0.0673566751632112,False,0.06408318739580354,False
5696,0.2137868077821567,False,0.07850261560868699,False,0.20630443692673345,False,0.059057487746964954,False,0.059057487746964954,False
5697,0.24264006310549435,False,0.19329720768375375,False,0.1890229784306504,False,0.08697340488252736,False,0.08697340488252736,False
5698,0.17069382739733197,False,0.19127142948513254,False,0.18667974716423413,False,0.10730029036094024,False,0.10730029036094024,False
5699,0.18331715041871854,False,0.17692889840886578,False,0.18852974091796054,False,0.1158575566973915,False,0.1158575566973915,False
5700,0.22405762682880737,False,0.08835667357254107,False,0.24893131775506172,False,0.1412478789497043,False,0.08835667357254107,False
5701,0.21746896463387483,False,0.10628383084475401,False,0.13109776758998237,False,0.06768703420870581,False,0.06768703420870581,False
5702,0.1948371290198318,False,0.1584851539134804,False,0.15957206836530108,False,0.09578258789970051,False,0.09578258789970051,False
5703,0.10672633705340151,False,0.077282677554251,False,0.18239279924361718,False,0.07758654242354879,False,0.077282677554251,False
5704,0.16870678598293176,False,0.1477138052521848,False,0.11396461190504814,False,0.022995287117468455,False,0.022995287117468455,False
5705,0.20330121502772058,False,0.1418531274126042,False,0.17697981114914696,False,0.1584338208483264,False,0.1418531274126042,False
5706,0.22122541561103498,False,0.17721035541841074,False,0.170494415157169,False,0.13296929218145914,False,0.13296929218145914,False
5707,0.229518373609705,False,0.1310381225228659,False,0.2278951773092806,False,0.0917179663233193,False,0.0917179663233193,False
5708,0.11965778669425753,False,0.17559127745891362,False,0.12393480156192294,False,0.1517118711230298,False,0.11965778669425753,False
5709,0.18183209713489484,False,0.08788777453077645,False,0.18346796046965635,False,0.09384274609089993,False,0.08788777453077645,False
5710,0.23346589935062356,False,0.07983155161315514,False,0.19805879254252612,False,0.1250390120250855,False,0.07983155161315514,False
5711,0.20721742127673531,False,0.08162719863185164,False,0.17168818174642275,False,0.00857073800050201,False,0.00857073800050201,False
5712,0.2377189661280139,False,0.16473579110035536,False,0.20553353559798831,False,0.0971175843154235,False,0.0971175843154235,False
5713,0.17456575506544564,False,0.08699516894402837,False,0.20619319090423477,False,0.016694348431948614,False,0.016694348431948614,False
5714,0.1938683085333462,False,0.11292708111646033,False,0.15188541719042004,False,0.04437572027688408,False,0.04437572027688408,False
5715,0.20964585283415982,False,0.14389659836316798,False,0.16124333245506872,False,0.03531807216977623,False,0.03531807216977623,False
5716,0.21618499518898093,False,0.1399207656236634,False,0.1771874552796362,False,0.08401256224322373,False,0.08401256224322373,False
5717,0.2337046238607679,False,0.16324528286562823,False,0.22647181458232996,False,0.09811241950590732,False,0.09811241950590732,False
5718,0.23881132955065332,False,0.16785130753526395,False,0.2111059593929338,False,0.06857269583706815,False,0.06857269583706815,False
5719,0.22244800706410078,False,0.096449550453229,False,0.18581023772551847,False,0.12958804802083262,False,0.096449550453229,False
5720,0.1870183631661541,False,0.16812752146822796,False,0.21276987419558757,False,-0.06663478731834638,True,-0.06663478731834638,True
5721,0.22070321193255987,False,0.1730627781114718,False,0.10828648713707145,False,0.1423973045587007,False,0.10828648713707145,False
5722,0.20615402941087646,False,0.15627765166214835,False,0.22374849892844717,False,0.0523923010293782,False,0.0523923010293782,False
5723,0.10449897536254493,False,0.10627855450396828,False,0.15051363474051294,False,0.09306478455508682,False,0.09306478455508682,False
5724,0.2278364066552271,False,0.1262303916792772,False,0.14373365140945926,False,0.09212671017677265,False,0.09212671017677265,False
5725,0.10727822977521662,False,0.18305380612903105,False,0.11037203885627789,False,0.056905865900957586,False,0.056905865900957586,False
5726,0.18461045512805774,False,0.161512849890115,False,0.19423298052269056,False,0.09204949193598277,False,0.09204949193598277,False
5727,0.226293610103044,False,0.06375601722326207,False,0.10855021198339976,False,0.0962372224782414,False,0.06375601722326207,False
5728,0.20437884807238677,False,0.07184349404198365,False,0.19505366367005722,False,0.09154553524223297,False,0.07184349404198365,False
5729,0.2525074529975246,False,0.11136819663136455,False,0.2217218376020908,False,0.13418685154421384,False,0.11136819663136455,False
5730,0.24268345897624044,False,0.07136240448165931,False,0.1510925482583546,False,0.14215215186759245,False,0.07136240448165931,False
5731,0.22451158144568656,False,0.14093607934619412,False,0.14156740808259027,False,0.033609649729385405,False,0.033609649729385405,False
5732,0.2469208343195583,False,0.1117721927863804,False,0.12798425585749584,False,0.07112718115680683,False,0.07112718115680683,False
5733,0.20635868522273598,False,0.16241920798703036,False,0.19752872082195744,False,0.09798772925853116,False,0.09798772925853116,False
5734,0.24788941177687834,False,0.14598821289873343,False,0.17378318512941487,False,0.09617137347520932,False,0.09617137347520932,False
5735,0.21786323879158404,False,0.1934484014692497,False,0.18685545316127233,False,0.09813529874997817,False,0.09813529874997817,False
5736,0.19314336983868324,False,0.18016587665527573,False,0.1676726341082131,False,0.04492699063848482,False,0.04492699063848482,False
5737,0.15727021648245398,False,0.13791962348874576,False,0.1516338565037122,False,0.1168817820163025,False,0.1168817820163025,False
5738,0.2103407543181844,False,0.07772915470448616,False,0.13745532022123985,False,0.13989255904389913,False,0.07772915470448616,False
5739,0.21993364877770194,False,0.135074683979586,False,0.22463318609629446,False,0.08362299207458646,False,0.08362299207458646,False
5740,0.16021625620268132,False,0.16697528114991222,False,0.167671684831929,False,0.1131178927345563,False,0.1131178927345563,False
5741,0.2338219311495323,False,0.0893857678397263,False,0.14688062760306697,False,0.08131944178394279,False,0.08131944178394279,False
5742,0.20884525584631342,False,0.10670607474615168,False,0.23135166502539312,False,0.015831381542554368,False,0.015831381542554368,False
5743,0.23407051149299496,False,0.09574656137356408,False,0.17131391089030346,False,0.12012318292668622,False,0.09574656137356408,False
5744,0.17740786746476012,False,0.17680808327669667,False,0.15802539547088595,False,0.11751344632190164,False,0.11751344632190164,False
5745,0.233672891252577,False,0.09162779508413654,False,0.1364623567243055,False,0.09511329781445443,False,0.09162779508413654,False
5746,0.20050109971421703,False,0.16517348765261314,False,0.07941279225191733,False,0.0938836232311373,False,0.07941279225191733,False
5747,0.2359156760930618,False,0.17260080759983992,False,0.25156134109730943,False,0.1272372652422632,False,0.1272372652422632,False
5748,0.1868667972037415,False,0.16888622039935924,False,0.16087266378761783,False,0.10987354192583454,False,0.10987354192583454,False
5749,0.1444150764500769,False,0.1703302430993346,False,0.18994776853833162,False,0.1080408545468845,False,0.1080408545468845,False
5750,0.10152455956400608,False,0.14154218189984996,False,0.15538296032012644,False,0.08331870605604519,False,0.08331870605604519,False
5751,0.202695035731132,False,0.18185477380585868,False,0.22199621487116122,False,0.08336068325430801,False,0.08336068325430801,False
5752,0.18928213498479685,False,0.19036488864704804,False,0.20427868319868697,False,0.054610911767511205,False,0.054610911767511205,False
5753,0.0673023386478061,False,0.1108393296204001,False,0.14310495292399128,False,0.03894488701600218,False,0.03894488701600218,False
5754,0.23706414669990444,False,0.10707747212147956,False,0.18675021538128206,False,0.08234774542753731,False,0.08234774542753731,False
5755,0.2245454934528049,False,0.14429576830051055,False,0.18803388189843984,False,0.08768848388094341,False,0.08768848388094341,False
5756,0.19259746743352368,False,0.15450449110737974,False,0.17332802881563286,False,0.09046830903042125,False,0.09046830903042125,False
5757,0.1595069585257644,False,0.08344435542375817,False,0.11818933446203495,False,0.05568054329883931,False,0.05568054329883931,False
5758,0.18132844365397466,False,0.14905599149082838,False,0.04499735494077173,False,0.1431407277324649,False,0.04499735494077173,False
5759,0.21765626487598405,False,0.15646398936155625,False,0.1690729076954947,False,0.11638915549083206,False,0.11638915549083206,False
5760,0.15172120469115158,False,0.1169343041677654,False,0.1444544136129744,False,0.07900379816058989,False,0.07900379816058989,False
5761,0.2139700322779513,False,0.1626030604555544,False,0.21399151602016708,False,0.07952890123509826,False,0.07952890123509826,False
5762,0.22261207919052967,False,0.16820804812623608,False,0.20224685976543927,False,0.033728892821579426,False,0.033728892821579426,False
5763,0.24840321269103438,False,0.11975509372865967,False,0.24915724376644655,False,-0.01608675374565971,True,-0.01608675374565971,True
5764,0.2223356254686134,False,0.14975919952356964,False,0.10394145519937636,False,0.03915927043319867,False,0.03915927043319867,False
5765,0.22193003003434564,False,0.17326273347013632,False,0.19966376862439467,False,0.02759379852960664,False,0.02759379852960664,False
5766,0.2350475831178822,False,0.13690285764569915,False,0.13296450243866487,False,-0.06338589774389669,True,-0.06338589774389669,True
5767,0.17689959812821843,False,0.14689918829901505,False,0.17051083530949007,False,0.058732028754038046,False,0.058732028754038046,False
5768,0.23481134214569244,False,0.15236660388471762,False,0.20187103873943318,False,0.08911108233713061,False,0.08911108233713061,False
5769,0.1824862907652598,False,0.10282029284195349,False,0.11225728716109329,False,0.0937853621425293,False,0.0937853621425293,False
5770,0.2077081193272075,False,0.10292314327895136,False,0.16259621174384215,False,0.029405158050661462,False,0.029405158050661462,False
5771,0.13821927648873833,False,0.13024685738110864,False,0.19877470956514998,False,0.065033334354892,False,0.065033334354892,False
5772,0.21502364440531746,False,0.14172203541948164,False,0.18344992476580113,False,0.08043375843198763,False,0.08043375843198763,False
5773,0.1837285486851965,False,0.15011855616021758,False,0.21650377585333802,False,0.08493566434663158,False,0.08493566434663158,False
5774,0.15018674082182393,False,0.0884352420869633,False,0.23076309903045772,False,0.1584088756331336,False,0.0884352420869633,False
5775,0.17179566103763566,False,0.17593468968734438,False,0.23228500462389884,False,0.06255170346375216,False,0.06255170346375216,False
5776,0.232484191172817,False,0.1297171825424236,False,0.16534562873190606,False,0.06302395075485823,False,0.06302395075485823,False
5777,0.2079770723338597,False,0.12357755484421207,False,0.17421182673424707,False,0.05599118179827156,False,0.05599118179827156,False
5778,0.23124049520109813,False,0.15743563787181175,False,0.19793262230143627,False,0.09214053440373937,False,0.09214053440373937,False
5779,0.17099102847711528,False,0.1574829253028155,False,0.2266750083650068,False,-0.024567852928038314,True,-0.024567852928038314,True
5780,0.22884896468889937,False,0.10539835791497121,False,0.16935402637707914,False,0.07709757996500399,False,0.07709757996500399,False
5781,0.21564875078469287,False,0.09670444911578524,False,0.21831891515715263,False,0.08985216675436158,False,0.08985216675436158,False
5782,0.2161389889046897,False,0.15141831653982796,False,0.19881613031309692,False,0.067721535033607,False,0.067721535033607,False
5783,0.14446462431474244,False,0.1523203110120866,False,0.18374488712117687,False,0.11659080410867217,False,0.11659080410867217,False
5784,0.07467008710280543,False,0.18747228163928725,False,0.17038717160582928,False,0.07880487203152553,False,0.07467008710280543,False
5785,0.21403737627621972,False,0.18128119580563434,False,0.19109424253356616,False,0.028445494815385275,False,0.028445494815385275,False
5786,0.1456037811605957,False,0.12583174329469304,False,0.0918924251334432,False,0.07801353021531399,False,0.07801353021531399,False
5787,0.26121274888832013,False,0.1825668266420703,False,0.1527647761428642,False,0.13048508471874215,False,0.13048508471874215,False
5788,0.19592173871471313,False,0.16721943965449826,False,0.23341034177379227,False,0.09902607841965982,False,0.09902607841965982,False
5789,0.1873356486265889,False,0.16743102281488814,False,0.16167774405435748,False,0.09035289869723284,False,0.09035289869723284,False
5790,0.24057262719324668,False,0.13763424851822958,False,0.17090762361214906,False,0.059292083442775145,False,0.059292083442775145,False
5791,0.18663406381190162,False,0.17236679605220356,False,0.10390383264332537,False,0.03977996709469567,False,0.03977996709469567,False
5792,0.2240192077629793,False,0.11867813800254645,False,0.11944834783459668,False,0.09759367401172958,False,0.09759367401172958,False
5793,0.2513140672282109,False,0.16840833200369631,False,0.11151534589142842,False,0.10915840288863321,False,0.10915840288863321,False
5794,-0.01440617523086496,True,0.08247886925645809,False,0.02856306753738136,False,0.1436669129003747,False,-0.01440617523086496,True
5795,0.1324726427461017,False,0.1653891994333318,False,0.15942049509939693,False,0.08103222350327999,False,0.08103222350327999,False
5796,0.1953956759997793,False,0.1352237610283814,False,0.13525076904491884,False,0.10225518875572093,False,0.10225518875572093,False
5797,0.17320341677665163,False,0.10656949013647776,False,0.14158457418495196,False,-0.0375291316648777,True,-0.0375291316648777,True
5798,0.13032355034939458,False,0.11523310305130152,False,0.11492226780492465,False,0.10198500548621081,False,0.10198500548621081,False
5799,0.17265147136157427,False,0.1148944548432731,False,0.12497014315289534,False,0.0811348628736912,False,0.0811348628736912,False
5800,0.24382807043078786,False,0.16484023502367573,False,0.16061252656080266,False,-0.01659033083575845,True,-0.01659033083575845,True
5801,0.23209327279828085,False,0.0890738291248031,False,0.2155996851056023,False,0.06934747861114976,False,0.06934747861114976,False
5802,0.19974422327418356,False,0.11681041650768786,False,0.20294543257098424,False,0.0881040957702115,False,0.0881040957702115,False
5803,0.1133811081796392,False,0.17585225916035785,False,0.17707668742930666,False,0.10326789008788928,False,0.10326789008788928,False
5804,0.19406925276159942,False,0.11044047372347299,False,0.17436356354925142,False,0.09291098590420044,False,0.09291098590420044,False
5805,0.23500452497613916,False,0.1620024523380652,False,0.20923552335286894,False,0.09832612393800921,False,0.09832612393800921,False
5806,0.1981413060608665,False,0.12041130470653683,False,0.1231391265580466,False,0.006240188805992641,False,0.006240188805992641,False
5807,0.17707043504778547,False,0.1281085873307165,False,0.1753295352895537,False,0.12180599089904287,False,0.12180599089904287,False
5808,0.2267027225731183,False,0.19384621227118048,False,0.17401630801841472,False,0.09467906177901564,False,0.09467906177901564,False
5809,0.196435802890793,False,0.08377482057233265,False,0.12816294033286668,False,-0.020934176778024782,True,-0.020934176778024782,True
5810,0.20242739258121412,False,0.1408269600482383,False,0.1399358549706421,False,0.13763042229408146,False,0.13763042229408146,False
5811,0.18804026396079898,False,0.0868376780257597,False,0.1452193678005469,False,0.10756814776310186,False,0.0868376780257597,False
5812,0.1983969484159504,False,0.06712174666283344,False,0.16618524796616208,False,0.11497171812588558,False,0.06712174666283344,False
5813,0.16253095289648367,False,0.10608062057617018,False,0.21293811631768406,False,0.06714824639249384,False,0.06714824639249384,False
5814,0.14838458479057892,False,0.1906511331865694,False,0.14916556743746423,False,0.10161144956284729,False,0.10161144956284729,False
5815,0.19150053203712042,False,0.16626530068723433,False,0.14003567824732943,False,0.019138253677921102,False,0.019138253677921102,False
5816,0.21972477730709755,False,0.16316069729555405,False,0.18951386233863554,False,0.11928335297811055,False,0.11928335297811055,False
5817,0.19894874916081412,False,0.17203771715467325,False,0.11726835770674127,False,0.11468272121975631,False,0.11468272121975631,False
5818,0.2316132718789286,False,0.10622750651211132,False,0.13777958850229477,False,0.12203252342000848,False,0.10622750651211132,False
5819,0.19799589611121188,False,0.14580965625417736,False,0.18689990909927617,False,0.050958477132403535,False,0.050958477132403535,False
5820,0.19620952013816362,False,0.09022266654356326,False,0.10313152103238798,False,0.08336836480225884,False,0.08336836480225884,False
5821,0.17393714904594293,False,0.14650408205346543,False,0.16214081578695033,False,0.07064597482267854,False,0.07064597482267854,False
5822,0.19018209661728147,False,0.17014651378649276,False,0.1827195271225962,False,0.050542422211310556,False,0.050542422211310556,False
5823,0.20955744154138273,False,0.17690831334569623,False,0.1710943710558091,False,-0.010695617557549775,True,-0.010695617557549775,True
5824,0.18868829974297302,False,0.16237770391182038,False,0.10417913149184899,False,0.11935595168643565,False,0.10417913149184899,False
5825,0.2258795130591722,False,0.17135125516143407,False,0.13658435269461455,False,0.09611176858789217,False,0.09611176858789217,False
5826,0.25362104635975335,False,0.11994205116091572,False,0.15022953017268492,False,0.1369154048219992,False,0.11994205116091572,False
5827,0.19290718824852982,False,0.06770637985294681,False,0.0934118901334009,False,0.07543747665002032,False,0.06770637985294681,False
5828,0.18712419125303464,False,0.13534813032032889,False,0.17219352912070918,False,0.12175340062254858,False,0.12175340062254858,False
5829,0.22144522522718874,False,0.11469635756485841,False,0.19992443028929924,False,0.06862612282203806,False,0.06862612282203806,False
5830,0.2073479465522004,False,0.08223586272649086,False,0.21125014048398516,False,0.1114534777989099,False,0.08223586272649086,False
5831,0.19427446366377826,False,0.09804777305442924,False,0.09722155232980634,False,-0.004178231280955513,True,-0.004178231280955513,True
5832,0.07800326815690828,False,0.17432388683743288,False,0.07692197297131675,False,0.0823670012354425,False,0.07692197297131675,False
5833,0.17893228034697667,False,0.12314960283695808,False,0.21197791428594315,False,0.08328406528857801,False,0.08328406528857801,False
5834,0.19703097998212543,False,0.13489748008226887,False,0.21482001938088902,False,0.06203066583393535,False,0.06203066583393535,False
5835,0.17436072725578405,False,0.09557712139747454,False,0.10876088188477517,False,0.1409944633216046,False,0.09557712139747454,False
5836,0.18919139539172808,False,0.16737462680806436,False,0.1808537311520262,False,0.1037793601586583,False,0.1037793601586583,False
5837,0.2325803843527846,False,0.12491105386692025,False,0.12397657987651767,False,0.08651174064009304,False,0.08651174064009304,False
5838,0.1812905537276157,False,0.1566785115311185,False,0.14051482894286438,False,0.09974359143179068,False,0.09974359143179068,False
5839,0.19488117068566557,False,0.131667508326754,False,0.1402483690064218,False,0.09764697978048509,False,0.09764697978048509,False
5840,0.20416526080362357,False,0.13900625234414166,False,0.1520764092860618,False,0.07830889224395843,False,0.07830889224395843,False
5841,0.12617777538489117,False,0.15907594556122484,False,0.23049438270432204,False,0.07585157711616086,False,0.07585157711616086,False
5842,0.23843934306751308,False,0.12010883401617933,False,0.20341382508510192,False,0.09753427992869435,False,0.09753427992869435,False
5843,0.18173992156090102,False,0.08201317012830811,False,0.18854868818203263,False,0.09919581935514699,False,0.08201317012830811,False
5844,0.22313420400104567,False,0.08135182044753841,False,0.16967418668314765,False,0.1318892407457385,False,0.08135182044753841,False
5845,0.2298553308714843,False,0.10873223364423978,False,0.2002414555649873,False,0.061951393663670196,False,0.061951393663670196,False
5846,0.21142244720317932,False,0.13408645295181842,False,0.1737133128464961,False,0.08656601820550214,False,0.08656601820550214,False
5847,0.2166417445119187,False,0.1650523879255465,False,0.10456982607764398,False,0.15689008741148508,False,0.10456982607764398,False
5848,0.14028933474261562,False,0.17652894053186846,False,0.08236555143020685,False,0.06067695855130606,False,0.06067695855130606,False
5849,0.22154953015526346,False,0.16921316314390095,False,0.13088445424369521,False,0.09234527775979273,False,0.09234527775979273,False
5850,0.20841378329529348,False,0.1487638279303657,False,0.16025509252495668,False,0.11276486146482856,False,0.11276486146482856,False
5851,0.2547324897463607,False,0.06207255329007122,False,0.2365699610228993,False,0.07859743750978543,False,0.06207255329007122,False
5852,0.21897943432333516,False,0.13952593944639624,False,0.19000802973017378,False,0.12561302533881524,False,0.12561302533881524,False
5853,0.15263311164378757,False,0.16747416854719666,False,0.1220293813373815,False,0.10623897040379637,False,0.10623897040379637,False
5854,0.16990149506270014,False,0.13714122014691116,False,0.16372251532298643,False,0.11985134139416898,False,0.11985134139416898,False
5855,0.19667272696169097,False,0.08465606007489035,False,0.15930777086346637,False,0.10033389742367316,False,0.08465606007489035,False
5856,0.1993222161019066,False,0.07345923402265686,False,0.04813834687064611,False,0.07042407520174498,False,0.04813834687064611,False
5857,0.22235298596274333,False,0.17944596284930392,False,0.16929897348699957,False,0.08123559269986347,False,0.08123559269986347,False
5858,0.14784234119306666,False,0.06963735477408506,False,0.1513107821475671,False,0.004404422843014122,False,0.004404422843014122,False
5859,0.21683792731634038,False,0.18522605938626074,False,0.2170721252410706,False,0.08525259580220779,False,0.08525259580220779,False
5860,0.2625685793197508,False,0.10292007226959665,False,0.14475667435602468,False,0.11398486293688681,False,0.10292007226959665,False
5861,0.23879694306148397,False,0.08385727808673316,False,0.2145357188825,False,0.029960629309953912,False,0.029960629309953912,False
5862,0.19844539341755363,False,0.09233603946582036,False,0.15112491114242643,False,0.10812243287632961,False,0.09233603946582036,False
5863,0.2038604283167767,False,0.1497033566758294,False,0.2246727776208841,False,0.059710303142686105,False,0.059710303142686105,False
5864,0.04982078340120799,False,0.16893811959772764,False,0.02245192917147032,False,0.020075161275176057,False,0.020075161275176057,False
5865,0.25643543564425036,False,0.05302958237641675,False,0.23161243755642175,False,0.11060031071323173,False,0.05302958237641675,False
5866,0.23885242375126342,False,0.05143452774663648,False,0.18253339183751516,False,0.06682620928195371,False,0.05143452774663648,False
5867,0.2259651111128494,False,0.1375006163100605,False,0.21392216115614587,False,0.07570132081243075,False,0.07570132081243075,False
5868,0.23533068264117063,False,0.11899100394269313,False,0.16644000824264688,False,0.10824185561962696,False,0.10824185561962696,False
5869,0.19837061591774863,False,0.1881119740982754,False,0.12023306913511989,False,0.07094486981397075,False,0.07094486981397075,False
5870,0.1400600328062923,False,0.12083186874479168,False,0.14890221403756887,False,0.059718532826016135,False,0.059718532826016135,False
5871,0.1799560171597928,False,0.18342977573183278,False,0.17423678220633765,False,0.11940995730000004,False,0.11940995730000004,False
5872,0.2501807113310693,False,0.16628609617977747,False,0.1464020063031306,False,0.04277549168733974,False,0.04277549168733974,False
5873,0.18250550843204583,False,0.10710372123708833,False,0.009980813234461539,False,-0.016328597461797267,True,-0.016328597461797267,True
5874,0.22489176492732166,False,0.11375703465195752,False,0.21112220636257817,False,0.06706059716907375,False,0.06706059716907375,False
5875,0.22214131310907947,False,0.11669578807467484,False,0.11790279395011238,False,0.07456897466599277,False,0.07456897466599277,False
5876,0.22018322896250936,False,0.12450907552720186,False,0.17442691824393952,False,0.049949924865457684,False,0.049949924865457684,False
5877,0.1938666788643894,False,0.12982933273763309,False,0.1690011705120223,False,0.07088010070675099,False,0.07088010070675099,False
5878,0.21958310640072104,False,0.08835913760688563,False,0.1742212149128154,False,0.09623503286710777,False,0.08835913760688563,False
5879,0.22261498167791471,False,0.15346720876048642,False,0.18358436090911778,False,0.07872981972934445,False,0.07872981972934445,False
5880,0.19544781803392663,False,0.11779167978784733,False,0.196749296193171,False,0.052609450877596275,False,0.052609450877596275,False
5881,0.24250513484194086,False,0.14315524618277942,False,0.20429752147264663,False,-0.002107039562445512,True,-0.002107039562445512,True
5882,0.2154859070698676,False,0.1434137874911499,False,-0.0017010281166285335,True,0.06428596666457731,False,-0.0017010281166285335,True
5883,0.24357192901345448,False,0.04228640282036156,False,0.17799568797963378,False,0.09270913845449558,False,0.04228640282036156,False
5884,0.2260705984568251,False,0.17368067043782653,False,0.16649251627080336,False,0.11526800760361255,False,0.11526800760361255,False
5885,0.22521793135086454,False,0.0766526266066675,False,0.22180230024803071,False,0.07316274198518102,False,0.07316274198518102,False
5886,0.18387665878472687,False,0.18265953504400445,False,0.1392659470074573,False,0.09804648876481104,False,0.09804648876481104,False
5887,0.17827953297830523,False,0.10743777886407824,False,0.1734157752460896,False,0.11460978355575646,False,0.10743777886407824,False
5888,0.23403342472069177,False,0.05402989582805895,False,0.24652000739452606,False,0.06467648570862883,False,0.05402989582805895,False
5889,0.09573199375107555,False,0.13228665234032716,False,0.14680652538228733,False,0.11171741356903986,False,0.09573199375107555,False
5890,0.22450353240799403,False,0.0671011242633901,False,0.19207061957941352,False,0.15728423322527885,False,0.0671011242633901,False
5891,0.24841302393814296,False,0.10372811332481746,False,0.16605062034659945,False,0.08254655758849128,False,0.08254655758849128,False
5892,0.21561149825457854,False,0.08285876719035068,False,0.15600018217654943,False,0.08344405542462885,False,0.08285876719035068,False
5893,0.1771903727779992,False,0.13768341735193007,False,0.25372497516483583,False,0.10403824626200053,False,0.10403824626200053,False
5894,0.1265904106951512,False,0.08520945806832125,False,0.048242163932170734,False,0.12056751548252154,False,0.048242163932170734,False
5895,0.23620365933460852,False,0.1676640326854243,False,0.20358026747944497,False,0.0748565435321511,False,0.0748565435321511,False
5896,0.25751730996954997,False,0.005695006235842959,False,0.2052297627333347,False,0.13720342354472892,False,0.005695006235842959,False
5897,0.24471964423745213,False,0.12788924677278435,False,0.1545789828785421,False,0.1052837938237865,False,0.1052837938237865,False
5898,0.22507449269062602,False,0.1365013289521385,False,0.17525587905175738,False,0.14640831867904103,False,0.1365013289521385,False
5899,0.18807158357898807,False,0.02447562061661457,False,0.1954251281836572,False,0.1203141196935048,False,0.02447562061661457,False
5900,0.15950419040899755,False,0.10724028928999518,False,0.1386072315692517,False,0.03872785584403271,False,0.03872785584403271,False
5901,0.22829029885342988,False,0.16120244153064706,False,0.1969549587793541,False,0.10004939660308487,False,0.10004939660308487,False
5902,0.18759431259062592,False,0.06135287306821702,False,0.18543211511726965,False,0.01916301056785763,False,0.01916301056785763,False
5903,0.21487846182480724,False,0.041240255311745244,False,0.20837556485547265,False,0.1318180989749167,False,0.041240255311745244,False
5904,0.19687509677565462,False,0.07032998474688235,False,0.09077264967462606,False,0.05831532094438163,False,0.05831532094438163,False
5905,0.1861637754930497,False,0.10992466694297931,False,0.15008148206404037,False,0.0681596564517607,False,0.0681596564517607,False
5906,0.20722506283750358,False,0.10239480424490521,False,0.16054610564045563,False,0.07648191617772715,False,0.07648191617772715,False
5907,0.18639849444670564,False,0.17243762564050402,False,0.19022312515281553,False,0.11055076702146638,False,0.11055076702146638,False
5908,0.20354921182333652,False,0.13235706196801478,False,0.195801587092593,False,0.08404851684240155,False,0.08404851684240155,False
5909,0.22520539550839708,False,0.16606927307323927,False,0.1979776977129732,False,0.053539813474332565,False,0.053539813474332565,False
5910,0.25117786385197977,False,0.16059133754308041,False,0.14775588495580172,False,0.11175265274988466,False,0.11175265274988466,False
5911,0.2358294637406606,False,0.1593409500365876,False,0.11848844069150544,False,0.04956318950954486,False,0.04956318950954486,False
5912,0.12810645359414685,False,0.07598676655222725,False,0.16551952651193846,False,0.10458466840704284,False,0.07598676655222725,False
5913,0.17065027109464842,False,0.1858707358040413,False,0.11501939566878494,False,0.06947375249867727,False,0.06947375249867727,False
5914,0.10059411755581338,False,0.07421783319124331,False,0.21627982344324004,False,0.09159502224793914,False,0.07421783319124331,False
5915,0.13197207178226777,False,0.16579237718796025,False,0.11277677245115125,False,0.102061580555871,False,0.102061580555871,False
5916,0.09711534302710179,False,0.15051724044686354,False,0.13078122482027355,False,0.07051210295203802,False,0.07051210295203802,False
5917,0.18855888450753677,False,0.09615446836098762,False,0.1404771344983462,False,0.03482509945709944,False,0.03482509945709944,False
5918,0.2132899485406063,False,0.17073582947714921,False,0.09507871223432462,False,0.10822076784270562,False,0.09507871223432462,False
5919,0.2144166019962896,False,0.13218759633152777,False,0.22048802001241657,False,0.07442673018460699,False,0.07442673018460699,False
5920,0.2270421516437835,False,0.14025433860307923,False,0.12416164147705555,False,0.11851379558294362,False,0.11851379558294362,False
5921,0.25577249854651746,False,0.11026604251756567,False,0.17430504788832135,False,0.09012427910534904,False,0.09012427910534904,False
5922,0.02419915778211179,False,0.17190497634355573,False,0.14903574933615538,False,0.04108753939684939,False,0.02419915778211179,False
5923,0.16243865945001246,False,0.1369145725182453,False,0.17617186419355169,False,-0.0430360375120018,True,-0.0430360375120018,True
5924,0.2376981698722988,False,0.16248363852907077,False,0.18938066096857448,False,0.11037987873567268,False,0.11037987873567268,False
5925,0.1487910878148621,False,0.15102047428801524,False,0.07736995005228953,False,0.0984184838668748,False,0.07736995005228953,False
5926,0.10519774094472323,False,0.169955084728087,False,0.20719090707219157,False,0.05951456344504935,False,0.05951456344504935,False
5927,0.20883501289874323,False,0.15211615106894688,False,0.1988143409381774,False,0.10469588698304777,False,0.10469588698304777,False
5928,0.2400821170622272,False,0.1318151023743499,False,0.12892781544322485,False,-0.006995917847308686,True,-0.006995917847308686,True
5929,0.21414524230341714,False,0.068726718916434,False,0.1762043208768463,False,0.10926371608032204,False,0.068726718916434,False
5930,0.24478540705570423,False,0.07991439453253879,False,0.1452798820714324,False,-0.044155165376944194,True,-0.044155165376944194,True
5931,0.24930406442841807,False,0.07329365457598869,False,0.20968797221035745,False,0.1522809048349777,False,0.07329365457598869,False
5932,0.20734227724829546,False,0.13754643306849018,False,0.18528828443637324,False,0.13717950935410106,False,0.13717950935410106,False
5933,0.04096829773443378,False,0.08624332325231454,False,0.13772600369331278,False,0.023587348723197343,False,0.023587348723197343,False
5934,0.13397030104487773,False,0.14335719201907188,False,0.19746410058217717,False,0.032373717762828935,False,0.032373717762828935,False
5935,0.2194740308264586,False,0.07898067091327543,False,0.15625115045392812,False,0.16041086994174464,False,0.07898067091327543,False
5936,0.17959369707309242,False,0.11287964814324325,False,0.12731625875305042,False,0.09405419981704966,False,0.09405419981704966,False
5937,0.20630027212833307,False,0.11619547658984841,False,0.1917914008695979,False,0.08254797260064506,False,0.08254797260064506,False
5938,0.1999077597560503,False,0.17748335919936337,False,0.1701971910855024,False,0.06607624052092831,False,0.06607624052092831,False
5939,0.23328143751358882,False,0.07386792866419611,False,0.1412192930443099,False,0.06204744089064729,False,0.06204744089064729,False
5940,0.23786610958200044,False,0.15445251479338845,False,0.17150047055886408,False,0.09342303882644365,False,0.09342303882644365,False
5941,0.22691692214738246,False,0.1137505745997095,False,0.09172630828486061,False,0.08084277800655948,False,0.08084277800655948,False
5942,0.2152287613768024,False,0.18386536909138051,False,0.1292075031402522,False,0.10055189058283576,False,0.10055189058283576,False
5943,0.11165394912906423,False,0.18574920974458253,False,0.09209492520369045,False,0.03363950894040735,False,0.03363950894040735,False
5944,0.17788752123182938,False,0.15420886629909175,False,0.14485909454552837,False,0.09994585820433288,False,0.09994585820433288,False
5945,0.08189971557115006,False,0.08062473942325121,False,0.09196852687082424,False,0.11706508101666968,False,0.08062473942325121,False
5946,0.1304627084834401,False,0.12616935826268622,False,0.13500258040257407,False,0.10629953251804214,False,0.10629953251804214,False
5947,0.08043438655407031,False,0.07534209517775103,False,0.11691193119519594,False,0.06840317076315006,False,0.06840317076315006,False
5948,0.19985063446689255,False,0.12834658948241717,False,0.15188752387040372,False,0.06357163878235217,False,0.06357163878235217,False
5949,0.21886655945006256,False,0.11402803840590259,False,0.12246885557112008,False,0.1281913754246659,False,0.11402803840590259,False
5950,0.2529247447542055,False,0.1377754939672874,False,0.12654805209204,False,0.1616188821393083,False,0.12654805209204,False
5951,0.2412582422911247,False,0.10822616570537436,False,0.14228731485303048,False,0.12844153859892904,False,0.10822616570537436,False
5952,0.22354178783492584,False,0.1371680706421472,False,0.0835676952401685,False,0.07564725852278964,False,0.07564725852278964,False
5953,0.1589769415331035,False,0.15672504589083014,False,0.06863541269892826,False,0.03402390308154368,False,0.03402390308154368,False
5954,0.23193530903902315,False,0.08347943536323887,False,0.18061391040299757,False,0.04601555472806762,False,0.04601555472806762,False
5955,0.16148620576427297,False,0.04383384600386897,False,0.11462530785330904,False,0.07818600804538611,False,0.04383384600386897,False
5956,0.22481409435745492,False,0.11607723260568303,False,0.20756772094113596,False,0.0711466763220352,False,0.0711466763220352,False
5957,0.2350439219195028,False,0.024026604804793128,False,0.12120919599074664,False,0.08468655558605287,False,0.024026604804793128,False
5958,0.21464314683817554,False,0.11401383132515397,False,0.14742151853438323,False,0.07697545057692845,False,0.07697545057692845,False
5959,0.19570491893675196,False,0.12751372789337556,False,0.2017833478495465,False,0.14284057863919292,False,0.12751372789337556,False
5960,0.24293811887503486,False,0.02170711992251384,False,0.1371780382014185,False,0.09877675153211063,False,0.02170711992251384,False
5961,0.20913447057171586,False,0.19054237060187873,False,0.1350923291273456,False,-0.013820013773296336,True,-0.013820013773296336,True
5962,0.23878662356392238,False,0.08562693318543224,False,0.16276609728111585,False,0.06460374252400991,False,0.06460374252400991,False
5963,0.2044227354499183,False,0.15284495706687362,False,0.1336561611104362,False,-0.0033153373684016163,True,-0.0033153373684016163,True
5964,0.1444105752768391,False,0.11169014800343413,False,0.12932655224053835,False,0.06351073918879102,False,0.06351073918879102,False
5965,0.18169008473689224,False,0.08538613064457368,False,0.05943985286662101,False,0.06968795178064136,False,0.05943985286662101,False
5966,0.19639456389820353,False,0.10739412650028479,False,0.1705965812987213,False,0.10004176681074772,False,0.10004176681074772,False
5967,0.15752483602334189,False,0.1707062145140047,False,0.12425506936697672,False,0.05233921743290215,False,0.05233921743290215,False
5968,-0.11273332806130443,True,0.18806821005854946,False,0.09381002550926887,False,0.05833483195521705,False,-0.11273332806130443,True
5969,-0.07470326539390404,True,0.16821771307999522,False,0.029418743747943732,False,0.06211366463864232,False,-0.07470326539390404,True
5970,-0.04274975998756214,True,0.09226565169157841,False,0.09192739575461417,False,0.033971080881120996,False,-0.04274975998756214,True
5971,-0.06760140520343583,True,0.16284049241484772,False,0.09701873489574853,False,0.0857611107789642,False,-0.06760140520343583,True
5972,-0.05140497928954024,True,0.1960704077718579,False,0.09268263918021757,False,0.1052235206266372,False,-0.05140497928954024,True
5973,0.025254097947618348,False,0.2240118622609223,False,0.10764249947064508,False,0.1033867024934928,False,0.025254097947618348,False
5974,0.025062588263710106,False,0.14219486232405515,False,0.10134611326580678,False,0.032660317302179,False,0.025062588263710106,False
5975,-0.03021886576069155,True,0.23150624737223147,False,0.10666154040369302,False,0.1263101067923703,False,-0.03021886576069155,True
5976,0.026736290612255575,False,0.20453955157579645,False,0.12053942310829002,False,0.13117207699940348,False,0.026736290612255575,False
5977,0.0037081606307378667,False,0.17889502278651626,False,0.04439567433449121,False,0.10052869750155768,False,0.0037081606307378667,False
5978,0.08053078323908391,False,0.23556049480882568,False,0.09774081311404947,False,0.08344541662410221,False,0.08053078323908391,False
5979,0.012030904521425745,False,0.22421033671335344,False,0.1123167229559493,False,0.027770152892578004,False,0.012030904521425745,False
5980,0.07512160175127747,False,0.20264277275727072,False,0.09259782324027399,False,0.0823889963142882,False,0.07512160175127747,False
5981,0.15859974647017716,False,0.15725041360750464,False,0.109679183787874,False,0.038795712696979234,False,0.038795712696979234,False
5982,0.1092384809205661,False,0.1687020654709362,False,0.11163917269293933,False,0.03170030534512025,False,0.03170030534512025,False
5983,0.13439674190436446,False,0.15008343129884122,False,0.07523520759218916,False,0.03793430265784814,False,0.03793430265784814,False
5984,0.14472619279985344,False,0.12335856182635807,False,0.08578292836350598,False,0.05005238446980609,False,0.05005238446980609,False
5985,0.20126206605856228,False,0.2034351716060404,False,0.022591072202232665,False,0.08644855033912457,False,0.022591072202232665,False
5986,0.16053510171143776,False,0.15814252571188697,False,0.11243880025879183,False,0.14186338168650742,False,0.11243880025879183,False
5987,0.16435579231708808,False,0.1909767686200482,False,0.09815095601746171,False,0.13013185943015926,False,0.09815095601746171,False
5988,0.1722457724891987,False,0.16447884314855782,False,0.10733239182535315,False,0.1124250292208171,False,0.10733239182535315,False
5989,0.16608127096606456,False,0.1973454397796695,False,0.09368927984154607,False,0.05514085519774525,False,0.05514085519774525,False
5990,0.1775477102178663,False,0.20879298654686207,False,0.11419220573292588,False,0.040064211966600594,False,0.040064211966600594,False
5991,0.17801746501651894,False,0.23148390922388856,False,0.023210642040151552,False,0.055337789299627516,False,0.023210642040151552,False
5992,0.1738203751877168,False,0.1620734344798328,False,0.11283133450478744,False,0.08205440626796767,False,0.08205440626796767,False
5993,0.20025935456668464,False,0.12248547662162546,False,0.041087027901495765,False,0.04279890582677581,False,0.041087027901495765,False
5994,0.18361312425157644,False,0.19379557563147354,False,0.105015660567231,False,0.04265095276347475,False,0.04265095276347475,False
5995,0.16342188190910234,False,0.10923209240456622,False,0.09422396696190782,False,0.053359340768185826,False,0.053359340768185826,False
5996,0.1897113898306202,False,0.20155576052911145,False,0.08129048053554044,False,0.018266734791919204,False,0.018266734791919204,False
5997,0.15884301860949274,False,0.1914006613958001,False,0.12743203636848277,False,0.06100250309810784,False,0.06100250309810784,False
5998,0.19056987570920703,False,0.1845743780910199,False,0.053595045473131986,False,0.046498099875970755,False,0.046498099875970755,False
5999,0.2054945527282634,False,0.20792848098681016,False,0.11059227660859972,False,0.10715588548006116,False,0.10715588548006116,False
6000,0.17476227863892957,False,0.12763181134164747,False,0.07848425645584955,False,0.07346173937477796,False,0.07346173937477796,False
6001,0.2141044234795968,False,0.21665982101773018,False,0.10570152634291186,False,0.09079817978461169,False,0.09079817978461169,False
6002,0.2157716325652022,False,0.12874173082840995,False,0.08149083114941691,False,0.0724624727570008,False,0.0724624727570008,False
6003,0.1648869191940897,False,0.08972807118692216,False,0.09299629882968496,False,0.06383842195659906,False,0.06383842195659906,False
6004,0.16064000092005354,False,0.1117854520353283,False,0.08294135506154343,False,0.023617737973713027,False,0.023617737973713027,False
6005,0.20918853277362792,False,0.23734161201308762,False,0.10226441531940722,False,0.10658626362046508,False,0.10226441531940722,False
6006,0.19336088449022681,False,0.23586026932470738,False,0.09779419289735991,False,0.10758150931808119,False,0.09779419289735991,False
6007,0.14119810184982895,False,0.11043997637335523,False,0.09015602337094031,False,0.04653637928538612,False,0.04653637928538612,False
6008,0.18539227920306395,False,0.2205526970468289,False,0.11255280725334049,False,0.1045142832923649,False,0.1045142832923649,False
6009,0.18069495352775655,False,0.2123085813733297,False,0.07273516908080457,False,0.0894878311016779,False,0.07273516908080457,False
6010,0.15168779759699996,False,0.1651938571909048,False,0.11158900935407945,False,0.09867992894018618,False,0.09867992894018618,False
6011,0.18631686646425716,False,0.24586174343662587,False,0.06936176212964051,False,0.10319358409081303,False,0.06936176212964051,False
6012,0.1870516855842374,False,0.24196229885604853,False,0.08654415324886622,False,0.07886312882070212,False,0.07886312882070212,False
6013,0.13988033366444363,False,0.2480860939296735,False,0.04284431524871635,False,0.0775363902867896,False,0.04284431524871635,False
6014,0.1251310642351584,False,0.19031525912052732,False,0.08653609059044776,False,0.05873725974069599,False,0.05873725974069599,False
6015,0.20150098953401724,False,0.22376140528088861,False,0.07020902328390854,False,0.06096418757823541,False,0.06096418757823541,False
6016,0.15510551579983844,False,0.1828687585546716,False,0.03204401316191041,False,0.03142716685554536,False,0.03142716685554536,False
6017,0.10362623807011517,False,0.20776524464838975,False,0.10051520738749187,False,0.10634898389545466,False,0.10051520738749187,False
6018,0.1670612053108544,False,0.1675745855508458,False,0.0915580296849886,False,0.052198155451016026,False,0.052198155451016026,False
6019,0.14491020824161677,False,0.15761020328040182,False,0.12309280621231689,False,0.023986631902057187,False,0.023986631902057187,False
6020,0.1888845507191821,False,0.08637887404672928,False,0.0955990526086884,False,0.1263368343894753,False,0.08637887404672928,False
6021,0.2044595703217808,False,0.1940728831690215,False,0.07662324932199238,False,0.14260040983363265,False,0.07662324932199238,False
6022,0.15553427751674614,False,0.2022628142880909,False,0.10710317226175559,False,0.05470202462037321,False,0.05470202462037321,False
6023,0.1485238769103429,False,0.24237398401244198,False,0.09308263374451875,False,0.11477806464079865,False,0.09308263374451875,False
6024,0.1637377692292561,False,0.1885959458992555,False,0.11026582483025171,False,0.04831382585325594,False,0.04831382585325594,False
6025,0.19084573971028745,False,0.22890504062307598,False,0.1252022533634526,False,0.05986609757609551,False,0.05986609757609551,False
6026,0.15469229753806701,False,0.20106472958705673,False,0.09463067462849872,False,0.06713742330062344,False,0.06713742330062344,False
6027,0.2201515239813187,False,0.23275662913336598,False,0.09645179283732941,False,0.08121606334995946,False,0.08121606334995946,False
6028,0.16749059938261962,False,0.20272485054849754,False,0.04202174301361705,False,0.10172105381393515,False,0.04202174301361705,False
6029,0.20564579613386874,False,0.23659433711290656,False,0.08542996556969218,False,0.07264375718348903,False,0.07264375718348903,False
6030,0.18393642820600914,False,0.22890389896992636,False,0.10679249873337304,False,0.02435815595084223,False,0.02435815595084223,False
6031,0.15285705333128147,False,0.18359083582655394,False,0.11265995342823798,False,0.08853823693541762,False,0.08853823693541762,False
6032,0.17949612062326514,False,0.24502561687746532,False,0.10030794610087279,False,0.06061894671619772,False,0.06061894671619772,False
6033,0.20475894786027643,False,0.24105775726870204,False,0.06206077597230941,False,0.1346871037183388,False,0.06206077597230941,False
6034,0.1910495302659384,False,0.23650329890941946,False,0.08414261598994865,False,0.07311847349888534,False,0.07311847349888534,False
6035,0.2135328023096985,False,0.18065820479687372,False,0.05878973559663325,False,0.10329817159882482,False,0.05878973559663325,False
6036,0.16099459357651452,False,0.21171565340548937,False,0.08790134168469566,False,0.10126664831204368,False,0.08790134168469566,False
6037,0.1973562156893885,False,0.21980472517918875,False,0.11138564816220642,False,0.09510888218327096,False,0.09510888218327096,False
6038,0.1969240746732943,False,0.18963067705466818,False,0.0811069887918836,False,0.07791414000952668,False,0.07791414000952668,False
6039,0.18723928615635965,False,0.19271663917115495,False,0.1150013583709274,False,0.0767871220131664,False,0.0767871220131664,False
6040,0.18336420737601994,False,0.19614835734170671,False,0.12075573815324236,False,0.10059979581045198,False,0.10059979581045198,False
6041,0.18729320700181706,False,0.19938932633189943,False,0.10334191954108318,False,0.12471829093403314,False,0.10334191954108318,False
6042,0.19621500670955744,False,0.13124202788259803,False,0.07460295577770693,False,0.0742814361454468,False,0.0742814361454468,False
6043,0.16582876357712034,False,0.21437422038276055,False,0.10108248026436395,False,0.061103014144101686,False,0.061103014144101686,False
6044,0.19165061213603335,False,0.17847620266974124,False,0.11749724210433843,False,0.06220781700164424,False,0.06220781700164424,False
6045,0.17189719836336997,False,0.20787617848918294,False,0.07015624330848469,False,0.09858457923047625,False,0.07015624330848469,False
6046,0.18091117854545247,False,0.14395612325188029,False,0.10601331642732703,False,0.0662393653765696,False,0.0662393653765696,False
6047,0.1590725972253768,False,0.20968910721759892,False,0.1003733569758728,False,0.05394994416741716,False,0.05394994416741716,False
6048,0.16333965633685704,False,0.18862275121695504,False,0.0967783729730165,False,0.10349871380816555,False,0.0967783729730165,False
6049,0.20467436668262157,False,0.18523170501463604,False,0.07193656888039623,False,0.031086845844548128,False,0.031086845844548128,False
6050,0.19748583353824528,False,0.21407093891289747,False,0.09817054402851566,False,0.09727102183183867,False,0.09727102183183867,False
6051,0.19237051600371197,False,0.23001248052419726,False,0.05880110132440619,False,0.05950694549532887,False,0.05880110132440619,False
6052,0.20392892715379635,False,0.11479969081857044,False,0.04053043579094928,False,0.05003643165130378,False,0.04053043579094928,False
6053,0.23495620428382102,False,0.23338192656636697,False,0.14268407674451467,False,0.08521745897726651,False,0.08521745897726651,False
6054,0.15648617813247445,False,0.25115497777604145,False,0.1287862153687006,False,0.12129782875056683,False,0.12129782875056683,False
6055,0.2345185620919215,False,0.07730489315742006,False,0.11620576323705811,False,0.08521738003959511,False,0.07730489315742006,False
6056,0.17504850955475587,False,0.20465165456452294,False,0.09277917443985606,False,0.00734240026899402,False,0.00734240026899402,False
6057,0.20719967841283515,False,0.228638195199249,False,0.10801236617398646,False,0.0688364481964664,False,0.0688364481964664,False
6058,0.21921443574081811,False,0.22294195614155665,False,0.11331826157059488,False,0.06072089129563729,False,0.06072089129563729,False
6059,0.18169044927256367,False,0.21567020857101316,False,0.10749651026842111,False,0.043483555334958846,False,0.043483555334958846,False
6060,0.15892716606783253,False,0.19861999029388022,False,0.06465026639040461,False,0.062000097458671966,False,0.062000097458671966,False
6061,0.19058233378099576,False,0.184224947276736,False,0.08431317118103465,False,0.08548702242073625,False,0.08431317118103465,False
6062,0.21863371477687188,False,0.18150541003305937,False,0.10158013693060464,False,0.08448033706137403,False,0.08448033706137403,False
6063,0.20222100779832441,False,0.21897534153093917,False,0.0967778931206077,False,0.05504269599730194,False,0.05504269599730194,False
6064,0.18706322958633698,False,0.2337618020373371,False,0.1252405622882381,False,0.021179557898349133,False,0.021179557898349133,False
6065,0.18478454665953686,False,0.23649381849480938,False,0.09130055383360725,False,0.11022589748601486,False,0.09130055383360725,False
6066,0.06408985984731863,False,0.2313411108113841,False,0.09060704619911741,False,0.060317071562634994,False,0.060317071562634994,False
6067,0.1891397163580461,False,0.09989894540174149,False,0.07956269989540321,False,0.012304267053983686,False,0.012304267053983686,False
6068,0.19921796195061653,False,0.159196895251828,False,-0.0016525549227607295,True,0.03960177576402513,False,-0.0016525549227607295,True
6069,0.21362668253701667,False,0.13082278298732852,False,0.09320579659531003,False,0.025506829514340246,False,0.025506829514340246,False
6070,0.1491662785119341,False,0.14099629636967692,False,0.10657108982264785,False,0.03380939576764497,False,0.03380939576764497,False
6071,0.1780114821988849,False,0.24228568369141795,False,0.06192784085036618,False,0.02612622503501072,False,0.02612622503501072,False
6072,0.16537570005150382,False,0.19689678157935853,False,0.04435506245224652,False,0.054656578664565636,False,0.04435506245224652,False
6073,0.12994233010923528,False,0.18306944489815968,False,0.004045023496654032,False,0.04542200851877798,False,0.004045023496654032,False
6074,0.166662373280422,False,0.17069112141435366,False,0.05062043264726579,False,0.03322418095410218,False,0.03322418095410218,False
6075,0.07241775374224757,False,0.08945388189235814,False,0.018386506781829737,False,0.019665332229979238,False,0.018386506781829737,False
6076,0.17644866922069674,False,0.14044056138000938,False,0.06936013741109626,False,0.059630084067508804,False,0.059630084067508804,False
6077,0.16450954800917023,False,0.22238082511127893,False,0.059274088854290086,False,0.008857849495408687,False,0.008857849495408687,False
6078,0.18210349808879972,False,0.21695383153792785,False,0.04580855288573804,False,0.012558719134638352,False,0.012558719134638352,False
6079,0.18037988110959485,False,0.19380477221569703,False,0.014056287152373281,False,0.0611600122246696,False,0.014056287152373281,False
6080,0.22558541824171308,False,0.1821849539360858,False,0.04287472657005864,False,0.018612098663433052,False,0.018612098663433052,False
6081,0.18751033137729867,False,0.13479508165598458,False,0.09023979688512929,False,0.01931886767251456,False,0.01931886767251456,False
6082,0.1745930762571874,False,0.18859114859246223,False,0.03586033578194259,False,0.04372880835191917,False,0.03586033578194259,False
6083,0.20865901369308737,False,0.24236805015646756,False,0.05716332835951765,False,0.06257405496731772,False,0.05716332835951765,False
6084,0.22136997944640824,False,0.15307604253276635,False,0.05666625796915192,False,-0.0045487553492167265,True,-0.0045487553492167265,True
6085,0.1826298129583312,False,0.05079923622405691,False,-0.030857775506239804,True,0.018955426319589352,False,-0.030857775506239804,True
6086,0.1220821434702194,False,0.12563033493046588,False,0.03460014613187545,False,0.055695001766751906,False,0.03460014613187545,False
6087,0.20462319858656147,False,0.1603321497394392,False,-0.0058470563326633584,True,0.0691267551637953,False,-0.0058470563326633584,True
6088,0.18763455347750058,False,0.20097637592602985,False,0.08574833220616951,False,0.03725108198727067,False,0.03725108198727067,False
6089,0.21815043140408596,False,0.13172246881831418,False,0.012764853093160777,False,-0.0016002524892919645,True,-0.0016002524892919645,True
6090,0.17805900322940005,False,0.15512351953258874,False,0.07056579218229875,False,0.047454587214105226,False,0.047454587214105226,False
6091,0.19573771684173663,False,0.20985967845585318,False,0.03880986960907751,False,-0.004598728656410533,True,-0.004598728656410533,True
6092,0.18008017733885878,False,0.22392145922153778,False,-0.014834092783186814,True,0.04582741985659233,False,-0.014834092783186814,True
6093,0.2051100068230673,False,0.17882418755184426,False,0.02802356643743109,False,0.036773500685847615,False,0.02802356643743109,False
6094,0.1870086865044227,False,0.2219499527620712,False,0.07374707005996528,False,0.03068195692256226,False,0.03068195692256226,False
6095,0.15781073747582613,False,0.24648286199906172,False,0.05304353693328101,False,0.002965000276577201,False,0.002965000276577201,False
6096,0.18930415869903883,False,0.1824983482882569,False,0.0485224013421085,False,0.0028175491721093016,False,0.0028175491721093016,False
6097,0.18500496412184925,False,0.23516893029924113,False,0.03961841702177582,False,0.023234818502692822,False,0.023234818502692822,False
6098,0.22466892895110158,False,0.21323574659942018,False,0.018286559574661965,False,0.03489932902981141,False,0.018286559574661965,False
6099,0.17359655476042912,False,0.2189095242991166,False,0.027283802959526038,False,0.020580949078257915,False,0.020580949078257915,False
6100,0.21760074738016172,False,0.21591269136442887,False,0.05790493957656995,False,0.023508909340695383,False,0.023508909340695383,False
6101,0.17265717082350757,False,0.19204004351051912,False,0.060472008925150034,False,0.046345029122156656,False,0.046345029122156656,False
6102,0.17742750983868016,False,0.18917669543603433,False,0.02213709484662907,False,0.05199299752729447,False,0.02213709484662907,False
6103,0.20417453495487364,False,0.2235002106874195,False,0.06277195366555266,False,0.06686311594078398,False,0.06277195366555266,False
6104,0.15700354257157884,False,0.1665570426000647,False,0.08484085863443369,False,0.05426604129474366,False,0.05426604129474366,False
6105,0.14832622774816318,False,0.08487353215285054,False,0.08709976092361704,False,0.055988442467984845,False,0.055988442467984845,False
6106,0.16442202800018263,False,0.1920897633420912,False,0.037350535347573266,False,0.06194069842367289,False,0.037350535347573266,False
6107,0.11090170497666174,False,0.2093903235992881,False,0.10004172112262999,False,-0.014245964997621985,True,-0.014245964997621985,True
6108,0.1795158440460604,False,0.14862112823101137,False,0.05738440823354307,False,0.05279793283146117,False,0.05279793283146117,False
6109,0.1947400629940375,False,0.21625524308119642,False,0.07051266525562194,False,0.052334195466951505,False,0.052334195466951505,False
6110,0.15279485160572182,False,0.0910867392183774,False,0.11333886264154291,False,0.041338419823489514,False,0.041338419823489514,False
6111,0.20975356690222086,False,0.2218689965431252,False,0.04578135985219667,False,0.004615831495311973,False,0.004615831495311973,False
6112,0.16189518489019344,False,0.17137807551453077,False,0.016633988088399998,False,0.010446400926279464,False,0.010446400926279464,False
6113,0.21010686884052382,False,0.2391438090977765,False,0.07610214169923679,False,0.029705445484138115,False,0.029705445484138115,False
6114,0.1796960958843773,False,0.11096049206573033,False,0.07403496682084532,False,0.05889396195599761,False,0.05889396195599761,False
6115,0.15709246639025087,False,0.2034764699829889,False,0.05850849760547672,False,0.017046609104910293,False,0.017046609104910293,False
6116,0.23914948472659714,False,0.23689662077444673,False,0.02939727656196145,False,0.02805121064896099,False,0.02805121064896099,False
6117,0.18189471916391003,False,0.18781377247155284,False,0.042392231496877875,False,0.07046210803882647,False,0.042392231496877875,False
6118,0.16416985288232633,False,0.15365246052498022,False,0.0076795883297176015,False,-0.006551755539448312,True,-0.006551755539448312,True
6119,0.20275185424230274,False,0.11264824757922953,False,0.0022066604241473,False,0.049605022001216414,False,0.0022066604241473,False
6120,0.20919284560581525,False,0.15852453889263457,False,-0.01965680056808461,True,0.004161202098478589,False,-0.01965680056808461,True
6121,0.20831556787059696,False,0.19981565032171428,False,0.018566568605540068,False,0.013250865446303384,False,0.013250865446303384,False
6122,0.18649393104755074,False,0.16018376127821177,False,0.02243301188106639,False,0.034275129841248364,False,0.02243301188106639,False
6123,0.21484690273026463,False,0.22110251268364078,False,0.015468185825588843,False,0.07863032938906156,False,0.015468185825588843,False
6124,0.17841426425292117,False,0.16274354696817284,False,0.007374893445825759,False,0.033901353574131265,False,0.007374893445825759,False
6125,0.189841410581377,False,0.14828842826215188,False,0.04255802410023124,False,0.027885597345194135,False,0.027885597345194135,False
6126,0.1730109738971191,False,0.1203332398972693,False,0.007406210018320758,False,0.07088438128026808,False,0.007406210018320758,False
6127,0.22237069692479455,False,0.18178448253788776,False,0.009179995425843024,False,0.0579274884151304,False,0.009179995425843024,False
6128,0.2071683255101674,False,0.10681345483498816,False,0.04847617888837208,False,-0.0023463813515159915,True,-0.0023463813515159915,True
6129,0.1995153672488547,False,0.1895484145701391,False,0.08177947605988489,False,-0.01707475307795947,True,-0.01707475307795947,True
6130,0.1922222645341496,False,0.16500698188340213,False,0.08267589330388003,False,0.03723640668728323,False,0.03723640668728323,False
6131,0.15727859723535564,False,0.0960662897029928,False,-0.018545528995873917,True,0.07585304065225829,False,-0.018545528995873917,True
6132,0.11490085335739053,False,0.23408447957918016,False,0.10978851415152269,False,0.05427162628814619,False,0.05427162628814619,False
6133,0.08273631869057008,False,0.08778286390859225,False,0.014849367268267688,False,0.050040771226761316,False,0.014849367268267688,False
6134,0.11688619468265415,False,0.15705227969359825,False,0.04888549605140102,False,0.061716489163161636,False,0.04888549605140102,False
6135,0.138811883894157,False,0.15100518252450412,False,-0.014455278779293201,True,0.06127231321196991,False,-0.014455278779293201,True
6136,0.18602558650798234,False,0.20191243766490274,False,-0.03863994568889595,True,0.015696485201963095,False,-0.03863994568889595,True
6137,0.19428204657690634,False,0.17678818845525734,False,0.06620646321007262,False,0.06315940359773609,False,0.06315940359773609,False
6138,0.17844076969621125,False,0.13866019540840324,False,0.08741300321081935,False,0.06926188471709238,False,0.06926188471709238,False
6139,0.11612382637684349,False,0.17052998889378407,False,0.10623115634453939,False,0.02355363857435666,False,0.02355363857435666,False
6140,0.1228620861790124,False,0.17189592465745263,False,0.08548379179109244,False,0.02721684532159796,False,0.02721684532159796,False
6141,0.19672411390951672,False,0.19093005609884356,False,0.050818133634420004,False,0.0272275310632214,False,0.0272275310632214,False
6142,0.19655898791529797,False,0.1428976661613095,False,0.10300680036449061,False,0.02906127817268689,False,0.02906127817268689,False
6143,0.15046867277951492,False,0.15590679545804265,False,0.07297036429524884,False,0.07860459035007406,False,0.07297036429524884,False
6144,0.14365229084285436,False,0.19563985002076661,False,0.008633795916206721,False,0.002833309861174471,False,0.002833309861174471,False
6145,0.18641755844476615,False,0.17982428095382902,False,0.08460563952335787,False,0.04726717534180114,False,0.04726717534180114,False
6146,0.19071283878248063,False,0.16327790784201635,False,0.04866853696766127,False,0.053982005501177044,False,0.04866853696766127,False
6147,0.23785626207580174,False,0.05711887026389295,False,0.03664823631665459,False,0.012209932030630033,False,0.012209932030630033,False
6148,0.1619672029883979,False,0.09059249955269122,False,0.023766527919208413,False,0.016105354534040828,False,0.016105354534040828,False
6149,0.13369722521253702,False,0.17058446088555057,False,0.030716558391459037,False,0.032789586957852834,False,0.030716558391459037,False
6150,0.18806950322769145,False,0.13896171562566434,False,-0.03267267096479931,True,0.00915601273134281,False,-0.03267267096479931,True
6151,0.1922666300902382,False,0.05378326925703336,False,-0.0041751140688718325,True,0.036099272126115634,False,-0.0041751140688718325,True
6152,0.19104734753752267,False,0.17899757876057498,False,-0.022907832945491258,True,-0.004157730607541099,True,-0.022907832945491258,True
6153,0.1718884189721283,False,0.16924298610780059,False,0.009717686548600613,False,0.05360595160295789,False,0.009717686548600613,False
6154,0.1342734066206509,False,0.08573261489426609,False,0.04480658565358231,False,-0.03110724655670294,True,-0.03110724655670294,True
6155,0.17726400167342693,False,0.13651859704488273,False,-0.002894844925778406,True,0.05087094587787955,False,-0.002894844925778406,True
6156,0.14213705505647034,False,0.13881861565817438,False,-0.024824897089124165,True,0.009582816349377632,False,-0.024824897089124165,True
6157,0.14445436425005254,False,0.1260973732338333,False,0.01817607638520513,False,-0.023170546963391492,True,-0.023170546963391492,True
6158,0.2046230506687038,False,0.10170579375932098,False,0.004557598733259227,False,-0.005559831975082252,True,-0.005559831975082252,True
6159,0.16223593544617937,False,0.11556842856411154,False,0.012237999226215823,False,0.019759929135551912,False,0.012237999226215823,False
6160,0.11441042676197632,False,0.06390059023952688,False,-0.020628509403047834,True,0.03508215700406914,False,-0.020628509403047834,True
6161,0.1671917432901845,False,0.06832410342790551,False,-0.043023107415584905,True,-0.06962773953589418,True,-0.06962773953589418,True
6162,0.14360871370396366,False,0.029442920076774404,False,-0.0716348885286221,True,-0.019610450833315918,True,-0.0716348885286221,True
6163,0.13669421385141278,False,-0.012533950745723055,True,-0.10192954291891998,True,-0.03934922768048399,True,-0.10192954291891998,True
6164,0.10606191400885323,False,0.0003306946250185572,False,-0.08517215216179852,True,-0.05350442741122041,True,-0.08517215216179852,True
6165,0.08748180296638775,False,0.038954539761930196,False,-0.09630212280680661,True,-0.07933126728503637,True,-0.09630212280680661,True
6166,0.09930745476051195,False,0.014394758340813052,False,-0.08216534795242358,True,-0.04142334521491653,True,-0.08216534795242358,True
6167,0.14150677677992107,False,0.01294716313536004,False,-0.09477462668502867,True,-0.07005337112661703,True,-0.09477462668502867,True
6168,0.10313520243009489,False,-0.011051260884747727,True,-0.1024432063938231,True,-0.0520822055032818,True,-0.1024432063938231,True
6169,0.09031985380625174,False,0.040342227350808724,False,-0.09071642901886912,True,-0.07717659086469986,True,-0.09071642901886912,True
6170,0.1202008503083889,False,0.012593782411132959,False,-0.09756482916689391,True,-0.0781208843383121,True,-0.09756482916689391,True
6171,0.06199263003247779,False,-0.0006352912152414181,True,-0.09844961131852248,True,-0.08593002721187215,True,-0.09844961131852248,True
6172,0.0942733760218658,False,0.01531867122054742,False,-0.1024432063938231,True,-0.060838452270779664,True,-0.1024432063938231,True
6173,0.06377343831877957,False,0.007275105691879502,False,-0.10090325799453714,True,-0.07981800519440241,True,-0.10090325799453714,True
6174,0.08813787418902919,False,0.04065493062158798,False,-0.09517789373679708,True,-0.08742992990271237,True,-0.09517789373679708,True
6175,0.07394542601199139,False,-0.011069643336343082,True,-0.10079691561792892,True,-0.08679144854816256,True,-0.10079691561792892,True
6176,0.0711053594437373,False,-0.028921152762472868,True,-0.09936643214920193,True,-0.0840328756610389,True,-0.09936643214920193,True
6177,0.08103448732164997,False,-0.04341628426735267,True,-0.10079691561792892,True,-0.09465607849943347,True,-0.10079691561792892,True
6178,0.05770574796313688,False,-0.003325866371743147,True,-0.0977268109733257,True,-0.09511367112200542,True,-0.0977268109733257,True
6179,0.08897025387000768,False,-0.003419614599682208,True,-0.09936643214920193,True,-0.07596118564746701,True,-0.09936643214920193,True
6180,0.08300033927558581,False,0.011073602878166278,False,-0.0977268109733257,True,-0.10139666423041704,True,-0.10139666423041704,True
6181,0.10507722584566215,False,0.013470793503010947,False,-0.10347157654474926,True,-0.10152441891297259,True,-0.10347157654474926,True
6182,0.050701464814980945,False,-0.053776890871382155,True,-0.09732217738657056,True,-0.07716953253029113,True,-0.09732217738657056,True
6183,0.08208437913377675,False,0.007652040057024911,False,-0.09568698759256289,True,-0.0781409104720937,True,-0.09568698759256289,True
6184,0.09660612911574751,False,-0.03703312668248182,True,-0.09721633746775393,True,-0.0883125877737111,True,-0.09721633746775393,True
6185,0.07699287508565267,False,-0.023794013014845405,True,-0.10466984830669013,True,-0.04678321068280156,True,-0.10466984830669013,True
6186,0.10057712010164566,False,0.06669112554393353,False,-0.09783272252621344,True,-0.059822443740803255,True,-0.09783272252621344,True
6187,0.09323660347171459,False,0.02115430989641076,False,-0.10501674330580324,True,-0.06573339783286614,True,-0.10501674330580324,True
6188,0.11010604777830746,False,0.037317717775173787,False,-0.0941607387806912,True,-0.06336462161153655,True,-0.0941607387806912,True
6189,0.11253830695139233,False,0.02572770878371744,False,-0.10141622686415142,True,-0.03199346129208713,True,-0.10141622686415142,True
6190,0.036942869323407845,False,0.0015194924216502814,False,-0.09885484967358005,True,-0.06271495877430344,True,-0.09885484967358005,True
6191,0.06629590978242361,False,0.04233459381106264,False,-0.10347157654474926,True,-0.05490872023200799,True,-0.10347157654474926,True
6192,0.026778429776073254,False,-0.040770147837650206,True,-0.10553249624501182,True,-0.04414502195650394,True,-0.10553249624501182,True
6193,0.1019781398538111,False,-0.00690061772527828,True,-0.10182305654531387,True,-0.05784860646308143,True,-0.10182305654531387,True
6194,0.08578822215708248,False,0.012995938808052943,False,-0.10553249624501182,True,-0.0559325127511896,True,-0.10553249624501182,True
6195,0.033711895039664874,False,0.04910426740273144,False,-0.10553249624501182,True,-0.05490317070915751,True,-0.10553249624501182,True
6196,0.00820972124362862,False,0.041774704920319206,False,-0.10932209234151036,True,-0.06792855944903298,True,-0.10932209234151036,True
6197,0.059253649968179056,False,0.020687104682292623,False,-0.10501674330580324,True,-0.07923260004696941,True,-0.10501674330580324,True
6198,0.050793767740563545,False,-0.020381115484406576,True,-0.10501674330580324,True,-0.09547808294897642,True,-0.10501674330580324,True
6199,0.011617790449163667,False,-0.04440155071491203,True,-0.10553249624501182,True,-0.048441968346861874,True,-0.10553249624501182,True
6200,0.02017927388563867,False,0.004780578142752345,False,-0.10285058695841143,True,-0.05180289597834076,True,-0.10285058695841143,True
6201,0.0421523159517081,False,-0.02144418872425291,True,-0.11070926349210908,True,-0.07475843869393695,True,-0.11070926349210908,True
6202,0.013785477797542023,False,0.00648517454673192,False,-0.10182305654531387,True,-0.09992214582200343,True,-0.10182305654531387,True
6203,0.0448756025189877,False,0.03185297894704242,False,-0.1033648738099675,True,-0.08589238421850776,True,-0.1033648738099675,True
6204,0.012908749168903055,False,0.025900348652205585,False,-0.11175391174513849,True,-0.0673388757784984,True,-0.11175391174513849,True
6205,0.04671027784524551,False,0.01338370760609342,False,-0.10501674330580324,True,-0.07376625111691149,True,-0.10501674330580324,True
6206,0.053775582689537194,False,0.002194325628279592,False,-0.10542550434467524,True,-0.07408957057746979,True,-0.10542550434467524,True
6207,0.04031375656594349,False,-0.04803298293454206,True,-0.09637773495823776,True,-0.06324191465261109,True,-0.09637773495823776,True
6208,0.08660163896512851,False,-0.004925298336853512,True,-0.05799734474558227,True,-0.0646662728923133,True,-0.0646662728923133,True
6209,0.02816739189148243,False,-0.003603488762494056,True,-0.06830661769577584,True,-0.07559013441354856,True,-0.07559013441354856,True
6210,0.028456642442444502,False,0.0013074561289421194,False,-0.04632808373505204,True,-0.06423850967482936,True,-0.06423850967482936,True
6211,0.020225001174280832,False,-0.04384427807884961,True,-0.06088455033738194,True,-0.08059897068465993,True,-0.08059897068465993,True
6212,0.05777563183443879,False,-0.03000168646790713,True,-0.06942608656240856,True,-0.03684235192969387,True,-0.06942608656240856,True
6213,0.06467327778033916,False,-0.0530930521369023,True,-0.10090325799453714,True,-0.05606386358692783,True,-0.10090325799453714,True
6214,0.08587871976973405,False,-0.013708698680614972,True,-0.09866243501266825,True,-0.06304953115498779,True,-0.09866243501266825,True
6215,-0.03037354822978655,True,-0.05743089489148634,True,-0.08927515832924793,True,-0.056815708589737834,True,-0.08927515832924793,True
6216,0.03133855497344751,False,-0.028945606826073833,True,-0.08861034157661318,True,-0.04204066372421267,True,-0.08861034157661318,True
6217,0.069322992038645,False,-0.029846473821536934,True,-0.09086182767157247,True,-0.05903714848370911,True,-0.09086182767157247,True
6218,0.029470757877943732,False,-0.05574501942874166,True,-0.05405145165762293,True,-0.07041603605012348,True,-0.07041603605012348,True
6219,0.06194691409150388,False,-0.02199830970458394,True,-0.07814440642732368,True,-0.04449424650363609,True,-0.07814440642732368,True
6220,0.07834354582597436,False,-0.03784394504651234,True,-0.09171643369789106,True,-0.0527667382279734,True,-0.09171643369789106,True
6221,0.0281140288604792,False,-0.03010216647695163,True,-0.07519563525044526,True,-0.09213466410790105,True,-0.09213466410790105,True
6222,0.04145070594319833,False,-0.02956187477086436,True,-0.09960974151845081,True,-0.11560369592662423,True,-0.11560369592662423,True
6223,0.09226194649581865,False,-0.02653454489487872,True,-0.07569937172959706,True,-0.10253789684680714,True,-0.10253789684680714,True
6224,0.07851956460201015,False,-0.02170335030948345,True,-0.07206488466386629,True,-0.06839782304183184,True,-0.07206488466386629,True
6225,0.04133576458475652,False,-0.0031321445970831086,True,-0.10740240010176927,True,-0.04246639110177064,True,-0.10740240010176927,True
6226,0.04158349371513492,False,-0.02875473619949087,True,-0.08322593706007275,True,-0.061229219543566304,True,-0.08322593706007275,True
6227,0.07368453653033047,False,0.025179841365065014,False,-0.07938560808449846,True,-0.05559932711971671,True,-0.07938560808449846,True
6228,0.01640658310852472,False,-0.05894370034141416,True,-0.07776737295236169,True,-0.07717659086469986,True,-0.07776737295236169,True
6229,-0.007327022349747692,True,-0.043241080095392403,True,-0.061487120942343654,True,-0.06498967135198752,True,-0.06498967135198752,True
6230,0.07743982432134633,False,-0.05018797756575799,True,-0.062414802893749455,True,-0.05870881858873778,True,-0.062414802893749455,True
6231,0.01009079668902535,False,-0.038904628620788584,True,-0.05391541364414665,True,-0.05818371785835841,True,-0.05818371785835841,True
6232,0.019759788399271505,False,-0.01880826728690388,True,-0.060968650032256044,True,-0.057716613955439144,True,-0.060968650032256044,True
6233,0.035098230765970406,False,-0.036666399721989484,True,-0.06011385620046639,True,-0.07097704083991285,True,-0.07097704083991285,True
6234,0.040474943666270025,False,0.002966574512834552,False,-0.05584340910719743,True,-0.07599526620491759,True,-0.07599526620491759,True
6235,-0.10763070232184291,True,-0.0054733862210814,True,-0.042505936908615594,True,-0.06309043580275897,True,-0.10763070232184291,True
6236,0.05100700431365335,False,-0.009851499903696936,True,-0.09235274983162411,True,-0.09483574692185726,True,-0.09483574692185726,True
6237,0.05507502007664089,False,-0.05563856111766552,True,-0.09511701507663062,True,-0.07402683227278217,True,-0.09511701507663062,True
6238,0.014016580330819872,False,-0.056440723372182866,True,-0.08748225873135407,True,-0.07491489570458942,True,-0.08748225873135407,True
6239,-0.009793449461364956,True,-0.05761427148787335,True,-0.06937021876274174,True,-0.0845319720669494,True,-0.0845319720669494,True
6240,0.0011012379330527233,False,-0.08183902859920833,True,-0.09414871175885053,True,-0.0882503560913308,True,-0.09414871175885053,True
6241,0.0051654964987551955,False,-0.07397318148699894,True,-0.09162106818308624,True,-0.09081892597718177,True,-0.09162106818308624,True
6242,0.04027317114586848,False,-0.05608191457409539,True,-0.08059135017790853,True,-0.08186924249549399,True,-0.08186924249549399,True
6243,-0.07696637335322265,True,-0.0694049126285361,True,-0.0863122646728578,True,-0.07450654849626048,True,-0.0863122646728578,True
6244,-0.0015774407421847991,True,-0.036728545326505824,True,-0.079796514572403,True,-0.09172616898852626,True,-0.09172616898852626,True
6245,0.0376900263927169,False,-0.04607317412703826,True,-0.09416608342775035,True,-0.07388050973075933,True,-0.09416608342775035,True
6246,-0.05660211455982356,True,-0.03482419162463912,True,-0.05944126774163805,True,-0.10136797569273992,True,-0.10136797569273992,True
6247,0.04115157992930063,False,-0.03547268251719948,True,-0.07976505074722251,True,-0.08094251083259552,True,-0.08094251083259552,True
6248,0.020679378782871072,False,-0.06302977507833007,True,-0.06369529889667513,True,-0.07298492921478972,True,-0.07298492921478972,True
6249,-0.027928081037924324,True,-0.03857630656241906,True,-0.08661904250554842,True,-0.08441014932695834,True,-0.08661904250554842,True
6250,0.0010366978884925881,False,-0.03927970847190043,True,-0.09941042759791308,True,-0.08187421527701277,True,-0.09941042759791308,True
6251,-0.027677661564434075,True,-0.05937688118354423,True,-0.05863959994399426,True,-0.04493413426735693,True,-0.05937688118354423,True
6252,0.040987009640173544,False,-0.038563626325682,True,-0.07449671826578064,True,-0.09707592383757147,True,-0.09707592383757147,True
6253,-0.02372905355005317,True,-0.05176665630508148,True,-0.06668398957354305,True,-0.11993329911004524,True,-0.11993329911004524,True
6254,-0.010850437524666523,True,-0.04140633926028692,True,-0.07481707069010024,True,-0.11292098251801708,True,-0.11292098251801708,True
6255,0.035717064305793245,False,-0.057467159757456976,True,-0.06983261762377035,True,-0.11993329911004524,True,-0.11993329911004524,True
6256,-0.057466826184344844,True,-0.048040788883338736,True,-0.05095250900590553,True,-0.12236106908975641,True,-0.12236106908975641,True
6257,-0.04515493839011231,True,-0.06966033253698667,True,-0.05464919775555621,True,-0.12590373991061354,True,-0.12590373991061354,True
6258,0.005225544871970911,False,-0.06776487706706558,True,-0.04978541509369838,True,-0.10239037639228155,True,-0.10239037639228155,True
6259,0.03484648192421347,False,-0.04383209205867622,True,-0.0767863089318872,True,-0.09758277619461064,True,-0.09758277619461064,True
6260,0.041310042295203964,False,-0.03547955599222108,True,-0.08849183260290094,True,-0.12286613824818848,True,-0.12286613824818848,True
6261,-0.03727716542823656,True,-0.029245716810731848,True,-0.06303295673183107,True,-0.09659214416251993,True,-0.09659214416251993,True
6262,-0.032245399645926875,True,-0.06004185986158572,True,-0.06040509810193184,True,-0.05999080892245623,True,-0.06040509810193184,True
6263,0.010312553532265234,False,-0.04561687296061956,True,-0.07372490541250931,True,-0.0979682356652749,True,-0.0979682356652749,True
6264,-0.028921904647377206,True,-0.07674490420079372,True,-0.07593599160300446,True,-0.12883781776663705,True,-0.12883781776663705,True
6265,-0.06167522583563667,True,-0.055664789511364554,True,-0.05264055881016083,True,-0.11730716696873522,True,-0.11730716696873522,True
6266,0.01968992967598915,False,-0.08336230283108281,True,-0.06057026384668984,True,-0.12776419009764406,True,-0.12776419009764406,True
6267,0.018000854090330587,False,-0.07800140087622498,True,-0.06130252592098384,True,-0.12235090706992147,True,-0.12235090706992147,True
6268,-0.054650637587907,True,-0.07634948840416889,True,-0.08431900914260282,True,-0.10994078580347677,True,-0.10994078580347677,True
6269,-0.02296307169134204,True,-0.08074035417743308,True,-0.060049132589088505,True,-0.09376829563988676,True,-0.09376829563988676,True
6270,0.0007161081336801711,False,-0.08269549673946286,True,-0.07173376976274848,True,-0.12123724539124892,True,-0.12123724539124892,True
6271,0.01155860661148067,False,-0.08952034012893828,True,-0.07893504909530913,True,-0.09982236679419076,True,-0.09982236679419076,True
6272,-0.04710563100156073,True,-0.0765078698645425,True,-0.07396123493447027,True,-0.11280757027994415,True,-0.11280757027994415,True
6273,-0.03818253200012589,True,-0.0684157193681133,True,-0.08757605135916913,True,-0.09321627678540423,True,-0.09321627678540423,True
6274,-0.03060794781182541,True,-0.08365227913623596,True,-0.08701222075177295,True,-0.09044414832698955,True,-0.09044414832698955,True
6275,-0.026465353444276696,True,-0.08372329723428817,True,-0.08464140421593125,True,-0.11493439824621043,True,-0.11493439824621043,True
6276,-0.044324867244984745,True,-0.08188145912094891,True,-0.07243914222627024,True,-0.08966343880314598,True,-0.08966343880314598,True
6277,-0.03205666583286859,True,-0.07399437032218381,True,-0.07971516919122867,True,-0.06697931114149358,True,-0.07971516919122867,True
6278,-0.025400692991047302,True,-0.0753983288369785,True,-0.07365588949590818,True,-0.07741249476168899,True,-0.07741249476168899,True
6279,-0.05448666642170963,True,-0.07428431712762174,True,-0.09379007843977538,True,-0.11310629073355083,True,-0.11310629073355083,True
6280,-0.029283312864501365,True,-0.06792405653092493,True,-0.09012013745653968,True,-0.1122868565383871,True,-0.1122868565383871,True
6281,-0.04014704457103091,True,-0.05626047065979045,True,-0.08061056470000172,True,-0.10517113222534336,True,-0.10517113222534336,True
6282,-0.03077302577898189,True,-0.047320667109811754,True,-0.0853872328537747,True,-0.10025510316644615,True,-0.10025510316644615,True
6283,-0.05225528900715826,True,-0.06534870957253136,True,-0.0855302909240434,True,-0.08193594444288665,True,-0.0855302909240434,True
6284,-0.03813909829902562,True,-0.06908947223210848,True,-0.08991736573767828,True,-0.08560238032894452,True,-0.08991736573767828,True
6285,-0.019038099068287462,True,-0.04718178189104827,True,-0.07822186476637727,True,-0.0852867035627144,True,-0.0852867035627144,True
6286,-0.04625665821443714,True,-0.05084152439097034,True,-0.08725140539339427,True,-0.09162018313291487,True,-0.09162018313291487,True
6287,-0.0411855413674983,True,-0.0397017711272214,True,-0.08327888191605726,True,-0.10576671235395252,True,-0.10576671235395252,True
6288,-0.015482907407970758,True,-0.05566046321880724,True,-0.08327888191605726,True,-0.08481716143257301,True,-0.08481716143257301,True
6289,-0.028790503672884382,True,-0.056980711856892685,True,-0.08409861880380731,True,-0.08345112029538904,True,-0.08409861880380731,True
6290,-0.0445032333021399,True,-0.03629041641007813,True,-0.05866414972419054,True,-0.10894366595722427,True,-0.10894366595722427,True
6291,-0.0001979273025549677,True,-0.0625909646499101,True,-0.04117365041879406,True,-0.1255017616209152,True,-0.1255017616209152,True
6292,-0.052887317500316056,True,-0.07128802967602299,True,-0.08244514984116857,True,-0.10527320852016464,True,-0.10527320852016464,True
6293,-0.06621270275648727,True,-0.08614953231964906,True,-0.09131631476354274,True,-0.10487062250232371,True,-0.10487062250232371,True
6294,-0.030495127750216677,True,-0.0670789836605411,True,-0.06236025921383903,True,-0.11183317337539567,True,-0.11183317337539567,True
6295,-0.035360334200015164,True,-0.06910381893248851,True,-0.0471973823747025,True,-0.11332801580534924,True,-0.11332801580534924,True
6296,-0.05313933974725049,True,-0.06034022533221828,True,-0.053051870605491325,True,-0.1107086295121873,True,-0.1107086295121873,True
6297,-0.05253361525169753,True,-0.060559665405127916,True,-0.06754652997101829,True,-0.09153365218342235,True,-0.09153365218342235,True
6298,-0.018918491088515843,True,-0.10810020075546334,True,-0.0490196179982858,True,-0.10526176487527361,True,-0.10810020075546334,True
6299,-0.0062917601223740904,True,-0.08039627176737052,True,-0.07963992297429778,True,-0.07765107847915076,True,-0.08039627176737052,True
6300,-0.01313873463804005,True,-0.08952034012893828,True,-0.06870083308597807,True,-0.0824946228396608,True,-0.08952034012893828,True
6301,-0.05208390536751173,True,-0.08696007701115582,True,-0.08609745975659489,True,-0.09223323743699918,True,-0.09223323743699918,True
6302,-0.03611460517668963,True,-0.0862071569846109,True,-0.09466914421046979,True,-0.08110939318699761,True,-0.09466914421046979,True
6303,-0.056473866346236634,True,-0.10422193091181797,True,-0.10466984830669013,True,-0.09574810711586146,True,-0.10466984830669013,True
6304,-0.05188583931491508,True,-0.10651344252728523,True,-0.10320168196488666,True,-0.09910365964738144,True,-0.10651344252728523,True
6305,-0.06413973293239716,True,-0.09308475754622492,True,-0.11320782274021257,True,-0.09851328954744576,True,-0.11320782274021257,True
6306,-0.051151976528005405,True,-0.09510484354956827,True,-0.10967110612469044,True,-0.11012053523858911,True,-0.11012053523858911,True
6307,-0.0656859287424707,True,-0.09004967006623599,True,-0.10303349766472536,True,-0.10205332169024217,True,-0.10303349766472536,True
6308,-0.06862317766158477,True,-0.09349707128048312,True,-0.10941193666006055,True,-0.11395299096562128,True,-0.11395299096562128,True
6309,-0.05675517301325361,True,-0.10169010352140784,True,-0.10347157654474926,True,-0.11632681858998983,True,-0.11632681858998983,True
6310,0.00346524822032912,False,-0.09100462444929303,True,-0.11897461862523151,True,-0.07972432168527555,True,-0.11897461862523151,True
6311,-0.04657707758527574,True,-0.10466152943859985,True,-0.11043680026837754,True,-0.12043672511672865,True,-0.12043672511672865,True
6312,-0.054256275691875855,True,-0.11807264223150149,True,-0.11409314467900533,True,-0.12273565232042771,True,-0.12273565232042771,True
6313,-0.04203348124573436,True,-0.1039384609294256,True,-0.10149235233160647,True,-0.12590373991061354,True,-0.12590373991061354,True
6314,-0.04536205464785259,True,-0.11656815974356771,True,-0.11218123128896451,True,-0.1198408427885308,True,-0.1198408427885308,True
6315,-0.06415193706597799,True,-0.11958018155749572,True,-0.10423107915892282,True,-0.11933781981131852,True,-0.11958018155749572,True
6316,-0.05577434795792213,True,-0.10021883991340197,True,-0.11268687853650095,True,-0.13050632872336299,True,-0.13050632872336299,True
6317,-0.07243798277284563,True,-0.11807264223150149,True,-0.1200253737726934,True,-0.1106435555314319,True,-0.1200253737726934,True
6318,-0.08242517503401403,True,-0.07448349453771008,True,-0.11634090056293567,True,-0.09547274874650602,True,-0.11634090056293567,True
6319,-0.04650020667989574,True,-0.11958018155749572,True,-0.10749677617928366,True,-0.09020556966603488,True,-0.11958018155749572,True
6320,-0.04474425284807648,True,-0.10546671037007338,True,-0.1338153708120332,True,-0.10842194210963141,True,-0.1338153708120332,True
6321,-0.05578333983686368,True,-0.098351088953887,True,-0.10114706172470189,True,-0.12365240441413339,True,-0.12365240441413339,True
6322,-0.04842804720659466,True,-0.11556686660021354,True,-0.1423426550694532,True,-0.07470288904319533,True,-0.1423426550694532,True
6323,-0.07764218850852855,True,-0.10943581246700107,True,-0.1332804885389942,True,-0.12236106908975641,True,-0.1332804885389942,True
6324,-0.05386473706244932,True,-0.031860803549360495,True,-0.02933096829427395,True,-0.07245624511544713,True,-0.07245624511544713,True
