mean,std,max,min,rms,peak_to_peak,crest_factor,kurtosis,skewness,shape_factor,impulse_factor,reading,filename,progress,is_anomaly,anomaly_score
-0.0100259765625,0.0531663902091768,0.193,-0.264,0.05410346803954669,0.457,3.567238977341111,0.06595905114862788,-0.022080008834997857,1.2563228062744947,4.481603682664943,1,2004.02.12.10.32.39,0.0,False,0.0010688572521238004
-0.0037836914062500003,0.055973118789277056,0.249,-0.229,0.05610085870694182,0.478,4.43843473592302,0.10753933160081752,0.001582414617422172,1.2595629211822346,5.590487821455899,2,2004.02.12.10.42.39,0.10162601626016261,False,0.248735052561239
-0.0034853515625,0.05603693397230999,0.354,-0.334,0.0561452192491155,0.688,6.305078237014397,0.25723641276594833,0.07044906046529774,1.2633371387187096,7.965439499347374,3,2004.02.12.10.52.39,0.20325203252032523,False,0.02499422879233404
-0.003740771484375,0.05668413146164508,0.513,-0.525,0.05680743024340544,1.038,9.03050882255939,0.8061900787493546,-0.03632709701957426,1.2601162308219922,11.379490739888286,4,2004.02.12.11.02.39,0.3048780487804878,True,-0.14752106239777496
-0.002702587890625,0.05677665581598279,0.244,-0.212,0.05684094146786386,0.45599999999999996,4.292680481690301,0.13895379679433084,0.0190075166958847,1.2598198110456684,5.408003913322503,5,2004.02.12.11.12.39,0.40650406504065045,False,0.21041199375032255
-0.0028218261718750003,0.05549422955454555,0.247,-0.242,0.055565926760892545,0.489,4.4451701680937195,0.14940733837719256,0.012741574472742679,1.2579828767631305,5.591947955760185,6,2004.02.12.11.22.39,0.5081300813008129,False,0.2929811768708059
-0.0029048828125,0.05620405793625485,0.239,-0.217,0.05627907668624504,0.45599999999999996,4.246693692798502,0.10779375483252984,-0.019774749352839485,1.2602153620200898,5.351748629458496,7,2004.02.12.11.32.39,0.6097560975609756,False,0.2606596898737653
-0.0023300292968750002,0.05545575654680791,0.229,-0.227,0.05550468422307369,0.456,4.125777908755367,0.20979100466934808,-0.017148859775742896,1.2660714632130814,5.223529673830115,8,2004.02.12.11.42.39,0.7113821138211381,False,0.1956567182648793
-0.002539111328125,0.05579735616208901,0.227,-0.33,0.05585509861253156,0.557,4.064087355295988,0.15983731154509373,0.008342651967002448,1.2615980725900653,5.127244774279074,9,2004.02.12.11.52.39,0.8130081300813009,False,0.18293921681935055
-0.0027732910156249998,0.055390229807381446,0.291,-0.254,0.0554596132439803,0.5449999999999999,5.247061473721794,0.20610664754092234,0.029685526458732514,1.2612393487520628,6.617800395978914,10,2004.02.12.12.02.39,0.9146341463414633,False,0.21803022328569216
-0.0030745605468749998,0.05543830376832632,0.291,-0.249,0.05552349455199686,0.54,5.241024585141758,0.17440896332483513,0.036172489638983056,1.2570416884625326,6.58818639378024,11,2004.02.12.12.12.39,1.0162601626016259,False,0.21382377851339274
-0.0027769042968750005,0.05470372691209322,0.229,-0.276,0.05477416302917713,0.505,4.1808032717545345,0.11005504146137435,0.0015078217586126277,1.2561601251905585,5.251758361244272,12,2004.02.12.12.22.39,1.1178861788617886,False,0.26361333264374354
-0.003140380859375,0.05459959426227402,0.234,-0.222,0.054689831646722725,0.456,4.278674718027266,0.04491899115284781,-0.033690120338111765,1.2565816290267868,5.37650404725443,13,2004.02.12.12.32.39,1.2195121951219512,False,0.24692764754654062
-0.002895263671875,0.056179461127419124,0.247,-0.266,0.0562540167836651,0.513,4.3907975665076995,0.10238368110662588,0.0034770499788080093,1.2590939146275733,5.528426496351402,14,2004.02.12.12.42.39,1.321138211382114,False,0.2666444262710034
-0.0030357910156250003,0.055549112896720286,0.22,-0.227,0.05563200491356684,0.447,3.9545581781890653,0.0799000452087415,0.010891921292744113,1.2573272806656737,4.972173880416658,15,2004.02.12.12.52.39,1.4227642276422763,False,0.2732602494966295
-0.003251123046875,0.056228963720163415,0.291,-0.247,0.056322874235157555,0.538,5.166639734773222,0.19387118398007308,0.0370610988828819,1.2603926685162308,6.511994842572813,16,2004.02.12.13.02.39,1.524390243902439,False,0.20220072718482013
-0.002717138671875,0.056113860594305724,0.276,-0.3,0.05617960656109453,0.5760000000000001,4.9128147542267655,0.21398033827271457,-0.020015572191707517,1.2609867335920746,6.19499422967536,17,2004.02.12.13.12.39,1.6260162601626018,False,0.22092728292713565
-0.0027646484375000004,0.05476019882421017,0.308,-0.278,0.054829943062618625,0.5860000000000001,5.617368590885606,0.20295430083462174,-0.03361214881045859,1.2609906681187613,7.083449372490184,18,2004.02.12.13.22.39,1.7276422764227644,False,0.1697134414498992
-0.003074755859375,0.055541221384568185,0.229,-0.222,0.055626265347265356,0.451,4.116760285278758,0.0922079817125856,-0.00042872143229701396,1.2597722623212528,5.186180418019907,19,2004.02.12.13.32.39,1.8292682926829267,False,0.28580708521389825
-0.0030700195312500004,0.05467779985043284,0.215,-0.229,0.054763918928490224,0.444,3.925942558653322,0.08156366142840543,-0.015972648918385495,1.257374028470588,4.936378210518055,20,2004.02.12.13.42.39,1.9308943089430894,False,0.2741214608686122
-0.0029849609375000004,0.05526646273041952,0.242,-0.229,0.05534701342015891,0.471,4.372412982122301,0.15035076952771265,-0.04405279482154901,1.2600064415507872,5.509268522594385,21,2004.02.12.13.52.39,2.0325203252032518,False,0.28079666913353213
-0.00293505859375,0.05516899004242559,0.266,-0.232,0.0552470092516328,0.498,4.8147402656396014,0.16426128812714236,-0.02035108188516252,1.262380200017226,6.078032779569112,22,2004.02.12.14.02.39,2.1341463414634148,False,0.2767110903248279
-0.0027037109375,0.054686116106583145,0.269,-0.293,0.05475291177331348,0.562,4.912980721714062,0.22840644374572117,-0.01973336739390466,1.2607112632722017,6.193850132104109,23,2004.02.12.14.12.39,2.2357723577235773,False,0.2086448817235247
-0.0030903320312499994,0.056563254002977764,0.222,-0.264,0.05664761120708225,0.486,3.918964900187087,0.08158737502343749,0.007221887679663443,1.2576785656438567,4.928798154475916,24,2004.02.12.14.22.39,2.33739837398374,False,0.22307155675281237
-0.002956982421875,0.05602606775982585,0.22,-0.217,0.056104046321739355,0.437,3.921285797077238,0.13583281823784965,-0.04505706061630915,1.2602907620894324,4.94196026556894,25,2004.02.12.14.32.39,2.4390243902439024,False,0.22443438332464666
-0.0032119140625,0.05540676214731253,0.242,-0.259,0.05549978093284468,0.501,4.360377571450643,0.12719390010867793,-0.03415577673177219,1.2572622863015774,5.482138274620155,26,2004.02.12.14.42.39,2.540650406504065,False,0.2761591925294486
-0.0030764160156250006,0.055132317492346816,0.227,-0.237,0.05521808370070556,0.46399999999999997,4.110972072670814,0.09495604516366107,-0.0038057513490740405,1.2587909883850839,5.174854598580771,27,2004.02.12.14.52.39,2.642276422764228,False,0.2997311723374112
-0.003186083984375,0.0554029741320142,0.222,-0.222,0.05549451030352574,0.444,4.0003956929393,0.06474720769999287,-0.00012382233979512682,1.2561299878050662,5.0250169929872825,28,2004.02.12.15.02.39,2.7439024390243905,False,0.2677036334832902
-0.0030205566406250003,0.05508112196884157,0.242,-0.276,0.05516388093459003,0.518,4.386928473849562,0.12458150930044853,-0.0251609386296664,1.2581967838234531,5.519619296661048,29,2004.02.12.15.12.39,2.8455284552845526,False,0.2789229810197954
-0.00291376953125,0.05517047166023243,0.283,-0.266,0.05524736189261664,0.5489999999999999,5.1224165336629515,0.23456109917488366,-0.038156660080357806,1.2632197963166112,6.4707379703025545,30,2004.02.12.15.22.39,2.9471544715447155,False,0.21380212727834214
-0.0034757812499999997,0.05432378514244151,0.222,-0.225,0.054434866469019655,0.447,4.078268477545475,0.07349511847943857,-0.03965269856902206,1.257726426400268,5.129346038164131,31,2004.02.12.15.32.39,3.048780487804878,False,0.22737639498203155
-0.0029370117187500003,0.05673315964733654,0.234,-0.239,0.056809131672700734,0.473,4.119056093801328,0.14350027256484577,-0.0015947123342304741,1.2598578598049017,5.1894251947528796,32,2004.02.12.15.42.39,3.1504065040650406,False,0.24849073133841837
-0.003500048828125,0.05528098325258529,0.264,-0.31,0.0553916731212542,0.5740000000000001,4.766059321264684,0.17591257833775753,-0.06109235325010506,1.2580486481259776,5.9959344860052495,33,2004.02.12.15.52.39,3.2520325203252036,False,0.1866495435781801
-0.003243896484375,0.05588777413449237,0.251,-0.291,0.055981837787887734,0.542,4.483597000709872,0.1527706475195334,-0.015166574970163618,1.2574158918004126,5.637746121121259,34,2004.02.12.16.02.39,3.353658536585366,False,0.2507094305268314
-0.0026141113281250004,0.05552381479919039,0.227,-0.225,0.0555853180965138,0.452,4.083812196700139,0.11426623085634979,-0.012743890886937052,1.2574016369561376,5.134992141152195,35,2004.02.12.16.12.39,3.4552845528455287,False,0.2794555916300811
-0.0030807617187499996,0.05554223759655605,0.225,-0.286,0.05562761229821032,0.511,4.044753867806022,0.1958801945559432,0.007256396328294278,1.2593139756808034,5.093615073917108,36,2004.02.12.16.22.39,3.556910569105691,False,0.2671359383857677
-0.002811474609375,0.055569069978318106,0.21,-0.244,0.0556401467263915,0.45399999999999996,3.7742531671001474,0.0334986959277348,-0.04654746829074414,1.2540763499017746,4.733201635402165,37,2004.02.12.16.32.39,3.6585365853658534,False,0.19349293341361073
-0.0030121582031250003,0.05638668115044963,0.232,-0.264,0.05646707809160241,0.496,4.108588718255324,0.1600982637971584,0.029414747194057428,1.26073227213473,5.179830390033152,38,2004.02.12.16.42.39,3.760162601626017,False,0.2454136177898969
-0.0027642578125000004,0.056033258572441,0.308,-0.281,0.056101400940618225,0.589,5.490058979561124,0.2587931953743987,-0.027692721638142754,1.2640788833261396,6.939867624278271,39,2004.02.12.16.52.39,3.861788617886179,False,0.17490231523855038
-0.003388427734375,0.05653621499815002,0.239,-0.239,0.05663766457780657,0.478,4.219806762541759,0.09751879968845945,-0.014065127951287884,1.2577181529155956,5.30732756704476,40,2004.02.12.17.02.39,3.9634146341463414,False,0.24488993459591002
-0.003306982421875,0.056234235204706794,0.227,-0.251,0.0563313886017101,0.478,4.029724912428464,0.13207301349276568,-0.023550379647344657,1.2609689952104566,5.081358173799465,41,2004.02.12.17.12.39,4.0650406504065035,False,0.2538514762543574
-0.0026965332031249995,0.055708350015225006,0.234,-0.239,0.05577357396414879,0.473,4.195535329158125,0.13869196247633608,-0.0019554327944188627,1.2620170466303098,5.294837105137262,42,2004.02.12.17.22.39,4.166666666666666,False,0.28524819973782106
-0.0032916992187500002,0.05498149075487387,0.22,-0.239,0.05507993835667393,0.45899999999999996,3.9941947388425687,0.16829482229395554,-0.002661603710207311,1.2617018293455495,5.039482808760038,43,2004.02.12.17.32.39,4.2682926829268295,False,0.2724698325704011
-0.00303681640625,0.05543639736098235,0.225,-0.222,0.055519513742917456,0.447,4.052629153811761,0.06303437345150442,-0.00843419161052362,1.2558367772341954,5.0894407358483065,44,2004.02.12.17.42.39,4.369918699186992,False,0.27994007432799306
-0.0033448242187499996,0.05527980886483928,0.251,-0.278,0.05538090932069913,0.529,4.532247719995208,0.18879127338967816,-0.008031845273471169,1.2595264208115042,5.708485748996665,45,2004.02.12.17.52.39,4.471544715447155,False,0.27259923567958855
-0.0034741210937499997,0.05572754079392398,0.232,-0.269,0.055835726200278796,0.501,4.155045806475812,0.12323867016073997,-0.0016293672015524575,1.2605501948746518,5.237643801066189,46,2004.02.12.18.02.39,4.573170731707317,False,0.2818842988524103
-0.0028974121093749998,0.05593432666576779,0.317,-0.269,0.05600931972881276,0.5860000000000001,5.659772365293098,0.18501727406018897,0.016862917765479032,1.2604634175525282,7.133936018126694,47,2004.02.12.18.12.39,4.67479674796748,False,0.17686822981895728
-0.0022852050781249997,0.05567507275633133,0.232,-0.251,0.05572195158707092,0.483,4.163529693274969,0.12818868549583717,0.024963761228330758,1.2582909305353454,5.238931652062501,48,2004.02.12.18.22.39,4.776422764227642,False,0.23339559647262292
-0.0031881347656249996,0.05613861633476406,0.217,-0.232,0.05622907119333935,0.449,3.8592136664299885,0.11255828767382203,-0.005970131706346406,1.2585988483027073,4.857201875922852,49,2004.02.12.18.32.39,4.878048780487805,False,0.2598145843494883
-0.0028795410156249998,0.05514264962796454,0.237,-0.229,0.05521778304543859,0.46599999999999997,4.292095533878519,0.15048877346683343,-0.04634984750986887,1.2611847197900912,5.413125303206882,50,2004.02.12.18.42.39,4.979674796747967,False,0.2694502889615684
-0.0032108398437499996,0.055909594817473304,0.256,-0.259,0.056001716805435975,0.515,4.571288428342443,0.10701659936887431,-0.001029369896035677,1.2573122006403545,5.747536713601025,51,2004.02.12.18.52.39,5.08130081300813,False,0.26657547040887036
-0.003169775390625,0.05614877554030999,0.249,-0.254,0.056238176274690174,0.503,4.427597345685296,0.1447980616240283,-0.037573741358376204,1.2581536101478037,5.570597584754788,52,2004.02.12.19.02.39,5.182926829268292,False,0.26661491794478676
-0.0031755859375000002,0.05517803243437149,0.247,-0.225,0.05526933697245698,0.472,4.469024119523823,0.12845707348672342,-0.009834261507953614,1.2580954458411067,5.622458892126983,53,2004.02.12.19.12.39,5.284552845528456,False,0.2984214458760152
-0.003000732421875,0.05722862037213489,0.244,-0.271,0.05730723675737319,0.515,4.257751966528151,0.1900659310638111,-0.020897551522137285,1.2628892242669285,5.377069078129725,54,2004.02.12.19.22.39,5.386178861788618,False,0.17517732949972953
-0.0034065917968749996,0.05497639910453702,0.232,-0.227,0.05508184207315397,0.459,4.211914330894776,0.05258921929673033,-0.010122595501342134,1.2543698447357197,5.283298325284632,55,2004.02.12.19.32.39,5.487804878048781,False,0.2571131428522585
-0.0036416015625,0.05630399463873542,0.251,-0.3,0.05642163657869869,0.5509999999999999,4.448647987193658,0.1410640808870447,-0.029403350661844026,1.2620856275194952,5.614574686530648,56,2004.02.12.19.42.39,5.589430894308943,False,0.2071296279399007
-0.0030388671874999997,0.05512973914122246,0.244,-0.239,0.055213429992733654,0.483,4.419214673533442,0.1292842641937253,0.007859934041071697,1.258599439749949,5.562021112243944,57,2004.02.12.19.52.39,5.691056910569105,False,0.30186890468462385
-0.0035380371093750003,0.05421517656140724,0.244,-0.254,0.05433049858202918,0.498,4.491031858130371,0.12077656875656162,-0.01859717294419146,1.259713559647043,5.657413728493683,58,2004.02.12.20.02.39,5.7926829268292686,False,0.21943294358985094
-0.0033019042968749994,0.0540147849071081,0.254,-0.232,0.05411561290927855,0.486,4.693654683830619,0.1258128156319649,0.02287932387138494,1.2607345084036903,5.917452430435874,59,2004.02.12.20.12.39,5.894308943089431,False,0.18243921867335083
-0.00283828125,0.05417047129504366,0.234,-0.222,0.054244776714272226,0.456,4.313779393591508,0.12973920027648855,-0.015381890073115084,1.258439788474551,5.428631627597175,60,2004.02.12.20.22.39,5.995934959349594,False,0.24270857697624693
-0.002860888671875,0.055858849504445245,0.273,-0.278,0.05593206371977638,0.551,4.880921279210248,0.21983150598546386,-0.011752884313796693,1.2604616768333767,6.1522142200850585,61,2004.02.12.20.32.39,6.097560975609756,False,0.2567917482357531
-0.0031359863281250006,0.05445694717489393,0.232,-0.234,0.054547167716201134,0.466,4.253199748281218,0.06659517349624977,-0.01414741331068184,1.2582075491009381,5.351408031121638,62,2004.02.12.20.42.39,6.199186991869919,False,0.25995927510891087
-0.0030479492187499998,0.05669517197338034,0.237,-0.273,0.05677704218723664,0.51,4.17422237703811,0.13326432956199286,0.0043334165870183025,1.2572402241102136,5.248000276793262,63,2004.02.12.20.52.39,6.300813008130081,False,0.23436805279559592
-0.0026861816406250003,0.055537141855331325,0.254,-0.244,0.055602065584523255,0.498,4.568175612358914,0.016962420878488427,-0.013981611750089494,1.254087546098948,5.728892143852249,64,2004.02.12.21.02.39,6.402439024390244,False,0.2113669159979143
-0.003094775390625,0.05506444069409456,0.254,-0.237,0.0551513396362398,0.491,4.605509162158181,0.07441609631578094,-0.008441581015320275,1.2537999044804813,5.774386947597908,65,2004.02.12.21.12.39,6.504065040650407,False,0.25255664681023565
-0.003047705078125,0.055617697199755095,0.215,-0.237,0.055701137762588615,0.45199999999999996,3.859885248958122,0.055869597770713764,-0.04221001428785422,1.2560537292383303,4.84822326138587,66,2004.02.12.21.22.39,6.605691056910569,False,0.24604877974735562
-0.0030302246093750007,0.055241795510633185,0.242,-0.264,0.055324842814253664,0.506,4.374165161435436,0.26273449926875836,-0.03633560152430843,1.2653657505412619,5.53491878249119,67,2004.02.12.21.32.39,6.707317073170732,False,0.22031939058565692
-0.003162060546875,0.05494882789970157,0.374,-0.31,0.05503973396059546,0.6839999999999999,6.795090984047224,0.29584289424633603,0.01621919593624749,1.2607117829179606,8.566651269587934,68,2004.02.12.21.42.39,6.808943089430894,False,0.050025012234124255
-0.0030784179687500003,0.05434696478268982,0.208,-0.232,0.05443408158756102,0.44,3.8211354712656895,0.13263561898312082,-0.03983655251444021,1.2607008100543602,4.817308583952104,69,2004.02.12.21.52.39,6.910569105691057,False,0.2246259123987222
-0.0032920898437499998,0.05579086870787574,0.212,-0.225,0.05588791360141073,0.437,3.7933067516524477,0.1378021885222127,0.03063886374275175,1.2599311690867872,4.779305410314271,70,2004.02.12.22.02.39,7.01219512195122,False,0.2026653440702494
-0.0030668945312500003,0.05532442507154222,0.259,-0.259,0.05540936609962706,0.518,4.674300000731162,0.1380682408762608,-0.03412330015711709,1.258613794506698,5.883138460582909,71,2004.02.12.22.12.39,7.113821138211382,False,0.269917800782325
-0.0028346191406250004,0.05572578161912112,0.278,-0.222,0.05579782973140062,0.5,4.982272632076111,0.17454321743901424,-0.010609969403757143,1.261150206982918,6.283394161188114,72,2004.02.12.22.22.39,7.215447154471545,False,0.2488513644387278
-0.0034352050781250006,0.05671525472061595,0.298,-0.276,0.0568191935172713,0.5740000000000001,5.244706613257668,0.24514740415535652,0.017977177421106952,1.2612377897921445,6.614822177013345,73,2004.02.12.22.32.39,7.317073170731707,False,0.1488173517771907
-0.0028945800781249994,0.055629709859588046,0.232,-0.242,0.05570496578304869,0.474,4.1647992551249144,0.0569402677295221,-0.0010541779225540326,1.254601169481952,5.225162016137281,74,2004.02.12.22.42.39,7.41869918699187,False,0.2778030999904108
-0.003147802734375,0.05632588527149251,0.273,-0.261,0.056413775034754365,0.534,4.839243603744213,0.18465732027141257,-0.03405189706477109,1.261767825839604,6.106001880604545,75,2004.02.12.22.52.39,7.520325203252034,False,0.24506566415601455
-0.002906494140625,0.05614010790547733,0.242,-0.229,0.056215295283651455,0.471,4.30487821470856,0.053003907406576456,0.023891513009335175,1.258205237462563,5.416420316384797,76,2004.02.12.23.02.39,7.621951219512195,False,0.24418351700410773
-0.0035525390625,0.055532030570963384,0.273,-0.271,0.0556455474690024,0.544,4.9060529084034235,0.1565247268159733,-0.03539205618657268,1.2602995337166756,6.183096192850176,77,2004.02.12.23.12.39,7.723577235772358,False,0.26221223041721287
-0.00369365234375,0.055073283907283575,0.225,-0.254,0.05519700778093637,0.479,4.076307920403417,0.14090180994101287,-0.015301417915272264,1.2615980189965748,5.1426619972009995,78,2004.02.12.23.22.39,7.825203252032519,False,0.2646214675857862
-0.0028527343750000002,0.0551500456172585,0.225,-0.266,0.05522377771395217,0.491,4.074331914876483,0.13452407973869063,0.02230540153371476,1.2564913783859568,5.119362923725047,79,2004.02.12.23.32.39,7.926829268292683,False,0.2530067753841523
-0.00320390625,0.05611326805603743,0.408,-0.386,0.05620466054685768,0.794,7.259184488087984,0.33710740360628844,-0.02097382325988087,1.2608374332648133,9.152651537556602,80,2004.02.12.23.42.39,8.028455284552846,True,-0.02030828779035243
-0.002440380859375,0.05450218477067521,0.225,-0.227,0.054556792459927714,0.452,4.124142748407796,0.1568631698924774,-0.009711100750153343,1.2579365106795954,5.18790973847666,81,2004.02.12.23.52.39,8.130081300813007,False,0.22882010781578965
-0.00300712890625,0.05567363084831944,0.239,-0.242,0.055754784513024076,0.481,4.28662763361897,0.012821334609440349,-0.0030610389672855844,1.254612523542549,5.3780567129019206,82,2004.02.13.00.02.39,8.231707317073171,False,0.23799786138530193
-0.003503955078125,0.055426666112879344,0.225,-0.232,0.0555373119405155,0.457,4.051330396418742,0.1399153181106918,-0.0541380911500289,1.2604366282631516,5.106445224842058,83,2004.02.13.00.12.39,8.333333333333332,False,0.24994259509217287
-0.00304990234375,0.05600837557683751,0.266,-0.234,0.05609135440567022,0.5,4.7422638090748315,0.1480071064790085,-0.003256633993560524,1.2593053553766416,5.971958211376767,84,2004.02.13.00.22.39,8.434959349593496,False,0.28089985149296387
-0.003107958984375,0.054798467908255134,0.205,-0.212,0.054886532903259844,0.417,3.734978129540854,0.08080238699428044,-0.020318753995379052,1.2569861370298911,4.694815730942686,85,2004.02.13.00.32.39,8.536585365853659,False,0.21327906072673025
-0.0028788085937499997,0.056087460999701626,0.242,-0.366,0.05616129290100522,0.608,4.30901760802712,0.22584998258837485,-0.035452693890053476,1.259825929233805,5.4286121121175945,86,2004.02.13.00.42.39,8.638211382113822,False,0.171764571866581
-0.00354931640625,0.054836902256984524,0.222,-0.229,0.054951646891551395,0.451,4.039915317517656,0.1601230199915924,0.022534766482679967,1.2630435881384157,5.1025891384128474,87,2004.02.13.00.52.39,8.739837398373984,False,0.2408788224591455
-0.0027277832031249996,0.05576603144612205,0.237,-0.237,0.05583270604630519,0.474,4.244823809962616,0.08637981761330504,-0.042095143498828216,1.2591093050430606,5.344697157392266,88,2004.02.13.01.02.39,8.841463414634147,False,0.26606534633516293
-0.002921240234375,0.0565393106644832,0.239,-0.22,0.05661472683782794,0.45899999999999996,4.221516438374983,0.154748061201464,0.02593550202485969,1.2624295744414362,5.329367200795257,89,2004.02.13.01.12.39,8.94308943089431,False,0.2387512374787667
-0.0028441406250000003,0.05532439424413271,0.259,-0.254,0.05539745241773308,0.513,4.6753052477390185,0.175120593671362,-0.0010298189270264374,1.263570601007673,5.907578261779919,90,2004.02.13.01.22.39,9.044715447154472,False,0.2661591657929437
-0.002969873046875,0.05476985335480934,0.208,-0.21,0.05485031433293592,0.418,3.7921387056683176,0.08961268691209856,-0.01673509772171048,1.2588340789641497,4.773673434854279,91,2004.02.13.01.32.39,9.146341463414634,False,0.21860086984775146
-0.00278740234375,0.05554181822525985,0.261,-0.227,0.055611718042097476,0.488,4.6932554718490405,0.12164112550181283,0.007418725570535322,1.257519631908963,5.901860893414332,92,2004.02.13.01.42.39,9.247967479674797,False,0.2720392978020499
-0.0023272949218749997,0.05495436456437959,0.247,-0.347,0.055003622483688515,0.594,4.490613324117854,0.21329323372892883,-0.02145790819128139,1.263754585314017,5.675033179226158,93,2004.02.13.01.52.39,9.34959349593496,False,0.13472240421333637
-0.002729345703125,0.055448408577971904,0.254,-0.227,0.05551554144378739,0.481,4.575295374849029,0.13645470635752233,0.030703335507836427,1.25873735129445,5.759095181527213,94,2004.02.13.02.02.39,9.451219512195122,False,0.2719440592822227
-0.00268662109375,0.055250970692026016,0.217,-0.242,0.05531625163830699,0.45899999999999996,3.922897766444565,0.12856792492389335,-0.013884519674657227,1.2591073853648995,4.939349549761821,95,2004.02.13.02.12.39,9.552845528455284,False,0.2787639991901597
-0.0031416015625,0.05529309041313388,0.215,-0.278,0.055382267088053556,0.493,3.8821090450877804,0.15016475958702813,-0.060070129369620494,1.2581880311702969,4.8844231362273955,96,2004.02.13.02.22.39,9.654471544715447,False,0.22507739290070788
-0.002867333984375,0.055985528676727465,0.227,-0.222,0.05605890674451852,0.449,4.049311932437859,0.09736469118853952,-0.014754736626676085,1.2599760645916738,5.102036112937159,97,2004.02.13.02.32.39,9.75609756097561,False,0.2663456645173095
-0.002738720703125,0.055952600482079014,0.325,-0.283,0.056019586679989665,0.608,5.801542268716717,0.27267496335437746,0.021075475862056353,1.2614873714012584,7.318572306636744,98,2004.02.13.02.42.39,9.857723577235772,False,0.12988364001008246
-0.00261923828125,0.056338778387546126,0.286,-0.266,0.05639963084431493,0.552,5.070955176807309,0.18481702861007143,0.008160443402319017,1.256769791868304,6.373023282129621,99,2004.02.13.02.52.39,9.959349593495935,False,0.1874114212040433
-0.00266728515625,0.055808711238045074,0.244,-0.227,0.055872414125006716,0.471,4.367092487789844,0.14665857199529597,-0.023687644615531384,1.2620434611627696,5.511460518508224,100,2004.02.13.03.02.39,10.060975609756099,False,0.2678034917507659
-0.00285546875,0.055292008999088406,0.276,-0.266,0.055365692996091904,0.542,4.985036492173629,0.16821766511146707,-0.004018229856023817,1.2598575050609901,6.280435637667858,101,2004.02.13.03.12.39,10.16260162601626,False,0.27034142796094346
-0.0027039550781250005,0.05571643822305593,0.232,-0.22,0.05578201198709244,0.452,4.159046827742304,0.06420200309847868,-0.010359821587407054,1.2553396870436662,5.221016543137977,102,2004.02.13.03.22.39,10.264227642276422,False,0.26249484152561253
-0.002679296875,0.055211615989125114,0.21,-0.237,0.05527658791816839,0.44699999999999995,3.7990767503754856,0.058774744061125705,-0.021528052932095202,1.2563697429295366,4.773045080238829,103,2004.02.13.03.32.39,10.365853658536585,False,0.24274392947795287
-0.002785498046875,0.05548556025773941,0.232,-0.266,0.0555554353460071,0.498,4.176009035930891,0.09090578441363784,-0.013877093757528053,1.2583100985349907,5.25471434148521,104,2004.02.13.03.42.39,10.467479674796747,False,0.2942395635580016
-0.0032270996093750003,0.05577294964492686,0.237,-0.229,0.055866233844643357,0.46599999999999997,4.242276303411929,0.14440205366175984,-0.0046145130127011194,1.2635385438382956,5.360279622972815,105,2004.02.13.03.52.39,10.569105691056912,False,0.26287706843462094
-0.0029814453125,0.05609471140768149,0.242,-0.264,0.05617388774210398,0.506,4.308051475999477,0.08465540544106132,0.019911307987675403,1.2590631139226218,5.424108706310848,106,2004.02.13.04.02.39,10.670731707317072,False,0.2695448001315885
-0.002409521484375,0.05525315245854267,0.251,-0.254,0.05530566562650363,0.505,4.5384138705622155,0.15073419688909517,0.020153688878368364,1.2605883161151032,5.721071498925451,107,2004.02.13.04.12.39,10.772357723577237,False,0.24892248054358812
-0.003008837890625,0.05489070701688551,0.242,-0.22,0.054973109992664825,0.46199999999999997,4.402152252843082,0.13623808339995946,0.03443596235450577,1.259926937564586,5.546390206617627,108,2004.02.13.04.22.39,10.873983739837398,False,0.2678278945205474
-0.0028142089843750002,0.05508924225797527,0.259,-0.239,0.055161076718693816,0.498,4.69533981943152,0.08126774860451613,-0.0009320199567963459,1.256389387907253,5.899175121752118,109,2004.02.13.04.32.39,10.975609756097562,False,0.26519283856531906
-0.00252431640625,0.05681665099763789,0.264,-0.276,0.056872699987834674,0.54,4.641945961005383,0.2509696888736035,0.02255468009601497,1.2643014644594635,5.868819076440796,110,2004.02.13.04.42.39,11.077235772357724,False,0.16170281348736992
-0.0030456054687499996,0.05550707188742908,0.237,-0.269,0.055590563427505395,0.506,4.2633135083990865,0.14326809960030973,0.03410724016064342,1.2618395555503579,5.379617622610141,111,2004.02.13.04.52.39,11.178861788617885,False,0.27078614938308465
-0.00234873046875,0.05472404375761321,0.212,-0.242,0.05477442377606541,0.45399999999999996,3.8704195386284814,0.051225015559671405,-0.03385633158652364,1.2555657520810652,4.859566218887318,112,2004.02.13.05.02.39,11.28048780487805,False,0.21847949220209267
-0.0032545410156249997,0.05653126644454809,0.225,-0.229,0.056624871947288984,0.454,3.9735189195562017,0.08426576660459828,-0.040030832709190334,1.2581762191489958,4.999387010924225,113,2004.02.13.05.12.39,11.38211382113821,False,0.23434886794882248
-0.0027189453125,0.055302978633728524,0.229,-0.249,0.055369776136218934,0.478,4.135830338858904,0.0466431414979076,-0.005309882703252048,1.2589320973927758,5.206729562960315,114,2004.02.13.05.22.39,11.483739837398375,False,0.2765371543482524
-0.00306328125,0.05466106503389454,0.212,-0.271,0.0547468329920211,0.483,3.872370115562616,0.1345572311237233,0.004835991132927467,1.25842922910083,4.873103739320555,115,2004.02.13.05.32.39,11.585365853658537,False,0.25406301489975686
-0.002704541015625,0.05558076154208331,0.247,-0.232,0.05564652366233784,0.479,4.4387319053170655,0.14064523072320956,0.029865892738170943,1.2627696886343482,5.605096106008578,116,2004.02.13.05.42.39,11.6869918699187,False,0.2723933865856392
-0.003294287109375,0.05604679760744927,0.244,-0.232,0.056143529009222204,0.476,4.346003970643175,0.20068411952223553,-0.01769887541935046,1.2612800537377273,5.481528121637201,117,2004.02.13.05.52.39,11.788617886178862,False,0.27315465142654305
-0.0030880859375,0.055159071764296984,0.266,-0.295,0.05524544752878965,0.5609999999999999,4.81487637259851,0.20071876863724114,-0.010481509256912817,1.2598958226317236,6.066242628325049,118,2004.02.13.06.02.39,11.890243902439025,False,0.259954172305217
-0.002871142578125,0.056433638150534406,0.251,-0.254,0.0565066277051584,0.505,4.44195681451163,0.22013314675897222,-0.0030775514032447076,1.2617721041006096,5.6047371961703805,119,2004.02.13.06.12.39,11.991869918699187,False,0.24781727939347115
-0.002857861328125,0.055504834756655054,0.237,-0.286,0.05557835957217859,0.5229999999999999,4.264249643644348,0.17849339256937258,0.009044753872654047,1.2600444839945864,5.373144241849941,120,2004.02.13.06.22.39,12.09349593495935,False,0.2698768868728994
-0.0028823242187500002,0.0556131081044344,0.234,-0.254,0.0556877507710403,0.488,4.202001279636683,0.08637824734027344,0.011210827951280932,1.2588747530684772,5.289793323296054,121,2004.02.13.06.32.39,12.195121951219512,False,0.288431792860285
-0.0026850585937500003,0.05453388990204283,0.21,-0.278,0.054599951350710926,0.488,3.8461572731285165,0.19082363562011517,0.011344376472417516,1.2639420499001464,4.861319908036414,122,2004.02.13.06.42.39,12.296747967479675,False,0.18186512504228136
-0.0027479492187500003,0.05565303406708767,0.261,-0.239,0.05572083475488545,0.5,4.68406478740192,0.12897822634075595,0.008135999974520823,1.260201311681487,5.902864589084965,123,2004.02.13.06.52.39,12.398373983739837,False,0.2880433257139775
-0.002831787109375,0.055625012950574246,0.225,-0.249,0.055697047354275206,0.474,4.03971145128808,0.14379564867009798,0.007730128910903873,1.257581570159118,5.080266669900633,124,2004.02.13.07.02.39,12.5,False,0.2819020028620763
-0.002866748046875,0.05448172865822874,0.249,-0.239,0.05455709854778868,0.488,4.564025702024664,0.12409226762400571,0.01423663536402651,1.2565599954326343,5.734972115290537,125,2004.02.13.07.12.39,12.601626016260163,False,0.22340083277361888
-0.0027053222656250003,0.05492149076140176,0.266,-0.222,0.05498807976294158,0.488,4.83741205633565,0.09870970522130129,0.02001165864373774,1.2583914190310872,6.0873578220103095,126,2004.02.13.07.22.39,12.703252032520327,False,0.2397340396615627
-0.0030797851562499997,0.05392989500949443,0.205,-0.229,0.05401776237816362,0.434,3.79504798004869,0.05249837340102337,-0.014126098042268442,1.2545716311652626,4.76115953468012,127,2004.02.13.07.32.39,12.804878048780488,False,0.18366738824685847
-0.0033174804687499996,0.05537461543231666,0.283,-0.273,0.05547390116926607,0.556,5.1014980744997445,0.2183745465294229,0.0116447119786742,1.2627098348255144,6.441711791014251,128,2004.02.13.07.42.39,12.90650406504065,False,0.22998661019058492
-0.0026863281250000003,0.05569288386391779,0.234,-0.295,0.05575763330589813,0.529,4.196734798914917,0.12343909709190815,-0.010574088089461283,1.2584902852252042,5.281549974100973,129,2004.02.13.07.52.39,13.008130081300814,False,0.2621372700211578
-0.0027947265624999997,0.05501638384810571,0.244,-0.232,0.055087321483997115,0.476,4.429331349335656,0.12014276895640386,0.023075526822943008,1.258663968271189,5.575039772942796,130,2004.02.13.08.02.39,13.109756097560975,False,0.2812720625358763
-0.002849560546875,0.055033193772477604,0.212,-0.22,0.05510691800590353,0.432,3.8470668959800784,0.06803798461231292,-0.020426189905714178,1.2572335937769423,4.836661739133341,131,2004.02.13.08.12.39,13.211382113821138,False,0.24956911756714523
-0.0031810546875000005,0.055245641376267265,0.251,-0.234,0.0553371484628545,0.485,4.535831841217582,0.0776550893301664,0.010912838400902366,1.2584417291860637,5.708080065559061,132,2004.02.13.08.22.39,13.3130081300813,False,0.2940324299472624
-0.002893798828125,0.05479879479298991,0.232,-0.247,0.054875149042365935,0.479,4.2277789500104355,0.1389096459014194,-0.04637074355842957,1.2586987810954384,5.321500211119088,133,2004.02.13.08.32.39,13.414634146341465,False,0.269295683216641
-0.002666259765625,0.05476104870568664,0.229,-0.239,0.05482591902088259,0.46799999999999997,4.176856568747647,0.14326785145032161,0.010390328780918733,1.2600731707988955,5.2631449005540425,134,2004.02.13.08.42.39,13.516260162601625,False,0.27953562494774553
-0.00295087890625,0.05542821343801953,0.229,-0.22,0.05550670708346875,0.449,4.12562755084064,0.09597403778065505,0.02142602276133262,1.2584882795624872,5.192053918573036,135,2004.02.13.08.52.39,13.617886178861788,False,0.26858770546944066
-0.003103125,0.05480693128425341,0.2,-0.244,0.05489470923105887,0.444,3.643338361774982,0.077703423925779,-0.009838379002098194,1.259058604150057,4.587176512222764,136,2004.02.13.09.02.39,13.719512195121952,False,0.22711412822295113
-0.003116064453125,0.05589052807633951,0.232,-0.242,0.05597732564465834,0.474,4.144535261879534,0.16007501858251771,0.0022841950678487172,1.2598098543860354,5.221326364766244,137,2004.02.13.09.12.39,13.821138211382115,False,0.2925097450424871
-0.0029604003906250004,0.05545594345327481,0.271,-0.264,0.05553490465253025,0.535,4.879813906147634,0.18766031512630166,-0.030162465926929612,1.2623852717541675,6.1602052040219455,138,2004.02.13.09.22.39,13.922764227642276,False,0.2740397455282832
-0.00307744140625,0.056121652695426724,0.22,-0.229,0.05620596540292676,0.449,3.914175273440711,0.08708934664988277,-0.018588824374360154,1.2586883327595615,4.92672674905579,139,2004.02.13.09.32.39,14.02439024390244,False,0.2662840357660412
-0.0029875976562500003,0.05359680150287067,0.203,-0.247,0.053680004387981844,0.45,3.7816688413954136,0.04564737924990414,-0.001074090722772356,1.2530820670282197,4.738741408591977,140,2004.02.13.09.42.39,14.126016260162602,False,0.13792629950313573
-0.0030704589843750002,0.055241967444798215,0.249,-0.239,0.05532723276603372,0.488,4.50049618517818,0.2142686082559102,-0.009771931410216613,1.2598067955064298,5.669755677238236,141,2004.02.13.09.52.39,14.227642276422763,False,0.2928040427067915
-0.00329853515625,0.055162967347707405,0.217,-0.234,0.05526149926287967,0.451,3.926784522579241,0.08431012069405863,-0.01590460678239076,1.2555140342920073,4.930133077738876,142,2004.02.13.10.02.39,14.329268292682926,False,0.2731216335099071
-0.003212841796875,0.0556726591925752,0.247,-0.315,0.055765287894750215,0.562,4.429278666438172,0.2664685927397037,0.008544260927318697,1.2629989284930514,5.594174209708544,143,2004.02.13.10.12.39,14.43089430894309,False,0.21175497024043533
-0.003181982421875,0.05488150710258651,0.205,-0.247,0.05497367400842311,0.45199999999999996,3.7290576570994642,0.06124073673858765,-0.019966436094669627,1.2546018082456305,4.678482479649202,144,2004.02.13.10.22.39,14.532520325203253,False,0.23857935904634903
-0.002798828125,0.055499725141789746,0.256,-0.3,0.05557025220104278,0.556,4.606781323824839,0.28185395174268857,-0.0379189435469161,1.2645291511322823,5.825409276868275,145,2004.02.13.10.32.39,14.634146341463413,False,0.19344314147442443
-0.0032008789062500003,0.05472245560704512,0.222,-0.261,0.05481599012548711,0.483,4.049913163874047,0.12988516907112269,-0.0028846303906028842,1.2555938434119251,5.085046034913164,146,2004.02.13.10.42.39,14.735772357723578,False,0.2626077252139981
-0.002798388671875,0.05509791645601716,0.212,-0.266,0.05516893489050813,0.478,3.842742304536947,0.15554622068766344,-0.022686561718021882,1.2626346594403783,4.8519796210061426,147,2004.02.13.10.52.39,14.83739837398374,False,0.2515420445180604
-0.002915869140625,0.05668386411753679,0.276,-0.247,0.056758812039546996,0.523,4.862681054841239,0.18341137504332528,-0.010707871270930685,1.261938177158846,6.136402866451208,148,2004.02.13.11.02.39,14.939024390243901,False,0.23121747798445463
-0.003027490234375,0.054968764889049844,0.31,-0.264,0.05505207362622116,0.5740000000000001,5.631032213332429,0.1386559244687482,-0.008588036585891426,1.2614317848476102,7.103163015398316,149,2004.02.13.11.12.39,15.040650406504067,False,0.19253547277126126
-0.003163525390625,0.05482647402110814,0.308,-0.239,0.05491766697961937,0.5469999999999999,5.608395566299323,0.1765448652822048,-0.004653259470813788,1.2633983163237823,7.085637515740331,150,2004.02.13.11.22.39,15.142276422764228,False,0.1689895769680051
-0.0025594726562500002,0.05503878673294323,0.249,-0.244,0.05509826626412577,0.493,4.519198459101475,0.06540273032485988,-0.013678079331171307,1.2553427046409513,5.673142816457666,151,2004.02.13.11.32.39,15.24390243902439,False,0.2573296361214754
-0.0027684082031249994,0.055929139808267615,0.281,-0.229,0.055997613910521896,0.51,5.018070956541247,0.12252517278841646,-0.0069293904274236005,1.2595411749257162,6.320466988462574,152,2004.02.13.11.42.39,15.345528455284551,False,0.2363767463323474
-0.0025635742187499998,0.05497313762795844,0.22,-0.247,0.05503287902188563,0.46699999999999997,3.9976102270155587,0.08519251233900604,-0.012509308304129321,1.2552214284405725,5.017886019503111,153,2004.02.13.11.52.39,15.447154471544716,False,0.25937127441532043
-0.00322861328125,0.05633144781834909,0.273,-0.234,0.0564238952663785,0.507,4.838375633429078,0.19421117512746067,0.0059257668778184515,1.257630681136467,6.084889643463497,154,2004.02.13.12.02.39,15.548780487804878,False,0.2236097301643032
-0.003259765625,0.05500536641383337,0.239,-0.251,0.05510187298313915,0.49,4.33742061859009,0.09556703630701424,-0.007246286647798214,1.2586425888027857,5.459262316108812,155,2004.02.13.12.12.39,15.650406504065039,False,0.29296350665805204
-0.0027493164062499997,0.054666544641565964,0.247,-0.239,0.05473563595821281,0.486,4.512599436837983,0.16891440178233186,-0.0038735675323395436,1.260551573543823,5.68836432087909,156,2004.02.13.12.22.39,15.752032520325205,False,0.27563717969597856
-0.002992187499999999,0.05607561107749824,0.247,-0.244,0.05615538570564715,0.491,4.398509544475642,0.18932039927431132,0.00853369796122182,1.2626281215434993,5.553681843732433,157,2004.02.13.12.32.39,15.853658536585366,False,0.2764892588640042
-0.0030328125,0.055260499015706,0.239,-0.229,0.055343660008396627,0.46799999999999997,4.318471166593236,0.096174129629083,-0.012694325523159463,1.258469631833927,5.4346648191080185,158,2004.02.13.12.42.39,15.955284552845528,False,0.30325779454336826
-0.00249609375,0.05463614717832152,0.239,-0.237,0.05469313542392683,0.476,4.3698354125706915,0.17913042519942213,0.024303413480843392,1.2603182577468073,5.507383353811394,159,2004.02.13.12.52.39,16.056910569105693,False,0.22580586448359496
-0.0031208984375000006,0.054970269243976876,0.269,-0.249,0.05505879137624163,0.518,4.885686613819786,0.10161253035026041,-0.013142777002392044,1.25715093715765,6.142045505222129,160,2004.02.13.13.02.39,16.158536585365855,False,0.26701607591096665
-0.0031621582031250003,0.05576359510201556,0.22,-0.239,0.05585318060059897,0.45899999999999996,3.9388983337081562,0.11315632285395427,0.007897507825612769,1.2579808034376891,4.955058490497562,161,2004.02.13.13.12.39,16.260162601626014,False,0.2716383471965791
-0.003333935546875,0.05547266060809737,0.305,-0.278,0.05557275592565007,0.583,5.488300785515384,0.13052585792462068,-0.021402226685919314,1.2575841908981564,6.902000302758081,162,2004.02.13.13.22.39,16.361788617886177,False,0.18000282178823768
-0.002942626953125,0.0554281707142146,0.232,-0.205,0.0555062263364154,0.437,4.179711274080871,0.01744394966667251,0.001304210888201957,1.2529691249905346,5.237049177798181,163,2004.02.13.13.32.39,16.463414634146343,False,0.1867651054450648
-0.0030185058593750003,0.05505874259414933,0.205,-0.281,0.05514142284772741,0.486,3.7177132800164734,0.07284099997389415,-0.024858545561603346,1.256274260835395,4.670467502850627,164,2004.02.13.13.42.39,16.565040650406505,False,0.2169593203486564
-0.0024380859375,0.05460068533016656,0.225,-0.212,0.05465509218327694,0.437,4.116725286008103,0.07843177001361301,-0.010246099708886052,1.2578875724708902,5.178377576546264,165,2004.02.13.13.52.39,16.666666666666664,False,0.2235087798985978
-0.003056884765625,0.05382906100839318,0.227,-0.244,0.05391578946390032,0.471,4.2102694267694885,0.027374765903545928,-0.02751677049173597,1.2546291695354925,5.282326834428478,166,2004.02.13.14.02.39,16.76829268292683,False,0.17862944370203143
-0.0031909179687499996,0.05509634118567183,0.239,-0.239,0.05518866522693994,0.478,4.330599390603379,0.12182409154992158,0.004354512485597748,1.256854220985377,5.442932123476558,167,2004.02.13.14.12.39,16.869918699186993,False,0.28967948533602417
-0.002835986328125,0.055138786221677144,0.217,-0.254,0.05521167054575622,0.471,3.930328458729808,0.11805395150019793,-0.00552958626687733,1.2577543687197237,4.943387789470874,168,2004.02.13.14.22.39,16.971544715447155,False,0.2790673122374681
-0.003215380859375,0.05564317248583639,0.212,-0.261,0.05573599661223772,0.473,3.8036459897704966,0.10815680304983166,0.009025388077637222,1.2579672696219708,4.78486216036015,169,2004.02.13.14.32.39,17.073170731707318,False,0.24658606624286966
-0.0024683105468749997,0.056604584410163375,0.315,-0.254,0.05665837566682551,0.569,5.55963696969234,0.13735610190705394,-0.030952044894189595,1.2609809897735904,7.010596528824492,170,2004.02.13.14.42.39,17.17479674796748,False,0.1618085462920364
-0.003372119140625,0.0542128225686581,0.225,-0.278,0.05431759676531515,0.503,4.142304030352006,0.10492995169542185,-3.983394133056983e-05,1.259254744179758,5.216216002055695,171,2004.02.13.14.52.39,17.276422764227643,False,0.22125412695406554
-0.00310986328125,0.054809165915389396,0.264,-0.237,0.054897321591938796,0.501,4.8089777851523845,0.04699948432381795,-0.007044014779286353,1.2567202750225865,6.043539884734214,172,2004.02.13.15.02.39,17.378048780487802,False,0.23030057140338933
-0.0025341796875,0.05479758744289261,0.222,-0.327,0.05485615422402486,0.549,4.046947933925209,0.20553455330928605,-0.040959280768292076,1.2595708185897485,5.097417521924267,173,2004.02.13.15.12.39,17.479674796747968,False,0.18111026885317455
-0.002719140625,0.05424817127573495,0.222,-0.249,0.05431627576058579,0.471,4.087172710046013,0.13499393681796423,-0.07067198340043797,1.2616706260242274,5.156665751752891,174,2004.02.13.15.22.39,17.58130081300813,False,0.18666713151579323
-0.003164794921875,0.05542219913614804,0.205,-0.244,0.05551248583863251,0.44899999999999995,3.692862910083112,0.12469469366731767,-0.02819217856272957,1.2589524045485836,4.649138640317413,175,2004.02.13.15.32.39,17.682926829268293,False,0.2506123523460526
-0.003140625,0.05527036751633397,0.251,-0.227,0.055359525384356845,0.478,4.5339984087169585,0.11150403174107826,0.0190770609589419,1.2596275876886538,5.7111494781563374,176,2004.02.13.15.42.39,17.784552845528456,False,0.29073673673851747
-0.0028738281249999996,0.0554939088946522,0.251,-0.232,0.055568271634989695,0.483,4.516966114201629,0.15192414402511822,0.027736479569977514,1.2634368359236865,5.706901375301416,177,2004.02.13.15.52.39,17.88617886178862,False,0.2639774488418972
-0.0029711914062499995,0.055203515956605304,0.242,-0.225,0.05528341661243225,0.46699999999999997,4.377442908359946,0.07187192650171292,-0.010545076154980883,1.2565779439598728,5.5005982095886665,178,2004.02.13.16.02.39,17.98780487804878,False,0.2893314240205108
-0.0032347656250000002,0.055825082238867486,0.239,-0.259,0.055918722406945245,0.498,4.274060452609976,0.15328790775615486,-0.00024411415563258337,1.2581632677683379,5.377465865695188,179,2004.02.13.16.12.39,18.089430894308943,False,0.28614008417053477
-0.0036408203124999997,0.05509962473739805,0.222,-0.264,0.05521978104583538,0.486,4.020298447321406,0.13096832782587597,-0.0032971692231973586,1.2596527418708072,5.064179962307359,180,2004.02.13.16.22.39,18.191056910569106,False,0.2725697955641376
-0.002502392578125,0.05482345149768774,0.212,-0.234,0.05488053209230369,0.446,3.862936307604247,0.12897094867576486,0.022209914341584053,1.259313082554965,4.864646229242599,181,2004.02.13.16.32.39,18.29268292682927,False,0.21300932931102357
-0.00331962890625,0.05506740086606176,0.217,-0.295,0.055167368744745746,0.512,3.9334846837455433,0.09125408974972382,0.005971096452795186,1.2552860176393388,4.937648324104277,182,2004.02.13.16.42.39,18.39430894308943,False,0.21766512080883027
-0.0027414062500000004,0.05425222421613201,0.234,-0.232,0.05432144273327983,0.466,4.307691184657008,0.1158838883024722,-0.01431548611017026,1.2594508325117066,5.425325248719609,183,2004.02.13.16.52.39,18.495934959349594,False,0.2560013287403208
-0.00337626953125,0.05571618073988788,0.278,-0.229,0.05581838399835219,0.507,4.980437986313019,0.21766814412768198,0.020664873806044367,1.264110607181366,6.29582448690729,184,2004.02.13.17.02.39,18.597560975609756,False,0.2121003712190252
-0.0033955566406249998,0.05478440815360637,0.237,-0.244,0.054889536176220555,0.481,4.317762847168565,0.18504625280534137,-0.014742238532750107,1.2631087105498195,5.453803862347003,185,2004.02.13.17.12.39,18.69918699186992,False,0.2711889393260331
-0.002901123046875,0.055452100835045155,0.225,-0.244,0.05552793893125446,0.469,4.052014253195277,0.11306972646601254,-0.03168526601010116,1.2584444338467144,5.0992347828011475,186,2004.02.13.17.22.39,18.80081300813008,False,0.29721285595935754
-0.00325517578125,0.05543002717538946,0.288,-0.256,0.05552552640030754,0.544,5.186803595947626,0.13858227864150052,-0.015391161344825958,1.2601928923750942,6.5363730257587775,187,2004.02.13.17.32.39,18.902439024390244,False,0.24690810202488134
-0.00277744140625,0.05751007960988098,0.361,-0.383,0.05757710862400091,0.744,6.26985287429869,0.29278663057521737,-0.034770059039957286,1.261035522453008,7.906507195044743,188,2004.02.13.17.42.39,19.004065040650406,False,0.009149537255287887
-0.0029405761718749998,0.05463322158219553,0.227,-0.234,0.054712301072719245,0.461,4.148975560327642,0.06672689694065292,-0.012239396129988266,1.25630578745238,5.212382008438098,189,2004.02.13.17.52.39,19.10569105691057,False,0.2717225713768004
-0.00301337890625,0.05589404664104324,0.237,-0.31,0.05597521685838966,0.5469999999999999,4.234016647038287,0.21095158359815258,-0.06982962417913037,1.2635154893041902,5.349745615504668,190,2004.02.13.18.02.39,19.20731707317073,False,0.17268221971539244
-0.0028458007812500003,0.05370947192949012,0.203,-0.239,0.05378481158311564,0.442,3.774299733044461,-0.016002851793504025,-0.008897467503731191,1.2525333980976365,4.727436470069182,191,2004.02.13.18.12.39,19.308943089430894,False,0.11524300839285562
-0.002551171875,0.05645836683899658,0.317,-0.312,0.05651597706898908,0.629,5.609033346677134,0.33214454874033983,-0.043943725642163554,1.2636328019896943,7.08775852431526,192,2004.02.13.18.22.39,19.410569105691057,False,0.0972548878585775
-0.0027375,0.05595132632895086,0.244,-0.251,0.05601825438389481,0.495,4.355723017141172,0.2181842381594694,-0.007204007366513039,1.2622415285500148,5.497974479096756,193,2004.02.13.18.32.39,19.51219512195122,False,0.27052057876970803
-0.0033635742187499997,0.0556070014887398,0.286,-0.281,0.05570863708702404,0.567,5.133853832274362,0.15785854191572435,0.014836908291938067,1.2602149129184126,6.469759160175492,194,2004.02.13.18.42.39,19.61382113821138,False,0.23838464318246444
-0.0030071777343750002,0.05615814285592967,0.232,-0.259,0.0562385999732668,0.491,4.125280503253672,0.1436571459481102,0.021799400882275086,1.2589579873712546,5.19355483971812,195,2004.02.13.18.52.39,19.715447154471544,False,0.26890983615192476
-0.0030056152343750004,0.05578538077940777,0.303,-0.251,0.05586629065582058,0.554,5.423664188959915,0.1684240943398576,0.03180667031444176,1.2580657792732988,6.823326314400539,196,2004.02.13.19.02.39,19.817073170731707,False,0.19942393335512248
-0.0028109375,0.05423198683430374,0.337,-0.31,0.05430478584457359,0.647,6.205714556439499,0.1110530586766556,-0.009501207637923786,1.2535301277883228,7.779050160951461,197,2004.02.13.19.12.39,19.91869918699187,False,0.043457193743689504
-0.0031515136718750004,0.0540309801780225,0.227,-0.242,0.05412281272644535,0.469,4.194164873642715,0.18356171982293779,-0.019892310025011,1.2623842230189894,5.294647565226998,198,2004.02.13.19.22.39,20.020325203252032,False,0.21310242094867565
-0.00282177734375,0.055551874989146856,0.242,-0.22,0.055623495415044716,0.46199999999999997,4.350679478056413,0.12144681669037771,-0.03898456544863177,1.2616837222671444,5.4891814782654915,199,2004.02.13.19.32.39,20.121951219512198,False,0.27061822081369247
-0.0028890136718750003,0.05552721862480458,0.215,-0.278,0.05560232376621615,0.493,3.866744866707055,0.07990174470068645,0.004725354085578049,1.2566342750517354,4.8590841323844405,200,2004.02.13.19.42.39,20.223577235772357,False,0.24731089264868716
-0.00308603515625,0.05537398701372007,0.212,-0.237,0.05545991390888783,0.44899999999999995,3.822580762535687,0.12231821269674237,-0.027416983589161593,1.2608163719712526,4.819572408587349,201,2004.02.13.19.52.39,20.32520325203252,False,0.27359386088195586
-0.0030043945312500002,0.055490477964697645,0.237,-0.247,0.055571751198338175,0.484,4.264756731421616,0.15701221743644922,-0.02317668067345252,1.260599385646461,5.376149715561699,202,2004.02.13.20.02.39,20.426829268292682,False,0.29314001933859235
-0.0027486328125,0.054648444965921014,0.239,-0.247,0.05471752479353621,0.486,4.367887635667195,0.18466725281573515,-0.025191377919519125,1.2629834547216667,5.516569815931006,203,2004.02.13.20.12.39,20.528455284552845,False,0.2526535559885435
-0.00347119140625,0.0557484195241437,0.22,-0.278,0.05585638234990475,0.498,3.9386725517209435,0.06819047041703463,-0.009344969239514377,1.2555192141236458,4.945079066827054,204,2004.02.13.20.22.39,20.630081300813007,False,0.2282125483187727
-0.002511865234375,0.05576394913632564,0.256,-0.266,0.05582049346104327,0.522,4.586129289212762,0.15067192711744903,0.015858799671853,1.2617989252693027,5.786773008274734,205,2004.02.13.20.32.39,20.73170731707317,False,0.24276858943677487
-0.0029068847656250002,0.054806260080452966,0.229,-0.239,0.054883295482750255,0.46799999999999997,4.172489971415335,0.10096709261969705,-0.011679653123181958,1.2613522289342287,5.262979525650449,206,2004.02.13.20.42.39,20.833333333333336,False,0.28128667093167176
-0.0030429199218749993,0.0551863246943564,0.229,-0.237,0.055270152839682604,0.46599999999999997,4.1432850866948145,0.07265098002196613,-0.0021984167272648333,1.258490289099403,5.214284046575802,207,2004.02.13.20.52.39,20.934959349593495,False,0.29928505998274746
-0.003332080078125,0.05586164922091978,0.217,-0.244,0.055960938263472,0.46099999999999997,3.8777048193569117,0.2162758920817449,-0.0018689217888543366,1.26252385313434,4.895694829852088,208,2004.02.13.21.02.39,21.036585365853657,False,0.2356708093988999
-0.003249365234375,0.05641126167648629,0.256,-0.244,0.056504768102872305,0.5,4.530591109301213,0.16493695430790378,0.007489911154769648,1.2597472169904615,5.70739954126393,209,2004.02.13.21.12.39,21.138211382113823,False,0.26428735748163634
-0.0032477539062500003,0.054519254991947,0.212,-0.337,0.05461590492075088,0.549,3.8816531614301293,0.24902342571387193,-0.046422185483258716,1.2660429261936528,4.914339526965843,210,2004.02.13.21.22.39,21.239837398373986,False,0.10792138632254289
-0.0029282714843750003,0.05443099112154005,0.22,-0.259,0.05450970159851708,0.479,4.035978799157196,0.09339026903696235,-0.000366027561583315,1.258497130102834,5.079267735895213,211,2004.02.13.21.32.39,21.341463414634145,False,0.24811004232869077
-0.0027854980468750004,0.05633923594166174,0.264,-0.244,0.056408053554961236,0.508,4.680182764022718,0.10492709979062687,-0.004654943391593457,1.258722834656925,5.891052915443159,212,2004.02.13.21.42.39,21.443089430894307,False,0.2557413163455651
-0.00332158203125,0.05570036329967631,0.229,-0.237,0.05579931342683573,0.46599999999999997,4.103993148594304,0.16934708701075873,-0.009048794845243872,1.2641400225462625,5.18802199139371,213,2004.02.13.21.52.39,21.544715447154474,False,0.2571036632603502
-0.0034055175781249995,0.054049259206100195,0.261,-0.239,0.05415643978977131,0.5,4.819371454496827,0.1251773655670081,-0.04327584193473365,1.260988516957226,6.077172063071942,214,2004.02.13.22.02.39,21.646341463414632,False,0.17372749751722372
-0.002831982421875,0.05619586060030637,0.229,-0.286,0.05626717402755247,0.515,4.0698685149509215,0.093053079408973,-0.027077150655585084,1.255970550468474,5.11163499905722,215,2004.02.13.22.12.39,21.747967479674795,False,0.22186568835629983
-0.002856396484375,0.056164210039476435,0.266,-0.264,0.05623679836401051,0.53,4.729998999555961,0.09268806299426258,-0.026305927051443224,1.2563167430359334,5.942376937685369,216,2004.02.13.22.22.39,21.84959349593496,False,0.22960913664313204
-0.002699560546875,0.056446076831349674,0.266,-0.266,0.05651059384572839,0.532,4.707082015916682,0.1886469102321242,0.015092170312851252,1.262438777504063,5.942402865785217,217,2004.02.13.22.32.39,21.951219512195124,False,0.23941291650147162
-0.0031944335937499997,0.055366063297916275,0.2,-0.242,0.05545814071075364,0.442,3.60632357011599,0.0783643489832615,-0.0005592986339674831,1.2582033957565557,4.537488562116844,218,2004.02.13.22.42.39,22.052845528455283,False,0.21860427508298402
-0.00334443359375,0.05554386391514815,0.3,-0.229,0.05564446113215133,0.529,5.391372185050422,0.19090085360971898,-0.00441684436412138,1.2625060532859536,6.806640019143675,219,2004.02.13.22.52.39,22.15447154471545,False,0.2037667908339405
-0.0031879882812499995,0.055775971496188334,0.217,-0.251,0.055867005160693914,0.46799999999999997,3.8842246756529857,0.12149184345072506,-0.039449155870085864,1.2574610511675108,4.884261243617387,220,2004.02.13.23.02.39,22.25609756097561,False,0.25772218362123395
-0.00245458984375,0.05522500484901707,0.225,-0.271,0.05527952760177134,0.496,4.070222915450353,0.14399055292497032,-0.01530074724321863,1.262655528510651,5.139289466464128,221,2004.02.13.23.12.39,22.35772357723577,False,0.25314811257395037
-0.002854638671875,0.05525506209988738,0.215,-0.276,0.05532875246749537,0.491,3.885863866645259,0.04079373830807498,0.0016113773333135165,1.2549106333004103,4.876411885810984,222,2004.02.13.23.22.39,22.459349593495933,False,0.22159611947325858
-0.00255341796875,0.054737502837023125,0.286,-0.242,0.05479702692807567,0.528,5.21926126348774,0.17475946629445316,0.04184726102623232,1.2601063015099918,6.576824007347904,223,2004.02.13.23.32.39,22.5609756097561,False,0.17733877318712787
-0.0031750976562499996,0.05435246574183204,0.217,-0.21,0.05444512629559922,0.427,3.9856643700639194,0.02387832779292287,-0.038238665209979324,1.2531284336671213,4.994549349181053,224,2004.02.13.23.42.39,22.66260162601626,False,0.16941422409526624
-0.0030034667968750007,0.055008703481216906,0.259,-0.303,0.05509063687673592,0.562,4.701343362203396,0.17943995608526242,-0.047143878641293206,1.2611893883341343,5.929284359326043,225,2004.02.13.23.52.39,22.76422764227642,False,0.22134847190685097
-0.0031281738281249997,0.055256123522231984,0.247,-0.281,0.05534459917826784,0.528,4.46294676747771,0.11837810491080303,0.018427274114707508,1.2566394757847226,5.608315086338312,226,2004.02.14.00.02.39,22.865853658536587,False,0.24961602961819573
-0.0029907226562500004,0.054606668046868534,0.247,-0.234,0.05468850534790195,0.481,4.516488399686641,0.04746169734429806,-0.018911877745905043,1.2555637147916494,5.670738952923951,227,2004.02.14.00.12.39,22.96747967479675,False,0.25101804759306634
-0.00263828125,0.05610273099565563,0.256,-0.269,0.056164730508789944,0.525,4.558020623991693,0.15983579949588922,-0.0029377806009060433,1.2604884365500675,5.745332290098252,228,2004.02.14.00.22.39,23.069105691056908,False,0.25605735764842974
-0.0027915039062500003,0.05533319427571384,0.229,-0.234,0.05540356380967293,0.463,4.133308116905267,0.16963293116394818,-0.049701597020776256,1.2616612888335044,5.214834845920684,229,2004.02.14.00.32.39,23.170731707317074,False,0.26082571595106196
-0.002814599609375,0.05588940103614934,0.227,-0.276,0.055960228011871296,0.503,4.056452378139786,0.11875382453872341,0.011133041183305513,1.257415938079779,5.100647872334589,230,2004.02.14.00.42.39,23.272357723577237,False,0.2554990726304171
-0.0024768554687499998,0.05599918257176325,0.269,-0.208,0.05605393172399908,0.477,4.798949720860163,0.07806934602294113,0.012990723107732105,1.2543098599125695,6.019369952099576,231,2004.02.14.00.52.39,23.3739837398374,False,0.18558520258971173
-0.003109765625,0.05695571506750941,0.242,-0.264,0.05704054804342039,0.506,4.242595983050247,0.1601350876283001,-0.03960121829834454,1.2598060386736767,5.344848039099385,232,2004.02.14.01.02.39,23.47560975609756,False,0.2086675997414591
-0.0028506835937500002,0.054869740721077996,0.225,-0.239,0.05494374253497845,0.46399999999999997,4.095097814946985,0.039206587876576826,0.0036324348528979575,1.2539843928557117,5.135188747161047,233,2004.02.14.01.12.39,23.577235772357724,False,0.23513184011916066
-0.0035161621093750006,0.05733021325677649,0.308,-0.266,0.0574379382294218,0.5740000000000001,5.362309468173619,0.264684520706564,0.02738570923856226,1.2650072480329138,6.783360343435147,234,2004.02.14.01.22.39,23.678861788617887,False,0.08418752229572779
-0.00243330078125,0.05448080442884648,0.212,-0.229,0.054535117162304234,0.441,3.8874034022712003,0.028413764969279942,-0.014529800960886453,1.2570051000130449,4.886485902462961,235,2004.02.14.01.32.39,23.78048780487805,False,0.2042105772197454
-0.0027234375,0.055360403669351924,0.261,-0.239,0.0554273525098394,0.5,4.7088664383468,0.12013573902434427,0.027750577236626415,1.2583914917550498,5.925597461826518,236,2004.02.14.01.42.39,23.882113821138212,False,0.2637234988551948
-0.0031475097656249998,0.055092391934569065,0.195,-0.254,0.05518222962872083,0.449,3.5337463040548815,0.08289056553444274,0.009820778406212358,1.2582761657971502,4.446428750366027,237,2004.02.14.01.52.39,23.983739837398375,False,0.19875464808230192
-0.00259638671875,0.055502517772905574,0.212,-0.259,0.055563213578094996,0.471,3.815474058245939,0.13419575205529233,-0.027025857821151605,1.2612970315468575,4.812446103609645,238,2004.02.14.02.02.39,24.085365853658537,False,0.24831400655490315
-0.002800048828125,0.056272934647357255,0.225,-0.251,0.0563425544971616,0.476,3.993429158618198,0.11065087849173638,-0.04473462487169854,1.2592534767403,5.028739552106058,239,2004.02.14.02.12.39,24.1869918699187,False,0.2350381023690497
-0.0026992675781249997,0.05507373466057626,0.222,-0.215,0.055139843080316026,0.437,4.026126800481414,0.07042594155781634,-0.02309851371774259,1.255076633229719,5.053097669704154,240,2004.02.14.02.22.39,24.288617886178862,False,0.2475118566187431
-0.002808154296875,0.054858320375006174,0.198,-0.244,0.054930146958859255,0.442,3.6045780133866208,0.07650965240475394,-0.04512639164520945,1.257965272189084,4.534433961736688,241,2004.02.14.02.32.39,24.390243902439025,False,0.1897484880466928
-0.0029663574218750004,0.05500173018419568,0.244,-0.242,0.055081663006933394,0.486,4.42978636954528,0.07078989783660727,0.006732572077383399,1.2527443204043127,5.549389715052288,242,2004.02.14.02.42.39,24.491869918699187,False,0.2528385297675739
-0.00319814453125,0.05664459164105816,0.261,-0.239,0.056734803168998475,0.5,4.6003508502981445,0.12810540184832098,-0.02203348617393501,1.256576634137601,5.780693387319694,243,2004.02.14.02.52.39,24.59349593495935,False,0.21808531881119086
-0.002372119140625,0.055052543740203824,0.266,-0.249,0.05510362530255496,0.515,4.8272685969296205,0.13002048156126778,0.004516426975631121,1.2560474920129032,6.063278614446096,244,2004.02.14.03.02.39,24.695121951219512,False,0.22480929801006594
-0.0028829589843750005,0.055239868650369145,0.225,-0.254,0.05531504805218581,0.479,4.0676092297294675,0.0616748779853693,0.01256688560043555,1.257275987677271,5.1141074117933,245,2004.02.14.03.12.39,24.796747967479675,False,0.2663475510666946
-0.0032481445312500003,0.05607726556595026,0.325,-0.303,0.056171257385338985,0.628,5.7858772462662875,0.2531139197677641,0.016600313953497512,1.264551017073102,7.316536956426153,246,2004.02.14.03.22.39,24.898373983739837,False,0.1099563037809087
-0.002949365234375,0.05607344187212102,0.225,-0.264,0.05615095403171593,0.489,4.007055692640814,0.06465080329638351,-0.03732590624368657,1.259137500746788,5.045434090184944,247,2004.02.14.03.32.39,25.0,False,0.24154750849298479
-0.0025194335937500003,0.05611550251343593,0.215,-0.261,0.056172031901728016,0.476,3.827527556349372,0.06516660515384576,-0.04122074539881516,1.2541243103070217,4.800195356787776,248,2004.02.14.03.42.39,25.101626016260166,False,0.17157868959479278
-0.0026615234374999996,0.056230806482560236,0.239,-0.237,0.05629375902076091,0.476,4.245586085517184,0.09041130676022346,-0.008476598258393876,1.2570147134611722,5.336764176761123,249,2004.02.14.03.52.39,25.203252032520325,False,0.2608512709695206
-0.002510498046875,0.05588244136642798,0.244,-0.22,0.055938804541352374,0.46399999999999997,4.361909447307275,0.0501488833924304,0.0037671703154632612,1.2578564423639338,5.486655899303561,250,2004.02.14.04.02.39,25.304878048780488,False,0.22520723958237854
-0.0029249999999999996,0.055208841251594386,0.249,-0.298,0.05528627114703749,0.5469999999999999,4.503830604487107,0.12044476160249884,-0.03420235315624921,1.2572623727110008,5.6624967520858815,251,2004.02.14.04.12.39,25.406504065040654,False,0.24440080330791109
-0.0029189453125000003,0.055756163585686955,0.239,-0.229,0.055832517581882776,0.46799999999999997,4.2806595573894315,0.09683601507085005,0.0005228460863465647,1.2594947702265529,5.3914683256523,252,2004.02.14.04.22.39,25.508130081300813,False,0.28972379664210557
-0.003026220703125,0.05521933136697105,0.254,-0.234,0.055302193160483015,0.488,4.592946237464943,0.11498175016174095,0.010415002979438294,1.2595111099916618,5.784866813681498,253,2004.02.14.04.32.39,25.609756097560975,False,0.29202329778267494
-0.002549658203125,0.05540395401052494,0.281,-0.229,0.05546258988681582,0.51,5.066478153534575,0.19491872924651776,0.004008751664410266,1.2650690139295424,6.409444521787554,254,2004.02.14.04.42.39,25.71138211382114,False,0.190505912000193
-0.0027701171875,0.05571903292821059,0.256,-0.298,0.055787849749631864,0.554,4.5888128176456435,0.13497589095153595,-0.00046565542354363385,1.258575856876471,5.7753690240141,255,2004.02.14.04.52.39,25.8130081300813,False,0.24414868386973937
-0.00296748046875,0.0559513645274187,0.225,-0.242,0.056030002077570015,0.46699999999999997,4.0157057229536,0.10142794558005797,-0.03900616669346466,1.2601049846026329,5.06021079819115,256,2004.02.14.05.02.39,25.914634146341463,False,0.26434050394886177
-0.002779150390625,0.05527946846391672,0.225,-0.237,0.0553492846434972,0.46199999999999997,4.065093188633188,0.06221244849644414,-0.04106581302780468,1.2578196409238989,5.113154054848785,257,2004.02.14.05.12.39,26.01626016260163,False,0.27109828293359756
-0.00301337890625,0.056188041542761726,0.244,-0.278,0.056268787661044824,0.522,4.336329431332719,0.11355166673106698,-0.04824391821460483,1.2563721842436786,5.448043679243636,258,2004.02.14.05.22.39,26.117886178861788,False,0.21355047679727568
-0.0030463867187499995,0.054780722300571426,0.256,-0.239,0.054865362550633894,0.495,4.6659675266657334,0.06501855800028755,-0.03416734387975176,1.258740752523863,5.873243475767133,259,2004.02.14.05.32.39,26.21951219512195,False,0.26030085430905886
-0.0029349121093750004,0.05499751336612519,0.273,-0.217,0.05507576768005032,0.49,4.956807893916779,0.1262438634651688,-0.050324036885398125,1.2576829790605002,6.234092918651858,260,2004.02.14.05.42.39,26.321138211382113,False,0.21318117803746245
-0.0028594726562499997,0.05569756483571036,0.203,-0.234,0.05577091816081209,0.43700000000000006,3.639889869029262,0.03780811035202447,-0.035469916554515396,1.2556930061448792,4.570584251677645,261,2004.02.14.05.52.39,26.422764227642276,False,0.19547484040335006
-0.0029753417968750003,0.05515465762025355,0.242,-0.227,0.05523485236710265,0.469,4.381291695895486,0.07767412815284214,-0.05769650387086474,1.25704361330048,5.507474744331851,262,2004.02.14.06.02.39,26.52439024390244,False,0.24887770479770133
-0.003156542968750001,0.05566510410132577,0.254,-0.22,0.055754529664638015,0.474,4.555683664229671,0.08613530192640484,-0.025611282197812276,1.2593501351403844,5.737200838204478,263,2004.02.14.06.12.39,26.6260162601626,False,0.283378311798392
-0.00270283203125,0.05439290717873608,0.21,-0.232,0.05446001884266797,0.442,3.856039796950467,0.08374943272837632,-0.002358448521201283,1.2600674985062765,4.858870421084026,264,2004.02.14.06.22.39,26.727642276422763,False,0.22754618878264427
-0.00358291015625,0.05487587699441341,0.232,-0.254,0.054992718800708065,0.486,4.218740317982112,0.21453790557180685,-0.017811325012016842,1.263553677893074,5.330604844862094,265,2004.02.14.06.32.39,26.82926829268293,False,0.23418122833185384
-0.002910107421875,0.05558060267695712,0.244,-0.244,0.055656734715042566,0.488,4.384015721534112,0.22274349340330613,-0.0460411207332596,1.2631945597509535,5.5378648093045415,266,2004.02.14.06.42.39,26.93089430894309,False,0.25173529603674644
-0.00278408203125,0.05497560059408875,0.249,-0.244,0.05504605138824673,0.493,4.523485222287275,0.1283179513181003,-0.013827906537954935,1.2565294368976099,5.683892339175289,267,2004.02.14.06.52.39,27.03252032520325,False,0.2727152975563597
-0.003132373046875,0.05623052793899712,0.251,-0.261,0.0563177062139708,0.512,4.45685765408063,0.08837562202596017,-0.02831103234736871,1.2593193037764971,5.612606877967771,268,2004.02.14.07.02.39,27.134146341463417,False,0.2604166943984149
-0.00294052734375,0.055311251558255836,0.237,-0.249,0.05538936044043116,0.486,4.2788000821003,0.14331436788499863,0.007498041163678375,1.260300841278939,5.392575343135402,269,2004.02.14.07.12.39,27.235772357723576,False,0.29352166036471067
-0.0030490234375000003,0.05506445033279253,0.208,-0.256,0.05514880084258406,0.46399999999999997,3.771614193275248,0.07427519305137986,-0.017579527990591197,1.2553461018062724,4.734681175045291,270,2004.02.14.07.22.39,27.33739837398374,False,0.2543186229923541
-0.0029920410156249995,0.056061277031099574,0.217,-0.249,0.056141064220380385,0.46599999999999997,3.8652633863186447,0.13894127361351227,0.01662248085024962,1.2586814417024628,4.865135291651295,271,2004.02.14.07.32.39,27.439024390243905,False,0.2460094910122681
-0.00311875,0.054350182554891206,0.247,-0.261,0.05443958987090645,0.508,4.537139250786338,0.19939476019787472,-0.011704302049561629,1.2602098768369414,5.717747696425504,272,2004.02.14.07.42.39,27.540650406504064,False,0.2220721527538972
-0.0032632812499999997,0.05653660940058793,0.271,-0.244,0.05663070904581056,0.515,4.785389492135418,0.17047122396398517,0.006039425511136378,1.2612904404177343,6.035766020105879,273,2004.02.14.07.52.39,27.64227642276423,False,0.23892386417249184
-0.002964306640625,0.055147760017687675,0.234,-0.298,0.05522737137351483,0.532,4.237029468909658,0.15791585442715483,-0.023742295726143867,1.260931220510996,5.342602739573312,274,2004.02.14.08.02.39,27.743902439024392,False,0.2554000417345469
-0.0028874511718750004,0.05552085122412941,0.225,-0.247,0.05559588379477275,0.472,4.047062203931634,0.1469201258769779,-0.019424343909474114,1.2590758551668784,5.0955583053287725,275,2004.02.14.08.12.39,27.84552845528455,False,0.29065647754393986
-0.0031956542968750003,0.056270395179818924,0.259,-0.278,0.05636106439802326,0.537,4.595370984673665,0.1677805294209076,-0.02803302259112588,1.262991657781708,5.803915218054952,276,2004.02.14.08.22.39,27.947154471544717,False,0.23848922536240275
-0.0029834472656250005,0.05569191436480128,0.276,-0.225,0.05577176959002758,0.501,4.948740232358539,0.17903883047275437,0.011195925293877543,1.2641746783451868,6.256072091455742,277,2004.02.14.08.32.39,28.04878048780488,False,0.23304544405553257
-0.0028590820312499993,0.05516646032918084,0.278,-0.239,0.05524049868812283,0.517,5.032539651199281,0.1667440741279247,-0.03264542464903742,1.2619047977994464,6.350585930964326,278,2004.02.14.08.42.39,28.15040650406504,False,0.24412127697221658
-0.0032369140625,0.05556689753977398,0.269,-0.249,0.05566109696047815,0.518,4.832818875111318,0.1300956962842399,0.017440225867237903,1.2614440826827613,6.0963307726867315,279,2004.02.14.08.52.39,28.252032520325205,False,0.2660442206490346
-0.002869189453125,0.05512918978486081,0.212,-0.244,0.055203802536176114,0.45599999999999996,3.840315164178633,0.0771150263818079,-0.031702491810083167,1.2569878911677346,4.827229659640372,280,2004.02.14.09.02.39,28.353658536585364,False,0.26692338926147413
-0.002756005859375,0.05525239573482281,0.225,-0.229,0.05532108822803809,0.454,4.067165112018972,0.11176154867758559,0.0053729830071022515,1.2587879679421323,5.1196985066434975,281,2004.02.14.09.12.39,28.455284552845526,False,0.2870489122467173
-0.00239384765625,0.05517639116357798,0.242,-0.232,0.055228295722731656,0.474,4.381811838173275,0.06791981138454872,-0.01278137323073253,1.2578742525562217,5.511768290784211,282,2004.02.14.09.22.39,28.556910569105693,False,0.24711024087602385
-0.0026513671875,0.054699450819965266,0.244,-0.288,0.05476367106000793,0.532,4.455508465322461,0.20851737039021634,-0.016343329443813278,1.2610100395417232,5.618440906034759,283,2004.02.14.09.32.39,28.65853658536585,False,0.2269792077903846
-0.0027500976562499996,0.05493385360117055,0.242,-0.278,0.05500264819618915,0.52,4.399788154505021,0.20474984148047648,0.0008195929445759308,1.2624617660366098,5.554564323723365,284,2004.02.14.09.42.39,28.760162601626014,False,0.2506603122766491
-0.00309052734375,0.055812239362101695,0.242,-0.239,0.05589774075823637,0.481,4.329334186271955,0.10644431550226763,-0.0043940962980605165,1.2584266949933611,5.44814971155199,285,2004.02.14.09.52.39,28.86178861788618,False,0.30113294471092417
-0.0029000000000000007,0.05504631803223763,0.229,-0.229,0.055122655314364624,0.458,4.154371713300321,0.11525754553273426,-0.04999343099790179,1.2564714782534323,5.219849567824699,286,2004.02.14.10.02.39,28.96341463414634,False,0.2651052175104863
-0.0030742187499999997,0.05474226596500549,0.232,-0.256,0.054828519074531366,0.488,4.231374545875111,0.15181511450427898,-0.03726597277589495,1.2590633234583652,5.327568498526648,287,2004.02.14.10.12.39,29.065040650406505,False,0.276259119549645
-0.0030119628906249995,0.054779459321262686,0.232,-0.244,0.05486220086712139,0.476,4.228776759465301,0.0943331431592287,0.011820649174359921,1.2591153450797563,5.324517708759407,288,2004.02.14.10.22.39,29.166666666666668,False,0.28222629967082113
-0.003165087890625,0.05568501188580949,0.273,-0.227,0.05577488978095901,0.5,4.894675741577163,0.1515555399773305,-0.014650036727935741,1.2620747085749329,6.177446460119791,289,2004.02.14.10.32.39,29.268292682926827,False,0.26629810807692395
-0.003298681640625,0.05498165352937676,0.222,-0.232,0.05508051856501194,0.454,4.030463143479155,0.09151170096502215,0.022264872213689977,1.2568805315788036,5.065810658284856,290,2004.02.14.10.42.39,29.369918699186993,False,0.2541352845938213
-0.0028434082031250003,0.055999567001895435,0.22,-0.283,0.0560717083261191,0.503,3.9235473034004293,0.2085105961861724,0.0010458693745541996,1.263163866130886,4.956083180710698,291,2004.02.14.10.52.39,29.471544715447155,False,0.2163727926689739
-0.002743603515625,0.05568008625158033,0.247,-0.269,0.05574763999699337,0.516,4.43068083264729,0.14955427531885856,0.047294466309076494,1.2591181379076202,5.578750599665841,292,2004.02.14.11.02.39,29.573170731707314,False,0.2623485129668366
-0.0029603515625,0.05671254175969504,0.251,-0.266,0.05678975325020131,0.517,4.419811420806099,0.15477964240032538,-0.0024877979832631293,1.2590872492380034,5.564928203973462,293,2004.02.14.11.12.39,29.67479674796748,False,0.2501990372914693
-0.0027465332031249997,0.05691755158482318,0.281,-0.251,0.056983779473170036,0.532,4.931227844097366,0.15474361614043053,0.005755960162809331,1.2586268930025704,6.206575980104032,294,2004.02.14.11.22.39,29.776422764227643,False,0.20270199697160302
-0.0023423828124999996,0.05624746921898757,0.242,-0.225,0.0562962214609582,0.46699999999999997,4.2986899248261015,0.1088585785062599,-0.013725702295248539,1.2577114651439876,5.406511603552734,295,2004.02.14.11.32.39,29.878048780487802,False,0.2355021258143491
-0.0032295410156249994,0.055948707819084356,0.247,-0.22,0.056041840100025934,0.46699999999999997,4.407421304495776,0.10901893844504507,0.018967939876881897,1.2558629146074924,5.535116965367222,296,2004.02.14.11.42.39,29.979674796747968,False,0.26525920021839716
-0.0027941406249999997,0.05602757678321431,0.261,-0.259,0.05609720654392026,0.52,4.6526380916250245,0.07966305744549729,-0.01268467783207634,1.2564670930672037,5.845886658077837,297,2004.02.14.11.52.39,30.081300813008134,False,0.24320150291534381
-0.003252978515625,0.055374268264736536,0.22,-0.254,0.05546973458633208,0.474,3.966126783202758,0.13836551080116521,-0.053993997994147926,1.2615759917555704,5.003570329947349,298,2004.02.14.12.02.39,30.182926829268293,False,0.24367720263967152
-0.0026509765625,0.056619575476784756,0.249,-0.273,0.05668160198782538,0.522,4.392959818840029,0.08338699571719976,-0.04154779105513038,1.2581549801123975,5.527024273507237,299,2004.02.14.12.12.39,30.284552845528456,False,0.20929712690814278
-0.003434765625,0.05508034297257342,0.247,-0.259,0.05518733366339598,0.506,4.475664678901262,0.11977384422646242,-0.001183294435083692,1.2580885881038115,5.630782656704988,300,2004.02.14.12.22.39,30.386178861788615,False,0.28404443901344784
-0.0029774902343750005,0.0559728373991669,0.244,-0.249,0.05605197565304344,0.493,4.353102583044307,0.17553162580434334,-0.01132155949253384,1.2621029338433987,5.494063541381497,301,2004.02.14.12.32.39,30.48780487804878,False,0.28117621299861334
-0.002979638671875,0.05511976418468871,0.234,-0.256,0.05520024139793797,0.49,4.239111896505967,0.18481285880204457,-0.01597085796580336,1.2634641171234948,5.355965769706615,302,2004.02.14.12.42.39,30.589430894308943,False,0.269271623705581
-0.002921533203125,0.05601201779871587,0.229,-0.232,0.05608815823452064,0.461,4.082858257575253,0.15168839856527372,-0.02233951821265714,1.2580544437066175,5.136457973966804,303,2004.02.14.12.52.39,30.691056910569102,False,0.27567048870852284
-0.00312763671875,0.054666008436680985,0.254,-0.215,0.054755406946198015,0.469,4.638811291268043,0.1154557164277854,-0.02413039093943124,1.258538734288489,5.8381236911156345,304,2004.02.14.13.02.39,30.79268292682927,False,0.25819034716966294
-0.002594580078125,0.05557863534626027,0.244,-0.237,0.055639163839281185,0.481,4.385400195891087,0.11920844206937664,-0.0019277309661523483,1.2599445546905603,5.525361096951891,305,2004.02.14.13.12.39,30.89430894308943,False,0.28204253640397153
-0.0032330078125,0.05551583568718762,0.256,-0.215,0.05560989436748195,0.471,4.603497325643128,0.05161017818774383,-0.005798267780857202,1.2568844334935365,5.786064128229974,306,2004.02.14.13.22.39,30.99593495934959,False,0.2507241042227385
-0.00306640625,0.05553635127433392,0.212,-0.276,0.0556209417410048,0.488,3.8115140334581863,0.09218518601124082,-0.03410901975295545,1.2599958485856955,4.8024918589834344,307,2004.02.14.13.32.39,31.097560975609756,False,0.24730600290433513
-0.00332685546875,0.05533357032892689,0.225,-0.232,0.055433491434837924,0.457,4.058918068772333,0.07172286883602164,-0.04235625246928127,1.260865113334,5.117748190796049,308,2004.02.14.13.42.39,31.199186991869922,False,0.2596162669733239
-0.002882568359375,0.05500144111078277,0.203,-0.232,0.055076925518853855,0.43500000000000005,3.685754026529846,-0.013476357668052774,-0.031544203115041414,1.2510610788708336,4.611103408882948,309,2004.02.14.13.52.39,31.300813008130078,False,0.15159904496269505
-0.003223291015625,0.05670261387642739,0.293,-0.312,0.056794154852331635,0.605,5.158981602276121,0.23996607816536075,-0.010632492550553535,1.2630283634418211,6.5159400901492734,310,2004.02.14.14.02.39,31.402439024390244,False,0.15985794505946493
-0.003107373046875,0.05566443690078909,0.234,-0.254,0.05575110135893618,0.488,4.19722649949933,0.11953306095825367,-0.023392072824085796,1.2605475658419432,5.290803647231179,311,2004.02.14.14.12.39,31.50406504065041,False,0.2914069576949008
-0.0028761718750000007,0.05576217809984837,0.281,-0.286,0.055836304239211154,0.567,5.032568036669361,0.19448821891626844,-0.00010433044374687095,1.2585986700217973,6.333983437746266,312,2004.02.14.14.22.39,31.60569105691057,False,0.2318383612186355
-0.0028830566406250003,0.054917794976765716,0.205,-0.261,0.05499341979458201,0.46599999999999997,3.727718711906633,0.04883279197478041,-0.03573992652360479,1.2572408136351039,4.686640106360296,313,2004.02.14.14.32.39,31.70731707317073,False,0.20897241342831702
-0.0032549804687500004,0.055880723845173626,0.234,-0.225,0.05597544278799856,0.459,4.180404626476146,0.04770821370692202,-0.014501498080199888,1.2565459949515856,5.252870690675681,314,2004.02.14.14.42.39,31.808943089430898,False,0.24551620880469127
-0.00310986328125,0.05556275256885842,0.215,-0.259,0.05564971448854208,0.474,3.863451986699179,0.14875813268688587,-0.05004223420659332,1.2589709928168693,4.863973983394972,315,2004.02.14.14.52.39,31.910569105691057,False,0.2483165366768792
-0.002966845703125,0.054140473253860406,0.256,-0.247,0.0542217024592379,0.503,4.721356733356951,0.11778912056021795,-0.031249343839562387,1.2579344065127096,5.939157080310161,316,2004.02.14.15.02.39,32.01219512195122,False,0.19183668686813093
-0.0028633300781250003,0.055054327953491355,0.251,-0.249,0.05512873738393503,0.5,4.552979297384444,0.11097213602540545,-0.02804219495612174,1.2591368574154396,5.732824044386204,317,2004.02.14.15.12.39,32.113821138211385,False,0.2849177459363404
-0.00321806640625,0.05498663372537653,0.247,-0.247,0.05508072112675859,0.494,4.484327636734693,0.17734375589246643,-0.020621540962708376,1.2616322701779128,5.657572456555145,318,2004.02.14.15.22.39,32.21544715447154,False,0.28186033100321967
-0.0037978515625000002,0.05497850836556924,0.259,-0.278,0.055109527838602915,0.537,4.699731791542889,0.12448402943027093,-0.04915346909434498,1.2582448680315759,5.913413407833684,319,2004.02.14.15.32.39,32.31707317073171,False,0.20717560366128662
-0.00343388671875,0.0544728790758786,0.234,-0.247,0.054581005238200773,0.481,4.28720575919744,0.16511265140012554,-0.012609118836475017,1.2615812128019896,5.408658241219982,320,2004.02.14.15.42.39,32.418699186991866,False,0.22800992889376887
-0.002800244140625,0.05509673036765449,0.232,-0.244,0.055167844478945564,0.476,4.205348281978667,0.07800500551398004,-0.026228558262836335,1.2556665435960186,5.280515141849607,321,2004.02.14.15.52.39,32.52032520325203,False,0.2852012368237779
-0.0029825683593750004,0.055682745999073,0.293,-0.278,0.05576256733701942,0.571,5.2544209133908435,0.21371636594788024,-0.026743788808166687,1.2651282768064722,6.647516475774048,322,2004.02.14.16.02.39,32.6219512195122,False,0.19240870708325236
-0.002424560546875,0.055655418932437854,0.232,-0.251,0.05570820541348128,0.483,4.164557057224041,0.0863038208641469,0.004709146155085469,1.257226405592755,5.235791099939723,323,2004.02.14.16.12.39,32.72357723577235,False,0.2573147206454756
-0.0030191894531250004,0.05526598125881114,0.237,-0.234,0.055348389221847503,0.471,4.281967430886854,0.04157872634764104,0.0016415665037212972,1.2542142524167212,5.370504580202504,324,2004.02.14.16.22.39,32.82520325203252,False,0.25277632518959425
-0.00331865234375,0.055028290165117094,0.198,-0.215,0.0551282701694421,0.41300000000000003,3.591623669515255,0.0071648457953581435,-0.013322612108323615,1.2538725556956816,4.503438349592195,325,2004.02.14.16.32.39,32.926829268292686,False,0.11833585005975011
-0.002823681640625,0.05490876680095604,0.217,-0.242,0.054981322734264725,0.45899999999999996,3.9467948242861053,0.04191933600093556,-0.05979839789130239,1.2533629226252327,4.9467662959693754,326,2004.02.14.16.42.39,33.02845528455284,False,0.18682399363647056
-0.0029808105468749997,0.05538864350235086,0.281,-0.232,0.05546879357392655,0.513,5.065911513389861,0.14849126447783778,-0.032718816771830854,1.261672283540649,6.391520147313452,327,2004.02.14.16.52.39,33.13008130081301,False,0.23900538060886517
-0.0026703125000000004,0.055793169222886,0.205,-0.234,0.055857034478937834,0.439,3.6700838473138044,0.025194502934236862,0.01572951884187546,1.2526028361349966,4.597157435998511,328,2004.02.14.17.02.39,33.23170731707317,False,0.1433170707155481
-0.002485205078125,0.05531870000436368,0.315,-0.237,0.05537449606500383,0.552,5.688539352669199,0.13156618346166393,0.01742263432075134,1.2585769181978357,7.159464327529512,329,2004.02.14.17.12.39,33.33333333333333,False,0.14994329157271957
-0.003298681640625001,0.05501624403425709,0.242,-0.225,0.05511504702169023,0.46699999999999997,4.390815450175742,0.13370324175673387,-0.024188098236819403,1.2561205012260293,5.515393304065746,330,2004.02.14.17.22.39,33.4349593495935,False,0.2796642822803972
-0.002984423828125,0.05556754407609261,0.254,-0.283,0.05564763014032471,0.5369999999999999,4.564435167490457,0.21116205242970087,0.007020487171259659,1.2605348959075267,5.753629808729237,331,2004.02.14.17.32.39,33.53658536585366,False,0.2627615884772215
-0.0032888183593749996,0.05511788176804251,0.229,-0.251,0.05521591452468097,0.48,4.147355014787254,0.09558137228536712,-0.0029980563514747194,1.258178535349109,5.21811305807781,332,2004.02.14.17.42.39,33.638211382113816,False,0.29166596246486926
-0.002972119140625,0.0559213424115588,0.232,-0.242,0.05600026811808025,0.474,4.142837307685969,0.12281832971891049,0.009984100848957162,1.2583487664408475,5.213134215691761,333,2004.02.14.17.52.39,33.739837398373986,False,0.29136715781160816
-0.0030953125,0.05487023930712435,0.342,-0.273,0.05495747557060595,0.615,6.222993258862839,0.2126442803421611,-0.008751069036780523,1.259223362532847,7.836138496444505,334,2004.02.14.18.02.39,33.84146341463415,False,0.12324386015834154
-0.00254716796875,0.05413575890638482,0.222,-0.269,0.05419564979803499,0.491,4.096269734329289,0.059373891031528014,-0.045538695263623245,1.2571064124166762,5.149446950013704,335,2004.02.14.18.12.39,33.94308943089431,False,0.18965485746291538
-0.0026772949218749997,0.055262507528935724,0.239,-0.237,0.05532732278435651,0.476,4.319746338197588,0.09893103916214274,-0.051266807383371076,1.2587815826133173,5.4376171320844415,336,2004.02.14.18.22.39,34.04471544715447,False,0.2534584021330635
-0.0030820800781249996,0.05560544293812567,0.254,-0.215,0.055690793691175966,0.469,4.560897469131339,0.07761380331189827,-0.010173598448533548,1.259926776826358,5.746396847718142,337,2004.02.14.18.32.39,34.146341463414636,False,0.2775396823885177
-0.00315361328125,0.055676315310494225,0.261,-0.256,0.055765557141314835,0.517,4.680308301028949,0.11319339951364293,0.02127917768336682,1.2574496121707985,5.885251857968621,338,2004.02.14.18.42.39,34.2479674796748,False,0.2635877815728877
-0.0024126953125,0.05623126593378937,0.203,-0.286,0.05628300247132788,0.489,3.606772757075528,0.11857098776911368,-0.0130132444096433,1.25909731376701,4.5412778898018304,339,2004.02.14.18.52.39,34.34959349593496,False,0.1741031762896172
-0.00310703125,0.05510038042716015,0.237,-0.247,0.055187911415510646,0.484,4.2944187218034635,0.15941689530197412,-0.02366268751739522,1.2603661013620757,5.412539782015739,340,2004.02.14.19.02.39,34.45121951219512,False,0.29238659060144506
-0.002956396484375,0.0563860646284195,0.259,-0.278,0.056463515339138466,0.537,4.587032855541507,0.13069596219782786,-0.01520885409355633,1.259353944226815,5.776697918924187,341,2004.02.14.19.12.39,34.552845528455286,False,0.2435585967838126
-0.00312626953125,0.054449395705776456,0.242,-0.217,0.05453907089331693,0.45899999999999996,4.437185966614147,0.006477317886276701,-0.018455875077421947,1.256134893562254,5.573704121888789,342,2004.02.14.19.22.39,34.65447154471545,False,0.21039413955720848
-0.0028423828125,0.055121165014932826,0.232,-0.212,0.055194401642342766,0.444,4.203324849924989,0.06274083449477219,-0.006456180546648011,1.257835278761528,5.287090284330657,343,2004.02.14.19.32.39,34.756097560975604,False,0.26594968410124087
-0.0023734375,0.05517778437182481,0.251,-0.249,0.0552288067384223,0.5,4.54472973114918,0.07835663920293356,-0.007833012282833387,1.2567007413003015,5.711365222144695,344,2004.02.14.19.42.39,34.857723577235774,False,0.2485771636089784
-0.00310869140625,0.05582309794612986,0.244,-0.244,0.055909589754911455,0.488,4.364188703040259,0.18049364037031745,-0.009194143118871118,1.26049753540929,5.501049104243313,345,2004.02.14.19.52.39,34.959349593495936,False,0.2901271330807138
-0.0025600097656250003,0.055610259742890786,0.254,-0.234,0.05566915338562169,0.488,4.562670429717788,0.07395168898295523,0.0007139228342208223,1.2545037090714684,5.723886977351676,346,2004.02.14.20.02.39,35.0609756097561,False,0.24264874971008948
-0.002746044921875,0.05554376537517662,0.283,-0.251,0.05561160521658789,0.534,5.088865874268747,0.18248309654086903,-0.0332061132157249,1.2626488474508901,6.4254506309776005,347,2004.02.14.20.12.39,35.16260162601626,False,0.23311936330102706
-0.0032050292968750006,0.05577633735456773,0.234,-0.295,0.05586834543356708,0.529,4.188418292756654,0.09540623434601825,-0.02162133757453033,1.258682263987615,5.2718878192540854,348,2004.02.14.20.22.39,35.264227642276424,False,0.2502338155298726
-0.0026019531249999997,0.05585808482857744,0.225,-0.259,0.05591865342424878,0.484,4.023702042553659,0.10205220047702523,-0.04404105673168043,1.2589639312444099,5.065695741649517,349,2004.02.14.20.32.39,35.36585365853659,False,0.24748773364539717
-0.0032969726562499997,0.054141790577417546,0.217,-0.229,0.05424208251556166,0.446,4.000583862865963,0.027922184987705823,-0.019173645145791337,1.2568993939050113,5.028331432502398,350,2004.02.14.20.42.39,35.46747967479675,False,0.20617788444597612
-0.0029460937500000004,0.05394678842002516,0.208,-0.242,0.05402717324845665,0.44999999999999996,3.8499145428812853,0.14479679997389594,0.014588914033314106,1.258563885135996,4.845363404530242,351,2004.02.14.20.52.39,35.56910569105691,False,0.17623632725388044
-0.00323515625,0.05543490053776444,0.217,-0.234,0.05552922143875015,0.451,3.9078523771372407,0.11216910390493773,-0.008197582220322465,1.2593472866763116,4.921343287879359,352,2004.02.14.21.02.39,35.670731707317074,False,0.28012821616384753
-0.0029263671875,0.05534522555985677,0.232,-0.281,0.055422537087249084,0.513,4.186022729973068,0.11299604189623924,-0.026142192002785426,1.2557485784123894,5.256592092365629,353,2004.02.14.21.12.39,35.77235772357724,False,0.26407634821406806
-0.0025194824218749997,0.05537819643114506,0.237,-0.222,0.055435479899073895,0.45899999999999996,4.275240341230623,0.04388678057146489,0.012223253154620388,1.256287840812732,5.370932457240107,354,2004.02.14.21.22.39,35.8739837398374,False,0.23420653123987595
-0.0031264648437500002,0.05528934828687209,0.234,-0.232,0.055377674349924175,0.466,4.225529561270216,0.05452411153297243,0.0370453052315842,1.2543768243112774,5.300406352099559,355,2004.02.14.21.32.39,35.97560975609756,False,0.23731446623928415
-0.0025535644531249997,0.05530027020508681,0.212,-0.244,0.05535919594947053,0.45599999999999996,3.8295353890888224,0.08011834187868727,-0.030811850035303408,1.2577741189474987,4.81669049998946,356,2004.02.14.21.42.39,36.077235772357724,False,0.2520421734423139
-0.00308916015625,0.054913857964636645,0.237,-0.239,0.05500067915063641,0.476,4.309037700260064,0.1314234305309161,-0.024388297706000994,1.2588218237101636,5.424310696277224,357,2004.02.14.21.52.39,36.17886178861789,False,0.2969079094175179
-0.00244228515625,0.0555180308289281,0.271,-0.286,0.05557172396017825,0.5569999999999999,4.876580762443036,0.16665189435945926,-0.01643369181097361,1.2586943420627457,6.13812461429908,358,2004.02.14.22.02.39,36.28048780487805,False,0.22032132812100463
-0.00317587890625,0.0550902714816585,0.21,-0.217,0.0551817380910569,0.427,3.805606841405996,0.13416595176897417,-0.008083337114120903,1.2614432881772497,4.800557207533017,359,2004.02.14.22.12.39,36.38211382113821,False,0.22941495179182136
-0.0032349609375000006,0.05493654159074449,0.312,-0.251,0.05503170517273429,0.563,5.669459069470771,0.15890977503198345,-0.0059166795436132414,1.2579237041135745,7.131746952988973,360,2004.02.14.22.22.39,36.483739837398375,False,0.16935972314140063
-0.0025540527343750003,0.05477281210134647,0.276,-0.242,0.054832327425154724,0.518,5.033526989652878,0.21377039023773925,0.0015979945320553541,1.2594854747295263,6.3396541301268385,361,2004.02.14.22.32.39,36.58536585365854,False,0.20936392430264567
-0.0028472656250000004,0.05451258018818403,0.225,-0.205,0.05458688780570385,0.43,4.121868988040925,0.10203201940999573,-0.0024824274381407413,1.25906277213876,5.189691794475592,362,2004.02.14.22.42.39,36.6869918699187,False,0.22564866138965023
-0.00294306640625,0.05537229625146182,0.247,-0.256,0.05545045384874004,0.503,4.454427021891948,0.16841363311119073,0.004175880216840097,1.2613097679603755,5.618412313378959,363,2004.02.14.22.52.39,36.78861788617886,False,0.2882250680638405
-0.0027354003906250005,0.05597465906774104,0.222,-0.249,0.056041456735588836,0.471,3.9613531291205724,0.1725969190109291,0.0062547781572243315,1.262002058324043,4.999235802698551,364,2004.02.14.23.02.39,36.890243902439025,False,0.25335462396332425
-0.0027306640625000002,0.055942870876482295,0.256,-0.266,0.05600947534234721,0.522,4.57065520494968,0.18007529719347826,0.018903889140509705,1.258269880928702,5.751117780498186,365,2004.02.14.23.12.39,36.99186991869919,False,0.2611320959767545
-0.002855517578125,0.055067603816256104,0.232,-0.293,0.055141590208327554,0.525,4.207350551978878,0.10765032575736999,-0.03518836019227342,1.2580470438913445,5.293044924531643,366,2004.02.14.23.22.39,37.09349593495935,False,0.24499397165779452
-0.0029061035156250003,0.05558662055406946,0.271,-0.242,0.05566253517641489,0.513,4.868624814538219,0.0954625860307261,-0.03916044610196186,1.2576925126770904,6.123232976278605,367,2004.02.14.23.32.39,37.19512195121951,False,0.25267285729589734
-0.002578662109375,0.05565152952124316,0.225,-0.244,0.055711239766568874,0.469,4.03868233668384,0.14927754500589785,-0.02977049526775601,1.261643669003151,5.095378001192018,368,2004.02.14.23.42.39,37.296747967479675,False,0.2625014618209643
-0.0033494628906250005,0.054381337585988086,0.205,-0.273,0.05448439023515703,0.478,3.76254554956403,0.13240616935738636,0.029201325003967604,1.2600833084134073,4.741120844150784,369,2004.02.14.23.52.39,37.39837398373984,False,0.17800191966975237
-0.0027016601562499997,0.05511758344717574,0.259,-0.232,0.05518375642031131,0.491,4.693410104729129,0.1939409411536701,-0.014436047373016398,1.2608364178320937,5.917622383863626,370,2004.02.15.00.02.39,37.5,False,0.2693606285782988
-0.003043505859375,0.05489739552086761,0.22,-0.278,0.0549816966170618,0.498,4.00133159826374,0.13512221968898297,0.000301244054906598,1.2611172921722043,5.046148470285447,371,2004.02.15.00.12.39,37.60162601626016,False,0.26849041357622544
-0.0031457519531250004,0.055488323980500937,0.269,-0.244,0.05557742215608444,0.513,4.840094944391924,0.09652747183251531,0.013312646969160425,1.2527701377626626,6.063526410270238,372,2004.02.15.00.22.39,37.703252032520325,False,0.22562869385683337
-0.002888818359375,0.055147872876326,0.225,-0.249,0.055223483721120625,0.474,4.074353605365666,0.10701858169601541,-0.03136940487827571,1.2567290228188752,5.120358425089756,373,2004.02.15.00.32.39,37.80487804878049,False,0.2800153813726663
-0.0027623535156249997,0.05549111537423436,0.227,-0.264,0.05555982795529406,0.491,4.085685797707193,0.17444679056723,0.009720063218750415,1.261422912197034,5.153777677265869,374,2004.02.15.00.42.39,37.90650406504065,False,0.2804317924129569
-0.0028693359375,0.05488313326995618,0.232,-0.259,0.05495808772373725,0.491,4.221398698699548,0.21181270963081644,-0.008012351638318914,1.261976432671074,5.327305670667169,375,2004.02.15.00.52.39,38.00813008130081,False,0.26179386738320637
-0.0031439453125000003,0.05468924892257856,0.217,-0.234,0.054779543078084816,0.451,3.961332786048983,0.07393481318747153,-0.04658689734776004,1.2569746184312165,4.979294767222988,376,2004.02.15.01.02.39,38.109756097560975,False,0.25508618442787095
-0.0035016113281250002,0.056852503254561024,0.234,-0.242,0.05696023532433065,0.476,4.108129095106574,0.15689906279183452,-0.0013339256663484282,1.2574531984222266,5.165780070173169,377,2004.02.15.01.12.39,38.21138211382114,False,0.2203063126343619
-0.002781884765625,0.05565717585875749,0.227,-0.239,0.055726655268568515,0.46599999999999997,4.073454595579052,0.17343043773671463,0.05380396075974935,1.2633897861184138,5.146360930271688,378,2004.02.15.01.22.39,38.3130081300813,False,0.23082192147247754
-0.0028483886718750004,0.055338492412793545,0.303,-0.259,0.055411750202884545,0.562,5.468154297429624,0.2647810317945578,0.0005939739972527314,1.2640191982765319,6.9118520110893655,379,2004.02.15.01.32.39,38.41463414634146,False,0.17073740339375215
-0.00299404296875,0.054790174719230256,0.21,-0.217,0.054871919403849,0.427,3.827094118112251,0.07900948837157262,-0.021709413469896452,1.2629885604813207,4.833576091061121,380,2004.02.15.01.42.39,38.516260162601625,False,0.22376072810612024
-0.0023180664062500004,0.054690066062756906,0.208,-0.271,0.05473917023313835,0.479,3.799838381073588,0.0936744713375508,-0.04187535099234479,1.2591462582212853,4.784552279374435,381,2004.02.15.01.52.39,38.61788617886179,False,0.18905487948053645
-0.002776708984375,0.055792531199137366,0.261,-0.232,0.055861584746502,0.493,4.672262721947637,0.16110452402531728,-0.03277747142923443,1.2591643569417612,5.883146685744159,382,2004.02.15.02.02.39,38.71951219512195,False,0.2708790254204402
-0.0030467285156250004,0.055370725128098625,0.239,-0.308,0.055454483640724445,0.5469999999999999,4.309840869647628,0.19123001631979397,-0.00789248478184237,1.2614981088900032,5.436856106677329,383,2004.02.15.02.12.39,38.82113821138211,False,0.24739418791657458
-0.002653173828125,0.05432846675084,0.227,-0.278,0.05439321309556345,0.505,4.173314777363559,0.1602884883983946,0.004251741535334281,1.259593329417802,5.2566794551278795,384,2004.02.15.02.22.39,38.922764227642276,False,0.2162138211667023
-0.0026563476562499995,0.05445137029759109,0.217,-0.239,0.054516125230579714,0.45599999999999996,3.9804736503591096,0.1177366423054611,0.011193771111333694,1.2582808844696156,5.00855390538186,385,2004.02.15.02.32.39,39.02439024390244,False,0.2386870869810372
-0.00291650390625,0.05586730285598481,0.256,-0.225,0.05594337783364086,0.481,4.5760554673918445,0.08615661689903398,-0.007879779720925946,1.2583115817442794,5.758103593323391,386,2004.02.15.02.42.39,39.1260162601626,False,0.2790853445733783
-0.003577099609375,0.05443179427067634,0.232,-0.237,0.05454920594418057,0.469,4.253040827714382,0.1254351692328579,-0.007819615861639578,1.2591167869468443,5.35507510174548,387,2004.02.15.02.52.39,39.22764227642276,False,0.2509359640780777
-0.00328427734375,0.05624973478119102,0.239,-0.256,0.056345533457630874,0.495,4.241684927514556,0.0671774290023972,-0.022983118239331992,1.2581900191595325,5.336845640218239,388,2004.02.15.03.02.39,39.329268292682926,False,0.25321696103597285
-0.00258046875,0.054645859766536964,0.217,-0.225,0.05470675286099285,0.442,3.9666035480370447,0.06413737734728153,-0.020739997172963726,1.257110044357151,4.986457162220082,389,2004.02.15.03.12.39,39.43089430894309,False,0.24848921318620548
-0.003162646484375001,0.05584886624251423,0.227,-0.291,0.05593834278345556,0.518,4.0580394181276676,0.08697048202825819,-0.022501665702230857,1.2591013214046962,5.109482793676891,390,2004.02.15.03.22.39,39.53252032520325,False,0.24907254771630716
-0.0029217773437500002,0.05541703164949426,0.232,-0.232,0.055494001294621925,0.464,4.180632042881431,0.049384893700984644,-0.021064543698384158,1.253313424547432,5.239642262436453,391,2004.02.15.03.32.39,39.63414634146341,False,0.24090184791802366
-0.0033949218750000004,0.05474966371894577,0.229,-0.227,0.05485481903967052,0.456,4.1746560103386585,0.07955768248957673,0.012233818681174565,1.256649090626086,5.2460776790688,392,2004.02.15.03.42.39,39.735772357723576,False,0.27011092721428176
-0.002157421875,0.05584827576437138,0.242,-0.242,0.055889930890993235,0.484,4.329939152581753,0.18579010310017408,0.03587594351108813,1.262625735372515,5.467092606646781,393,2004.02.15.03.52.39,39.83739837398374,False,0.21510916513360784
-0.0032080078125,0.05455906788976456,0.271,-0.234,0.054653300020447076,0.505,4.95852949224681,0.17191556451384216,-0.042904975746300845,1.2618679490368359,6.257009440620145,394,2004.02.15.04.02.39,39.9390243902439,False,0.20892997009892844
-0.003082275390625,0.05492012593497235,0.264,-0.264,0.05500655101255554,0.528,4.799428343357514,0.13074534934545623,0.005492541001213423,1.2565451185144747,6.030698256505896,395,2004.02.15.04.12.39,40.040650406504064,False,0.24421935090073715
-0.00297109375,0.055534925704663195,0.215,-0.215,0.05561434501182002,0.43,3.865909055555808,0.0816530847733623,-0.0033544198872238837,1.2563860352963794,4.857074151126132,396,2004.02.15.04.22.39,40.142276422764226,False,0.24215547227076517
-0.0032384277343749995,0.05561680713776957,0.225,-0.249,0.05571101013615374,0.474,4.0386989833807725,0.16480271408323643,0.0063207530446730996,1.2630630563044345,5.101131481442531,397,2004.02.15.04.32.39,40.243902439024396,False,0.27060868123921344
-0.002863134765625,0.05504463448407796,0.244,-0.227,0.055119046854711445,0.471,4.426781918837616,0.1148847772075694,0.00824104189677079,1.2588818316787354,5.572795330428605,398,2004.02.15.04.42.39,40.34552845528455,False,0.29135726642459375
-0.0030388671874999997,0.054668267627898046,0.249,-0.247,0.05475266385500115,0.496,4.547723936490373,0.15165012223837904,0.03301120609322432,1.2627072606531502,5.74244403405252,399,2004.02.15.04.52.39,40.447154471544714,False,0.2507211995346203
-0.002606640625,0.054999764335821016,0.229,-0.205,0.05506149882035314,0.434,4.158985950367039,0.12829541855883697,0.02862222413424337,1.2600279522841908,5.240438550619699,400,2004.02.15.05.02.39,40.54878048780488,False,0.2168975011637172
-0.0030576171875000002,0.05513754906575422,0.229,-0.256,0.05522226308151224,0.485,4.146878219423544,0.11214704718562585,0.004344568978881768,1.2579914750041385,5.21673744791516,401,2004.02.15.05.12.39,40.65040650406504,False,0.2920965294554277
-0.0032421875000000003,0.054687040511462524,0.247,-0.222,0.05478306471609178,0.469,4.508692627549315,0.18251316155556907,0.026158286827260416,1.261133315856895,5.686062483560803,402,2004.02.15.05.22.39,40.7520325203252,False,0.25035090872770416
-0.0032416992187500005,0.054466012906732995,0.273,-0.256,0.054562397086099966,0.529,5.003445863443344,0.16968791837383002,0.008573638665240135,1.2624819145185324,6.316759912869784,403,2004.02.15.05.32.39,40.853658536585364,False,0.19458827756457903
-0.003110888671875,0.05470260200934755,0.227,-0.281,0.05479098735122297,0.508,4.143017145226408,0.14993215709488616,0.016644265283174395,1.259389049142423,5.217670423107441,404,2004.02.15.05.42.39,40.95528455284553,False,0.262359708774478
-0.002914404296875,0.05572222934608308,0.217,-0.232,0.05579839241145864,0.449,3.889000930346469,0.09069047933016305,-0.031539560886817815,1.2613327526627567,4.905324248581933,405,2004.02.15.05.52.39,41.05691056910569,False,0.25464022251917623
-0.002728271484375,0.05590816830083438,0.249,-0.222,0.05597469739129346,0.471,4.44843851962888,0.10394398427225315,0.015004918187732127,1.2605097873904028,5.607300292596677,406,2004.02.15.06.02.39,41.15853658536585,False,0.27403464689152934
-0.002966748046875,0.05453134238683969,0.193,-0.215,0.054611984916173625,0.40800000000000003,3.5340228028013323,0.06459576995277416,-0.026072661618133052,1.2576317881864676,4.444499416978792,407,2004.02.15.06.12.39,41.260162601626014,False,0.1481932296719065
-0.003094482421875,0.05488743282443014,0.21,-0.237,0.05497459507368495,0.44699999999999995,3.8199462809781037,0.12219756283701333,-0.03975079171242162,1.259783337875156,4.812304676354383,408,2004.02.15.06.22.39,41.361788617886184,False,0.2647725726464075
-0.00328369140625,0.054477813965856964,0.208,-0.237,0.05457668773157638,0.44499999999999995,3.811151036189718,0.06826021347068867,-0.07013543171327923,1.2588416819190862,4.7976357804447325,409,2004.02.15.06.32.39,41.46341463414634,False,0.17288211508839524
-0.0030456054687499996,0.05613689122903023,0.259,-0.222,0.05621944743174954,0.481,4.606946738749545,0.07796365956596807,0.014781079996732489,1.2583463025849795,5.79713439491142,410,2004.02.15.06.42.39,41.5650406504065,False,0.25004876847863894
-0.002694189453125,0.05489229675993978,0.22,-0.232,0.054958374251706396,0.452,4.003029620061391,0.0869503485441343,-0.010512457984822575,1.257691939015351,5.034578084790895,411,2004.02.15.06.52.39,41.66666666666667,False,0.28280472859362926
-0.0031998046874999997,0.055820359363704414,0.254,-0.242,0.05591199575700416,0.496,4.542853399544071,0.19097371006258568,-0.018720846420782557,1.2616489935075705,5.731486419187222,412,2004.02.15.07.02.39,41.76829268292683,False,0.2801887497923465
-0.0022522460937500002,0.054766993517441125,0.222,-0.251,0.054813284807665466,0.473,4.050113047940415,0.09865276666451095,-0.0038162657878922485,1.2583268949410151,5.0963661757749525,413,2004.02.15.07.12.39,41.86991869918699,False,0.2483011923853083
-0.0027124511718749997,0.055501555274938635,0.239,-0.261,0.055567796692840676,0.5,4.301052304108948,0.10649559041324475,-0.005031331243858614,1.257541442323473,5.408751518017863,414,2004.02.15.07.22.39,41.97154471544716,False,0.2884017139478913
-0.0032840332031250003,0.05493433792576959,0.264,-0.264,0.055032411880835054,0.528,4.7971729927384406,0.17265381933070634,-0.05187590363705927,1.2608712332004313,6.048617427229922,415,2004.02.15.07.32.39,42.073170731707314,False,0.2334631555333987
-0.00285966796875,0.055402888137282655,0.227,-0.259,0.05547664116404084,0.486,4.091812251732684,0.17965662719486497,-0.009985973032054615,1.2629518757498337,5.167761958541943,416,2004.02.15.07.42.39,42.17479674796748,False,0.26979457850229716
-0.00297939453125,0.05463521487393371,0.254,-0.247,0.054716391475441335,0.501,4.6421189912350895,0.1830564853694958,-0.02350626712799003,1.2626129243767883,5.861199434828363,417,2004.02.15.07.52.39,42.27642276422765,False,0.24785605115452003
-0.002931689453125,0.055258621107625014,0.225,-0.278,0.05533633534817449,0.503,4.066044463991102,0.15386192247863306,-0.012730166260099858,1.2589055171482135,5.118765808688349,418,2004.02.15.08.02.39,42.3780487804878,False,0.27259038931413954
-0.0031029296875,0.055780049454963565,0.242,-0.256,0.05586628759675866,0.498,4.331771635637389,0.10877699265259322,-0.0007638841850854336,1.2588089993504483,5.452873118071356,419,2004.02.15.08.12.39,42.47967479674797,False,0.29752949446266735
-0.002864697265625,0.05418516975062868,0.229,-0.242,0.05426084326038552,0.471,4.220354610065324,0.12285516674044228,-0.05237956671442352,1.2614088236620078,5.323592544119032,420,2004.02.15.08.22.39,42.581300813008134,False,0.20849015410211796
-0.0031772949218749997,0.05581228532737037,0.222,-0.256,0.05590265106848131,0.478,3.9711891253251617,0.14041475901005596,-0.010599744344348492,1.2574576775497868,4.993602254642346,421,2004.02.15.08.32.39,42.68292682926829,False,0.26689072972622624
-0.0033693847656249996,0.05509468705077694,0.205,-0.242,0.05519762037372513,0.44699999999999995,3.7139282203111597,0.05791191518467054,-0.046255153321142856,1.2582432582662153,4.67302514489116,422,2004.02.15.08.42.39,42.78455284552846,False,0.21191767507681475
-0.0032134277343750005,0.055495354582548846,0.229,-0.251,0.05558831260298225,0.48,4.119570990318465,0.17268394992466574,-0.030176701459647206,1.263346907417048,5.2044472705038185,423,2004.02.15.08.52.39,42.886178861788615,False,0.26967871882463423
-0.0032423828125,0.054932623331140434,0.234,-0.315,0.05502823050347658,0.549,4.252362793770306,0.2094985075178899,0.015634859166245352,1.2594608472314792,5.35568444697757,424,2004.02.15.09.02.39,42.98780487804878,False,0.22243657250130439
-0.0028015625000000002,0.05527409222227077,0.254,-0.222,0.05534504515706442,0.476,4.589390057938703,0.22659982960308112,-0.029796623020239582,1.2644735739157997,5.8031624486553905,425,2004.02.15.09.12.39,43.08943089430895,False,0.24110797431229597
-0.002914013671875,0.05578809813446548,0.222,-0.271,0.055864151019599545,0.493,3.973925960534384,0.12440625760857316,-0.02778439655077177,1.2600820667118948,5.007472837310218,426,2004.02.15.09.22.39,43.1910569105691,False,0.2654196876007965
-0.0031622558593749996,0.055582387919773865,0.208,-0.356,0.05567227055711286,0.564,3.7361508326953854,0.20324618506590797,-0.014109805863796076,1.2592100406197395,4.704598641799829,427,2004.02.15.09.32.39,43.292682926829265,False,0.1759087016613542
-0.002839990234375,0.054471250412343936,0.264,-0.229,0.054545235044095516,0.493,4.8400194771656375,0.1337479252544136,-0.00631138043797614,1.2611230619811267,6.103860183091421,428,2004.02.15.09.42.39,43.394308943089435,False,0.2267426378071663
-0.0028573730468749994,0.056666983257772044,0.3,-0.256,0.05673897753983257,0.556,5.287370569717976,0.18355026390858198,0.014297319886585004,1.2595309226392712,6.659606732012612,429,2004.02.15.09.52.39,43.49593495934959,False,0.17961856024624506
-0.0033554199218749996,0.05537382365884633,0.325,-0.288,0.05547539264803022,0.613,5.85845335177704,0.1368213340681148,-0.015167497935267412,1.2557916358724979,7.356996718310808,430,2004.02.15.10.02.39,43.59756097560975,False,0.13110867711848773
-0.002978466796875,0.05512434519162598,0.222,-0.225,0.05520475248803879,0.447,4.021392905404308,0.10909314337465581,-0.007368562652124597,1.2586636121554653,5.061580920212547,431,2004.02.15.10.12.39,43.69918699186992,False,0.2845715214248286
-0.003133740234375,0.05502024515777428,0.254,-0.215,0.05510941575700223,0.469,4.609012752375744,0.03880699277995925,-0.0067328024968442935,1.2556232718042402,5.787183671925497,432,2004.02.15.10.22.39,43.80081300813008,False,0.2431966285302229
-0.0031451660156250004,0.05453022627147748,0.203,-0.208,0.05462085358619339,0.41100000000000003,3.7165292497609865,0.14932006546511056,-0.019307422789008873,1.2634704946595485,4.695725049612195,433,2004.02.15.10.32.39,43.90243902439025,False,0.1505888791162575
-0.003166259765625,0.05461313554894289,0.227,-0.254,0.05470484233950981,0.481,4.149541252512712,0.16488913000174188,-0.033239185012992147,1.2639885048633022,5.244972443632138,434,2004.02.15.10.42.39,44.00406504065041,False,0.23675611684549452
-0.0028120117187499997,0.05534601661309839,0.278,-0.349,0.05541740669540347,0.627,5.0164743638763305,0.44008848723947924,0.018937941938054294,1.265531044408065,6.348504040962695,435,2004.02.15.10.52.39,44.105691056910565,False,0.11719790195684743
-0.00298466796875,0.054632659639668076,0.254,-0.22,0.05471412744609476,0.474,4.64231107861941,0.06988344763954268,0.0004222550233448529,1.2563773061759245,5.832494287386504,436,2004.02.15.11.02.39,44.207317073170735,False,0.2497695418152463
-0.0029152343750000003,0.056813671797112955,0.222,-0.286,0.05688841617175899,0.508,3.902376176719911,0.23846103929229745,-0.05625365490855871,1.2644477086179053,4.934350614818593,437,2004.02.15.11.12.39,44.3089430894309,False,0.12969959028929312
-0.00282802734375,0.05459693944260294,0.227,-0.244,0.054670133849810995,0.471,4.152175676460042,0.045106235463651334,-0.012811026545136068,1.2557190840703258,5.21396623734349,438,2004.02.15.11.22.39,44.41056910569105,False,0.2548259886658388
-0.002743798828125,0.05610224635882599,0.251,-0.237,0.05616930192298659,0.488,4.468633068364365,0.12945584454499448,0.003992110895302204,1.2609433869047981,5.634693316058144,439,2004.02.15.11.32.39,44.51219512195122,False,0.2767989160688988
-0.0028808105468750003,0.05533991907731379,0.217,-0.215,0.05541485101388097,0.432,3.9159177734799515,0.08972568627431388,0.0035720207498833906,1.258005860254664,4.926247507313175,440,2004.02.15.11.42.39,44.613821138211385,False,0.24388688732802905
-0.0028962402343750003,0.0548682426214305,0.217,-0.266,0.05494462899919677,0.483,3.9494306168337636,0.11198007383136943,-0.02455636477424706,1.258964225789743,4.972191858832427,441,2004.02.15.11.52.39,44.71544715447154,False,0.26857784360137676
-0.002743505859375,0.05484116697811463,0.227,-0.269,0.054909747949902984,0.496,4.134056492248042,0.1900486568389237,-0.04906954384483338,1.2626346230223613,5.219802860642751,442,2004.02.15.12.02.39,44.81707317073171,False,0.2435158467684852
-0.002691064453125,0.055149738622735124,0.22,-0.278,0.055215355636334305,0.498,3.984398859059954,0.08375369365467344,-0.029064966778339755,1.2565859399161539,5.006739585312704,443,2004.02.15.12.12.39,44.918699186991866,False,0.25738950933042015
-0.0032265625000000007,0.05573931579848818,0.286,-0.256,0.05583262515098139,0.542,5.122453032194078,0.16411423012523363,-0.024638644111065967,1.2638992321141092,6.474264453930686,444,2004.02.15.12.22.39,45.02032520325203,False,0.21772721631634145
-0.0030145996093750003,0.05401094752795058,0.22,-0.234,0.05409501144904098,0.454,4.06691844787289,0.1476612132490831,-0.011169883782956525,1.2604811052576383,5.1262738601675,445,2004.02.15.12.32.39,45.1219512195122,False,0.21185496091089084
-0.002648876953125,0.05572232184734479,0.225,-0.251,0.05578524626791456,0.476,4.033324490841425,0.10090769230205021,0.0005989510413227117,1.258751456888196,5.076953078949485,446,2004.02.15.12.42.39,45.22357723577235,False,0.26704756561456394
-0.003088134765625,0.05482454966467999,0.22,-0.249,0.05491145438126389,0.469,4.0064500654541995,0.060384234224436284,-0.02584299521159106,1.2553837647989188,5.029632366648768,447,2004.02.15.12.52.39,45.32520325203252,False,0.2612775835350425
-0.0027869140625,0.056325035929932966,0.212,-0.264,0.05639394083144039,0.476,3.759269114277027,0.10352979197494694,-0.04756206632123485,1.258672599835111,4.7316890295469,448,2004.02.15.13.02.39,45.426829268292686,False,0.20457500613931284
-0.0032334960937500006,0.055306285589143966,0.234,-0.249,0.055400728539038636,0.483,4.223771169996613,0.10271684090037692,-0.011026376399238633,1.2584622590951364,5.315456608494847,449,2004.02.15.13.12.39,45.52845528455284,False,0.29707451716032524
-0.00289619140625,0.05471103391079686,0.225,-0.271,0.05478763689236834,0.496,4.106765919508776,0.19242487070386405,-0.023693237531418797,1.2596725488642169,5.173180293416319,450,2004.02.15.13.22.39,45.63008130081301,False,0.2635954728332446
-0.0034710449218750003,0.05549874665569891,0.244,-0.269,0.05560718508613006,0.513,4.387922165491168,0.11452417498816292,-0.044201764239449874,1.2565916066110736,5.513826163618889,451,2004.02.15.13.32.39,45.73170731707317,False,0.2510840370856363
-0.002913818359375,0.05529170287402256,0.232,-0.251,0.055368427322262145,0.483,4.190113593974505,0.17770780533911035,-0.015077442805799122,1.2622576705437079,5.289003024443783,452,2004.02.15.13.42.39,45.83333333333333,False,0.28417326763997386
-0.0031119140625,0.05407234172204044,0.264,-0.266,0.0541618144861996,0.53,4.874282785841067,0.12512017006822074,-0.03903698883749758,1.2572044047019815,6.127969788122434,453,2004.02.15.13.52.39,45.9349593495935,False,0.1712967935596041
-0.002791015625,0.05508128383976953,0.234,-0.225,0.05515195008026688,0.459,4.242823683649296,0.07910748233828979,-0.006972589854939081,1.2563338104761956,5.330402845657769,454,2004.02.15.14.02.39,46.03658536585366,False,0.28924999759514314
-0.002781396484375,0.05556009306164436,0.225,-0.254,0.05562966930893869,0.479,4.044604305491468,0.18450966868160634,-0.035318190062750165,1.2637062434039383,5.111191712948019,455,2004.02.15.14.12.39,46.138211382113816,False,0.24998156979133052
-0.0030939941406249996,0.0558463993064204,0.244,-0.254,0.05593204014904494,0.498,4.362436974403237,0.14507678942576563,-0.0167690300778853,1.2618218474809462,5.504618282560681,456,2004.02.15.14.22.39,46.239837398373986,False,0.2870630110138614
-0.003103466796875,0.055485963769960046,0.215,-0.261,0.05557268827077402,0.476,3.8688069029957233,0.11578821929904004,-0.027524868889275474,1.2564636597217016,4.8610152800945885,457,2004.02.15.14.32.39,46.34146341463415,False,0.2699883809354492
-0.002353955078125,0.055082004375631106,0.371,-0.266,0.05513228011380334,0.637,6.7292700253678355,0.160337471431363,-0.004031640697483358,1.2563650569879443,8.454419718908525,458,2004.02.15.14.42.39,46.44308943089431,False,0.06262001031444897
-0.0029930175781250003,0.056239076196894985,0.22,-0.254,0.0563186633870436,0.474,3.9063427071781707,0.07559367569129627,-0.04620053565994429,1.2542872993674798,4.8996760445903575,459,2004.02.15.14.52.39,46.54471544715447,False,0.18654000272730625
-0.0030531738281249997,0.056055561989564226,0.256,-0.247,0.056138648900651546,0.503,4.560138247235745,0.13894281145447707,-0.033990790894351315,1.2593303870431964,5.742720663861874,460,2004.02.15.15.02.39,46.646341463414636,False,0.2714169447388766
-0.002808935546875,0.055710898109821175,0.242,-0.242,0.0557816662274387,0.484,4.338342978377392,0.11816459043674676,-0.015534610900947715,1.2587649830787995,5.460954225767246,461,2004.02.15.15.12.39,46.7479674796748,False,0.2930497888437723
-0.0031453124999999997,0.056648239380428615,0.244,-0.247,0.05673549167518512,0.491,4.300658949021153,0.10964372452484561,-0.005294074563241362,1.257524815699477,5.40818535225413,462,2004.02.15.15.22.39,46.84959349593496,False,0.2548359092133456
-0.0032740234375,0.05560845443027931,0.269,-0.315,0.055704752342989106,0.5840000000000001,4.829031432429586,0.26661924888457156,-0.010440786709365902,1.2639832123651538,6.103814662574648,463,2004.02.15.15.32.39,46.95121951219512,False,0.1983684063554858
-0.0031191894531250003,0.05546811357845505,0.266,-0.249,0.05555574647862159,0.515,4.787983545543025,0.12578731719736957,-0.005778429296673932,1.2588183290374497,6.027201446259275,464,2004.02.15.15.42.39,47.052845528455286,False,0.28256140611654984
-0.002768310546875,0.05430047588488921,0.229,-0.225,0.05437099617083887,0.454,4.211804383360204,0.04450092874826117,-0.016465189939574344,1.2549495623004818,5.285602067393138,465,2004.02.15.15.52.39,47.15447154471545,False,0.2296458352658698
-0.003123486328125,0.05493008193619769,0.237,-0.264,0.05501881558484674,0.501,4.307617266578789,0.1438112056491221,0.01100152195836407,1.2599902527031894,5.427555768265231,466,2004.02.15.16.02.39,47.256097560975604,False,0.28661090243364246
-0.0037149414062499996,0.05463743593600114,0.212,-0.247,0.054763584573259076,0.45899999999999996,3.8711855999199707,0.1402922397215809,-0.03645676003398913,1.2623592365912621,4.886826898618061,467,2004.02.15.16.12.39,47.357723577235774,False,0.23218114099437204
-0.0026021484375,0.05487765525389606,0.247,-0.222,0.05493931399877732,0.469,4.495869751950252,0.10005850109437686,-0.01544211833892519,1.2594751360546428,5.662436167521496,468,2004.02.15.16.22.39,47.459349593495936,False,0.2722137008983829
-0.0024555664062500004,0.05599130075315938,0.232,-0.264,0.056045120808204625,0.496,4.1395218112552765,0.2016027221022476,-0.0008299651128596614,1.2616669973267776,5.222698053975149,469,2004.02.15.16.32.39,47.5609756097561,False,0.25085178599056807
-0.0027341308593750004,0.05382604057218205,0.21,-0.266,0.053895436868387804,0.476,3.8964337651222345,0.09595179684728317,-0.014233512657935276,1.257241176832258,4.898756972311224,470,2004.02.15.16.42.39,47.66260162601626,False,0.199502798483763
-0.00306474609375,0.055148953194164026,0.266,-0.232,0.05523404481867366,0.498,4.8158703725798855,0.17049511505114712,-0.015490059876363269,1.260407716128498,6.069960177474312,471,2004.02.15.16.52.39,47.764227642276424,False,0.2862085695824867
-0.002948583984375,0.056000043970989094,0.229,-0.249,0.05607761649950562,0.478,4.08362577254008,0.1576438060610723,-0.01492829472016333,1.258780278012987,5.140387585259002,472,2004.02.15.17.02.39,47.86585365853659,False,0.27798984826035855
-0.002787353515625,0.05452898317484068,0.222,-0.217,0.05460017715816612,0.439,4.065920873423342,0.06070410595586173,-0.03042182564173134,1.2550482879905656,5.102927031295071,473,2004.02.15.17.12.39,47.96747967479675,False,0.23121398890552503
-0.0025477539062499998,0.05600709501679843,0.256,-0.259,0.05606501353061016,0.515,4.566127498751608,0.11906259183746304,0.012160241356417547,1.2591446380043554,5.7494149564973265,474,2004.02.15.17.22.39,48.06910569105691,False,0.24757605257960708
-0.003002392578125,0.054666132827006754,0.256,-0.232,0.05474851997500138,0.488,4.675925488339989,0.11198249954171935,-0.0009855143418895829,1.2576704617438446,5.880773368000367,475,2004.02.15.17.32.39,48.170731707317074,False,0.26291912414396423
-0.00326640625,0.054829123978992325,0.212,-0.256,0.05492633472291548,0.46799999999999997,3.8597150359562002,0.18161644711438996,-0.010682079933688098,1.2603711508751843,4.864673481918369,476,2004.02.15.17.42.39,48.27235772357724,False,0.2578776266201744
-0.0029779296875000003,0.05463617860814669,0.203,-0.21,0.05471727403777531,0.41300000000000003,3.709980140089844,-0.03181069799816205,0.009834414923098046,1.2529291097121154,4.648342113972397,477,2004.02.15.17.52.39,48.3739837398374,False,0.1111095467790627
-0.00333076171875,0.055839158238454485,0.251,-0.325,0.05593840868675342,0.5760000000000001,4.487077946846179,0.2697062756243649,-0.00814419412485003,1.261166703257128,5.658953301481758,478,2004.02.15.18.02.39,48.47560975609756,False,0.20678685151995274
-0.0026030761718749997,0.05424767258391406,0.21,-0.259,0.054310091017490715,0.469,3.8666847369555857,0.09261526982772272,-0.01484907221214529,1.2581436084304631,4.864844687616296,479,2004.02.15.18.12.39,48.577235772357724,False,0.21347202651225505
-0.0030921875000000003,0.05445884517570212,0.234,-0.237,0.054546562141039194,0.471,4.289912889376129,0.1222239887696035,-0.01578439208734927,1.2573056919075594,5.3937318936002105,480,2004.02.15.18.22.39,48.67886178861789,False,0.2658060846434013
-0.00327607421875,0.05444691592844806,0.21,-0.21,0.05454538767307691,0.42,3.8500047200811083,0.03321044068345724,0.004230320123247802,1.2544576725157832,4.829667960327726,481,2004.02.15.18.32.39,48.78048780487805,False,0.1814769959667467
-0.00317978515625,0.054677310671773095,0.208,-0.247,0.054769693589954475,0.45499999999999996,3.7977207168117166,-0.011746237462200604,-0.01767666396599397,1.2529946589956988,4.758523774522398,482,2004.02.15.18.42.39,48.88211382113821,False,0.18581273683516042
-0.003023486328125,0.05526474532055238,0.242,-0.251,0.05534738968480695,0.493,4.372383257424511,0.19974455952958214,-0.02259504118649312,1.2600752375268005,5.509531871657397,483,2004.02.15.18.52.39,48.983739837398375,False,0.2914338783031027
-0.003197216796875,0.05581621559989897,0.222,-0.261,0.05590771073063737,0.483,3.9708297316910928,0.16904691103660818,-0.037434539865593586,1.2621182783490832,5.011656784579314,484,2004.02.15.19.02.39,49.08536585365854,False,0.25449863409058543
-0.0027916992187500002,0.05487077654450528,0.222,-0.242,0.05494174827146475,0.46399999999999997,4.040643171802757,0.11549575974657111,0.016804438427171175,1.2606626892322217,5.093888087192678,485,2004.02.15.19.12.39,49.1869918699187,False,0.2662145197113722
-0.0029475097656249997,0.05492411605180524,0.291,-0.254,0.055003148436163406,0.5449999999999999,5.290606233891034,0.2181566136518005,-0.013735088514672431,1.2599385949006126,6.66583898450109,486,2004.02.15.19.22.39,49.28861788617886,False,0.2088455247272572
-0.002379931640625,0.055286069228844416,0.237,-0.232,0.05533727067167864,0.469,4.282827778155953,0.08563890592102075,-0.01263026196963285,1.2594192499496908,5.39387574802887,487,2004.02.15.19.32.39,49.390243902439025,False,0.25652681187617854
-0.002572607421875,0.05580713773966139,0.269,-0.239,0.055866402529969876,0.508,4.815058565041722,0.17175705466639446,-0.017575230685816803,1.2618088620045713,6.07568356844066,488,2004.02.15.19.42.39,49.49186991869919,False,0.2544393785318028
-0.0030837890625000004,0.05565122898900576,0.251,-0.256,0.05573660415713134,0.507,4.503324230022817,0.24360978167434366,0.019874826823275966,1.2620073555976226,5.683228302929795,489,2004.02.15.19.52.39,49.59349593495935,False,0.25611705182000166
-0.003147216796874999,0.05461912651728872,0.266,-0.22,0.054709724501939554,0.486,4.8620241176789305,0.07433328764404212,-0.023806390693765184,1.2580662145453343,6.116748276756451,490,2004.02.15.20.02.39,49.69512195121951,False,0.2309011920831599
-0.0026416992187500003,0.0539437309864423,0.234,-0.244,0.054008376086492366,0.478,4.33266128248807,0.17595597142005115,-0.009193915626213143,1.2625578060380467,5.470235323124126,491,2004.02.15.20.12.39,49.796747967479675,False,0.20165638771943373
-0.0033215820312500004,0.055594462325371734,0.247,-0.225,0.055693600605792225,0.472,4.434979913550635,0.1320767195381305,0.02104727419253886,1.2592377266326904,5.584694024001148,492,2004.02.15.20.22.39,49.89837398373984,False,0.28449840888502215
-0.00286552734375,0.05600676911442019,0.259,-0.247,0.056080027047013356,0.506,4.618400055029815,0.21616682619457483,0.03610348342497581,1.2611552517688096,5.82451948417021,493,2004.02.15.20.32.39,50.0,False,0.23900426272560255
-0.002872412109375,0.05548441223106757,0.229,-0.298,0.05555871445554806,0.527,4.121765635582164,0.1464604625948973,-0.02048068508604215,1.260919570396451,5.197214954493118,494,2004.02.15.20.42.39,50.101626016260155,False,0.25967575899747675
-0.00306875,0.05441622593061053,0.281,-0.229,0.05450268682453875,0.51,5.155709128700887,0.22486259462368352,-0.012051685066980391,1.2582798549047156,6.48732493439267,495,2004.02.15.20.52.39,50.20325203252033,False,0.1583599638215476
-0.002373974609375,0.054792127025761354,0.266,-0.266,0.05484353142762713,0.532,4.850161779808438,0.17360671949207918,-0.024505702052833346,1.260557178861121,6.113906250175358,496,2004.02.15.21.02.39,50.30487804878049,False,0.2293013697615216
-0.002848828125,0.05602648646958606,0.242,-0.271,0.0560988681509039,0.513,4.31381252379333,0.1990257947915044,-0.003961459092809475,1.2617923325548652,5.443135566601576,497,2004.02.15.21.12.39,50.40650406504065,False,0.27149304409803104
-0.002760791015625,0.056404881871905996,0.254,-0.239,0.05647240623539629,0.493,4.497771866515501,0.09353129567488061,-0.0007357928665101285,1.258110845239493,5.658695564676229,498,2004.02.15.21.22.39,50.50813008130082,False,0.25449391241606234
-0.002913916015625,0.05454991677010845,0.21,-0.244,0.054627688274096635,0.45399999999999996,3.8442044068626244,0.06793219412311657,-0.00749769357007298,1.2578434899453463,4.835407487191364,499,2004.02.15.21.32.39,50.609756097560975,False,0.2423686850028458
-0.00280029296875,0.054100381055801436,0.21,-0.298,0.054172805641703195,0.508,3.8764837359344417,0.14743494367123766,-0.054189095189979365,1.257610621156842,4.875107119052909,500,2004.02.15.21.42.39,50.71138211382114,False,0.13091172016464725
-0.0026890625,0.055296439206922204,0.251,-0.261,0.055361785069610515,0.512,4.533813345873853,0.14780211545865773,0.0013898435848655616,1.2616048868433025,5.719881073189837,501,2004.02.15.21.52.39,50.81300813008131,False,0.27587170705560593
-0.0026311035156249994,0.05486028507285066,0.198,-0.234,0.05492334279688715,0.43200000000000005,3.6050245654607522,0.04412977604103974,-0.024244389500215156,1.255947178024469,4.527720429699319,502,2004.02.15.22.02.39,50.91463414634146,False,0.18407242308207028
-0.0029587890625000003,0.05508313284767743,0.249,-0.217,0.05516254124885156,0.46599999999999997,4.513932722510024,0.1476125325989739,0.009965837042830378,1.2604726286565044,5.689688644320821,503,2004.02.15.22.12.39,51.016260162601625,False,0.27883815494384
-0.0029937988281249998,0.05502290104383667,0.256,-0.232,0.05510428722615986,0.488,4.645736527710101,0.11737544548996981,-0.033129200779495965,1.2613157753819915,5.859740770669107,504,2004.02.15.22.22.39,51.117886178861795,False,0.27489932164704106
-0.002695556640625,0.056236892047227836,0.242,-0.234,0.056301456932608546,0.476,4.29829018971335,0.18007713659528068,-0.009401010668099513,1.2618823581978829,5.423936560814307,505,2004.02.15.22.32.39,51.21951219512195,False,0.2647434179061611
-0.003001708984375,0.05537578430427643,0.251,-0.239,0.05545708019847984,0.49,4.52602263050409,0.08871633217315633,-0.047838320013957124,1.2573839829872775,5.690948362233787,506,2004.02.15.22.42.39,51.32113821138211,False,0.2637523556415056
-0.0027323730468749997,0.05564216384450137,0.256,-0.242,0.055709211623982124,0.498,4.595290303655907,0.09911456891856929,-0.01239933154472824,1.2585000182656194,5.783172931086783,507,2004.02.15.22.52.39,51.42276422764228,False,0.2862410650560616
-0.00288017578125,0.05535243171572592,0.254,-0.249,0.05542731374850309,0.503,4.582578205981698,0.11642061019908034,0.027041812184948975,1.2549515725921334,5.750913726123169,508,2004.02.15.23.02.39,51.52439024390244,False,0.25168097738045503
-0.002749267578125,0.05531479757278558,0.266,-0.264,0.05538307776509333,0.53,4.802911118956513,0.31828470769416706,-0.01992850478558889,1.2673855522818747,6.087140161059457,509,2004.02.15.23.12.39,51.6260162601626,False,0.19790778530631575
-0.0033343749999999997,0.0551682636526937,0.276,-0.237,0.05526893676463977,0.513,4.993763516300907,0.03833948077185578,-0.02440345138620607,1.255719229533352,6.270764875161138,510,2004.02.15.23.22.39,51.72764227642277,False,0.21130518446688684
-0.0027872558593749997,0.054985180919862445,0.251,-0.242,0.05505578004184143,0.493,4.5590126923866015,0.11637561101918203,0.0028072309904402606,1.257366749510635,5.732350970003869,511,2004.02.15.23.32.39,51.829268292682926,False,0.28052856791721925
-0.0032288085937500002,0.05457251384828425,0.2,-0.259,0.05466794739750387,0.459,3.6584508751673375,0.14605779818783038,-0.018178292945666877,1.2619898809708163,4.616927984490007,512,2004.02.15.23.42.39,51.93089430894309,False,0.2095716349182124
-0.0032422363281250006,0.055867406881288675,0.242,-0.276,0.0559614085602469,0.518,4.324408663507241,0.1751888520180298,-0.0220975051093146,1.2570452614020293,5.43597741882766,513,2004.02.15.23.52.39,52.03252032520326,False,0.2533224995702663
-0.003230810546875,0.05553375678366335,0.256,-0.232,0.055627657503231925,0.488,4.602027327595569,0.09074411967391516,-0.019034874284573147,1.2582621147404571,5.790556637313775,514,2004.02.16.00.02.39,52.13414634146341,False,0.28613755922263795
-0.0033023925781249996,0.0555147759235149,0.205,-0.234,0.05561291345162672,0.439,3.6861942177928384,0.07273194036230812,0.016011927949552356,1.2585513430699051,4.639264683619695,515,2004.02.16.00.12.39,52.235772357723576,False,0.2093660164084325
-0.0031540039062500002,0.05600151725748696,0.247,-0.234,0.05609026364513943,0.481,4.403616313210254,0.1440839176423343,0.011791288633062325,1.2631164226913874,5.562280084447571,516,2004.02.16.00.22.39,52.33739837398373,False,0.2764462678712495
-0.0032222656249999994,0.0549430103566818,0.225,-0.269,0.05503741802458124,0.494,4.088127824228759,0.15833503429849793,0.008596256268880687,1.2614163393027351,5.156831234640298,517,2004.02.16.00.32.39,52.4390243902439,False,0.27646190633338896
-0.003038720703125,0.05491505527293062,0.222,-0.249,0.054999064711507825,0.471,4.036432276884692,0.09491692448447919,0.018487009313886332,1.2570948219755165,5.074178114526589,518,2004.02.16.00.42.39,52.540650406504064,False,0.26465739099889685
-0.0029373046875000005,0.05397911538199557,0.229,-0.215,0.05405897387344676,0.444,4.23611444301725,0.06097086548905395,0.0057369738701321,1.2561897761451222,5.321363653898958,519,2004.02.16.00.52.39,52.642276422764226,False,0.19588033262434118
-0.00257373046875,0.05495117358055675,0.234,-0.249,0.05501141305589459,0.483,4.253662776526814,0.1352599426178469,-0.018936907346423556,1.2593264486232565,5.356750038004454,520,2004.02.16.01.02.39,52.743902439024396,False,0.2729724306054442
-0.0029431152343750004,0.055420363019113426,0.264,-0.232,0.05549845551412332,0.496,4.756889134199724,0.12320201736726188,-0.04950909476155264,1.2593091566028436,5.9903940436422864,521,2004.02.16.01.12.39,52.84552845528455,False,0.26173690614331224
-0.0033323242187500005,0.054220545810212774,0.21,-0.212,0.05432284945265896,0.422,3.865776595224628,0.05019523438248408,0.0321097040974757,1.2562550748881036,4.856401466134594,522,2004.02.16.01.22.39,52.947154471544714,False,0.15024120105227223
-0.003001318359375,0.055470180863765026,0.229,-0.254,0.05555131750870654,0.483,4.122314470113313,0.09041978201163703,-0.008775108496980264,1.2582168310405115,5.186765449138418,523,2004.02.16.01.32.39,53.04878048780488,False,0.29777562186720286
-0.0029642578125,0.05652415043033405,0.269,-0.234,0.056601823347397565,0.503,4.752497076798995,0.1778142482792111,-0.04553116541258325,1.262544619239451,6.000239612263791,524,2004.02.16.01.42.39,53.15040650406504,False,0.2271417895070153
-0.002362548828125,0.05555586604226956,0.225,-0.239,0.055606077803346955,0.46399999999999997,4.046320274480088,0.10079533260991269,-0.004843659789125188,1.2582464883314555,5.091268276028942,525,2004.02.16.01.52.39,53.2520325203252,False,0.2599664567527832
-0.0022861328124999998,0.056784537974818555,0.242,-0.247,0.05683053894034439,0.489,4.258273887812852,0.14806704856447173,-0.04488577204070036,1.2624789431247512,5.375981117421694,526,2004.02.16.02.02.39,53.35365853658537,False,0.18356897722507637
-0.002809521484375,0.05513786872508277,0.283,-0.244,0.055209401178745135,0.5269999999999999,5.125938589403703,0.16326690193261761,-0.009155306420746015,1.2582709156311176,6.449819442357876,527,2004.02.16.02.12.39,53.45528455284553,False,0.23513574187390984
-0.002953515625,0.05592804378297511,0.239,-0.225,0.05600597589487661,0.46399999999999997,4.267401758137448,0.1753126106419538,-0.001614653258928908,1.2642321005465538,5.394986288566162,528,2004.02.16.02.22.39,53.55691056910569,False,0.2559706154715325
-0.002831689453125,0.0552828340438439,0.234,-0.234,0.05535530873437637,0.468,4.227236833288276,0.08925333455996753,0.0057873616698697625,1.2559775353884812,5.309314499376817,529,2004.02.16.02.32.39,53.65853658536586,False,0.28833829541374834
-0.0022905761718750002,0.05480797612691937,0.212,-0.254,0.05485581998592424,0.46599999999999997,3.8646765293891927,0.13241421240847773,-0.02861321829086705,1.2589124696034026,4.865289473831655,530,2004.02.16.02.42.39,53.760162601626014,False,0.23234031481504658
-0.003036083984375,0.056348268474332434,0.251,-0.266,0.05643000235704076,0.517,4.447988472725676,0.1127331782603882,-0.03339731344155699,1.2597698969261282,5.603441979814231,531,2004.02.16.02.52.39,53.86178861788618,False,0.25251156363542715
-0.003121923828125,0.055578723972472245,0.249,-0.273,0.055666336028131716,0.522,4.473080460588687,0.21885479768273042,0.03221669469451056,1.2617848234028697,5.644065039030722,532,2004.02.16.03.02.39,53.963414634146346,False,0.2536551450434903
-0.0027974121093750004,0.056287548432465924,0.22,-0.229,0.05635701928816742,0.449,3.9036840978953378,0.10824673896849779,-0.01752954800723647,1.258157046222143,4.911447653992349,533,2004.02.16.03.12.39,54.0650406504065,False,0.2482827442555628
-0.0034185546875,0.05634706995436694,0.208,-0.242,0.05645067589138105,0.44999999999999996,3.6846325879289896,0.146723231462774,-0.05076889409878628,1.2621176258891664,4.650439734150792,534,2004.02.16.03.22.39,54.166666666666664,False,0.17257242862428385
-0.0032107421875,0.05548403505806114,0.237,-0.239,0.055576856799559565,0.476,4.264364946991356,0.09754992204311197,-0.008775431497233498,1.259515440277196,5.371033493712459,535,2004.02.16.03.32.39,54.268292682926834,False,0.29322234293485705
-0.00259658203125,0.056662471631958394,0.271,-0.327,0.05672193517227264,0.5980000000000001,4.77769313012566,0.2932817766567024,-0.029450563495062372,1.2659518105801122,6.048329268478741,536,2004.02.16.03.42.39,54.36991869918699,False,0.1188598758677204
-0.0029669433593750003,0.0558269519628435,0.21,-0.225,0.055905736005882035,0.435,3.75632296438965,0.07522589028772142,-0.02765172832850004,1.2564258576175842,4.7195413020218915,537,2004.02.16.03.52.39,54.47154471544715,False,0.22388593172811988
-0.003025146484375,0.05585860709680245,0.261,-0.249,0.055940463870501424,0.51,4.6656745751018125,0.11999025674962605,0.016154184072143536,1.2582750596296646,5.870701954198842,538,2004.02.16.04.02.39,54.57317073170732,False,0.2737603487148335
-0.003163134765625,0.05763582207844024,0.273,-0.239,0.05772255545454589,0.512,4.7295203382839865,0.10712835193337211,0.027716170410560344,1.2570544998655917,5.94526482344572,539,2004.02.16.04.12.39,54.67479674796748,False,0.15793521901744023
-0.0028833984375000003,0.05727302499743551,0.242,-0.237,0.057345561109001714,0.479,4.220030204953606,0.11806718801610572,0.02597051497346387,1.2586023477083048,5.3113399233545655,540,2004.02.16.04.22.39,54.77642276422764,False,0.19877557236257792
-0.00279267578125,0.055666507381118044,0.239,-0.229,0.05573651479982625,0.46799999999999997,4.288032735063389,0.0930287768278033,-0.0007827308799040358,1.256307847771017,5.3870891765591535,541,2004.02.16.04.32.39,54.87804878048781,False,0.28443337772970906
-0.00326826171875,0.05586747282654955,0.203,-0.259,0.05596298825730717,0.462,3.627397433936956,0.10727179610252424,0.001243230515499022,1.2587692606447494,4.566056385981483,542,2004.02.16.04.42.39,54.97967479674797,False,0.22370484329240242
-0.0030980468749999997,0.05589247189160677,0.256,-0.229,0.05597826639503719,0.485,4.573203432085848,0.09902074440089725,-0.006142458525347061,1.2590188822597972,5.757749473411394,543,2004.02.16.04.52.39,55.08130081300813,False,0.28301322822304475
-0.003388623046875,0.05603084214033877,0.215,-0.254,0.05613321687832771,0.469,3.830174216917339,0.08294381378913362,0.02969793100523696,1.2575748557596877,4.816730788374298,544,2004.02.16.05.02.39,55.1829268292683,False,0.2018460162895429
-0.002808349609375,0.05533488017053212,0.232,-0.242,0.055406098861186984,0.474,4.187264665235624,0.08247504297642738,-0.021148701363470593,1.2580079764046466,5.267612348183747,545,2004.02.16.05.12.39,55.28455284552846,False,0.2951885350845594
-0.00322744140625,0.05589504087685662,0.215,-0.237,0.055988141357400406,0.45199999999999996,3.8400988992927463,0.026399296410609452,-0.0251814114809438,1.256368346371661,4.824578704008064,546,2004.02.16.05.22.39,55.386178861788615,False,0.2229589265512953
-0.00283720703125,0.05601960770719548,0.212,-0.276,0.05609140924781842,0.488,3.779544904342823,0.11128757403008871,-0.012897567647929126,1.2585643150084374,4.756800343577854,547,2004.02.16.05.32.39,55.487804878048784,False,0.22917290449992073
-0.0029189453125,0.05596918596686827,0.232,-0.229,0.05604524974992305,0.461,4.1395122875747115,0.07866525144335945,-0.007130321770592663,1.2587366591785076,5.210555867490174,548,2004.02.16.05.42.39,55.58943089430895,False,0.28104499964728097
-0.002928564453125,0.05572868868604184,0.217,-0.244,0.05580558424048507,0.46099999999999997,3.888499743410514,0.10883530587253043,-0.030294709560002714,1.2559943791123012,4.883933820903231,549,2004.02.16.05.52.39,55.6910569105691,False,0.2582695702348934
-0.0029390625,0.05587875666814128,0.232,-0.259,0.055955996418223575,0.491,4.146115069884503,0.08727154397023185,-0.04934434852850985,1.2567238234119242,5.21052158293105,550,2004.02.16.06.02.39,55.79268292682927,False,0.24664793533017126
-0.00309755859375,0.05746332265950852,0.315,-0.237,0.05754674899864023,0.552,5.473810518947702,0.1690546666138366,-0.01651182892524631,1.2597535765127015,6.895652378397213,551,2004.02.16.06.12.39,55.894308943089435,False,0.1324296300366561
-0.0031794921875,0.056565517092667654,0.229,-0.266,0.056654804690610745,0.495,4.042022583089967,0.19496440754275834,0.011448312750901767,1.2643240393146769,5.110426319253451,552,2004.02.16.06.22.39,55.99593495934959,False,0.21648358600886586
-0.0033010742187499996,0.05727619129000988,0.281,-0.283,0.057371240004792476,0.5640000000000001,4.8979244648804325,0.21184117118313894,-0.022638508075844273,1.2627656139686156,6.184930594066642,553,2004.02.16.06.32.39,56.09756097560976,False,0.1575573167683031
-0.003057666015625,0.0555285834406706,0.225,-0.237,0.05561270448728982,0.46199999999999997,4.045838124118264,0.09634818897434672,-0.027243416263940442,1.2594985750095882,5.095727352046419,554,2004.02.16.06.42.39,56.19918699186992,False,0.2934987594347529
-0.0029156738281250006,0.05584243727852601,0.222,-0.278,0.05591850279717908,0.5,3.9700633760744974,0.19727089091624928,0.010727239872514263,1.2619390361952523,5.00997795043752,555,2004.02.16.06.52.39,56.30081300813008,False,0.24179301412657228
-0.0030436523437500002,0.05618343499564961,0.242,-0.247,0.05626581722058252,0.489,4.301012798788148,0.16194321763518582,-0.0010155685227659886,1.2593043607302896,5.416284173070702,556,2004.02.16.07.02.39,56.40243902439024,False,0.28012608267251904
-0.00321142578125,0.05460570066607307,0.225,-0.232,0.05470005302356891,0.457,4.113341533746833,0.008671498687291113,0.04469905306687033,1.254995962442436,5.1622270169990525,557,2004.02.16.07.12.39,56.50406504065041,False,0.1885206275220131
-0.0031609863281249996,0.05652329797757321,0.242,-0.217,0.056611615847175084,0.45899999999999996,4.274741082347604,0.11811451528329187,0.030278421306043274,1.26131099148521,5.391777912918417,558,2004.02.16.07.22.39,56.605691056910565,False,0.2338116368620219
-0.00297548828125,0.055800730008559424,0.215,-0.234,0.05588000536864684,0.449,3.8475300526837857,0.1346965855250315,-0.018413585055176745,1.2565797962433871,4.8347285296416995,559,2004.02.16.07.32.39,56.70731707317073,False,0.2534411707640971
-0.00293681640625,0.05583034702075996,0.217,-0.227,0.055907535619650596,0.444,3.8814087867562526,0.1290269717933885,-0.005452158133011926,1.2611898388636644,4.89519332233313,560,2004.02.16.07.42.39,56.8089430894309,False,0.25630455644753614
-0.0028546386718750006,0.05647317457214674,0.271,-0.254,0.0565452775057575,0.525,4.792619506950098,0.20667327581842843,0.0007768541561281998,1.262037948212691,6.048467689115421,561,2004.02.16.07.52.39,56.91056910569105,False,0.23453129503283854
-0.0028095214843750003,0.055833852098889886,0.259,-0.266,0.05590449401588279,0.525,4.632901246300818,0.12763104309770146,-0.01226856105309846,1.2588845624621672,5.832287858379835,562,2004.02.16.08.02.39,57.012195121951216,False,0.2707899298982273
-0.00288291015625,0.05644686782829266,0.271,-0.254,0.05652043929936983,0.525,4.794725648974591,0.18845157979004545,-0.010584968308656847,1.2621864777187561,6.051837878507017,563,2004.02.16.08.12.39,57.113821138211385,False,0.25132898049151575
-0.00294228515625,0.05573935129043091,0.205,-0.237,0.05581695373467411,0.44199999999999995,3.6727192418000363,0.03683301683734275,-0.029815356170878812,1.2545255545794536,4.6075201436338205,564,2004.02.16.08.22.39,57.21544715447154,False,0.18984764558851142
-0.0028909667968749996,0.055451803541972294,0.215,-0.254,0.0555271123423335,0.469,3.8719823691621262,0.11986421294731198,-0.00412528477906499,1.2579941489211426,4.870931165131778,565,2004.02.16.08.32.39,57.3170731707317,False,0.27121573329006143
-0.00279931640625,0.05559788541674898,0.203,-0.21,0.05566831266668903,0.41300000000000003,3.6465987610483435,0.03741396753332493,-0.027868892904164253,1.2584019993971072,4.5888871719022495,566,2004.02.16.08.42.39,57.41869918699187,False,0.19077462800077172
-0.002815966796875,0.05656646109181679,0.242,-0.222,0.056636509333230674,0.46399999999999997,4.272862202296953,0.04711901329999346,-0.013899151203541628,1.2539778431360418,5.358074528453852,567,2004.02.16.08.52.39,57.52032520325203,False,0.2019825706766713
-0.003106982421875,0.05544626859623454,0.215,-0.217,0.055533251669748505,0.432,3.8715543126951504,0.08521907287011166,-0.0023447365751751523,1.2574877843574295,4.868432254690476,568,2004.02.16.09.02.39,57.62195121951219,False,0.25137091272473344
-0.0030020507812500005,0.0562683207637792,0.249,-0.291,0.05634834718488867,0.54,4.418940615649079,0.1580522363904091,-0.009970528454964232,1.259854529357875,5.567222349588969,569,2004.02.16.09.12.39,57.72357723577236,False,0.2483874658220307
-0.0027578125000000003,0.05623045700004219,0.237,-0.251,0.056298044586102186,0.488,4.209737687026276,0.10932163919855586,-0.0042319060983861765,1.2568308597402724,5.290928236466261,570,2004.02.16.09.22.39,57.82520325203252,False,0.26249475507603565
-0.0025008300781250003,0.0553222916765224,0.266,-0.217,0.0553787875221359,0.483,4.803283204668846,0.11285379806146034,0.012712177446633543,1.260380938279189,6.05396659232119,571,2004.02.16.09.32.39,57.92682926829268,False,0.24214356494514666
-0.00342421875,0.05567949243928054,0.264,-0.229,0.05578468564349673,0.493,4.732481629226078,0.07408792667363251,-0.021379960678077178,1.2584351621730603,5.955521286556149,572,2004.02.16.09.42.39,58.02845528455285,False,0.2563313769374072
-0.0031017578125000006,0.055565110814960544,0.251,-0.264,0.0556516167007415,0.515,4.510201407979145,0.2150777845716889,-0.021418880845417678,1.2614553699449549,5.689417785628589,573,2004.02.16.09.52.39,58.13008130081301,False,0.2777497116029799
-0.0032603515625000004,0.05564655384967836,0.227,-0.22,0.05574198460457117,0.447,4.072334374355675,0.11432376573957281,-0.04334022665419129,1.259833763029458,5.130464339158724,574,2004.02.16.10.02.39,58.231707317073166,False,0.25382614653547475
-0.0025252929687499997,0.05545345779443769,0.222,-0.261,0.05551092762634669,0.483,3.9992125783650927,0.07080997400514955,-0.001551210054254737,1.258469727561885,5.032887963957181,575,2004.02.16.10.12.39,58.333333333333336,False,0.26028283430557075
-0.0027693847656249998,0.05563513329585945,0.21,-0.254,0.05570401734909363,0.46399999999999997,3.769925581559818,0.08770216266433417,-0.013260019884804991,1.254924824859431,4.730973200172043,576,2004.02.16.10.22.39,58.4349593495935,False,0.2431945120496265
-0.003030126953125,0.0556531558006356,0.215,-0.352,0.05573558486211367,0.567,3.857499666180887,0.12655431802226902,-0.038700870612532065,1.2593791923793765,4.8580548141986,577,2004.02.16.10.32.39,58.536585365853654,False,0.19761399910609717
-0.0026900390625,0.056051497129579186,0.205,-0.217,0.05611601055514371,0.422,3.6531463653951657,0.029881454150052722,-0.03753600044958927,1.2564842631899755,4.590120919248682,578,2004.02.16.10.42.39,58.63821138211382,False,0.16780014948904864
-0.0031571777343749998,0.05511454648831778,0.208,-0.222,0.05520490019789344,0.43,3.7677814696590475,0.03579720771200012,-0.04682686378431766,1.255042616807654,4.728726315240279,579,2004.02.16.10.52.39,58.739837398373986,False,0.19987990994981353
-0.0028071289062500003,0.057406095263460015,0.247,-0.298,0.057474687872956294,0.5449999999999999,4.297543999646869,0.12144045606344012,-0.023229468064068087,1.2567119005015235,5.400774687285135,580,2004.02.16.11.02.39,58.84146341463414,False,0.15940764291625054
-0.00315693359375,0.055453388548714067,0.208,-0.249,0.055543177180010145,0.45699999999999996,3.7448343893956912,0.17082585209566226,-0.03879065800888828,1.260828225818781,4.721592899166928,581,2004.02.16.11.12.39,58.94308943089431,False,0.24215105884640875
-0.002784375,0.055880999660411185,0.254,-0.234,0.05595032499626343,0.488,4.5397412797327465,0.06877670021570959,-0.025843337678537692,1.2579207523876736,5.7106347662467964,582,2004.02.16.11.22.39,59.04471544715447,False,0.2581094322234442
-0.002663671875,0.055772253026133735,0.261,-0.266,0.05583582501825105,0.527,4.6744182595078865,0.123661021852711,-0.016326131778645305,1.2584548992302815,5.882544559729186,583,2004.02.16.11.32.39,59.14634146341463,False,0.26137671972099036
-0.002929345703125,0.056828599188302256,0.22,-0.242,0.05690404864289645,0.46199999999999997,3.866157246220185,0.07347552236255206,0.00578046510426139,1.2564593182126147,4.857669297688574,584,2004.02.16.11.42.39,59.2479674796748,False,0.1971832982981087
-0.0028678710937499997,0.05566230510786347,0.234,-0.251,0.05573613634376938,0.485,4.198353444464371,0.10319216363893391,-0.009993558026844845,1.259443066596196,5.28758713675091,585,2004.02.16.11.52.39,59.34959349593496,False,0.2892065072192943
-0.00297626953125,0.05565610632482165,0.254,-0.244,0.05573562910349626,0.498,4.557228546363833,0.09334066079455816,0.007220099119405853,1.2544461193310334,5.716797664890716,586,2004.02.16.12.02.39,59.45121951219512,False,0.2647236611210958
-0.0028665527343750006,0.056739392889765504,0.208,-0.237,0.05681175785062565,0.44499999999999995,3.6612139435447753,0.08225973045792179,-0.03723319676615441,1.257099640300075,4.602510731491756,587,2004.02.16.12.12.39,59.552845528455286,False,0.18351714966161098
-0.002896142578125,0.05719164435771232,0.227,-0.251,0.057264926666956234,0.478,3.964031968820918,0.06037593877231551,-0.010651596126642005,1.257370252387632,4.984255877108999,588,2004.02.16.12.22.39,59.65447154471545,False,0.1847118951349888
-0.002721630859375,0.05563597680384899,0.232,-0.232,0.05570250613260704,0.464,4.164983159782684,0.07783646967085378,-0.0016052624102800524,1.2558135694935544,5.2304423687672355,589,2004.02.16.12.32.39,59.756097560975604,False,0.2896588103222057
-0.00322412109375,0.0570215476696449,0.273,-0.222,0.05711262430906804,0.495,4.780028991885328,0.13326504014213736,-0.03055805359525758,1.258932407108122,6.017733404800806,590,2004.02.16.12.42.39,59.857723577235774,False,0.2023913704662494
-0.00229189453125,0.05658421589974431,0.242,-0.237,0.05663061247709802,0.479,4.27330712868181,0.10805513003164435,-0.05543467188589065,1.2585700371896884,5.378256311868026,591,2004.02.16.12.52.39,59.959349593495936,False,0.18356948447512222
-0.0028894042968749998,0.05516497208866851,0.217,-0.244,0.05524059017366103,0.46099999999999997,3.928270847900293,0.06479427760246015,0.0014265851113746185,1.255854002036512,4.933334665418946,592,2004.02.16.13.02.39,60.0609756097561,False,0.26375133363953773
-0.0025849121093750003,0.05544417692397851,0.278,-0.251,0.055504400955155124,0.529,5.008611843673632,0.0647122934435802,-0.03539367107026673,1.2558236563657057,6.2899332388388,593,2004.02.16.13.12.39,60.16260162601627,False,0.20387154116660494
-0.002710791015625,0.05695487952338001,0.237,-0.259,0.05701935363938392,0.496,4.156483454703727,0.12392859951421409,0.0016427345076109419,1.259187204651535,5.233790782508741,594,2004.02.16.13.22.39,60.264227642276424,False,0.2272074355849092
-0.0031273925781250002,0.05681573605021688,0.256,-0.273,0.0569017437981089,0.529,4.498983386314217,0.1806758537376667,-0.028399028086671593,1.2592241311895849,5.665228445867897,595,2004.02.16.13.32.39,60.36585365853659,False,0.21723762538569397
-0.002694921875,0.05660414897552914,0.222,-0.273,0.05666826523863467,0.495,3.917536544751105,0.159503724875663,-0.0417136562633192,1.2618551880304414,4.943363813293031,596,2004.02.16.13.42.39,60.46747967479674,False,0.19860727459190597
-0.0029165039062500004,0.05511148201851705,0.247,-0.261,0.05518859887071332,0.508,4.4755620735839035,0.062464042138128395,0.01899790675110233,1.2523462241912704,5.604953263986455,597,2004.02.16.13.52.39,60.56910569105691,False,0.22189487821515175
-0.002478955078125,0.055923464950870694,0.273,-0.251,0.05597838109833675,0.524,4.876882729431264,0.12874211977202998,0.0015753902206887195,1.2596813374492903,6.143318159193321,598,2004.02.16.14.02.39,60.670731707317074,False,0.23387375910731667
-0.00262890625,0.056039741447119124,0.225,-0.227,0.05610137047819108,0.452,4.010597211479295,0.10153141096687479,-0.04135970161983658,1.2596627914858811,5.0520000789375,599,2004.02.16.14.12.39,60.77235772357723,False,0.23543523210744544
-0.0031159667968750004,0.05611164998993211,0.217,-0.217,0.05619810062334736,0.434,3.8613404651232623,0.06054470079983432,-0.007643143639362907,1.2567051787230192,4.852566559333156,600,2004.02.16.14.22.39,60.8739837398374,False,0.2219646180458255
-0.00293828125,0.056608608618320136,0.249,-0.237,0.056684813366599786,0.486,4.392710943399127,0.16546862940749696,-0.0027170859092455675,1.2608445610337422,5.538525701178188,601,2004.02.16.14.32.39,60.97560975609756,False,0.2556212087669696
-0.002947265625,0.05565424487846316,0.269,-0.239,0.05573222898517742,0.508,4.826650663327021,0.05105641543346007,-0.002905613796596587,1.252423382472632,6.045010149777801,602,2004.02.16.14.42.39,61.07723577235772,False,0.20379026747076412
-0.00294033203125,0.05511945350397857,0.229,-0.227,0.05519782339034077,0.456,4.148714313979152,0.09922804373772331,-0.008635016993499426,1.2596766074901649,5.226038372479145,603,2004.02.16.14.52.39,61.17886178861789,False,0.29317499576931955
-0.002683642578125,0.056099654685855684,0.222,-0.232,0.05616380679191337,0.454,3.9527235185910548,0.08017831082856519,-0.001965734011026594,1.2584611648109636,4.97434904338179,604,2004.02.16.15.02.39,61.28048780487805,False,0.25903000061704073
-0.0032150390625,0.05597990404278217,0.259,-0.293,0.05607215113416374,0.552,4.619048757025411,0.09528870780003729,-0.018587100030776692,1.2588383436168638,5.814635686379401,605,2004.02.16.15.12.39,61.382113821138205,False,0.23020443093633558
-0.0027694335937499997,0.05559317438634944,0.217,-0.266,0.055662112794801905,0.483,3.898522515664639,0.11966762162604105,-0.023132759753307447,1.2596271704882693,4.910684885491459,606,2004.02.16.15.22.39,61.483739837398375,False,0.2746696863323604
-0.0029160156249999998,0.05436672150831109,0.242,-0.232,0.05444486711056883,0.474,4.444863452573713,0.09781882601039316,-0.043607074413663,1.2590540739427623,5.5963234380822255,607,2004.02.16.15.32.39,61.58536585365854,False,0.23718731837822643
-0.0031341308593749997,0.05618574652372422,0.254,-0.247,0.0562730920482594,0.501,4.513702566444571,0.06090305627587966,0.008014434651947542,1.2525695126095169,5.6537262237158,608,2004.02.16.15.42.39,61.68699186991869,False,0.21814455095689195
-0.00325927734375,0.056500894125471754,0.251,-0.225,0.05659482242909903,0.476,4.435034676793062,0.08677080626448186,0.013991853618094177,1.257160729383176,5.575551429116845,609,2004.02.16.15.52.39,61.78861788617886,False,0.2479550472640228
-0.003138818359375,0.055498059307375565,0.249,-0.271,0.05558674992818095,0.52,4.47948477508961,0.08276254986893727,0.004332406021526793,1.2541647582310471,5.618011939949917,610,2004.02.16.16.02.39,61.890243902439025,False,0.25215589332433996
-0.003283154296875,0.05735140062563674,0.244,-0.264,0.05744529794386461,0.508,4.247519096139707,0.13935865981268192,-0.024297626312007728,1.2609034954266376,5.35571167521395,611,2004.02.16.16.12.39,61.99186991869918,False,0.17667762169348777
-0.00266806640625,0.056043257007661856,0.234,-0.239,0.056106730740393344,0.473,4.170622613581273,0.19520174692097214,-0.014100416714178325,1.2629539840268618,5.267304445694991,612,2004.02.16.16.22.39,62.09349593495935,False,0.2592883219797572
-0.0030996582031250003,0.057001848413357835,0.254,-0.244,0.05708606312853975,0.498,4.449422259651579,0.1217424020131892,-0.031539552684599154,1.2606331972975178,5.609089409311316,613,2004.02.16.16.32.39,62.19512195121951,False,0.2200664963426669
-0.0027497558593750004,0.0563236161071509,0.347,-0.276,0.05639069860067238,0.623,6.153497094569821,0.19210061686016422,-0.020541164378171436,1.260125968068918,7.75418148330407,614,2004.02.16.16.42.39,62.29674796747967,False,0.11819663954516202
-0.0027669433593750003,0.05718606155151914,0.259,-0.234,0.05725296159438501,0.493,4.5237834478313,0.17022683957228146,-0.00882885796118714,1.2615329740407624,5.706901986858993,615,2004.02.16.16.52.39,62.398373983739845,False,0.2010962134834256
-0.0032862304687499995,0.05712523425356792,0.234,-0.225,0.05721967930020886,0.459,4.089502123426719,0.15704481742895693,-0.02115032279445691,1.2594269907340134,5.150429352907671,616,2004.02.16.17.02.39,62.5,False,0.19964372084182025
-0.0028130859375,0.05683386497207884,0.249,-0.327,0.05690344154931448,0.5760000000000001,4.375833749602087,0.1578094028720649,-0.04308201194965629,1.2616925197311155,5.520956709459913,617,2004.02.16.17.12.39,62.601626016260155,False,0.18053063570122024
-0.0031461425781249995,0.057295729891774956,0.229,-0.229,0.057382043157708534,0.458,3.9907955067165783,0.06714626401574941,0.0036012934891511343,1.2547491416938175,5.00744723672817,618,2004.02.16.17.22.39,62.70325203252033,False,0.1594019528738485
-0.003306591796875,0.05728643334009775,0.227,-0.315,0.05738178277241502,0.542,3.9559593486371263,0.17977559835353674,-0.01643221722987406,1.2604063265757877,4.9861161906988665,619,2004.02.16.17.32.39,62.80487804878049,False,0.13942649873808588
-0.0026224121093750006,0.05689709010952782,0.286,-0.283,0.05695749211651725,0.569,5.0212884973048535,0.20131179130871768,0.005113062383303186,1.2603543270535893,6.328602684962588,620,2004.02.16.17.42.39,62.90650406504065,False,0.17996070431235606
-0.002974462890625,0.05560096111716883,0.256,-0.217,0.05568046611371554,0.473,4.59766266103402,0.04931147418752113,-0.029664316272505792,1.2569605133158819,5.779080418466585,621,2004.02.16.17.52.39,63.00813008130082,False,0.25003471686848644
-0.002925537109375,0.05781684250755609,0.232,-0.232,0.057890811403208675,0.464,4.007544450951349,0.07205116007266055,0.0006028630225560986,1.256683068579647,5.0362132580908785,622,2004.02.16.18.02.39,63.109756097560975,False,0.1737076143341204
-0.002970556640625,0.05668313156992091,0.22,-0.234,0.05676091623052014,0.454,3.8759064266426835,0.11567350034690893,4.0937925049607496e-05,1.2634251299613977,4.896917580799249,623,2004.02.16.18.12.39,63.21138211382114,False,0.20066362166823742
-0.0029790527343750003,0.05663401901719661,0.259,-0.283,0.056712316697824776,0.542,4.5669091844723395,0.1224627531250948,-0.018765577649975333,1.2571077461941567,5.741096911965418,624,2004.02.16.18.22.39,63.31300813008131,False,0.21003915036041
-0.0035222656250000007,0.056483489294091006,0.222,-0.254,0.05659320558131294,0.476,3.922732379614565,0.07913044383898304,0.02287767407553965,1.2591187152151735,4.939185753953251,625,2004.02.16.18.32.39,63.41463414634146,False,0.20353137652898662
-0.0026546875,0.05621343948566565,0.254,-0.261,0.05627608856815877,0.515,4.513462226365785,0.10422613436731876,0.0062272212273404995,1.2555578366002917,5.666912868512962,626,2004.02.16.18.42.39,63.516260162601625,False,0.23969216743497201
-0.0032308593750000002,0.05669111262644238,0.266,-0.327,0.05678310226753202,0.593,4.684492205916266,0.1590994539989654,-0.020510698982607326,1.2586863435764104,5.896306366176939,627,2004.02.16.18.52.39,63.617886178861795,False,0.17245986457304047
-0.003028515625,0.056146072980021326,0.215,-0.298,0.05622769262533143,0.513,3.8237386234685937,0.10280419379739181,-0.03574462581702821,1.260586388767997,4.820152862950986,628,2004.02.16.19.02.39,63.71951219512195,False,0.19515010865597882
-0.003209326171875,0.05734207917299384,0.232,-0.242,0.05743181886689098,0.474,4.039572567564046,0.10352277621411865,-0.0020811641510291743,1.2580081461110932,5.0818151968024745,629,2004.02.16.19.12.39,63.82113821138211,False,0.20401227704664876
-0.0027643066406250003,0.0567507405083821,0.242,-0.237,0.056818024776061384,0.479,4.2592117722114065,0.12235933925708897,-0.004765174035128957,1.2594072938923702,5.364082372155293,630,2004.02.16.19.22.39,63.92276422764228,False,0.2564941205272477
-0.0035399414062500002,0.05624762379005727,0.242,-0.217,0.05635890672455863,0.45899999999999996,4.293908701648882,0.08406543365255015,0.004601952509129082,1.2573014695932783,5.398737720882505,631,2004.02.16.19.32.39,64.02439024390245,False,0.23911332360710508
-0.0035005859375000004,0.05668320080555549,0.242,-0.225,0.056791190826295856,0.46699999999999997,4.2612242581810325,-0.012066516649287262,0.015572592521690921,1.2515614750389419,5.333184118040774,632,2004.02.16.19.42.39,64.1260162601626,False,0.1595321758140319
-0.002791357421875,0.05700875475455694,0.264,-0.256,0.05707705138601569,0.52,4.625326529475943,0.08464229926218891,-0.01365552662914745,1.2577976424303803,5.817724804245533,633,2004.02.16.19.52.39,64.22764227642277,False,0.1890658757356074
-0.002684765625,0.05635609735707458,0.271,-0.283,0.056420011306107076,0.554,4.8032602923400365,0.23528827437445043,-0.023925479676134346,1.260350560266617,6.053791800557159,634,2004.02.16.20.02.39,64.32926829268293,False,0.21971603126876543
-0.0029713378906249996,0.05698062058141225,0.247,-0.254,0.05705804036858544,0.501,4.328925396042716,0.09959192548383156,0.03108421367914627,1.2570675956301154,5.441751839265563,635,2004.02.16.20.12.39,64.43089430894308,False,0.1976623829782258
-0.00305419921875,0.057276877662704666,0.437,-0.283,0.05735825004004437,0.72,7.618781948453983,0.31270397716239184,0.029401527861785272,1.2596259831049788,9.596815701883814,636,2004.02.16.20.22.39,64.53252032520325,True,-0.02995713100050945
-0.0029095703125,0.056157504039724006,0.21,-0.264,0.05623282723974494,0.474,3.734473443860094,0.12760317825573075,-0.033365343410759654,1.2575929634858807,4.696447525323339,637,2004.02.16.20.32.39,64.63414634146342,False,0.21290502607324047
-0.003511328125,0.05677114460669992,0.278,-0.247,0.05687962979095635,0.525,4.887514229992422,0.18395197648519135,0.0018710055053621397,1.264672412798974,6.181104413833835,638,2004.02.16.20.42.39,64.73577235772358,False,0.19229536291542387
-0.0029719726562500003,0.056791326634216356,0.244,-0.215,0.056869037290460174,0.45899999999999996,4.290559707451408,0.030714527310490958,-0.0010434338728018357,1.255078691715509,5.38499006435539,639,2004.02.16.20.52.39,64.83739837398373,False,0.19175085333631214
-0.002824609375,0.05662856897420385,0.256,-0.232,0.056698970380312026,0.488,4.515073171220983,0.1491227624635454,0.041206211099961684,1.2584995842433149,5.682217708809752,640,2004.02.16.21.02.39,64.9390243902439,False,0.2259339849623076
-0.00323125,0.056272794339827306,0.229,-0.239,0.05636548908130755,0.46799999999999997,4.062769679327472,0.1323062341500818,-0.004945980595599586,1.2582844091696843,5.112119745545077,641,2004.02.16.21.12.39,65.04065040650406,False,0.27112207467456173
-0.0032789550781250005,0.056899311995390264,0.308,-0.239,0.05699371238964106,0.5469999999999999,5.40410489308608,0.16185308361238349,-0.010959159717322139,1.261125831254219,6.815256275478176,642,2004.02.16.21.22.39,65.14227642276423,False,0.1622076782181725
-0.0028293945312500004,0.05706941270444512,0.264,-0.308,0.057139507696896984,0.5720000000000001,4.620270818579993,0.18063149296689973,0.03756618612888145,1.259926396947937,5.821201165377186,643,2004.02.16.21.32.39,65.2439024390244,False,0.1484523358718719
-0.002774658203125,0.05653987507085337,0.261,-0.259,0.05660791641786398,0.52,4.610662545382702,0.1934832261475612,-0.009743126590162975,1.2584930913725547,5.8024869600143285,644,2004.02.16.21.42.39,65.34552845528455,False,0.2359204747333784
-0.002600341796875,0.05616463478965256,0.232,-0.356,0.05622479860804861,0.588,4.1262931258732705,0.1260479632753051,-0.025999881320531885,1.2557856655133803,5.181739759178051,645,2004.02.16.21.52.39,65.4471544715447,False,0.16380935258533363
-0.0020902343750000005,0.05681027276939064,0.271,-0.271,0.05684871301863394,0.542,4.767038436053448,0.14962388403758098,0.016516970267632727,1.259268406844406,6.002980896735074,646,2004.02.16.22.02.39,65.54878048780488,False,0.18865828196335277
-0.0029162109374999997,0.05646068020384191,0.254,-0.259,0.056535941624001454,0.513,4.49271724683132,0.1323372166418575,0.005552201983342237,1.2545165875286308,5.636188309225852,647,2004.02.16.22.12.39,65.65040650406505,False,0.23315242184968465
-0.002824072265625,0.056760727033897763,0.239,-0.254,0.05683093803183373,0.493,4.205455835800645,0.10415565823468231,-0.01659053658366052,1.2574099299742065,5.287981928003707,648,2004.02.16.22.22.39,65.7520325203252,False,0.22967879432664356
-0.003165185546875,0.057854770938754296,0.215,-0.356,0.05794128855938462,0.571,3.7106527201176114,0.13410103877825463,-0.07624883629370778,1.26049101898983,4.677244428298432,649,2004.02.16.22.32.39,65.85365853658537,False,0.06352266496180459
-0.002600390625,0.05734096280559311,0.212,-0.261,0.05739989587860765,0.473,3.6933864906018097,0.11929096069269463,-0.014816529416604387,1.2608515160615101,4.6568119560763925,650,2004.02.16.22.42.39,65.95528455284553,False,0.13898023307968965
-0.002807373046875,0.05798492155102742,0.225,-0.22,0.05805284205534751,0.445,3.8757792389472554,0.041171559606674624,-0.010670573839237718,1.2547024928881647,4.862949872991315,651,2004.02.16.22.52.39,66.05691056910568,False,0.1375311929357601
-0.003091162109375,0.057232277039909386,0.278,-0.295,0.05731569434595881,0.573,4.850329445927773,0.19275541326287504,0.004249843221331509,1.2629750393046326,6.125845022611046,652,2004.02.16.23.02.39,66.15853658536585,False,0.1581110085037719
-0.0030905273437500003,0.057246037391137684,0.232,-0.249,0.05732940045256012,0.481,4.046789224526763,0.03127493129032244,-0.04132137454798646,1.2535244140446435,5.072749091437087,653,2004.02.16.23.12.39,66.26016260162602,False,0.135912239621384
-0.0031902832031249994,0.058781861152108254,0.261,-0.244,0.05886837102741909,0.505,4.433620218205701,0.126361842094445,0.0005712772206675903,1.2582873386250157,5.578768184840113,654,2004.02.16.23.22.39,66.36178861788618,False,0.19064469246826082
-0.00259482421875,0.05634329062978607,0.249,-0.251,0.05640300977535464,0.5,4.414658029628781,0.10241999327134321,-0.01935569237159963,1.2571624285777783,5.549942209868508,655,2004.02.16.23.32.39,66.46341463414635,False,0.23911703552401387
-0.0032386718750000002,0.05796686122759999,0.208,-0.261,0.05805726480031375,0.469,3.5826696403182248,0.14982655868146688,-0.003697317198008687,1.262776616379625,4.524111446007056,656,2004.02.16.23.42.39,66.5650406504065,False,0.12766483241920545
-0.003138671875,0.05783452628203446,0.249,-0.264,0.05791963131276174,0.513,4.299060514653803,0.09802119598753434,-0.01630389844430045,1.2591090546395358,5.412986020443905,657,2004.02.16.23.52.39,66.66666666666666,False,0.18117695174104909
-0.0030105957031249997,0.05772238868332807,0.242,-0.239,0.05780084637612908,0.481,4.186789903130943,0.04807811511334492,0.00108338931451425,1.2543551894925762,5.251721642307418,658,2004.02.17.00.02.39,66.76829268292683,False,0.16549506159746502
-0.002870068359375,0.056958400926712636,0.215,-0.249,0.05703066480864154,0.46399999999999997,3.7699016962436365,0.04586380465608331,-0.004689002819816325,1.2555217351326948,4.733193518947499,659,2004.02.17.00.12.39,66.869918699187,False,0.1578371659696738
-0.0022893066406249997,0.05734436344109651,0.217,-0.264,0.057390042196877454,0.481,3.781143761065344,-0.020819380861058612,-0.016417623293156134,1.2519698723497257,4.733878071876941,660,2004.02.17.00.22.39,66.97154471544715,False,0.06671419740643081
-0.00259443359375,0.05874004876053578,0.283,-0.269,0.05879731638486998,0.552,4.81314484061764,0.1563361114726498,-0.00839883027084731,1.2632884106014646,6.0803900956984975,661,2004.02.17.00.32.39,67.07317073170732,False,0.16130645032949542
-0.0031937988281250003,0.058177008743240596,0.229,-0.244,0.05826460930329512,0.473,3.9303447279281603,0.1030880093454476,-0.03525944643900632,1.26043403016936,4.953940245377388,662,2004.02.17.00.42.39,67.17479674796748,False,0.16472874199340298
-0.0032549804687500004,0.05961612162508398,0.349,-0.269,0.05970491483511847,0.618,5.845414920426584,0.18291372673330342,-0.0004381034424509802,1.2608988459120665,7.370476927043052,663,2004.02.17.00.52.39,67.27642276422763,False,0.06485826028009711
-0.002756640625,0.057793617311912994,0.217,-0.271,0.057859323099490635,0.488,3.750475954011124,0.0758730975785551,0.008687752666313572,1.2567868172574668,4.713548737442301,664,2004.02.17.01.02.39,67.3780487804878,False,0.1365627709888596
-0.0027970703125000003,0.05773169801989789,0.269,-0.247,0.05779941659388743,0.516,4.654026214313867,0.17107711900333955,0.0055325380623225465,1.2593885602087977,5.8612273732187425,665,2004.02.17.01.12.39,67.47967479674797,False,0.18402666610932156
-0.003006298828125,0.05790779485065365,0.205,-0.234,0.057985778748839575,0.439,3.5353496050805817,0.03600703003860817,-0.034762850639000996,1.2547573148305005,4.436005777457981,666,2004.02.17.01.22.39,67.58130081300813,False,0.10233886630713263
-0.0029443847656250004,0.059820190227872314,0.266,-0.271,0.05989260856355211,0.537,4.441282595292993,0.19098165076458562,0.023601599179601338,1.2618530109484127,5.604245815343244,667,2004.02.17.01.32.39,67.6829268292683,False,0.17384310865650926
-0.0023548828125,0.057310207625109355,0.234,-0.269,0.057358568419145106,0.503,4.0795997258867365,0.177303850062132,0.01940459764939651,1.2624080157073436,5.150119394836898,668,2004.02.17.01.42.39,67.78455284552845,False,0.14963486744145826
-0.003121044921875,0.05801998869666611,0.227,-0.247,0.05810387258837078,0.474,3.9067963956232585,0.15635130151115728,-0.02101116104299872,1.2606133429628124,4.924959664561702,669,2004.02.17.01.52.39,67.88617886178862,False,0.1651048315678284
-0.00293505859375,0.05774919068524904,0.222,-0.254,0.05782372863928787,0.476,3.8392543203995992,0.12793629672603757,-0.006295720003737881,1.257072272430896,4.82622015298486,670,2004.02.17.02.02.39,67.98780487804879,False,0.17808881744369282
-0.0029340820312499997,0.05893717814182654,0.242,-0.261,0.059010166960342524,0.503,4.1009882273784255,0.18407062988504252,-0.014256735302563219,1.2611878571346136,5.172116554621673,671,2004.02.17.02.12.39,68.08943089430895,False,0.17619088353350254
-0.003075439453125,0.05709511853777026,0.239,-0.237,0.05717788810958197,0.476,4.179937523085046,0.046184540528332096,-0.00705664274314814,1.2529256950554386,5.23715112639964,672,2004.02.17.02.22.39,68.1910569105691,False,0.17178487412345866
-0.003502978515625,0.05729141592581471,0.232,-0.352,0.057398407619598864,0.584,4.041923977012611,0.17513048375053364,-0.002026438104443288,1.2608661573760094,5.09632515330185,673,2004.02.17.02.32.39,68.29268292682927,False,0.12716767624213243
-0.0024143554687499997,0.057967280043480285,0.244,-0.251,0.058017537589669814,0.495,4.205624887524438,0.09415168879150126,0.025038386282813022,1.2563591673854322,5.283775382025655,674,2004.02.17.02.42.39,68.39430894308943,False,0.1537265467461868
-0.0031562988281249997,0.058422810941056676,0.227,-0.256,0.05850800851632941,0.483,3.879810743116389,0.07794237312197971,-0.013490313109568684,1.2561012962195972,4.8734353035152145,675,2004.02.17.02.52.39,68.4959349593496,False,0.1625921782615708
-0.003309619140625,0.05745347799772119,0.244,-0.291,0.05754872468517982,0.5349999999999999,4.239885442028498,0.09144880766227015,-0.007583908322359518,1.257765409737596,5.3327812502334435,676,2004.02.17.03.02.39,68.59756097560977,False,0.16790784895760497
-0.00327958984375,0.057356788822688826,0.232,-0.281,0.05745047374559891,0.513,4.038260868436664,0.16740880367169142,0.0038669003294429438,1.2588004792078915,5.083364716354549,677,2004.02.17.03.12.39,68.69918699186992,False,0.17906018877969448
-0.0025067382812500004,0.05770502132263332,0.276,-0.21,0.05775944271421124,0.486,4.778439455616362,0.055319705121973595,0.015214469279029816,1.254630580001067,5.995176265699939,678,2004.02.17.03.22.39,68.80081300813008,False,0.0982630007718357
-0.00324033203125,0.05814757419743325,0.251,-0.234,0.05823778959334523,0.485,4.309916323278202,0.07341598061522969,0.006586144080466663,1.2565290408568284,5.415535023861947,679,2004.02.17.03.32.39,68.90243902439023,False,0.17862068427671546
-0.00269453125,0.05790187811827889,0.269,-0.283,0.05796454078383827,0.552,4.640768241452244,0.18297062991732904,-0.015847256465402828,1.2591924918727897,5.843620526158356,680,2004.02.17.03.42.39,69.0040650406504,False,0.15916262131250059
-0.00264326171875,0.057465685952726955,0.259,-0.266,0.05752644517551254,0.525,4.502277156354681,0.086324741232219,0.014938738236392973,1.2574515834669224,5.661395539465145,681,2004.02.17.03.52.39,69.10569105691057,False,0.16828468970082155
-0.0028108886718749997,0.056686382195009585,0.227,-0.203,0.05675603070585869,0.43000000000000005,3.9995749733881185,0.06930727829786854,0.02579881973616468,1.2565589364057717,5.025701674635717,682,2004.02.17.04.02.39,69.20731707317073,False,0.15618644310619245
-0.0031346191406250003,0.057365716950131485,0.242,-0.239,0.0574512951843505,0.481,4.2122636090877865,0.07189803831273389,0.005591908724005746,1.2561615149231562,5.291283436447395,683,2004.02.17.04.12.39,69.3089430894309,False,0.1937646832068613
-0.00270908203125,0.05842127896139777,0.33,-0.269,0.05848405732280807,0.599,5.642563377204406,0.22194057343653695,0.015622817997388645,1.2612232950723292,7.116532375252191,684,2004.02.17.04.22.39,69.41056910569105,False,0.0936077439646138
-0.002841064453125,0.05800073311800735,0.222,-0.251,0.05807027371601692,0.473,3.8229542551435927,0.10974515854348033,-0.015278857794062801,1.2601967794686235,4.817674640387826,685,2004.02.17.04.32.39,69.51219512195121,False,0.16697366925969814
-0.002583544921875,0.05769097830057381,0.349,-0.266,0.05774879809693553,0.615,6.043415819913312,0.2517246940611768,-0.040737891677958965,1.2644320671414655,7.641488757768425,686,2004.02.17.04.42.39,69.61382113821138,False,0.0483828642064037
-0.003244921875,0.058205610883102554,0.229,-0.291,0.05829599176830256,0.52,3.9282289065457636,0.06585169408518698,-0.005575252695498176,1.2583256690171778,4.9429912668818154,687,2004.02.17.04.52.39,69.71544715447155,False,0.14049425336487942
-0.0029316406250000002,0.057321100898760226,0.244,-0.249,0.05739602011463861,0.493,4.251165838897057,0.1107345934305286,0.0033719144708589913,1.2580434305557562,5.348151255827493,688,2004.02.17.05.02.39,69.8170731707317,False,0.20565453747369378
-0.002688720703125,0.0583926635291409,0.229,-0.247,0.05845453252782777,0.476,3.9175747388105897,0.06455738647077336,0.028231168937248682,1.256307069778723,4.921676840754278,689,2004.02.17.05.12.39,69.91869918699187,False,0.14890446424670212
-0.003478564453125,0.05825380662093963,0.247,-0.237,0.058357573600042484,0.484,4.232526898613553,0.09689483923301045,-0.0003443847801472639,1.2570250827250162,5.320392474865558,690,2004.02.17.05.22.39,70.02032520325203,False,0.1910168965129589
-0.0032491699218750005,0.05798217141035172,0.269,-0.222,0.05807313756497598,0.491,4.632090003730648,0.08432071896037119,0.00575731533750117,1.2588529776071526,5.8311202937406525,691,2004.02.17.05.32.39,70.1219512195122,False,0.16906299150313886
-0.00264287109375,0.05878598547145885,0.256,-0.308,0.05884536392502599,0.5640000000000001,4.350385194765145,0.11714541864841044,-0.04012562092904619,1.2572483977955902,5.4695148159121345,692,2004.02.17.05.42.39,70.22357723577237,False,0.1311751950339618
-0.003202734375,0.057498591290010684,0.227,-0.332,0.05758772011299371,0.559,3.94181258703418,0.1652199660388427,0.014933907845646096,1.2588205304631532,4.962034611796701,693,2004.02.17.05.52.39,70.32520325203252,False,0.11837532642649862
-0.0032918945312500002,0.058550014116577086,0.244,-0.273,0.05864248223477797,0.517,4.160806137488082,0.02072932576136388,-0.03052135956251038,1.2549666207259516,5.2216728178592176,694,2004.02.17.06.02.39,70.42682926829268,False,0.12459915658429066
-0.0032073242187499996,0.05792218298970888,0.237,-0.261,0.05801091458456331,0.498,4.08543808862937,0.059802447686596594,0.04041253230330442,1.2553927549239372,5.128829377155609,695,2004.02.17.06.12.39,70.52845528455285,False,0.14999397522412372
-0.003238525390625,0.05763848634021501,0.217,-0.232,0.05772939592873699,0.449,3.7589168656445273,0.09391826093703948,-0.02001381268864156,1.2573344938808488,4.726215834805348,696,2004.02.17.06.22.39,70.630081300813,False,0.16314665593810213
-0.0032485839843749997,0.05844245695008114,0.234,-0.239,0.05853267525293565,0.473,3.9977670418927924,0.07509792280224081,-0.012493484560722565,1.2586020076541136,5.031597625059715,697,2004.02.17.06.32.39,70.73170731707317,False,0.18079302173169876
-0.00272021484375,0.05695425488893558,0.247,-0.264,0.057019178516969186,0.511,4.33187580783002,0.10796954453942043,-0.02306079577053341,1.2573760242866314,5.4467967809527496,698,2004.02.17.06.42.39,70.83333333333334,False,0.2123486141607906
-0.002967626953125,0.056638879514772894,0.232,-0.234,0.0567165714974193,0.466,4.090515238752688,0.08960656483006613,0.01700923220162155,1.2557694902750314,5.136744236330711,699,2004.02.17.06.52.39,70.9349593495935,False,0.22010546328529562
-0.002944482421875,0.05864556620390534,0.276,-0.259,0.058719438111322006,0.535,4.700317456661477,0.11852699479235174,-0.0205170922406509,1.2588589343328298,5.917036624518863,700,2004.02.17.07.02.39,71.03658536585365,False,0.16927384012156232
-0.0025802734375,0.05883962579748219,0.237,-0.239,0.05889617453621245,0.476,4.024030454716206,0.12127321837838467,-0.031032331991699216,1.259595463784227,5.068650506890113,701,2004.02.17.07.12.39,71.13821138211382,False,0.18474024015696872
-0.002968017578125,0.059948210905718995,0.239,-0.237,0.06002163875753998,0.476,3.981897278170809,0.10504491083489942,-0.06977962313482515,1.2586335129144846,5.011749359288751,702,2004.02.17.07.22.39,71.23983739837398,False,0.14302767267504146
-0.0030293457031249998,0.06417826102083035,0.283,-0.286,0.06424971691024697,0.569,4.404688668050229,0.16506474016485528,-0.0202353572794912,1.2635813238372176,5.565682338265698,703,2004.02.17.07.32.39,71.34146341463415,False,0.1396613329781986
-0.0032078124999999997,0.06450723582762707,0.288,-0.291,0.06458694554750402,0.579,4.4591054362243305,0.12756494537915497,-0.026236352660475585,1.2595418718508917,5.616430007922481,704,2004.02.17.07.42.39,71.44308943089432,False,0.14284578698542316
-0.00290234375,0.06472680217875812,0.273,-0.269,0.06479183991469335,0.542,4.213493556587358,0.23401885373743747,-0.04159409078908011,1.2657553317380303,5.333251934494284,705,2004.02.17.07.52.39,71.54471544715447,False,0.12271719541049597
-0.00309931640625,0.06478178967094224,0.271,-0.295,0.06485588666540802,0.5660000000000001,4.178495028494344,0.1913506183365823,-0.010522814403034868,1.2632325081767168,5.278410755248852,706,2004.02.17.08.02.39,71.64634146341463,False,0.14038708279175727
-0.002912890625,0.06460421366811563,0.364,-0.281,0.06466984889010295,0.645,5.628588998538798,0.16938117526406682,-0.002366401964127223,1.2597551189325953,7.090643803276942,707,2004.02.17.08.12.39,71.7479674796748,False,0.08004172616583483
-0.003274267578125,0.06299948088475582,0.242,-0.269,0.06308451014252132,0.511,3.836123946326452,0.18891084132376745,-0.01980237879573056,1.2625397046634272,4.8432587942473,708,2004.02.17.08.22.39,71.84959349593495,False,0.14126714310554067
-0.002697216796875,0.06498826796216783,0.295,-0.283,0.06504421535518647,0.578,4.535376411093526,0.1709746744101719,0.0006576894962852614,1.2613453194011344,5.720675807855134,709,2004.02.17.08.32.39,71.95121951219512,False,0.1488920792971793
-0.003072265625,0.06400633172066411,0.33,-0.315,0.06408002275597481,0.645,5.1498109052907735,0.32459349403565385,0.006257296875403082,1.2700927204899009,6.540737342709318,710,2004.02.17.08.42.39,72.0528455284553,False,0.05405867156969202
-0.00273330078125,0.06441252444300308,0.3,-0.276,0.06447049122103267,0.5760000000000001,4.6532916737282255,0.20629129180811434,-0.0077462333980762785,1.2640982324689507,5.882217779922335,711,2004.02.17.08.52.39,72.15447154471545,False,0.12831473788034287
-0.0030244628906250003,0.06412528963449293,0.251,-0.283,0.06419657425816719,0.534,3.9098659531363915,0.17207377585677008,-0.021415179676892947,1.2601401861220376,4.926979209897511,712,2004.02.17.09.02.39,72.2560975609756,False,0.15041965188634054
-0.0030608398437499997,0.06415074341381137,0.269,-0.278,0.06422372319551203,0.547,4.188483423502264,0.2628098304006219,-0.03764597803512764,1.268098164951916,5.311408143274741,713,2004.02.17.09.12.39,72.35772357723577,False,0.11763192325315874
-0.0026775390625,0.06522279667757115,0.259,-0.332,0.06527773297132032,0.591,3.9676622978587703,0.21924284409324546,0.0006189505853743746,1.2630381316925752,5.011308775874611,714,2004.02.17.09.22.39,72.45934959349594,False,0.07827150470293409
-0.0024851562500000004,0.06465604967929789,0.281,-0.261,0.06470379248327528,0.542,4.342867538601131,0.25290657935585514,0.005905324688322644,1.2680316679847865,5.506893568809375,715,2004.02.17.09.32.39,72.5609756097561,False,0.11030909957599011
-0.002815478515625,0.06355337926715565,0.251,-0.249,0.06361571296108277,0.5,3.9455660923512794,0.09242262529920486,-0.004020486636501228,1.2590317204752741,4.967592865501936,716,2004.02.17.09.42.39,72.66260162601627,False,0.17825860923854137
-0.0031025390625,0.06482062263318027,0.278,-0.259,0.06489482927928465,0.537,4.283854400842712,0.15212147057543568,0.02354222853291645,1.2621808128957828,5.406998829982831,717,2004.02.17.09.52.39,72.76422764227642,False,0.17274541605347993
-0.0032218750000000003,0.06408707066915388,0.298,-0.295,0.06416800686844457,0.593,4.644058847128464,0.18180564767443164,-0.02309739654688026,1.2606850425316376,5.854695525211574,718,2004.02.17.10.02.39,72.86585365853658,False,0.1324047762847903
-0.002740576171875,0.06465386908119286,0.276,-0.264,0.0647119273775853,0.54,4.26505609065818,0.16944067174166566,0.010850062381637368,1.2631350797433765,5.387341965183494,719,2004.02.17.10.12.39,72.96747967479675,False,0.16026292819761967
-0.0029173828125,0.06384079403480254,0.295,-0.283,0.06390741823504335,0.578,4.616052535795258,0.26469859518395245,0.024714924917643103,1.2616337757071379,5.82376778959788,720,2004.02.17.10.22.39,73.06910569105692,False,0.12144914523124062
-0.0029179687500000004,0.06509341101519242,0.298,-0.298,0.06515878067627379,0.596,4.57344347004502,0.23998885403520154,0.007848027353751853,1.2641930360770677,5.781715385723054,721,2004.02.17.10.32.39,73.17073170731707,False,0.1084061212304761
-0.0030445800781250002,0.06329143139483621,0.269,-0.276,0.06336461753896551,0.545,4.245271421934818,0.15827653478292936,0.02762926554363468,1.2588846242701466,5.344306918927204,722,2004.02.17.10.42.39,73.27235772357723,False,0.1714829575107915
-0.0031830078124999994,0.06434280903525129,0.305,-0.273,0.0644214918585502,0.5780000000000001,4.734444844426861,0.2500726684863155,0.0010100537890009751,1.2655097744014248,5.991486226986625,723,2004.02.17.10.52.39,73.3739837398374,False,0.11080416787048741
-0.0032487792968749997,0.06382522961206893,0.286,-0.3,0.06390785946934167,0.586,4.475192916408066,0.16353303814105047,0.010483361022869541,1.2647085454885667,5.659814724091182,724,2004.02.17.11.02.39,73.47560975609755,False,0.12458685558515747
-0.002967724609375,0.06552743777134343,0.3,-0.293,0.06559460717341307,0.593,4.573546712565672,0.23258403212018353,-0.007536372943569934,1.2649279861391367,5.785207232638964,725,2004.02.17.11.12.39,73.57723577235772,False,0.11579803504752606
-0.002416845703125,0.06481613658592597,0.276,-0.269,0.06486118026275907,0.545,4.255241715952387,0.17693842398268522,0.00922677189361607,1.2618415197506878,5.369440673763885,726,2004.02.17.11.22.39,73.6788617886179,False,0.14631666164365031
-0.0030568847656249998,0.06538361660816924,0.269,-0.269,0.06545503697374538,0.538,4.109691361230128,0.17365406626446456,-0.016427960630799855,1.2635714468250032,5.19288865931377,727,2004.02.17.11.32.39,73.78048780487805,False,0.1454622803607477
-0.002944384765625,0.06530811425699781,0.286,-0.293,0.06537445364554204,0.579,4.374797555489822,0.1589669675545431,0.012178128361882408,1.2607015334803204,5.515313986871976,728,2004.02.17.11.42.39,73.8821138211382,False,0.14927001680308682
-0.003073388671875,0.06460535269251856,0.264,-0.269,0.06467841459446208,0.533,4.0817327025607755,0.1354039344264515,-0.014456941449657472,1.263637121592154,5.157828963372462,729,2004.02.17.11.52.39,73.98373983739837,False,0.14524374767433235
-0.0029156738281249997,0.06352949893395872,0.266,-0.273,0.06359637087658285,0.539,4.182628604959364,0.1798803107621998,-0.018419181708547578,1.262286458167082,5.279675447582479,730,2004.02.17.12.02.39,74.08536585365853,False,0.16905071179354286
-0.003032373046875,0.06517789266476948,0.271,-0.288,0.06524839445163096,0.5589999999999999,4.153358902967245,0.15413817006721242,0.010411735507253474,1.2601382255383453,5.233806318009033,731,2004.02.17.12.12.39,74.1869918699187,False,0.16582892616175976
-0.0031077636718750004,0.06426545031187363,0.3,-0.312,0.06434054941347739,0.612,4.66268943511942,0.26463737206581506,0.026331837799926903,1.2638530482783124,5.8929542557507615,732,2004.02.17.12.22.39,74.28861788617887,False,0.0955048128517112
-0.002898583984375,0.06406916061370634,0.269,-0.3,0.06413469521919765,0.569,4.194297627526253,0.28961788220764806,-0.013878254696652974,1.267094046334983,5.314569552395459,733,2004.02.17.12.32.39,74.39024390243902,False,0.10079756102394222
-0.003060546875,0.06377727010253871,0.271,-0.286,0.06385066271313282,0.5569999999999999,4.244278578869952,0.18186657225382952,-0.004334579117516852,1.261461795564216,5.353995276976029,734,2004.02.17.12.42.39,74.49186991869918,False,0.16484121756359488
-0.0036243652343750004,0.06448598111102116,0.342,-0.273,0.06458775257897681,0.615,5.295121541530776,0.2536524440806276,-0.01687169848313106,1.2626994011982524,6.686146799762878,735,2004.02.17.12.52.39,74.59349593495935,False,0.07213113647458236
-0.00296455078125,0.06276812264131683,0.298,-0.237,0.06283809180147024,0.5349999999999999,4.742346424864347,0.1583159612282694,0.04259579335329592,1.2616581539040284,5.9832200355677205,736,2004.02.17.13.02.39,74.6951219512195,False,0.15500652655387492
-0.0029306640625000003,0.06307905178868038,0.305,-0.254,0.06314709467906066,0.5589999999999999,4.8299925998200655,0.15666246323758592,-0.03485711018605656,1.26069873625947,6.0891655667357485,737,2004.02.17.13.12.39,74.79674796747967,False,0.15860769451043732
-0.003534521484375,0.06469930809849025,0.31,-0.308,0.06479578157987506,0.618,4.784262068323951,0.22154029029610278,-0.0040024362617474985,1.2618565940934494,6.037052638785743,738,2004.02.17.13.22.39,74.89837398373984,False,0.1080761875111107
-0.0031189453125000004,0.06342125956264692,0.251,-0.276,0.06349790535423196,0.527,3.95288629758354,0.12528543550826354,0.013004779219667808,1.2583259649128955,4.97401946459777,739,2004.02.17.13.32.39,75.0,False,0.15569471505530608
-0.0030890625000000007,0.0636265101237475,0.271,-0.308,0.06370145286927333,0.579,4.254220081230173,0.16998799974837064,0.005689179376467257,1.2631858894477264,5.3738707772151155,740,2004.02.17.13.42.39,75.10162601626016,False,0.12909417228560982
-0.003034765625,0.0642968576271525,0.269,-0.269,0.06436843716546953,0.538,4.179066819790759,0.13417201081343544,0.007930183145018747,1.2577238002976865,5.256111802285201,741,2004.02.17.13.52.39,75.20325203252033,False,0.17634692554607395
-0.0027513183593750002,0.06377130636001971,0.278,-0.3,0.06383062954082566,0.5780000000000001,4.355275860505073,0.21308982829550827,0.00036338624025410686,1.2651924987598364,5.5102623487408104,742,2004.02.17.14.02.39,75.3048780487805,False,0.1252620780799849
-0.002840771484375,0.06380700719955597,0.251,-0.256,0.06387021332664097,0.507,3.929844397361753,0.11978939126934574,-0.031049101591250336,1.262414329200062,4.961091878756059,743,2004.02.17.14.12.39,75.40650406504065,False,0.16267889134161695
-0.0027031738281249997,0.06331528814262054,0.264,-0.281,0.06337296632893338,0.545,4.165814152200556,0.12640920664874944,-0.01325084415188146,1.2624723143603205,5.259225033923612,744,2004.02.17.14.22.39,75.50813008130082,False,0.16316827161056585
-0.00340458984375,0.06368291950551447,0.232,-0.264,0.06377386195574171,0.496,3.6378540186417627,0.09260982776955595,-0.004644144237002495,1.2590869760380885,4.580374615599665,745,2004.02.17.14.32.39,75.60975609756098,False,0.15515866566504333
-0.002931689453125,0.06279377108587134,0.256,-0.283,0.06286217058163339,0.5389999999999999,4.072401535476031,0.18391187184659508,-0.02284566022482209,1.2624126462280136,5.141051198903322,746,2004.02.17.14.42.39,75.71138211382113,False,0.15726951208388296
-0.00288798828125,0.06226022484625407,0.305,-0.264,0.062327169631058575,0.569,4.893532015097535,0.16605124946605887,0.01933626148953646,1.25878209825617,6.1598904978482185,747,2004.02.17.14.52.39,75.8130081300813,False,0.15422974935233125
-0.0030732421875,0.06361377914650819,0.298,-0.266,0.06368797150831348,0.5640000000000001,4.67906251278706,0.194299436761177,-0.020826197976652392,1.2654917157343721,5.92131484733528,748,2004.02.17.15.02.39,75.91463414634147,False,0.1292642173477272
-0.0031851074218750006,0.06437228576565766,0.271,-0.3,0.0644510363297936,0.571,4.204742319631649,0.17945128620909534,-0.006695373495168615,1.263756699835776,5.313771277517518,749,2004.02.17.15.12.39,76.01626016260163,False,0.1394558729516856
-0.003241259765625,0.06242796197461211,0.227,-0.288,0.06251204844805419,0.515,3.6312999755340094,0.13733365414103993,-0.011326467858791092,1.2612510501498428,4.579980907551368,750,2004.02.17.15.22.39,76.1178861788618,False,0.1323291470551281
-0.002857373046875,0.063684716261334,0.283,-0.256,0.0637487856042421,0.5389999999999999,4.439300252037554,0.11953899154689429,0.016472019035651212,1.260586072821936,5.596120070793451,751,2004.02.17.15.32.39,76.21951219512195,False,0.17659904847971525
-0.0033041015625000004,0.06237430018061072,0.283,-0.276,0.06246175157771554,0.5589999999999999,4.530772718531413,0.07487646868962994,0.001298381003172049,1.2577642453430433,5.69864392914451,752,2004.02.17.15.42.39,76.3211382113821,False,0.1437831712712614
-0.003003271484375,0.063327907483593,0.31,-0.249,0.06339908126983683,0.5589999999999999,4.88966076149573,0.14785488105012146,0.007552856971198215,1.2628451507357847,6.174884381397926,753,2004.02.17.15.52.39,76.42276422764228,False,0.1510664526022094
-0.0031821777343749996,0.06332298519377638,0.264,-0.256,0.06340289196073295,0.52,4.163847922954398,0.16174745704176097,0.0094566677153434,1.2634371632611305,5.260760208028255,754,2004.02.17.16.02.39,76.52439024390245,False,0.16291789569386167
-0.00272509765625,0.06327590112417524,0.269,-0.298,0.06333455470998829,0.567,4.2472865125801045,0.14834086494514098,-0.00482853422169235,1.2607052067824063,5.354576221106426,755,2004.02.17.16.12.39,76.6260162601626,False,0.16310778141746463
-0.0027725585937499997,0.06356837353713499,0.374,-0.293,0.06362880790422291,0.667,5.877840750418622,0.15258276928263736,0.014738290222592904,1.2579427459846833,7.393987134042273,756,2004.02.17.16.22.39,76.72764227642277,False,0.035517416367709
-0.00301259765625,0.06217262807009855,0.266,-0.256,0.06224557354367658,0.522,4.273396240992986,0.058870668517799984,-0.01770456315500907,1.2577568035409448,5.374893196335227,757,2004.02.17.16.32.39,76.82926829268293,False,0.16297119569876123
-0.0031506347656250003,0.062023140327788225,0.225,-0.242,0.06210311131937654,0.46699999999999997,3.623006886770883,0.03733929467765984,-0.01112022216107421,1.2563470394542946,4.55175397611712,758,2004.02.17.16.42.39,76.93089430894308,False,0.12344662696878272
-0.0026149902343750005,0.06264202503657987,0.227,-0.239,0.06269658263900334,0.46599999999999997,3.620612008584724,-0.013394385069839032,0.012431518107057192,1.2530787271230306,4.536911887123705,759,2004.02.17.16.52.39,77.03252032520325,False,0.07566782396702598
-0.0027285156250000005,0.06347745991553129,0.442,-0.266,0.0635360741220588,0.708,6.956677857540839,0.41335119550404364,0.05996030963307649,1.2664398274775752,8.810213905721087,760,2004.02.17.17.02.39,77.13414634146342,True,-0.05065776017762669
-0.00277763671875,0.06173840800766693,0.293,-0.278,0.061800859937888405,0.571,4.741034352830579,0.19285497457808853,0.00908941343399723,1.263695082857702,5.991221799331449,761,2004.02.17.17.12.39,77.23577235772358,False,0.14059353019160803
-0.00297744140625,0.062181491378191456,0.254,-0.261,0.06225273509930106,0.515,4.080142014561089,0.0808626243569015,-0.03302887528896445,1.2577253018038024,5.131697846666219,762,2004.02.17.17.22.39,77.33739837398373,False,0.17705899169745914
-0.00263857421875,0.06354142531278038,0.256,-0.281,0.06359618545705002,0.537,4.025398664404028,0.09790826633433669,-0.00023832235329088503,1.2564099904696155,5.0575510975802676,763,2004.02.17.17.32.39,77.4390243902439,False,0.14698525088652492
-0.0026251464843750003,0.061348082839196766,0.315,-0.269,0.06140422348755316,0.5840000000000001,5.12994028926775,0.10012850590250189,-0.008538580678641213,1.2595498453305563,6.461415497902183,764,2004.02.17.17.42.39,77.54065040650406,False,0.11322162601551
-0.00328876953125,0.062131025006898294,0.269,-0.276,0.062218006022674015,0.545,4.3235072480781325,0.17710772499961314,0.018206669947922322,1.2611741334118183,5.4526955068946545,765,2004.02.17.17.52.39,77.64227642276423,False,0.16236669647124574
-0.00294609375,0.06008383485850176,0.271,-0.239,0.0601560194800778,0.51,4.5049523280001695,0.05628424851859126,-0.00947453175826476,1.2572047485703255,5.663647458844754,766,2004.02.17.18.02.39,77.7439024390244,False,0.15566279565474728
-0.00285888671875,0.06112673589312703,0.293,-0.251,0.061193554188482546,0.544,4.788085998363967,0.08352635879626691,0.0298745323545643,1.2553982531825836,6.010954798434112,767,2004.02.17.18.12.39,77.84552845528455,False,0.12072575565148069
-0.0026258300781249995,0.06098301574832282,0.264,-0.283,0.061039521568893175,0.5469999999999999,4.325066665242984,0.08830746479996199,-0.01091721617920672,1.2539628931077418,5.423473108431946,768,2004.02.17.18.22.39,77.9471544715447,False,0.13102465481456438
-0.003272509765625,0.06300083554559625,0.261,-0.256,0.06308577176835815,0.517,4.137224491100059,0.06467250096710142,-0.01566719921160124,1.2569417571507964,5.200250221570617,769,2004.02.17.18.32.39,78.04878048780488,False,0.1642476628901326
-0.0033063964843750003,0.06110909508455953,0.322,-0.308,0.061198478410542406,0.63,5.261568724632383,0.11618223136711014,0.001042568806248989,1.258958533950795,6.624096847844538,770,2004.02.17.18.42.39,78.15040650406505,False,0.07947240175003067
-0.00265791015625,0.061079893456808296,0.244,-0.239,0.061137695991047535,0.483,3.990991090598658,0.07961469678994826,0.03411469690653135,1.257067946420909,5.016946974442999,771,2004.02.17.18.52.39,78.2520325203252,False,0.15433949317828477
-0.00297998046875,0.06236179320354827,0.276,-0.269,0.06243295231811683,0.545,4.420742408491072,0.161111870734997,0.022373877907531023,1.2606673957551053,5.573085819416591,772,2004.02.17.19.02.39,78.35365853658537,False,0.17650510419610105
-0.00301728515625,0.061806257537199455,0.293,-0.344,0.061879863287411595,0.637,4.734981372520354,0.18482054547233195,-0.017666287616036676,1.2583327211552373,5.958181995102897,773,2004.02.17.19.12.39,78.45528455284553,False,0.08668807286837066
-0.0027237792968750002,0.0604932332619322,0.288,-0.261,0.06055452290407897,0.5489999999999999,4.756044407388109,0.08730998719383498,0.0016610903907564097,1.2559959945629708,5.973572725643083,774,2004.02.17.19.22.39,78.55691056910568,False,0.14090118747167357
-0.0031218749999999997,0.06044074844230195,0.288,-0.237,0.06052132001023482,0.5249999999999999,4.75865364389435,0.04561456021261945,0.012362666088640601,1.2561176808454495,5.977428979115318,775,2004.02.17.19.32.39,78.65853658536585,False,0.1305455206736671
-0.002832275390625,0.06069570814807283,0.232,-0.271,0.06076175418373284,0.503,3.8181912802989997,0.08813958710555658,-0.010188771619010595,1.2574797727997387,4.8012983036563295,776,2004.02.17.19.42.39,78.76016260162602,False,0.15341676874894572
-0.002535546875,0.06143881297946704,0.247,-0.256,0.06149111105095801,0.503,4.016840739717807,0.033248057356923155,-0.0075751300257402236,1.2546305803860118,5.039651228590329,777,2004.02.17.19.52.39,78.86178861788618,False,0.12802507495765014
-0.00255751953125,0.06103835253810529,0.242,-0.273,0.06109190933927953,0.515,3.96124466590217,0.19178285829389896,0.013356248058033763,1.2645743791335349,5.009288513979263,778,2004.02.17.20.02.39,78.96341463414635,False,0.11319051656363333
-0.00309296875,0.06156676103095544,0.269,-0.295,0.06164440379735414,0.5640000000000001,4.363737556523271,0.16827506175937046,0.019604348066733054,1.2617985421541338,5.506157687164305,779,2004.02.17.20.12.39,79.0650406504065,False,0.15519215824595856
-0.0031538574218749997,0.06020134437870228,0.232,-0.269,0.06028390068368689,0.501,3.8484570070758592,0.10047056456177073,-0.011220043575395938,1.2557804657521598,4.832817132772886,780,2004.02.17.20.22.39,79.16666666666666,False,0.15012397406852085
-0.00273955078125,0.06135244572054119,0.261,-0.254,0.061413579397190325,0.515,4.24987441803369,0.08179360659891355,-0.005898820582758983,1.2552321104409132,5.334578834857276,781,2004.02.17.20.32.39,79.26829268292683,False,0.17082284337398146
-0.0033141113281249996,0.06030122802772484,0.259,-0.291,0.06039222992692748,0.55,4.2886311751260235,0.07515669664452984,-0.003446608208827634,1.255531499525914,5.38451153021956,782,2004.02.17.20.42.39,79.369918699187,False,0.14698978920059558
-0.002234326171875,0.061243784150757284,0.242,-0.251,0.061284527497133194,0.493,3.948794416524145,0.1347643796283795,0.044049708192372285,1.2594029465921133,4.973123323656993,783,2004.02.17.20.52.39,79.47154471544715,False,0.11587517595115981
-0.0028059082031249996,0.060210485082926056,0.364,-0.232,0.0602758296066145,0.596,6.03890485416157,0.20143745287181813,0.021459325042781578,1.2601728997459796,7.610064241358858,784,2004.02.17.21.02.39,79.57317073170732,False,0.06211235158463635
-0.0028179199218750003,0.06036274866938446,0.256,-0.308,0.060428487484044925,0.5640000000000001,4.236412504410147,0.11667891956557908,-0.0267982501645397,1.2580783261545812,5.329738752448655,785,2004.02.17.21.12.39,79.67479674796748,False,0.14292226921944495
-0.003256396484375,0.06068937974289385,0.32,-0.251,0.060776680821188526,0.571,5.265177296231002,0.09902794236012014,-0.016399906792085,1.2575523201684617,6.621235924973605,786,2004.02.17.21.22.39,79.77642276422763,False,0.09678159642732864
-0.00298447265625,0.0603422178494903,0.239,-0.244,0.060415977456557385,0.483,3.955907196434171,0.05851494765808063,0.04965386419334209,1.2550556649676174,4.964883736970871,787,2004.02.17.21.32.39,79.8780487804878,False,0.1287240403902684
-0.00292041015625,0.059244922592208454,0.291,-0.247,0.05931685804590041,0.538,4.905856607826719,0.0741170872187018,0.02559166004796994,1.2576836897640984,6.170015839985091,788,2004.02.17.21.42.39,79.97967479674797,False,0.13314924568106778
-0.0031723144531249996,0.06044218283560223,0.239,-0.264,0.0605253752150441,0.503,3.948757015563193,0.051784423791386924,-0.015652187083221945,1.255900201931433,4.959244733223977,789,2004.02.17.21.52.39,80.08130081300813,False,0.12930278791961702
-0.003656396484375,0.06026251695951576,0.244,-0.266,0.060373340023116784,0.51,4.041518986800682,0.08899977841122597,0.00886018004859443,1.2556078348409394,5.074562904485351,790,2004.02.17.22.02.39,80.1829268292683,False,0.15843618508795387
-0.00334208984375,0.06031942452095182,0.264,-0.259,0.06041194036829557,0.523,4.369997030231929,0.10528113738547296,0.009178387237888816,1.2596020324305297,5.504457140995516,791,2004.02.17.22.12.39,80.28455284552845,False,0.1793143058615026
-0.002976904296875,0.06058760608829476,0.247,-0.278,0.06066069543537335,0.525,4.071829348925759,0.06659296082299404,0.005926747185667249,1.2565209334175305,5.116338814229089,792,2004.02.17.22.22.39,80.38617886178862,False,0.1567259970429571
-0.002767724609375,0.06010092426053892,0.281,-0.242,0.060164619141854246,0.523,4.670519052692199,0.050195197318307905,-0.06317113306994233,1.2592155728840047,5.881190324601466,793,2004.02.17.22.32.39,80.48780487804879,False,0.10380532308777168
-0.002804150390625,0.06006541414919972,0.271,-0.232,0.06013083432256803,0.503,4.506839179151212,0.010743415545312551,0.03584604803887682,1.2524008430086526,5.644369187273402,794,2004.02.17.22.42.39,80.58943089430895,False,0.08127818649310947
-0.003310400390625,0.06115769423144462,0.273,-0.273,0.061247222912170676,0.546,4.457344954096705,0.06956274915275751,0.006528678007339998,1.2537225325876244,5.588273804466789,795,2004.02.17.22.52.39,80.6910569105691,False,0.13062788669065206
-0.0028323730468750004,0.06066180645622673,0.256,-0.283,0.060727893917123243,0.5389999999999999,4.2155257409283635,0.0997795691092973,0.011344168650913969,1.257106768467782,5.299365941571207,796,2004.02.17.23.02.39,80.79268292682927,False,0.15720688650649328
-0.0024420410156249994,0.060225025296849234,0.269,-0.264,0.06027451564573642,0.533,4.4629143364842285,0.17030815351420747,0.03430230428798172,1.26293278811641,5.636360846100724,797,2004.02.17.23.12.39,80.89430894308943,False,0.14598341567821216
-0.003023583984375,0.06041465102961413,0.278,-0.269,0.06049026466416414,0.547,4.595780850743967,0.1961904498561502,-0.01665175987059256,1.2635647926192626,5.807066877593879,798,2004.02.17.23.22.39,80.9959349593496,False,0.14460613979442127
-0.002936767578125,0.06004206090594075,0.249,-0.332,0.0601138393520213,0.581,4.1421410225002955,0.15369158655704007,-0.004285431510987689,1.2596640810287791,5.2177062645994425,799,2004.02.17.23.32.39,81.09756097560977,False,0.13031660045281757
-0.0032099609375000004,0.06003720817645899,0.264,-0.281,0.060122959132462454,0.545,4.391001437875957,0.11125756742399551,-0.024607429826117466,1.2598616280785793,5.532054220417785,800,2004.02.17.23.42.39,81.19918699186992,False,0.17250092154130725
-0.002783251953125,0.05996521324552303,0.264,-0.247,0.060029770039669694,0.511,4.39781794642125,0.1259436211901046,0.02000840383088246,1.2581341512189141,5.533044949236007,801,2004.02.17.23.52.39,81.30081300813008,False,0.18542556389188153
-0.0033016601562500004,0.05950827162483491,0.239,-0.234,0.059599793217447496,0.473,4.0100810270938005,0.11116854041342528,-0.01903050937379496,1.2594034671079875,5.050309948905892,802,2004.02.18.00.02.39,81.40243902439023,False,0.18128800150113722
-0.002288818359375,0.0605129847246309,0.229,-0.273,0.060556254918593046,0.502,3.781607701926897,0.15596797865710244,-0.002034495042198013,1.2612486468926585,4.769547597134155,803,2004.02.18.00.12.39,81.5040650406504,False,0.12826305380549596
-0.0024858398437499997,0.059886265043799694,0.249,-0.266,0.05993783563513951,0.515,4.154304161327103,0.06781153270263962,0.017492712249594797,1.25528884183365,5.214851659297012,804,2004.02.18.00.22.39,81.60569105691057,False,0.1444959722946455
-0.0029421386718749996,0.06084252150881884,0.254,-0.266,0.06091361591233626,0.52,4.16983947177826,0.09879194610898878,0.060480631112628844,1.2570936789996607,5.241878842415734,805,2004.02.18.00.32.39,81.70731707317073,False,0.15472844573719147
-0.003115966796875,0.05955673895721329,0.264,-0.244,0.05963819585045204,0.508,4.426693266543524,0.08152481695514924,0.019322544918482284,1.2572999962089826,5.565681427243502,806,2004.02.18.00.42.39,81.8089430894309,False,0.1656803934579955
-0.0031560058593750003,0.06010264355068931,0.264,-0.256,0.060185447865456855,0.52,4.386442393685693,0.22657457430618377,0.056400065475506585,1.2631316537506712,5.540654234818261,807,2004.02.18.00.52.39,81.91056910569105,False,0.1313769837849118
-0.0030237304687500003,0.06032446791354527,0.215,-0.269,0.06040020177946428,0.484,3.559590757411985,0.07452087326786705,-0.014647248387624537,1.2597497321047035,4.484193503052127,808,2004.02.18.01.02.39,82.01219512195121,False,0.1144951023605072
-0.003303759765625,0.06182181793965753,0.244,-0.349,0.061910031513100726,0.593,3.9412029688333687,0.13740066312768828,0.005994898149439477,1.2575040543145242,4.956078712184401,809,2004.02.18.01.12.39,82.11382113821138,False,0.09250035266930001
-0.002969873046875,0.0593002466974828,0.242,-0.237,0.05937456866619643,0.479,4.075819082754486,0.09146745408746781,0.029962659305166728,1.2600513829928124,5.135741472053287,810,2004.02.18.01.22.39,82.21544715447155,False,0.17401208639097687
-0.0031750976562500005,0.05916382846489294,0.261,-0.278,0.059248964917119014,0.539,4.405140247852471,-0.006057948152842663,0.0458247032269082,1.2515975326381927,5.513462665137349,811,2004.02.18.01.32.39,82.3170731707317,False,0.08147323117984373
-0.0029286132812500003,0.05865205666975913,0.254,-0.256,0.058725126882312906,0.51,4.325235439831818,0.18809169372591494,0.02137855608336281,1.2647732587276748,5.4704421220005175,812,2004.02.18.01.42.39,82.41869918699187,False,0.16622534454774351
-0.0032959472656250003,0.06033825278544569,0.242,-0.303,0.06042820548037253,0.5449999999999999,4.00475238468902,0.18595481553422077,0.02923356739230963,1.2625569120851057,5.056227804478432,813,2004.02.18.01.52.39,82.52032520325203,False,0.12959117183080815
-0.0030228515625,0.0591124488302789,0.244,-0.303,0.05918968861449814,0.5469999999999999,4.122339645832057,0.0863550586368742,0.023690570441336902,1.2548158597917292,5.1727771670382845,814,2004.02.18.02.02.39,82.6219512195122,False,0.13005248452743312
-0.0030193359375,0.059645913335986574,0.239,-0.256,0.059722285347996354,0.495,4.001856235195432,0.10217938621775913,0.022160806136413393,1.2614686187486366,5.0482160574426,815,2004.02.18.02.12.39,82.72357723577237,False,0.16927849266255207
-0.0027848144531250002,0.059420649670714566,0.222,-0.247,0.05948587058140887,0.469,3.731978667037979,0.04509361742791862,0.026770891994373224,1.2553188548710632,4.684823186709353,816,2004.02.18.02.22.39,82.82520325203252,False,0.11236623190181616
-0.002819140625,0.05940123108766539,0.215,-0.237,0.05946809067553582,0.45199999999999996,3.6153842768059037,0.04871523083825702,0.0004853518051960319,1.2563948983510598,4.542350360957574,817,2004.02.18.02.32.39,82.92682926829268,False,0.12495076925277537
-0.0030555175781250003,0.060868204139931666,0.239,-0.256,0.06094484771406542,0.495,3.9215784264703535,0.08230041508484875,-0.04758832202738116,1.25991175743976,4.940842767232112,818,2004.02.18.02.42.39,83.02845528455285,False,0.14319972731329922
-0.0032574218750000003,0.05894700218000506,0.288,-0.261,0.05903693643204439,0.5489999999999999,4.878301914116224,0.14984744891576796,0.02592217395295436,1.2610177805073677,6.1516254523836835,819,2004.02.18.02.52.39,83.130081300813,False,0.1704579093836574
-0.00291474609375,0.06017981565475437,0.242,-0.273,0.06025036063818415,0.515,4.01657346838569,0.06383267543223337,0.003983636507625539,1.25572424735561,5.043708695537133,820,2004.02.18.03.02.39,83.23170731707317,False,0.14662150005489105
-0.0027470703125,0.0603342026303649,0.31,-0.256,0.06039670853899035,0.5660000000000001,5.132730036105743,0.14685954297062542,-0.0104628115685943,1.2584414223173035,6.459240087007656,821,2004.02.18.03.12.39,83.33333333333334,False,0.1367141773679471
-0.0027639648437500003,0.060118074333961866,0.269,-0.259,0.06018157827177059,0.528,4.4698063381661095,0.07619651698259311,0.04304249152939337,1.258049581206874,5.623237991805705,822,2004.02.18.03.22.39,83.4349593495935,False,0.14506427378925568
-0.0033287109375,0.059941955614323826,0.244,-0.237,0.060034309851742275,0.481,4.064342550161236,0.11634236406582366,0.022888156214558232,1.2598060402559994,5.120283294362597,823,2004.02.18.03.32.39,83.53658536585365,False,0.17174468071768118
-0.0028942382812500002,0.06081083346577809,0.254,-0.256,0.060879668872549315,0.51,4.172164611009059,0.14081207747676627,0.005531135995292197,1.2603976637342096,5.2585865284303654,824,2004.02.18.03.42.39,83.63821138211382,False,0.19398378145695178
-0.0029408203124999996,0.061626617259069455,0.251,-0.269,0.06169674528616765,0.52,4.068285917446507,0.09989234748069098,-0.028705866485715142,1.254531769104391,5.103793929236646,825,2004.02.18.03.52.39,83.73983739837398,False,0.15960153037662772
-0.0030045898437499998,0.06247068592569706,0.244,-0.283,0.06254289855895911,0.5269999999999999,3.901322222377997,0.15393751248994336,0.0060155871008761765,1.2628003132036592,4.926590924327329,826,2004.02.18.04.02.39,83.84146341463415,False,0.15310492173601364
-0.0029726562500000005,0.06151759414214835,0.288,-0.269,0.06158937468605076,0.5569999999999999,4.6761312558873644,0.14974382475993142,-0.01446730445004661,1.260412646561278,5.893854971900905,827,2004.02.18.04.12.39,83.94308943089432,False,0.17083194152878367
-0.0030323242187499993,0.060996720663551926,0.293,-0.288,0.06107204697629678,0.581,4.797612238438951,0.18154732117365135,0.04401037414525539,1.2583306727243586,6.036982635465502,828,2004.02.18.04.22.39,84.04471544715447,False,0.12487191427584565
-0.002891357421875,0.06228259895297477,0.298,-0.251,0.06234967586185292,0.5489999999999999,4.779495576853893,0.1506043371472061,-0.005776718359785642,1.258567669328924,6.015318608728905,829,2004.02.18.04.32.39,84.14634146341463,False,0.16663845906026137
-0.002862353515625,0.06310277106082358,0.303,-0.247,0.06316765614777174,0.55,4.796758633740891,0.22223282813581902,0.018872510396293646,1.2630040700727876,6.0583256775715295,830,2004.02.18.04.42.39,84.2479674796748,False,0.1450560830355172
-0.0025402832031250003,0.06173310622840305,0.256,-0.337,0.06178534974700212,0.593,4.143377047281687,0.19182145272059437,-0.00430565403976237,1.2601005229343067,5.221071583993658,831,2004.02.18.04.52.39,84.34959349593495,False,0.10303202040152193
-0.0032818847656249997,0.0626143211014424,0.344,-0.261,0.06270027092931398,0.605,5.486419674132081,0.14157113043449465,0.048781918480482474,1.2590107239154393,6.9074612056329405,832,2004.02.18.05.02.39,84.45121951219512,False,0.06766708304610614
-0.00228828125,0.06264455548107033,0.349,-0.3,0.06268633473493246,0.649,5.567401595191957,0.16543475348074743,0.029725870899489998,1.2588851733974535,7.0087193225364866,833,2004.02.18.05.12.39,84.5528455284553,False,0.05218346577229205
-0.00292958984375,0.06279084377471883,0.242,-0.276,0.0628591485672034,0.518,3.849877154178682,0.13781328261809245,-0.019790822165995942,1.2598848337414275,4.850401838317328,834,2004.02.18.05.22.39,84.65447154471545,False,0.1537442841674832
-0.0028708984375000004,0.06123981047875687,0.293,-0.266,0.061307066846428886,0.5589999999999999,4.7792206522284,0.11727074864176457,0.028873945283127447,1.2592507782905853,6.018237325941051,835,2004.02.18.05.32.39,84.7560975609756,False,0.15460858377814768
-0.0027048828125,0.0628059979189539,0.251,-0.261,0.06286421689343628,0.512,3.992732470134487,0.1475516652706137,0.02626348335890083,1.2627026145173479,5.041633729107126,836,2004.02.18.05.42.39,84.85772357723577,False,0.1657273943453091
-0.0029826171875000002,0.06292755081014062,0.244,-0.251,0.06299819565868534,0.495,3.8731268006778317,0.18435645794450783,-0.037795772782763665,1.2627236549116876,4.890688829688323,837,2004.02.18.05.52.39,84.95934959349594,False,0.16267818953440782
-0.002777490234375,0.0635471477830227,0.315,-0.354,0.06360781747049159,0.669,4.952221480419953,0.19453624386165203,-0.00015823036649806693,1.2585981500029153,6.232856793661251,838,2004.02.18.06.02.39,85.0609756097561,False,0.07304612249558307
-0.0031016601562500004,0.06348255186880196,0.242,-0.271,0.06355827788337251,0.513,3.807529216635834,0.15064382247287078,-0.013312519881298794,1.2610622813430958,4.801531480211275,839,2004.02.18.06.12.39,85.16260162601627,False,0.14732725025996307
-0.00276357421875,0.06302377761017036,0.227,-0.276,0.06308433947279427,0.503,3.5983574037086647,0.1289239651508698,-0.004107198297524678,1.2606797230365065,4.536376215093802,840,2004.02.18.06.22.39,85.26422764227642,False,0.14095417584586512
-0.002840966796875,0.06480599843417027,0.261,-0.378,0.06486823972785623,0.639,4.0235406586486935,0.1965242625093797,-0.024622134896051827,1.2620268113901425,5.077816187933005,841,2004.02.18.06.32.39,85.36585365853658,False,0.08437201393041271
-0.00269443359375,0.06324870527540562,0.281,-0.273,0.06330607152087586,0.554,4.438752764927725,0.16042209503933247,0.002362626699979989,1.2609029667718346,5.596836530064052,842,2004.02.18.06.42.39,85.46747967479675,False,0.17278486265275228
-0.0026066894531250003,0.06384843460677475,0.249,-0.259,0.0639016230751663,0.508,3.896614640086777,0.08017739347883301,0.017147010011398692,1.2556791651157333,4.892897818041908,843,2004.02.18.06.52.39,85.56910569105692,False,0.14233559146950303
-0.0033072753906250004,0.06416109992778873,0.354,-0.283,0.06424628249520065,0.637,5.510046437728823,0.28187423845352066,0.017835070153379495,1.2670959761536247,6.9817576696658055,844,2004.02.18.07.02.39,85.67073170731707,False,0.04827077418018155
-0.00273134765625,0.06370910601475623,0.283,-0.281,0.0637676285368897,0.5640000000000001,4.437988466770156,0.22842265377403637,0.011826903207661152,1.2635291950087182,5.607527994876071,845,2004.02.18.07.12.39,85.77235772357723,False,0.13764772309590456
-0.00297314453125,0.06521476659998138,0.288,-0.298,0.06528250432614965,0.586,4.4115954645544795,0.1931899643253585,0.01629976896728986,1.2590528361476758,5.55443178158354,846,2004.02.18.07.22.39,85.8739837398374,False,0.14019077283650438
-0.0028430664062499998,0.06475146053471229,0.269,-0.286,0.06481384626735825,0.5549999999999999,4.1503477341920165,0.22877989582056024,-0.017795349900818713,1.2628244107323925,5.241160431765554,847,2004.02.18.07.32.39,85.97560975609755,False,0.14695042489081356
-0.002920068359375,0.06305802300444967,0.291,-0.31,0.06312559753739465,0.601,4.609857353470848,0.14703945495783977,0.013779297625461822,1.2601184640169232,5.808966367592804,848,2004.02.18.07.42.39,86.07723577235772,False,0.13570686849935953
-0.00319228515625,0.06443922417562292,0.269,-0.288,0.06451824778211974,0.5569999999999999,4.169363075519687,0.20008477150746096,-0.016467923181761376,1.261924817996188,5.261422740235208,849,2004.02.18.07.52.39,86.1788617886179,False,0.1489935654904906
-0.002744873046875,0.06508055553747152,0.254,-0.273,0.06513841445037924,0.527,3.899388742314117,0.1694293667658262,0.0050611348389121655,1.2629543918178656,4.924750137510758,850,2004.02.18.08.02.39,86.28048780487805,False,0.14135444579763334
-0.0030414062500000003,0.06481571264620146,0.281,-0.305,0.06488703073660021,0.5860000000000001,4.330603462819559,0.23850227542978297,0.036574649067465256,1.2649073744841635,5.477812256087114,851,2004.02.18.08.12.39,86.3821138211382,False,0.09505256853343635
-0.003035791015625,0.06566749842854207,0.269,-0.305,0.06573763288218648,0.5740000000000001,4.092024434194274,0.18521530909576667,-0.005139038834754638,1.260696597575612,5.1588012813849895,852,2004.02.18.08.22.39,86.48373983739837,False,0.1465857280563282
-0.00268798828125,0.0646403633534699,0.305,-0.283,0.06469622752115266,0.588,4.7143397951647055,0.20938536742395453,0.011607946698523889,1.2641961869639782,5.959850393099762,853,2004.02.18.08.32.39,86.58536585365853,False,0.11848328203450964
-0.003222705078125,0.0636672652633993,0.242,-0.278,0.06374877641288988,0.52,3.796151292890824,0.15859680458446102,-0.03790849853367436,1.2649412336862804,4.801908299689087,854,2004.02.18.08.42.39,86.6869918699187,False,0.12262416564943224
-0.002725341796875,0.06445567761900096,0.3,-0.315,0.06451326890829805,0.615,4.650206152573558,0.17964744131816301,-0.008738344793619405,1.2597712855345686,5.858196182828352,855,2004.02.18.08.52.39,86.78861788617887,False,0.12302565339722515
-0.0027486328124999996,0.06467959566808569,0.291,-0.273,0.06473797245917576,0.5640000000000001,4.495043464382619,0.13020820459561921,-0.0057538171800981764,1.2607943391828338,5.6673253542744,856,2004.02.18.09.02.39,86.89024390243902,False,0.1668461781009829
-0.00301552734375,0.06588735321432404,0.269,-0.298,0.06595632432716365,0.567,4.078456505030166,0.14541684873021632,-0.031236108790568637,1.2585911996626251,5.133109465437754,857,2004.02.18.09.12.39,86.99186991869918,False,0.14672948588404333
-0.0031018066406250005,0.06479836918534139,0.288,-0.305,0.06487256626275567,0.593,4.4394729018966705,0.2237748629619043,-0.03954095388767976,1.2638109967983433,5.610654673405265,858,2004.02.18.09.22.39,87.09349593495935,False,0.11598383491010078
-0.003333544921875,0.06519196733652825,0.276,-0.349,0.06527714092201897,0.625,4.228126356356717,0.2423242272095414,0.017878867515954314,1.262393374588833,5.337558699189143,859,2004.02.18.09.32.39,87.1951219512195,False,0.08448916022645447
-0.0029830566406249997,0.06463166412714784,0.261,-0.278,0.06470046858227245,0.539,4.033973875600531,0.25484866019608887,-0.06165016344645277,1.2659568072763976,5.1068366881916445,860,2004.02.18.09.42.39,87.29674796747967,False,0.09426597419021321
-0.0030022949218750004,0.06476422717586043,0.254,-0.239,0.06483377897735389,0.493,3.9177108600860815,0.07809327496193363,0.018289705938771696,1.2580459517531575,4.9286602876706755,861,2004.02.18.09.52.39,87.39837398373984,False,0.16412305673156408
-0.002820263671875,0.06473638226679783,0.259,-0.291,0.06479778604375211,0.55,3.9970501434280585,0.1593173723564698,0.009560869242815314,1.2618356359874858,5.043620309806416,862,2004.02.18.10.02.39,87.5,False,0.15625154314148615
-0.002600341796875,0.06525980297739796,0.264,-0.315,0.06531158903371878,0.579,4.042161642456796,0.13257649129065774,-0.054614104516296814,1.2597264684791438,5.092018010873956,863,2004.02.18.10.12.39,87.60162601626016,False,0.10807879426745048
-0.0031163574218750004,0.06414362535623473,0.295,-0.3,0.06421928337673877,0.595,4.593635812928638,0.21586996555130877,-0.010195325896891205,1.2620278096299924,5.797296143228219,864,2004.02.18.10.22.39,87.70325203252033,False,0.12530800422074073
-0.0031404785156249997,0.06478556306618222,0.266,-0.305,0.0648616357110224,0.571,4.101037494415158,0.19344515868647072,-0.03855566438397643,1.2649047625212833,5.187421857964084,865,2004.02.18.10.32.39,87.8048780487805,False,0.11809273855336488
-0.0033698242187500003,0.06353950963561747,0.269,-0.4,0.06362880636944244,0.669,4.227644919788823,0.25069839162883856,-0.015881243716760952,1.265241679527836,5.3489925587609335,866,2004.02.18.10.42.39,87.90650406504065,False,0.059487298134069944
-0.003202490234375,0.0650010919653613,0.269,-0.298,0.06507993469872742,0.567,4.133378455975311,0.07594502492234989,-0.007898263439264327,1.2567212280128812,5.19450444903528,867,2004.02.18.10.52.39,88.00813008130082,False,0.143434067395374
-0.0026366210937500004,0.06363238067079521,0.286,-0.3,0.0636869817201679,0.586,4.490713679235826,0.15271474944318175,0.007547179277460893,1.2615040308540972,5.665053407767628,868,2004.02.18.11.02.39,88.10975609756098,False,0.14333536616379172
-0.0031953125,0.06360210354763114,0.283,-0.298,0.06368231777861301,0.581,4.4439337302990305,0.19412273314788653,-0.03410647032180992,1.260151413772041,5.600029372945583,869,2004.02.18.11.12.39,88.21138211382113,False,0.1364096521810002
-0.00283515625,0.06536645255409564,0.237,-0.281,0.06542790865119219,0.518,3.6223074355545903,0.10033397709653036,-0.05336248440045794,1.2623421503513137,4.572591357431534,870,2004.02.18.11.22.39,88.3130081300813,False,0.11362667954728045
-0.0031205078125000002,0.06405219756591787,0.286,-0.271,0.06412816527884803,0.5569999999999999,4.459818844908291,0.11284052235979392,-0.06069089415188806,1.2602069391160404,5.620294655553913,871,2004.02.18.11.32.39,88.41463414634147,False,0.12205228541559932
-0.002893408203125,0.06465111684784118,0.298,-0.283,0.06471583052625629,0.581,4.604746591007534,0.15281234652720688,-0.009437313933629617,1.2573249799860253,5.7896629153792665,872,2004.02.18.11.42.39,88.51626016260163,False,0.1360312358368222
-0.0027725585937499997,0.06741768077116694,0.256,-0.322,0.06747466755545187,0.5780000000000001,3.7940164698049785,0.13245575182501845,-0.009857173654228241,1.2603851086064288,4.781921860349728,873,2004.02.18.11.52.39,88.6178861788618,False,0.11553812390791685
-0.0030739257812500004,0.06620323750446512,0.249,-0.259,0.06627456281094013,0.508,3.7570975867515926,0.12437081003696848,-0.04127293695736121,1.2634607617498457,4.746945378925674,874,2004.02.18.12.02.39,88.71951219512195,False,0.12520496004946724
-0.002341552734375,0.06700881611723017,0.273,-0.31,0.06704971518687179,0.583,4.071605662143855,0.13121528469819577,-0.02097856005176387,1.2600773998488968,5.130538275964275,875,2004.02.18.12.12.39,88.8211382113821,False,0.11691217667677822
-0.0026915039062500004,0.06833769724914933,0.271,-0.288,0.06839067961786716,0.5589999999999999,3.96252824967104,0.15130306694156292,-0.03385573729675262,1.2629128903986087,5.004328005078193,876,2004.02.18.12.22.39,88.92276422764228,False,0.13562966080254146
-0.00286220703125,0.0673704526339089,0.276,-0.291,0.06743122509036523,0.567,4.093059256006839,0.09891840472972158,-0.01181439122295556,1.2606268392400408,5.159820352722095,877,2004.02.18.12.32.39,89.02439024390245,False,0.1506110502770751
-0.0032424804687500005,0.06721631498451305,0.286,-0.327,0.06729447733423226,0.613,4.249977283864179,0.20983146117028895,-0.04195436298982013,1.2651404733843938,5.376818272780848,878,2004.02.18.12.42.39,89.1260162601626,False,0.07456031144181008
-0.002627685546875,0.06698237805451981,0.239,-0.3,0.06703389964168782,0.5389999999999999,3.565360232322929,0.11368936406824615,-0.036760056216069065,1.26163716376444,4.498190971306424,879,2004.02.18.12.52.39,89.22764227642277,False,0.11168112684804599
-0.00309453125,0.0669305212673861,0.256,-0.3,0.0670020208708756,0.556,3.820780279050925,0.15632811034375793,-0.05293255909274306,1.2625188038336776,4.82380694761868,880,2004.02.18.13.02.39,89.32926829268293,False,0.10976667162651554
-0.002873974609375,0.06821879070102528,0.31,-0.283,0.06827930238927185,0.593,4.5401752676475455,0.23874804065731325,0.009143573928876323,1.2662554777093085,5.74902180241903,881,2004.02.18.13.12.39,89.43089430894308,False,0.1052298682293531
-0.002890869140625,0.06771167587233318,0.259,-0.305,0.0677733588796374,0.5640000000000001,3.8215606291547832,0.1111540380046856,-0.023072859149008244,1.2622653960225623,4.823823740984295,882,2004.02.18.13.22.39,89.53252032520325,False,0.13232172239962037
-0.0034580078124999995,0.06803438349995308,0.259,-0.315,0.06812220751157438,0.5740000000000001,3.801990708477765,0.16928234034771927,0.0003256996459413297,1.2619422784609347,4.797892817343734,883,2004.02.18.13.32.39,89.63414634146342,False,0.1139290193480843
-0.00264150390625,0.06833795411583717,0.291,-0.325,0.06838898680069036,0.616,4.255071081080302,0.19255682126690354,-0.04690736399332499,1.267443740523751,5.393063207198858,884,2004.02.18.13.42.39,89.73577235772358,False,0.07136524628946361
-0.002575341796875,0.0682211311954177,0.354,-0.278,0.06826972335488936,0.632,5.185314698871519,0.15341483925250365,-0.0396600711756406,1.260653149422299,6.53688330587812,885,2004.02.18.13.52.39,89.83739837398373,False,0.08458271761438796
-0.0027708984375,0.06803490568362912,0.273,-0.317,0.06809130832588876,0.5900000000000001,4.009322286677279,0.19622170684181706,-0.046052304261523395,1.261773903422013,5.058858231737662,886,2004.02.18.14.02.39,89.9390243902439,False,0.10804619733097331
-0.0029549316406249997,0.06953669761029861,0.31,-0.259,0.06959945355781808,0.569,4.454057958119957,0.13502611063653003,0.007708416923629559,1.2628133752418516,5.624643963616293,887,2004.02.18.14.12.39,90.04065040650406,False,0.15653057292143846
-0.0028672851562499997,0.06955553413048093,0.271,-0.303,0.06961460803842646,0.5740000000000001,3.892861105393442,0.17927487596913805,-0.055019815972885154,1.261786026369287,4.911957745381941,888,2004.02.18.14.22.39,90.14227642276423,False,0.11755433039917695
-0.003320458984375001,0.06833468154988145,0.276,-0.31,0.0684153064042735,0.5860000000000001,4.03418495810113,0.1584363564074569,-0.019020479986422107,1.2611059634483943,5.087534708315145,889,2004.02.18.14.32.39,90.2439024390244,False,0.1266311193921128
-0.00321259765625,0.07136414799213123,0.293,-0.31,0.07143642209926075,0.603,4.101549201230671,0.14666941437895975,-0.014369412268683634,1.2617575080058612,5.175160499108242,890,2004.02.18.14.42.39,90.34552845528455,False,0.10781379031801985
-0.0027507812499999998,0.06934515475266385,0.286,-0.293,0.06939969225548662,0.579,4.121055738217475,0.15508564816849502,-0.01919696317124403,1.2601970639488846,5.193342341671365,891,2004.02.18.14.52.39,90.4471544715447,False,0.1462540699833491
-0.0026223632812500002,0.06758962342842392,0.281,-0.271,0.06764047593249918,0.552,4.1543173096596755,0.07446289334541767,-0.015555565609095299,1.2598970338745257,5.234012056213825,892,2004.02.18.15.02.39,90.54878048780488,False,0.15090471026111063
-0.0030635253906250003,0.06971053583441761,0.281,-0.327,0.0697778187831966,0.6080000000000001,4.0270676971586346,0.14060989668015766,-0.04296253701598291,1.2614497328272405,5.0799434706579705,893,2004.02.18.15.12.39,90.65040650406505,False,0.09688524683683275
-0.002428271484375,0.06856808839135774,0.305,-0.273,0.06861107234293073,0.5780000000000001,4.445346641363569,-0.007705876277654067,-0.03160271475534386,1.2539318360833993,5.574161676032193,894,2004.02.18.15.22.39,90.7520325203252,False,0.06084467049869846
-0.00250439453125,0.06910973978414219,0.374,-0.286,0.06915510194483122,0.6599999999999999,5.408133159840616,0.08789212740211338,-0.0203540173295446,1.2539500790019225,6.781529003035057,895,2004.02.18.15.32.39,90.85365853658537,False,0.033431382025983614
-0.0029822265625000003,0.06840093041590276,0.278,-0.291,0.06846591091215576,0.569,4.06041482974913,0.0532082414904389,-0.017771879954544306,1.25805865586505,5.108240022968706,896,2004.02.18.15.42.39,90.95528455284553,False,0.12642174234518522
-0.0020919433593749996,0.06867718867050611,0.266,-0.269,0.06870904213204493,0.535,3.871397297153432,0.0348743564930909,-0.005296733070926863,1.2555027305299185,4.86054987754228,897,2004.02.18.15.52.39,91.05691056910568,False,0.10154403470176221
-0.0028787109375,0.06776718629958985,0.283,-0.298,0.06782830173036179,0.581,4.172299656344212,0.034664580911717646,-0.029419726476821558,1.2514131146493377,5.221270508196071,898,2004.02.18.16.02.39,91.15853658536585,False,0.07590890029465158
-0.0026128417968750003,0.06789746880874963,0.291,-0.31,0.06794772411855032,0.601,4.282704149034985,0.08139823549901415,0.01722835771886719,1.2577714377178038,5.386662954851737,899,2004.02.18.16.12.39,91.26016260162602,False,0.09553353919428065
-0.002937548828125,0.06770648074887667,0.283,-0.305,0.06777017580407789,0.588,4.175878203682795,0.12406230945303642,0.02669915932453666,1.2571073007823925,5.2495269770277035,900,2004.02.18.16.22.39,91.36178861788618,False,0.12819310238480885
-0.0031586914062499997,0.06749319346937017,0.271,-0.283,0.06756706665302076,0.554,4.01082973442779,0.07502217177341475,0.021675915395326872,1.2575712225827913,5.043904052695768,901,2004.02.18.16.32.39,91.46341463414635,False,0.1275827808947263
-0.0033586914062500002,0.0690171121546141,0.322,-0.291,0.06909878854310689,0.613,4.659994868059403,0.1352167995364817,0.024494194890850408,1.2575942916886573,5.8603829453699445,902,2004.02.18.16.42.39,91.5650406504065,False,0.09666336769304873
-0.002328955078125,0.06888656068954742,0.298,-0.278,0.06892591874897733,0.5760000000000001,4.323482449110212,0.04302134437596594,0.04665536044966204,1.2551340410230047,5.426549997643738,903,2004.02.18.16.52.39,91.66666666666666,False,0.07251507944258917
-0.0029309082031249998,0.06950688661471235,0.305,-0.332,0.06956865321224513,0.637,4.384158466737651,0.10901929317710168,0.03040834206196448,1.2585638512784958,5.5177433645125635,904,2004.02.18.17.02.39,91.76829268292683,False,0.07705490047538144
-0.002504052734375,0.06833444068957172,0.271,-0.315,0.06838030465311723,0.5860000000000001,3.9631294621271627,0.06118034357453439,0.021932935407314273,1.2600978430091292,4.993930886792368,905,2004.02.18.17.12.39,91.869918699187,False,0.08404672985709083
-0.0033886718749999998,0.06993148997155955,0.291,-0.273,0.07001354430907458,0.5640000000000001,4.156338646639304,0.10897342501202179,0.07993230985543863,1.2595992370162754,5.235320988088126,906,2004.02.18.17.22.39,91.97154471544715,False,0.12177670289646458
-0.00268330078125,0.07177226009254789,0.303,-0.283,0.07182240195005316,0.586,4.218739443032171,0.1390670764178501,0.052123160673283785,1.258733115692364,5.3102670434221535,907,2004.02.18.17.32.39,92.07317073170732,False,0.1217503512991237
-0.0030625,0.06985388978409685,0.276,-0.264,0.06992098986869931,0.54,3.947312538313386,0.14823524072460614,0.05591781594250636,1.2658336154778067,4.9966409017941125,908,2004.02.18.17.42.39,92.17479674796748,False,0.09995990138219868
-0.002409716796875,0.07167402508845679,0.325,-0.322,0.07171452159376004,0.647,4.531857603973455,0.14278171822446284,0.07492867776189416,1.2594236410021151,5.7075286040993705,909,2004.02.18.17.52.39,92.27642276422763,False,0.049274814591513616
-0.0026356445312499996,0.07136501448165895,0.32,-0.276,0.07141366755784567,0.5960000000000001,4.480934965856463,0.08448595789123159,0.059781399136608765,1.2596565170675715,5.644438932297049,910,2004.02.18.18.02.39,92.3780487804878,False,0.08941361461290753
-0.0031624023437499997,0.07078994560611164,0.366,-0.291,0.07086054746824921,0.657,5.1650744042585215,0.25539485715784815,0.02105682012684618,1.2646898477462574,6.532217161919801,911,2004.02.18.18.12.39,92.47967479674797,False,0.06287617647924582
-0.0034062499999999996,0.0696748194741113,0.256,-0.347,0.06975803185162623,0.603,3.66982830800769,0.07821361659797832,-0.005391475504496181,1.2601876482533856,4.624672304961912,912,2004.02.18.18.22.39,92.58130081300813,False,0.08868167386292891
-0.0029453125,0.07120590766657703,0.278,-0.303,0.07126679558071732,0.581,3.900834852117563,0.13037405516011136,0.0005654921742813062,1.2610802137707111,4.919265649192656,913,2004.02.18.18.32.39,92.6829268292683,False,0.12396861049177788
-0.0027588867187500004,0.0700459438311606,0.276,-0.325,0.07010025465806098,0.601,3.9372182219064475,0.19771375074949127,-0.03731307102738684,1.2651000211462748,4.980974855791346,914,2004.02.18.18.42.39,92.78455284552845,False,0.08097652519215959
-0.003085791015625,0.07205987916187144,0.293,-0.295,0.07212591968921869,0.588,4.062339880898563,0.14156693896207928,-0.016093974758204923,1.2615166285359487,5.124709310518282,915,2004.02.18.18.52.39,92.88617886178862,False,0.12458897618787057
-0.003069775390625,0.07335160112263561,0.298,-0.325,0.07341580829905181,0.623,4.059071294102319,0.2230974673448669,-0.019634622285629583,1.266951326743842,5.142645761410776,916,2004.02.18.19.02.39,92.98780487804879,False,0.07212729243034699
-0.0025934082031249996,0.07359295889639401,0.266,-0.33,0.07363864043580907,0.5960000000000001,3.6122339905483813,0.29304576674188354,-0.056680754571386875,1.2723384929764288,4.595984351812559,917,2004.02.18.19.12.39,93.08943089430895,False,0.037739648221692956
-0.0028892578125,0.07569266498837855,0.308,-0.322,0.07574778771521978,0.63,4.066125352174668,0.3173731673467177,-0.02767569290908734,1.2692847075327536,5.161070728426537,918,2004.02.18.19.22.39,93.1910569105691,False,0.05610143398661549
-0.0026825683593750004,0.07545100249943107,0.337,-0.369,0.07549867516169985,0.706,4.463654485038681,0.3369013707985946,-0.054227368847764634,1.2714552106547528,5.675336753564888,919,2004.02.18.19.32.39,93.29268292682927,False,0.024083163556930076
-0.0026958007812500004,0.07691594591677861,0.303,-0.378,0.0769631735190604,0.681,3.936947843307945,0.4222433802459622,-0.06696694831397147,1.2757242542684701,5.02245985149789,920,2004.02.18.19.42.39,93.39430894308943,False,0.001237998182146982
-0.002968994140625,0.07760401075912449,0.317,-0.374,0.07766078426148795,0.6910000000000001,4.0818542204343995,0.29344483568561675,-0.061640174850508524,1.2719618223206297,5.191962732670892,921,2004.02.18.19.52.39,93.4959349593496,False,0.02277777329509445
-0.0031948730468750004,0.07946179041415898,0.347,-0.327,0.0795259916606475,0.6739999999999999,4.36335332328473,0.3965165088167124,-0.020624057147678464,1.2744859104827768,5.561032332984589,922,2004.02.18.20.02.39,93.59756097560977,False,0.032099758162625336
-0.00327001953125,0.08285578137596371,0.325,-0.347,0.08292028422018494,0.6719999999999999,3.919426990107767,0.5138241127090044,-0.03546337197129587,1.282988666677788,5.0285804081793,923,2004.02.18.20.12.39,93.69918699186992,False,0.0029881511116147674
-0.0031388671875000004,0.08414852274381729,0.378,-0.386,0.0842070446410958,0.764,4.4889355945348495,0.4557222547150639,-0.05025298209565603,1.2794726740672246,5.743470428855051,924,2004.02.18.20.22.39,93.80081300813008,True,-0.015246485826573286
-0.0034131347656250004,0.08208575137885415,0.315,-0.398,0.08215667999839925,0.7130000000000001,3.834137406795619,0.3712459346392163,-0.05027036790659063,1.2741877953834384,4.8854110895620835,925,2004.02.18.20.32.39,93.90243902439023,False,0.011685656682232537
-0.0029071777343749996,0.08231881517182223,0.325,-0.342,0.0823701342336643,0.667,3.9456048363118246,0.38388625062693427,-0.019237683475742,1.2795448005223373,5.048578153218583,926,2004.02.18.20.42.39,94.0040650406504,False,0.02733159787456596
-0.0029955078125,0.08099745956746268,0.371,-0.383,0.08105283168056192,0.754,4.577261426993095,0.26017367778831657,-0.05182315676435237,1.2688764933091286,5.807979428442136,927,2004.02.18.20.52.39,94.10569105691057,False,0.014912221257006975
-0.00315,0.07893419468040293,0.374,-0.317,0.07899702266442546,0.6910000000000001,4.734355642600978,0.25484522731575776,-0.08778210446272748,1.2719037484079638,6.0216446881205785,928,2004.02.18.21.02.39,94.20731707317073,False,0.01848922927944785
-0.0027828125,0.0808584030587721,0.388,-0.31,0.0809062753476206,0.698,4.795672502941526,0.29347115674724167,0.04497046488465041,1.275051879856986,6.114731240054051,929,2004.02.18.21.12.39,94.3089430894309,False,0.021624962749237753
-0.00297216796875,0.08237371553192369,0.369,-0.332,0.08242731824443127,0.7010000000000001,4.476671179641701,0.19500962390463217,0.0035866209019404754,1.267301484961512,5.673292033644331,930,2004.02.18.21.22.39,94.41056910569105,False,0.04950456165052197
-0.002636474609375,0.07702751656567117,0.312,-0.305,0.07707262358737133,0.617,4.048130003597315,0.20320442604025413,-0.016223759031560755,1.2679035245194012,5.132638299273772,931,2004.02.18.21.32.39,94.51219512195121,False,0.07649159976043518
-0.002741748046875,0.07999851289676785,0.374,-0.308,0.08004548237125488,0.6819999999999999,4.672343634152514,0.36854075927050234,0.02044089319283571,1.2771845286734222,5.967445002185344,932,2004.02.18.21.42.39,94.61382113821138,False,0.03602328413847278
-0.00282392578125,0.08054088728846512,0.356,-0.374,0.08059037834649524,0.73,4.417400777911622,0.3331707235814001,-0.013955980188736216,1.278176134904446,5.64621625263497,933,2004.02.18.21.52.39,94.71544715447155,False,0.021437154196761843
-0.0032333496093749996,0.08092406253747508,0.33,-0.383,0.08098863159274655,0.7130000000000001,4.074645953513743,0.3474144778243837,0.0078113139313564055,1.2750967865334126,5.195567961586746,934,2004.02.18.22.02.39,94.8170731707317,False,0.028978248808878004
-0.0034154296875000003,0.0823483838604301,0.32,-0.354,0.0824191815318194,0.6739999999999999,3.8825913343541063,0.5077556650038066,-0.011197765762593822,1.2848041353865967,4.98836940239432,935,2004.02.18.22.12.39,94.91869918699187,True,-0.003969267462718862
-0.002784130859375,0.08914640911408603,0.376,-0.378,0.08918987410338758,0.754,4.215725201766137,0.6275766429811225,0.05335814417797349,1.292596809239467,5.449232944433318,936,2004.02.18.22.22.39,95.02032520325203,True,-0.04450611034235874
-0.00286123046875,0.08451434316166959,0.344,-0.359,0.08456276272594072,0.703,4.067984404848135,0.5395699050017995,-0.011520028938135297,1.2883607052301298,5.241031256695312,937,2004.02.18.22.32.39,95.1219512195122,True,-0.0052397824343072275
-0.00240576171875,0.08846828972640478,0.464,-0.4,0.08850099421228273,0.8640000000000001,5.242878954410696,0.5687705364955318,0.0820748308912986,1.2861800506010097,6.743286318878918,938,2004.02.18.22.42.39,95.22357723577237,True,-0.06622937531232886
-0.0029392578125000002,0.08975438828623734,0.386,-0.403,0.08980250248809885,0.789,4.2983211971309485,0.5477026093224135,0.06473543898197545,1.2853926658123251,5.525030542097774,939,2004.02.18.22.52.39,95.32520325203252,True,-0.05625782858136219
-0.0027381347656249997,0.08466536686580234,0.396,-0.356,0.08470963185208413,0.752,4.674793070656665,0.47051072242835756,0.05479339239532928,1.2813510795137717,5.990051147589417,940,2004.02.18.23.02.39,95.42682926829268,True,-0.02966371969878212
-0.0025693847656249997,0.085293212507308,0.337,-0.366,0.08533190398608614,0.7030000000000001,3.9492849011660374,0.4305497049518916,0.02465303048736525,1.2752731877973515,5.0364171454299616,941,2004.02.18.23.12.39,95.52845528455285,True,-0.007218846155161551
-0.002811474609375,0.08840372674008977,0.349,-0.383,0.08844842164230872,0.732,3.9458024633992803,0.4619920187149744,0.01919983765446588,1.2840610755621733,5.066651355108353,942,2004.02.18.23.22.39,95.630081300813,True,-0.018519601936538677
-0.0032001953125,0.087098777438101,0.298,-0.396,0.08715754861886606,0.694,3.4190957033811658,0.1160450402193911,0.06336046051305572,1.2630795850234975,4.318589982182306,943,2004.02.18.23.32.39,95.73170731707317,False,0.01069032202664566
-0.002502978515625,0.08858874705293948,0.371,-0.312,0.08862409946430697,0.683,4.186220252081872,0.05833397857493683,0.15472167244438614,1.2569653802112415,5.26193393080609,944,2004.02.18.23.42.39,95.83333333333334,False,0.01933554675795013
-0.0029848144531250003,0.086609511229511,0.339,-0.366,0.08666092863992617,0.7050000000000001,3.9117974538276172,0.15353352513536667,0.1378977090343189,1.2625482350914485,4.93883297136528,945,2004.02.18.23.52.39,95.9349593495935,False,0.01149056380016289
-0.0034722656249999997,0.08961598854378298,0.339,-0.334,0.08968323160574668,0.673,3.779970836580311,0.23705738193965464,0.1463897501291612,1.269786102816706,4.799754437342116,946,2004.02.19.00.02.39,96.03658536585365,True,-0.0017827746895932028
-0.00313271484375,0.08894747322009208,0.342,-0.312,0.08900262296433319,0.654,3.8425833824813536,0.09531215093231316,0.12010339249855762,1.2609394496208712,4.845264975428344,947,2004.02.19.00.12.39,96.13821138211382,False,0.027171056225244072
-0.003097705078125,0.08690107901399058,0.354,-0.347,0.08695627240485228,0.701,4.071011672991704,0.25832977958846515,0.08690280553645664,1.272466865007052,5.180227460938868,948,2004.02.19.00.22.39,96.23983739837398,False,0.0007512681682531053
-0.002893017578125,0.0849238556581102,0.315,-0.325,0.0849731181641987,0.64,3.7070547345491836,0.08292163453572687,0.05294426170530108,1.2592281025232246,4.668027499336104,949,2004.02.19.00.32.39,96.34146341463415,False,0.04623735133742313
-0.0033718261718750004,0.08388403440297673,0.342,-0.352,0.08395177448662491,0.694,4.0737673752743255,-0.08350579457370033,0.08002854301819882,1.2464177610182825,5.077616010798749,950,2004.02.19.00.42.39,96.44308943089432,True,-0.021689062873781362
-0.002722119140625,0.0923863209772549,0.344,-0.347,0.09242641525196206,0.691,3.7218797143893063,0.021963560669603588,0.13582484566297562,1.253572343001673,4.6656454739374,951,2004.02.19.00.52.39,96.54471544715447,True,-0.02583250206295573
-0.003009814453125,0.09947866031845541,0.435,-0.374,0.0995241821960717,0.8089999999999999,4.3707970304444235,0.2901797192976958,0.2574620385356279,1.2669326921406856,5.537505648581468,952,2004.02.19.01.02.39,96.64634146341463,True,-0.03601838182845518
-0.002832275390625,0.1013407335702914,0.449,-0.364,0.10138030412487983,0.813,4.428868150236792,0.38526319739017767,0.2712428439471619,1.2783889878682906,5.661816271983321,953,2004.02.19.01.12.39,96.7479674796748,True,-0.03458704626738507
-0.002947119140625,0.0922852531858034,0.325,-0.369,0.09233229915255482,0.694,3.5198950203007837,-0.14208814967542516,0.11174334325278586,1.245267919669417,4.3832123493846975,954,2004.02.19.01.22.39,96.84959349593495,True,-0.037844163642352324
-0.0032361816406249995,0.09538171016630105,0.383,-0.337,0.09543659416523295,0.72,4.013135667193842,-0.12005863937305072,0.1236705559785345,1.2438003473937833,4.991539536994082,955,2004.02.19.01.32.39,96.95121951219512,True,-0.03345467236221855
-0.0030698242187500004,0.08986717633480522,0.303,-0.444,0.08991959298798567,0.747,3.369677174144732,-0.16579779502910075,-0.11223284587031748,1.243612120659603,4.190571376476388,956,2004.02.19.01.42.39,97.0528455284553,True,-0.04529765583551071
-0.00299765625,0.09395669347317989,0.369,-0.386,0.094004500910362,0.755,3.925343961475419,-0.10158455309784165,-0.0365653091246448,1.2478236326943108,4.898136961582934,957,2004.02.19.01.52.39,97.15447154471545,True,-0.012886351519967643
-0.002810986328125,0.08912329485572905,0.334,-0.332,0.08916761368388258,0.666,3.7457546097857715,-0.17802577670782993,-0.023960999318589447,1.2409039550307892,4.648121709857975,958,2004.02.19.02.02.39,97.2560975609756,True,-0.0008003839370820387
-0.0025294921875000003,0.09950165331803978,0.366,-0.352,0.09953380000658069,0.718,3.677142839676591,-0.004348323225340511,0.08119960129204709,1.2566546767234927,4.6208987464598925,959,2004.02.19.02.12.39,97.35772357723577,True,-0.029033732262923162
-0.00325390625,0.09102642389999983,0.381,-0.354,0.0910845637520774,0.735,4.18292611069689,-0.17910630546688688,-0.017308044596579322,1.2402724045085052,5.187967825195441,960,2004.02.19.02.22.39,97.45934959349594,True,-0.011925184561490054
-0.0023173828124999998,0.10176472775488239,0.43,-0.381,0.1017911100151924,0.8109999999999999,4.224337468525711,-0.19522339065679795,0.06945153695196735,1.2432828229695558,5.252046213044713,961,2004.02.19.02.32.39,97.5609756097561,True,-0.051970558376611686
-0.002534765625,0.11066330579005206,0.405,-0.388,0.11069233164567566,0.793,3.6587900352157945,-0.15389460749192319,0.07035978701038596,1.2458926665337247,4.558459673262027,962,2004.02.19.02.42.39,97.66260162601627,True,-0.05704789158800461
-0.0027451171875000004,0.1062664806868299,0.344,-0.415,0.106301931242746,0.7589999999999999,3.2360653844985943,-0.3413025240834844,0.02092088379651548,1.229868233296108,3.979934017263976,963,2004.02.19.02.52.39,97.76422764227642,True,-0.03379239721155891
-0.00368623046875,0.09577089149661425,0.308,-0.327,0.09584180691704951,0.635,3.21362889439858,-0.25654896944502115,0.024794894364646942,1.2375698313925552,3.9770901689990947,964,2004.02.19.03.02.39,97.86585365853658,False,0.0041028433752008375
-0.0031464355468750005,0.09148896413548323,0.369,-0.337,0.09154305334231742,0.706,4.030890237188791,-0.2427225857097306,0.10170376261593446,1.2354452339723803,4.979944132200689,965,2004.02.19.03.12.39,97.96747967479675,True,-0.02608806780100248
-0.002857275390625,0.10862645141974055,0.378,-0.403,0.1086640233504315,0.781,3.4786122245905133,-0.002035598429833474,0.04040353331361684,1.259365822643194,4.380845345878103,966,2004.02.19.03.22.39,98.06910569105692,True,-0.028113989248768956
-0.0033555175781250003,0.10996229389183718,0.464,-0.376,0.11001347906584846,0.8400000000000001,4.217664998325098,0.046365050269709496,0.3219552851016181,1.2519767012769822,5.280418311694446,967,2004.02.19.03.32.39,98.17073170731707,True,-0.04087967777696666
-0.003176025390625,0.11693019051774002,0.498,-0.371,0.11697331572541181,0.869,4.257381240427745,0.6516244075268829,0.5680324244984739,1.2871303838408092,5.479804750148425,968,2004.02.19.03.42.39,98.27235772357723,True,-0.06598783041333156
-0.00353017578125,0.10933410515644112,0.437,-0.432,0.10939108140706101,0.869,3.994841209895859,0.0543306564842605,0.2867892783493003,1.2559744464807103,5.017418477377283,969,2004.02.19.03.52.39,98.3739837398374,True,-0.04424303886479686
-0.003337353515625,0.11874418370307079,0.481,-0.349,0.11879107328329379,0.83,4.049125803021476,0.04655397570430431,0.26919536462409666,1.2498278643202771,5.06071025475446,970,2004.02.19.04.02.39,98.47560975609755,True,-0.03808312534051028
-0.0030987792968750006,0.13414106693460298,0.532,-0.483,0.13417685445517186,1.0150000000000001,3.9649163200329745,0.18022964669061725,0.3088899470890069,1.2632572310094454,5.008709211629016,971,2004.02.19.04.12.39,98.57723577235772,True,-0.07074708093712279
-0.002777880859375,0.14241718717943772,0.684,-0.515,0.14244427621414585,1.199,4.801877746015557,0.760694354730397,0.42524235523820525,1.2955926563536397,6.221277544445723,972,2004.02.19.04.22.39,98.6788617886179,True,-0.09854064756491066
-0.0027585449218750003,0.12780415448851173,0.527,-0.486,0.12783392145518097,1.013,4.122536444168836,0.8134602805347289,0.5271454080878122,1.296348200218022,5.344242699731475,973,2004.02.19.04.32.39,98.78048780487805,True,-0.09621205195631355
-0.0027781738281249997,0.11738244477764806,0.547,-0.527,0.11741531668311794,1.074,4.658676699533597,0.7730207002527334,0.2768562941300174,1.2937846582993462,6.027324441833201,974,2004.02.19.04.42.39,98.8821138211382,True,-0.0963754727564301
-0.0034499023437500006,0.12986421367771447,0.562,-0.452,0.1299100297140775,1.014,4.326070906433638,0.35809150024948666,0.23920317704137944,1.2701473866914088,5.494747656448419,975,2004.02.19.04.52.39,98.98373983739837,True,-0.07413335094953466
-0.0034029296875000004,0.12459835570874593,0.547,-0.525,0.12464481608065876,1.072,4.388469710974835,0.786018964989784,0.1262135081261588,1.3070498326365876,5.735948601260392,976,2004.02.19.05.02.39,99.08536585365853,True,-0.09948010321242684
-0.0032721191406250003,0.1468577946172595,0.706,-0.566,0.14689424292161904,1.2719999999999998,4.806178826060004,0.9702485897479214,0.38799177190285755,1.321145124253828,6.349659722341159,977,2004.02.19.05.12.39,99.1869918699187,True,-0.10471644563845917
-0.0031237304687499997,0.1463869455100799,0.54,-0.549,0.1464202701398017,1.089,3.688013957933621,-0.04261227658948741,0.1450779641590775,1.2529434635251115,4.6208729819823064,978,2004.02.19.05.22.39,99.28861788617887,True,-0.0800520351904126
-0.00265166015625,0.14337446752018648,0.53,-0.542,0.143398986182892,1.072,3.6959814996462703,-0.11676904377771224,0.03674201394583557,1.252474077632637,4.629121019716753,979,2004.02.19.05.32.39,99.39024390243902,True,-0.08086457907555067
-0.00293916015625,0.14832200575863114,0.542,-0.544,0.14835112421106725,1.086,3.6534943896270513,-0.09328658965441639,-0.051948320417494705,1.2462042568883267,4.55300026087085,980,2004.02.19.05.42.39,99.49186991869918,True,-0.07786768796478372
-0.0033151367187500003,0.11658267421503826,0.527,-0.449,0.11662979918783087,0.976,4.5185707569578595,0.25959088689080456,0.11989317706561527,1.2660286575642672,5.720640069540513,981,2004.02.19.05.52.39,99.59349593495935,True,-0.06061838412401632
-0.003310888671875,0.1305403582626579,0.625,-0.479,0.1305823384655851,1.104,4.786252163532195,0.6971666810946324,0.1679784108520023,1.2952884143832037,6.199576975739795,982,2004.02.19.06.02.39,99.6951219512195,True,-0.09893755946138438
0.001785546875000001,0.0012042024776497242,0.005,-0.002,0.0021536669310736048,0.007,2.321621754905015,1.652721608239192,0.6566800342605609,1.2059027435582734,2.799650043744531,983,2004.02.19.06.12.39,99.79674796747967,True,-0.03693773447379567
-0.0016952148437500002,0.0012798683681455932,0.002,-0.005,0.002124103671257597,0.007,0.9415736280027613,1.170493858159487,-0.6591190009716752,1.250550312980957,1.1774851951934684,984,2004.02.19.06.22.39,99.89837398373984,True,-0.028888360256088874
