reading,bearing1_score,bearing1_anomaly,bearing2_score,bearing2_anomaly,bearing3_score,bearing3_anomaly,bearing4_score,bearing4_anomaly,machine_score,machine_anomaly
1,-0.07252089463562283,True,-0.0842896035401125,True,-0.08396634136788428,True,0.0010688572521238004,False,-0.0842896035401125,True
2,0.10397811924505451,False,0.1266150593419516,False,0.1441599444764985,False,0.248735052561239,False,0.10397811924505451,False
3,0.05527212908895329,False,0.17687074734994063,False,0.11428784565868966,False,0.02499422879233404,False,0.02499422879233404,False
4,-0.1739645904014071,True,0.10677503259100007,False,0.027307680971785486,False,-0.14752106239777496,True,-0.1739645904014071,True
5,0.15025252370050196,False,0.2507442329482134,False,0.19788521549038834,False,0.21041199375032255,False,0.15025252370050196,False
6,0.19585656547602515,False,0.04966948917315661,False,0.0941507285837675,False,0.2929811768708059,False,0.04966948917315661,False
7,0.1847319356797965,False,0.15479379926993336,False,0.16548078302821184,False,0.2606596898737653,False,0.15479379926993336,False
8,0.14869979632189717,False,0.15270479662817538,False,0.23784445653510672,False,0.1956567182648793,False,0.14869979632189717,False
9,0.20733730980874449,False,0.021780634618170924,False,0.10876000537175856,False,0.18293921681935055,False,0.021780634618170924,False
10,0.1699886326358679,False,0.23262444336351595,False,0.1591082550778392,False,0.21803022328569216,False,0.1591082550778392,False
11,0.19712657159529717,False,0.19362663734396324,False,0.2082772741262393,False,0.21382377851339274,False,0.19362663734396324,False
12,0.12360585710375444,False,0.06581082169723418,False,0.2190687719156998,False,0.26361333264374354,False,0.06581082169723418,False
13,0.22744553534750395,False,0.1223545026895132,False,0.23005483625636053,False,0.24692764754654062,False,0.1223545026895132,False
14,0.09220172029129137,False,0.2096503680405301,False,0.2206923890590991,False,0.2666444262710034,False,0.09220172029129137,False
15,0.17754042881760196,False,0.23485653971644266,False,0.26131279386382933,False,0.2732602494966295,False,0.17754042881760196,False
16,0.15437199239098454,False,0.21111747491296684,False,0.26190950130787066,False,0.20220072718482013,False,0.15437199239098454,False
17,0.18881475794547747,False,0.2607837060857115,False,0.14922326687070986,False,0.22092728292713565,False,0.14922326687070986,False
18,0.19944612009615753,False,0.16510453263198094,False,0.1871271418878213,False,0.1697134414498992,False,0.16510453263198094,False
19,0.19733204132334559,False,0.22492833987887,False,0.23233378454107295,False,0.28580708521389825,False,0.19733204132334559,False
20,0.09994914654756848,False,0.23321300360143232,False,0.1499000104123,False,0.2741214608686122,False,0.09994914654756848,False
21,0.1794974792540599,False,0.2561005309072655,False,0.21725792328160964,False,0.28079666913353213,False,0.1794974792540599,False
22,0.16858065078616163,False,0.18285900817202333,False,0.22328102382683884,False,0.2767110903248279,False,0.16858065078616163,False
23,0.10834720269618858,False,0.1879166346448758,False,0.1052567500974586,False,0.2086448817235247,False,0.1052567500974586,False
24,0.14285075841353667,False,0.21921482070031462,False,0.24411885685052592,False,0.22307155675281237,False,0.14285075841353667,False
25,0.15572227730870258,False,0.004411756439801406,False,0.16380070295660737,False,0.22443438332464666,False,0.004411756439801406,False
26,0.17436646055007787,False,0.15420626995087072,False,0.17950909136379561,False,0.2761591925294486,False,0.15420626995087072,False
27,0.2011733162729229,False,0.22223516533635923,False,0.1406138429537036,False,0.2997311723374112,False,0.1406138429537036,False
28,0.20507908946782816,False,0.249858830731627,False,0.11680738799968438,False,0.2677036334832902,False,0.11680738799968438,False
29,0.18431522671590522,False,0.20199791632763775,False,0.14563768104170405,False,0.2789229810197954,False,0.14563768104170405,False
30,0.12290806426584522,False,0.20300906654937778,False,0.21917940972023142,False,0.21380212727834214,False,0.12290806426584522,False
31,0.22414606889256583,False,0.23308028143422804,False,0.23187004530482214,False,0.22737639498203155,False,0.22414606889256583,False
32,0.13159050406650796,False,0.23112069703969318,False,0.2540991987638339,False,0.24849073133841837,False,0.13159050406650796,False
33,0.1957278548780551,False,0.23538921919922423,False,0.22997025727566905,False,0.1866495435781801,False,0.1866495435781801,False
34,0.21033568899510535,False,0.2423325776336246,False,0.17913783546657513,False,0.2507094305268314,False,0.17913783546657513,False
35,0.13148273388418003,False,0.09287577621818666,False,0.1898581512353985,False,0.2794555916300811,False,0.09287577621818666,False
36,0.2124450618279775,False,0.16709899079032697,False,0.2230604735765801,False,0.2671359383857677,False,0.16709899079032697,False
37,0.22613189095104186,False,0.25381956629777996,False,0.21791999104478632,False,0.19349293341361073,False,0.19349293341361073,False
38,0.09316879354880436,False,0.21478201188201806,False,0.21265124043515837,False,0.2454136177898969,False,0.09316879354880436,False
39,0.1910313068203519,False,0.17109460318361686,False,0.19506662147030396,False,0.17490231523855038,False,0.17109460318361686,False
40,0.08428667934811829,False,0.21584480820874913,False,0.1508918642149985,False,0.24488993459591002,False,0.08428667934811829,False
41,0.14558056142165188,False,0.16321582726796152,False,0.14999140782153125,False,0.2538514762543574,False,0.14558056142165188,False
42,0.21748916756343656,False,0.19739003887579765,False,0.24182183926503925,False,0.28524819973782106,False,0.19739003887579765,False
43,0.16831704703754596,False,0.25199041700074076,False,0.2369439728205361,False,0.2724698325704011,False,0.16831704703754596,False
44,0.2080148920008532,False,0.25025862956612804,False,0.18319971442075178,False,0.27994007432799306,False,0.18319971442075178,False
45,0.13567476279731755,False,0.09946321125680124,False,0.0781823178524339,False,0.27259923567958855,False,0.0781823178524339,False
46,0.20420970524436693,False,0.23988862049419485,False,0.2234555419606526,False,0.2818842988524103,False,0.20420970524436693,False
47,0.11634578514907423,False,0.16629375942679026,False,0.20553488930632613,False,0.17686822981895728,False,0.11634578514907423,False
48,0.23952994866444216,False,0.2505587025022725,False,0.1707737965674132,False,0.23339559647262292,False,0.1707737965674132,False
49,0.17006914062750506,False,0.23650912393689116,False,0.234611743686374,False,0.2598145843494883,False,0.17006914062750506,False
50,0.21193837462295123,False,0.16156363615452063,False,0.254295090161186,False,0.2694502889615684,False,0.16156363615452063,False
51,0.17395842678513207,False,0.22864707030557396,False,0.22483559793642244,False,0.26657547040887036,False,0.17395842678513207,False
52,0.2003287369536727,False,0.1757043365773212,False,0.17941749585709588,False,0.26661491794478676,False,0.1757043365773212,False
53,0.0038168891913485936,False,0.25098062575589775,False,0.2027011214840928,False,0.2984214458760152,False,0.0038168891913485936,False
54,0.20549586842353057,False,0.038478547211731495,False,0.2050450447676776,False,0.17517732949972953,False,0.038478547211731495,False
55,0.23136012129104488,False,0.16466789257145958,False,0.21765102117337082,False,0.2571131428522585,False,0.16466789257145958,False
56,0.15011114488830213,False,0.1326061126513708,False,0.13008608708128455,False,0.2071296279399007,False,0.13008608708128455,False
57,0.19947435897885774,False,0.25448806093091014,False,0.20771845528755195,False,0.30186890468462385,False,0.19947435897885774,False
58,0.2153841991964634,False,0.16861049389230054,False,0.21366382460330147,False,0.21943294358985094,False,0.16861049389230054,False
59,0.162564963555555,False,0.19676579132090938,False,0.2579126710654072,False,0.18243921867335083,False,0.162564963555555,False
60,0.21802817651945067,False,0.16020398370357575,False,0.2096682772696653,False,0.24270857697624693,False,0.16020398370357575,False
61,0.20851569744174014,False,0.20387674065875527,False,0.03869167314909072,False,0.2567917482357531,False,0.03869167314909072,False
62,0.1853060606976749,False,0.20088663939339563,False,0.2217153631388542,False,0.25995927510891087,False,0.1853060606976749,False
63,0.18291732742566907,False,0.2642887417555621,False,0.13346968410593035,False,0.23436805279559592,False,0.13346968410593035,False
64,0.240500254412697,False,0.2058268627587222,False,0.24122082946852658,False,0.2113669159979143,False,0.2058268627587222,False
65,0.2298043027263006,False,0.21524168557283968,False,0.1006498904910812,False,0.25255664681023565,False,0.1006498904910812,False
66,0.22756667083841436,False,0.2581722865638902,False,0.20513969131667076,False,0.24604877974735562,False,0.20513969131667076,False
67,0.17401070827169224,False,0.20827160361763786,False,0.22263928917788095,False,0.22031939058565692,False,0.17401070827169224,False
68,0.16898719410752544,False,0.2258569249752046,False,0.20705650037900242,False,0.050025012234124255,False,0.050025012234124255,False
69,0.2410607899924498,False,0.22151250232822067,False,0.2427310613352075,False,0.2246259123987222,False,0.22151250232822067,False
70,0.19504855101869234,False,0.22233690681214158,False,0.09642460636254502,False,0.2026653440702494,False,0.09642460636254502,False
71,0.0575308952712319,False,0.19360977175189442,False,0.22804492041939634,False,0.269917800782325,False,0.0575308952712319,False
72,0.22662660992036654,False,0.19248890788738093,False,0.20721365780320933,False,0.2488513644387278,False,0.19248890788738093,False
73,0.2141660852541465,False,0.10033477071836572,False,0.17747717051135053,False,0.1488173517771907,False,0.10033477071836572,False
74,0.1463645385948787,False,0.1061444213976086,False,0.21313462022178997,False,0.2778030999904108,False,0.1061444213976086,False
75,0.1463660427103144,False,0.11984002997988241,False,0.15821481674234883,False,0.24506566415601455,False,0.11984002997988241,False
76,0.22480789059805145,False,0.17592806673586336,False,0.24554585829742787,False,0.24418351700410773,False,0.17592806673586336,False
77,0.1711196444771737,False,0.15203674313413928,False,0.17466270923775817,False,0.26221223041721287,False,0.15203674313413928,False
78,0.21045467911392246,False,0.23447114512792722,False,0.24824335839942852,False,0.2646214675857862,False,0.21045467911392246,False
79,0.15569565907554722,False,0.24907481656973368,False,0.21657007618538027,False,0.2530067753841523,False,0.15569565907554722,False
80,0.19425948985204916,False,0.19774898188592366,False,0.20390112576659036,False,-0.02030828779035243,True,-0.02030828779035243,True
81,0.2022467204485328,False,0.24489425102676277,False,0.14094977304087508,False,0.22882010781578965,False,0.14094977304087508,False
82,0.137045121733245,False,0.25317581454687976,False,0.21309862384878264,False,0.23799786138530193,False,0.137045121733245,False
83,0.14345228039610797,False,0.2459500270097606,False,0.23844837203201485,False,0.24994259509217287,False,0.14345228039610797,False
84,0.19862415360294716,False,0.11679217115122742,False,0.1933656000671884,False,0.28089985149296387,False,0.11679217115122742,False
85,0.21381561041408897,False,0.2170149498654516,False,0.22467318340929027,False,0.21327906072673025,False,0.21327906072673025,False
86,0.1671631837487379,False,0.2451922375905441,False,0.23757781912415332,False,0.171764571866581,False,0.1671631837487379,False
87,0.13603668290299714,False,-0.08382337235622561,True,0.16059837180212516,False,0.2408788224591455,False,-0.08382337235622561,True
88,0.16099607000518418,False,0.21343659085640349,False,0.25371662116011207,False,0.26606534633516293,False,0.16099607000518418,False
89,0.1400474901996867,False,0.15929575062231355,False,0.1437599756795785,False,0.2387512374787667,False,0.1400474901996867,False
90,0.22534190891397587,False,0.25113479237132463,False,0.2301257222200247,False,0.2661591657929437,False,0.22534190891397587,False
91,0.1686241418262756,False,0.23141555929071705,False,0.2325787845657174,False,0.21860086984775146,False,0.1686241418262756,False
92,0.19744035553719375,False,0.056162848708901536,False,5.763595260876997e-05,False,0.2720392978020499,False,5.763595260876997e-05,False
93,0.21832799139113895,False,0.23928907303525332,False,0.1567427502870996,False,0.13472240421333637,False,0.13472240421333637,False
94,0.12635663658137852,False,0.2611268047726056,False,0.22623543777798283,False,0.2719440592822227,False,0.12635663658137852,False
95,0.21903033379954195,False,0.1590252424718161,False,0.19636739384594537,False,0.2787639991901597,False,0.1590252424718161,False
96,0.19410952652726998,False,0.24817662057457285,False,0.21980237150290471,False,0.22507739290070788,False,0.19410952652726998,False
97,0.2104090533533633,False,0.22571481212540784,False,0.2344163945058862,False,0.2663456645173095,False,0.2104090533533633,False
98,0.17529039759751608,False,0.2075841306085871,False,0.24917061128341284,False,0.12988364001008246,False,0.12988364001008246,False
99,0.2412378641555472,False,0.2554877936517452,False,0.1699354809979664,False,0.1874114212040433,False,0.1699354809979664,False
100,0.20706349256270412,False,0.1921036916829632,False,0.13571382026398243,False,0.2678034917507659,False,0.13571382026398243,False
101,0.20429566291093765,False,0.21822352920587768,False,0.24456556028848575,False,0.27034142796094346,False,0.20429566291093765,False
102,0.17305825163396393,False,0.11939705468667505,False,0.24142889436669346,False,0.26249484152561253,False,0.11939705468667505,False
103,0.12038872157565639,False,0.21867269177352422,False,0.1784073298922872,False,0.24274392947795287,False,0.12038872157565639,False
104,0.1833016364825939,False,0.1720072118367476,False,0.23221147586840662,False,0.2942395635580016,False,0.1720072118367476,False
105,0.2030930256325887,False,0.2434480240426911,False,0.24341501867284232,False,0.26287706843462094,False,0.2030930256325887,False
106,0.22097031888035906,False,0.19707580081412762,False,0.22740855333742327,False,0.2695448001315885,False,0.19707580081412762,False
107,0.21278173263569417,False,0.2366822896061715,False,0.18770725378709446,False,0.24892248054358812,False,0.18770725378709446,False
108,0.21326562848934955,False,0.20095026223173884,False,0.23618522131431346,False,0.2678278945205474,False,0.20095026223173884,False
109,0.19671630238258064,False,0.2069834711478128,False,0.18205129126013803,False,0.26519283856531906,False,0.18205129126013803,False
110,0.22657691843511096,False,0.18471364411001517,False,0.25001647716724634,False,0.16170281348736992,False,0.16170281348736992,False
111,0.20034402730734807,False,0.23798220855409546,False,0.1699177958344405,False,0.27078614938308465,False,0.1699177958344405,False
112,0.20452914318989518,False,0.13798934499476329,False,0.19650152723142705,False,0.21847949220209267,False,0.13798934499476329,False
113,0.20707717270868736,False,0.20769147439589097,False,0.17287474091818206,False,0.23434886794882248,False,0.17287474091818206,False
114,0.217695603407971,False,0.17326695023162692,False,0.20041672111684017,False,0.2765371543482524,False,0.17326695023162692,False
115,0.22349702868687443,False,0.2420768963151133,False,0.20625829486287062,False,0.25406301489975686,False,0.20625829486287062,False
116,0.1893212722459558,False,0.16406244781318247,False,0.2375503305421255,False,0.2723933865856392,False,0.16406244781318247,False
117,0.09275985287352562,False,0.19792877982187024,False,0.16834214085325017,False,0.27315465142654305,False,0.09275985287352562,False
118,0.23230863550928216,False,0.247604189695741,False,0.2586178303326884,False,0.259954172305217,False,0.23230863550928216,False
119,0.24320001895165294,False,0.2174140592891834,False,0.2298351444361597,False,0.24781727939347115,False,0.2174140592891834,False
120,0.1638716558508373,False,0.20764596798815893,False,0.19827028113176182,False,0.2698768868728994,False,0.1638716558508373,False
121,0.1985436860873332,False,0.1193065096568483,False,0.2024183896602591,False,0.288431792860285,False,0.1193065096568483,False
122,0.2007732629261193,False,0.2522276411006648,False,0.24961488095977163,False,0.18186512504228136,False,0.18186512504228136,False
123,0.191635905825271,False,0.2144585847975718,False,0.22871079917183784,False,0.2880433257139775,False,0.191635905825271,False
124,0.18713697743449254,False,0.21014507743115368,False,0.24868087445069403,False,0.2819020028620763,False,0.18713697743449254,False
125,0.21290592935912817,False,0.21045527042194723,False,0.1265368735355945,False,0.22340083277361888,False,0.1265368735355945,False
126,0.18938265581605762,False,0.1565073950603092,False,0.19141304209016702,False,0.2397340396615627,False,0.1565073950603092,False
127,0.20757856936213093,False,0.2619234883605899,False,0.1635154352710117,False,0.18366738824685847,False,0.1635154352710117,False
128,0.22144578996353848,False,0.26259415126936353,False,0.17623627078003917,False,0.22998661019058492,False,0.17623627078003917,False
129,0.15592264737163064,False,0.23469159293979996,False,-0.0010950830995658523,True,0.2621372700211578,False,-0.0010950830995658523,True
130,0.14428074502187266,False,0.155715494282667,False,0.11237921296560494,False,0.2812720625358763,False,0.11237921296560494,False
131,0.114603108269141,False,0.1650917174966996,False,0.2270296481671505,False,0.24956911756714523,False,0.114603108269141,False
132,0.12743613108562074,False,0.2359881778575172,False,0.21136855253464049,False,0.2940324299472624,False,0.12743613108562074,False
133,0.17661619693948916,False,0.17858711918035974,False,0.21517895321128688,False,0.269295683216641,False,0.17661619693948916,False
134,0.23268110994093982,False,0.19943813154248546,False,0.23557243448097176,False,0.27953562494774553,False,0.19943813154248546,False
135,0.1677737375736557,False,0.13462075222943115,False,0.1920284063489614,False,0.26858770546944066,False,0.13462075222943115,False
136,0.19736268346636837,False,0.21401593588391354,False,0.18655965841481353,False,0.22711412822295113,False,0.18655965841481353,False
137,0.2341055545769617,False,0.2158384485715451,False,0.2336439338504555,False,0.2925097450424871,False,0.2158384485715451,False
138,0.21693401308057925,False,0.1205157177782884,False,0.19171425565891465,False,0.2740397455282832,False,0.1205157177782884,False
139,0.2115956824921129,False,0.2035310856735928,False,0.2050501789394873,False,0.2662840357660412,False,0.2035310856735928,False
140,0.12666910779346013,False,0.2083159461251971,False,0.20027057231912054,False,0.13792629950313573,False,0.12666910779346013,False
141,0.20155790473021595,False,0.20795200540974745,False,0.2145001974373269,False,0.2928040427067915,False,0.20155790473021595,False
142,0.21644013743815088,False,0.26056858552025597,False,0.24790875546098728,False,0.2731216335099071,False,0.21644013743815088,False
143,0.03489581903385641,False,0.18170390879518356,False,0.21069841975988907,False,0.21175497024043533,False,0.03489581903385641,False
144,0.17750364569945376,False,0.14125010428006124,False,0.14360830758108667,False,0.23857935904634903,False,0.14125010428006124,False
145,0.1530424079025327,False,0.2302920003407659,False,0.16833808897041724,False,0.19344314147442443,False,0.1530424079025327,False
146,0.19372872805274938,False,0.18782631548135342,False,0.07826942562167827,False,0.2626077252139981,False,0.07826942562167827,False
147,0.18749960487066653,False,0.20746860287248098,False,0.22945029062802952,False,0.2515420445180604,False,0.18749960487066653,False
148,0.1022896892585815,False,0.22256790220849054,False,0.2421036797134169,False,0.23121747798445463,False,0.1022896892585815,False
149,0.14336053644713043,False,0.08796153426608588,False,0.1868856414398838,False,0.19253547277126126,False,0.08796153426608588,False
150,0.227872239651009,False,0.2203594386519349,False,0.24838218051517552,False,0.1689895769680051,False,0.1689895769680051,False
151,0.14506367645081097,False,0.21954482598901176,False,0.21422549064073604,False,0.2573296361214754,False,0.14506367645081097,False
152,0.13019491414408046,False,0.2516220246867438,False,0.15920405341924426,False,0.2363767463323474,False,0.13019491414408046,False
153,0.18729830299519978,False,0.2442517853993708,False,0.23147738552876423,False,0.25937127441532043,False,0.18729830299519978,False
154,0.21786568080509233,False,0.2207608680098721,False,0.2178112688110871,False,0.2236097301643032,False,0.2178112688110871,False
155,0.14369701066371587,False,0.24053177402853892,False,0.21481174477912296,False,0.29296350665805204,False,0.14369701066371587,False
156,0.22932845938953877,False,0.22107838021218235,False,0.1295915924298009,False,0.27563717969597856,False,0.1295915924298009,False
157,0.12542072814182503,False,0.1056368262747468,False,0.2383470358280167,False,0.2764892588640042,False,0.1056368262747468,False
158,0.18425324497851076,False,0.23811914499868753,False,0.1671130807895388,False,0.30325779454336826,False,0.1671130807895388,False
159,0.17794285395709714,False,0.2165838297337383,False,0.21425499465080794,False,0.22580586448359496,False,0.17794285395709714,False
160,0.20139524796431507,False,0.21798174821548272,False,0.09704463405419017,False,0.26701607591096665,False,0.09704463405419017,False
161,0.19073640152809695,False,0.15953323517362966,False,0.23367811978641673,False,0.2716383471965791,False,0.15953323517362966,False
162,0.21717029147029254,False,0.16956856344961752,False,0.18325068336323025,False,0.18000282178823768,False,0.16956856344961752,False
163,0.21433446323437721,False,0.22748872045592855,False,0.16695544332303663,False,0.1867651054450648,False,0.16695544332303663,False
164,0.21121324593564456,False,0.18827246020905092,False,0.21987869268739585,False,0.2169593203486564,False,0.18827246020905092,False
165,0.14752821443242276,False,0.24666770900648927,False,0.19421956627157178,False,0.2235087798985978,False,0.14752821443242276,False
166,0.09035174055672601,False,0.22768471588928518,False,0.24004410276819083,False,0.17862944370203143,False,0.09035174055672601,False
167,0.16925832155007248,False,0.17323880200378927,False,0.20067729412102492,False,0.28967948533602417,False,0.16925832155007248,False
168,0.1933001484458211,False,0.23433110697397203,False,0.23380124179961748,False,0.2790673122374681,False,0.1933001484458211,False
169,0.21278628532953692,False,0.18107514152414406,False,0.03928508933922237,False,0.24658606624286966,False,0.03928508933922237,False
170,0.15373002693947946,False,0.23773554636301397,False,0.251355347515248,False,0.1618085462920364,False,0.15373002693947946,False
171,0.14856846569462617,False,0.1848675116794279,False,0.18355260410737412,False,0.22125412695406554,False,0.14856846569462617,False
172,0.18066937885236967,False,0.22393196855566277,False,0.2146295610881398,False,0.23030057140338933,False,0.18066937885236967,False
173,0.16021324646981744,False,0.25838256243293733,False,0.2292751725514499,False,0.18111026885317455,False,0.16021324646981744,False
174,0.11532314646595176,False,0.21561345552941613,False,0.20004100642694211,False,0.18666713151579323,False,0.11532314646595176,False
175,0.23603375070840737,False,0.25279676868640744,False,0.19357592936651757,False,0.2506123523460526,False,0.19357592936651757,False
176,0.15547713800800583,False,0.1827223846900119,False,0.18276661657604798,False,0.29073673673851747,False,0.15547713800800583,False
177,0.057446113411494304,False,0.20142916472035394,False,0.1305339653554447,False,0.2639774488418972,False,0.057446113411494304,False
178,0.18791840642760854,False,0.24471332090443532,False,0.0779683476567028,False,0.2893314240205108,False,0.0779683476567028,False
179,0.2144365821485757,False,0.25399803264062787,False,0.19825588859719284,False,0.28614008417053477,False,0.19825588859719284,False
180,0.2340175626235575,False,0.23779448217114318,False,0.0876983159029544,False,0.2725697955641376,False,0.0876983159029544,False
181,0.058868483954265804,False,0.17805454882470417,False,0.19697916542594607,False,0.21300932931102357,False,0.058868483954265804,False
182,0.20654100351926719,False,0.21128191584418066,False,0.131366304396975,False,0.21766512080883027,False,0.131366304396975,False
183,0.11237439098841062,False,0.22241431345591278,False,0.20287866302021745,False,0.2560013287403208,False,0.11237439098841062,False
184,0.12153777974423086,False,0.11816481573817472,False,0.23265742395805178,False,0.2121003712190252,False,0.11816481573817472,False
185,0.21609678534133991,False,0.14843525737180335,False,0.22411016561683889,False,0.2711889393260331,False,0.14843525737180335,False
186,0.2284002047460057,False,0.16172283864416914,False,0.22311437058750422,False,0.29721285595935754,False,0.16172283864416914,False
187,0.2226554407254091,False,0.2504870647639274,False,0.21971891304744584,False,0.24690810202488134,False,0.21971891304744584,False
188,0.1423134225382875,False,0.16521907010834447,False,0.23853397222368472,False,0.009149537255287887,False,0.009149537255287887,False
189,0.1947964372485227,False,0.23800854154908624,False,0.17596803721735882,False,0.2717225713768004,False,0.17596803721735882,False
190,0.2049583262279231,False,0.21016037604743643,False,0.22259437268157573,False,0.17268221971539244,False,0.17268221971539244,False
191,0.15958629358198512,False,0.2550403499158938,False,0.19508318598126173,False,0.11524300839285562,False,0.11524300839285562,False
192,0.12484892515007862,False,0.1769727954288221,False,0.21515448256243835,False,0.0972548878585775,False,0.0972548878585775,False
193,0.19541792220426835,False,0.19267592595759458,False,0.20015867081155925,False,0.27052057876970803,False,0.19267592595759458,False
194,0.2212729460291531,False,0.22640911995730434,False,0.1333344257060548,False,0.23838464318246444,False,0.1333344257060548,False
195,0.23275986378101687,False,0.19512718801141388,False,0.251871562574339,False,0.26890983615192476,False,0.19512718801141388,False
196,0.22061174910836473,False,0.22735577190089923,False,0.2088292948153858,False,0.19942393335512248,False,0.19942393335512248,False
197,0.21965417795711867,False,0.16162034570867645,False,0.23335546981730176,False,0.043457193743689504,False,0.043457193743689504,False
198,0.14741052478403555,False,0.15336504313367433,False,0.22022362288246222,False,0.21310242094867565,False,0.14741052478403555,False
199,0.16868066775446394,False,0.21423352332351064,False,0.15055757925302338,False,0.27061822081369247,False,0.15055757925302338,False
200,0.20905422056967543,False,0.18355330099350442,False,0.195697185444433,False,0.24731089264868716,False,0.18355330099350442,False
201,0.19859345943022533,False,0.2106232671245314,False,0.1551533262518125,False,0.27359386088195586,False,0.1551533262518125,False
202,0.19547990447890307,False,0.15647645967728163,False,0.17689611706255443,False,0.29314001933859235,False,0.15647645967728163,False
203,0.20460775513667961,False,0.23008521116560432,False,0.18258735551717376,False,0.2526535559885435,False,0.18258735551717376,False
204,0.17591691748894883,False,0.17699275162504968,False,0.21123937102937623,False,0.2282125483187727,False,0.17591691748894883,False
205,0.12657516776807787,False,0.13361185074204923,False,0.21421387622924992,False,0.24276858943677487,False,0.12657516776807787,False
206,0.09727729003116403,False,0.20051274994651452,False,0.18172042093918872,False,0.28128667093167176,False,0.09727729003116403,False
207,0.20107885986782797,False,0.22395276606523612,False,0.1405713935527687,False,0.29928505998274746,False,0.1405713935527687,False
208,0.22602239059897122,False,0.2498402637718099,False,0.09946728520195636,False,0.2356708093988999,False,0.09946728520195636,False
209,0.22995574454841955,False,0.16149976651413162,False,0.17185480192647756,False,0.26428735748163634,False,0.16149976651413162,False
210,0.12191043211633629,False,0.10587402400632617,False,0.1422703155668429,False,0.10792138632254289,False,0.10587402400632617,False
211,0.19088145569331877,False,0.12520737879442512,False,0.17545726301806863,False,0.24811004232869077,False,0.12520737879442512,False
212,0.19579682711016744,False,0.2279640105068127,False,0.2347095858354249,False,0.2557413163455651,False,0.19579682711016744,False
213,0.22737469167920815,False,0.21161908042216243,False,0.1396612747369898,False,0.2571036632603502,False,0.1396612747369898,False
214,0.21635385038272903,False,0.18443305403455768,False,0.10717936224569236,False,0.17372749751722372,False,0.10717936224569236,False
215,0.20628539628285747,False,0.1262382833631509,False,0.22431874156546167,False,0.22186568835629983,False,0.1262382833631509,False
216,0.22589777717787257,False,0.11552862223530758,False,0.22942784232777935,False,0.22960913664313204,False,0.11552862223530758,False
217,0.2335488406524472,False,0.21529699861514112,False,0.20211628770348689,False,0.23941291650147162,False,0.20211628770348689,False
218,0.05493908235858391,False,0.26487106736666893,False,0.16997510033109314,False,0.21860427508298402,False,0.05493908235858391,False
219,0.19727504082573943,False,0.21577387968601935,False,0.1796779879159034,False,0.2037667908339405,False,0.1796779879159034,False
220,0.20053476886337868,False,0.17761805556432847,False,0.2210705556993296,False,0.25772218362123395,False,0.17761805556432847,False
221,0.11616243314787505,False,0.242776753078651,False,0.08430942286853993,False,0.25314811257395037,False,0.08430942286853993,False
222,0.2134995887397439,False,0.21435175582474353,False,0.1916054531101219,False,0.22159611947325858,False,0.1916054531101219,False
223,0.12976110313180045,False,0.22075388751205666,False,0.13045311844723684,False,0.17733877318712787,False,0.12976110313180045,False
224,0.21266085462902795,False,0.16114287730040466,False,0.21207349036594303,False,0.16941422409526624,False,0.16114287730040466,False
225,0.2202882707163093,False,0.08682935641804113,False,0.2170414515760678,False,0.22134847190685097,False,0.08682935641804113,False
226,0.22622311564999398,False,0.19071623975495827,False,0.1981749569934531,False,0.24961602961819573,False,0.19071623975495827,False
227,0.21830038703180743,False,0.19372082133615892,False,0.1534276099128386,False,0.25101804759306634,False,0.1534276099128386,False
228,0.18772646566781853,False,0.23308263055237788,False,0.1539506322066707,False,0.25605735764842974,False,0.1539506322066707,False
229,0.1995720858812432,False,0.25345773375315545,False,0.22239629206116845,False,0.26082571595106196,False,0.1995720858812432,False
230,0.2288563907114462,False,0.20637135599527306,False,0.21507234811569076,False,0.2554990726304171,False,0.20637135599527306,False
231,0.20272196849801172,False,0.21902077290891336,False,0.11014443903406979,False,0.18558520258971173,False,0.11014443903406979,False
232,0.21287064728369126,False,0.23379551682373695,False,0.2144795814097173,False,0.2086675997414591,False,0.2086675997414591,False
233,0.17262891778565442,False,0.11632935040904946,False,0.13236074149660498,False,0.23513184011916066,False,0.11632935040904946,False
234,0.2278322637722554,False,0.11234346986341182,False,0.10751381892788137,False,0.08418752229572779,False,0.08418752229572779,False
235,0.18644502085773162,False,0.2142752265603846,False,0.11971397962300023,False,0.2042105772197454,False,0.11971397962300023,False
236,0.2060320861587962,False,0.1547158033607332,False,0.1422853197092715,False,0.2637234988551948,False,0.1422853197092715,False
237,0.13040495031007093,False,0.18859389380413782,False,0.14366467809319305,False,0.19875464808230192,False,0.13040495031007093,False
238,0.10641500764640344,False,0.18615034589612234,False,0.15830505632332292,False,0.24831400655490315,False,0.10641500764640344,False
239,0.06518782644756071,False,0.24167842764822067,False,0.1666947371462924,False,0.2350381023690497,False,0.06518782644756071,False
240,0.21397709653592512,False,0.18353884492898093,False,0.16253878994576587,False,0.2475118566187431,False,0.16253878994576587,False
241,0.1868974283200709,False,0.20313710623688908,False,0.17954631565169593,False,0.1897484880466928,False,0.17954631565169593,False
242,0.21718755693428754,False,0.09258486241955988,False,0.16998181663974365,False,0.2528385297675739,False,0.09258486241955988,False
243,0.11325381586884875,False,0.20100491792325853,False,0.13240737900229654,False,0.21808531881119086,False,0.11325381586884875,False
244,0.20540133422225682,False,0.1810685344546682,False,0.15940645423417332,False,0.22480929801006594,False,0.15940645423417332,False
245,0.226520958924177,False,0.1968244253562787,False,0.18955448532230562,False,0.2663475510666946,False,0.18955448532230562,False
246,0.17868488164808988,False,0.2289205782341272,False,0.17263652707228078,False,0.1099563037809087,False,0.1099563037809087,False
247,0.19198895797278642,False,0.21669868260892017,False,0.22758751861614268,False,0.24154750849298479,False,0.19198895797278642,False
248,0.22148636709517106,False,0.21522636126223954,False,0.14146629344985268,False,0.17157868959479278,False,0.14146629344985268,False
249,0.14717465244643307,False,0.2000052538734396,False,0.23797794943364103,False,0.2608512709695206,False,0.14717465244643307,False
250,0.17229201842511505,False,0.18093827172426152,False,0.2087372955413585,False,0.22520723958237854,False,0.17229201842511505,False
251,0.10883841956914397,False,0.19986282635556113,False,0.09305551099952669,False,0.24440080330791109,False,0.09305551099952669,False
252,0.22432563285303941,False,0.12343277225270266,False,0.1156059782329234,False,0.28972379664210557,False,0.1156059782329234,False
253,0.2186074591578157,False,0.21224736004105044,False,0.1325909731386128,False,0.29202329778267494,False,0.1325909731386128,False
254,0.1800801716615672,False,0.20826651921706402,False,0.1331683261991488,False,0.190505912000193,False,0.1331683261991488,False
255,0.2360365456212335,False,0.08845906040697249,False,0.15855861242986402,False,0.24414868386973937,False,0.08845906040697249,False
256,0.22539907121032476,False,0.20165525308669086,False,0.17334828703227723,False,0.26434050394886177,False,0.17334828703227723,False
257,0.23284783451158564,False,0.24588881423953268,False,0.20500241690493448,False,0.27109828293359756,False,0.20500241690493448,False
258,0.21021991361651787,False,0.15945772958242466,False,0.20575984208186665,False,0.21355047679727568,False,0.15945772958242466,False
259,0.14926847206160815,False,0.19778291566606337,False,0.15191456787714125,False,0.26030085430905886,False,0.14926847206160815,False
260,0.19587534206395413,False,0.17627019411960976,False,0.2477405300517534,False,0.21318117803746245,False,0.17627019411960976,False
261,0.21443993830734537,False,0.22785988848796518,False,0.18331661800602733,False,0.19547484040335006,False,0.18331661800602733,False
262,0.20672317200708995,False,0.2334509504227094,False,0.18058548735379037,False,0.24887770479770133,False,0.18058548735379037,False
263,0.17457671613802872,False,0.1457468946791387,False,0.22542661195023267,False,0.283378311798392,False,0.1457468946791387,False
264,0.18282361462954794,False,0.1625667517344352,False,0.173237279643692,False,0.22754618878264427,False,0.1625667517344352,False
265,0.21562770339688642,False,0.19206855438972398,False,0.14049089455840208,False,0.23418122833185384,False,0.14049089455840208,False
266,0.13440410185172902,False,0.20789753193361432,False,0.24032198908224406,False,0.25173529603674644,False,0.13440410185172902,False
267,0.20276837523088387,False,0.23651247925432173,False,0.1364819827980347,False,0.2727152975563597,False,0.1364819827980347,False
268,0.23359484859801505,False,0.23508477897705943,False,0.16504072336788445,False,0.2604166943984149,False,0.16504072336788445,False
269,0.14326200871227152,False,0.236418988803964,False,0.24000317900444224,False,0.29352166036471067,False,0.14326200871227152,False
270,0.13773546010093474,False,0.2388578907127446,False,0.18182475450537466,False,0.2543186229923541,False,0.13773546010093474,False
271,0.18104363891551,False,0.1798654963906699,False,0.21255299004281009,False,0.2460094910122681,False,0.1798654963906699,False
272,0.18560100577868954,False,0.1832900712343561,False,0.23000930678091835,False,0.2220721527538972,False,0.1832900712343561,False
273,0.18796108482603296,False,0.22876958493024746,False,0.14962988405134892,False,0.23892386417249184,False,0.14962988405134892,False
274,0.19577193597974774,False,0.23551439181204464,False,0.2324756411898034,False,0.2554000417345469,False,0.19577193597974774,False
275,0.17106829089222203,False,0.19178781280959317,False,0.23914408590123482,False,0.29065647754393986,False,0.17106829089222203,False
276,0.1880161618585665,False,0.13553616087119863,False,0.1972186744195349,False,0.23848922536240275,False,0.13553616087119863,False
277,0.13329178183591917,False,0.17285936914310607,False,0.2276395103443109,False,0.23304544405553257,False,0.13329178183591917,False
278,0.19706660523763475,False,0.21779806297296783,False,0.11913916486840936,False,0.24412127697221658,False,0.11913916486840936,False
279,0.13533640835100902,False,0.19078481243432038,False,0.1651370423347917,False,0.2660442206490346,False,0.13533640835100902,False
280,0.21429303222040497,False,0.20000554790477637,False,0.10447585413545535,False,0.26692338926147413,False,0.10447585413545535,False
281,0.18632474171866564,False,0.19205454148912315,False,0.19743384502321842,False,0.2870489122467173,False,0.18632474171866564,False
282,0.20938583031214714,False,0.09710936519706337,False,0.21935805565791477,False,0.24711024087602385,False,0.09710936519706337,False
283,0.19261359416579193,False,0.03922312252023985,False,0.1982727339567107,False,0.2269792077903846,False,0.03922312252023985,False
284,0.16838001022283233,False,0.15296755322644012,False,0.1939454426094035,False,0.2506603122766491,False,0.15296755322644012,False
285,0.13861605573821634,False,0.23205111097311615,False,0.19337131030117366,False,0.30113294471092417,False,0.13861605573821634,False
286,0.16160824247422217,False,0.1315780047707364,False,0.08919578276998996,False,0.2651052175104863,False,0.08919578276998996,False
287,0.18134018782499273,False,0.21970646830735152,False,0.22177638206390882,False,0.276259119549645,False,0.18134018782499273,False
288,0.15806181154092624,False,0.17187482478469385,False,0.12141405739502487,False,0.28222629967082113,False,0.12141405739502487,False
289,0.18714074470013137,False,0.16629056512783608,False,0.18762439822043203,False,0.26629810807692395,False,0.16629056512783608,False
290,0.20080564699998626,False,0.18179518992644172,False,0.02694100929345311,False,0.2541352845938213,False,0.02694100929345311,False
291,0.20739796263381877,False,0.21869867841845453,False,0.1006841545579279,False,0.2163727926689739,False,0.1006841545579279,False
292,0.15922469206031042,False,0.1583177190805612,False,0.2286912584877328,False,0.2623485129668366,False,0.1583177190805612,False
293,0.20903564901222105,False,0.21019712377234778,False,0.20918707967365874,False,0.2501990372914693,False,0.20903564901222105,False
294,0.21369060370252363,False,0.22274240607016121,False,0.21198943420085586,False,0.20270199697160302,False,0.20270199697160302,False
295,0.19146858233120367,False,0.22879077587076618,False,0.23231066026121278,False,0.2355021258143491,False,0.19146858233120367,False
296,0.2200641825416414,False,0.12916927765789543,False,0.17735735075464737,False,0.26525920021839716,False,0.12916927765789543,False
297,0.22161619122643222,False,0.16459088394918536,False,0.16599977942872268,False,0.24320150291534381,False,0.16459088394918536,False
298,0.20246008308467528,False,0.2072264349717058,False,0.22918543714601414,False,0.24367720263967152,False,0.20246008308467528,False
299,0.20939401758690412,False,0.1493009639240011,False,0.22243635010518503,False,0.20929712690814278,False,0.1493009639240011,False
300,0.21939329016318437,False,0.16645594230044103,False,0.1590108609667914,False,0.28404443901344784,False,0.1590108609667914,False
301,0.1622696276107478,False,0.20240995265944528,False,0.15208672171375426,False,0.28117621299861334,False,0.15208672171375426,False
302,0.12723208106378509,False,0.23034167638248432,False,0.19567357648830352,False,0.269271623705581,False,0.12723208106378509,False
303,0.1823766214925936,False,0.12162739586547655,False,0.21164858286233318,False,0.27567048870852284,False,0.12162739586547655,False
304,0.19679761822312103,False,0.07833078887054956,False,0.20007198142918659,False,0.25819034716966294,False,0.07833078887054956,False
305,0.18791735568222367,False,0.18070365877338107,False,0.048185115846836934,False,0.28204253640397153,False,0.048185115846836934,False
306,0.20825608067814166,False,0.15359079166651995,False,0.11846737386068673,False,0.2507241042227385,False,0.11846737386068673,False
307,0.22622072636486706,False,0.13166568430597575,False,0.17566075423827976,False,0.24730600290433513,False,0.13166568430597575,False
308,0.22852668540529714,False,0.21104566991435608,False,0.17542745411535504,False,0.2596162669733239,False,0.17542745411535504,False
309,0.22332294555131266,False,0.07152839746504869,False,0.15280142948445924,False,0.15159904496269505,False,0.07152839746504869,False
310,0.19584862094258243,False,0.12187752373102134,False,0.1264167545795939,False,0.15985794505946493,False,0.12187752373102134,False
311,0.2005239005837507,False,0.2190713066267475,False,0.2245354626376812,False,0.2914069576949008,False,0.2005239005837507,False
312,0.180511199928363,False,0.24243631328744347,False,0.19532704434615095,False,0.2318383612186355,False,0.180511199928363,False
313,0.18565863089755713,False,0.008355493889145582,False,0.14738524401031705,False,0.20897241342831702,False,0.008355493889145582,False
314,0.21450306833132776,False,0.12064023441321847,False,0.13177653811988949,False,0.24551620880469127,False,0.12064023441321847,False
315,0.19141767203702642,False,0.06983586699188138,False,0.17748074444252815,False,0.2483165366768792,False,0.06983586699188138,False
316,0.18741305940802017,False,0.13163002556839887,False,0.13490413928633654,False,0.19183668686813093,False,0.13163002556839887,False
317,0.15555616452049792,False,0.20259741224293693,False,0.13010646100288958,False,0.2849177459363404,False,0.13010646100288958,False
318,0.2093924669591019,False,0.18654592913550283,False,0.1983318800280054,False,0.28186033100321967,False,0.18654592913550283,False
319,0.1972529504223669,False,0.04913052704218901,False,0.16405491133684524,False,0.20717560366128662,False,0.04913052704218901,False
320,0.18531570100877448,False,0.13995348563815208,False,0.15033498957135033,False,0.22800992889376887,False,0.13995348563815208,False
321,0.15260389472842117,False,0.14795601650171614,False,0.16438432137765047,False,0.2852012368237779,False,0.14795601650171614,False
322,0.21338584124586918,False,0.038537135229129604,False,0.1752632908171891,False,0.19240870708325236,False,0.038537135229129604,False
323,0.15554617257340114,False,0.1510498346266248,False,0.09447147856046623,False,0.2573147206454756,False,0.09447147856046623,False
324,0.17950710921204777,False,0.17723751116937891,False,0.13779654990857548,False,0.25277632518959425,False,0.13779654990857548,False
325,0.15041527708352292,False,0.23015925589496017,False,0.20085230640729834,False,0.11833585005975011,False,0.11833585005975011,False
326,0.194550304180175,False,0.1689854981787699,False,0.18353242503804418,False,0.18682399363647056,False,0.1689854981787699,False
327,0.10956256738754455,False,0.19936523309201193,False,0.1337411449619363,False,0.23900538060886517,False,0.10956256738754455,False
328,0.14146801451195562,False,0.17161190288224693,False,0.14032491479971543,False,0.1433170707155481,False,0.14032491479971543,False
329,0.15378053067924857,False,0.19810189566783204,False,0.17734119223555994,False,0.14994329157271957,False,0.14994329157271957,False
330,0.19088233606044214,False,0.22334320459520102,False,0.03820632963295745,False,0.2796642822803972,False,0.03820632963295745,False
331,0.23996320121560044,False,0.14050545729417513,False,0.19164982302368289,False,0.2627615884772215,False,0.14050545729417513,False
332,0.21701055102385608,False,0.2051860468626065,False,0.15223763939339474,False,0.29166596246486926,False,0.15223763939339474,False
333,0.17628270560960058,False,0.019705435386586756,False,0.13241967809745347,False,0.29136715781160816,False,0.019705435386586756,False
334,0.11630382044137588,False,0.14752750358025946,False,0.14029123249901454,False,0.12324386015834154,False,0.11630382044137588,False
335,0.21534078742829804,False,0.06234727765152803,False,0.11073934385260764,False,0.18965485746291538,False,0.06234727765152803,False
336,0.1801383516641502,False,0.1879802781920752,False,0.12845791602648904,False,0.2534584021330635,False,0.12845791602648904,False
337,0.18853212925119145,False,0.1595993243573215,False,0.12080148732956386,False,0.2775396823885177,False,0.12080148732956386,False
338,0.1994161224077286,False,0.2174448678663209,False,0.1594540604831371,False,0.2635877815728877,False,0.1594540604831371,False
339,0.19589467775363217,False,0.16097712668568986,False,0.1855658242621484,False,0.1741031762896172,False,0.16097712668568986,False
340,0.16194841307945756,False,0.16813770177725024,False,0.08045960141771269,False,0.29238659060144506,False,0.08045960141771269,False
341,0.21048229380415923,False,0.15168102184627874,False,0.13845870994166987,False,0.2435585967838126,False,0.13845870994166987,False
342,0.18886792713341416,False,0.16893506032005706,False,0.04661185037107296,False,0.21039413955720848,False,0.04661185037107296,False
343,0.22838589169756085,False,0.158713037052453,False,0.14970090851602608,False,0.26594968410124087,False,0.14970090851602608,False
344,0.21306612780609346,False,0.14430171731579405,False,0.12473779333950008,False,0.2485771636089784,False,0.12473779333950008,False
345,0.22922255559339982,False,0.07173646507698139,False,0.13751264350552578,False,0.2901271330807138,False,0.07173646507698139,False
346,0.16707536190839278,False,0.14216627793064013,False,0.17496686034716402,False,0.24264874971008948,False,0.14216627793064013,False
347,0.19242878970025862,False,0.12241453322831941,False,0.17551158721766558,False,0.23311936330102706,False,0.12241453322831941,False
348,0.13138532000400832,False,0.15758512077400033,False,0.18156071511999639,False,0.2502338155298726,False,0.13138532000400832,False
349,0.23599498295256427,False,0.02630170333352766,False,0.10126207761110362,False,0.24748773364539717,False,0.02630170333352766,False
350,0.17042592019818265,False,0.029148248715045844,False,0.032555278321398484,False,0.20617788444597612,False,0.029148248715045844,False
351,0.18802012595603562,False,0.13629318637458837,False,0.02166899748220208,False,0.17623632725388044,False,0.02166899748220208,False
352,0.17935912395713055,False,0.10915230186040303,False,0.1732732726917497,False,0.28012821616384753,False,0.10915230186040303,False
353,0.19753295772284307,False,0.15830329447658414,False,0.18352985074340344,False,0.26407634821406806,False,0.15830329447658414,False
354,0.033541748651388814,False,0.21392257401904924,False,0.17200531437958028,False,0.23420653123987595,False,0.033541748651388814,False
355,0.19823957740984405,False,0.1225728865814053,False,0.14623247409569862,False,0.23731446623928415,False,0.1225728865814053,False
356,0.12182863798929744,False,0.1870970136097067,False,0.10847445789662535,False,0.2520421734423139,False,0.10847445789662535,False
357,0.22083498945842173,False,0.23711486785699998,False,0.17693397965166818,False,0.2969079094175179,False,0.17693397965166818,False
358,0.19972869112130598,False,0.20955377232021977,False,0.17654808228317925,False,0.22032132812100463,False,0.17654808228317925,False
359,0.2030746490717943,False,0.18974240951713678,False,0.20090240281293859,False,0.22941495179182136,False,0.18974240951713678,False
360,0.2095820662038113,False,0.22145254917985674,False,0.13438424729940096,False,0.16935972314140063,False,0.13438424729940096,False
361,0.14164588621624802,False,0.1811539367884158,False,0.1102496312135941,False,0.20936392430264567,False,0.1102496312135941,False
362,0.17653295683004155,False,0.11722887032972851,False,0.06597377230829304,False,0.22564866138965023,False,0.06597377230829304,False
363,0.15077702926728292,False,0.12689235599835036,False,0.14105555584589186,False,0.2882250680638405,False,0.12689235599835036,False
364,0.21528292791501674,False,0.2055464563072772,False,0.13990286542645974,False,0.25335462396332425,False,0.13990286542645974,False
365,0.07602126843614954,False,0.16749564291683572,False,0.18945580862703099,False,0.2611320959767545,False,0.07602126843614954,False
366,0.21986248319611879,False,0.17887211441310735,False,0.1281881952176086,False,0.24499397165779452,False,0.1281881952176086,False
367,0.18051455994239995,False,0.14173522043052195,False,0.08376149126969756,False,0.25267285729589734,False,0.08376149126969756,False
368,0.1999550014284494,False,0.21818045960293297,False,0.22663868355242384,False,0.2625014618209643,False,0.1999550014284494,False
369,0.22088486139552255,False,0.08277035015104994,False,0.05217550135169402,False,0.17800191966975237,False,0.05217550135169402,False
370,0.20348535993416889,False,0.15034004321239836,False,0.154992847930426,False,0.2693606285782988,False,0.15034004321239836,False
371,0.2168592837677057,False,0.11700367728402994,False,0.18091974251965087,False,0.26849041357622544,False,0.11700367728402994,False
372,0.13468052957370502,False,0.15175582738872034,False,0.07636375962107744,False,0.22562869385683337,False,0.07636375962107744,False
373,0.14120687103719903,False,0.17261656950409054,False,0.13997158474820615,False,0.2800153813726663,False,0.13997158474820615,False
374,0.21623956727020888,False,0.16620254577264482,False,0.08978004822513697,False,0.2804317924129569,False,0.08978004822513697,False
375,0.21413047131886204,False,0.20182362590524022,False,0.11127522302749537,False,0.26179386738320637,False,0.11127522302749537,False
376,0.20426626576437346,False,0.16892172824816493,False,0.1030765673414501,False,0.25508618442787095,False,0.1030765673414501,False
377,0.22831302947791987,False,0.1794117412650133,False,0.10572842746166433,False,0.2203063126343619,False,0.10572842746166433,False
378,0.10304544580272901,False,0.14498772134542132,False,0.12273081907063166,False,0.23082192147247754,False,0.10304544580272901,False
379,0.21486055000091564,False,0.06603100229792713,False,0.07742414589223123,False,0.17073740339375215,False,0.06603100229792713,False
380,0.1759863523715366,False,0.1349328747981483,False,0.14097538046026886,False,0.22376072810612024,False,0.1349328747981483,False
381,0.09954517661701612,False,0.14357147843220147,False,0.11831338797413438,False,0.18905487948053645,False,0.09954517661701612,False
382,0.1380928819710489,False,0.17008117261525896,False,0.23889831545613194,False,0.2708790254204402,False,0.1380928819710489,False
383,0.1595409890674741,False,0.1060980490998995,False,0.06745182146786899,False,0.24739418791657458,False,0.06745182146786899,False
384,0.21918954131970264,False,0.15256518781978073,False,0.181292409556496,False,0.2162138211667023,False,0.15256518781978073,False
385,0.10355355180045211,False,0.04979344887762527,False,0.19447025270865825,False,0.2386870869810372,False,0.04979344887762527,False
386,0.2302231027389009,False,0.2283047956473187,False,0.1482695156209256,False,0.2790853445733783,False,0.1482695156209256,False
387,0.20286005334380824,False,0.06266512379506628,False,0.1734866175022629,False,0.2509359640780777,False,0.06266512379506628,False
388,0.21709747753409697,False,0.09459989195764906,False,0.12332957456706539,False,0.25321696103597285,False,0.09459989195764906,False
389,0.1552913731164436,False,0.20256106452480155,False,0.16965958094693678,False,0.24848921318620548,False,0.1552913731164436,False
390,0.21253692107951072,False,0.10853449526929115,False,0.22071921709048192,False,0.24907254771630716,False,0.10853449526929115,False
391,0.14775377161376935,False,0.16183537098909617,False,0.12646761523406214,False,0.24090184791802366,False,0.12646761523406214,False
392,0.23726592424537213,False,0.1304699334646156,False,0.1453383022706491,False,0.27011092721428176,False,0.1304699334646156,False
393,0.16581916713553352,False,0.12787011411571136,False,0.1936579974951339,False,0.21510916513360784,False,0.12787011411571136,False
394,0.1923415732572159,False,0.17023600400202077,False,0.1848511002901479,False,0.20892997009892844,False,0.17023600400202077,False
395,0.17771092493081653,False,0.2496012478729971,False,0.16141014893908162,False,0.24421935090073715,False,0.16141014893908162,False
396,0.154567691566668,False,0.21189227716437814,False,0.12763704200755288,False,0.24215547227076517,False,0.12763704200755288,False
397,0.13557655138926733,False,0.23670341853494276,False,0.17333627922496336,False,0.27060868123921344,False,0.13557655138926733,False
398,0.20070067856594415,False,0.1680824917873101,False,0.11679162097584062,False,0.29135726642459375,False,0.11679162097584062,False
399,-0.004179985696566968,True,0.04574083717243371,False,0.07159448233315846,False,0.2507211995346203,False,-0.004179985696566968,True
400,0.1724153712656366,False,0.18843272608864525,False,0.06451100764244044,False,0.2168975011637172,False,0.06451100764244044,False
401,0.1286152649054627,False,0.1684507078924471,False,0.13764387267080896,False,0.2920965294554277,False,0.1286152649054627,False
402,0.19350961626512875,False,0.11825061351917976,False,0.10524503296781695,False,0.25035090872770416,False,0.10524503296781695,False
403,0.20497111194731538,False,0.13300111224155098,False,0.1968363183653638,False,0.19458827756457903,False,0.13300111224155098,False
404,0.058756524379851016,False,0.08623238315155135,False,0.13407754292682295,False,0.262359708774478,False,0.058756524379851016,False
405,0.20234603163559595,False,0.10590240954298502,False,0.11304485553939814,False,0.25464022251917623,False,0.10590240954298502,False
406,0.13298450495309316,False,0.15494052879171144,False,0.1819320346044797,False,0.27403464689152934,False,0.13298450495309316,False
407,0.18045745167638377,False,0.12478159131795974,False,0.11361429006614787,False,0.1481932296719065,False,0.11361429006614787,False
408,0.16922860220805308,False,0.10031488198783256,False,0.006348685540208288,False,0.2647725726464075,False,0.006348685540208288,False
409,0.1170490286914565,False,0.12058658699656499,False,0.21411687910153615,False,0.17288211508839524,False,0.1170490286914565,False
410,0.20962362357171033,False,0.1147383256233735,False,0.08478244289691717,False,0.25004876847863894,False,0.08478244289691717,False
411,0.22000273216717525,False,0.10438661481442801,False,0.2031628608387851,False,0.28280472859362926,False,0.10438661481442801,False
412,0.05952578054384827,False,0.23228667676659975,False,0.16894799785833137,False,0.2801887497923465,False,0.05952578054384827,False
413,0.1736849839573527,False,0.10272229544643274,False,0.1328356286088725,False,0.2483011923853083,False,0.10272229544643274,False
414,0.22120863953058012,False,0.11275304624581117,False,0.12856606676406612,False,0.2884017139478913,False,0.11275304624581117,False
415,0.16504115432958766,False,0.0969016298817107,False,0.19814562853940954,False,0.2334631555333987,False,0.0969016298817107,False
416,0.18516665107217878,False,0.1643412317192472,False,0.19121361342039728,False,0.26979457850229716,False,0.1643412317192472,False
417,0.21612721836182686,False,0.11033244615348625,False,0.19539148879933615,False,0.24785605115452003,False,0.11033244615348625,False
418,0.23726858133907913,False,0.07507810280246019,False,0.14300326242004402,False,0.27259038931413954,False,0.07507810280246019,False
419,0.22779403427248618,False,0.08943389069198493,False,0.14135368127850856,False,0.29752949446266735,False,0.08943389069198493,False
420,0.21119375652216982,False,0.08986851531181972,False,0.15229137661062758,False,0.20849015410211796,False,0.08986851531181972,False
421,0.19557237908230785,False,0.13109719343540022,False,0.11379156912082966,False,0.26689072972622624,False,0.11379156912082966,False
422,0.20914590253046633,False,0.16128652421387185,False,0.19415467849390822,False,0.21191767507681475,False,0.16128652421387185,False
423,0.20434472252642372,False,0.1663586122266011,False,0.2067457443048366,False,0.26967871882463423,False,0.1663586122266011,False
424,0.19838552049802705,False,0.16064713030190586,False,0.17844776235437754,False,0.22243657250130439,False,0.16064713030190586,False
425,0.14199759486154323,False,0.2008480213933636,False,0.12791194535411954,False,0.24110797431229597,False,0.12791194535411954,False
426,0.16806341327885865,False,0.18991552780037946,False,0.21353487696934748,False,0.2654196876007965,False,0.16806341327885865,False
427,0.2378531710760174,False,0.16052984361069683,False,0.17262365357255505,False,0.1759087016613542,False,0.16052984361069683,False
428,0.07111350660544347,False,0.034734982033882256,False,0.16793035684617036,False,0.2267426378071663,False,0.034734982033882256,False
429,0.20655168537325885,False,0.08896033370342782,False,0.1737837697521175,False,0.17961856024624506,False,0.08896033370342782,False
430,0.18527958134739442,False,0.1380652662169517,False,0.10178759730111919,False,0.13110867711848773,False,0.10178759730111919,False
431,0.22125497307002706,False,0.1527813251934494,False,0.09766113773119856,False,0.2845715214248286,False,0.09766113773119856,False
432,0.1398042750150154,False,0.1571840415537154,False,0.11466856683869564,False,0.2431966285302229,False,0.11466856683869564,False
433,0.21337957592143325,False,0.22431881742128262,False,0.10181635121401333,False,0.1505888791162575,False,0.10181635121401333,False
434,0.1842542054539193,False,0.1391943738902272,False,0.11398514220478306,False,0.23675611684549452,False,0.11398514220478306,False
435,0.23559347115130808,False,0.18694104118677923,False,0.11316625810860348,False,0.11719790195684743,False,0.11316625810860348,False
436,0.19173037287284578,False,0.18383123171549726,False,0.14986422630545843,False,0.2497695418152463,False,0.14986422630545843,False
437,0.18512093934768548,False,0.10633689627025988,False,0.1125590037751164,False,0.12969959028929312,False,0.10633689627025988,False
438,0.22561388088302486,False,0.10403504197225388,False,0.1270999778415557,False,0.2548259886658388,False,0.10403504197225388,False
439,0.22537278777406455,False,0.2140089511156415,False,0.11371555246428189,False,0.2767989160688988,False,0.11371555246428189,False
440,0.10901487145397537,False,0.15231919802884575,False,0.06390282249868418,False,0.24388688732802905,False,0.06390282249868418,False
441,0.20009797926944412,False,0.18103256025819398,False,0.1411126779891701,False,0.26857784360137676,False,0.1411126779891701,False
442,0.19849124227586773,False,0.17356457511419238,False,0.05107617408034393,False,0.2435158467684852,False,0.05107617408034393,False
443,0.22295829111283155,False,0.062088661772881526,False,0.1485393191104028,False,0.25738950933042015,False,0.062088661772881526,False
444,0.21892914254388368,False,0.22056260001736522,False,0.14602298267426972,False,0.21772721631634145,False,0.14602298267426972,False
445,0.21698854059829098,False,0.1454103243123675,False,0.1651081885268747,False,0.21185496091089084,False,0.1454103243123675,False
446,0.1960988226023459,False,0.17978291972216315,False,0.18174846606591316,False,0.26704756561456394,False,0.17978291972216315,False
447,0.19244031992878086,False,0.14565284370211362,False,0.13175810118230452,False,0.2612775835350425,False,0.13175810118230452,False
448,0.07767071812886617,False,0.12466816877049314,False,0.08459185604705255,False,0.20457500613931284,False,0.07767071812886617,False
449,0.19051085332962975,False,0.19417394175173175,False,0.1171194314158106,False,0.29707451716032524,False,0.1171194314158106,False
450,0.1966680764803566,False,0.1766617096253451,False,0.15567734639562458,False,0.2635954728332446,False,0.15567734639562458,False
451,0.23381578220487909,False,0.14302957042607845,False,0.22006859768677428,False,0.2510840370856363,False,0.14302957042607845,False
452,0.17217255999109993,False,0.20753574876148934,False,0.13851621049170648,False,0.28417326763997386,False,0.13851621049170648,False
453,0.18623374595797187,False,0.19319941179112693,False,0.18384396323201507,False,0.1712967935596041,False,0.1712967935596041,False
454,0.20397871062054662,False,0.18121148163793505,False,0.19400486560210894,False,0.28924999759514314,False,0.18121148163793505,False
455,0.17229117763575535,False,0.1657645599535824,False,0.18707157346842263,False,0.24998156979133052,False,0.1657645599535824,False
456,0.22239363198368306,False,0.1201996840574252,False,0.13162274171816163,False,0.2870630110138614,False,0.1201996840574252,False
457,0.2432070617420261,False,0.1796357778773333,False,0.07678901676505134,False,0.2699883809354492,False,0.07678901676505134,False
458,0.19375770589430447,False,0.190561907132149,False,0.16582706500309757,False,0.06262001031444897,False,0.06262001031444897,False
459,0.03988915849122454,False,0.23473432031456531,False,0.2062300591056116,False,0.18654000272730625,False,0.03988915849122454,False
460,0.2153914080407438,False,0.08237301941578956,False,0.17577031769915624,False,0.2714169447388766,False,0.08237301941578956,False
461,0.19703959972678114,False,0.21353185095133265,False,0.16694064137196019,False,0.2930497888437723,False,0.16694064137196019,False
462,0.15471693406926124,False,0.26663247937302254,False,0.21455503545641197,False,0.2548359092133456,False,0.15471693406926124,False
463,0.22809331589363552,False,0.20887781667762462,False,0.18355250868357242,False,0.1983684063554858,False,0.18355250868357242,False
464,0.22099762298125514,False,0.11349445668145941,False,0.18447592750015002,False,0.28256140611654984,False,0.11349445668145941,False
465,0.20145999395275593,False,0.12607809090331457,False,0.08811564522918658,False,0.2296458352658698,False,0.08811564522918658,False
466,0.20527940293993652,False,0.07791316650340163,False,0.1470379959652512,False,0.28661090243364246,False,0.07791316650340163,False
467,0.1968393449262813,False,0.1731141879112485,False,0.2106232993201561,False,0.23218114099437204,False,0.1731141879112485,False
468,0.22180360843035107,False,0.10373619424464897,False,0.17769515353026294,False,0.2722137008983829,False,0.10373619424464897,False
469,0.18380960563022708,False,0.19560924854603906,False,0.08719481855091504,False,0.25085178599056807,False,0.08719481855091504,False
470,0.20747949912607178,False,0.10378454757824707,False,0.10102245866734305,False,0.199502798483763,False,0.10102245866734305,False
471,0.2354959650965654,False,0.11081636059686972,False,0.10899075726756846,False,0.2862085695824867,False,0.10899075726756846,False
472,0.2372835615863948,False,0.1690907449617604,False,0.08611916158658706,False,0.27798984826035855,False,0.08611916158658706,False
473,0.22177012523144718,False,0.18524308558553648,False,0.07271628060068025,False,0.23121398890552503,False,0.07271628060068025,False
474,0.13295642038615507,False,0.06511783656378134,False,0.18067043878080347,False,0.24757605257960708,False,0.06511783656378134,False
475,0.13678955762546552,False,0.07004878087749955,False,0.12611177372892757,False,0.26291912414396423,False,0.07004878087749955,False
476,0.2006089664753486,False,0.14221908226482277,False,0.16570887192259354,False,0.2578776266201744,False,0.14221908226482277,False
477,0.22554502752021582,False,0.17267132854898726,False,0.07879749213865017,False,0.1111095467790627,False,0.07879749213865017,False
478,0.12436013724797762,False,0.10135648554019028,False,0.07370513139828094,False,0.20678685151995274,False,0.07370513139828094,False
479,0.22266152980135673,False,0.14722962592963418,False,0.19558734527400234,False,0.21347202651225505,False,0.14722962592963418,False
480,0.19699581219252643,False,0.12818405776892894,False,0.174077757127383,False,0.2658060846434013,False,0.12818405776892894,False
481,0.16494455126505136,False,0.045903288650298246,False,0.1332250074704619,False,0.1814769959667467,False,0.045903288650298246,False
482,0.2050971755705278,False,0.10572801576432955,False,0.15817052852415941,False,0.18581273683516042,False,0.10572801576432955,False
483,0.20364473405713973,False,0.16541174481011361,False,0.07311119056129123,False,0.2914338783031027,False,0.07311119056129123,False
484,0.1846309814570789,False,0.09377564259426308,False,0.06186328579457345,False,0.25449863409058543,False,0.06186328579457345,False
485,0.07636836596894969,False,0.05025505630449045,False,0.04880134276928172,False,0.2662145197113722,False,0.04880134276928172,False
486,0.16547703046444712,False,0.15849508138178753,False,0.07418908084406195,False,0.2088455247272572,False,0.07418908084406195,False
487,0.07724836262977453,False,0.11695551456038733,False,0.08152953028784082,False,0.25652681187617854,False,0.07724836262977453,False
488,0.10835675173004722,False,0.08183743792282139,False,0.1678912171059525,False,0.2544393785318028,False,0.08183743792282139,False
489,0.22705007066359661,False,0.17257503281150005,False,0.0952343169695069,False,0.25611705182000166,False,0.0952343169695069,False
490,0.07875411073954153,False,0.10236857537783062,False,0.14666057884567357,False,0.2309011920831599,False,0.07875411073954153,False
491,0.18339467404933407,False,0.11155276111540757,False,0.10019141582704527,False,0.20165638771943373,False,0.10019141582704527,False
492,0.21341463549426654,False,0.09412024396445384,False,0.10777540695655508,False,0.28449840888502215,False,0.09412024396445384,False
493,0.2232754450787267,False,0.1309757026901054,False,0.13881508397719583,False,0.23900426272560255,False,0.1309757026901054,False
494,0.17774915774497457,False,0.12487065906953776,False,0.08918053414496507,False,0.25967575899747675,False,0.08918053414496507,False
495,0.18623818859655883,False,0.14086288930899132,False,0.09122509859606132,False,0.1583599638215476,False,0.09122509859606132,False
496,0.20078284747876418,False,0.06822416668054754,False,0.08108367999596677,False,0.2293013697615216,False,0.06822416668054754,False
497,0.19539288156620127,False,0.08428097424868997,False,0.18253717589623603,False,0.27149304409803104,False,0.08428097424868997,False
498,0.1658380102030798,False,0.1957032428248125,False,0.1913345523715529,False,0.25449391241606234,False,0.1658380102030798,False
499,0.22750678167920418,False,0.11169541272057515,False,0.07414645731848046,False,0.2423686850028458,False,0.07414645731848046,False
500,0.20893084446635268,False,0.06448868796307727,False,0.16280084142907963,False,0.13091172016464725,False,0.06448868796307727,False
501,0.1905682985157665,False,0.09027158389408274,False,0.05786709461491679,False,0.27587170705560593,False,0.05786709461491679,False
502,0.20671735725907375,False,0.07559757245839216,False,0.1248305720986046,False,0.18407242308207028,False,0.07559757245839216,False
503,0.06658236025481878,False,0.12787445241782014,False,0.17288483816794614,False,0.27883815494384,False,0.06658236025481878,False
504,0.20275580673088894,False,0.13070873647319264,False,0.1355340573933233,False,0.27489932164704106,False,0.13070873647319264,False
505,0.16507671932061213,False,0.15599865973931992,False,0.17487738277177917,False,0.2647434179061611,False,0.15599865973931992,False
506,0.163281237155671,False,0.04557818319104112,False,0.10707537514095422,False,0.2637523556415056,False,0.04557818319104112,False
507,0.1581980662516828,False,0.13895379091131238,False,0.11235487515967313,False,0.2862410650560616,False,0.11235487515967313,False
508,0.11514422581350897,False,0.15677255457088812,False,0.1928845771509196,False,0.25168097738045503,False,0.11514422581350897,False
509,0.09236059687709419,False,0.17108015962278006,False,0.17328598746014306,False,0.19790778530631575,False,0.09236059687709419,False
510,0.18948250885546325,False,0.04874215667913606,False,0.1654759949929343,False,0.21130518446688684,False,0.04874215667913606,False
511,0.22145573429385434,False,0.16061050110227665,False,0.19217564231387774,False,0.28052856791721925,False,0.16061050110227665,False
512,0.16841345274843905,False,0.07021892174377453,False,0.23916413196253378,False,0.2095716349182124,False,0.07021892174377453,False
513,0.04145425583920226,False,0.20425460710881455,False,0.22229215937899138,False,0.2533224995702663,False,0.04145425583920226,False
514,0.11780962333345246,False,0.15327954232298252,False,0.1922294980892259,False,0.28613755922263795,False,0.11780962333345246,False
515,0.1987402324768231,False,0.0764410662175683,False,0.07688334616699388,False,0.2093660164084325,False,0.0764410662175683,False
516,0.2079283297931282,False,0.1485331098639563,False,0.17205697476507875,False,0.2764462678712495,False,0.1485331098639563,False
517,0.20065321926990226,False,0.058150524873831544,False,0.13711471285728133,False,0.27646190633338896,False,0.058150524873831544,False
518,0.19119680410485063,False,0.1306062382865395,False,0.05854523398275735,False,0.26465739099889685,False,0.05854523398275735,False
519,0.20534991878415393,False,0.07664714132654338,False,0.1336765219741683,False,0.19588033262434118,False,0.07664714132654338,False
520,0.18214293315345415,False,0.10613584434698276,False,0.1787733455973245,False,0.2729724306054442,False,0.10613584434698276,False
521,0.1485036294978374,False,0.08952475603687637,False,0.21055109493000157,False,0.26173690614331224,False,0.08952475603687637,False
522,0.2316938649408995,False,0.05940287578102921,False,0.1685055424539033,False,0.15024120105227223,False,0.05940287578102921,False
523,0.18638619050783783,False,0.05182045178807848,False,0.1926707122953364,False,0.29777562186720286,False,0.05182045178807848,False
524,0.16227282157216105,False,0.173821182274143,False,0.20852450105966147,False,0.2271417895070153,False,0.16227282157216105,False
525,0.16187527981631417,False,0.0919110021292795,False,0.13549691611023512,False,0.2599664567527832,False,0.0919110021292795,False
526,0.04581329737552342,False,0.20277502891744442,False,0.17568709238621422,False,0.18356897722507637,False,0.04581329737552342,False
527,0.2162502228700232,False,0.1352607195488097,False,0.14071018836080368,False,0.23513574187390984,False,0.1352607195488097,False
528,0.1810785655224466,False,0.059866076248690114,False,0.1514825258491453,False,0.2559706154715325,False,0.059866076248690114,False
529,0.1954943364774296,False,0.10681659479764916,False,0.20604123325736634,False,0.28833829541374834,False,0.10681659479764916,False
530,0.23938632071239258,False,0.11851879225687156,False,0.07069631278892496,False,0.23234031481504658,False,0.07069631278892496,False
531,0.1160418603732482,False,0.1742821715232592,False,0.10282192328455075,False,0.25251156363542715,False,0.10282192328455075,False
532,0.23097525132125019,False,0.09984643888501166,False,0.1597185944543834,False,0.2536551450434903,False,0.09984643888501166,False
533,0.09985886222527085,False,0.14500287856063426,False,0.18358982003666524,False,0.2482827442555628,False,0.09985886222527085,False
534,0.10290823108869529,False,0.16229974243041967,False,0.15701381855629137,False,0.17257242862428385,False,0.10290823108869529,False
535,0.12498196229630265,False,0.13823353668591154,False,0.08853974376543228,False,0.29322234293485705,False,0.08853974376543228,False
536,0.04911367287106161,False,0.05742982687446074,False,0.08599979816299264,False,0.1188598758677204,False,0.04911367287106161,False
537,0.06691839867978078,False,0.10464621614552705,False,0.11558273333512181,False,0.22388593172811988,False,0.06691839867978078,False
538,0.10625075638567849,False,0.07573221293705157,False,-0.03367640137272965,True,0.2737603487148335,False,-0.03367640137272965,True
539,0.07425742223774878,False,0.2031659944210754,False,0.20554657406695565,False,0.15793521901744023,False,0.07425742223774878,False
540,-0.0008696708221171967,True,0.21085487695318395,False,0.17593357461878473,False,0.19877557236257792,False,-0.0008696708221171967,True
541,0.08710111804888887,False,0.1421736276525547,False,0.1870199387023473,False,0.28443337772970906,False,0.08710111804888887,False
542,0.1255873212260803,False,0.10271519516498517,False,0.11270204567561981,False,0.22370484329240242,False,0.10271519516498517,False
543,0.07613513479017542,False,0.17552402830965352,False,0.17107931760628653,False,0.28301322822304475,False,0.07613513479017542,False
544,0.0830049948363345,False,0.07153195374422394,False,0.20259173430188493,False,0.2018460162895429,False,0.07153195374422394,False
545,0.12917707298044934,False,0.12252843523184886,False,0.13350475490066516,False,0.2951885350845594,False,0.12252843523184886,False
546,0.08865643848602534,False,0.1772829010439415,False,0.06315082055302923,False,0.2229589265512953,False,0.06315082055302923,False
547,0.013485243922017998,False,0.09887828669937904,False,0.1904011334510381,False,0.22917290449992073,False,0.013485243922017998,False
548,0.08876508467527777,False,0.17409469113313086,False,0.20456651699912082,False,0.28104499964728097,False,0.08876508467527777,False
549,0.12932148103692692,False,0.18313006543564836,False,0.15891937231170306,False,0.2582695702348934,False,0.12932148103692692,False
550,0.0716278158625655,False,0.2568910247919518,False,0.15047306473564243,False,0.24664793533017126,False,0.0716278158625655,False
551,0.03176358690442527,False,0.21760934849782265,False,0.20888968167752642,False,0.1324296300366561,False,0.03176358690442527,False
552,0.11155197604074196,False,0.18586051786468838,False,0.12515739257400182,False,0.21648358600886586,False,0.11155197604074196,False
553,0.04107992485089729,False,0.0573606892893096,False,0.14120409590013705,False,0.1575573167683031,False,0.04107992485089729,False
554,0.10790489807831782,False,0.13745968177421425,False,0.12331707876914044,False,0.2934987594347529,False,0.10790489807831782,False
555,0.10946310814372284,False,0.06506462436077598,False,0.13719943928388573,False,0.24179301412657228,False,0.06506462436077598,False
556,0.1159059812396745,False,0.0805239065984692,False,0.19293968437525888,False,0.28012608267251904,False,0.0805239065984692,False
557,0.11137568713948398,False,0.10351702322727863,False,0.09095656660821771,False,0.1885206275220131,False,0.09095656660821771,False
558,-0.0008608432456382875,True,0.08925545251872358,False,0.16951467272754445,False,0.2338116368620219,False,-0.0008608432456382875,True
559,0.09537032935384648,False,0.12559993722943164,False,0.07756826113389836,False,0.2534411707640971,False,0.07756826113389836,False
560,0.08008356535056815,False,0.13577958242782934,False,0.08243634715134485,False,0.25630455644753614,False,0.08008356535056815,False
561,0.08214581504936636,False,0.10903168507544891,False,0.149778953391424,False,0.23453129503283854,False,0.08214581504936636,False
562,0.09851265001286424,False,0.1470244810902568,False,0.10079205367375355,False,0.2707899298982273,False,0.09851265001286424,False
563,0.0744757506910595,False,0.1489580476591278,False,0.14915809817850156,False,0.25132898049151575,False,0.0744757506910595,False
564,0.0973941246472696,False,0.10764271457193497,False,0.11794804958559602,False,0.18984764558851142,False,0.0973941246472696,False
565,0.06306089116669111,False,0.10481498323399085,False,0.09458459367517447,False,0.27121573329006143,False,0.06306089116669111,False
566,0.04905506237448931,False,0.09468005197289375,False,0.18801205559074297,False,0.19077462800077172,False,0.04905506237448931,False
567,-0.02964677470755872,True,0.1669333170613005,False,0.12282444333068565,False,0.2019825706766713,False,-0.02964677470755872,True
568,0.11673899164109047,False,0.04316319222020559,False,0.17593214337974866,False,0.25137091272473344,False,0.04316319222020559,False
569,0.037682968559759944,False,0.07707868777173377,False,0.045746415952649166,False,0.2483874658220307,False,0.037682968559759944,False
570,0.05208673397907437,False,0.13945516253377793,False,0.1814219398557398,False,0.26249475507603565,False,0.05208673397907437,False
571,0.08186780257155302,False,0.09724345329500006,False,0.22785623312330144,False,0.24214356494514666,False,0.08186780257155302,False
572,0.050449882974984206,False,0.07182864813739986,False,0.1933120693531516,False,0.2563313769374072,False,0.050449882974984206,False
573,0.09027907876528807,False,0.08599683111480372,False,0.13107125301685463,False,0.2777497116029799,False,0.08599683111480372,False
574,0.08385461330942923,False,0.09502054185696451,False,0.14401152331046885,False,0.25382614653547475,False,0.08385461330942923,False
575,0.0669937342666741,False,0.10344600681581018,False,0.21095304690789102,False,0.26028283430557075,False,0.0669937342666741,False
576,0.1146131417152203,False,0.20994522683986716,False,0.14922358175493872,False,0.2431945120496265,False,0.1146131417152203,False
577,0.020818142255351058,False,0.08162847279057062,False,0.10094017608996175,False,0.19761399910609717,False,0.020818142255351058,False
578,0.03824820576043597,False,0.12322052387220594,False,0.15796024464168035,False,0.16780014948904864,False,0.03824820576043597,False
579,0.036955864109667225,False,0.15503871271375297,False,0.0943256574877932,False,0.19987990994981353,False,0.036955864109667225,False
580,0.06688976630773791,False,0.08798721266533394,False,0.13831789510448822,False,0.15940764291625054,False,0.06688976630773791,False
581,0.03090833325621334,False,0.15265639465749892,False,0.17675629169188134,False,0.24215105884640875,False,0.03090833325621334,False
582,0.09832269727254417,False,0.15556420574369312,False,0.14420599358055963,False,0.2581094322234442,False,0.09832269727254417,False
583,0.032114905130214644,False,0.14828055228744597,False,0.16344251885002414,False,0.26137671972099036,False,0.032114905130214644,False
584,0.029107584463401892,False,0.15785645101407453,False,0.22739720626216942,False,0.1971832982981087,False,0.029107584463401892,False
585,0.04885674542198226,False,0.1168845801877001,False,0.14944113676953757,False,0.2892065072192943,False,0.04885674542198226,False
586,0.07110639977511402,False,0.1572470290245997,False,0.15381878938558985,False,0.2647236611210958,False,0.07110639977511402,False
587,0.06320269886366037,False,0.15695446629785104,False,0.14344494261978952,False,0.18351714966161098,False,0.06320269886366037,False
588,0.0331524803089146,False,0.1400503789824491,False,0.10661677621930576,False,0.1847118951349888,False,0.0331524803089146,False
589,-0.03795409099133995,True,0.13616250143552994,False,0.161218750799553,False,0.2896588103222057,False,-0.03795409099133995,True
590,0.028429690679005692,False,0.10475156397055752,False,0.17046912593404084,False,0.2023913704662494,False,0.028429690679005692,False
591,0.030814284611367815,False,0.124201681186202,False,0.09611987998036542,False,0.18356948447512222,False,0.030814284611367815,False
592,0.011445076701957824,False,0.10573715067566514,False,0.05151659882861559,False,0.26375133363953773,False,0.011445076701957824,False
593,0.04884071058089545,False,0.1860041095910307,False,0.14082678436315993,False,0.20387154116660494,False,0.04884071058089545,False
594,0.03371694376444889,False,0.19380746958245865,False,0.1582627306328777,False,0.2272074355849092,False,0.03371694376444889,False
595,0.024093752745289132,False,0.21769911344948273,False,0.18974521617675122,False,0.21723762538569397,False,0.024093752745289132,False
596,0.07091378583538543,False,0.10650970589831532,False,0.14170182577723395,False,0.19860727459190597,False,0.07091378583538543,False
597,0.02717340373739119,False,0.1933385745336494,False,0.10796313634223453,False,0.22189487821515175,False,0.02717340373739119,False
598,0.0339615333814004,False,0.26035388491763883,False,0.2433114983237804,False,0.23387375910731667,False,0.0339615333814004,False
599,0.08200830480288568,False,0.2473049547806629,False,0.2074627498765731,False,0.23543523210744544,False,0.08200830480288568,False
600,0.056496523178689584,False,0.21889564514503185,False,0.12420453946924126,False,0.2219646180458255,False,0.056496523178689584,False
601,0.022559773939539007,False,0.17489258372769245,False,0.10207866402691756,False,0.2556212087669696,False,0.022559773939539007,False
602,0.005236788437186224,False,0.05348767818968014,False,0.04909590684803711,False,0.20379026747076412,False,0.005236788437186224,False
603,0.08885332782323707,False,0.1872114371986245,False,0.051485898234342464,False,0.29317499576931955,False,0.051485898234342464,False
604,-0.04528921363368954,True,0.1503533513025943,False,0.09247533265239694,False,0.25903000061704073,False,-0.04528921363368954,True
605,-0.006780739128587787,True,0.14041091978095943,False,0.15540237768665655,False,0.23020443093633558,False,-0.006780739128587787,True
606,0.029370314546338094,False,0.14587551728679493,False,0.1747946841946612,False,0.2746696863323604,False,0.029370314546338094,False
607,0.04903288888771418,False,0.18246176762228983,False,0.05656016507211292,False,0.23718731837822643,False,0.04903288888771418,False
608,-0.03698997185131003,True,0.11953881259322063,False,0.17809965492393887,False,0.21814455095689195,False,-0.03698997185131003,True
609,0.014180765159636954,False,0.16341395478323184,False,0.21976534152219862,False,0.2479550472640228,False,0.014180765159636954,False
610,0.03816220072411114,False,0.20261098180080445,False,0.130926385990223,False,0.25215589332433996,False,0.03816220072411114,False
611,0.028179790352811263,False,0.18786618849337144,False,0.15191097337992165,False,0.17667762169348777,False,0.028179790352811263,False
612,0.013367523422686434,False,0.1865932054442197,False,0.1372245570294502,False,0.2592883219797572,False,0.013367523422686434,False
613,0.04070565589719566,False,0.21638825894966984,False,0.12435286737363149,False,0.2200664963426669,False,0.04070565589719566,False
614,0.03511721489485131,False,0.09096986478558822,False,0.1063008939229857,False,0.11819663954516202,False,0.03511721489485131,False
615,0.05427298143618797,False,0.2191876386133645,False,0.16855678719937622,False,0.2010962134834256,False,0.05427298143618797,False
616,0.05915289023400716,False,0.17222583269052655,False,0.13005571383410441,False,0.19964372084182025,False,0.05915289023400716,False
617,-0.036266214462970514,True,0.22484183982481054,False,0.09878831020797585,False,0.18053063570122024,False,-0.036266214462970514,True
618,-0.015793986976403107,True,0.21904155835987071,False,0.19840089235677505,False,0.1594019528738485,False,-0.015793986976403107,True
619,0.031034355454244933,False,0.19537654408255906,False,0.20495769789170343,False,0.13942649873808588,False,0.031034355454244933,False
620,0.014130785498292386,False,0.22479950225271506,False,0.19480771262510482,False,0.17996070431235606,False,0.014130785498292386,False
621,0.0023710046796480144,False,0.13608520481609687,False,0.11091658428799445,False,0.25003471686848644,False,0.0023710046796480144,False
622,-0.027934745387560578,True,0.056400222370799336,False,0.2222010877077068,False,0.1737076143341204,False,-0.027934745387560578,True
623,0.03553014059899062,False,0.13986947518382198,False,0.08083126028553012,False,0.20066362166823742,False,0.03553014059899062,False
624,0.02456507268469843,False,0.16315586640196306,False,0.13609137212265665,False,0.21003915036041,False,0.02456507268469843,False
625,-0.03226189509906863,True,0.1672072852051169,False,0.22472304203582694,False,0.20353137652898662,False,-0.03226189509906863,True
626,-0.017230287226015273,True,0.20307227338849226,False,0.11246410905097559,False,0.23969216743497201,False,-0.017230287226015273,True
627,0.036297932077505646,False,0.06485648277158007,False,0.06396855412377178,False,0.17245986457304047,False,0.036297932077505646,False
628,-0.002883959271073655,True,0.13729576571276314,False,0.1544713746406487,False,0.19515010865597882,False,-0.002883959271073655,True
629,0.03458872238398669,False,0.17856187634187531,False,0.08742091756553438,False,0.20401227704664876,False,0.03458872238398669,False
630,0.041742745533636216,False,0.11100778356827834,False,0.0929053645816974,False,0.2564941205272477,False,0.041742745533636216,False
631,0.04423072649774318,False,0.10825298151582341,False,0.19859610187993681,False,0.23911332360710508,False,0.04423072649774318,False
632,-0.062078313472015645,True,0.13934387187305597,False,0.11315556335421884,False,0.1595321758140319,False,-0.062078313472015645,True
633,0.0037129075470567763,False,0.17032344757912832,False,0.23044372329820084,False,0.1890658757356074,False,0.0037129075470567763,False
634,0.045771905419701886,False,0.10928965297052673,False,0.1775265599473425,False,0.21971603126876543,False,0.045771905419701886,False
635,-0.015634884556378847,True,0.1712061579830511,False,0.10293724856593134,False,0.1976623829782258,False,-0.015634884556378847,True
636,-0.013402334656870907,True,0.13578960722694233,False,0.1960795378722704,False,-0.02995713100050945,True,-0.02995713100050945,True
637,-0.0675474921723016,True,0.12751644405733265,False,0.1490058374818497,False,0.21290502607324047,False,-0.0675474921723016,True
638,0.03218765416085101,False,0.08592571824100881,False,0.1478941742810474,False,0.19229536291542387,False,0.03218765416085101,False
639,0.005409118820858816,False,0.2396565258862114,False,0.10487547897419758,False,0.19175085333631214,False,0.005409118820858816,False
640,0.010204452233960826,False,0.15466494998559283,False,0.1884814234819318,False,0.2259339849623076,False,0.010204452233960826,False
641,0.04902643277869334,False,0.1072227745971136,False,0.0886195549936688,False,0.27112207467456173,False,0.04902643277869334,False
642,0.03523877564051103,False,0.0879050807664008,False,0.11429631171714694,False,0.1622076782181725,False,0.03523877564051103,False
643,0.042975912238303327,False,0.1983863376222632,False,0.09109498371911451,False,0.1484523358718719,False,0.042975912238303327,False
644,0.03607842460146726,False,0.17876970370615242,False,0.13097110953682306,False,0.2359204747333784,False,0.03607842460146726,False
645,0.04171292143145455,False,0.2020126957324973,False,0.12766288409869064,False,0.16380935258533363,False,0.04171292143145455,False
646,-0.02582238641141066,True,0.14766014578889236,False,0.10340253867577098,False,0.18865828196335277,False,-0.02582238641141066,True
647,0.03943942312917259,False,0.1587633238819222,False,0.15106376875794247,False,0.23315242184968465,False,0.03943942312917259,False
648,-0.04945773011015642,True,0.09697358676877676,False,0.2042431559199323,False,0.22967879432664356,False,-0.04945773011015642,True
649,-0.06911236428227696,True,0.1237291855861502,False,0.14486244280455385,False,0.06352266496180459,False,-0.06911236428227696,True
650,-0.039711524566776624,True,0.15579746486690293,False,0.23269416453059866,False,0.13898023307968965,False,-0.039711524566776624,True
651,-0.03423334774905329,True,0.218305076798199,False,0.10689219262324623,False,0.1375311929357601,False,-0.03423334774905329,True
652,-0.06567339019234186,True,0.17149349018414933,False,0.08652230610635003,False,0.1581110085037719,False,-0.06567339019234186,True
653,-0.02798624425398033,True,0.1655188279324138,False,0.06026771331392222,False,0.135912239621384,False,-0.02798624425398033,True
654,-0.05188053410127713,True,0.13804526348211488,False,0.13894666851425153,False,0.19064469246826082,False,-0.05188053410127713,True
655,-0.02760475812460239,True,0.08309977701212423,False,0.15702170583313285,False,0.23911703552401387,False,-0.02760475812460239,True
656,-0.049288017429344966,True,0.12462399176399563,False,0.1149460189355036,False,0.12766483241920545,False,-0.049288017429344966,True
657,-0.05746832114141409,True,0.11117973101467105,False,0.11231080627996148,False,0.18117695174104909,False,-0.05746832114141409,True
658,-0.060679719872245075,True,0.11581455884898217,False,0.20543971344294115,False,0.16549506159746502,False,-0.060679719872245075,True
659,-0.08455812467699342,True,0.17911965617308578,False,0.1197532471016498,False,0.1578371659696738,False,-0.08455812467699342,True
660,-0.03494116182717211,True,0.15191139599944026,False,0.22971142631482883,False,0.06671419740643081,False,-0.03494116182717211,True
661,-0.038110880061583474,True,0.20075864859377074,False,0.16029477971743333,False,0.16130645032949542,False,-0.038110880061583474,True
662,-0.051299180495340324,True,0.19888717346144363,False,0.16839201495565664,False,0.16472874199340298,False,-0.051299180495340324,True
663,-0.0331375891600163,True,0.13616481842537903,False,0.22711103562888652,False,0.06485826028009711,False,-0.0331375891600163,True
664,-0.10785571597788635,True,0.13671455264609111,False,0.13817647287713775,False,0.1365627709888596,False,-0.10785571597788635,True
665,-0.034498652958583675,True,0.15731807919128127,False,0.10535787634898863,False,0.18402666610932156,False,-0.034498652958583675,True
666,-0.05929384577398611,True,0.18592255469797375,False,0.14763590598896642,False,0.10233886630713263,False,-0.05929384577398611,True
667,-0.052354708162977937,True,0.17718663864409745,False,0.17401727920760668,False,0.17384310865650926,False,-0.052354708162977937,True
668,-0.07454701368651928,True,0.1368320933346397,False,0.12765587754968122,False,0.14963486744145826,False,-0.07454701368651928,True
669,0.006262620274962605,False,0.11350085370574137,False,0.14422185139474797,False,0.1651048315678284,False,0.006262620274962605,False
670,-0.059171220232156485,True,0.13262848133478677,False,0.07337408282225966,False,0.17808881744369282,False,-0.059171220232156485,True
671,-0.055592175924127796,True,0.15144975789499604,False,0.1300832515219177,False,0.17619088353350254,False,-0.055592175924127796,True
672,-0.035504347389275104,True,0.1954575466099827,False,0.061015790635377765,False,0.17178487412345866,False,-0.035504347389275104,True
673,-0.021541605189397517,True,0.2104598451923459,False,0.19723826646968956,False,0.12716767624213243,False,-0.021541605189397517,True
674,-0.09653483576772104,True,0.1652703147316349,False,0.21003474528458632,False,0.1537265467461868,False,-0.09653483576772104,True
675,-0.029212966120244488,True,0.2061909727085121,False,0.1251752923695183,False,0.1625921782615708,False,-0.029212966120244488,True
676,-0.04115651708735213,True,0.14901962880655073,False,0.17685606798864328,False,0.16790784895760497,False,-0.04115651708735213,True
677,-0.07396126946751103,True,0.1695599875718906,False,0.12367081939824898,False,0.17906018877969448,False,-0.07396126946751103,True
678,-0.055044382357696486,True,0.24753895122810515,False,0.20721423360359903,False,0.0982630007718357,False,-0.055044382357696486,True
679,-0.031448884298375224,True,0.232208704787138,False,0.15566282460467007,False,0.17862068427671546,False,-0.031448884298375224,True
680,0.010138284918361329,False,0.14588167776682914,False,-0.00013578984588535903,True,0.15916262131250059,False,-0.00013578984588535903,True
681,-0.04041134485133879,True,0.12502706480952708,False,0.18359181759089543,False,0.16828468970082155,False,-0.04041134485133879,True
682,-0.04985243060233657,True,0.1530470443235304,False,0.1299271739717432,False,0.15618644310619245,False,-0.04985243060233657,True
683,-0.056140369113384714,True,0.12178667146567379,False,0.14908798555050878,False,0.1937646832068613,False,-0.056140369113384714,True
684,-0.06004340510867667,True,0.18294861566716658,False,0.13954631284297797,False,0.0936077439646138,False,-0.06004340510867667,True
685,-0.07544480687747401,True,0.15921155912950952,False,0.15180409357091257,False,0.16697366925969814,False,-0.07544480687747401,True
686,-0.07298885933037991,True,0.1362157007453753,False,0.1665710955939807,False,0.0483828642064037,False,-0.07298885933037991,True
687,-0.049086941614139845,True,0.1950001163049928,False,0.11850327956220486,False,0.14049425336487942,False,-0.049086941614139845,True
688,-0.0776158126972305,True,-0.010964885029933313,True,0.1563316527489753,False,0.20565453747369378,False,-0.0776158126972305,True
689,-0.029198374362495283,True,0.07386844032161477,False,0.20121497623107848,False,0.14890446424670212,False,-0.029198374362495283,True
690,-0.05037256675541224,True,0.10389208310161413,False,0.20982414119972015,False,0.1910168965129589,False,-0.05037256675541224,True
691,-0.12448396245487847,True,0.15942261725596302,False,0.19305336875246165,False,0.16906299150313886,False,-0.12448396245487847,True
692,-0.02621956909327705,True,0.1828680326739474,False,0.134359786952012,False,0.1311751950339618,False,-0.02621956909327705,True
693,-0.06071246148786291,True,0.09881397359338673,False,0.2120644843872374,False,0.11837532642649862,False,-0.06071246148786291,True
694,-0.07597223362040517,True,0.21210016672740373,False,0.15095451148527145,False,0.12459915658429066,False,-0.07597223362040517,True
695,-0.07187954152081566,True,0.18027967838276654,False,0.11231214501341658,False,0.14999397522412372,False,-0.07187954152081566,True
696,-0.05222069936620333,True,0.09872500074578894,False,0.08201550589106699,False,0.16314665593810213,False,-0.05222069936620333,True
697,-0.08757001029109834,True,0.13051408294989797,False,0.1719717208033022,False,0.18079302173169876,False,-0.08757001029109834,True
698,-0.08470780906069875,True,0.08839811077479987,False,0.15297606079406023,False,0.2123486141607906,False,-0.08470780906069875,True
699,-0.05718436314260056,True,0.11239725019052837,False,0.1305270740363081,False,0.22010546328529562,False,-0.05718436314260056,True
700,-0.08706946739925037,True,0.12140964527649734,False,0.1776086248593618,False,0.16927384012156232,False,-0.08706946739925037,True
701,-0.08318116845673496,True,0.16459497438389442,False,0.08179609624508555,False,0.18474024015696872,False,-0.08318116845673496,True
702,-0.11113506630122061,True,0.2336303561611942,False,0.15757043338262178,False,0.14302767267504146,False,-0.11113506630122061,True
703,-0.12894274945732975,True,0.1159135812947244,False,0.249826928390379,False,0.1396613329781986,False,-0.12894274945732975,True
704,-0.14054377585366873,True,0.12574861602332987,False,0.1777787593926869,False,0.14284578698542316,False,-0.14054377585366873,True
705,-0.12615918578865748,True,0.14035497298868416,False,0.12502413675620538,False,0.12271719541049597,False,-0.12615918578865748,True
706,-0.14497671091743392,True,0.11115784691042252,False,0.23514979725196922,False,0.14038708279175727,False,-0.14497671091743392,True
707,-0.13159875382995023,True,0.16181761882660228,False,0.15157285486579375,False,0.08004172616583483,False,-0.13159875382995023,True
708,-0.1270143317704837,True,0.11133392755836291,False,0.13769478659092926,False,0.14126714310554067,False,-0.1270143317704837,True
709,-0.14054377585366873,True,0.142180233103677,False,0.23591408869227715,False,0.1488920792971793,False,-0.14054377585366873,True
710,-0.13519442669699477,True,0.10130291862041996,False,0.1964225677702906,False,0.05405867156969202,False,-0.13519442669699477,True
711,-0.1255554600680795,True,0.0983281947441107,False,0.2148543901912,False,0.12831473788034287,False,-0.1255554600680795,True
712,-0.13785590350368526,True,0.03207147563511936,False,0.1925186148998223,False,0.15041965188634054,False,-0.13785590350368526,True
713,-0.12668764096627938,True,0.13947115064442128,False,0.18894096805436855,False,0.11763192325315874,False,-0.12668764096627938,True
714,-0.1257680316258325,True,0.1658245353149102,False,0.03356276222355237,False,0.07827150470293409,False,-0.1257680316258325,True
715,-0.1269000606294013,True,0.07824270624257823,False,0.10922182120511581,False,0.11030909957599011,False,-0.1269000606294013,True
716,-0.14108250244805132,True,0.1184299120061012,False,0.2085363135635822,False,0.17825860923854137,False,-0.14108250244805132,True
717,-0.13519442669699477,True,0.17383156222881951,False,0.217743844443115,False,0.17274541605347993,False,-0.13519442669699477,True
718,-0.14054377585366873,True,0.1712043333194272,False,0.17606992866556137,False,0.1324047762847903,False,-0.14054377585366873,True
719,-0.138929901415485,True,0.08573970003644116,False,0.21830184979677525,False,0.16026292819761967,False,-0.138929901415485,True
720,-0.13083597790122803,True,0.19017052008017232,False,0.23825721106592923,False,0.12144914523124062,False,-0.13083597790122803,True
721,-0.1378727832367289,True,0.06734110990690967,False,0.22115164311819135,False,0.1084061212304761,False,-0.1378727832367289,True
722,-0.13403244734420694,True,0.19288723334299462,False,0.12993929639177837,False,0.1714829575107915,False,-0.13403244734420694,True
723,-0.138929901415485,True,0.1545583554291059,False,0.2020608193223648,False,0.11080416787048741,False,-0.138929901415485,True
724,-0.13403244734420694,True,0.05979615917394032,False,0.22417173164120918,False,0.12458685558515747,False,-0.13403244734420694,True
725,-0.12661188527348433,True,0.15712480400546436,False,0.2315228844845626,False,0.11579803504752606,False,-0.12661188527348433,True
726,-0.12925955590401295,True,0.1532495689818253,False,0.21894975039209602,False,0.14631666164365031,False,-0.12925955590401295,True
727,-0.13946747561158035,True,0.13143748849309234,False,0.16527178681470345,False,0.1454622803607477,False,-0.13946747561158035,True
728,-0.138929901415485,True,0.13418804235534076,False,0.17463160227677138,False,0.14927001680308682,False,-0.138929901415485,True
729,-0.1362646223596523,True,0.16876141671970973,False,0.15486606061790875,False,0.14524374767433235,False,-0.1362646223596523,True
730,-0.13159875382995023,True,0.10298948098698812,False,0.13329598099538992,False,0.16905071179354286,False,-0.13159875382995023,True
731,-0.1362477787343035,True,0.1605408289207093,False,0.20518835064022417,False,0.16582892616175976,False,-0.1362477787343035,True
732,-0.1390582650097758,True,0.14967494887624783,False,0.1865833145207551,False,0.0955048128517112,False,-0.1390582650097758,True
733,-0.1312559882094605,True,0.07710480121310315,False,0.21714246489693334,False,0.10079756102394222,False,-0.1312559882094605,True
734,-0.14000543366627594,True,0.1887749823587762,False,0.22633575714876103,False,0.16484121756359488,False,-0.14000543366627594,True
735,-0.14175043626776185,True,0.0748489301851506,False,0.1442562341631488,False,0.07213113647458236,False,-0.14175043626776185,True
736,-0.13349875129869415,True,0.07780069930146771,False,0.11790703877003605,False,0.15500652655387492,False,-0.13349875129869415,True
737,-0.14281300696547183,True,0.1487781283252685,False,0.1871788564705077,False,0.15860769451043732,False,-0.14281300696547183,True
738,-0.1363588388950968,True,0.15249408503085216,False,0.1722255414321236,False,0.1080761875111107,False,-0.1363588388950968,True
739,-0.14108250244805132,True,0.21003943725338686,False,0.12899867900882045,False,0.15569471505530608,False,-0.14108250244805132,True
740,-0.14000543366627594,True,0.24403317163411836,False,0.21158909430809159,False,0.12909417228560982,False,-0.14000543366627594,True
741,-0.13571250194471762,True,0.1445632650913422,False,0.23886577275221693,False,0.17634692554607395,False,-0.13571250194471762,True
742,-0.13315511211450648,True,0.15498585118926578,False,0.1719661441407978,False,0.1252620780799849,False,-0.13315511211450648,True
743,-0.12966198141970042,True,0.17779802018791385,False,0.19663453955461901,False,0.16267889134161695,False,-0.12966198141970042,True
744,-0.13106679434024815,True,0.15943182360005032,False,0.19682532577648804,False,0.16316827161056585,False,-0.13106679434024815,True
745,-0.13208935243487896,True,0.06900198300029547,False,0.0687826424838337,False,0.15515866566504333,False,-0.13208935243487896,True
746,-0.1280713843942134,True,0.09465968483216547,False,0.16935852457923134,False,0.15726951208388296,False,-0.1280713843942134,True
747,-0.12966198141970042,True,0.14099024517566977,False,0.19653594420744042,False,0.15422974935233125,False,-0.12966198141970042,True
748,-0.13777900541773502,True,0.1305559954322147,False,0.2135161991109878,False,0.1292642173477272,False,-0.13777900541773502,True
749,-0.13831575780852434,True,0.11091954129710169,False,0.23217808549114777,False,0.1394558729516856,False,-0.13831575780852434,True
750,-0.1433533539201408,True,0.12321172897754185,False,0.19483968312961292,False,0.1323291470551281,False,-0.1433533539201408,True
751,-0.1294316002314322,True,0.12095100049837837,False,0.2281053052716035,False,0.17659904847971525,False,-0.1294316002314322,True
752,-0.138929901415485,True,0.1051832970016352,False,0.24876603987988744,False,0.1437831712712614,False,-0.138929901415485,True
753,-0.13617104514222356,True,0.13824510869518936,False,0.18356100125728025,False,0.1510664526022094,False,-0.13617104514222356,True
754,-0.13744756825052984,True,0.10373471081839425,False,0.07944703193337865,False,0.16291789569386167,False,-0.13744756825052984,True
755,-0.1438940867133175,True,0.06062456292164531,False,0.1156668888364577,False,0.16310778141746463,False,-0.1438940867133175,True
756,-0.12984912653645797,True,0.14231872300685566,False,0.24129155543753295,False,0.035517416367709,False,-0.12984912653645797,True
757,-0.14162161372391224,True,0.22227365896304857,False,0.18846301425367695,False,0.16297119569876123,False,-0.14162161372391224,True
758,-0.1250112214276068,True,0.19405997612571113,False,0.1305504218540201,False,0.12344662696878272,False,-0.1250112214276068,True
759,-0.14173346947059784,True,0.04017754597484857,False,0.21630269603372648,False,0.07566782396702598,False,-0.14173346947059784,True
760,-0.14173346947059784,True,0.08948503725306234,False,0.20656210083217075,False,-0.05065776017762669,True,-0.14173346947059784,True
761,-0.13777900541773502,True,0.20928966521289655,False,0.2313372485903284,False,0.14059353019160803,False,-0.13777900541773502,True
762,-0.18358346645851187,True,0.11357003720364756,False,0.22153634737776484,False,0.17705899169745914,False,-0.18358346645851187,True
763,-0.1382165183200882,True,0.11702489728101062,False,0.13702199098643442,False,0.14698525088652492,False,-0.1382165183200882,True
764,-0.13670664935777466,True,0.14169832468322735,False,0.2191781656935336,False,0.11322162601551,False,-0.13670664935777466,True
765,-0.13852098280486347,True,0.16196125312572857,False,0.21521023076657236,False,0.16236669647124574,False,-0.13852098280486347,True
766,-0.12996239209938742,True,0.1666135669051571,False,0.15593462236486139,False,0.15566279565474728,False,-0.12996239209938742,True
767,-0.1263208608815024,True,0.14972751788946348,False,0.163998276818149,False,0.12072575565148069,False,-0.1263208608815024,True
768,-0.13617104514222356,True,0.2056433649087439,False,0.13694434338253858,False,0.13102465481456438,False,-0.13617104514222356,True
769,-0.13896433931409713,True,0.21621137600692164,False,0.23871618310904386,False,0.1642476628901326,False,-0.13896433931409713,True
770,-0.1395019381008139,True,0.13327057782891,False,0.2271485147562946,False,0.07947240175003067,False,-0.1395019381008139,True
771,-0.1017550625286785,True,0.08996593120457697,False,0.12940027235692375,False,0.15433949317828477,False,-0.1017550625286785,True
772,-0.11441513924210445,True,0.19254483397862,False,0.24262289443815305,False,0.17650510419610105,False,-0.11441513924210445,True
773,-0.08770629652982609,True,0.13256959431059928,False,0.22843455033238996,False,0.08668807286837066,False,-0.08770629652982609,True
774,-0.13521187335538754,True,0.1193098112338431,False,0.22579933297701155,False,0.14090118747167357,False,-0.13521187335538754,True
775,-0.10114489098621682,True,0.14552740052902885,False,0.12767941943924788,False,0.1305455206736671,False,-0.10114489098621682,True
776,-0.11703206789133336,True,0.11471247990675282,False,0.2514528231497402,False,0.15341676874894572,False,-0.11703206789133336,True
777,-0.1303045626883479,True,0.05134376550128017,False,0.17796928899434028,False,0.12802507495765014,False,-0.1303045626883479,True
778,-0.07734744819506856,True,0.15280840960530806,False,0.19427630542296065,False,0.11319051656363333,False,-0.07734744819506856,True
779,-0.0701410561746747,True,0.14068393163728504,False,0.197283147285583,False,0.15519215824595856,False,-0.0701410561746747,True
780,-0.07607437010314844,True,0.09946271149476837,False,0.19388129244024388,False,0.15012397406852085,False,-0.07607437010314844,True
781,-0.08020679867521674,True,0.12502333240898278,False,0.15164702765630733,False,0.17082284337398146,False,-0.08020679867521674,True
782,-0.06653470496833103,True,0.1112173695602422,False,0.18350420035776216,False,0.14698978920059558,False,-0.06653470496833103,True
783,-0.07974651431652102,True,0.11747388524008773,False,0.12869493397915954,False,0.11587517595115981,False,-0.07974651431652102,True
784,-0.14011705014062514,True,0.08995257064010997,False,0.16573423028754047,False,0.06211235158463635,False,-0.14011705014062514,True
785,-0.04866726673948951,True,0.16298041866518248,False,0.2385253034050671,False,0.14292226921944495,False,-0.04866726673948951,True
786,-0.04130190849775417,True,0.11019295540781637,False,0.1771861126642164,False,0.09678159642732864,False,-0.04130190849775417,True
787,-0.07312657341303885,True,0.14596409084464518,False,0.20036085642660656,False,0.1287240403902684,False,-0.07312657341303885,True
788,-0.06518682816970156,True,0.09455982929457363,False,0.19956104411679548,False,0.13314924568106778,False,-0.06518682816970156,True
789,-0.050558964656927774,True,0.02851961589399754,False,0.1577324895831192,False,0.12930278791961702,False,-0.050558964656927774,True
790,-0.02941862172808829,True,0.15422468307321308,False,0.18650958488112146,False,0.15843618508795387,False,-0.02941862172808829,True
791,-0.051651797549764344,True,0.1396444318227122,False,0.19670352697289245,False,0.1793143058615026,False,-0.051651797549764344,True
792,-0.0803830762576705,True,0.12131493422730566,False,0.12397984018355246,False,0.1567259970429571,False,-0.0803830762576705,True
793,-0.11079778661944051,True,0.13813669268909146,False,0.1852366918804511,False,0.10380532308777168,False,-0.11079778661944051,True
794,-0.0734119792483281,True,0.06760421716084564,False,0.22769800651925687,False,0.08127818649310947,False,-0.0734119792483281,True
795,-0.0776128818428844,True,0.1432869029028203,False,0.17662081573629057,False,0.13062788669065206,False,-0.0776128818428844,True
796,-0.06863878548444091,True,0.01347711833518861,False,0.20892981532413135,False,0.15720688650649328,False,-0.06863878548444091,True
797,-0.07790953538812251,True,0.08864915094272907,False,0.21051056454821226,False,0.14598341567821216,False,-0.07790953538812251,True
798,-0.06300008268687085,True,0.1591644110654863,False,0.13918582983879146,False,0.14460613979442127,False,-0.06300008268687085,True
799,-0.10666880259342515,True,0.1521411542170532,False,0.13778605891129558,False,0.13031660045281757,False,-0.10666880259342515,True
800,-0.07342803146322452,True,0.10462276107994684,False,0.14917163143998624,False,0.17250092154130725,False,-0.07342803146322452,True
801,-0.05973373748257316,True,0.10636492057375924,False,0.13231570046952945,False,0.18542556389188153,False,-0.05973373748257316,True
802,-0.05660014219784948,True,0.08752751763715338,False,0.21306139780585498,False,0.18128800150113722,False,-0.05660014219784948,True
803,-0.047772672066833555,True,0.12630864903714345,False,0.19444017280445436,False,0.12826305380549596,False,-0.047772672066833555,True
804,-0.08428499823477098,True,0.14269512119086697,False,0.18220960095124195,False,0.1444959722946455,False,-0.08428499823477098,True
805,-0.09354954626404799,True,0.1553493353630473,False,0.18611799235005078,False,0.15472844573719147,False,-0.09354954626404799,True
806,-0.06509466824517651,True,0.1162858970659586,False,0.23156301956474729,False,0.1656803934579955,False,-0.06509466824517651,True
807,-0.10217272181266113,True,0.12875301824610874,False,0.17564118462288353,False,0.1313769837849118,False,-0.10217272181266113,True
808,-0.0685687800594379,True,0.1317071137913074,False,0.24835068111388137,False,0.1144951023605072,False,-0.0685687800594379,True
809,-0.09579395726851347,True,0.15260393843256242,False,0.1828399425515292,False,0.09250035266930001,False,-0.09579395726851347,True
810,-0.03930032184065024,True,0.19588542192734676,False,0.13005383836519852,False,0.17401208639097687,False,-0.03930032184065024,True
811,-0.04211156272894501,True,0.18217857787545216,False,0.13295440792854796,False,0.08147323117984373,False,-0.04211156272894501,True
812,-0.05641030936988545,True,0.1582713589909528,False,0.21070476842248992,False,0.16622534454774351,False,-0.05641030936988545,True
813,-0.10174387007915175,True,0.08255091501317313,False,0.24229322404837683,False,0.12959117183080815,False,-0.10174387007915175,True
814,-0.06285024882439783,True,0.1493624138491525,False,0.1285669056233335,False,0.13005248452743312,False,-0.06285024882439783,True
815,-0.05403079550829837,True,0.08825539393250426,False,0.15865521079508127,False,0.16927849266255207,False,-0.05403079550829837,True
816,-0.053922638438137716,True,0.13185285387819923,False,0.19678006572682027,False,0.11236623190181616,False,-0.053922638438137716,True
817,-0.09320431954746067,True,0.15576049031694994,False,0.24252610441888472,False,0.12495076925277537,False,-0.09320431954746067,True
818,-0.0957095270789925,True,0.12252342248842585,False,0.1715872979311701,False,0.14319972731329922,False,-0.0957095270789925,True
819,-0.09343591799682671,True,0.14701719571020266,False,0.21183645069716917,False,0.1704579093836574,False,-0.09343591799682671,True
820,-0.05997822611710879,True,0.09254317060994788,False,0.19232522589171996,False,0.14662150005489105,False,-0.05997822611710879,True
821,-0.13110222762885304,True,0.06287732159320969,False,0.13992036861723206,False,0.1367141773679471,False,-0.13110222762885304,True
822,-0.1239656734917528,True,0.13786998470352774,False,0.13549314127019113,False,0.14506427378925568,False,-0.1239656734917528,True
823,-0.08936812775663816,True,0.04467867064922948,False,0.09652914335570495,False,0.17174468071768118,False,-0.08936812775663816,True
824,-0.11998688434590521,True,0.12014054214773628,False,0.1561526909196353,False,0.19398378145695178,False,-0.11998688434590521,True
825,-0.13273403137873974,True,0.05752843151030829,False,0.21677074015981634,False,0.15960153037662772,False,-0.13273403137873974,True
826,-0.12361630494568021,True,0.1022399966573827,False,0.1952411593462332,False,0.15310492173601364,False,-0.12361630494568021,True
827,-0.13315194587284573,True,0.09813089594154978,False,0.17717179502548192,False,0.17083194152878367,False,-0.13315194587284573,True
828,-0.13368587600826598,True,0.12248720705946559,False,0.16797207305750927,False,0.12487191427584565,False,-0.13368587600826598,True
829,-0.12167048049782792,True,0.12869922072836393,False,0.17120555797053616,False,0.16663845906026137,False,-0.12167048049782792,True
830,-0.1199583284096416,True,0.0951173431827208,False,0.21277355176231683,False,0.1450560830355172,False,-0.1199583284096416,True
831,-0.12519574491608776,True,0.08822469940889566,False,0.15810566330826542,False,0.10303202040152193,False,-0.12519574491608776,True
832,-0.12984912653645797,True,0.09757055438967177,False,0.18694606278819953,False,0.06766708304610614,False,-0.12984912653645797,True
833,-0.12479102646540019,True,-0.04376697199969126,True,0.24172282723828653,False,0.05218346577229205,False,-0.12479102646540019,True
834,-0.12837260980989718,True,0.1298761157701463,False,0.14503187358145364,False,0.1537442841674832,False,-0.12837260980989718,True
835,-0.11893594355191317,True,0.0822390848526301,False,0.13769580323220282,False,0.15460858377814768,False,-0.11893594355191317,True
836,-0.1278388302575335,True,0.14282483887717162,False,0.15244454930993995,False,0.1657273943453091,False,-0.1278388302575335,True
837,-0.14054377585366873,True,0.09641857251059993,False,0.21075495331594152,False,0.16267818953440782,False,-0.14054377585366873,True
838,-0.12313280007218541,True,0.11525687312993282,False,0.15070794330392073,False,0.07304612249558307,False,-0.12313280007218541,True
839,-0.12894274945732975,True,0.1362737885886386,False,0.14587049323718249,False,0.14732725025996307,False,-0.12894274945732975,True
840,-0.12384640686484316,True,0.08685636860806634,False,0.1806807524626015,False,0.14095417584586512,False,-0.12384640686484316,True
841,-0.14173346947059784,True,0.09643891609194744,False,0.16482463027617167,False,0.08437201393041271,False,-0.14173346947059784,True
842,-0.13049356298297443,True,0.14577323396400993,False,0.19691900128160572,False,0.17278486265275228,False,-0.13049356298297443,True
843,-0.13486891663080025,True,0.1486605953500753,False,0.22750724066787265,False,0.14233559146950303,False,-0.13486891663080025,True
844,-0.1269000606294013,True,0.13543368504729308,False,0.15932614285640767,False,0.04827077418018155,False,-0.1269000606294013,True
845,-0.13410896215835177,True,0.10367769087623568,False,0.16526893624623157,False,0.13764772309590456,False,-0.13410896215835177,True
846,-0.12682476051602654,True,0.14699480316239816,False,0.1558429471835041,False,0.14019077283650438,False,-0.12682476051602654,True
847,-0.13102243595106522,True,0.11462426927446723,False,0.22084642981405078,False,0.14695042489081356,False,-0.13102243595106522,True
848,-0.13946747561158035,True,0.12729608491315358,False,0.1793671552464544,False,0.13570686849935953,False,-0.13946747561158035,True
849,-0.1312559882094605,True,0.09678606221028296,False,0.11579137876650258,False,0.1489935654904906,False,-0.1312559882094605,True
850,-0.12321084897406132,True,0.1597180254301649,False,0.13669863847759217,False,0.14135444579763334,False,-0.12321084897406132,True
851,-0.13475343410254026,True,0.11422105300600105,False,0.18936314735588272,False,0.09505256853343635,False,-0.13475343410254026,True
852,-0.1326638126287284,True,0.09741338907780761,False,0.1435100390931084,False,0.1465857280563282,False,-0.1326638126287284,True
853,-0.12902929939854446,True,0.13250778347987352,False,0.13707732222570468,False,0.11848328203450964,False,-0.12902929939854446,True
854,-0.13115359175272234,True,0.10111104909354596,False,0.15006688475712437,False,0.12262416564943224,False,-0.13115359175272234,True
855,-0.12894274945732975,True,0.13869716702122864,False,0.21085561433208383,False,0.12302565339722515,False,-0.12894274945732975,True
856,-0.12966198141970042,True,0.13707515615147509,False,0.08921366489512184,False,0.1668461781009829,False,-0.12966198141970042,True
857,-0.14096303707766455,True,0.15785162381958046,False,0.15663683099431752,False,0.14672948588404333,False,-0.14096303707766455,True
858,-0.13304136041609227,True,0.15968414361957267,False,0.18904813709051965,False,0.11598383491010078,False,-0.13304136041609227,True
859,-0.13475343410254026,True,0.15098860900124128,False,0.13984365029280588,False,0.08448916022645447,False,-0.13475343410254026,True
860,-0.1312559882094605,True,0.1122912556998531,False,0.17655839836082965,False,0.09426597419021321,False,-0.1312559882094605,True
861,-0.1280713843942134,True,0.14843556038157363,False,0.1202667886799097,False,0.16412305673156408,False,-0.1280713843942134,True
862,-0.12627141247043716,True,0.018559418456878585,False,0.15809365029068018,False,0.15625154314148615,False,-0.12627141247043716,True
863,-0.1322012618146332,True,0.13103946929647464,False,0.14834044919630818,False,0.10807879426745048,False,-0.1322012618146332,True
864,-0.12984912653645797,True,0.09629330381653489,False,0.15476382814477363,False,0.12530800422074073,False,-0.12984912653645797,True
865,-0.13273403137873974,True,0.1144853268772581,False,0.08482514409609632,False,0.11809273855336488,False,-0.13273403137873974,True
866,-0.1312559882094605,True,0.11583936802342665,False,0.1698614426591964,False,0.059487298134069944,False,-0.1312559882094605,True
867,-0.13670664935777466,True,0.13733260481566828,False,0.13321367756586439,False,0.143434067395374,False,-0.13670664935777466,True
868,-0.13244925934811358,True,0.04855863313102793,False,0.14616838354733153,False,0.14333536616379172,False,-0.13244925934811358,True
869,-0.14173346947059784,True,0.04364554291217304,False,0.1798962044914909,False,0.1364096521810002,False,-0.14173346947059784,True
870,-0.14173346947059784,True,0.0825463430077994,False,0.13403220104012453,False,0.11362667954728045,False,-0.14173346947059784,True
871,-0.12732886050249248,True,0.09430605313806328,False,0.17946153178726676,False,0.12205228541559932,False,-0.12732886050249248,True
872,-0.13191669298236453,True,0.10686065345965479,False,0.13566458101046652,False,0.1360312358368222,False,-0.13191669298236453,True
873,-0.1312559882094605,True,0.10641441218643499,False,0.1270882803675335,False,0.11553812390791685,False,-0.1312559882094605,True
874,-0.13315511211450648,True,0.09685435992113467,False,0.13951464256156126,False,0.12520496004946724,False,-0.13315511211450648,True
875,-0.13530802350494842,True,0.028983093462154996,False,0.09304882603336917,False,0.11691217667677822,False,-0.13530802350494842,True
876,-0.13777900541773502,True,0.07512952312615195,False,0.11856002249114894,False,0.13562966080254146,False,-0.13777900541773502,True
877,-0.12966198141970042,True,0.09988180929175572,False,0.09202386221545444,False,0.1506110502770751,False,-0.12966198141970042,True
878,-0.12838781922998688,True,0.09658908581756354,False,0.1093129748680628,False,0.07456031144181008,False,-0.12838781922998688,True
879,-0.12735369095191995,True,0.061904910470491625,False,0.11415684819013727,False,0.11168112684804599,False,-0.12735369095191995,True
880,-0.14497671091743392,True,0.11101917821625207,False,0.09684084362332057,False,0.10976667162651554,False,-0.14497671091743392,True
881,-0.1255554600680795,True,0.08200848299729557,False,0.10720947952768767,False,0.1052298682293531,False,-0.1255554600680795,True
882,-0.13691143535418926,True,0.11157214761272793,False,0.12739568492830566,False,0.13232172239962037,False,-0.13691143535418926,True
883,-0.12966198141970042,True,0.07083080951379417,False,0.11916091963301156,False,0.1139290193480843,False,-0.12966198141970042,True
884,-0.13777900541773502,True,0.09707718290759959,False,0.07655631282896769,False,0.07136524628946361,False,-0.13777900541773502,True
885,-0.1455186028799853,True,0.09197367525322941,False,0.0854471076520873,False,0.08458271761438796,False,-0.1455186028799853,True
886,-0.12735369095191995,True,0.051339338468907925,False,0.00589173771549234,False,0.10804619733097331,False,-0.12735369095191995,True
887,-0.13798408397630058,True,0.015888771795680046,False,0.1329243777588861,False,0.15653057292143846,False,-0.13798408397630058,True
888,-0.14000543366627594,True,0.11046107512064385,False,0.06945135464820784,False,0.11755433039917695,False,-0.14000543366627594,True
889,-0.13617104514222356,True,0.08692820966899006,False,0.041819781672850054,False,0.1266311193921128,False,-0.13617104514222356,True
890,-0.14000543366627594,True,0.12017995721466146,False,0.04303383810100592,False,0.10781379031801985,False,-0.14000543366627594,True
891,-0.14173346947059784,True,0.016553772387883137,False,0.09086038606782343,False,0.1462540699833491,False,-0.14173346947059784,True
892,-0.12732886050249248,True,0.06014565287094331,False,0.03682199752894344,False,0.15090471026111063,False,-0.12732886050249248,True
893,-0.13582617731487723,True,0.06122005938593911,False,0.05849843458827908,False,0.09688524683683275,False,-0.13582617731487723,True
894,-0.1340492412280735,True,0.014767994349225488,False,0.05897851206497329,False,0.06084467049869846,False,-0.1340492412280735,True
895,-0.1280713843942134,True,0.009486306009304668,False,0.022304689951865964,False,0.033431382025983614,False,-0.1280713843942134,True
896,-0.11389986254748796,True,0.008406922654940363,False,0.08562018683416128,False,0.12642174234518522,False,-0.11389986254748796,True
897,-0.12151190373480447,True,0.0184107224381842,False,0.05890493778281991,False,0.10154403470176221,False,-0.12151190373480447,True
898,-0.09427044683695118,True,0.02538371637284198,False,0.061032241260045916,False,0.07590890029465158,False,-0.09427044683695118,True
899,-0.09267021598526382,True,0.008943513995678387,False,0.05381853562446104,False,0.09553353919428065,False,-0.09267021598526382,True
900,-0.10525087211104256,True,0.03572860372468767,False,0.0650518504303087,False,0.12819310238480885,False,-0.10525087211104256,True
901,-0.09884624450505264,True,-0.014903378150937674,True,0.03687520564286162,False,0.1275827808947263,False,-0.09884624450505264,True
902,-0.07692668179753281,True,0.05337431282071492,False,0.07066236410524906,False,0.09666336769304873,False,-0.07692668179753281,True
903,-0.10647991136688573,True,0.00410770005283323,False,0.047831107446310694,False,0.07251507944258917,False,-0.10647991136688573,True
904,-0.12256255221934498,True,0.019699283882092966,False,0.04410124782443603,False,0.07705490047538144,False,-0.12256255221934498,True
905,-0.13728014790163612,True,0.04041911428741307,False,0.005207386179497675,False,0.08404672985709083,False,-0.13728014790163612,True
906,-0.1338007120620578,True,0.013947704731672839,False,0.06728504793976897,False,0.12177670289646458,False,-0.1338007120620578,True
907,-0.13475343410254026,True,0.028783061394283993,False,0.037547208878609295,False,0.1217503512991237,False,-0.13475343410254026,True
908,-0.13368539427952786,True,0.00549457598443559,False,0.012384268265040688,False,0.09995990138219868,False,-0.13368539427952786,True
909,-0.14358180430594336,True,0.008107422268809228,False,0.041036594215189015,False,0.049274814591513616,False,-0.14358180430594336,True
910,-0.14042439572749277,True,0.029217977806912376,False,0.026853737286677948,False,0.08941361461290753,False,-0.14042439572749277,True
911,-0.13819402725238683,True,0.01685268767457171,False,0.07613151092001358,False,0.06287617647924582,False,-0.13819402725238683,True
912,-0.14034452420835442,True,0.00289760961592167,False,0.05823019602552659,False,0.08868167386292891,False,-0.14034452420835442,True
913,-0.13796671725676568,True,0.018664813020301985,False,0.03740222574886687,False,0.12396861049177788,False,-0.13796671725676568,True
914,-0.13475343410254026,True,0.01506484919532991,False,0.012186354851202896,False,0.08097652519215959,False,-0.13475343410254026,True
915,-0.13368539427952786,True,0.02622926866208586,False,0.04392605662210192,False,0.12458897618787057,False,-0.13368539427952786,True
916,-0.13720060930403022,True,0.02735503389362015,False,0.07744879930822646,False,0.07212729243034699,False,-0.13720060930403022,True
917,-0.1420414739144762,True,0.011293935589210546,False,0.0782536327610116,False,0.037739648221692956,False,-0.1420414739144762,True
918,-0.1425011700557326,True,0.010850204722868684,False,0.04661524181869647,False,0.05610143398661549,False,-0.1425011700557326,True
919,-0.13819402725238683,True,0.03716538904179334,False,0.05203931760422409,False,0.024083163556930076,False,-0.13819402725238683,True
920,-0.13831575780852434,True,-0.016062975115802014,True,0.07172426136594223,False,0.001237998182146982,False,-0.13831575780852434,True
921,-0.1280713843942134,True,-0.007794913956559735,True,0.038614258536278756,False,0.02277777329509445,False,-0.1280713843942134,True
922,-0.1360496616565019,True,-0.03800056740379909,True,0.035541222337868605,False,0.032099758162625336,False,-0.1360496616565019,True
923,-0.136358355443992,True,-0.052908526016315904,True,0.08082118617265555,False,0.0029881511116147674,False,-0.136358355443992,True
924,-0.12966198141970042,True,-0.003235040975032466,True,0.07305184726457292,False,-0.015246485826573286,True,-0.12966198141970042,True
925,-0.12871259110745348,True,-0.02780031789612669,True,0.06958626351388586,False,0.011685656682232537,False,-0.12871259110745348,True
926,-0.1280713843942134,True,-0.010831004789071286,True,0.029118947911449755,False,0.02733159787456596,False,-0.1280713843942134,True
927,-0.12023833458043776,True,-0.018551273224031828,True,0.017558888455696864,False,0.014912221257006975,False,-0.12023833458043776,True
928,-0.11773810354149328,True,-0.008460445836350083,True,-0.002502828435625659,True,0.01848922927944785,False,-0.11773810354149328,True
929,-0.1057921727124218,True,-0.02339897346697417,True,-0.005576688378130079,True,0.021624962749237753,False,-0.1057921727124218,True
930,-0.11172889969077882,True,-0.07952538189830205,True,0.03783454310639989,False,0.04950456165052197,False,-0.11172889969077882,True
931,-0.10583598499186886,True,-0.01866307810687473,True,0.05778507977098479,False,0.07649159976043518,False,-0.10583598499186886,True
932,-0.08932107789977273,True,0.009045204472617252,False,-0.012578792636148473,True,0.03602328413847278,False,-0.08932107789977273,True
933,-0.1120157865727972,True,-0.02844655181327238,True,0.05523418911052014,False,0.021437154196761843,False,-0.1120157865727972,True
934,-0.11941510114799359,True,-0.043123728102059666,True,0.03320270295614136,False,0.028978248808878004,False,-0.11941510114799359,True
935,-0.13368539427952786,True,-0.007383533581842072,True,0.06879826042781001,False,-0.003969267462718862,True,-0.13368539427952786,True
936,-0.13091168577602186,True,-0.057023926736643915,True,0.004288274650842139,False,-0.04450611034235874,True,-0.13091168577602186,True
937,-0.13208935243487896,True,-0.05564463954714116,True,0.04311871290789271,False,-0.0052397824343072275,True,-0.13208935243487896,True
938,-0.13505907607818757,True,-0.03583716452164332,True,0.06185017451582009,False,-0.06622937531232886,True,-0.13505907607818757,True
939,-0.1358229997526763,True,-0.04634005372943972,True,0.026582603061383825,False,-0.05625782858136219,True,-0.1358229997526763,True
940,-0.12700410549526264,True,-0.06780251816307636,True,0.0545671388487623,False,-0.02966371969878212,True,-0.12700410549526264,True
941,-0.12117833445508785,True,-0.048415482653598185,True,0.04209532931056281,False,-0.007218846155161551,True,-0.12117833445508785,True
942,-0.1264754245051818,True,-0.024509044691135906,True,0.005622510678513493,False,-0.018519601936538677,True,-0.1264754245051818,True
943,-0.11914793284081548,True,-0.035698689758512425,True,0.022695418441625703,False,0.01069032202664566,False,-0.11914793284081548,True
944,-0.11275376374029122,True,-0.08062702081324868,True,0.02063247114175104,False,0.01933554675795013,False,-0.11275376374029122,True
945,-0.12436447024378394,True,-0.011266891232103449,True,0.04834217714489231,False,0.01149056380016289,False,-0.12436447024378394,True
946,-0.13368539427952786,True,-0.04258807344790516,True,0.01632688700524354,False,-0.0017827746895932028,True,-0.13368539427952786,True
947,-0.1408831085257114,True,-0.007545740596688111,True,0.04366706082881178,False,0.027171056225244072,False,-0.1408831085257114,True
948,-0.1036169585794039,True,-0.06399509572295148,True,0.047348323340566045,False,0.0007512681682531053,False,-0.1036169585794039,True
949,-0.12287254186568486,True,-0.01841151846056399,True,0.04017599119879345,False,0.04623735133742313,False,-0.12287254186568486,True
950,-0.123576563082758,True,-0.010679599318802913,True,0.03910198333348236,False,-0.021689062873781362,True,-0.123576563082758,True
951,-0.14412270022570983,True,-0.05833342256419827,True,0.05169117792124889,False,-0.02583250206295573,True,-0.14412270022570983,True
952,-0.13475343410254026,True,-0.023386994373744696,True,0.03812658209323483,False,-0.03601838182845518,True,-0.13475343410254026,True
953,-0.13155704287979153,True,-0.06794324327177503,True,0.04805091689009433,False,-0.03458704626738507,True,-0.13155704287979153,True
954,-0.1298388537227959,True,-0.08709620186116473,True,0.04771402857917939,False,-0.037844163642352324,True,-0.1298388537227959,True
955,-0.13177925466944707,True,-0.022686540539527456,True,0.04297082814206232,False,-0.03345467236221855,True,-0.13177925466944707,True
956,-0.13185505100048112,True,-0.026326909083643324,True,0.010078882032900194,False,-0.04529765583551071,True,-0.13185505100048112,True
957,-0.11842906353708593,True,0.022296797230176524,False,0.04696869420496674,False,-0.012886351519967643,True,-0.11842906353708593,True
958,-0.11571747250388109,True,-0.03428161585826994,True,0.06313976766843832,False,-0.0008003839370820387,True,-0.11571747250388109,True
959,-0.13934826579139215,True,-0.028377186381397967,True,0.06505551710592672,False,-0.029033732262923162,True,-0.13934826579139215,True
960,-0.12919813353089948,True,0.018609778646128894,False,0.05044806189355222,False,-0.011925184561490054,True,-0.12919813353089948,True
961,-0.09902422701183322,True,-0.10829658312250989,True,0.01678545788233754,False,-0.051970558376611686,True,-0.10829658312250989,True
962,-0.10434850029651466,True,-0.042152911502046475,True,0.036447760683429586,False,-0.05704789158800461,True,-0.10434850029651466,True
963,-0.08588406968250839,True,-0.08650914432819712,True,0.019592905033153918,False,-0.03379239721155891,True,-0.08650914432819712,True
964,-0.1154717049598204,True,-0.01635042213569815,True,0.03914220865494167,False,0.0041028433752008375,False,-0.1154717049598204,True
965,-0.1170238954206615,True,-0.03668173860148183,True,0.028682481090509526,False,-0.02608806780100248,True,-0.1170238954206615,True
966,-0.12474146936581343,True,-0.08795175022582946,True,0.023235968837141963,False,-0.028113989248768956,True,-0.12474146936581343,True
967,-0.12240968140052166,True,-0.074686899127272,True,0.03652131629619182,False,-0.04087967777696666,True,-0.12240968140052166,True
968,-0.12093155422574453,True,-0.07881241329539479,True,0.016045285554784017,False,-0.06598783041333156,True,-0.12093155422574453,True
969,-0.11225721466754279,True,-0.007609799741574941,True,0.039613931953636716,False,-0.04424303886479686,True,-0.11225721466754279,True
970,-0.12349619703224768,True,-0.0954937671361743,True,0.04457978629884585,False,-0.03808312534051028,True,-0.12349619703224768,True
971,-0.1455356546658545,True,-0.08855611093708737,True,-0.037007843054548184,True,-0.07074708093712279,True,-0.1455356546658545,True
972,-0.18244576640677834,True,-0.08125075141083893,True,-0.039221464535418304,True,-0.09854064756491066,True,-0.18244576640677834,True
973,-0.13191669298236453,True,-0.022313919321908515,True,-0.017739997183177203,True,-0.09621205195631355,True,-0.13191669298236453,True
974,-0.18187752516070976,True,-0.01308638736112333,True,0.04697856869142791,False,-0.0963754727564301,True,-0.18187752516070976,True
975,-0.12955980400078704,True,-0.09784013196621699,True,0.0044637146867441135,False,-0.07413335094953466,True,-0.12955980400078704,True
976,-0.18643483255420334,True,-0.06915869767504412,True,0.0044130876086696524,False,-0.09948010321242684,True,-0.18643483255420334,True
977,-0.1898699321285049,True,-0.09709055649914922,True,-0.004768147027635061,True,-0.10471644563845917,True,-0.1898699321285049,True
978,-0.15380721338941117,True,-0.027707915776774006,True,0.013986348318546282,False,-0.0800520351904126,True,-0.15380721338941117,True
979,-0.11988363353180298,True,-0.058751849044153426,True,0.07460631125574102,False,-0.08086457907555067,True,-0.11988363353180298,True
980,-0.16962205453652113,True,-0.07882892573470146,True,0.03972337931827907,False,-0.07786768796478372,True,-0.16962205453652113,True
981,-0.1428299980018063,True,-0.0783235768369771,True,0.030449269976936977,False,-0.06061838412401632,True,-0.1428299980018063,True
982,-0.17242350317799038,True,-0.046663947885881796,True,-0.02551824974603567,True,-0.09893755946138438,True,-0.17242350317799038,True
983,-0.08058978678865025,True,-0.08662299044114696,True,-0.06511265149863965,True,-0.03693773447379567,True,-0.08662299044114696,True
984,-0.06568048101709745,True,-0.08550874862998237,True,-0.0626556247378176,True,-0.028888360256088874,True,-0.08550874862998237,True
