reading,bearing1_score,bearing1_anomaly,bearing1_kurtosis,bearing1_rms,bearing2_score,bearing2_anomaly,bearing2_kurtosis,bearing2_rms,bearing3_score,bearing3_anomaly,bearing3_kurtosis,bearing3_rms,bearing4_score,bearing4_anomaly,bearing4_kurtosis,bearing4_rms,machine_score,machine_anomaly,anomalous_bearing_count
1,-0.05064095352128872,True,2.067523174191832,0.12105348617423652,0.057452558332239945,False,0.2508535792125859,0.1260486978346102,0.11790588346016662,False,0.5912506604372332,0.13035408567014134,0.20813564575530252,False,1.2991200513519516,0.1121439571289515,-0.05064095352128872,True,1
2,0.06246157998720214,False,1.581283805946069,0.12032185469548369,0.127802559507723,False,0.26051464949006586,0.1268358316898871,0.09194357398808128,False,0.5639971798927985,0.13080555369467495,0.16928732115957595,False,1.553945847776303,0.10905370018931905,0.06246157998720214,False,0
3,0.06276353657162359,False,1.4776183805519034,0.12181540523386897,0.056599002676365306,False,0.1909984178591133,0.12773897252496755,0.09855504769559542,False,0.5700666376430901,0.13231961902379405,0.21753978320330447,False,1.177201554833647,0.11200757259300054,0.056599002676365306,False,0
4,0.09996878075670212,False,1.3898315108188255,0.12210101514453016,0.13140277244527265,False,0.2544272723455969,0.12718227964087087,0.12998497896866518,False,0.46458713048116107,0.132525948430887,0.20078012749702628,False,1.0154257256155266,0.1127250357855289,0.09996878075670212,False,0
5,0.12994444595344706,False,1.145661929362805,0.12265331606231977,0.04465028640026214,False,0.3008408101172104,0.1263223515043426,0.13512400417507808,False,0.4007474564524347,0.13229401746691707,0.21615132969377143,False,1.0666144934399249,0.11222393395846006,0.04465028640026214,False,0
6,0.032398488874402775,False,1.5326442519112606,0.12263552592051152,0.12752474935551938,False,0.18528679370430146,0.12607374402501623,0.19049738814998285,False,0.456477293382338,0.13289901009205562,0.02343999035998634,False,0.9076325136710681,0.11688755181306404,0.02343999035998634,False,0
7,0.1304147626485042,False,0.9626504703764578,0.12191309837943709,0.14738807680586136,False,0.16543816268033584,0.1269033833132579,0.11624000547482827,False,0.3414907085742669,0.13201768507286274,-0.04884215705523354,True,0.9262345243195793,0.08941606747825315,-0.04884215705523354,True,1
8,0.12313380552092168,False,1.097076339861566,0.12189731021647973,0.10850856645015716,False,0.23623376271009633,0.12607431475297062,0.030786536214417737,False,0.7437907506089552,0.1321711838658754,0.10076099893578316,False,1.176178814425309,0.11453865067527993,0.030786536214417737,False,0
9,0.10677430755222339,False,1.302950591131197,0.12228670745605272,0.06698733461607465,False,0.17976762414786274,0.12687269888072927,0.09528697026997568,False,0.4719211668875658,0.13152900282162502,0.043271378537644734,False,1.1612242572646918,0.09787774943345355,0.043271378537644734,False,0
10,0.13523593020178287,False,1.2127766484553955,0.12177584797984123,0.059211628736330235,False,0.08816136297915111,0.1257273931361464,0.13346200618861342,False,0.6017341710503983,0.13211365001482814,0.16795082271191447,False,1.0889188116668536,0.10654128284785547,0.059211628736330235,False,0
11,-0.015823979976151703,True,0.9060633470478194,0.12221863117145437,0.08302751455103935,False,0.09852021606535044,0.12592558542339125,0.08527373391414395,False,0.36375123765767037,0.13153433717055196,0.08886128862251808,False,1.0391989833015938,0.1213731979774376,-0.015823979976151703,True,1
12,0.08816342784196596,False,0.9374198034449555,0.12182688852921207,0.13091179700549016,False,0.13951616843564119,0.12649732588027768,0.14662631916241609,False,0.4875432351223812,0.13264126292146067,0.1464919084297096,False,1.1643950156771965,0.10567306733732384,0.08816342784196596,False,0
13,0.06650919462167981,False,1.0950817934898835,0.12123980484566237,0.07808476135957115,False,0.2681286063620181,0.12575611714825727,0.11569989689222593,False,0.6057441225651774,0.13103018187698406,0.16519016048720825,False,1.101564708135123,0.11142022892416542,0.06650919462167981,False,0
14,0.10154305830982607,False,1.2194850571298317,0.12143492557542536,0.10837885105291473,False,0.10885959416689817,0.1260156863182711,0.14395179559549098,False,0.5996383951159914,0.132922373320052,0.18743615391479168,False,0.925418015759381,0.11154811504978579,0.10154305830982607,False,0
15,0.05352115768442245,False,0.9681064646108544,0.12160528907472976,0.024760656763923916,False,0.11408938206474906,0.12539126041383886,0.1764307656959378,False,0.44720740306221063,0.13193938851855197,0.18338140887188592,False,1.1917144993280944,0.11124126580247597,0.024760656763923916,False,0
16,0.11986872717359648,False,0.9170460448209794,0.12585542721219023,0.0468557819509694,False,0.3305524970381246,0.12607120458062585,0.10725909781073073,False,0.561191229466784,0.13112465187470568,0.20656944032086272,False,1.2537463493520404,0.11184815315499402,0.0468557819509694,False,0
17,0.12826447559640186,False,1.0644155679853402,0.12257352868655967,0.09309987029514277,False,0.17151469190940172,0.12671518856078423,0.12551012074757212,False,0.49200369654389076,0.13214791067917858,0.1737601778601569,False,1.0658877522251073,0.11181958107079226,0.09309987029514277,False,0
18,0.07009715042638986,False,1.498457168158958,0.1238414479330187,-0.031936023251563306,True,0.4326302069085779,0.12707435774562503,0.11604938453099367,False,0.43587036891263464,0.1323338610346893,0.21779165696197944,False,1.3372311124615295,0.11317698029887195,-0.031936023251563306,True,1
19,0.12850056666607784,False,1.120605505077285,0.12248519488312412,0.06467646045615894,False,0.0717211070417747,0.12729167291094381,0.1314397300642044,False,0.40391061515518456,0.13242061418853684,0.2305504913272584,False,1.0715372545886706,0.11211498237483378,0.06467646045615894,False,0
20,0.09180863644967063,False,1.1155189602140165,0.1229799680514845,0.09338642765652438,False,0.10740441694328906,0.12645795432890533,0.1586214201344464,False,0.3791573903811527,0.13242541305190292,-0.053626384178953046,True,0.8999061032908366,0.08773492447585134,-0.053626384178953046,True,1
21,0.09304146018851289,False,1.6130532596490252,0.12247959555111673,0.1268235011889789,False,0.26423967734621967,0.1273338974679936,0.1465253778477763,False,0.49587037136692325,0.13178145761518184,0.165015263190035,False,1.0864117601685424,0.11229873817307237,0.09304146018851289,False,0
22,0.14360317604442568,False,1.1232082254604867,0.12404726463073759,0.11679775248028251,False,0.19072513056098517,0.1268811269325112,0.14671605032339785,False,0.4571371765961081,0.13184495954928638,0.20354548189305055,False,1.2527795053286401,0.11247971574812818,0.11679775248028251,False,0
23,0.07531619738388662,False,1.0335041869545303,0.12289978716565196,0.10463807068044106,False,0.2504035589304412,0.12689789927045791,0.13358623524047025,False,0.5159484841280777,0.13223153839327945,0.2035222394159676,False,1.2120847999364537,0.11090992275004215,0.07531619738388662,False,0
24,0.012286607116682835,False,1.0152262046914302,0.12423974215464309,0.11442849205157746,False,0.2702045298386322,0.12699402523446393,0.19940237228508612,False,0.49311985156295,0.1325683098623836,0.11906503731256335,False,1.314249606269621,0.13094570815004505,0.012286607116682835,False,0
25,0.07020408797848332,False,1.0000009289058969,0.12216683616173891,-0.0005689171225715661,True,0.08853684386320637,0.12678198213329445,0.16782009074272874,False,0.4466574479238421,0.1326556747081873,-0.05475516708076544,True,1.3510134057109457,0.17546764164228582,-0.05475516708076544,True,2
26,0.12786167327743037,False,1.3231349886999229,0.12204598937868773,0.057123893038139806,False,0.2767096218689522,0.12692843759463138,0.18389052099872577,False,0.46056332022686663,0.13233666311824083,0.2012387704317502,False,1.4447012219552668,0.11082625901748411,0.057123893038139806,False,0
27,0.10746427068848957,False,1.1743865636897268,0.12293034540146244,0.09123190390551428,False,0.07659599385284355,0.12625105689362243,0.1466800770253474,False,0.5583695096686896,0.13280613797968432,0.1809983625434347,False,1.155541464165808,0.11220289077707865,0.09123190390551428,False,0
28,0.09107081689463326,False,1.4004199207993056,0.12233619805362311,0.10861139396277442,False,0.1831242972811804,0.12782076465042047,0.1844387614005214,False,0.5073622167683993,0.13311265104047612,0.22039349760289206,False,1.2572220950453705,0.11309894875218643,0.09107081689463326,False,0
29,0.11616050256933991,False,1.1500671583302284,0.12370047118626132,0.14696916118759834,False,0.20475061058867894,0.1265795338187998,0.16815448977131459,False,0.5028430305291252,0.13287269537910906,0.18468789435665012,False,1.1645300065780497,0.11135138485931169,0.11616050256933991,False,0
30,0.04891363439209073,False,1.3982139995320142,0.12379021068282216,0.0867375974516314,False,0.05331979501706208,0.12624844111225136,0.16527159802269625,False,0.42634954369262057,0.13256740462352445,0.21305116908731225,False,1.0978887674458173,0.11381953070255842,0.04891363439209073,False,0
31,0.11474488907723412,False,1.4858251850208848,0.12215859374252958,0.08995406511617593,False,0.3184656646126607,0.12714487515790854,0.1990754887263167,False,0.46242213918837627,0.13235592478676778,0.018348430155431084,False,2.0379535991227704,0.11366996827795402,0.018348430155431084,False,0
32,0.08255073189993356,False,1.0591237971486092,0.12261148526729174,0.0994993880516657,False,0.12126551502217642,0.12663313488233185,0.1954003233115208,False,0.4828365573477582,0.13225938677240942,0.13991933141572765,False,1.7412375795995558,0.11327979849304338,0.08255073189993356,False,0
33,0.13329892348429573,False,1.3775053229049763,0.12339719006206074,0.1347861176230165,False,0.1600013435346539,0.127212977917958,0.1201763612282497,False,0.6383704864794371,0.13266490774239714,0.15407881271462687,False,1.6727804634725874,0.11271500083745395,0.1201763612282497,False,0
34,0.12865310631817573,False,1.2048939551251272,0.12276121804966511,0.08905207351879102,False,0.21529471841088355,0.1261394664865647,0.17272046302247346,False,0.45357982360686044,0.13233148612842338,0.2024959916771038,False,1.3969799190107448,0.11598180349630013,0.08905207351879102,False,0
35,0.15860150297862213,False,1.2571646701102288,0.12265385897801373,0.06845184882620603,False,0.04696663020371794,0.12644584195501685,0.1300608222799145,False,0.5223407642559008,0.13187742127073712,0.18460743544058628,False,1.379907419412275,0.1159408371111188,0.06845184882620603,False,0
36,0.10969269906821527,False,1.2764503613562646,0.12217721195071934,0.10697367924072937,False,0.2805171286989814,0.12698225914944516,0.16729058136251052,False,0.45173393046383814,0.13143987066013457,0.20559687549993388,False,1.4654281796258601,0.11053265490155406,0.10697367924072937,False,0
37,0.10387572546691737,False,1.0875849073754935,0.12226378450721315,0.116406799462408,False,0.21504675254386663,0.1271269759760951,0.1347765747511624,False,0.5004095074783013,0.1318444485483224,0.03647159153414414,False,1.5676261091042187,0.10151962603868936,0.03647159153414414,False,0
38,0.03453511141727261,False,1.6248453716853373,0.12192545499700522,0.09741135786676969,False,0.14971259629645983,0.12623421097268434,0.16673201020623823,False,0.44844996211295185,0.1317586765087757,0.20364797892115405,False,1.364528739463005,0.11181546992754685,0.03453511141727261,False,0
39,0.08749882617999782,False,1.4618833052230387,0.12248477400794727,0.1173276796892328,False,0.1567566907177791,0.1261992406549151,0.06536822644068252,False,0.5291076064017151,0.13155012555352136,0.19776033609605242,False,1.3629609545061578,0.11207059784653281,0.06536822644068252,False,0
40,0.12555901346734039,False,1.20606444689087,0.12230068104791028,0.15017008169657342,False,0.22075102521021073,0.1269139525674324,0.1720664077024791,False,0.42045846616889415,0.13186042285550914,0.08582135186513262,False,1.6678033669519352,0.11024797426515376,0.08582135186513262,False,0
41,0.09476181831212455,False,0.957611731735688,0.12217346087833642,0.04717211381693087,False,0.09213951952935595,0.1264435230543149,0.12718929150412767,False,0.3857035239528719,0.1317206617871432,0.2021397629072026,False,1.4457348576770723,0.11281249490334516,0.04717211381693087,False,0
42,0.10399229274832666,False,1.213718809492724,0.12204780409435229,0.001327473286000247,False,0.13705689015662803,0.12676881963408831,0.14783415239587605,False,0.6040573400941209,0.13352827251109162,-0.01177041433019932,True,1.383363192850326,0.09319871889324022,-0.01177041433019932,True,1
43,0.06356156663119406,False,1.0731984051302317,0.12177724949565047,0.03931212886687063,False,0.23747462483089676,0.12596852581209733,0.05174883405183894,False,0.4370201782309029,0.1311639053706884,0.12487089457099343,False,1.0143886966681428,0.11034107254829925,0.03931212886687063,False,0
44,0.06581994164717286,False,1.3450756204793426,0.12204520008215772,0.09856355205832434,False,0.1989902053303101,0.12649705521785956,0.19209528197582515,False,0.5005896948409885,0.1330227336331702,0.2062200376880574,False,1.577655761919834,0.11204535261998913,0.06581994164717286,False,0
45,0.1012360944953965,False,1.4182726804488688,0.12276110862190003,0.15259063349413937,False,0.134102432762778,0.1266929114085621,0.022789783717595657,False,0.6035411999645621,0.133989363643652,0.19476468533244495,False,1.2291344556404036,0.11215154521872289,0.022789783717595657,False,0
46,0.13866996222172773,False,1.1618946396217331,0.12264024011006183,0.11705144866512096,False,0.24247470301097462,0.12637444382865246,0.18019276905934212,False,0.5074798693114937,0.1321415810272185,0.1705932055094158,False,1.1946407661018383,0.11514687842432411,0.11705144866512096,False,0
47,0.0038920294103299558,False,0.7945465463002142,0.1224558639243628,0.12516116584041226,False,0.19250473267012502,0.12641106461433826,0.15583440612734462,False,0.500700119258481,0.13279659512078323,0.1472741905660433,False,1.1253856828784536,0.11174351282442914,0.0038920294103299558,False,0
48,0.0576176378060429,False,1.4443813956259342,0.12238065009729006,0.0809728210123094,False,0.1260744770042015,0.1272194273505134,0.16727358666547165,False,0.5435428494909293,0.13322292525998408,0.1900861527396266,False,1.280591376734874,0.11066133729116684,0.0576176378060429,False,0
49,0.10585348490282542,False,1.3776783137234574,0.12242163798471574,0.10495948667535615,False,0.22933223209729192,0.12710310246732306,0.1627754630867802,False,0.4335613440511217,0.13132425796551905,0.18875071339028948,False,0.8806265812584535,0.1149124301058815,0.10495948667535615,False,0
50,-0.004111133790864141,True,1.7942392262124933,0.12201260944285489,0.1441022279086177,False,0.20916267221817453,0.1265768443177895,0.15900235765681198,False,0.5454929607419334,0.13113466116095826,0.24170551166851806,False,1.1308865407230235,0.11373510934084163,-0.004111133790864141,True,1
51,0.10611906262018622,False,1.246315503834576,0.12421738651505473,0.16362416772452154,False,0.2522911364591043,0.1265097449550181,0.19693883242667587,False,0.5543436571698446,0.13223472398257316,0.23819171789128474,False,0.9809395926335951,0.11410849511199209,0.10611906262018622,False,0
52,0.15555214768205272,False,1.1385833291637182,0.12500272425997005,0.055135481635659844,False,0.22350165543610578,0.12716164564211815,0.17913225998670268,False,0.515575748415144,0.13248885055160153,0.20682029345607317,False,1.1379586173382972,0.11370244196390789,0.055135481635659844,False,0
53,0.143035165787958,False,1.3641816142392797,0.12286201228365828,0.09159982663987054,False,0.2829245827223783,0.12696712054932638,0.19877320666382353,False,0.4802461975198382,0.1323296623162895,0.2214554316740701,False,0.9268054246229827,0.11385899784259294,0.09159982663987054,False,0
54,0.09516757385128327,False,1.2350263906478691,0.1211179546923222,0.08174198567446189,False,0.23277310382306848,0.12515682743835088,0.07448032979285646,False,0.531188255890314,0.13103728626877642,0.2081930286828924,False,0.9699088786098418,0.11199248272660653,0.07448032979285646,False,0
55,0.14373812894504323,False,0.952816074907342,0.12403958314739993,0.11093015964248987,False,0.17731794730494954,0.12686884073835777,0.17339523961072806,False,0.4845629113270091,0.13165574499364646,0.09692297744424039,False,1.4481934448631932,0.11409214279236879,0.09692297744424039,False,0
56,0.10607441265299511,False,0.9240999639593666,0.1261523672641294,0.10383057864437129,False,0.1805506433132016,0.12703593675938274,0.15794371111178995,False,0.6172949216935808,0.13217262844328634,0.1682175175012932,False,0.9509487479875702,0.11294475360622788,0.10383057864437129,False,0
57,0.09074177798757277,False,1.0650187529182038,0.12274909334472517,0.11022280044040617,False,0.13218856250505095,0.12638174320918022,0.16893998524148818,False,0.49802189332938074,0.13233293218818498,0.22419717813892742,False,1.0527248969936294,0.1140955142976949,0.09074177798757277,False,0
58,0.09615488286788682,False,1.0619261873183665,0.12231415595508047,0.05957238023560496,False,0.18170427154170388,0.1263304184805733,0.0771343015970587,False,0.353496397146027,0.13192116087914274,0.1990506521942199,False,0.8125525426964837,0.11417732676494068,0.05957238023560496,False,0
59,0.06374035645847242,False,1.7332609147903044,0.12188044098568612,0.0063102553363113545,False,0.38990003497422765,0.12581927154953892,0.020067879282769763,False,0.7667410095845488,0.13185877458613937,0.22207219769908854,False,1.0113096224183231,0.11395951352972034,0.0063102553363113545,False,0
60,-0.0042358267660684845,True,0.9367903336799352,0.12080495915796755,0.07983351539467015,False,0.1600067745423519,0.12593369160423523,0.026055296437365705,False,0.4327281503190983,0.13128101153954863,0.2121798208225808,False,0.9893669299083934,0.1140544961817294,-0.0042358267660684845,True,1
61,0.1610520281903548,False,1.019907603765878,0.12509782934447417,0.13524363336791612,False,0.20914008819083119,0.1260631346010163,0.11693878965051074,False,0.5752282441124426,0.13115408612198534,0.20291358074318405,False,0.8672061735035015,0.11334812964429614,0.11693878965051074,False,0
62,0.08271186891197113,False,1.3888589095767978,0.1222886044778389,0.09579004282404563,False,0.19931260674393103,0.12587907288811606,0.15000887598695056,False,0.6273171601859162,0.13284142514868907,0.19047187950483802,False,0.8126090411172395,0.11420175596655746,0.08271186891197113,False,0
63,0.14540674535218118,False,1.387516806493815,0.12275291397268387,0.10612584493094057,False,0.18475580251024026,0.1260503427634107,0.160598955866454,False,0.5440338810724015,0.13227956876634345,0.23380454217510732,False,0.9261906335959542,0.11354648421562452,0.10612584493094057,False,0
64,0.13807719916911015,False,1.1566903309085377,0.12259736081308259,0.1279612837739213,False,0.1367791897138977,0.12741172286944064,0.15272220721917268,False,0.5835026565786796,0.13193041472684963,0.2364210165070622,False,0.9933924064507533,0.11425173125516538,0.1279612837739213,False,0
65,0.1538090684139775,False,1.4116491774238598,0.12600418497694704,0.1353658421071683,False,0.16144547840088896,0.1271329993929512,0.1971912284631568,False,0.4522258625221598,0.13233717400829578,0.19771449811397196,False,0.8582740078816826,0.11397512803633422,0.1353658421071683,False,0
66,0.13498891961449322,False,1.1877613568310617,0.12797928640184264,0.11982374606336421,False,0.2758262139629639,0.12675013272150865,0.10982643670999248,False,0.4266104468152141,0.13183010062430733,0.24297341024329083,False,0.9684743871037669,0.1145522272648791,0.10982643670999248,False,0
67,0.1286793712126183,False,1.003078281622133,0.1253530839198645,0.09749476415907843,False,0.25380860089983903,0.12643784486117668,0.16288852333185472,False,0.40176697795835903,0.13295233736668718,0.21561352980908316,False,0.7472236312572731,0.11470376997166185,0.09749476415907843,False,0
68,0.1622056083660558,False,1.2770785760881092,0.12597118368529642,0.15384500461279227,False,0.20117476961719327,0.12738715112453083,0.11915908259270014,False,0.6256922148185384,0.13396795655565324,0.21560838271708171,False,0.9586706536119871,0.11520164634892682,0.11915908259270014,False,0
69,0.1120263512702393,False,1.6631229868155049,0.12576955459052874,0.1393892574066954,False,0.26181285491368733,0.12661398690264827,0.10795829311672012,False,0.4429066829570856,0.13190935182742997,0.2209966802137952,False,1.0505502763707992,0.11514749375621432,0.10795829311672012,False,0
70,0.12443422209538785,False,1.69276163401508,0.12508285237866593,0.05168429948942821,False,0.34288153647317166,0.1271161718745458,0.1443346602032104,False,0.4545841220195237,0.13189776215529508,0.19529010420417764,False,0.8398128521970534,0.11425713723848754,0.05168429948942821,False,0
71,0.153804494468603,False,1.0722147163442555,0.12657622721787332,0.09524585102144789,False,0.24100951964478723,0.12608606981569104,0.09598923337474308,False,0.7404485170947359,0.13410308062319548,0.22404490297604374,False,0.9071223602392786,0.11463754253681521,0.09524585102144789,False,0
72,0.15218075926917812,False,1.3081331186606189,0.1252795534589226,0.118284798103518,False,0.1512583857330616,0.12649742827670368,0.13858878795253105,False,0.6280999903320037,0.13303966386002553,0.2026621263388631,False,0.9257460549766816,0.11431201296272665,0.118284798103518,False,0
73,0.15316788850280016,False,1.19491386184876,0.1255288526741908,0.07375518803920267,False,0.07590863062129971,0.12657507317395733,0.1454605871839536,False,0.5028006096645043,0.13347832370035698,0.11763732075864952,False,0.9379305065426449,0.1150059287565955,0.07375518803920267,False,0
74,0.12933398231278825,False,1.2818541970389887,0.12588272166357606,0.14332993973657393,False,0.1582184734040588,0.12668935380092589,0.18271432694984935,False,0.551806560994726,0.13366569630042152,0.22101224986061607,False,0.90497421842865,0.11464288216384262,0.12933398231278825,False,0
75,0.14093154361784072,False,1.48242591332671,0.12502293198905182,0.12570814087490995,False,0.23680287357875662,0.1270995449879348,0.1158168607109864,False,0.4575949117458262,0.13224811681482618,0.17686457727066907,False,1.377298737163037,0.11502767077043596,0.1158168607109864,False,0
76,0.134634919866641,False,1.4767889098496298,0.1273154016589128,0.15853790106018628,False,0.23852015395244952,0.12679174092727954,0.1675817006950877,False,0.4933083626716217,0.1327537992768955,0.235706836447153,False,1.0949277626869578,0.11486391542768498,0.134634919866641,False,0
77,0.0004921126469916715,False,1.7667262162127226,0.12507606608315872,0.06523710294765539,False,0.1933423724290415,0.12617436304535534,0.18802372764359065,False,0.5119698254138672,0.13285990986717852,0.24327545405827966,False,0.9953841364569012,0.11485147120964916,0.0004921126469916715,False,0
78,0.16084626336150132,False,1.3321790541384981,0.12541284789010387,0.1367514635211804,False,0.27433419297342665,0.12697487626677947,0.18754509969265487,False,0.469547280606168,0.1335536932795468,0.20180433642681678,False,1.3589224671704752,0.11608142981854416,0.1367514635211804,False,0
79,0.15892326461863476,False,1.4265039273890046,0.12507081194381672,0.10522472716881354,False,0.24406584154378486,0.12645666924127041,0.18390943212871314,False,0.40114989865095074,0.1323850779104246,0.20087794954567811,False,1.1049856086605583,0.1150877683483191,0.10522472716881354,False,0
80,0.1570350670340258,False,1.3850723862443481,0.12607690121517207,0.11831761362945975,False,0.28753930250143167,0.12764593006932676,0.15909703811426396,False,0.42588635201002134,0.13337600402774108,0.2167892328032519,False,1.087731917421438,0.11586187716645042,0.11831761362945975,False,0
81,0.1486204577267496,False,1.1747017406018543,0.12668310088532114,0.09187606646461371,False,0.14776736872465435,0.1268623466817594,0.15946990449670284,False,0.5275306533131678,0.13386968419339676,0.20095754855079656,False,1.055873365288705,0.11574837153833623,0.09187606646461371,False,0
82,0.16257991478650574,False,1.0635611726536842,0.12523892906279857,0.08440988981132835,False,0.20984402830290572,0.12596231248340453,0.06974635202680857,False,0.37067407447105905,0.13206655996120312,0.21224123541995038,False,0.9483743068376034,0.11419574350169728,0.06974635202680857,False,0
83,0.008497574479893633,False,1.6211747411603463,0.1264695909394828,0.13731910249023765,False,0.1822778948982997,0.12692538980923165,0.15696636983395318,False,0.5454786363027209,0.13310687320914993,0.13879000443111833,False,1.1566267118946365,0.11556551194823865,0.008497574479893633,False,0
84,0.1573033725913054,False,1.2225509015688991,0.12616444143448602,0.12146991715388494,False,0.24216840927567485,0.12741662219960526,0.18236304204242093,False,0.42620801755022764,0.1324628980271867,0.22963595634051853,False,1.044204254675034,0.11577340388936835,0.12146991715388494,False,0
85,0.1288137983689699,False,1.12754925979402,0.12518670167802914,0.11623561890209427,False,0.13723888291803288,0.12741059900640964,0.1698675970023079,False,0.43490679248085207,0.13263474401977066,0.2201593089463647,False,0.9639456661657844,0.11501127381241019,0.11623561890209427,False,0
86,0.08138613448581267,False,1.6004072735000254,0.12574160322566014,0.0032833537388986533,False,0.2754670044954117,0.12660018928145414,0.1350840730245917,False,0.699178424901739,0.13262672279108884,0.22288378573511697,False,1.1060244727194597,0.11520156245584873,0.0032833537388986533,False,0
87,0.17050333635881276,False,1.2005756663290088,0.12612199618675018,0.11762069194278219,False,0.13616667622813616,0.12694231504738906,0.16710254216913561,False,0.6157003399516003,0.13381074113349672,0.18246826963928148,False,0.7882775274874609,0.11478633225675647,0.11762069194278219,False,0
88,0.01774154527306604,False,1.8294527606091702,0.12629824976711013,0.06594651907011162,False,0.42870995540635337,0.1275163606764558,0.11790515428096449,False,0.7039422655326648,0.13297259044274531,0.23022194985543676,False,1.0862860936939573,0.11510158722438704,0.01774154527306604,False,0
89,0.1407562278280755,False,1.4406387413774966,0.1256986603607667,0.14479249290198892,False,0.2496412214480117,0.12692061629439838,0.144754149283094,False,0.48140583011212756,0.13086227163459407,0.20745224870018175,False,1.2754692889023294,0.11411765678748634,0.1407562278280755,False,0
90,0.11116636057091761,False,1.5224941054390846,0.12593494782450626,0.1188731699603322,False,0.264176044011029,0.1269239994196712,0.18998661693275964,False,0.5067218827312188,0.1326421067120972,0.21706641228483342,False,0.8142004889759937,0.1156929536446201,0.11116636057091761,False,0
91,0.095969196220282,False,1.1838685330889533,0.12795212327531946,0.12100102990083417,False,0.1944459439516517,0.1263892414758897,0.044557392423590914,False,0.5810420719642346,0.13178358888531727,0.1775694992481161,False,1.044671097247632,0.11770849531722,0.044557392423590914,False,0
92,0.1391722673801299,False,1.6414043280810087,0.12592796709567283,0.1173194286537006,False,0.28149756193164865,0.1274034928593027,0.1956703687804891,False,0.5147123478175668,0.13278084159250841,0.22455246983500787,False,1.068704790371159,0.11446554195713382,0.1173194286537006,False,0
93,0.09956072888857226,False,1.314430726708947,0.12589828692914326,0.12250991482921803,False,0.12083408925082706,0.12704823338343552,0.18042464634687755,False,0.5303011265171962,0.13330555917878972,0.23768234840281915,False,0.9439154874733469,0.11481104808396198,0.09956072888857226,False,0
94,0.12726236362051496,False,1.3704585550695172,0.12671533551353298,0.12744109307428575,False,0.21584816399906925,0.1272048065866524,0.18820159466710734,False,0.5658840742805331,0.13375764896835618,0.1963175662212177,False,0.9355927688573182,0.11512362014504218,0.12726236362051496,False,0
95,0.10196120953970972,False,1.5274553374071398,0.1264144365928645,0.09096339923431557,False,0.1876598536327163,0.12827241537348286,0.16913804286464157,False,0.46365809835224314,0.13393711228837235,0.22252282472156248,False,0.9655998093830203,0.11578001497559545,0.09096339923431557,False,0
96,0.10211610652391984,False,1.7201170146980909,0.12737458239946967,0.051277229907163324,False,0.412426259545015,0.12691101081993805,0.1791328696931032,False,0.5053674092654259,0.13329053882546837,0.17249384874059326,False,0.9572802693136977,0.12434035205333824,0.051277229907163324,False,0
97,0.14651535093524637,False,1.1965949691368576,0.12499303280552396,0.09851319425182947,False,0.21174632587920517,0.1268745375963175,0.17390294343756896,False,0.47543878913588644,0.13313933341862588,0.20692352032942213,False,0.9631102287458315,0.11522660132859067,0.09851319425182947,False,0
98,0.09634042706672097,False,1.3135322151173812,0.12570712018056007,0.1377665795254947,False,0.22451263583173442,0.1264934535586922,0.11302615828986462,False,0.611806008467658,0.1335557854687979,0.212572068001599,False,1.2404047169366237,0.11557715406615533,0.09634042706672097,False,0
99,0.15572159668066615,False,1.2366267320589746,0.12648156313373798,0.10139808544674916,False,0.22987683892283517,0.12754062701628635,0.16954100903369163,False,0.5060092958846081,0.13395049243858648,0.15910426845306136,False,1.3042222289790018,0.11581176845283712,0.10139808544674916,False,0
100,0.10698597507551372,False,1.1107318044198435,0.12902851694190628,0.11656494810175116,False,0.2881252588826999,0.1272559640585398,0.18021960853964886,False,0.5057264239396551,0.13295677865032696,0.24113100913606944,False,1.0490156174401968,0.11573784649250579,0.10698597507551372,False,0
101,0.031831024682598574,False,1.3470177315521394,0.1268703565305661,0.14573836083475183,False,0.2413468873140887,0.1269170928236629,0.07229704329688269,False,0.585595220275664,0.13326277705381198,0.20645573471651085,False,0.8914908928939296,0.1153693459208565,0.031831024682598574,False,0
102,0.13648324708994974,False,1.0485764739852748,0.12494375808664636,0.11126269691511848,False,0.11154959270662967,0.12647605835594994,0.15105454093287263,False,0.4243618396932294,0.13226960901575224,0.10964486415671826,False,0.8054667772430324,0.11559529569915378,0.10964486415671826,False,0
103,0.15366600496746807,False,1.2356902457789682,0.12581946152321302,0.1315457583555229,False,0.2558041368377404,0.12703040839065624,0.12411698898195733,False,0.6110229850820936,0.13409601159045845,0.19025442662492087,False,0.8917808899911874,0.11519910732705757,0.12411698898195733,False,0
104,0.138264707660265,False,1.0044536929017036,0.12542637356246075,0.10285221036593101,False,0.21123211472895265,0.1268069795386943,0.1863058512710863,False,0.6016472789776324,0.132274503081221,0.23007165737317037,False,1.133497414600522,0.11451488389410983,0.10285221036593101,False,0
105,0.14265481245088696,False,1.3831395178126527,0.1259940132373081,0.0706168446495895,False,0.3188311745030712,0.12775800702367685,0.15404341697533475,False,0.5780833951262809,0.13377125944679957,0.23616287854909152,False,1.0908469850490015,0.11489716949706305,0.0706168446495895,False,0
106,0.13714167493475143,False,1.1258263865685674,0.12648997610112508,0.005295871388825479,False,0.1496846884123073,0.12691745667979115,0.18686025941020962,False,0.5376441843796917,0.13251182203838083,0.23098535570024076,False,1.1543845520854465,0.11390909854180242,0.005295871388825479,False,0
107,0.11899107484822041,False,1.0427046956008714,0.1256187032047493,0.13828991299889326,False,0.14584928020906163,0.1269973796819805,0.18022003787707436,False,0.517714186747172,0.13306502339628828,0.20268430503448587,False,0.9653646241162841,0.11430600653929934,0.11899107484822041,False,0
108,0.15640300151017794,False,1.2257731885190277,0.12621661523074268,0.07129357262517277,False,0.20903044861995856,0.12735519624614433,0.1345515933276608,False,0.5092932066393687,0.13400723062209996,0.20395473742113773,False,0.9530833402374743,0.1212617206211909,0.07129357262517277,False,0
109,0.14723357003117787,False,1.2279647474230142,0.12628130970261042,0.022030013831918382,False,0.3722679802114539,0.12723094683375105,0.18561065399845067,False,0.5027585096088054,0.13327548152208613,0.1021260827140209,False,0.8493279559284095,0.10594605048912345,0.022030013831918382,False,0
110,0.08725387282599661,False,1.3297029141135446,0.1269054953644564,0.0533039213440103,False,0.2654504131903306,0.12783420287176536,0.09422368702202233,False,0.5974025783610903,0.1345537033264698,0.17404716072776827,False,1.1940057498252474,0.11470536462463736,0.0533039213440103,False,0
111,0.13879304253078018,False,1.3658812996261513,0.1256368256259559,0.12681692748975493,False,0.1419509867383446,0.1263829199230999,0.17898727973392486,False,0.5204388069244659,0.13316736035034266,0.2235579782264821,False,1.07476562058308,0.1141855682298904,0.12681692748975493,False,0
112,0.12358559575494449,False,0.9915880183162606,0.12529298318450816,0.14476601292904628,False,0.18387869229222997,0.12740353829979117,0.17773457068593773,False,0.43071591621433125,0.13175950154113397,0.21174637358339787,False,1.0099791960136129,0.11359300696060437,0.12358559575494449,False,0
113,0.06039497465509447,False,1.4955242766762966,0.1264365636013384,0.13289311918538116,False,0.23515258564164276,0.12746084709429814,0.11014224961423402,False,0.4528367894101082,0.13334612460310785,0.19621112887756376,False,1.0641636736187503,0.11410491723251641,0.06039497465509447,False,0
114,0.164782950736657,False,1.1004145868546784,0.12591023713059202,0.14456960685991072,False,0.1986351145994789,0.12701233998230932,0.14904432090296288,False,0.4026291051951092,0.13336066022813142,0.23727326060581955,False,1.1094520045434724,0.11395584527629982,0.14456960685991072,False,0
115,0.13712460561141082,False,1.3353519700051097,0.12578968496441148,0.14321995866931292,False,0.1777793933206835,0.126581560620795,0.12849638701123195,False,0.6618870043651723,0.13289241958155756,0.1719147857043219,False,1.2599074180843277,0.11418798800763809,0.12849638701123195,False,0
116,0.1760321810601157,False,1.218817256627375,0.12555948935478575,0.1644488333911544,False,0.20521261940714752,0.12699624836283602,0.17495786901992555,False,0.41967794914278667,0.1327104757936741,0.20243992622384765,False,1.0606701329423927,0.1135469071388786,0.1644488333911544,False,0
117,0.10211813361015781,False,1.3470503116888821,0.12724206208427094,0.136216915525197,False,0.18368552606273747,0.12707822777241035,0.10048650051590247,False,0.6413556348307305,0.13333918307849763,0.10578047926448197,False,0.8158760720443985,0.11328519175547752,0.10048650051590247,False,0
118,0.13154894772620102,False,1.333926655664507,0.12672436862628622,0.0689337375691026,False,0.2889893199392317,0.12694590003172782,0.1145613843737664,False,0.5758815923442377,0.13307540160223905,0.23658972655506205,False,0.9452912232564694,0.11383169968905354,0.0689337375691026,False,0
119,0.1439606316636557,False,1.1735439728257222,0.1256230664969066,0.16468573636714495,False,0.21280431167801916,0.1269757550976624,0.19001113110648127,False,0.476950683084274,0.13271408354524633,0.19311380160254676,False,0.8480348095546597,0.11406368881718706,0.1439606316636557,False,0
120,0.1711646985215466,False,1.30701143722853,0.12559113008308506,0.035054985686446716,False,0.16365340148228702,0.12643140950431303,0.19074174166622537,False,0.5456222758234779,0.1329787484264474,0.20532504597318085,False,0.9509171959292548,0.11433620414688533,0.035054985686446716,False,0
121,0.14385938665854836,False,1.3709391320105935,0.12534888640242264,0.1434819373191502,False,0.16383015419630365,0.12628162342345975,0.18120774381748977,False,0.46249072477164965,0.13184515752971904,0.24700152300182493,False,1.0386966898475583,0.11433999752582949,0.1434819373191502,False,0
122,0.11854103065395788,False,1.5045123672577088,0.12661892017866733,0.1597400959747743,False,0.1950231626122121,0.12647738562653965,0.19439389901024495,False,0.48475538627101966,0.13218858965341013,0.23506956247425403,False,1.096287063805718,0.11384467621739128,0.11854103065395788,False,0
123,0.12014008715972052,False,1.5458190897809319,0.12597396554619042,0.07956850667573706,False,0.19502193615378283,0.12591862001713375,0.08019193067149821,False,0.6464488929793668,0.13288649138066633,0.22976647180363113,False,1.1904938354530832,0.11252793187700935,0.07956850667573706,False,0
124,0.08477125772329774,False,1.3732031237667237,0.12597834011349757,0.14908471894381153,False,0.20644497645947246,0.12682197644812357,0.19502619206426364,False,0.4507708765329268,0.13295002887895493,0.10477580691210997,False,0.8407862368690178,0.11581843001794528,0.08477125772329774,False,0
125,0.15714011244116327,False,1.0795316323392723,0.12497028127162019,0.12888017402881774,False,0.21991525632086262,0.12637712136934545,0.17870914477277383,False,0.578240338250104,0.13294149093856417,0.23369859806407334,False,0.9189090213926012,0.11293070872192976,0.12888017402881774,False,0
126,0.09537542410845323,False,1.343907025352471,0.12707005221426096,0.12631435984338546,False,0.1780620864349447,0.1266634661659469,0.1635247954181177,False,0.5733656192600365,0.13305373907838297,0.20641620326469362,False,1.0830815864377241,0.11314938069066607,0.09537542410845323,False,0
127,0.14511572594769762,False,1.468153870367701,0.12598610322735243,0.09786324270513053,False,0.22376748829941473,0.12584298578300232,0.19095301902201245,False,0.5639401813492753,0.1329140210153319,0.21004250034591826,False,0.8923488158170079,0.11352687068122616,0.09786324270513053,False,0
128,0.12959149732525416,False,1.2348438473601302,0.12582357235918765,0.09677294728042796,False,0.2092656462512792,0.12673108510537495,0.08023573289319197,False,0.47784397614936025,0.1329764881061537,0.22244790855734464,False,0.8695590478706281,0.11367455337265267,0.08023573289319197,False,0
129,0.13059676777032486,False,1.2131577627279992,0.1254888282324528,0.12667454393638666,False,0.16007856439814683,0.12645101955195115,0.16398755040124074,False,0.4919377184563678,0.1335104649218375,0.22014235393515175,False,0.9597405603076656,0.1137063698142386,0.12667454393638666,False,0
130,0.1451367486146823,False,1.4085890307502904,0.12525191393271382,0.1130116869147032,False,0.16307262281952473,0.12625284853242086,0.16444056221358677,False,0.3927346008567272,0.1327033242017436,0.16680042313463234,False,1.1971315706947834,0.11306029579911465,0.1130116869147032,False,0
131,0.10314257461129506,False,1.4937034270898089,0.12545058110572388,0.07266145951071112,False,0.380068762205231,0.12699200994974064,0.1886244203125496,False,0.5910114374671407,0.1331285895739508,0.19349172029968315,False,0.9152955015059632,0.11341989050569451,0.07266145951071112,False,0
132,0.07734029253734764,False,1.4457099698076639,0.12624476186505615,0.02919899771313983,False,0.41613025808881665,0.12740209063276858,0.10588863390997372,False,0.5713599740088979,0.1333192725833704,0.2195741637455788,False,0.9911171799047949,0.11282967271769254,0.02919899771313983,False,0
133,0.10968000115639803,False,1.2195332026495933,0.12571175924239367,0.09000571016270764,False,0.2799512111542579,0.12709397891234459,0.06484197822954674,False,0.5377910298231636,0.13417371333324363,0.18872526646637588,False,1.036950688593885,0.11364736474537522,0.06484197822954674,False,0
134,0.1596860744478253,False,1.175346366851588,0.12522724416290354,0.13171367119100647,False,0.19467584852046516,0.12601337397093598,0.186381540843296,False,0.42611015491201276,0.1331722796244022,0.2425295638552311,False,1.0220062997603299,0.113093501109012,0.13171367119100647,False,0
135,0.14828234006951524,False,1.2397486807817795,0.1257083452428728,0.04667661431489589,False,0.22309710829637264,0.1272980223665859,0.16848153237879432,False,0.5475399348336376,0.1335332188752146,0.1943618613636397,False,0.7742866915372799,0.11306515031528991,0.04667661431489589,False,0
136,0.07872928314331828,False,1.7287063361498984,0.12615363509097852,0.05168517381345661,False,0.3775804962805964,0.12627590954011764,0.18662501486131688,False,0.6164501095431265,0.13247371573984212,0.2076580189942172,False,1.1409514816513557,0.11361186641838757,0.05168517381345661,False,0
137,0.1619938245598314,False,1.1819750628617016,0.12609233834328254,0.10171422741605574,False,0.2300703695891837,0.12627266973378135,-0.024392382303203064,True,0.5064040312217621,0.1311808059946926,0.22871157125626096,False,1.1410680186967088,0.1135083710366285,-0.024392382303203064,True,1
138,0.135252131291068,False,1.4312039412416775,0.1275314794082094,0.15134734751782147,False,0.25192167485282013,0.12686544529695107,0.08764710623312233,False,0.4052208679412921,0.1331478742964523,0.11900885026941055,False,0.7862435299144035,0.11322792179678806,0.08764710623312233,False,0
139,0.1094177480980032,False,1.398568537003467,0.12647223304225155,0.0960341083555733,False,0.2280376572710705,0.12663185062043986,0.1780124895366338,False,0.5189487119133807,0.1338779052630789,0.21943515904948868,False,1.0127245715797615,0.11425771862037162,0.0960341083555733,False,0
140,0.04475033733753764,False,1.5837775255911604,0.12492154288674379,0.020850101007347188,False,0.3627267220226946,0.12584523624628058,0.18419049198330595,False,0.5821636309402531,0.132369595759152,0.21731675858216515,False,1.092905413644586,0.11288107987371113,0.020850101007347188,False,0
141,0.12650933161411682,False,1.424890284482994,0.12687063144139848,0.14935115699536933,False,0.19012346048871653,0.12678186783791606,0.13065720738914444,False,0.6075073171069847,0.1338453671532334,0.1359278813124538,False,0.7891945955243669,0.11327044056112434,0.12650933161411682,False,0
142,0.15060759067422647,False,1.17016778026785,0.12473262075309005,0.08353084241334835,False,0.23474160811586908,0.12598553630656809,0.1596339358330089,False,0.42433785818524283,0.13237572020918287,0.2185917500335562,False,1.0117332360023539,0.11268446323572642,0.08353084241334835,False,0
143,0.12109905904084722,False,1.4830932863191388,0.12702031269292305,0.09869405364075312,False,0.21117815976367882,0.1270319926284552,0.18286040172933882,False,0.4772429225550432,0.13305477076756583,0.23201524433026305,False,1.1490699276769478,0.11391001926109987,0.09869405364075312,False,0
144,0.13713313195265486,False,1.4451093153628323,0.12632741052151186,0.14478315083851317,False,0.20546960159471084,0.12632773220143426,0.05738806597934132,False,0.6281836234194704,0.13414922884570255,0.22048543995685066,False,0.9781371918329005,0.11347886166394039,0.05738806597934132,False,0
145,0.14241991722150754,False,1.0798583386666063,0.1256474681549351,0.14450630982381102,False,0.1811398848821859,0.12647844221395166,0.14871335211009384,False,0.4670054317550847,0.13281287492660043,0.241828918658828,False,1.1892540850234898,0.11343606403480269,0.14241991722150754,False,0
146,0.1249722930608343,False,1.4070238679234226,0.12615319425790045,0.10682654086619009,False,0.21153687087906303,0.1271627807410805,0.11415465553883408,False,0.5678527528714887,0.1329170907761425,0.19822109308717828,False,0.9760942055736432,0.11377738276850341,0.10682654086619009,False,0
147,0.12795076999137012,False,1.0653815827804243,0.12592566933892937,0.1160322081907213,False,0.09344844001586439,0.12666772085376693,0.15992574384034658,False,0.5093402010694557,0.13285909937488266,0.20698355720720335,False,0.8810347965752912,0.11383429444035836,0.1160322081907213,False,0
148,0.10005330421797243,False,1.275296306098961,0.12769372171235321,0.04562880326116037,False,0.30845469170299045,0.12776431648546474,0.17400165146983937,False,0.5198461626513331,0.13395898228419606,0.1919420726455715,False,1.0763624930264026,0.11318041196149226,0.04562880326116037,False,0
149,0.12560003123131847,False,1.3964424253159144,0.12677746963673459,0.1277377252179045,False,0.2373174537139926,0.12663211178330108,0.18619074011405268,False,0.453769512678702,0.1331636724892077,0.22395222397875753,False,1.0288356635652658,0.11366701827905218,0.12560003123131847,False,0
150,0.16970766073964189,False,1.1575548974124819,0.12561425601601306,0.11151838104529455,False,0.26957180686245175,0.12603981919178892,0.1363305622780303,False,0.34507191301195594,0.13241727130495176,0.15473767913118924,False,1.0888079673875073,0.11400642020520446,0.11151838104529455,False,0
151,0.08891406882674269,False,1.4262642276165054,0.12727054404214827,0.0942178969514702,False,0.2791506781125479,0.12672928605772588,0.1548942738577978,False,0.5580604596181589,0.13442634739072937,0.22875050661683427,False,1.0619002403445055,0.11396120691984711,0.08891406882674269,False,0
152,0.13932961277180195,False,1.284452951402459,0.12640013706617723,0.07733445149451923,False,0.2305700582894561,0.1270115607084159,0.16920949128044865,False,0.3810220542484539,0.13389281157089175,0.18755224233621265,False,0.8344718784205303,0.1136149108098976,0.07733445149451923,False,0
153,0.15301763634151716,False,1.1975383034108162,0.1266292661900641,0.07626848134406128,False,0.14212597298344365,0.12736512660202995,0.1647801221798892,False,0.39235855350975646,0.1336965516682435,0.21666679729528915,False,0.8438323781168806,0.11385964094864323,0.07626848134406128,False,0
154,0.12308040305750845,False,1.419864754975988,0.12600799393512624,0.06806139490399632,False,0.4214004917261296,0.1268377530246409,0.18357060262096964,False,0.5008961080954084,0.13408846377918027,0.1996212096593955,False,0.83676605308903,0.1144845693585527,0.06806139490399632,False,0
155,0.17681488915319582,False,1.2914903203969659,0.12517854369573497,0.0652955160366524,False,0.28732898622384373,0.12665562631585975,0.105920886693743,False,0.5179023314434943,0.13298044525549985,0.19228319467256338,False,1.2684309157987115,0.11404312061123316,0.0652955160366524,False,0
156,0.12128308060848253,False,1.0365160242086793,0.12593721069142771,0.11759823665461477,False,0.17752936527116203,0.1265522422966346,0.05934273319775529,False,0.6151692693702693,0.1331945611645877,0.04218448603497915,False,1.1489047034428994,0.1499900972734599,0.04218448603497915,False,0
157,0.06518442665317625,False,0.8215119711617329,0.14844400538169295,0.06539826228021528,False,0.30110223008404535,0.1456158377421351,0.21152027474186624,False,0.384680771143189,0.16063762485376554,0.20312720577172105,False,1.5481894382453385,0.13547267511002903,0.06518442665317625,False,0
158,0.11670563833627162,False,0.8447297799914328,0.14825152868863145,0.15224729040524404,False,0.4331848505317075,0.1454187674133145,0.10335875085994595,False,0.42713169168000964,0.15920241500311433,0.1940230424617585,False,1.5915966741364165,0.13479210425215293,0.10335875085994595,False,0
159,0.17704001289395394,False,0.8401203438810967,0.14898015036831685,0.10259323594809416,False,0.2916043428249857,0.1461835580228121,0.1346490301843853,False,0.6073564314704423,0.1608488777286117,0.22073193515657058,False,1.2572318495483286,0.13559780031850693,0.10259323594809416,False,0
160,0.0759796758888106,False,0.5648852020491713,0.14755977292438113,-0.00467820463930968,True,0.10965249773377916,0.14494061824651233,0.0798564061786795,False,0.36049796260043565,0.15836440086927045,0.20079992610271852,False,1.179303817274873,0.1341160839533988,-0.00467820463930968,True,1
161,0.16375752447104802,False,0.7542986063342245,0.1488018803550952,0.05899933764620846,False,0.2339198878869373,0.14570531456888405,0.07866564510429863,False,0.28878486185155117,0.15898216963889955,0.20572468341293854,False,1.491281814217405,0.1357308107217316,0.05899933764620846,False,0
162,0.12279671791149044,False,0.7842742994014811,0.15135309452152765,0.10801610564995245,False,0.2811965983691298,0.14678034413828422,0.10580898829548468,False,0.6565150263160435,0.160564483116508,0.21997794417061184,False,1.3736194332989993,0.1362006959784306,0.10580898829548468,False,0
163,0.09487338980154847,False,0.93668406961922,0.15110672962751215,-0.024597510794064026,True,0.5694748387760546,0.14586666195921374,0.19336782158894622,False,0.35856169507742486,0.1603927341197694,-0.00023686606840511715,True,1.4100610267111886,0.18290397409610842,-0.024597510794064026,True,2
164,0.16783827955777053,False,0.8206063074457219,0.1505053337705436,0.15608631851131816,False,0.3941719466938165,0.14604396049221868,0.15450044938397378,False,0.5597720302514737,0.1604567043199922,0.19627103531975937,False,1.4207248546261542,0.13531763658934332,0.15450044938397378,False,0
165,0.1384575958333547,False,0.6789602939614272,0.1500993659435404,0.14816331467073296,False,0.24938098475129844,0.14608371588608565,0.16965871006474575,False,0.3916314058253383,0.16104917120911139,0.2073850561895128,False,1.5485094715378,0.13611862653775467,0.1384575958333547,False,0
166,0.039773847426331055,False,0.9898968000736348,0.15162667045184264,0.10844869769610777,False,0.2402114515353082,0.14544761908790674,0.1966479841198137,False,0.4115096321015297,0.16013088688494087,0.22903339580450294,False,1.6932987402834212,0.13625110494935602,0.039773847426331055,False,0
167,0.14116130178145192,False,0.8539940332809142,0.15077789350517234,0.15351389456837555,False,0.2575563222990682,0.14462004764887015,0.14575557317482368,False,0.36638005480287084,0.15940161136297573,0.13068832736954017,False,1.7446516148024553,0.13501722966416607,0.13068832736954017,False,0
168,0.15529897990410468,False,0.8357628596390942,0.15147223135448687,0.15121846721638815,False,0.2262473924114241,0.14666816649254738,0.21584966224218932,False,0.4208493057533216,0.1611556629800203,0.22149727182293422,False,1.6825373672068853,0.1368469153997799,0.15121846721638815,False,0
169,0.16920740529951472,False,0.7966747557158813,0.1513198628098068,0.13918523613267547,False,0.34728302688120105,0.14622228503377338,0.20973753156545671,False,0.430205274831569,0.15937795367784047,0.21970844672317574,False,1.252100964147482,0.13507109398406875,0.13918523613267547,False,0
170,0.1329216986438861,False,0.5299517287708762,0.14933254200718568,0.14719779765539798,False,0.31023785429175055,0.14466717236849633,0.09928922264886231,False,0.4276873263294996,0.15862962640219133,0.22128602979205647,False,1.1879866856873458,0.1335775044943982,0.09928922264886231,False,0
171,0.08536674626293916,False,0.9878927523026868,0.15239864720478458,0.17521162891384873,False,0.29403597177017393,0.14678776390427856,0.16239424777664696,False,0.33296231116880537,0.16089023928410506,0.19921430880284857,False,1.2813518802487236,0.13567646558020402,0.08536674626293916,False,0
172,0.14472351588801802,False,0.720143329064673,0.1508188404480037,0.12830599146038918,False,0.22844563825248065,0.14469947856528115,0.1939700937616285,False,0.331654706274946,0.15985634058169407,0.24174224569053399,False,1.4440249906884857,0.13537420666871075,0.12830599146038918,False,0
173,0.05056594481980892,False,0.6466307995539982,0.15061727478142173,0.1349063133355115,False,0.35211529496445837,0.1441989445390367,0.17655946844900683,False,0.4196657610635879,0.1591527816317241,0.21626077390891646,False,1.1945744389031003,0.13482782149097322,0.05056594481980892,False,0
174,0.15103276930654264,False,0.7626984601348521,0.1527001826708254,0.1590864460471198,False,0.3434829790681886,0.14705734628859785,0.1913706936214537,False,0.5539800243027575,0.16049439566517404,0.20981779842204923,False,1.5052794852947993,0.13653718400913062,0.15103276930654264,False,0
175,0.06336935183097181,False,0.578947232099684,0.15070051630237574,0.15173913012944695,False,0.2246462356687784,0.14501352514319266,0.1778560618057759,False,0.3656111053692044,0.15877233084112066,0.2321050602619566,False,1.4088399149029738,0.13485565133245386,0.06336935183097181,False,0
176,0.17158877295304248,False,0.7807700049016577,0.1508424958703165,0.164709620038812,False,0.30635087932723537,0.14563333312060386,0.2132790382253153,False,0.46892773813126354,0.16143920948911483,0.22793882880991018,False,1.238434829214699,0.13637888952172647,0.164709620038812,False,0
177,0.12255119365503375,False,0.7290966928408988,0.15201110433194998,0.1743900036518244,False,0.22713474665466316,0.14619705326494808,0.10738298329796281,False,0.4142289366756504,0.16013641933177092,0.21672979077123683,False,1.3242058796691545,0.13644879193730203,0.10738298329796281,False,0
178,0.14120185821312659,False,0.8651834260075968,0.15150982138708557,0.16610772213325342,False,0.35148992259480427,0.145915950160638,0.221105692834014,False,0.4338076213632709,0.15993007318634356,0.15895133114856186,False,1.6294435070579674,0.13632045339748353,0.14120185821312659,False,0
179,0.15611629887603834,False,0.8293153690370809,0.15233879992734112,0.15291069001614455,False,0.25962924183337877,0.14614892170745236,0.18375334391547032,False,0.5064409606617277,0.16057705235798062,0.20293440717933592,False,1.3248986422825713,0.13578147939579277,0.15291069001614455,False,0
180,0.03793362685221391,False,0.5472692399993759,0.15251853852436442,0.14860262993573747,False,0.2392809173238215,0.1463665327479775,0.19616171096873297,False,0.5378832665467308,0.15974793349273775,0.20317061739256748,False,1.3186330026113067,0.1361202915548626,0.03793362685221391,False,0
181,0.053716713933582905,False,0.9372485195446969,0.1526381939455141,0.13803935353457358,False,0.3343373670410821,0.14555846829512886,0.2053359801229115,False,0.4845321168481169,0.16177338489472975,0.24692254175150885,False,1.3441331372962675,0.13622419907149386,0.053716713933582905,False,0
182,0.034410638919721404,False,0.5466911625237165,0.15134894870523985,0.13189025000961113,False,0.30439090267717384,0.14626736475585375,0.2147446746173849,False,0.399146090783316,0.16072544739714736,0.18582047264297824,False,1.1702155814452682,0.13524442123559555,0.034410638919721404,False,0
183,0.09268916319347753,False,0.7880024159271255,0.15305716917095163,0.14331233180767589,False,0.31056813414475704,0.1462446013346957,0.219747575242084,False,0.43645997633377576,0.16142967619674234,0.2416610985874728,False,1.5186304308158118,0.13723501809688782,0.09268916319347753,False,0
184,0.07423194777275688,False,0.7846185832098231,0.15292710127547804,0.1602063098940097,False,0.41019125349270813,0.14595404831254544,0.18447217251960502,False,0.6251231256064202,0.16055666563297755,0.23053096388519195,False,1.3984996392195712,0.13502073749663496,0.07423194777275688,False,0
185,0.10802194674124799,False,0.8046990967205765,0.15202164299508947,0.11629263752706587,False,0.328815636066639,0.1453421239578413,0.16319808200081048,False,0.4361347844876977,0.15871700108916112,0.22129223799011777,False,1.570760425925255,0.13525588175429692,0.10802194674124799,False,0
186,0.09331576952733045,False,0.7425781609676456,0.15409808345056136,0.14577214507509512,False,0.24798725407763444,0.14668162196446044,0.2155626321132898,False,0.44349542871447145,0.16034951598347807,0.2137893102242059,False,1.18139513231095,0.13704874807545742,0.09331576952733045,False,0
187,0.10280754693449279,False,0.6135469224793206,0.15208550531198534,0.1601083430485457,False,0.23963200240404237,0.14504246650033803,0.13560638571063888,False,0.4603817866262845,0.15919512919923073,0.2385487281433823,False,1.2901347394500147,0.13549372980937535,0.10280754693449279,False,0
188,0.13768164836557711,False,0.5346691821248057,0.15143915731361052,0.1332015732376683,False,0.16645791465147242,0.14593022980660908,0.20550766099829038,False,0.37338215369443417,0.16082851133849174,0.1308901033868176,False,1.5923252004511248,0.1360819272454713,0.1308901033868176,False,0
189,0.07808760687130323,False,0.6189600109026048,0.15525475643122388,0.10859106487022152,False,0.2642770870166433,0.14671720738608673,0.1693409068646991,False,0.5296441303083788,0.16088628935909408,0.23140576534287466,False,1.2802668178368422,0.1367312940782966,0.07808760687130323,False,0
190,0.10579551863399927,False,0.49681840522074516,0.1535952804853371,0.16712628821298603,False,0.2975021978363712,0.1462048249578371,0.12055259259315698,False,0.28190854554567957,0.16027949606564082,0.23506185205804647,False,1.5549142387518344,0.13623800890562546,0.10579551863399927,False,0
191,0.11580409861925073,False,0.6249501316399491,0.15295139328006946,0.16754819649752684,False,0.26894282504345046,0.1453987431980996,0.17585460945403136,False,0.41978482188806,0.15914348724497823,0.22228182574174515,False,1.2595887971138056,0.13569818207295986,0.11580409861925073,False,0
192,0.03764161416458234,False,0.5863360590021114,0.15485523792616934,0.15374158386988596,False,0.295298192920437,0.1467515796407313,0.17685213741845185,False,0.5013484481942114,0.1611583814271813,0.23981348321432072,False,1.3035458808598708,0.13635713315528503,0.03764161416458234,False,0
193,0.09707853357757135,False,0.47688468863904077,0.1530669964266365,0.14245216171258424,False,0.21446743851138206,0.14491863359692397,0.18354879582087819,False,0.46199456967129304,0.16040226297159935,0.2126574274674295,False,1.1593902898177557,0.13548080274705096,0.09707853357757135,False,0
194,0.10307944168170735,False,0.6473317778430174,0.15412460527438604,0.13566398394288326,False,0.3775939491564204,0.14631763986483232,0.2294685059586743,False,0.47947464857189037,0.16050462198754806,0.24975875962659277,False,1.2749867029285205,0.13687727415472123,0.10307944168170735,False,0
195,0.077225764586068,False,0.7409245156503332,0.15460120542429068,0.09717651785331427,False,0.467644202542296,0.1463299107893949,0.1905390673745213,False,0.47749567329887643,0.16006031421004802,0.18429008124148938,False,1.120533824711824,0.13646499040618376,0.077225764586068,False,0
196,0.04401951211729338,False,0.7093790557752147,0.15387582588459275,0.16541130708695956,False,0.2774807356083002,0.14524318032073627,0.2275304203579095,False,0.4281328804821485,0.16006837934646628,0.25170635014633413,False,1.3174711313215126,0.13708800741323113,0.04401951211729338,False,0
197,0.06510151244905793,False,0.5855612549356373,0.15301035080305864,0.12344004425437316,False,0.29519570865973543,0.14582230943723637,0.21720237276427012,False,0.37310481307526255,0.16066141791294264,0.16127496007786668,False,1.3906610477326713,0.1362078477073998,0.06510151244905793,False,0
198,0.10426369508950833,False,0.65223420038962,0.1543041264116442,0.11315657036862464,False,0.4462714676741839,0.1467499054810134,0.22855283789117553,False,0.42315514249035546,0.16132787525614972,0.23050376037494563,False,1.448754945823771,0.13728117555101954,0.10426369508950833,False,0
199,0.07807548216527815,False,0.5299855011308534,0.15301775344651874,0.1619127961408411,False,0.2640169902816132,0.14473489359239133,0.20341115051893666,False,0.3866666394786715,0.16039832791873646,0.24482550769613404,False,1.2549836215493215,0.13644136083195443,0.07807548216527815,False,0
200,0.07952166395171101,False,0.5959050310553642,0.15343398200644173,0.13036419028412738,False,0.295075892964606,0.14443620394756684,0.20725011486969158,False,0.39076799035674337,0.16061752043756827,0.24318397361296407,False,1.425516668199717,0.13663615875796176,0.07952166395171101,False,0
201,0.126924186999265,False,0.7175814486078855,0.15415434082168764,0.13250290016970034,False,0.3093489955080133,0.147587589258943,0.18004039510528486,False,0.5323008163787821,0.1613378541044565,0.22271603710989862,False,1.1666330537599068,0.13687133793583148,0.126924186999265,False,0
202,0.10741056783867037,False,0.521887512454035,0.14993295408349042,0.09795271895945662,False,0.30588954741566976,0.1445166252765458,0.14810708779793796,False,0.4004132763822654,0.15877472774661902,0.23324571493602558,False,1.2581226142342894,0.1366827604047537,0.09795271895945662,False,0
203,0.1342869403706367,False,0.6074169244336274,0.15142516369996425,0.029848284757925447,False,0.26384971878193664,0.14496838928891337,0.19766692436399907,False,0.4614267892857411,0.15977565071726285,0.1947538845515578,False,1.153040432579955,0.13603339767000944,0.029848284757925447,False,0
204,0.0961867239950937,False,0.6042127406546027,0.15198203284553846,0.06445908636422515,False,0.22529727702063762,0.14595229694210682,0.18891844656743845,False,0.40257121571324994,0.16017594453071343,0.22724890116247398,False,1.4096903086011459,0.1372081391974615,0.06445908636422515,False,0
205,0.029798381808822882,False,0.782192506385821,0.15127762528689165,0.15862316624849127,False,0.3079190599842492,0.14544658357376186,0.19423734015548139,False,0.4351525109440446,0.1609618432685691,0.25320214368295707,False,1.303108635477035,0.1364237977107673,0.029798381808822882,False,0
206,0.08348348623343982,False,0.8547223186851156,0.15078202484746875,0.1708896308852998,False,0.30024557843181765,0.14598459802824174,0.19063966785945524,False,0.31754188798974003,0.16067858844767166,0.1750151241086073,False,1.0199774275481237,0.13632600120451,0.08348348623343982,False,0
207,0.15771163840102337,False,0.7252832024820008,0.15231337698052524,0.14426677000599802,False,0.32471003372072604,0.14709645593798032,0.01073915392282443,False,0.5206098042203542,0.1611052293215562,0.16587964072953265,False,1.0794224737952811,0.13649594503276372,0.01073915392282443,False,0
208,0.13344516833670822,False,0.8181093212419768,0.15213923074709812,0.12130092022010425,False,0.33962611267271514,0.1460046986314233,0.22478195767635678,False,0.4784628681451084,0.1605067306931664,0.2508127403891406,False,1.6778606414597936,0.1377320011721575,0.12130092022010425,False,0
209,0.15800747867362108,False,0.7193778785604932,0.15116523865684048,0.17222871522088623,False,0.2592763041209041,0.14567317350795755,0.1917392747925759,False,0.43231030346475663,0.1605836178485444,0.24850582837230262,False,1.2968813855549222,0.13630400072540516,0.15800747867362108,False,0
210,0.1644564148777678,False,0.6648604049747755,0.1510418060610541,0.1511549125768959,False,0.3117312766397691,0.14633879830624003,0.22125127553901852,False,0.50667402596473,0.16139123148413814,0.17159105754963194,False,1.2962167114239471,0.13677675858033223,0.1511549125768959,False,0
211,0.16063373400098035,False,0.7879912767658577,0.15080972961943562,0.18227958628519614,False,0.2588536247762916,0.14574854537044857,0.20737559549586487,False,0.5727643741416819,0.1604060260644644,0.23887294574440332,False,1.4425117593233416,0.1367996219514714,0.16063373400098035,False,0
212,0.08964662767476472,False,0.5490955057029057,0.15272212768902726,0.12194892256333684,False,0.20062978991247382,0.14513250960147095,0.13882136385028043,False,0.3191832726534729,0.15952180754818204,0.23096903404226377,False,1.2674168067929417,0.13687190367424074,0.08964662767476472,False,0
213,0.1173059052922622,False,0.7160257185986052,0.15204877020402524,0.038563516998431746,False,0.4576300685060859,0.14741314673628375,0.20489180065361018,False,0.3944843338774895,0.16117874675180782,0.21855578634837836,False,1.3039546107741802,0.13643790844495757,0.038563516998431746,False,0
214,0.1585564601767342,False,0.6434189047333811,0.1514269980938297,0.07793564833311051,False,0.1998458087357653,0.14555333808515164,0.1840971399381346,False,0.3771745157941342,0.16014143370945616,0.24365490665171013,False,1.2417131068071847,0.13614217370326764,0.07793564833311051,False,0
215,0.10357434091194245,False,0.9613148562772924,0.15122725296562012,0.161303132680584,False,0.3445575929707456,0.1467956086382482,0.19384120045747388,False,0.458409562712069,0.16200068079790678,0.19295983267871053,False,1.376283149294225,0.13673754664215554,0.10357434091194245,False,0
216,0.10290097479450527,False,0.9633453546068991,0.15241914761854453,0.12960185072426628,False,0.35136244076546164,0.14685791849269977,0.19012857654488996,False,0.40856268952211616,0.16067502306907813,0.242619265673565,False,1.3298465070732024,0.13786914814605988,0.10290097479450527,False,0
217,0.17186155380919826,False,0.6522307683323294,0.15029364087921537,0.15466688375900495,False,0.26102910604234686,0.14493410325493916,0.1930360933611241,False,0.35615811046550827,0.15937984198096036,0.19446281801667714,False,1.3309034526752823,0.13609513948125393,0.15466688375900495,False,0
218,0.13716501682160864,False,0.7175939985516924,0.14817512709631817,0.04946236236712542,False,0.30288116714149393,0.1446647427779705,0.13328831585916784,False,0.35024151550569527,0.15851478294081345,0.22946427583113016,False,1.3206310146081737,0.13597991239065627,0.04946236236712542,False,0
219,0.05317108869404075,False,0.8608025084903259,0.1517339807249069,0.11499247841918481,False,0.2969936863183329,0.1467060792690792,0.21807363670324514,False,0.4274812635328571,0.16079843012809347,0.19357622263473617,False,1.2939362101039524,0.1372314388008861,0.05317108869404075,False,0
220,0.16789674096498636,False,0.8700466679771042,0.14959930220182002,0.15009281717478629,False,0.3144235270669993,0.14592335559152225,0.22701490979946293,False,0.42443224222177567,0.16022973487738212,0.23763614739379757,False,1.6449674915291084,0.13616524326723065,0.15009281717478629,False,0
221,0.1444860476784609,False,0.8904453705157056,0.15045577459293646,0.15079944162108494,False,0.26915180414789974,0.1450632618867025,0.21952579939989098,False,0.4188187503740246,0.15977970972771646,0.23464047520710885,False,1.3732784797252444,0.13648927226042096,0.1444860476784609,False,0
222,0.17481444064479212,False,0.6903002097969548,0.14992159049830456,0.16800352044901107,False,0.2899208839577523,0.14602276872998643,0.1384664582628216,False,0.3755699387904139,0.16014778072015773,0.19892063594037146,False,1.5366000363517927,0.136972058567906,0.1384664582628216,False,0
223,0.17992501811230371,False,0.6901089048172135,0.1493382005595715,0.11745387559910925,False,0.2599425508783739,0.14595010668579547,0.20282606968545197,False,0.45158995301466787,0.15997732998203257,0.2435740873715444,False,1.4319845316437085,0.13662610917190254,0.11745387559910925,False,0
224,0.1652772639900057,False,0.9550968039605598,0.15091016074009456,0.1283013951084505,False,0.33828298815308333,0.14554430820559666,0.2189390094543437,False,0.4362235470331244,0.16058321014420956,0.2049780932981617,False,1.3264467413738465,0.13731434176007148,0.1283013951084505,False,0
225,0.1327724855702439,False,0.7765053698453723,0.15032746763769272,0.16997883890329474,False,0.30616740649710295,0.14601749791389426,0.16869289200772508,False,0.4650078249958749,0.16033290959734364,0.1558685711825648,False,1.2105469184381765,0.13793922875715592,0.1327724855702439,False,0
226,0.16586617454209923,False,0.8606954639806663,0.15004911804334461,0.16133762457291084,False,0.3673497658283853,0.14595629442080094,0.2033832299092651,False,0.38874018395775245,0.16110360710351765,0.21299427757982342,False,1.0684514201714397,0.1366745464987581,0.16133762457291084,False,0
227,0.1624628476652486,False,0.983687459002607,0.14920553181766238,0.10906353875312996,False,0.356888123056168,0.14599106994407568,0.20545865948380526,False,0.35932136520532176,0.1605109460974039,0.20369526081697525,False,1.0928299947298878,0.1362288054091117,0.10906353875312996,False,0
228,0.171450461250091,False,0.6950949390765018,0.1497033750647475,0.17351118177343128,False,0.2554425261339044,0.14625999246218557,0.22811339802280617,False,0.406505620918717,0.16081099997120538,0.21043459162774591,False,1.1164803756498787,0.1378992239964245,0.171450461250091,False,0
229,0.13295997260532072,False,0.9850418351007193,0.1492815750926313,0.17556664228010294,False,0.29826762263181705,0.14543357055785683,0.19551164973855778,False,0.36126743866824373,0.160043579407162,0.2435947741882769,False,1.5137476785487238,0.13707412920351558,0.13295997260532072,False,0
230,0.1712587680155842,False,0.7911893807712804,0.14932705561945914,0.1726031364857688,False,0.27443573230460916,0.14582436027332663,0.19803077770113214,False,0.3971426590968632,0.15971845558061404,0.22432611122691026,False,1.3886236562278342,0.1363372862951263,0.1712587680155842,False,0
231,0.08192868090490935,False,0.6907540110234325,0.1497943729253477,0.13196245926437183,False,0.2694735103970878,0.1464019094360568,0.1981519815551041,False,0.39637758057131434,0.1622595315883032,0.24069199574762823,False,1.3157231346884686,0.13716467662567708,0.08192868090490935,False,0
232,0.16173470130548934,False,0.7393717840990413,0.14846203469306524,0.14867575178185038,False,0.2647514263590047,0.14430915278251688,0.18945628291948707,False,0.39910115756217746,0.15964635805154043,0.23171617167268915,False,1.2204976015548166,0.1359464411461299,0.14867575178185038,False,0
233,0.178870559667482,False,0.75700344942602,0.14927192901340922,0.09987629118795394,False,0.4922210994375198,0.14488688690047663,0.18039402766960355,False,0.4760039181311164,0.1603964972882673,0.25041343878208305,False,1.37244031502525,0.13659210303345914,0.09987629118795394,False,0
234,0.11434574060928826,False,0.6856421241352222,0.15058172461748343,0.12399239814147245,False,0.2123317031564791,0.14613684023652423,0.21865084176902516,False,0.4874976045546615,0.16115573591202037,0.17834170619525835,False,1.1763609656160179,0.13805569231658502,0.11434574060928826,False,0
235,0.1320472129526562,False,0.8888365287077928,0.14846653361405715,0.08434753531505346,False,0.23742641407433385,0.14496046095428555,0.20905327774331456,False,0.4378171076628288,0.16045804351045462,0.24170889396216794,False,1.3176356102642885,0.13692160151563576,0.08434753531505346,False,0
236,0.16538427624542024,False,1.3580210843805527,0.1462541895309858,0.11573675684332102,False,0.5085353312967595,0.1454624949485498,0.19736765952924862,False,0.37489340318595055,0.1602388536018816,0.1840147964662554,False,1.8808441152796767,0.13872428657658692,0.11573675684332102,False,0
237,0.1820349000863386,False,0.9198036662853235,0.14723545206144978,0.17525254711721522,False,0.2998657879545161,0.1455149289429709,0.14685293878672756,False,0.5598131360666325,0.16161489379598087,0.2337554128531666,False,1.8496353749868435,0.13895661964383998,0.14685293878672756,False,0
238,0.2020721795019942,False,1.0233096844021718,0.14784371550742334,0.14635718575336065,False,0.3429177047046612,0.1460619514998625,0.18544769770623454,False,0.4822854263202683,0.16207442175525794,0.17506173942800896,False,1.4999633125166918,0.13866790447181254,0.14635718575336065,False,0
239,0.13659797258013667,False,0.7944599121477514,0.14592089348936005,0.1650097215334294,False,0.3100548229818785,0.14506063352628795,0.2170531071824361,False,0.3891905831040252,0.16108534491277307,0.2333082140617172,False,1.8654776532723498,0.13850097373084658,0.13659797258013667,False,0
240,0.18693349802311515,False,1.094547716774795,0.14656520992078803,0.12892121459933098,False,0.2038228673328193,0.1457613675340037,0.07972425044389297,False,0.3772639975999199,0.1609423010594298,0.08298351379026347,False,1.8845548294985144,0.13806823969979232,0.07972425044389297,False,0
241,0.2028821222334362,False,1.0131881718655416,0.14792136196518693,0.16848752947737722,False,0.3249481658326565,0.14612571279095796,0.11903506292045607,False,0.45859144972319066,0.16262368585902143,0.25044795939587083,False,2.084525274519826,0.13946579933158693,0.11903506292045607,False,0
242,0.19625841824022466,False,1.0920741835592134,0.1479954759758058,0.18150107852006803,False,0.2754139673094862,0.14578782471611662,0.18610564133946672,False,0.5022548158185425,0.16150800356648712,0.2550418543447243,False,1.9298539100109888,0.13967242938793287,0.18150107852006803,False,0
243,0.2107953027002457,False,1.0361739825766727,0.14703395183199452,0.15668637414032188,False,0.35376139269533957,0.14583810504493422,0.1988176882305569,False,0.3876718980451943,0.16155400417811422,0.19839836898379548,False,1.7093236135856111,0.13912684600414,0.15668637414032188,False,0
244,0.17405468763536996,False,0.7888340540812753,0.14681884329597117,0.14330054452547175,False,0.32090591270618196,0.1456102694244781,0.16312029491948737,False,0.4068712706201192,0.16194553780530668,0.21160541329818977,False,2.080804781009695,0.1394379071370883,0.14330054452547175,False,0
245,0.17459167229232192,False,1.020925597605046,0.14442846980089705,0.11955912816586534,False,0.3044538627811193,0.14331384698809102,0.20219793452586293,False,0.40937184632132495,0.16066837015338398,0.15651038792329236,False,2.333632733407314,0.13917344111190139,0.11955912816586534,False,0
246,0.18421672858254273,False,0.9589460760373918,0.14795934270605557,0.13420413853888324,False,0.26509905672216005,0.146801833630814,0.15433192796538026,False,0.4608793370311941,0.16118723992711925,0.21585800631164787,False,2.225116711889915,0.13967262830666088,0.13420413853888324,False,0
247,0.09115965087150801,False,0.9201236994862148,0.14819107877265375,0.14594116266127377,False,0.35002303415194946,0.14674001006695542,0.039709529513655695,False,0.5424750975147408,0.1628626408394882,0.20840284323976682,False,1.6263744198867296,0.1384097766773797,0.039709529513655695,False,0
248,0.15729430344967654,False,0.8276786042813877,0.14599104129311702,0.18248086263339264,False,0.2843880674869075,0.14556541577340915,0.2271435766417474,False,0.3985242798752542,0.16086020414058902,0.24503867983733563,False,1.8355596286754716,0.1385763167035306,0.15729430344967654,False,0
249,0.17525948266145974,False,1.0239186970343457,0.14590938004380605,0.13576589951780216,False,0.3030860282907035,0.14445998692568834,0.2121829538479118,False,0.47573477250102947,0.15961402522399742,0.2250987014495185,False,2.029319402941549,0.13928723068366283,0.13576589951780216,False,0
250,0.1639348544603147,False,0.830113074211537,0.14625329222860525,0.15271845934439876,False,0.23501687083053202,0.145088306368954,-0.0028345970305766466,True,0.2515400848289262,0.1601892254423087,0.19669228405260192,False,2.124834261847247,0.13907098514631022,-0.0028345970305766466,True,1
251,0.183250898632982,False,0.9187332236545507,0.14584457855533361,0.15999315166793893,False,0.34047181734121557,0.1450585162779811,0.18981367055817866,False,0.5509354529893451,0.16081182658115326,0.1333038105209402,False,2.0461944275470354,0.13844128656915977,0.1333038105209402,False,0
252,0.17419162902846058,False,1.0580267994750185,0.14635339279361184,0.1676813138687968,False,0.35255814476518044,0.14510004888993477,0.18099139901046957,False,0.410836813858529,0.16131506314430621,0.26742439472296287,False,2.051062919503975,0.1394771811741459,0.1676813138687968,False,0
253,0.19331734239224402,False,1.1032440481318715,0.14780867361307948,0.17120725913469226,False,0.35944727115014574,0.14593581771326453,0.19434679771701935,False,0.419174123310045,0.16201317486639072,0.1241562949697882,False,2.4387681332968043,0.14002452426123024,0.1241562949697882,False,0
254,0.19487883173163295,False,0.984413940666959,0.1462945888715193,0.07232114112198007,False,0.42833725784191556,0.14661180593898288,0.17444569915138108,False,0.3617115271740461,0.16131874271789212,0.2526890060550214,False,2.128968022422121,0.1383309766349839,0.07232114112198007,False,0
255,0.19347306847798562,False,0.9872071502795428,0.1472893891665225,0.1401387502010369,False,0.35639419998924593,0.14621518732397326,0.19760748417044294,False,0.42254592802849844,0.1607169163693261,0.21052394370448319,False,1.6508931315037723,0.13842676034896154,0.1401387502010369,False,0
256,0.18232499327573348,False,1.106177517139538,0.147923646261085,0.1473270866276869,False,0.3651867549854091,0.14575986107593086,0.18359690705829262,False,0.3659881612635625,0.16040329055188535,0.18943834681926147,False,2.2403676436379643,0.1403717864991766,0.1473270866276869,False,0
257,0.20015835074850213,False,1.020613051397023,0.1460204500815174,0.16230526779453675,False,0.2581434945495227,0.14579477501518587,0.2319904768434486,False,0.41832949890847093,0.16064608959099796,0.2594995374159529,False,1.7423418142691456,0.13855739093497604,0.16230526779453675,False,0
258,0.197541978488327,False,0.8418517057330932,0.1471613048278155,0.11505996714823535,False,0.2564048230398981,0.14553607840627175,0.18329434719970034,False,0.3859727936096009,0.16147289111746307,0.1940034644386776,False,1.7637591215080102,0.13877945852512716,0.11505996714823535,False,0
259,0.19359346320576154,False,1.074720151070612,0.14732242178689636,0.10279736424325808,False,0.2806540365720034,0.14731322989855933,0.18537039748684164,False,0.4694734907564797,0.16180422584192117,0.17065303785038188,False,1.957721180388349,0.14051553599629793,0.10279736424325808,False,0
260,0.15328108546143732,False,1.1323965671565464,0.1469537592869637,0.07389749615366537,False,0.4879622188190089,0.14634326202254824,0.1018171121015613,False,0.6073066572288153,0.16094605790830419,0.2120174235745676,False,1.9886049468226301,0.14331967170054977,0.07389749615366537,False,0
261,0.17214095184011474,False,0.8183083041516588,0.14655512778133833,0.08024676660369984,False,0.2441176931634199,0.1443077009629605,0.18823449591308355,False,0.3314686968674849,0.16019471714037742,0.23945013011871447,False,1.6336132561431662,0.13757023417990058,0.08024676660369984,False,0
262,0.17171596806843775,False,1.0449962998559867,0.1475041142200526,0.16025088077508132,False,0.20550687317108696,0.14661131647036857,0.12468128402313666,False,0.3417903466337606,0.16178278383845202,0.2557830584970907,False,1.554542722872315,0.13783102514814027,0.12468128402313666,False,0
263,0.19705558387934508,False,1.0105592189493242,0.14607288959009426,0.12971461995281441,False,0.3752778008229083,0.14529720879937724,-0.044744671803699676,True,0.967759221045948,0.16271822658378243,0.22407902752558212,False,2.304111726631008,0.13994299266614169,-0.044744671803699676,True,1
264,0.11030658277009292,False,1.1295553060284873,0.14615470722767532,0.12806747249396794,False,0.3521917436926023,0.14513883158192206,0.18549881464703616,False,0.5074199009741562,0.16134583872258806,0.24701707852376803,False,1.754144118141752,0.1382466041292137,0.11030658277009292,False,0
265,0.18963950830189813,False,1.0968963685354831,0.14741937063291732,0.12549332719062034,False,0.3690063935598953,0.14606670660056104,0.22436759257909733,False,0.4428912849105864,0.16175735450027473,0.2562864052679011,False,1.8857788925091823,0.13939360533638667,0.12549332719062034,False,0
266,0.20737910171201418,False,0.9209607800978827,0.14668211378890078,0.1683137537812492,False,0.3445468287443394,0.14562978308564456,0.21107013963372578,False,0.3886972039715493,0.1611876447961596,0.2108904951062836,False,1.6215306143541839,0.13885814515094458,0.1683137537812492,False,0
267,0.1666610424216119,False,1.241064563199867,0.14770324830103393,0.14140287384992206,False,0.37427700165396627,0.1456806468841697,0.13165415047494944,False,0.6245696281667601,0.1618916044569575,0.16593459017856943,False,2.4124728605531187,0.1399665749915388,0.13165415047494944,False,0
268,0.16856309690050758,False,1.1214338443149563,0.14739096127837248,0.1443858913347903,False,0.21492211669780903,0.14594656743208148,0.11591109120482557,False,0.5192227686980759,0.1621977413613574,0.25247851932767884,False,1.8196914226909202,0.1391596222556591,0.11591109120482557,False,0
269,0.1366941964818253,False,0.9271344415542597,0.14657011933097536,0.1472556228278924,False,0.332673874149926,0.14534851455128212,0.211259572048469,False,0.38132350055478903,0.16007228310442953,0.26740438040600845,False,1.7140938130169312,0.1386725064639936,0.1366941964818253,False,0
270,0.1706199697612057,False,1.0294367033875114,0.14582150150045692,0.16240658687550197,False,0.3368301521124759,0.1451137434285038,0.17594247406262337,False,0.5067653898001787,0.16122566982177586,0.1692243611796117,False,1.8467694655041957,0.143627217386104,0.16240658687550197,False,0
271,0.17223324947234042,False,1.1515229627469812,0.14735755601264855,0.1419660074193972,False,0.26631387926208805,0.14581196793655066,0.22909658028837626,False,0.5248930922255184,0.16121411785188022,0.2564707398959581,False,1.6577868815898267,0.139909660061024,0.1419660074193972,False,0
272,0.20767759428750004,False,1.025978966978851,0.1458572206367067,0.14511184055641513,False,0.39113979649166897,0.14503848182381485,0.21693967295146876,False,0.37410496794155534,0.1603846006562902,0.17736115380711676,False,2.200048968995254,0.1393744946617979,0.14511184055641513,False,0
273,0.15139198002533627,False,0.9697287597785098,0.14738484371360644,0.14728588331382908,False,0.2203017030636445,0.14487337072314782,0.22898692782294072,False,0.49348011156185123,0.16092300855282438,0.251219947944606,False,1.8554851386219444,0.13962480410015277,0.14728588331382908,False,0
274,0.2111473677328139,False,0.9650463582138167,0.14767859484626952,0.1691407169705717,False,0.31527277219438266,0.14633528347256036,0.1847937573576287,False,0.511487095968898,0.16226166797192193,0.25795731780583264,False,1.6879040035890402,0.13985099986234595,0.1691407169705717,False,0
275,0.15801945095161357,False,1.2986761766178492,0.14711557732937341,0.060433461779688336,False,0.464460165100524,0.145557868793589,0.1756157883612126,False,0.5590309879528341,0.16171336211458348,0.2265330750091969,False,1.8788088456070793,0.13908002499747413,0.060433461779688336,False,0
276,0.13309820972606684,False,1.210650197548616,0.14634680635370922,0.11124735235822475,False,0.3920486994229131,0.1447103256288202,0.21840129376894246,False,0.48082495460916896,0.16172409694346251,0.1569448441364526,False,2.247239999777265,0.13915469445374556,0.11124735235822475,False,0
277,0.08907596105083282,False,1.3890268505061805,0.1483866991063175,0.06226095140687571,False,0.3363115177200484,0.14754342873535137,0.16045366128079175,False,0.6079946696481602,0.16240692956642017,0.20932205975426238,False,2.3161404259282823,0.14046423332544333,0.06226095140687571,False,0
278,0.17216696275719995,False,1.3268760344953416,0.1473012424177615,0.12142642289375832,False,0.5119632990206364,0.1459514581804511,0.22521810992870311,False,0.4661345686367413,0.16163894765883707,0.2654708311441759,False,1.9361186507698682,0.1391324665119526,0.12142642289375832,False,0
279,0.17510326346045085,False,0.8335453391037921,0.14733759356661816,0.0879408197161608,False,0.2197602312554061,0.14613000220137184,0.1992337500712022,False,0.4198468614059716,0.1617929159290214,0.23409029021135547,False,1.6948133077014225,0.13893643318823926,0.0879408197161608,False,0
280,0.15052342468628582,False,1.2170824431813925,0.147222703789775,0.1696363116948157,False,0.2890407200448706,0.14640468244530602,0.20354231037204829,False,0.41308487335038535,0.16147411205254913,0.260894390542855,False,1.6806614533236335,0.13904628705376457,0.15052342468628582,False,0
281,0.21247049999908996,False,0.9420225445430579,0.14599126010364866,0.15137848267075832,False,0.3067649123563534,0.14494131959778275,0.11889602466949067,False,0.6227091371222928,0.1610069097803447,0.2201177319603811,False,1.9478346530608208,0.13838000479000476,0.11889602466949067,False,0
282,0.19625205166147403,False,1.179322711808573,0.14794481308585933,0.17086647676725691,False,0.34742471101268113,0.14662015877464812,0.18203007354441308,False,0.5150310055754193,0.16244490014769225,0.14252874499300255,False,2.4447608614386427,0.14012364840968494,0.14252874499300255,False,0
283,0.05299777827083896,False,1.5524795959434496,0.1476226057000607,0.14752861957517904,False,0.2720016094042492,0.14710841867415006,0.1799714368521892,False,0.4746465794195962,0.16114571317055087,0.1974504682434448,False,1.984508766729335,0.13956978418091562,0.05299777827083896,False,0
284,0.19890522255380821,False,1.1691382140008877,0.1472430643726812,0.1621959243828341,False,0.22122382944475727,0.14598389644591253,0.19154517750322586,False,0.511743487258858,0.15998128388144922,0.20084878468983103,False,1.9909045332267539,0.13819467623182208,0.1621959243828341,False,0
285,0.19738206923561907,False,1.02361350979771,0.1466815190992989,0.06256288727022008,False,0.2801552806579548,0.14408589199992844,0.16104865427897236,False,0.5403356130152381,0.16094670818214724,0.2481521444725811,False,1.8439730019048133,0.13872226275865207,0.06256288727022008,False,0
286,0.17816393875567677,False,0.9742727859433964,0.14722877445499166,0.16636130126548343,False,0.29445617454130746,0.14656392051592554,0.13767060348591104,False,0.46935509111541696,0.16346453491491264,0.24486271166418294,False,1.6895154079293935,0.13828731956235815,0.13767060348591104,False,0
287,0.20386413670340364,False,0.99181468550454,0.14729494845690377,0.1577531330216273,False,0.30655767965545855,0.14574573192199278,0.20325800506816188,False,0.4390962996103205,0.16146261553208374,0.24176134638061508,False,1.8613658406748432,0.1385190557790839,0.1577531330216273,False,0
288,0.20484823706243616,False,1.0101199324244687,0.14746680043589575,0.13895318259858758,False,0.22938123605214678,0.14483599673124575,0.20941940748086207,False,0.49047314133210507,0.16128596145955781,0.24154584280285113,False,1.9079352368250397,0.13893647190925557,0.13895318259858758,False,0
289,0.18802267669033612,False,0.9990043232121284,0.14777441675774527,0.12569097123299533,False,0.3105489688439609,0.14659550999862783,0.21916293056562275,False,0.39302452702764157,0.16218383135061562,0.21713568441276954,False,2.1057430666426042,0.14054895087899633,0.12569097123299533,False,0
290,0.1998697063965858,False,0.8880002043333388,0.14552884242686648,0.16867683314058096,False,0.2456353756225913,0.14503080749990324,0.22566185291843716,False,0.4379271172418655,0.16161636290044615,0.25053529315201306,False,1.5730594468576964,0.13867920246510865,0.16867683314058096,False,0
291,0.0948601585849409,False,1.2485156700486955,0.1474816355720306,0.14569026519443246,False,0.39898579520157873,0.14467275883469888,0.19343951265210496,False,0.5997508680718151,0.16097213762045245,0.2331477968044786,False,1.6858131252954545,0.13797095545202478,0.0948601585849409,False,0
292,0.1828794169037225,False,1.1245242105109843,0.14700374430210952,0.022768444061302184,False,0.31286871915860104,0.14635107276342546,0.19850745329656871,False,0.4537271883526115,0.16244067465170725,0.24292318175996003,False,1.9127532056727046,0.13935397090509583,0.022768444061302184,False,0
293,0.14729723178658255,False,1.074839680526257,0.1471514658023857,0.17375034371280101,False,0.30511498187420383,0.14530675348237862,0.23351127246591985,False,0.49563628074649735,0.16173904545112364,0.23385056759057204,False,1.9731539793322233,0.13926517276750605,0.14729723178658255,False,0
294,0.20785691552294183,False,1.214149252416758,0.14704075450820425,0.11631534572454233,False,0.3094702587461964,0.144940369072722,0.23163334083150322,False,0.4405399474092342,0.16111067666415618,0.23084079626247472,False,1.7386033031589312,0.13883819397001798,0.11631534572454233,False,0
295,0.152671200255328,False,1.0271872914129445,0.14790705567545173,0.1690138035194491,False,0.27817695884087934,0.14557357457704362,0.17811140163850014,False,0.4494696053034055,0.16164331159209744,0.26476627571351574,False,1.6225234212192339,0.13994387996943072,0.152671200255328,False,0
296,0.15185193794064744,False,1.3250555796628511,0.14623133152584472,0.13818484849595913,False,0.24983925495860726,0.14505218746469856,0.18478524962793774,False,0.459893939973103,0.16220078901228607,0.19940688404441048,False,1.515516964217174,0.1384555836547196,0.13818484849595913,False,0
297,0.15404725721615203,False,1.1668472743488678,0.14671527521014166,0.13834464967186427,False,0.2631437369907903,0.14492576632619225,0.20570824158882323,False,0.5653822591404178,0.16144240988062641,0.23021968372656015,False,1.8234014282647708,0.1383859796102927,0.13834464967186427,False,0
298,0.11695833406217265,False,1.4172696775957765,0.147614033056575,0.07882520465138809,False,0.3441616902860929,0.14638947424518,0.19213202397313273,False,0.4400531535118464,0.1619684216097787,0.24629561557863172,False,1.488221458523593,0.13945808357710024,0.07882520465138809,False,0
299,0.20794516358451381,False,1.1016039058472666,0.14703300524613222,0.1016176934240482,False,0.28559234373064113,0.1459576490023199,0.19392248446236798,False,0.3693239557099124,0.16214899589646337,0.1425701068523359,False,2.2090890071272162,0.1403849036173111,0.1016176934240482,False,0
300,0.19506660840252427,False,0.9988954592618247,0.14717622586410764,0.14514133088013792,False,0.3171954590880455,0.14668219785727177,0.18361404643776613,False,0.3107000196906342,0.1622715680252257,0.25437161308784745,False,2.004665771607719,0.13977286384023208,0.14514133088013792,False,0
301,0.15973698511778306,False,1.2057925986934919,0.14750110282792456,0.16368058545739145,False,0.2699925448399241,0.14631127726862891,0.13823157918547774,False,0.5110185475483167,0.16395480939716095,0.26373800750177745,False,1.9258302417915987,0.14041481748524282,0.13823157918547774,False,0
302,0.1847145078336654,False,1.096243939771687,0.14697760081059397,0.1222962147686752,False,0.3361225833436623,0.14599633912920815,0.2068774129478343,False,0.46502207060356615,0.16186281851856754,0.18918749495798254,False,1.8260880851960093,0.13924296704847028,0.1222962147686752,False,0
303,0.1304353351197678,False,1.258363195270714,0.14822658595112193,0.07274555529725257,False,0.35154833748608705,0.14786087704527268,0.16504809870300247,False,0.40204441504612376,0.16254595721750736,0.22226270071758675,False,1.7195755682999367,0.140677193997652,0.07274555529725257,False,0
304,0.12301527171767795,False,0.8778733375054801,0.148792266544171,0.10295095651202246,False,0.2791489681991772,0.1472815288652352,0.1406316343549664,False,0.48727160030609906,0.1624485543188945,0.23539558419268058,False,1.4634188499701195,0.1408131370721633,0.10295095651202246,False,0
305,0.05916580151977002,False,1.2894955183203956,0.14743144296000144,0.10001287920075558,False,0.36904426388658607,0.14596325571324587,-0.0595332993878136,True,0.8130270477292716,0.1618263418632871,0.26203560718920293,False,1.6435295206943752,0.13980668604201843,-0.0595332993878136,True,1
306,0.16741763953246175,False,0.9075727298813525,0.14590116453984503,0.060567480432014764,False,0.23118649580639028,0.14635999020968202,0.14402039001207267,False,0.3394952503982118,0.159705565714721,0.20602736014385548,False,1.9504193334726345,0.1392733061231352,0.060567480432014764,False,0
307,0.20419203236428995,False,1.1259738075316017,0.14727899640529188,0.039284785757276564,False,0.4720202246845806,0.14636500230214972,0.19319642430491685,False,0.4912846838024323,0.15996054726286302,0.21483963756839447,False,1.9049852411287973,0.139098336532854,0.039284785757276564,False,0
308,0.20548192355009304,False,1.3529650193235514,0.14722278681582102,0.1871242340416418,False,0.3207324595350922,0.14604120582597346,0.16177012037230987,False,0.449843595722472,0.16175444164603056,0.2184940750448373,False,1.9495663901583087,0.1386843587448206,0.16177012037230987,False,0
309,0.20680889069398145,False,1.0851272974612383,0.1466794794106956,0.02214890248714463,False,0.19382543296936317,0.1450574491397228,0.12744139128385795,False,0.43536653967529015,0.16097199712552535,0.2534494450378088,False,1.5708699393634555,0.13879817898326027,0.02214890248714463,False,0
310,0.2070511887454789,False,1.204992630082879,0.1468443442144054,0.1314557624063719,False,0.39550546239254225,0.14559292366848975,0.1399771414027326,False,0.5362912346260276,0.16154724344529467,0.25198684457734266,False,1.7299738404124025,0.1392108825647508,0.1314557624063719,False,0
311,0.16738802145399173,False,0.9219865423128741,0.1478934622263044,0.15956070372851117,False,0.37667798507475814,0.14561392452150512,0.16137141780487563,False,0.391229685082378,0.16109514529142338,0.20747885489351747,False,1.4689156430562011,0.13919071264781804,0.15956070372851117,False,0
312,0.124327320840462,False,0.8323807896351056,0.14782959630739811,0.1303452365576251,False,0.38657275143688685,0.14584515431940687,0.18810174616606695,False,0.3816908664816614,0.1607993579567729,0.24318080490097965,False,1.4317898193443686,0.13911786307486712,0.124327320840462,False,0
313,0.2024619681863844,False,0.9397364403630957,0.1464356144510148,0.13222303455788575,False,0.41598752452289856,0.14600069599580817,0.1552995143968341,False,0.37961838765503053,0.1613447470546694,0.24639386714493938,False,1.8777190824684578,0.13932038563343563,0.13222303455788575,False,0
314,0.07892177792552157,False,1.0653919714132394,0.1463960465016472,0.07811523643152285,False,0.37265539014637317,0.14486410169994993,0.19058325524138364,False,0.4726662185699839,0.16060843146131226,0.15644763145437007,False,2.0255290165346236,0.138329896376859,0.07811523643152285,False,0
315,0.2002958683764967,False,1.0265686758049555,0.1474552591780755,0.13913507376275147,False,0.4142682527084054,0.14625229865079323,0.2170496369526092,False,0.45586410171607117,0.16216191399197977,0.23171695813065812,False,1.6203297729861545,0.13990039308730712,0.13913507376275147,False,0
316,0.1836868197784104,False,1.289208089150963,0.14681091364461551,0.1651818365939997,False,0.3571777321631151,0.1469451938668221,0.16380843283602686,False,0.42221781659933577,0.16185409757820912,0.2614611693144406,False,2.024541583827839,0.14069621331925913,0.16380843283602686,False,0
317,0.1984426560096832,False,0.9085726687893749,0.14731010944108042,0.1628983830531885,False,0.356050252033169,0.14593551691668832,0.19551849843889857,False,0.44590336799351604,0.16208758643357324,0.2656019180738767,False,1.695400929640345,0.139754832374661,0.1628983830531885,False,0
318,0.1609953286047519,False,0.8980024385600693,0.14661102923986344,0.17796757702794735,False,0.3256570583401972,0.1457415311419526,0.180663496846533,False,0.36906668161011513,0.16066585142570922,0.21341634876271826,False,1.8399436239574452,0.13940818207618288,0.1609953286047519,False,0
319,0.15797472444550525,False,1.0880103323551475,0.14767816432281594,0.15090970894860556,False,0.3438223146310515,0.14719405358764698,0.20218315976963602,False,0.4307745000524048,0.16159119265928829,0.25903887425311045,False,1.8304050391708948,0.14070489704362987,0.15090970894860556,False,0
320,0.17044967969752367,False,1.129152842880603,0.14691087338690417,0.12187174046570515,False,0.2606231047585186,0.14638292011958343,0.2062112558653676,False,0.5280202337037807,0.1615986606011497,0.2585018084625332,False,1.660988957168131,0.13909735166875709,0.12187174046570515,False,0
321,0.17139466435632322,False,0.9653359499483443,0.1460824098622897,0.10389215978681543,False,0.42295272999932254,0.14540860303984077,0.14694703985442048,False,0.5754295537899303,0.16104437431242086,0.11364103368214418,False,1.4562480869054184,0.14869118357517513,0.10389215978681543,False,0
322,0.17286147197131335,False,1.0807148631590069,0.1482597721100764,0.1350833443662564,False,0.2998851923901462,0.14633365758789765,0.20830748966226081,False,0.47722046934381535,0.16206417317975264,0.13264586563040415,False,2.0547898604520616,0.15092725478441157,0.13264586563040415,False,0
323,0.17602362913986203,False,1.0288200512037473,0.14628615272210155,0.11720980249768076,False,0.2570991029481713,0.14590082052330833,0.12607267706506475,False,0.42441530411024675,0.1615654296795051,0.07110800619343383,False,2.3507550366295793,0.13983279653963757,0.07110800619343383,False,0
324,0.19563838411729378,False,0.9911486907894729,0.14635602518212854,0.139718273581996,False,0.39165807454218093,0.14666090460719705,0.17152031551411984,False,0.4371971109401873,0.16112027031007675,0.25766421676808704,False,1.9839400030136467,0.13923558542700915,0.139718273581996,False,0
325,0.12885236884938078,False,1.3918407912889617,0.1480033070480655,0.08458372951408039,False,0.4793557041169747,0.147070500147439,0.05385310443969615,False,0.5791001344680999,0.16334448373415394,0.26393453075373835,False,1.8231240358167873,0.14054170592028145,0.05385310443969615,False,0
326,0.2186538396920254,False,1.0867803007644383,0.14670829632465548,0.15594648939860778,False,0.3478307914287835,0.1471757412300092,0.21229074662050135,False,0.4072740142561768,0.16166986740601683,0.19859747065906314,False,1.6895507818621391,0.1395299887407926,0.15594648939860778,False,0
327,0.17517198440743675,False,1.0374068299548238,0.14760657074629732,0.044302559249908,False,0.40720145347641434,0.14641175589751154,0.1397779514740995,False,0.5705200225809526,0.16213517260977584,0.20029960383375933,False,2.02264616519279,0.14050985475339495,0.044302559249908,False,0
328,0.010168156947795048,False,1.346943362144863,0.14870303134467613,0.048249627836275844,False,0.35894862545522943,0.1473981886698203,0.1463391014208199,False,0.5016888119041107,0.16335787627734621,0.23728715808341005,False,1.6399353413139366,0.14050173311453118,0.010168156947795048,False,0
329,0.2080945284179334,False,1.0457491809353237,0.14608281561029368,0.11112997104688488,False,0.37552165011576966,0.14558377897757196,0.17589139891907912,False,0.34645624451361945,0.16132225804007294,0.24834687797302396,False,1.9781556367130873,0.13959306713661107,0.11112997104688488,False,0
330,0.1841310901148293,False,1.0293913198756819,0.14660884775637156,0.12698844585484154,False,0.35621655269379704,0.1462266049857274,0.18287226330638462,False,0.5443482356150002,0.16241114753985297,0.21786952760158046,False,2.37732027782156,0.13968878754968528,0.12698844585484154,False,0
331,0.1750951834221416,False,1.3584856002832364,0.1487607030709884,0.15378709280898378,False,0.2656099026716494,0.14637698528059806,0.1856886513223323,False,0.3415676785615669,0.16189482113767442,0.2544539395381609,False,1.9017970008506553,0.1407204472753696,0.15378709280898378,False,0
332,0.18631589131019782,False,1.1571559514777419,0.1464214297269058,0.15575991359973618,False,0.41927867726360435,0.14572142421147555,0.2201606957691543,False,0.5164235880233077,0.16177059416791043,0.21143307088383334,False,2.1412713771487932,0.13982623534080144,0.15575991359973618,False,0
333,0.19160521893177318,False,1.1849495512694368,0.14752302146337892,0.0741761022385311,False,0.3996031488042493,0.14630128165157377,0.16386534926430318,False,0.4525868457768458,0.16196663209411133,0.23462138684707484,False,1.6834263972250496,0.13997123458141836,0.0741761022385311,False,0
334,0.17404136137507775,False,1.1271282389794033,0.14740161160216803,0.07643004069589665,False,0.30980805903734954,0.14733868296383523,0.11336584796948046,False,0.5822626422281671,0.1610985380328268,0.23886325770330008,False,1.9146553378680027,0.1414821616464948,0.07643004069589665,False,0
335,0.17431368513333217,False,1.1302228505972476,0.14653849106266756,0.08864979138504087,False,0.3612275610726372,0.14638605325349618,0.2254513397107747,False,0.42425451575282636,0.16210599914677462,0.26076641574876475,False,1.5910916252223077,0.1399489759501108,0.08864979138504087,False,0
336,0.172695862829425,False,1.0984012421503007,0.14575308849387286,0.15469141441687367,False,0.2978911267460116,0.14521158980098198,0.17226376554257838,False,0.5210090205802658,0.1614807461483328,0.24915647180410117,False,1.9881490063156475,0.140370058588075,0.15469141441687367,False,0
337,0.1751418390811713,False,0.9752267461147619,0.14855296528696366,-0.07713058437730735,True,0.4479633586095477,0.14777438977506419,0.16888813269016834,False,0.37571140644604295,0.1629449155897562,0.24770879148818065,False,1.8828214034858868,0.14083657378166103,-0.07713058437730735,True,1
338,0.10121747305129208,False,1.228216636516247,0.14606841389210928,0.12269089132532501,False,0.31949384191826824,0.14604399806027143,0.18765717204236654,False,0.5719811011585321,0.16182940372416266,0.16228879203472046,False,2.4850983720388817,0.14035423387973198,0.10121747305129208,False,0
339,0.0603593174109498,False,0.7705244731552816,0.1468177035895571,0.17311372404569753,False,0.2522697160705012,0.14618692102773834,0.1260285589460855,False,0.3042820462786249,0.16051732713348354,0.11493814545971326,False,2.5709923830495858,0.1400383688843529,0.0603593174109498,False,0
340,0.18247190923226025,False,0.9857554342687969,0.14758503280417923,0.13589836690057405,False,0.23345967055591266,0.14668807933026917,0.2043889695859113,False,0.4871146550712042,0.16180469806876502,0.24178409805296142,False,1.785272643239153,0.14019413091746297,0.13589836690057405,False,0
341,0.20523852715574986,False,1.0037177430790836,0.14629865096637307,0.12676893440311843,False,0.29394877047423873,0.14541177146863588,0.22271462519665408,False,0.4109568027901469,0.16014099449491923,0.2510911034587735,False,1.8471872514133705,0.13973169870657137,0.12676893440311843,False,0
342,0.1705894855904404,False,1.0743720386973696,0.1458963023319959,0.08476438312604412,False,0.46002205856862544,0.1459143234310831,0.006614059738012212,False,0.6236396042317811,0.16073306701184892,0.2668382776837428,False,1.7464708202304031,0.13930800720598918,0.006614059738012212,False,0
343,0.12351250034343991,False,1.31544059249602,0.14772194838346225,0.08834691004490264,False,0.2657960964503221,0.14741279619695707,0.16895400116751086,False,0.5423460650714718,0.16243382507190096,0.24497377979415363,False,1.7357084519557149,0.14120921169323639,0.08834691004490264,False,0
344,0.15951304558674156,False,1.4080277804276662,0.14733455065682527,0.17814862901141865,False,0.3414990824714912,0.1452817267393286,0.11453494795295471,False,0.6552167081140741,0.162278650346407,0.25932944264772784,False,1.6275676240901342,0.13998658578080259,0.11453494795295471,False,0
345,0.20127486104704945,False,1.110539780591485,0.14636924734108286,0.09812143048340288,False,0.3986003289127573,0.1448383503056003,0.20530759201865867,False,0.5010673967646528,0.16108973031762858,0.256871112411614,False,1.761437266635899,0.13946429379563138,0.09812143048340288,False,0
346,0.18900009306641202,False,0.9107758575983373,0.14693650672136216,0.06482691532911777,False,0.25197922655506555,0.1459872364823722,0.1984648468080436,False,0.4146546883509912,0.16178922400015072,0.25345954586612973,False,1.5744721929818986,0.13994301050467958,0.06482691532911777,False,0
347,0.17964839069574318,False,1.0317460731355133,0.1470606206614692,0.1678318005379104,False,0.38793971953261397,0.14634557914602897,0.21458185526957163,False,0.44338357877697065,0.16225282092956042,0.2305242583213884,False,2.0317849931338796,0.1403601472866154,0.1678318005379104,False,0
348,0.11113304464134893,False,1.2991951050055421,0.14646185778347637,0.11355279131509294,False,0.4535777604521589,0.14576729252344056,0.18674788857307612,False,0.3526022456936153,0.1615031412001272,0.26235823793214863,False,1.7083883243715925,0.1397855158005129,0.11113304464134893,False,0
349,-0.0002109054201393512,True,0.7160135518749127,0.14717352021790614,0.14872727891712262,False,0.2381981468866894,0.14632767588222392,0.16054458236907226,False,0.4319196541409287,0.16181474888889028,0.25226522318441635,False,1.95872409118099,0.14056956303985302,-0.0002109054201393512,True,1
350,0.18815647283867132,False,1.0170428713285895,0.14670073571555473,0.12172581314511804,False,0.20185486291550725,0.14534503809952404,0.211806867634811,False,0.5007774292398002,0.16154573868451141,0.22007671441411814,False,2.151704052372347,0.14063923597042405,0.12172581314511804,False,0
351,0.19633596532374759,False,1.2035090398191992,0.14617429109986205,0.06625910454452888,False,0.3559441485426711,0.14602487164026223,0.2190817760166588,False,0.41020852557660414,0.16191077971471074,0.24804322721981764,False,2.1340188970102565,0.14072495038755845,0.06625910454452888,False,0
352,0.1555528669370042,False,1.0066413959422074,0.14642260595284662,0.12753033239974737,False,0.31729877608095824,0.14690177045856753,0.13873053400200486,False,0.38700129187282695,0.164003358234182,0.22005098704827525,False,2.148686020489263,0.14090729728790147,0.12753033239974737,False,0
353,0.19130225917354354,False,1.0500479032411318,0.14732004890310166,0.16926463126833718,False,0.34290206164316617,0.14674326866138626,0.18064140436050452,False,0.5002920091047225,0.1615455633797984,0.22346320397502734,False,1.7003550216028072,0.13971096560072782,0.16926463126833718,False,0
354,0.2001009730369971,False,1.297533432526719,0.1461667841301001,0.09040258571451065,False,0.2830493987768019,0.14451187106788932,0.19235755962019963,False,0.48394058309754073,0.16035463566802943,0.25927926027920223,False,1.63429734765378,0.13978916520941692,0.09040258571451065,False,0
355,0.1216013194863772,False,1.1684454144252134,0.1470626992559439,0.07135654273452352,False,0.5405214665108014,0.1475873097320069,0.17021398512174163,False,0.5448546162708108,0.16220344294076894,0.23471658241289978,False,1.7482851631872314,0.14116654803876838,0.07135654273452352,False,0
356,0.19307519509372112,False,0.8643574300321586,0.1464781278106556,0.08753742515854213,False,0.5839295923903662,0.14651532971862252,0.21259030400517714,False,0.44489033259018806,0.1615006555892421,0.25841353658842864,False,1.5844251892732553,0.14028331285158577,0.08753742515854213,False,0
357,0.1901664815780884,False,1.1022338209608629,0.14670883663330875,0.13921072013019103,False,0.42927212063875153,0.14637424798229687,0.20652766983757648,False,0.41956328155046974,0.1607875561327919,0.26703794128302233,False,1.7298422768845847,0.14000911598954457,0.13921072013019103,False,0
358,0.18087689157772074,False,1.172992916192523,0.14744468463851673,0.1111981103058089,False,0.38621019741483376,0.14718631736170829,0.2132924041609799,False,0.4983226718815028,0.16214184621604283,0.13773015359180207,False,2.3372693499130497,0.14169826364653915,0.1111981103058089,False,0
359,0.02698255304871744,False,1.3729854919130138,0.1466727943406516,0.15358924580833183,False,0.3511138749292304,0.14593859246354574,0.16850867379027407,False,0.5894183309289138,0.16101229683489415,0.09012966041006443,False,1.9467395547055308,0.14045209178993992,0.02698255304871744,False,0
360,0.15857254675342353,False,1.505426086375234,0.14626277934157214,0.14289519797644362,False,0.3733375249753168,0.14511259380627278,0.1689659685317299,False,0.5713773525691963,0.1619500657186848,0.17690237213532733,False,2.151257119477801,0.13995153302224211,0.14289519797644362,False,0
361,0.17788765415842728,False,1.3389557138017043,0.14777628600145543,0.11258669950978611,False,0.4266232533984866,0.14694039578256884,0.18566549342089272,False,0.4948471731036037,0.1631581785777808,0.23633371346808246,False,1.881457702650358,0.1404296716548457,0.11258669950978611,False,0
362,0.1656356016277215,False,1.1206086686560888,0.14592477713575264,0.11238589526741044,False,0.3866234906805197,0.14534368224688032,0.12862474223425452,False,0.4723964036344257,0.16074921544843151,0.22343462744014186,False,2.2706432066724136,0.14045021826928164,0.11238589526741044,False,0
363,0.15821766789625963,False,0.9635307754463329,0.14604839990098675,0.047476814224158836,False,0.24582459772162935,0.1449767037346928,0.22340832002598604,False,0.39799417724161823,0.16178291870287295,0.25781269193694106,False,1.729139295583849,0.1405580094174608,0.047476814224158836,False,0
364,0.13717040477131176,False,1.5248442832342608,0.14866699892041046,0.09404387116970048,False,0.4977362394814471,0.1464983037071875,0.019132950704814466,False,0.6824681193705784,0.16345528531875278,0.24788521223862647,False,1.8491200952812363,0.1417875180357096,0.019132950704814466,False,0
365,0.14380571003246023,False,0.9050928554415916,0.14515322903775033,0.14816018781621054,False,0.31414051659469,0.1451803392558757,0.22644878134332996,False,0.536776023679784,0.1611084964260987,0.22998995796454647,False,2.3300096937053065,0.1405269490435389,0.14380571003246023,False,0
366,0.21823038771065095,False,1.0596390524567525,0.1465322328010861,0.15355965462212467,False,0.444227358825235,0.14633751279141358,0.1667549926269168,False,0.5310445908074934,0.16284358173435293,0.23216248272082773,False,1.742674227409906,0.14107495280903587,0.15355965462212467,False,0
367,0.07919976549814278,False,0.9994319524027815,0.1471151507431092,0.1662003157807071,False,0.22669494167583593,0.14631864370900938,0.2070856478921248,False,0.38431886054371645,0.1617475152300984,0.20405331747158784,False,1.8347888152709242,0.14082892190678337,0.07919976549814278,False,0
368,0.17943165347725715,False,1.159193036815124,0.14679702023553182,0.13772735992896162,False,0.25973266018155194,0.14562082321167377,0.21573118013801218,False,0.3830734862433842,0.1606905442977959,0.22362455799233727,False,1.8008586764763552,0.14055811757050807,0.13772735992896162,False,0
369,0.2001256438712879,False,0.8999617398863962,0.14691251416501905,0.07601011997609564,False,0.3664014595624365,0.14767851260874393,0.21120826862748115,False,0.40007486102549605,0.1622849617878239,0.21651469022928388,False,1.7950118874183905,0.14095520884263535,0.07601011997609564,False,0
370,0.11501546222116465,False,1.2045249101749915,0.14711539481513386,0.15492766101786604,False,0.35276739414963565,0.14659728954899715,0.11262401565109259,False,0.593282639085936,0.16216801477286824,0.2344435001966188,False,2.0053460150720355,0.1411907424330986,0.11262401565109259,False,0
371,0.10898646313166316,False,1.0409716411655683,0.14662023255239226,0.16641433448157272,False,0.3086476931324651,0.14607863300408874,0.20191978573766778,False,0.5644584743469467,0.16180710898646178,0.2370358124921354,False,2.1044520666798383,0.13991146418269834,0.10898646313166316,False,0
372,0.1664586460462485,False,1.1184829111178893,0.14664950468259283,0.15335807383347083,False,0.30098385393222604,0.14586811430294477,0.07977987684352328,False,0.6562760227036264,0.16121823825926512,0.2387608175392319,False,1.8912763031153728,0.14002792055591617,0.07977987684352328,False,0
373,0.18520510732868878,False,1.0230349519270234,0.14720747494001588,0.15793648454667447,False,0.36267484919323456,0.14620541599895875,0.11194621384949766,False,0.44278600273552393,0.1620969140826895,0.20645710785412835,False,2.395165195733417,0.14067005738445792,0.11194621384949766,False,0
374,0.16726293006281595,False,1.0321647274569554,0.145260588941806,0.1081973192292377,False,0.35960172698859094,0.14565769924413158,0.16436454872800543,False,0.3497323380099826,0.16107408036011467,0.24409380061300534,False,1.94968418795805,0.14024651844832964,0.1081973192292377,False,0
375,0.13711348830520143,False,0.816679592331534,0.14603616756860843,0.1614147287990606,False,0.26054343315376394,0.14569165820823538,0.1415925111250746,False,0.4816581672263405,0.1619356911813053,0.24690425430936702,False,1.6666899789757745,0.14041723642938664,0.13711348830520143,False,0
376,0.0884432921275099,False,1.4484783610966168,0.14723271243862346,0.149638013963169,False,0.31875844882374493,0.14633558792904544,0.19473992501444315,False,0.48998664910514744,0.16144180930438773,0.245943101780292,False,1.954636977973712,0.14066426760197598,0.0884432921275099,False,0
377,0.18849647253537133,False,1.2874973532530718,0.14657992383778223,0.10685891478015536,False,0.38053330578610556,0.1460654297946975,0.12227141133963815,False,0.5117676302257232,0.1616159799243671,0.24253511180163728,False,1.8679594961543304,0.14039806907566005,0.10685891478015536,False,0
378,0.14369216085051378,False,1.082084526243077,0.14508649978246002,0.1782379278974528,False,0.32706320363768215,0.14575130853658314,0.2049802268696393,False,0.5096353250228896,0.16162956439669623,0.26223617983544795,False,1.741009274551356,0.14030328114278334,0.14369216085051378,False,0
379,0.15545764515404942,False,0.9259577052243333,0.14693370645087095,0.09198421222415215,False,0.2904844228483565,0.1455275810937186,0.19075179415982546,False,0.44662146093999944,0.16100973291408668,0.23575559059055223,False,1.975023412737087,0.1413996303148871,0.09198421222415215,False,0
380,0.16600172507280053,False,0.8837059231132622,0.14677652597356222,0.1650877627083181,False,0.41233903380251613,0.14614416765629534,0.14840344738932076,False,0.5017501222513183,0.16124148294998064,0.23670018992379271,False,1.6311932954970105,0.14035054913201073,0.14840344738932076,False,0
381,0.19172453426981612,False,0.8479132686199184,0.14572216731796117,0.1669477095149532,False,0.22130805901391648,0.14525686678252714,0.2216702523164481,False,0.4667777437485623,0.1609670116110069,0.2154480895292296,False,2.071943204453655,0.14093842004596563,0.1669477095149532,False,0
382,0.17901139018855572,False,0.9401069943263729,0.1477515613337836,0.15392906645253301,False,0.3759441234214853,0.14707731700671026,0.1496842380863483,False,0.5501887920016761,0.1620539057521006,0.23249124512712172,False,1.5275160302838175,0.1408712170056196,0.1496842380863483,False,0
383,0.18450688571363832,False,1.2145165262412672,0.14749189609114405,0.007808381193317282,False,0.5540715059512709,0.14678580491255055,0.16110615406930334,False,0.6060475482691969,0.16123957344043974,0.2514187746241359,False,1.473826140217727,0.14036205000810875,0.007808381193317282,False,0
384,0.14806478826459318,False,1.2367054108189115,0.14666627636617685,0.14176585063954084,False,0.35419284539291773,0.14622597342213844,0.19451942446400777,False,0.4209664598239462,0.16199624238448423,0.2033091642003434,False,1.9847655863779505,0.14036885704078117,0.14176585063954084,False,0
385,0.1483639937104576,False,1.176576553837572,0.14766243157925743,0.040106580166927586,False,0.4688265703979464,0.14785646661680146,0.1989756955928083,False,0.42835108443858316,0.16085621675296197,0.23267371892479555,False,1.8102910563925119,0.14085255647075762,0.040106580166927586,False,0
386,0.15358300785088158,False,0.9622424520805275,0.14748841156392123,0.16712427660543172,False,0.3372587441284174,0.14625874561271418,0.18207173527372916,False,0.41106244382583634,0.16113926054115707,0.1986523099935023,False,2.311005936452023,0.1406864357319552,0.15358300785088158,False,0
387,0.12063502983581642,False,0.6704490957904639,0.1462146180019076,0.05677356885423279,False,0.17708107881404755,0.14730955439104843,0.14968776377069187,False,0.4696265101609165,0.16127101545700206,0.24273391088596447,False,1.9235106978465195,0.1399092285308844,0.05677356885423279,False,0
388,0.20534598326414272,False,1.112187812468202,0.1467632754369902,0.11792531471838863,False,0.3670517401000679,0.14712936624669654,0.2146189013155222,False,0.438995954890566,0.16235167661846245,0.2524790292086935,False,1.8019844474345827,0.1405654474582962,0.11792531471838863,False,0
389,0.21146799440383274,False,1.1043189046998725,0.14754107888626405,0.13001148728002776,False,0.401640159383043,0.14721067410891436,0.14270817837082217,False,0.4570939821732465,0.1612288287019521,0.18792625333706675,False,2.3136248204661705,0.14061452690401252,0.13001148728002776,False,0
390,0.15470130140971006,False,0.8599175224388556,0.14548883002402374,0.1291459983102285,False,0.27173189991302493,0.14557411117353325,0.18157979579087985,False,0.4759685297088714,0.16085417287916032,0.2544129824083852,False,2.040694608353561,0.13896683375237456,0.1291459983102285,False,0
391,0.14789741441573218,False,1.3264191899365025,0.14807482293978352,0.014856282634255535,False,0.28561280346017415,0.14725393791002456,0.17606672322754024,False,0.5076729153659354,0.16191442842859705,0.2481297009838513,False,1.900180771854906,0.14150596265218796,0.014856282634255535,False,0
392,0.2081580279472992,False,1.025205265063565,0.14562740551388142,0.15484058587999677,False,0.24916318681775174,0.14590118510212535,0.21988363997843535,False,0.4327178377614631,0.15997999168108284,0.12604905727063076,False,2.1582523570897085,0.13944992413156376,0.12604905727063076,False,0
393,0.1820042342061508,False,1.1624451605220654,0.146782009852691,0.1644186677827285,False,0.35154879029357855,0.14665049245251846,0.20432674017636276,False,0.4358541034929475,0.16097210603895745,0.26530251575525365,False,1.7796455454723703,0.1406731456940237,0.1644186677827285,False,0
394,0.08423000196312269,False,1.6681489998960788,0.147401679529584,0.15775485808559636,False,0.39720461178147715,0.1463931956677744,0.06413212273109481,False,0.6882505695762313,0.16094353939281825,0.14658852214832263,False,2.1156709957604334,0.14133391060882994,0.06413212273109481,False,0
395,0.1974394590667518,False,1.082482284478186,0.14708256248172358,0.14322112568319817,False,0.2967400509420828,0.14719877263899397,0.23135232763969577,False,0.44060333853324307,0.1611706614881958,0.2073951483200372,False,1.8760410451307634,0.14026756959426964,0.14322112568319817,False,0
396,0.2062200009625083,False,1.3109004588609552,0.14727469327620127,0.14698372923334635,False,0.3862350757285824,0.14617292140459442,0.2310557622762276,False,0.44104587797248374,0.16196519658236858,0.1906188125190053,False,2.12111116277659,0.14101615734713907,0.14698372923334635,False,0
397,0.19071031130830246,False,0.8671155682131535,0.1471057778193507,0.13123384394028076,False,0.31716836815927096,0.1463471284777459,0.1575908036996071,False,0.3346603766825649,0.16237993918294025,0.09677273740222891,False,1.971946559465772,0.14182521766807726,0.09677273740222891,False,0
398,0.19312481913406282,False,0.9208152794403621,0.1466169895468853,0.09014163524541896,False,0.44108619612368494,0.14676053656261465,0.19598735252689437,False,0.3554375834618093,0.1607250933077127,0.21415338422197527,False,1.9529691745825315,0.1408683914205125,0.09014163524541896,False,0
399,0.19954578370517673,False,1.100533218872058,0.14720649826083607,0.18119815549835172,False,0.3053877692672209,0.14681584951979232,0.18999358244182885,False,0.5118029667019892,0.16117086318571333,0.060142550125517835,False,2.546742052352293,0.14134833188662033,0.060142550125517835,False,0
400,0.149962098500372,False,0.9267126108856287,0.14732937742154856,0.1596625757883034,False,0.28782800629675953,0.14672656574452775,0.13162507427691156,False,0.5228045460383801,0.16281911430103263,0.09107635586166263,False,2.3854427795061586,0.1396372878247928,0.09107635586166263,False,0
401,0.1645352759766791,False,1.234757227437222,0.14796285123353442,0.14824037109956828,False,0.33291090102805243,0.14713855094971534,0.1656711898880594,False,0.3942788874382457,0.16100476778942582,0.14658662532524713,False,2.0092031530821064,0.14053441316161092,0.14658662532524713,False,0
402,0.211458030583769,False,1.0154839418353034,0.14735606624436542,0.18538085704370216,False,0.2895670880111907,0.1458272204727534,0.17148485237752176,False,0.29886692735286857,0.16035143937505997,0.1963150648413295,False,1.5968153013560271,0.14150941788801583,0.17148485237752176,False,0
403,0.1744360471705138,False,0.85055091035943,0.14758874214223056,0.059409700428479484,False,0.18487035459224055,0.14666583826837526,0.1804976393555317,False,0.49095118405839866,0.16238702505040423,0.2118145560876291,False,1.8101828562968354,0.14177538397855471,0.059409700428479484,False,0
404,0.20129823624315418,False,0.9392340525838416,0.14625441224499772,0.17899503443828085,False,0.3161421654426144,0.1463976152166107,0.136692435530681,False,0.5625629545668038,0.15996221877675992,0.19251985158386548,False,2.037870881150775,0.14147167717907091,0.136692435530681,False,0
405,0.15749637285936247,False,0.8804546873117634,0.1461835164871894,0.14953077660020253,False,0.22293449038802793,0.14570598910157048,0.20554238299080602,False,0.42079605804398645,0.16044422397492786,0.24902032106427835,False,1.6875065196073784,0.14096007699386257,0.14953077660020253,False,0
406,0.17927873869334798,False,0.9289984242794145,0.14664464061329976,0.16328790454666697,False,0.27013522440544024,0.14671124162220284,0.18808319423530118,False,0.3590800436238055,0.1619494491534662,0.196269593002037,False,1.8640742183591614,0.14193579818350827,0.16328790454666697,False,0
407,0.18246626048523396,False,0.98907161518865,0.1461875173996765,0.13850659568505974,False,0.2644356228209521,0.14637276246475897,0.20714182363694406,False,0.4120079920166617,0.16003463416694275,0.20346711319712885,False,1.8996735928737745,0.14117779581538994,0.13850659568505974,False,0
408,0.1480552556147362,False,1.1264746199044953,0.14605713237762047,0.12432161081185322,False,0.25782031846771325,0.14499966916514595,0.22419506093057223,False,0.5005252837003993,0.16003379421600344,0.21729688878430242,False,2.0669921450244266,0.14074392772615024,0.12432161081185322,False,0
409,0.19458857017562808,False,1.098879506600958,0.14751788906649446,0.16932734578898995,False,0.33553133357228027,0.14699113061553262,0.20062227622979156,False,0.4371522162820669,0.1614893426040108,0.2275233876057295,False,1.9264559329188549,0.14163367844386449,0.16932734578898995,False,0
410,0.18390688735220134,False,0.9995269158622315,0.14661799716873683,0.18275391580787342,False,0.24435666294269143,0.14572090173909635,0.17934925133306479,False,0.33357535426723506,0.16023473778260683,0.21790307161490352,False,1.7732107402798127,0.13857218903067714,0.17934925133306479,False,0
411,0.08515745542494646,False,0.9343522014893124,0.14534746433640883,0.14815023586534815,False,0.3372959779991087,0.1456561761691772,0.22377684057829017,False,0.4869678351671458,0.16045171586947332,0.22254219951038307,False,2.091921506566913,0.1404348695153596,0.08515745542494646,False,0
412,0.11773320191813558,False,0.9981018642421109,0.1473313468282333,0.14011052044086847,False,0.335371919094112,0.14710120399512006,0.1811518146419806,False,0.4123692967315955,0.16188428278909636,0.17833850138389912,False,1.6057255161842323,0.141255464031171,0.11773320191813558,False,0
413,0.19901897981005917,False,1.0108080196574538,0.14614665210698968,0.03136134594477402,False,0.43699034278964644,0.14647162797429197,0.03661884323119102,False,0.6635819165322228,0.16026740740438689,0.25362883656790863,False,1.8301130236268208,0.14099258855580837,0.03136134594477402,False,0
414,0.15696075647447505,False,0.8306295781724342,0.14580598966559938,0.1718531029114269,False,0.28364549661655647,0.14632488982655154,0.22318424614820476,False,0.3846111630077025,0.16132864611180037,0.24965893889749552,False,1.7407313954984511,0.14029979108566593,0.15696075647447505,False,0
415,0.18746848651677794,False,0.9210992367912001,0.1467521920555728,0.14496924105522635,False,0.316073792744598,0.14601293471282284,0.2237699639049487,False,0.3999203467400778,0.1615031744840062,0.2195499236197463,False,1.8787882899110087,0.14113018906004143,0.14496924105522635,False,0
416,0.14241116169881646,False,1.0632827958954554,0.1458862810580293,0.1430255132447777,False,0.2811104138162812,0.14536726443590797,0.12632172568090017,False,0.34345810296698254,0.16018592513692276,0.23650096712992025,False,1.7098372573342986,0.13909471736988405,0.12632172568090017,False,0
417,0.1201468842786017,False,1.4750951568272486,0.14680054881087407,0.18566926083784618,False,0.2859859310299626,0.14574593815283626,-0.00877961072574407,True,0.8056118550937894,0.16192961766945627,0.10386698236165715,False,2.1702112140495857,0.14048294403720624,-0.00877961072574407,True,1
418,0.14971493236467137,False,1.1026646252781784,0.14689296439265198,0.164551772340422,False,0.2464655261623514,0.14615475119624116,0.1708448958097193,False,0.39703741786727087,0.16221880522698945,0.22026191770040726,False,2.1566771841342764,0.14101100697274158,0.14971493236467137,False,0
419,0.08572110025635671,False,0.811468064145181,0.1448388150436798,0.12912805380074915,False,0.2485506981221257,0.14580065158498923,0.16921575793029908,False,0.3608555325412155,0.1603550750630602,0.211505853357224,False,2.236738318154255,0.14063534498044206,0.08572110025635671,False,0
420,0.1525270696441327,False,0.907356184574426,0.14606957195123765,0.1781670234649429,False,0.26985876010276044,0.14578150791394162,0.10171023091701137,False,0.4562057105421442,0.16045688238266426,0.16395616616864894,False,2.3984089313523724,0.14159420579300452,0.10171023091701137,False,0
421,0.1774046250859166,False,1.3626746283483193,0.14763040288935356,0.16394521959283814,False,0.38245608902753747,0.14698194589047442,0.2268176016068274,False,0.46371720718038234,0.16095596347020275,0.23725688432478043,False,1.8715798348048693,0.14077810149621198,0.16394521959283814,False,0
422,0.19549128935462023,False,1.32123427131434,0.14640561424857212,0.08654667920289061,False,0.30865141312376676,0.1447739401067077,0.2164222713287307,False,0.4550345351902001,0.16061563548660737,0.0005526874929452363,False,2.3490489844057945,0.1415738083658183,0.0005526874929452363,False,0
423,0.13768953035505582,False,1.2615936164335575,0.14589132830066975,0.15356941928240914,False,0.31208836692877906,0.14468558138245494,0.21701139727425178,False,0.5081123778766816,0.16011529877383388,0.21044904556436683,False,1.9341308833587432,0.14107308337797184,0.13768953035505582,False,0
424,0.16824683339786262,False,0.9380246236874981,0.1464145572789972,0.0025612754503865354,False,0.4413448716203132,0.1469534139035235,0.18503819144195804,False,0.389668887574949,0.16102658437572237,0.1928040459060264,False,1.9635283978687972,0.14239824656855896,0.0025612754503865354,False,0
425,0.16829094730054245,False,1.0773899729350886,0.14572612557540482,0.11947649977644825,False,0.19320601464571663,0.14483398354706428,0.13712828957522527,False,0.3118984910994911,0.1604129916360335,0.26590370027779076,False,1.7563665121814265,0.13998663078800092,0.11947649977644825,False,0
426,0.180331869073159,False,1.1711270389084194,0.14569855814771443,0.11708288642289727,False,0.2867782246258037,0.14489282635911316,0.1877277270909315,False,0.41259538064055956,0.1599502253968073,0.21688159846123772,False,1.4667889551696995,0.1383790246625951,0.11708288642289727,False,0
427,0.17549567886774992,False,1.1595178297560844,0.1460662959752803,0.1769297484487818,False,0.32142497737253084,0.14619594908754213,0.1667438916145712,False,0.3694677090801226,0.16071300695456314,0.23539115670547717,False,1.6951562170474963,0.14129669707438086,0.1667438916145712,False,0
428,0.16055656478262004,False,0.8419779681209631,0.14624764002142587,0.11319365806306164,False,0.2992377540832236,0.14536108940047757,0.1568735924369386,False,0.5727439665132448,0.16158727309320853,0.24252076608465478,False,1.6008768706166987,0.1407125047857943,0.11319365806306164,False,0
429,0.16216493695735035,False,1.0637798043206335,0.14584545975620083,0.10715307182546674,False,0.28100328476365877,0.14656473121668556,0.18154410981662805,False,0.4192169066203657,0.16017127051537122,0.240826421326803,False,1.778112749281192,0.1412164050473159,0.10715307182546674,False,0
430,0.15446398027892672,False,1.0734566589234187,0.1467228504834064,0.12861766429206273,False,0.2709363532032456,0.14696721049646427,0.21681879980100044,False,0.4072811654159807,0.16106664901348025,0.23269204844364316,False,1.973130499505248,0.14141441352387812,0.12861766429206273,False,0
431,0.0005373217654555118,False,0.813076606484473,0.14477791991498562,0.1574710055719769,False,0.3371567635133925,0.1446448501729785,0.11674340454995713,False,0.36189008935802014,0.15897914560777865,0.2522581208441436,False,1.8231728742294497,0.14021109413660493,0.0005373217654555118,False,0
432,0.16818305194982092,False,1.0641569639360249,0.14553223736334653,0.17765116682773435,False,0.3310386845242208,0.1456013729971718,0.20439851477854276,False,0.4770788017068115,0.16047674631284162,0.228320312211668,False,1.668698297968569,0.1401310193118489,0.16818305194982092,False,0
433,0.07526552949313758,False,0.9112731140285466,0.1469803490109139,0.1391123828886574,False,0.34659801296676607,0.1456978507773386,0.0654027376876094,False,0.6248381866452966,0.1599551048417632,0.11355922273377816,False,2.306900957935091,0.1420495339233825,0.0654027376876094,False,0
434,0.16200830997458954,False,1.199275881214132,0.14506036296957275,0.06421093849735326,False,0.4308449421765099,0.14517631036580458,0.14279394992453187,False,0.44092151807561963,0.16039985005253538,0.22579663754031676,False,2.007569151493701,0.1390050429334267,0.06421093849735326,False,0
435,0.16579571582493247,False,1.3551474637932448,0.14662532739582979,0.15575408577124455,False,0.34890940499096335,0.145223575011744,0.1854081804031409,False,0.6062761537699815,0.16066562381701832,0.20738987761910294,False,2.0087879275611247,0.1400433089367054,0.15575408577124455,False,0
436,0.14356579442071027,False,1.1840729082262174,0.1460811123407929,0.12362672374681627,False,0.4251478702877063,0.14602580041731414,0.15153113772772037,False,0.5569156973910712,0.1616091520995066,0.15179741993228457,False,1.8425573259260668,0.14311631665169477,0.12362672374681627,False,0
437,0.08758243020453071,False,0.8078842654016996,0.14471476488658788,0.12554769850200265,False,0.28531153166686973,0.14552548908765034,0.20416844735360262,False,0.39178816056545984,0.16009441156136028,0.20950370230025944,False,1.8462404344208476,0.1390939009678338,0.08758243020453071,False,0
438,0.16301634481386745,False,0.9071887542437524,0.14539911544443612,0.031473677600745265,False,0.2283426518154088,0.1447779319305897,0.07234994170862141,False,0.34218202226709327,0.1592678758330986,0.2258978950685801,False,1.853548135112733,0.14077238027706984,0.031473677600745265,False,0
439,0.10841919315341136,False,0.841411578710821,0.1474022475021759,0.11428624022919337,False,0.34211878126998285,0.14660135893691323,0.19027807090385818,False,0.3931313950082318,0.16066113248357836,0.24227987672776702,False,1.5989007562159143,0.14154862164271817,0.10841919315341136,False,0
440,0.17279622170888403,False,1.2186633578435386,0.14613812858972547,0.16782752178588045,False,0.344391426120241,0.14647465526517991,0.20878784493233699,False,0.4004401690770212,0.16190650647443589,0.21610896160327164,False,1.889269974077929,0.14116690473312676,0.16782752178588045,False,0
441,0.20197303093897823,False,1.2030866502045683,0.1465223887864202,0.17489363258992774,False,0.32000090004762627,0.14559172857261152,0.15819331279746152,False,0.5096097385211733,0.1624952096850557,0.22742875333529333,False,1.8212959314527288,0.14178586572336135,0.15819331279746152,False,0
442,0.15589240309712094,False,1.1236814983180947,0.14705129457090144,0.16203506522081257,False,0.402657386139887,0.14645690359918123,0.19621199224086766,False,0.4853395230952777,0.16081701009385235,0.23337052259434443,False,1.5367259356485174,0.14072177714262266,0.15589240309712094,False,0
443,0.15704480517692554,False,1.2848205756187219,0.14640297879926112,0.17972112771965465,False,0.34011302735510407,0.14536592247739183,0.09535420494630875,False,0.651220798478056,0.1608161627949114,0.20823390813240938,False,1.8049586943759977,0.14073601636470917,0.09535420494630875,False,0
444,0.17884223755360895,False,1.1300040267513454,0.1459277669270716,0.1098841049295371,False,0.24483996776785855,0.14569834516086805,0.18173086059197935,False,0.4278359443550608,0.15875990131460221,0.23543987473814165,False,1.8383653532418514,0.14121497336405314,0.1098841049295371,False,0
445,0.023727805596360785,False,1.4827846224713346,0.14642564139979297,0.17946533554173377,False,0.32128171502380476,0.14614589854657672,0.19740428015732758,False,0.42705969329022575,0.16041439633151877,0.17403641324373126,False,2.166111202778681,0.1426523549412888,0.023727805596360785,False,0
446,0.1574177423218333,False,1.4240659472210702,0.14720598965224657,0.1835965964653276,False,0.35008129401561905,0.14606824040709893,0.21690431169630875,False,0.4740660390410276,0.1602350615426421,0.16430013435807633,False,2.1078539551039093,0.14192380393261905,0.1574177423218333,False,0
447,0.12629378252328105,False,0.9847989246319004,0.14644582628765357,0.028851199690694274,False,0.5416523980629251,0.14473413246249922,0.1701534055831731,False,0.49311577644669224,0.16073843124963244,0.1775478302390034,False,1.6410848462251244,0.14030491391554112,0.028851199690694274,False,0
448,0.19658414727183426,False,1.0179774586820405,0.14705219479873405,0.14950068572944192,False,0.3676406170821547,0.14584083412218057,0.19741270150401302,False,0.41725151255746806,0.1621597917465713,0.21546549962641875,False,2.1061267611074808,0.14139493855871577,0.14950068572944192,False,0
449,0.14988958668887992,False,1.5105075583820406,0.14681010330071217,0.14318470923291737,False,0.28332055778238874,0.14415387156677995,0.10278627998641665,False,0.4664789742729587,0.16026992693102554,0.23659142402965416,False,1.996842904951798,0.14088458648096308,0.10278627998641665,False,0
450,0.09795389681128897,False,1.35336721403619,0.1481798249551174,0.1172250329700853,False,0.4297710647882911,0.14525003017788432,0.08793000702276887,False,0.6828157680688238,0.1606267632444328,0.23525412834932824,False,1.6603967636083015,0.14085343633680658,0.08793000702276887,False,0
451,0.17365989337649235,False,1.0063673765731849,0.1478829517105299,0.16157903172944932,False,0.28485260821338976,0.14643921936105236,0.20407978893182854,False,0.46626340958114154,0.16168541349119747,0.18693420552716833,False,1.8111098284907436,0.14025695379471376,0.16157903172944932,False,0
452,0.1918584798433961,False,1.2577689435201176,0.14663288521972212,0.12387612224635042,False,0.40855397219162226,0.14550706768391053,0.22674010341180129,False,0.4907775362016702,0.16154104098351604,0.18944108207780952,False,2.0662850134368447,0.1421381507587535,0.12387612224635042,False,0
453,0.14336928527847093,False,0.9759676738841316,0.14699384759839595,0.16694038937445738,False,0.33112409445353075,0.14536431341544226,0.17526028136425098,False,0.5923713460370448,0.16109486123627642,0.2102836609509544,False,2.095713816284297,0.1412692559078902,0.14336928527847093,False,0
454,0.18630013014247426,False,1.020844623495772,0.14743192507472302,0.1001075299530837,False,0.25079976965451634,0.1470042109921803,0.19033788900865672,False,0.44739436645660047,0.1614763288958025,0.2167374838323347,False,1.7329590168489504,0.14188191413014115,0.1001075299530837,False,0
455,0.16771083438985185,False,0.9323966100856211,0.14601655373276484,0.06592166082762474,False,0.15317161795783307,0.1449834348690595,0.02738747968869515,False,0.5332771279866217,0.1601182805069145,0.2626781739724987,False,1.9048334133736966,0.1393017327528414,0.02738747968869515,False,0
456,0.19230657456280031,False,1.0383015973181335,0.1474556499667416,0.1005959617135519,False,0.3113641215941274,0.1462082699428865,0.2008982279053801,False,0.5662760180724875,0.16181184219872252,0.23665552021567,False,1.7729641633652653,0.1411598022014841,0.1005959617135519,False,0
457,0.16030481334511748,False,0.7657873167392337,0.14686361754628724,0.1421510398184639,False,0.28790464805341975,0.14628903581792557,0.2159314868712896,False,0.40798156597719304,0.16099547694897715,0.22518384649173034,False,1.9488478679711485,0.14198528756800827,0.1421510398184639,False,0
458,0.18883007761623283,False,1.3824989521146525,0.14690724822504456,0.10045627216235126,False,0.4069307474851227,0.14461952057583471,0.13255645792072857,False,0.4666485811184149,0.15995325860715942,0.19718479592601718,False,1.995844114406966,0.14121281362961413,0.10045627216235126,False,0
459,0.18053300323689914,False,0.8631427094543345,0.14735215559557654,0.13772630919782886,False,0.2167696583808416,0.1458986901723795,0.15801329135236675,False,0.3720134504101067,0.15980696122870997,0.1362790460657034,False,2.371442120801431,0.1411545892489502,0.1362790460657034,False,0
460,0.16230442391734035,False,1.329946041579169,0.14870781041641074,0.11811822480745421,False,0.43840549430537035,0.1460200014805935,0.06496356611596044,False,0.6251208558141481,0.15998677177999648,0.2612765428611258,False,1.9051323116008683,0.14067314443923856,0.06496356611596044,False,0
461,0.19709454778222263,False,0.9881647708336854,0.14786551832467815,0.17857851602743274,False,0.2856125899492614,0.1463988765150386,0.13886046097451882,False,0.479550392390963,0.15912476749311225,0.254395481109294,False,1.7993408691494457,0.13999819397469893,0.13886046097451882,False,0
462,0.13627542588756214,False,1.0790971461603815,0.14702486809863366,0.16326716059040114,False,0.36091044664207095,0.14568148087942198,0.16690827574608036,False,0.3987755645447759,0.16022210489188962,0.1747504767727912,False,1.898710988799765,0.14041782215608467,0.13627542588756214,False,0
463,0.19498545985802307,False,1.0428180239599478,0.1467959124961925,0.17157922638932788,False,0.3547061583311779,0.14636342498814456,0.18869775692372598,False,0.46739620123429715,0.1614565074521829,0.23343605156615532,False,1.6730983455011397,0.14140503758388376,0.17157922638932788,False,0
464,0.192377722642129,False,0.9331312091560107,0.14724194535782845,0.16614793340457762,False,0.3750656180725094,0.14603692021400896,0.21840126267814436,False,0.49097344910788276,0.16118858731008925,0.21037911025842487,False,1.8439764801479628,0.1404669264617413,0.16614793340457762,False,0
465,0.11387541169684051,False,1.0690328390739428,0.14865947822443606,0.15882145894295346,False,0.3882617200670626,0.14643767238054678,0.1933023656068184,False,0.458115212416631,0.1613574023284738,0.17024210166718506,False,1.829897584033413,0.14108716638163452,0.11387541169684051,False,0
466,0.16845976653311567,False,0.9728813036979749,0.14788636167246955,0.10922730240501355,False,0.35999150142157976,0.14626492824502102,0.19783929087550156,False,0.4832059561374582,0.16212274545379973,0.2477837785869189,False,1.701832440209059,0.14120918397859875,0.10922730240501355,False,0
467,0.06840148113162314,False,0.7442397879987621,0.14613703907758713,0.08016663619477182,False,0.2308374562670037,0.145034268788718,0.15392462131297135,False,0.4716051756412529,0.16013036357648047,0.22394105226499622,False,1.9475442323798666,0.1398488800699783,0.06840148113162314,False,0
468,0.1669390967699586,False,0.7249287979792256,0.14806608812658836,-0.0026570808052618355,True,0.23723067655020147,0.14612278622447922,0.13353340856116291,False,0.3859074798704192,0.15982776207794705,0.13643870352419485,False,1.9129748317282136,0.14112822150869214,-0.0026570808052618355,True,1
469,0.1677405154331395,False,0.9699215199563982,0.1493167763805931,0.16579350667192477,False,0.30330670432556794,0.14685991027148115,0.18459548935107378,False,0.49244461742312584,0.16304286331225487,0.2118070599545117,False,1.9517608132675166,0.14185018516202977,0.16579350667192477,False,0
470,0.21123071801778676,False,1.0623791170668393,0.1463062917088646,0.17349792231033678,False,0.28669348293576924,0.14517941797336048,0.16346342329674407,False,0.40137750300368813,0.15910563676345993,0.22949288750218122,False,1.902730065500719,0.1407875745667183,0.16346342329674407,False,0
471,0.0865735129968832,False,1.316129295680228,0.14710572093396185,-0.006745360921699861,True,0.5008321480797415,0.14645713146459327,0.22044600918465013,False,0.4796586591078431,0.16105591608704836,0.21012351269226198,False,2.177563416593791,0.1404496420889848,-0.006745360921699861,True,1
472,0.18463217020678174,False,1.0636427329923803,0.14733416345445494,0.15633095456326207,False,0.2890186060926372,0.14631256268280912,0.167798832398232,False,0.5122946160863555,0.16247641861984552,0.24167304483415247,False,1.5264850908116911,0.1413436223391733,0.15633095456326207,False,0
473,0.16989209369672725,False,0.9350807990593719,0.1469179679508958,0.17146467881847338,False,0.3906586249391464,0.14596632966887518,0.19158074756945942,False,0.4518632633950672,0.16065791135237195,0.17363321525403375,False,1.6452657976931797,0.1454030167478208,0.16989209369672725,False,0
474,0.06315855153499361,False,1.0366683661473717,0.14809380318211773,0.14081398350946406,False,0.3133409012939974,0.14594116231681648,0.1456296544289356,False,0.2647008056190385,0.16042339689661678,0.20828542171777437,False,1.7492090387737074,0.14146423439714362,0.06315855153499361,False,0
475,0.17498121420816493,False,0.8643000182099525,0.14790028289609386,0.15914965976470397,False,0.2946334067480201,0.14601313230558327,0.15960464830593435,False,0.3389694863950088,0.161223756046383,0.22029773318996798,False,1.7812098247543302,0.14182434497496987,0.15914965976470397,False,0
476,0.15112222952242893,False,0.940922986518739,0.14601221905991213,0.16403780359775239,False,0.2740786829898143,0.14491369155805,0.17646183781837027,False,0.3503498802801368,0.15914459443805712,0.2422118633819504,False,1.7599886171608907,0.14005050283842985,0.15112222952242893,False,0
477,0.2064305886069584,False,0.8793578173152459,0.1465079999365027,0.14305093982632744,False,0.25895417958760736,0.1451152215793482,0.22598175313194813,False,0.48906644340103056,0.16044467586969133,0.2307061043312369,False,1.630788286727551,0.13997095089009343,0.14305093982632744,False,0
478,0.13867729528876066,False,0.8326972770106449,0.1483210612301214,0.1079139106482585,False,0.37876803138820003,0.1473914822113519,0.17021876532907354,False,0.45172893011628523,0.16200832938299659,0.19734138425433262,False,2.0634210600210885,0.1405052758728907,0.1079139106482585,False,0
479,0.09456530592640872,False,0.7625461814407539,0.14904300880729118,0.11228167924353671,False,0.22587755421769873,0.1465943034842547,0.14091637240346028,False,0.4551546834582849,0.1613234186221111,0.19234631196915492,False,2.216500493038369,0.14211964438569205,0.09456530592640872,False,0
480,0.17427105609108196,False,0.8397766899292711,0.14833612958782924,0.13469912597174188,False,0.4557921521724617,0.14578567101624992,0.21048502643852157,False,0.4307925300330495,0.16043787933291465,0.15652437754857185,False,2.3584422161538416,0.14103744343274016,0.13469912597174188,False,0
481,0.1873735641328909,False,0.9901972811890416,0.1480304975906316,0.1494034527097563,False,0.2861293885348306,0.14594350453506172,0.22192907359439756,False,0.5213379846678765,0.16100016223889574,0.187079562513428,False,1.9974098521620527,0.14227722906275575,0.1494034527097563,False,0
482,0.14690234609556047,False,1.195224699898512,0.148081295109576,0.12069807446230907,False,0.38458625468992325,0.14543686994310168,0.1520476810690498,False,0.39400193620648283,0.15898066175773656,0.23739495181965248,False,1.8076659859417887,0.1409048170555252,0.12069807446230907,False,0
483,0.003981517967004411,False,1.2212417476127477,0.14745376609465194,0.15566317725273943,False,0.29341719951612943,0.14571159993061256,0.21520832911271842,False,0.44797445623771104,0.16096617348131054,0.1472331823924543,False,1.896777210881539,0.14101301266372257,0.003981517967004411,False,0
484,0.11600055275584109,False,0.8132988563560446,0.1483049619259682,0.052007500940663975,False,0.2949603401345098,0.1466682591097451,0.20265515510969,False,0.386795158410304,0.16127465803615332,0.2487042163743286,False,1.7761502845833657,0.1413041225895284,0.052007500940663975,False,0
485,0.1418605303283803,False,1.2883433280920067,0.14791370005755486,0.17503180699978033,False,0.2588147964148986,0.14569295585404202,0.20169099744399482,False,0.519134136045249,0.16126661547099602,0.13731203627221944,False,2.225173899223779,0.14061892592299854,0.13731203627221944,False,0
486,0.12997487347077646,False,1.0580931685299888,0.14899219868696317,0.04405499915517708,False,0.46141118293906924,0.14630765876300814,0.20359750940660581,False,0.3680683748858202,0.16028970528572023,0.16409735768906147,False,1.870482928661957,0.14113081413988277,0.04405499915517708,False,0
487,0.1770162607761282,False,1.0051972626459689,0.14945447298886422,0.13116502938387392,False,0.44678241512167394,0.14706076609109248,0.12660899823963206,False,0.49268052519781924,0.1615403286527653,0.22702307234871943,False,1.633369865036745,0.1400520554940652,0.12660899823963206,False,0
488,0.16051145738543537,False,1.11789537146546,0.14760039896773164,0.13095184787038583,False,0.4678514314148161,0.14534612579066583,0.22435752843182816,False,0.46338007591259966,0.16153639736208816,0.24915173990853345,False,1.7867209752867814,0.14012568932435768,0.13095184787038583,False,0
489,0.06735203543723678,False,0.726401874012871,0.1466524490941754,0.12627918138783573,False,0.25358203269366775,0.14430233536491308,0.19510276710862934,False,0.4967692317747845,0.1601277610753638,0.15702033793105352,False,2.2932468407037745,0.14094831227056592,0.06735203543723678,False,0
490,0.16040025264122765,False,0.9270696781278167,0.14908379019133902,0.1328421619397711,False,0.3359227773021085,0.1470935664093665,0.2278041097268808,False,0.46491456616591886,0.1613988274541766,0.20159487521599706,False,2.1294019461094558,0.14187350917602687,0.1328421619397711,False,0
491,0.14894828973049595,False,0.9383237251065148,0.14781006221620105,0.13584856762424896,False,0.25967509890869644,0.14539233424295056,0.1680413825662978,False,0.42778777115517164,0.16024835583429142,0.1302412592048795,False,1.6583607568894045,0.13677540041424968,0.1302412592048795,False,0
492,0.13124066296529596,False,0.847941877166321,0.14901943231509462,0.13991005987860888,False,0.19421074292794271,0.1458201695492893,0.18563608342962107,False,0.5131251395965957,0.16198516787007708,0.14832757100729427,False,2.1791859916552085,0.13974594320523911,0.13124066296529596,False,0
493,0.13723746696607547,False,1.0656311347443033,0.14971673837418936,0.07766107109401543,False,0.3856892300902015,0.14740819418530932,0.1882256497622407,False,0.46695815089860315,0.1615343512006236,0.2343728389179896,False,1.7295919774754371,0.13995540613572316,0.07766107109401543,False,0
494,0.1807080302957233,False,0.7884244825786653,0.14891714474231105,0.11908070278395683,False,0.22481586241085405,0.14640290878931037,0.11944722544714381,False,0.43752204910846326,0.15927439864951076,0.2091360191394946,False,2.0175988812816747,0.14008209386584966,0.11908070278395683,False,0
495,0.17119302139382048,False,0.8718585244753367,0.14712810782533975,0.16387763878424516,False,0.3631357692749666,0.14507478882638794,0.1721162647759164,False,0.5802491808807646,0.160167394413065,0.23742361004701384,False,1.8738068156980674,0.14065926226151132,0.16387763878424516,False,0
496,0.1323178134180571,False,1.1832640794509341,0.14995098761213904,0.1300958352868976,False,0.3190069078735285,0.1459532225967102,0.07852830628719654,False,0.6545525847907927,0.16086908398768962,0.24235478921897236,False,1.9163560918489684,0.14106691679475275,0.07852830628719654,False,0
497,0.17001692184273404,False,0.8011177422657343,0.14861466303479492,0.15857115244338632,False,0.3124153603422797,0.14569130154745125,0.21603299178850888,False,0.4713278476173173,0.16048848219329692,0.16575296954957247,False,1.8696247506550558,0.14053753587017237,0.15857115244338632,False,0
498,0.16793835464963003,False,0.984509553024167,0.14930692141971258,0.07077226666027592,False,0.33686149774123275,0.1465071257718062,0.2194914009296116,False,0.4734563100492528,0.16083161831784892,0.11391686127493361,False,2.2161407669779942,0.14395106199013677,0.07077226666027592,False,0
499,0.03738437273260853,False,0.9243098647352936,0.1491374917450523,0.13234712546057925,False,0.37802616798026345,0.14603340074103102,0.11363193568585717,False,0.5919961963080957,0.16223445677132606,0.20793311899950956,False,1.876048301055476,0.14118636319439054,0.03738437273260853,False,0
500,0.11861614541843801,False,1.0744521941279181,0.14836326911637115,0.1555468713348308,False,0.2952107232622061,0.14546395598607287,0.21302472663482175,False,0.4815093953578693,0.16020239673834172,0.13620456643603074,False,2.2003975255612964,0.14668721861213213,0.11861614541843801,False,0
501,0.1531429791595153,False,1.0044842872227058,0.1483023837633347,0.15486619548196046,False,0.24520899651318095,0.14525622661537763,0.07362827276208694,False,0.6119591778288289,0.16093032947125036,0.249772798063439,False,1.7739566943412064,0.13972190124498868,0.07362827276208694,False,0
502,0.10935724001310976,False,0.8849796515123098,0.14969483190652133,0.09908313037686,False,0.20594622491093983,0.1468198111559869,0.1543842573815441,False,0.47742676634543146,0.16239678330146168,0.0055974642215042,False,2.4416950623546443,0.14221771351597084,0.0055974642215042,False,0
503,0.19180295300137123,False,1.0090851851695737,0.1486634663116118,0.1479154557243042,False,0.27691710852154916,0.14547180076068617,0.18283240459997618,False,0.4331365280885642,0.16105826540529852,0.24403244110717814,False,1.6583850421276223,0.13882915500566975,0.1479154557243042,False,0
504,0.14299649528846625,False,0.747754202322521,0.14782462507506394,0.17211574722186052,False,0.2694426240613279,0.14545129449404948,0.22309564558803213,False,0.44283704735397045,0.16094835155049553,0.14346858415466252,False,2.1690027681201367,0.1403309989408536,0.14299649528846625,False,0
505,0.18214055862220546,False,0.9424993970636386,0.14913658735945798,0.1284654853060917,False,0.38627224386133285,0.14690800294901057,0.1062599403102229,False,0.7014668231546695,0.16119166373824467,0.19300227738709608,False,1.7112972393944808,0.14208503708670944,0.1062599403102229,False,0
506,0.13609681299215037,False,1.080988893759139,0.1490391988117396,0.1168962817280661,False,0.415398061693264,0.1464330174001589,0.20299790897373216,False,0.40085184585795597,0.16125706075343818,0.17305645195690644,False,2.4005376196918955,0.14099429809140773,0.1168962817280661,False,0
507,0.1878098157982001,False,0.8276447998839997,0.14897410918011528,0.15606073451810365,False,0.40267683669879895,0.14580049740587991,0.21175168710157966,False,0.45175302220060165,0.1613067904806963,0.19131235810345693,False,1.8398446209949197,0.14065904572047755,0.15606073451810365,False,0
508,0.1305283104337051,False,0.8431864443389205,0.1497552469367947,0.15164483737119955,False,0.33122248376341656,0.1465934073718202,0.19482035581681567,False,0.412444744523085,0.16188925214425395,0.2056457960404091,False,1.591905266302466,0.14091937246367464,0.1305283104337051,False,0
509,0.0552305829231432,False,0.6587170583312738,0.14930123498310738,0.08570527897015207,False,0.2648050027295956,0.14648734103614908,0.17850155117824207,False,0.4807559494257325,0.1619156272333442,0.18242583107775928,False,2.073901480369281,0.14121193625030637,0.0552305829231432,False,0
510,0.1369275395425858,False,0.6873037126983776,0.14744464112216837,0.089081248426923,False,0.17956653485217622,0.14474951432389477,0.13536764875211788,False,0.4129508609778574,0.1591756595923286,0.17551061475877822,False,2.060578245595864,0.1404066876165455,0.089081248426923,False,0
511,0.16070675176558102,False,1.1691773272444599,0.1494933509852709,0.06593355838733617,False,0.34531859163918455,0.1469360712801624,0.1204762555704742,False,0.5483640673455432,0.16108727849453944,0.17349803508156597,False,1.600886731606718,0.1373183664865934,0.06593355838733617,False,0
512,0.19879901692310825,False,0.8194645762005512,0.14766923381900532,0.176274644088804,False,0.31237580976463164,0.145155219706003,0.15958923895564137,False,0.48838418394868444,0.16014215045354063,0.00900934082558924,False,2.3100289714216125,0.13501672927636,0.00900934082558924,False,0
513,-0.0074039139802253295,True,0.9519841568358853,0.1557318736055595,0.057033288824460904,False,0.2615321689405756,0.14429519644031555,0.13902504725547937,False,0.7088599231398347,0.16017486440645953,0.24856352666075493,False,1.8104636786083779,0.13964464374266533,-0.0074039139802253295,True,1
514,0.01928536299255723,False,0.5538405449461388,0.15548569601975315,0.04670574988281817,False,0.3176320620704445,0.14432860399591096,0.20196045984436184,False,0.4593726575655068,0.15961749920423002,0.2515815461668484,False,1.9008174927036983,0.1399036076199584,0.01928536299255723,False,0
515,0.03497257772327689,False,0.9360973250278901,0.15641683746233825,0.06510577282935492,False,0.4054796392645019,0.14376610143892243,0.14672106121990364,False,0.5720790965901701,0.16086401561072017,0.23721250903578878,False,1.417268740411024,0.1392164581150629,0.03497257772327689,False,0
516,0.08211526146868753,False,0.6928672367195925,0.15726954020067085,0.0640707982910439,False,0.360859133237869,0.1442409559324112,0.18246268529075116,False,0.5707019975725092,0.15956427969840808,0.24334370009773093,False,1.693146648166441,0.14013198981769415,0.0640707982910439,False,0
517,0.011954789620000628,False,0.7569036611478184,0.1557706263620268,0.07353978622354762,False,0.23264388694193516,0.14310625178064973,0.036864834591845086,False,0.647919567245355,0.16011713777241007,0.24363655362222214,False,1.9067237440087954,0.13962483394463396,0.011954789620000628,False,0
518,0.010769857244379843,False,0.6719306808971284,0.1565004058230409,0.12611303116906136,False,0.23228547843107816,0.1447546595370025,0.1964538236587528,False,0.450191388049376,0.15977305548360032,0.2480306685082097,False,1.7931690835508065,0.1391091189804386,0.010769857244379843,False,0
519,0.021693643197099877,False,0.657183307794112,0.15631434877235212,-0.020467830074873183,True,0.17985516616293196,0.14358586051816938,0.11436000989653816,False,0.4245390122823798,0.15985200328912297,0.2191438982574651,False,1.9298781127585776,0.14045266507724008,-0.020467830074873183,True,1
520,-0.006137477006547876,True,0.6610199204671536,0.15649259381895275,0.013734023441158483,False,0.2653098304290076,0.14366226224478468,0.15083334828631745,False,0.4214856932826414,0.15852598010093305,0.23686114916576267,False,1.8226875320550877,0.13889287842699993,-0.006137477006547876,True,1
521,0.06593679255080187,False,0.672732073862391,0.15717931232088456,0.05320291677700317,False,0.2674059170502203,0.14390403713587874,-0.0030974967163581724,True,0.802139644294078,0.16048598784073037,0.15347373135021813,False,2.2843752644399435,0.13956625690865512,-0.0030974967163581724,True,1
522,0.04256908596969167,False,0.7880692011570141,0.15736340066627413,0.08683974514159953,False,0.2496489379425395,0.14422408343813214,0.1710446174732299,False,0.48686907939618895,0.1612505308927241,0.17329459007533715,False,2.0154998065206713,0.1399230755093657,0.04256908596969167,False,0
523,0.06874879364029185,False,0.6313621123020103,0.15681154985885365,-0.01479828926829918,True,0.24474025693320023,0.14410145725748003,0.18960750175895286,False,0.47356185798014305,0.16024705170864045,0.16527600703127232,False,2.441678145627206,0.13986816661582638,-0.01479828926829918,True,1
524,0.052094965542594296,False,0.6881481135606802,0.15666272990166963,0.05437743122293315,False,0.22657927975446324,0.14348499438131732,0.11162983049110065,False,0.3927129435192702,0.1583518156729417,0.2212100661992908,False,1.930235489844784,0.13878520525726418,0.052094965542594296,False,0
525,-0.04172857062812907,True,0.8280950851599522,0.15994089353608504,0.061014528578845595,False,0.2489147771012461,0.14379722118570465,0.19946363523544297,False,0.4761116668561278,0.15950659688722799,-0.0005890983725647114,True,2.3714299347127246,0.14057059822099321,-0.04172857062812907,True,2
526,-0.08212935432888835,True,0.854683638004136,0.16073864795599166,0.07032434624017647,False,0.29763025267530585,0.14388207707095357,0.07213832139012888,False,0.5587074501095288,0.15988980054392715,0.2528844372257474,False,1.4289115018126752,0.13999938173158147,-0.08212935432888835,True,1
527,-0.013942728746912492,True,0.39574537483406047,0.16118941362185285,-0.04149196670494404,True,0.20297614419029042,0.1439986270143103,0.16824831937491375,False,0.4358064383229403,0.1605273902753267,0.24265679251282107,False,1.7037861090523605,0.13909401780910424,-0.04149196670494404,True,2
528,0.01077614691097939,False,0.3941955978348133,0.16073736754594,-0.06663840123483733,True,0.12005523152456954,0.1434480483063016,0.14438841020194965,False,0.3437024388031211,0.15921241392205426,0.18813147651481715,False,2.2763733665507537,0.13974498298957372,-0.06663840123483733,True,1
529,0.027917313272851407,False,0.43277437124036955,0.16278034019061194,0.08375813814769734,False,0.25711378338094537,0.14634540016842185,0.11894094980878678,False,0.517851456490048,0.16185012549244998,0.2510894469641331,False,1.9152477280521065,0.14186546797121452,0.027917313272851407,False,0
530,-0.0042566917661477355,True,0.3998884568568646,0.16321158229791496,0.038134398860557694,False,0.29795382891717526,0.1457902692185738,0.1208263489176184,False,0.41361427632332304,0.16105072549159605,0.22519720134426857,False,1.7034090765605372,0.14115572721365455,-0.0042566917661477355,True,1
531,0.004843046504801274,False,0.5980717325925284,0.16235980645804027,0.08873020930557524,False,0.4045302645960507,0.1445638031374698,0.21712257973169702,False,0.4332151431627518,0.16008293889884284,0.2558177827907499,False,1.8875058591216263,0.1401144432796031,0.004843046504801274,False,0
532,0.033492522654243295,False,0.533759357319578,0.1624004496944109,0.057925908211649335,False,0.3091276538556176,0.14410905155258902,0.07391674651637226,False,0.5409030752011572,0.15885088876076614,0.1881005278565393,False,2.1165344476149204,0.14067342107308936,0.033492522654243295,False,0
533,-0.008915763991608205,True,0.5619005504761738,0.16084240021321788,0.007797507216760979,False,0.3972627761187242,0.14375667411848814,0.158975909240056,False,0.5235034948070265,0.15994873941250362,0.21355120634678332,False,2.039908231422944,0.13997496218773903,-0.008915763991608205,True,1
534,0.01728346638637812,False,0.4852964043060264,0.1610963277353945,0.048969240032284866,False,0.2636659715138687,0.14379048359790994,0.025143299839714306,False,0.6490411376114449,0.1594588629103723,0.24727367915122017,False,1.851364182303552,0.1388944475814432,0.01728346638637812,False,0
535,0.013650915463514268,False,0.30560751234906003,0.1609091415880034,0.0014496890480797386,False,0.14730924358058317,0.14416976970655754,0.12557439530965353,False,0.3398609506708057,0.15967066551812042,0.17458971546203184,False,2.3254901371646963,0.14049556696654686,0.0014496890480797386,False,0
536,0.011124760709439352,False,0.4968153502021282,0.16076183201065586,0.0788050359207852,False,0.21338098179058074,0.14399867259570687,0.1315027513898055,False,0.48336689691823986,0.16006781532302922,0.10969191346133433,False,1.8737548370083297,0.13961603696144292,0.011124760709439352,False,0
537,0.03797042908940218,False,0.6096161825554987,0.16094406515078652,0.052832548734215945,False,0.27563457020810866,0.14394356751845902,0.09300052513128743,False,0.5395790639009408,0.15919076377471275,0.2376803061135741,False,1.9148270457825438,0.13979896102484568,0.03797042908940218,False,0
538,-0.023286646285749724,True,0.542266989105813,0.16059231996299533,-0.02787428342818088,True,0.12005583499461947,0.1449670044039969,0.15251272334332577,False,0.4418858149746172,0.1597463018691807,0.10092148424598191,False,2.2923103280772605,0.14037519325005277,-0.02787428342818088,True,2
539,0.06543266383846214,False,0.5368731857931588,0.15876758113024453,0.05741445902448339,False,0.24293099637474347,0.14406419170248236,0.15544302923853703,False,0.4744898237520594,0.16026722086851453,0.21174120266917484,False,1.6970965174179775,0.13970281582249858,0.05741445902448339,False,0
540,0.04498322851986247,False,0.37376035151745235,0.15938295236908592,0.014964610780974996,False,0.21075815658460972,0.14357004680307248,0.11293488153770648,False,0.44173198904865907,0.15888739797111015,0.2237964608688981,False,1.6916429195923177,0.1384093479082186,0.014964610780974996,False,0
541,0.13357955213375128,False,0.8019514516366608,0.15395172478310137,0.06565705102418773,False,0.23173097952434873,0.1450407860057542,0.04486932753539086,False,0.4527857108467117,0.1610061367636044,0.21870450661329316,False,1.409198006579691,0.13943936396877943,0.04486932753539086,False,0
542,0.04461387341265566,False,1.0122490861164928,0.15369512799358737,0.039296117908170114,False,0.446738694593513,0.14525551514826351,0.0514938036154714,False,0.6122854535438553,0.16081603249110005,0.2369342597675521,False,1.3911095774664446,0.13942016247092487,0.039296117908170114,False,0
543,0.05329406282611271,False,0.9941839955109413,0.15181450301336186,0.06042241377362978,False,0.20557375904277508,0.14389856352035613,0.12111314291468017,False,0.46814712389471613,0.16006771717870105,0.2214653547830765,False,1.4001917697047253,0.13883587950479578,0.05329406282611271,False,0
544,-0.02202599450992937,True,0.9533567729964083,0.15312119827936535,0.0584656096700199,False,0.30278353566566807,0.14508182674664727,0.11662551940587862,False,0.3788532624160601,0.1608760913376885,0.1898563980088377,False,1.7957915133015492,0.1396512104949184,-0.02202599450992937,True,1
545,0.09363144750258556,False,0.7136336032455595,0.1520632703872789,-0.02142340216087013,True,0.1978098585630923,0.14407913399211325,0.12221547311252862,False,0.5825512824430576,0.16096544967763343,0.24413371713735033,False,1.3043855643367777,0.13825672903584973,-0.02142340216087013,True,1
546,0.1402171427621513,False,0.8497923215435284,0.15225995051309,0.027354415027691314,False,0.26277783398151255,0.14346848016138283,0.1281049076864762,False,0.45341953679890556,0.1586157490098909,0.23631940755026154,False,1.3908792346380259,0.137728477820029,0.027354415027691314,False,0
547,0.1292032863210416,False,0.8565714229648538,0.1510660871593899,0.04522945521250554,False,0.26745180781348266,0.14346782606798747,0.18752005314462916,False,0.49096598575373585,0.16019900247710278,0.23336139823241864,False,1.367960461506133,0.13835343700478708,0.04522945521250554,False,0
548,-0.021154850276099202,True,1.0214655644731245,0.15225924729754797,0.086297019770596,False,0.2868597437916618,0.14338403063143657,0.20906572089937003,False,0.48172209851256786,0.160125399533812,0.2210567746848418,False,1.2399026771900226,0.1376894976665279,-0.021154850276099202,True,1
549,0.12052104006962783,False,0.8067357494551668,0.15239726322762454,-0.0174884151985083,True,0.20005132911589008,0.14324109057839599,0.19346155876459015,False,0.5648576074983565,0.15979253707410324,0.24919735431844053,False,1.3248912976418583,0.13871722019447774,-0.0174884151985083,True,1
550,0.07131219659207999,False,1.103896675779389,0.15157595605069038,9.818381754922445e-05,False,0.3199630050576281,0.1437455272168664,0.1702562471769034,False,0.42496981248197274,0.1594015981571367,0.21538616878771122,False,1.5144708161846712,0.13854756587742467,9.818381754922445e-05,False,0
551,0.006389874876118751,False,1.0596359031021676,0.15232115305306082,0.0901462117341022,False,0.23908858749292672,0.14359258897969226,0.17150740852205387,False,0.4294152787076009,0.15857618091079678,0.23524121996629083,False,1.669931457963775,0.13837317115100017,0.006389874876118751,False,0
552,0.020067380602634577,False,0.9194864568684913,0.1528778279763327,0.07094338873758665,False,0.31410689140340975,0.1436041177238282,0.050111429502454174,False,0.6862991474540854,0.1597003271894293,0.23136406776165352,False,1.2897105880784503,0.13724824799911528,0.020067380602634577,False,0
553,0.06773752873069239,False,1.0338121611115665,0.15384697171636136,0.034260173082029555,False,0.3667014470411303,0.1455332195740863,0.1375621705230901,False,0.4718534951433324,0.16087045402498015,0.20805675850443217,False,1.5585009777320984,0.13881279900140692,0.034260173082029555,False,0
554,0.13111717455133126,False,1.0712394700501355,0.15206035228478226,0.039855690733119786,False,0.3696017559858489,0.14377966960591643,0.14551231149324084,False,0.5061262092302734,0.16051562206157222,0.21195049711576475,False,1.4445577782046781,0.13835258325681551,0.039855690733119786,False,0
555,0.00744678665774956,False,1.203800083449111,0.15288431744765468,0.06926311127987228,False,0.32303619037918074,0.14409987318375,0.20601313887897754,False,0.5457408623796058,0.16044351261896017,0.2154267477698696,False,1.3819138938483104,0.13561299631196455,0.00744678665774956,False,0
556,-0.0719931212562519,True,1.1057645388834405,0.15318905545140604,0.025389426753133604,False,0.21552759821891487,0.14440654106384315,0.14768051269168597,False,0.4374906810743773,0.16095438217184715,0.21749842448398365,False,1.5482197107634104,0.13920776957196662,-0.0719931212562519,True,1
557,0.12593344197439488,False,0.8554687430081651,0.15176212262318106,0.08293514491661785,False,0.35369091720838086,0.14470447274925471,0.11727033206004911,False,0.48281742105356007,0.15967303735566668,0.22956871281650992,False,1.2052030753061223,0.138642839496916,0.08293514491661785,False,0
558,-0.0829524240776256,True,1.7132977863635273,0.15282240718179657,0.06812533380379782,False,0.5132471000210233,0.14459543669649308,0.1538838046709617,False,0.49722771188060433,0.15946944726746778,0.23353685526089163,False,1.5521387652470149,0.1385316131492311,-0.0829524240776256,True,1
559,0.10431827287658363,False,0.7351966147353235,0.1516831933607346,-0.002440584985399008,True,0.27452555153172176,0.14357362270511265,0.0838735653490672,False,0.5013462416870214,0.15933966392814397,0.2035978438856038,False,1.5662318356010276,0.13938632036925813,-0.002440584985399008,True,1
560,0.12107460236677448,False,0.772656006660728,0.15128444022619886,0.11129270735672508,False,0.34059099192609876,0.14447206030612852,0.13272038807506187,False,0.4659382467890332,0.15789418601214603,0.2159625012112933,False,1.303089209231214,0.13797266202837571,0.11129270735672508,False,0
561,0.1035419721905339,False,0.9270855984071218,0.15328250966100826,0.011712069764762467,False,0.48293597722511517,0.14346518559784932,0.17058423904538644,False,0.4206959130719774,0.15923694582660708,0.19855076681924205,False,1.2107337708153438,0.13762205210900302,0.011712069764762467,False,0
562,0.0931407255850899,False,1.0122255972426004,0.15212306516999793,-0.029214768005152658,True,0.5962356301865934,0.14498563397922365,0.11220870197893007,False,0.5364048291380938,0.16081541206224773,0.2102863670755744,False,1.5911798519914,0.1388324879421488,-0.029214768005152658,True,1
563,0.046086459385098144,False,0.8697352384017625,0.15181487894439616,0.08932453726272349,False,0.31023014644922986,0.14359534305961072,0.18268841680003894,False,0.5139593669674669,0.16001908249216068,0.2492188252872679,False,1.3321569608919233,0.1388433943990955,0.046086459385098144,False,0
564,-0.026951052034243306,True,1.1643521260906506,0.15237200766040182,0.03225399603766821,False,0.49721744393449985,0.14408399367866917,0.1958106127668085,False,0.46801186961009567,0.15946877375599772,0.256428286722662,False,1.614404648536433,0.13892075228235112,-0.026951052034243306,True,1
565,0.020370556129571504,False,1.3752472680493018,0.1531334393471486,0.023970345129314508,False,0.273224844846649,0.14448009274257947,0.13614343535104378,False,0.6034953590966359,0.16028427953749902,0.22412170318013447,False,1.5615214236094204,0.13972173245849023,0.020370556129571504,False,0
566,0.12826293495732471,False,1.1761973833627026,0.15152514814871948,-0.040549738003783586,True,0.698757510406437,0.14407222452008145,0.10514186397422276,False,0.38469920475145214,0.15843766434643275,0.2505936958621765,False,1.4040698072546118,0.13848908882743624,-0.040549738003783586,True,1
567,0.04048524012222787,False,1.2008193280957413,0.15059209442513494,0.011584906102774739,False,0.5331902835922946,0.14337550197303556,0.10764843293206738,False,0.5470532108088653,0.1580395283183223,0.2392128404803313,False,1.5194910398055166,0.1380633104545133,0.011584906102774739,False,0
568,0.08151242419829907,False,0.9691676674413547,0.15382049574675843,0.040492479998708863,False,0.4186727663278438,0.14559117402170996,0.18508342639642028,False,0.48063513102545685,0.16105807384713716,0.2109956003271382,False,1.501003091678728,0.1403172781797926,0.040492479998708863,False,0
569,0.1697776108787643,False,0.9781551959249812,0.15060475071569573,0.07811797916942864,False,0.41311030236879565,0.14408385309379965,0.10099238936010368,False,0.5888666023633404,0.15901622680187405,0.22040114981055658,False,1.4001461906303851,0.13761929669424078,0.07811797916942864,False,0
570,0.10196517610147438,False,0.7617862275986094,0.1520411395027569,0.012762740053640309,False,0.2645249328212431,0.1446418774865854,0.1476335216811573,False,0.5094584969911606,0.15988374389251336,0.2138021612056215,False,1.1972619846510488,0.13884171427134567,0.012762740053640309,False,0
571,0.003729965319746009,False,1.1694912941681141,0.15299447316896111,-0.006310376656773142,True,0.4677959553999591,0.14523113367810492,0.03811324051460441,False,0.5608746985879032,0.15961761545278702,0.21482442415635605,False,1.4666477115371004,0.1399826990193898,-0.006310376656773142,True,1
572,0.11983942228338468,False,0.9597854766680338,0.1519690486716903,0.07840846411429925,False,0.26767413231256065,0.1437177359941134,0.14661632589853774,False,0.5126725877196063,0.15933878460296855,0.19342677125789964,False,1.4817426266429625,0.13924274182902796,0.07840846411429925,False,0
573,0.1472511382134699,False,0.730527551200975,0.1505048963453548,0.07667730178611909,False,0.3289657387027467,0.14367669450844867,0.19153638235479886,False,0.43092663025914835,0.15965019726670904,0.19947535671498895,False,1.2454519438045488,0.1388017992700893,0.07667730178611909,False,0
574,0.01680248811235141,False,1.175484690525377,0.153112667167574,-0.016016992086800075,True,0.41865435041108,0.14515318882235972,0.10168422349101258,False,0.39307626413346153,0.1609000366455814,0.18467362150376032,False,1.499694536131226,0.14012720813949336,-0.016016992086800075,True,1
575,0.10773580566370361,False,0.7190685828383334,0.15152431471967964,0.041713664467667444,False,0.25342398667065313,0.14389462775402395,0.1205456567698856,False,0.41005234782830113,0.15988723729555449,0.2109964992332637,False,1.3295680323912507,0.1388297947629175,0.041713664467667444,False,0
576,0.12083095683226702,False,0.9572948042896363,0.1524493673943762,0.11363711228927398,False,0.31802210295259403,0.14424239535565975,0.0321818128637017,False,0.6963461616680524,0.16140882423196484,0.2181801599574007,False,1.4509997016700495,0.13927411218264396,0.0321818128637017,False,0
577,0.11115358245782431,False,0.9149246507756466,0.15371177968254432,-0.06262669273920585,True,0.5379319012743973,0.1455654679952931,0.09437196480541765,False,0.5769167206404577,0.16039577230796975,0.22390228836144155,False,1.7042114490244953,0.13966498137367078,-0.06262669273920585,True,1
578,0.0237781124106623,False,0.9077629528082951,0.1517263359546541,0.05865052185524011,False,0.4119919160863348,0.1435125636287941,0.17341830718366025,False,0.4198916966390178,0.1597232720576921,0.25176842762112556,False,1.4285830087226983,0.13855190523924954,0.0237781124106623,False,0
579,0.06858359084254562,False,1.117571954753489,0.15107725695944715,0.0682802302760942,False,0.4387203185491919,0.14449691808043752,0.12715685747469946,False,0.5089509256538978,0.15948248933479423,0.18303176460327747,False,1.523549564370164,0.13886225289621437,0.0682802302760942,False,0
580,0.0451124518827658,False,0.9448925272255193,0.15183293517407748,0.0665752586998164,False,0.4576152756433949,0.14473075843255184,0.13165227679443198,False,0.3662175305179476,0.16101429964745517,0.21216908596898876,False,1.6652575677168167,0.13954548742958484,0.0451124518827658,False,0
581,0.14840004889037334,False,0.713463068792245,0.1517540907233113,0.028926520136838607,False,0.3315610171252268,0.14397512832480397,0.14691957858822563,False,0.42117199436695185,0.1583933723248372,0.2583940601674132,False,1.5751938771649465,0.13909880946135983,0.028926520136838607,False,0
582,0.04375065189239036,False,1.0912419850863624,0.15165464422853864,0.05807727188028211,False,0.5015205601149273,0.14379386023870833,0.10246669841070943,False,0.5341175395718061,0.1586232228754137,0.21937810206162012,False,1.508245372293055,0.13869010585426322,0.04375065189239036,False,0
583,0.08209450664913098,False,1.0622807917807489,0.1535909904676236,0.11889292889483472,False,0.3395411317290489,0.1455525049127956,0.1353839848750869,False,0.4848218243100293,0.1607710828815244,0.225520715200223,False,1.168476156898862,0.13940401440741573,0.08209450664913098,False,0
584,0.1257390811185427,False,0.8377744346461964,0.15149446468270333,0.00693030829399488,False,0.40589507412179815,0.14444736107241285,0.18370140228382953,False,0.4355077484386638,0.15914279525551256,0.2215714368370813,False,1.4081907111032281,0.13910236212927352,0.00693030829399488,False,0
585,0.09797706995049166,False,1.0218376531134303,0.15278460570941563,0.0768628793116124,False,0.3650154765178195,0.144846770566259,0.16360162166551978,False,0.4252936145382107,0.15959783558735777,0.2255432573317313,False,1.5099308174135988,0.1383143980436753,0.0768628793116124,False,0
586,0.12011609830134212,False,0.8005851330308862,0.1527402102830181,0.06525209828505285,False,0.45865481973227773,0.14520947462460015,0.17354421242082751,False,0.44470578223404966,0.1603185678399489,0.21138372871093247,False,1.221835739203235,0.13979647650616694,0.06525209828505285,False,0
587,0.17281095942434094,False,0.8890256920442632,0.15142459485947896,0.056233680841933364,False,0.3763243264449725,0.14463103606754818,0.12506494801314422,False,0.4475111722470644,0.159233279570204,0.21777693890916766,False,1.2382406963541102,0.13879537477226694,0.056233680841933364,False,0
588,0.1270213414871182,False,1.0558271515824256,0.15194351425450375,0.08151766211729455,False,0.31349112542654733,0.14382514964565532,0.14746317400291659,False,0.41775942333097915,0.15833067879551083,0.2117388464885791,False,1.5120944000398069,0.13868653478070325,0.08151766211729455,False,0
589,0.1499149197098928,False,0.877108213157499,0.15194292973055074,0.10602967820572806,False,0.28474145430865017,0.1441915014972408,0.15910277167457226,False,0.3575607264883036,0.1575540536757167,0.20292580099926327,False,1.1057645636735962,0.1373777971414103,0.10602967820572806,False,0
590,0.02384205898799685,False,1.0984200500451038,0.15336880441192866,0.07515598846615568,False,0.34625078584950963,0.14593528749536566,0.10084935509279302,False,0.43788267047975227,0.16131066117340714,0.19983134817701997,False,1.392657700356068,0.13989009036078387,0.02384205898799685,False,0
591,0.06760004717578816,False,1.1444105964505886,0.15205668943487233,0.08684862587036729,False,0.4344645594385419,0.14458442706181646,0.11902458436704133,False,0.6145031310764408,0.15994903346001355,0.18887486099608364,False,1.3092490887806467,0.1382196050820968,0.06760004717578816,False,0
592,0.05552381457433275,False,1.222902324748713,0.15208916263647093,0.059532076789278854,False,0.43173221707321896,0.14487250011735905,0.08202938221483702,False,0.5998720885317186,0.15941059314523207,0.2147113033496415,False,1.1989416629431915,0.13784411473067582,0.05552381457433275,False,0
593,0.143222134799998,False,0.9472866113168388,0.1519256701087521,0.0909524047893931,False,0.3320914382201767,0.14404926242262395,0.13818227622523432,False,0.40474248668194934,0.15833682186510561,0.2209966818303532,False,1.2593836908960276,0.13796090957492518,0.0909524047893931,False,0
594,0.04889817782865491,False,1.0859102924834905,0.15219904975596965,0.021470043050984766,False,0.4022646212346115,0.14408021711369015,0.15902080179318046,False,0.45828513565716333,0.15894059008167077,0.1416388090740323,False,1.0975988860099877,0.13886574683717862,0.021470043050984766,False,0
595,0.15070297240414982,False,0.9499511465794008,0.15224055386842206,0.14047539978577106,False,0.3612830146362296,0.1454264420901367,0.21682619202742065,False,0.4776087239213229,0.16057991039735298,0.19860765775687023,False,1.531056977539028,0.1390973593928243,0.14047539978577106,False,0
596,0.11329329392065807,False,0.9809925097056844,0.1514833686551354,0.07203444783574142,False,0.3126575524005002,0.1442672653315491,0.12376792530100483,False,0.32660890325542913,0.16067538244235396,0.18386598506449925,False,1.12150109734144,0.13876673113301058,0.07203444783574142,False,0
597,0.06673788043790774,False,0.7197703391136063,0.15169391410009075,-0.012559593000926794,True,0.42757373943872823,0.14501992592878926,0.13573671473832333,False,0.5096374460509825,0.16034980988139544,0.16024194420337384,False,1.176035506765988,0.138953616374729,-0.012559593000926794,True,1
598,0.05278276716710317,False,1.1438077022560718,0.15221279354491923,0.07696435518747735,False,0.3965259955344733,0.14506595934093378,0.11668097757255336,False,0.4811009722496664,0.1590302978076216,0.14014129178695578,False,0.9262510993733479,0.13827650247344056,0.05278276716710317,False,0
599,0.017825243413990832,False,1.0697154012605465,0.1519471489196456,0.013847699499310528,False,0.5693564642180231,0.14428719902492082,0.16616038137705647,False,0.4672946952666521,0.1588743148103554,0.16142813685217966,False,1.1305310756005205,0.13764362051345824,0.013847699499310528,False,0
600,0.08682636314216075,False,0.9770188906373038,0.1517076629476245,-0.0062038694848652876,True,0.2822278617368945,0.14374319454920925,0.15301487893283883,False,0.5034050126463658,0.15929934358932163,0.21599206916152558,False,1.1846293240435912,0.137928297424222,-0.0062038694848652876,True,1
601,0.10409778186424168,False,0.9950920620589243,0.15239188307839702,0.09689092567039226,False,0.3730627416443222,0.14452090192805128,0.16843953015808083,False,0.3663894503236782,0.16000140592337986,0.19215315036295316,False,1.2589161791365169,0.1377995470997786,0.09689092567039226,False,0
602,0.044720009140956196,False,1.1209991748388117,0.15123939689874716,0.09073775993468047,False,0.2719434811840198,0.14398833775052228,0.15910952088526492,False,0.4960628365273163,0.15958984287791445,0.24817427962731564,False,1.3370118360516328,0.13769360627964683,0.044720009140956196,False,0
603,0.0632439358045711,False,0.9927556652618468,0.15112146141709534,0.08259937007854834,False,0.3372649670471257,0.14408851064486095,0.10446071558462966,False,0.5120941699790607,0.1587419324889951,0.17643248918469806,False,1.0573901299501487,0.13845424202903428,0.0632439358045711,False,0
604,0.07665855864452775,False,1.309949059690339,0.1518354048547578,0.03980594391909442,False,0.45362685100909905,0.1440521623486608,-0.021806849335908263,True,0.6689199459918356,0.1596034490943059,0.24762615994023718,False,1.354642542815566,0.13839415685558018,-0.021806849335908263,True,1
605,0.010827822222183814,False,1.3178314196893988,0.15111705401286724,0.0726311620480321,False,0.4340865911581948,0.1437344632861146,0.10396578923909516,False,0.5740540733700823,0.15912108725556923,0.16393510758032254,False,1.0625140484633189,0.13712775530186763,0.010827822222183814,False,0
606,0.15867173828135966,False,0.9801284345586003,0.1524370541114129,0.029676523157695422,False,0.602895555877061,0.14399550021015867,0.11125406661833825,False,0.6174159348355708,0.15974861908705218,0.2389060364337895,False,1.3848105046828763,0.13832674621195754,0.029676523157695422,False,0
607,0.1527102454025639,False,0.8053152775064683,0.1504587127176581,0.07461642680956637,False,0.336159948508862,0.14351087126334416,0.1729579153334712,False,0.4707058588427404,0.15977888301408383,0.20751538732968527,False,0.9294849492011215,0.13732236767960215,0.07461642680956637,False,0
608,0.02936399152997138,False,1.079549770037598,0.15191686534125542,0.04309562998406513,False,0.31049758874602906,0.14353401746849695,0.07272427279710147,False,0.5388691333020916,0.15973128690599508,0.18520033440761197,False,1.1526501917501855,0.13819073231952567,0.02936399152997138,False,0
609,0.15869808561002718,False,1.0682092021228304,0.15131132572223793,0.08558879462442709,False,0.30984758982286364,0.1434945245290171,0.21999925869145137,False,0.4532446167927535,0.16081673717847184,0.12636283974685147,False,1.394776663470065,0.13772783253422308,0.08558879462442709,False,0
610,0.11440665363773173,False,0.8710565285930716,0.15130022892068232,0.08129554263472366,False,0.2407203428146536,0.14462581158358642,0.07734628868539883,False,0.4116552745925084,0.15913249485076675,0.17365286501045102,False,0.9997280479380979,0.13799377701481508,0.07734628868539883,False,0
611,0.05809103511196845,False,1.3468139008804774,0.1519709849102206,0.04458796983648261,False,0.373164443312372,0.14444502375744844,0.13589331092558893,False,0.6210110608175761,0.15998476124217176,0.2127370757826867,False,1.2799252398899625,0.1375445955211949,0.04458796983648261,False,0
612,0.16493639351898864,False,0.772823029111452,0.15142513392065932,0.07696400099625511,False,0.32472469716755725,0.14337032246128842,0.14916449638201718,False,0.4274054455551046,0.15814518556111007,0.1594994902010788,False,1.100559214742109,0.1377734081080413,0.07696400099625511,False,0
613,0.11665923518620974,False,0.9735645518724834,0.15112592907734218,0.03990277680357002,False,0.31296623850795124,0.14320886769986596,0.09023593191079804,False,0.48431312308097296,0.15772994291468512,0.20017776048864971,False,1.0602135055099575,0.13682470756352744,0.03990277680357002,False,0
614,0.03569486998960281,False,1.2655215787585936,0.15222364549891543,0.04878621266168415,False,0.3794343417704573,0.14453951075098528,0.22665365445679797,False,0.473261384971718,0.16038105133844793,0.20327433406993406,False,0.978052012885892,0.13733280765068334,0.03569486998960281,False,0
615,0.058074605978912675,False,0.9606955099305581,0.15143397778477702,0.09396246330025321,False,0.25914690963300924,0.14490783301975269,0.1529342184599008,False,0.42776561664057855,0.1594578599400851,0.2368640271306634,False,1.186718360662181,0.13822215256919948,0.058074605978912675,False,0
616,-0.013299047445687329,True,1.3751523047495573,0.15181787821645665,0.05910635187281765,False,0.3390807297144929,0.14358208955487362,0.0674915547108047,False,0.7111913957229117,0.160273165407384,0.24328526267649053,False,1.438266559334176,0.13836472370953623,-0.013299047445687329,True,1
617,0.06048256318173406,False,1.2172931578945678,0.15235143787087196,0.08185078978017096,False,0.31675316251438734,0.1436170097071015,0.18344300834226807,False,0.5265704390412764,0.15969500731018577,0.1756852488205427,False,0.9673411572778619,0.13775400579259034,0.06048256318173406,False,0
618,0.11710297522735136,False,0.9946000337356726,0.15087813999310765,0.060631210385099665,False,0.40900817831810654,0.14298321483885693,0.16170273148773806,False,0.44566249339931296,0.15870370406823875,0.23198087218950425,False,1.3303634818066534,0.13723511228526672,0.060631210385099665,False,0
619,0.04881146348162446,False,1.2733408460987734,0.1516908820550502,0.0851798215571048,False,0.3534428973793813,0.14351180049590914,0.12404308732729502,False,0.3622863166669539,0.15813833282121165,0.19294833063436784,False,1.1023547820605728,0.13714325263344496,0.04881146348162446,False,0
620,0.034128338621050025,False,1.065713271042243,0.15132493118153395,0.08723906570050144,False,0.2798439023209618,0.1445621463555175,0.19419899359228182,False,0.4901138599024726,0.15946968943794793,0.13686636196051627,False,1.0099755428189119,0.1374162546299346,0.034128338621050025,False,0
621,0.0690578949231212,False,1.0430063270109724,0.15183202736109228,0.0663089746556822,False,0.27566021171861643,0.1441533257395859,0.16270071231854794,False,0.5996973549544917,0.16008218822820172,0.1909449646402745,False,1.0747715897075378,0.13829984482573443,0.0663089746556822,False,0
622,0.12327847591565633,False,1.163684753446622,0.15125307315917522,0.09441941884534782,False,0.28940917482105744,0.14369105221453343,0.12796822449091755,False,0.5316802544528039,0.15857785216287024,0.21599661204576603,False,1.1587785097646957,0.13786623989761954,0.09441941884534782,False,0
623,-0.053594700718127886,True,1.410959780297964,0.15071244366171704,0.06653712200490147,False,0.3370454356132684,0.14387684036452209,0.12225133964603235,False,0.28878276176702156,0.15903674950307797,0.18420212991522567,False,1.3543720448106784,0.13758601652596206,-0.053594700718127886,True,1
624,0.004315119653505395,False,1.3444365181660691,0.15130595477288167,0.0524354938098156,False,0.39748668614402605,0.14405030965525895,0.11214622310692768,False,0.4582464766949881,0.1593216259148867,0.17681048193484278,False,0.9916134435365518,0.1374166775623033,0.004315119653505395,False,0
625,0.11376979645725371,False,1.2448506466509883,0.15194285980179012,0.11703036167602676,False,0.325068541754445,0.14434328412045505,0.13569095577229057,False,0.556069581006357,0.15941560648963166,0.24041601023824766,False,1.2579351567866341,0.1377673598322908,0.11376979645725371,False,0
626,0.10504620018788552,False,1.2125436303168415,0.15214014820071042,0.014555017259706315,False,0.4177723216674625,0.14365781575581446,0.14490396594634575,False,0.40900955613671,0.16051742242067263,0.19652441533186898,False,1.059085808831655,0.13812788532745363,0.014555017259706315,False,0
627,0.117048085572101,False,1.0757603549807837,0.1512583220556299,0.08335862911238173,False,0.3303931251085579,0.14384575942584188,0.13955676299109093,False,0.479767579024563,0.15840183663103846,0.20518664793250846,False,1.1889637740161985,0.1378369159006891,0.08335862911238173,False,0
628,0.0078467198908716,False,0.8652519721979244,0.1509745416847677,0.050639189975612786,False,0.38585846664973267,0.1436152076681509,0.09631679640632151,False,0.35497186145765425,0.15858795621910812,0.15601647135762337,False,0.9812114309858662,0.13731552811768505,0.0078467198908716,False,0
629,0.16058326279638646,False,0.9864337268877306,0.15052821473465355,0.06642887434382494,False,0.3028444635331087,0.1444246561432306,0.10442114107706124,False,0.4754725064632781,0.15901654829636738,0.18750859127753877,False,0.9088225181109884,0.13734767460023095,0.06642887434382494,False,0
630,-0.0012796493215142535,True,1.4763488220023704,0.1515156918391913,-0.04826894562721784,True,0.6501707123880314,0.14423077803205062,0.18745780694725406,False,0.5389576063426045,0.1601275908243956,0.19151365678816656,False,1.2167199862606495,0.13751013638208393,-0.04826894562721784,True,2
631,0.12469182415910446,False,1.037155489834471,0.15098301898959476,0.09600319941376956,False,0.3393385970072822,0.14433146001336292,0.15123693425202045,False,0.41718858698722117,0.1587492019614522,0.20669646960504773,False,1.057015817067768,0.13800457010663225,0.09600319941376956,False,0
632,0.13958612492427375,False,0.9217267963189568,0.151344030301559,0.01587127542955602,False,0.29302154149041293,0.14429798328823346,0.19023048198043468,False,0.42618329822198486,0.1593537600847626,0.18480913306475683,False,1.4588414295020207,0.13757471130015414,0.01587127542955602,False,0
633,0.11089309037759204,False,1.024380084369168,0.15157235410149994,0.06580295779997514,False,0.45503569074148187,0.14405931512666076,0.13409670241379867,False,0.6264773047761434,0.15975959953101482,0.17174718044960896,False,1.1042977158896712,0.13014209628532702,0.06580295779997514,False,0
634,0.04109575353219741,False,1.2312152018403328,0.1509939384157245,0.03270427757429384,False,0.41021230387287244,0.14357484055761355,0.09109227161575861,False,0.3272168727127327,0.15828351483975397,0.17849038117161026,False,1.1982672745247966,0.1369306278507353,0.03270427757429384,False,0
635,0.11729328713789733,False,1.3721854874417168,0.15125321603647549,0.08383362380146642,False,0.4467461515335174,0.14405933044073183,0.15733496353658888,False,0.6152904191217707,0.16085701504123448,0.17395929376165298,False,1.0456768810673553,0.13773463807354486,0.08383362380146642,False,0
636,0.12928898373408182,False,0.9876711064009072,0.15057585160544157,0.035886734514961605,False,0.25836112398971944,0.14402854588181485,0.09702375686658249,False,0.558402440272002,0.15911476222735643,0.17847520556100838,False,1.0005790009263715,0.13717534931105846,0.035886734514961605,False,0
637,0.10312971909697294,False,1.0826660378973418,0.15076515618177205,0.06354706989717906,False,0.3815787580202197,0.14372587546586096,-0.016105992860156015,True,0.5991033286560006,0.15957116065863347,0.22929417772408428,False,1.1640196961338316,0.13711175097472952,-0.016105992860156015,True,1
638,0.005710904204050848,False,1.4512089490106734,0.15165626672400018,0.09189145576339458,False,0.3503605620774073,0.14424393533319835,0.18104371234201377,False,0.5737488823467749,0.16053026905695472,0.1738697824831148,False,1.1199537363135956,0.12969913509125733,0.005710904204050848,False,0
639,0.028555487179950823,False,1.2964004398500695,0.15195073607693066,-0.027750639033970792,True,0.4716719232364375,0.14300333383699138,0.0873599362803762,False,0.5931409508276011,0.16105877629296908,0.1970255854374907,False,1.2143188048085611,0.13747760311734525,-0.027750639033970792,True,1
640,0.06515458883716274,False,1.0116612392507234,0.15173782470355449,0.06675050923561998,False,0.2633526327946689,0.1437121833868078,0.1254033326300641,False,0.4021895061650873,0.15866832089636596,0.18807900734820737,False,0.8395946525460771,0.13708329635028638,0.06515458883716274,False,0
641,0.009913603832856777,False,1.4813124395245265,0.1520526660611017,0.06638645017371403,False,0.4212797544998437,0.1446517504361049,0.20268708331904606,False,0.5065757811980516,0.16131779468676083,0.14764789014089158,False,1.0574519806167375,0.13772411395006384,0.009913603832856777,False,0
642,0.05556943922300139,False,1.3781618434667535,0.15166072796529534,0.0941046161660033,False,0.34447623972957686,0.1444352580825397,0.0982371018704079,False,0.6537072751302404,0.1608910238849818,0.17727401560871292,False,1.093027709599403,0.13822519064735816,0.05556943922300139,False,0
643,0.026829169811602882,False,0.8416157978220578,0.14955182011733026,0.07165207489647041,False,0.28655438338977457,0.14243208954054654,0.15437512615995203,False,0.4473370187156849,0.15817582297226448,0.2110218966939298,False,1.1046165636225962,0.13561929480459478,0.026829169811602882,False,0
644,0.047265733497172335,False,1.2889987387537385,0.15238793434096967,0.09518036662994706,False,0.30403528728874285,0.14424670092161446,0.16840992467647875,False,0.48835562212982975,0.16035060432216186,0.1461757246490989,False,0.9986788633962338,0.1387431747273448,0.047265733497172335,False,0
645,0.04138276185023104,False,1.1225009553422143,0.15076668087370176,0.039099646592850146,False,0.24998818015869073,0.14438500807620297,0.16177258197030908,False,0.45832910562885365,0.15926930786575286,0.17586752763460833,False,1.1139314870666333,0.13848005853919568,0.039099646592850146,False,0
646,0.09404280796848252,False,0.8710891079332701,0.1500863960976985,0.03411542681957003,False,0.24375497975790683,0.1429828050274742,-0.02428090140638739,True,0.681258007401808,0.16093580337484242,0.21685980279127243,False,1.047599423234979,0.13697947300519608,-0.02428090140638739,True,1
647,0.06511838466815978,False,1.3627493850391799,0.15035219328331914,0.056075665959755994,False,0.4875425997535656,0.14361379390680812,0.0622610895351593,False,0.666547297356386,0.15899367411941928,0.17279325731526374,False,1.157138056662908,0.13637161814045398,0.056075665959755994,False,0
648,0.015342841007835561,False,1.2910469143297572,0.15173484267550208,0.0788484855845642,False,0.39672169131299073,0.14425861486022912,0.21703773649528046,False,0.46989339117732354,0.1602444987194009,0.17170923660348247,False,1.6547382204721544,0.13822793435933745,0.015342841007835561,False,0
649,0.07594010009458674,False,0.7932922997038168,0.15073422091709537,-0.03636377282153247,True,0.16471744909615138,0.14304912646187995,0.12228287919417186,False,0.36718290832843103,0.15843229386624433,0.15959939792877076,False,0.902271022768383,0.13781436160684218,-0.03636377282153247,True,1
650,0.13883439504337525,False,0.867950425242811,0.15183842996675684,0.09196353475326696,False,0.3492085726343803,0.144459258629628,0.1162405849279472,False,0.6740117105565648,0.16008657752332534,0.1592677162934814,False,1.1002805435400607,0.13786627788958505,0.09196353475326696,False,0
651,0.015264509677645921,False,1.0515420993659468,0.15082368349672867,0.032524615034888904,False,0.3969260538595307,0.14361470856649855,0.02579993412977477,False,0.6202826731669908,0.15959975787308528,0.1477054151940958,False,1.0466300139168254,0.13657518586723785,0.015264509677645921,False,0
652,0.06502926754523497,False,1.2372806236787977,0.15161956861128362,0.058958199799992506,False,0.32112037622802614,0.1439885929536017,0.14950171019452146,False,0.45356823817860836,0.15921722551375345,0.19981464848019043,False,1.2090435488409286,0.137429015075287,0.058958199799992506,False,0
653,0.12313564003281463,False,1.1038151303633859,0.1516026377127656,0.05955326600808597,False,0.3858067037406736,0.1438116227960108,0.17650936988442723,False,0.456093159837911,0.1601625163546604,0.17863684229156312,False,0.9812786918204892,0.1378004818983579,0.05955326600808597,False,0
654,-0.004088122264514937,True,1.116982939116954,0.15056258635402808,0.013473168198928964,False,0.4508848481533927,0.14362346187327515,0.13960721694721762,False,0.4433933464340698,0.15768362648842238,0.1973049430865087,False,1.1984341364766213,0.1365831573430734,-0.004088122264514937,True,1
655,0.07333839715574131,False,0.8223549714309975,0.15067767178390484,0.03948029100538808,False,0.2455128646064073,0.14403261542833945,0.19430778275262844,False,0.4134132919756772,0.1591344838105556,0.15648213825839358,False,0.9505155418037847,0.13688173105789678,0.03948029100538808,False,0
656,0.023568143469156033,False,1.1430351453859546,0.151720883842897,0.10311382130872943,False,0.27670131469738046,0.14500416632737206,0.12063422127330553,False,0.410435125885098,0.1596013727621899,0.1754359701364291,False,1.0480748083113203,0.13748730782821422,0.023568143469156033,False,0
657,0.11911367029073011,False,0.7023487216868656,0.1505002385080999,0.06511045260681536,False,0.31769431480571964,0.14420098306792745,0.019490813483894143,False,0.31607320887752133,0.15875386356541293,0.17687318164161064,False,0.9862811626735271,0.13755459130598385,0.019490813483894143,False,0
658,0.04086661720389362,False,1.2864470287787078,0.15045338696773464,0.07310203858264375,False,0.37438630141854357,0.14446853457015255,-0.08630822725767817,True,1.0961208754596912,0.15885911478358145,0.2259394111921204,False,1.2784453597339627,0.13764042539500754,-0.08630822725767817,True,1
659,0.13219845804038693,False,1.0529354758144218,0.15081570492290602,0.092603729126219,False,0.28300545262838694,0.1444160575101469,0.13588728063409106,False,0.5351843383908121,0.1594154328800785,0.18790654033661985,False,0.9747162572670578,0.1375406470902373,0.092603729126219,False,0
660,0.021614871299297067,False,1.413247401177708,0.15195205638197035,0.061771290073702745,False,0.459745153951973,0.14471125718715216,0.20832851223530896,False,0.4829976185028124,0.1599803460226203,0.13419587327790028,False,0.9275533202354789,0.1372801093311556,0.021614871299297067,False,0
661,0.11928111501674887,False,0.8214089408909251,0.1504134049986725,0.05704213359543142,False,0.42435598042434064,0.14400756214568078,0.11687262548531097,False,0.5540926794223142,0.16014049939652014,0.23032715507859464,False,1.4215849208635403,0.13771118499117757,0.05704213359543142,False,0
662,0.1553650114628526,False,0.9311350856393559,0.15148491770487676,0.055540293979216004,False,0.3469400804631497,0.14385484767116613,0.147864368302285,False,0.4159478229314759,0.15947707843661912,0.17709719160984366,False,1.092737388482576,0.13719415250824202,0.055540293979216004,False,0
663,0.09439511191450534,False,1.0314717175345611,0.15157079278721058,0.09042728582646259,False,0.3454648269239433,0.14375102039399323,0.14130965402616663,False,0.5566177776809744,0.16062224462849267,0.18848985307986266,False,1.1800917365655694,0.1373913534112433,0.09042728582646259,False,0
664,0.1517228783088697,False,0.8876338182295125,0.15052489063268792,0.10041577542424684,False,0.3625359080046011,0.14485492058535915,0.14046551457342155,False,0.4761373200655994,0.1601952257080319,0.16574108076386657,False,0.8612088268982809,0.13682480487414936,0.10041577542424684,False,0
665,0.10131032974846288,False,0.9554285151656192,0.1516930429613153,0.07229403779918964,False,0.2782479945114944,0.143554186060828,0.1175771493370954,False,0.4478476532983082,0.1589186438355483,0.16380217563697813,False,1.3407217894572008,0.1379982375439933,0.07229403779918964,False,0
666,0.09321414613417556,False,0.8416594249341534,0.1511985019852049,0.02838682820902838,False,0.2584517851537742,0.1438218743225931,0.12089923083994769,False,0.4084643720444272,0.15895542106897387,0.18238742339514535,False,1.0410824509219252,0.13785435855609596,0.02838682820902838,False,0
667,0.09918297642966895,False,1.2296703121747747,0.15076786488438385,-0.031266581732318,True,0.34663737949972084,0.14405214420942913,0.14504888012709977,False,0.4733522979764109,0.15939773442244834,0.21846866675454768,False,1.285963985755576,0.13704005054160612,-0.031266581732318,True,1
668,0.07054780069574751,False,1.0581689107251453,0.15174423330343756,0.056491551194858936,False,0.49337033625094207,0.14447469991451434,0.14837691685818027,False,0.6033815724386531,0.15940655438193485,0.08528871788755832,False,0.8421826696290775,0.1369282571112851,0.056491551194858936,False,0
669,0.010905419718281295,False,1.037816385102864,0.15118624334456185,-0.03206349067027536,True,0.1416452001269255,0.14300389052923684,0.09123995632314463,False,0.5204267514055536,0.16073502479116453,0.1733665580651807,False,0.928408992918911,0.1375506075025886,-0.03206349067027536,True,1
670,0.1739352616978992,False,0.9956643578137645,0.14983868226569924,-0.03684552811047748,True,0.1776126506933975,0.14352630737825434,0.12662314392933716,False,0.5363726225588716,0.15954501434189797,0.09985845703224916,False,1.2827916826119954,0.15478719245420464,-0.03684552811047748,True,1
671,0.0794941256991476,False,1.0968724353337487,0.1510826871976032,0.08941035882888959,False,0.3095019906113723,0.14403967670000972,0.16212404070547276,False,0.4024042270968762,0.1595252589295716,0.07108478365517035,False,1.0765150349448662,0.11766060892386668,0.07108478365517035,False,0
672,0.030310649105934506,False,1.164776962277495,0.15187546967589277,0.04063569320971816,False,0.3280205917301364,0.14355623263414935,0.14225673488265045,False,0.5743920196079619,0.16069598318425482,0.1743136791863084,False,1.1084470805972229,0.13720383080248638,0.030310649105934506,False,0
673,0.07232428795445456,False,1.1229412370452907,0.15128143770855126,-0.047738559195914076,True,0.16934821302510317,0.14291128817042814,0.16567226620240522,False,0.5496434359467177,0.1592934222640959,0.14268811450647712,False,1.0109432543238819,0.13741593387956563,-0.047738559195914076,True,1
674,0.0560518858875908,False,1.1612355431708168,0.15063607169877877,0.04005296285065385,False,0.4135974749343492,0.14299350781514367,-0.07416501215597437,True,0.8870318146337242,0.16010591945564856,0.20950080692391743,False,1.2479113915701734,0.13729928072841918,-0.07416501215597437,True,1
675,0.17636226412676215,False,0.9444598381224316,0.15004268013726657,0.055869847384396154,False,0.2676943184023106,0.1428153429074529,0.13882178661037953,False,0.5189138593717955,0.15981804732377602,0.10005220064930143,False,0.9095276073875489,0.1372241740322836,0.055869847384396154,False,0
676,0.0872699447696611,False,0.9593830735743725,0.1503174212681887,0.04474608498645605,False,0.2842456796742747,0.14329048642080558,0.18942138871028125,False,0.4497176743959965,0.15907464175977104,0.21953347402753687,False,1.299937915285153,0.13727962976807717,0.04474608498645605,False,0
677,0.15653163055411834,False,0.85633624615961,0.15017979391906117,0.06583465817961598,False,0.3336682968903504,0.14398398846588445,-0.0694927655209775,True,0.879284152470241,0.1588679480198022,0.22410530720239435,False,1.1388808027283446,0.13753524895529828,-0.0694927655209775,True,1
678,0.1165876321871141,False,1.1953467693704372,0.15160025331590488,0.045763585354410496,False,0.4178918384882482,0.14361053978309274,0.1502584145307878,False,0.5685383040668921,0.16054168093497245,0.144223601170907,False,1.4151675962931698,0.13727339516071452,0.045763585354410496,False,0
679,0.1445930976368201,False,1.0658619156858244,0.1503920217264359,0.03859051000283642,False,0.3377695633680411,0.14391929747638701,0.18342138620438364,False,0.524640604657173,0.15960281068478094,0.10765567821830746,False,0.9350395508576048,0.13716884468785814,0.03859051000283642,False,0
680,0.11064912916233505,False,0.9941744522956708,0.1513024388349676,0.03728008913974101,False,0.4270259516661121,0.14494765751543903,0.13230727967422323,False,0.47067900795069617,0.1609365837287415,0.18420850515056164,False,1.0043224013683751,0.1380964256798578,0.03728008913974101,False,0
681,0.0446916345727546,False,1.0707415735103878,0.15103788869061688,0.06450511626270694,False,0.27033777999099873,0.14442247260854002,0.14579897160104238,False,0.47140320925247803,0.15954484584234543,0.19395534327499864,False,1.1028404219876629,0.13746447467000522,0.0446916345727546,False,0
682,0.11922845840046997,False,1.1239970469165514,0.15125514324739997,0.08229709185542183,False,0.40598395156068445,0.1442797816245213,0.1382861500961809,False,0.5935339538404738,0.16004304346084416,0.17056160989436486,False,1.3047262752498288,0.1376020529019509,0.08229709185542183,False,0
683,0.034906542000047946,False,1.1746171035880144,0.1518439457042955,-0.030529551381518583,True,0.2930211761748769,0.14412127969522492,0.141657979435247,False,0.5426793986693408,0.15958036004369272,0.15803063161029085,False,1.0132751261968596,0.1370548172126286,-0.030529551381518583,True,1
684,0.05790199994094314,False,1.2578672666819433,0.15033877017500796,0.03181392917718506,False,0.28331431060199663,0.1436305813441392,0.1828223101212405,False,0.3998065223304037,0.15995928679383603,0.21384832526576353,False,1.1995890091487702,0.13712758539458514,0.03181392917718506,False,0
685,0.06446105607876518,False,0.873944440471712,0.15123495308605323,0.06900670645845197,False,0.3342237582680707,0.14429394402245233,0.1652018550910272,False,0.4125271201079541,0.16000802236501166,0.1960599205176103,False,1.5032798598226056,0.13696453132103825,0.06446105607876518,False,0
686,0.05706528690666601,False,1.1410644064298683,0.14981733310151857,0.02755506508965555,False,0.28413221279664436,0.14372116319749603,0.08051699619338026,False,0.3450148868306355,0.1579883960715885,0.21284635442459887,False,1.015211900047592,0.13765305733948313,0.02755506508965555,False,0
687,0.03476300514549402,False,1.385327393677644,0.14984201601190558,0.025068035980822412,False,0.18488826468069397,0.14391756303591638,0.14572351811821677,False,0.3567183334440851,0.15870002225884605,0.20682466910776565,False,1.0327029168256108,0.13711767585401163,0.025068035980822412,False,0
688,0.08430144411374096,False,1.0962810047872686,0.15048187206004282,0.04141348718471283,False,0.19950969089061332,0.1427368886813813,0.11071279133315648,False,0.4589859845438038,0.15812981493066575,0.17221487343000907,False,0.8720956868863479,0.1367122042701319,0.04141348718471283,False,0
689,0.05450568190420535,False,0.90840623703787,0.1507938288340357,0.02020148517596121,False,0.27425303820994307,0.1433912385299883,0.15452369775563957,False,0.43698230644641667,0.15926004411046388,0.202301752497745,False,1.391339405023352,0.1374745246328022,0.02020148517596121,False,0
690,0.14265233549206163,False,0.9721832214054864,0.1507238753954365,0.03705169894799121,False,0.2948513028028932,0.14400513588084782,0.06863967080903621,False,0.6425043092358997,0.1598128377110764,0.19732193079315902,False,1.1053786578565097,0.1377931073444604,0.03705169894799121,False,0
691,0.12460045051876606,False,0.9450557280906242,0.15143301855333527,0.0009211350242426253,False,0.2869582899659897,0.1437716732724981,0.21299432621874703,False,0.4406623108187282,0.1594793420492735,0.18349520584343781,False,1.0910426814219014,0.13668798787070385,0.0009211350242426253,False,0
692,0.08369647432064609,False,1.0944132511367124,0.15011900285686658,0.0479877991762665,False,0.3425023654182353,0.14380089711376262,0.14638143069635845,False,0.4341299024959413,0.15930815958628733,0.181416685268933,False,1.3421832467122918,0.1376490643039008,0.0479877991762665,False,0
693,0.035102291815325315,False,1.2055241620706432,0.1513615231154415,0.06695941517977344,False,0.23445042288601603,0.1442494089499629,0.20513315102802315,False,0.5045758803515967,0.1600399514522981,0.18476647392848816,False,1.0389852549527783,0.1368089452312513,0.035102291815325315,False,0
694,0.12618171820005986,False,0.9678779999992657,0.15078461542369626,0.07343583058918157,False,0.2071539410996115,0.14397144584315116,0.14078699165160063,False,0.4702513295992805,0.15912607692410846,0.15886625398522192,False,0.939996977069955,0.1390469620649866,0.07343583058918157,False,0
695,0.15696073310547087,False,1.0686041546821987,0.15025636553462673,0.07379358995118235,False,0.3586057453218263,0.1439700885100263,0.030760699200242714,False,0.6425342019766418,0.15952024298769688,0.22958059184425905,False,1.3335887033476044,0.13668142848308878,0.030760699200242714,False,0
696,0.10665509168759946,False,1.1071951761717411,0.14974488054446566,0.05762786660775532,False,0.2916894874377127,0.14350765128080162,0.09660672957992322,False,0.5496509073651934,0.15822949951468768,0.15506134797438043,False,0.8568505425422228,0.13548462320262808,0.05762786660775532,False,0
697,0.12679089178441566,False,1.0579762480828667,0.15093161527957788,0.041617451007268325,False,0.46833294124134506,0.14367077765543163,0.13075650653979926,False,0.5344314355560811,0.1584959547875195,0.2024132494202439,False,1.1928814006355464,0.13744520665134574,0.041617451007268325,False,0
698,0.12497528856215767,False,0.8368010435112174,0.15107845289108307,0.07037913967624565,False,0.23576933979882875,0.14420135650064814,0.16382642604479852,False,0.3146910290602378,0.15985610288853236,0.22873286104469281,False,1.4817037173936698,0.13835736451676656,0.07037913967624565,False,0
699,-0.01938590597655887,True,1.2913370603252434,0.15083970896493998,0.0743578027277576,False,0.2666854763799609,0.14347763713245448,0.08359740200328081,False,0.5813854273562573,0.1594476630332584,0.18406139363047908,False,0.9400381271038591,0.13752600153349,-0.01938590597655887,True,1
700,0.045329615975859605,False,1.0247196647633408,0.1520346857623545,0.017084735438391396,False,0.33473749612010173,0.14535858748478117,0.17298812639906808,False,0.5425219182535967,0.16066574790600852,0.1963929576321321,False,1.1240373074361574,0.13726258862142432,0.017084735438391396,False,0
701,0.14868000724353603,False,0.770695832013679,0.1505176646428088,0.06987423582260088,False,0.23003592551239138,0.1441106104679526,0.10978629215044355,False,0.5438513819538062,0.15918744550170238,0.17683873567767888,False,0.9707661031985715,0.13747274240356475,0.06987423582260088,False,0
702,0.15488772777080417,False,1.0240547256653096,0.1508964779614627,0.08129643779040524,False,0.22594360001763403,0.14385949278052967,0.07598752122472818,False,0.46448094268130613,0.15961132553422835,0.2230620219737956,False,1.212817540387225,0.13760890151242278,0.07598752122472818,False,0
703,0.10311643197935205,False,1.090370510688074,0.15073499659738715,0.049523951479853,False,0.22158418067243235,0.14359898063807897,0.19208850693482038,False,0.4392204276567391,0.15898236905431157,0.16911794053238083,False,1.1855281286538633,0.13762252777734085,0.049523951479853,False,0
704,0.03449515537483261,False,1.208974408167263,0.15016410402140032,0.08175414452842694,False,0.25875354095518044,0.1434191927156035,-0.023757764540848547,True,0.7302035683262691,0.15958735410882346,0.16655222498703653,False,1.2064268658403492,0.1375552491730868,-0.023757764540848547,True,1
705,0.1132028148939262,False,1.3716367828748286,0.15124647543487857,-0.0693065344113587,True,0.49859758061388915,0.14423551104316407,0.07659932687459259,False,0.6064565713422563,0.16126612916090655,0.16420240339044712,False,0.9702178212216661,0.13788151234439128,-0.0693065344113587,True,1
706,0.06175543070330192,False,1.0706523202109781,0.15170521021299688,0.06559326461962411,False,0.3975248451830269,0.1439891635002849,0.09393488023896146,False,0.5905511446485621,0.15960241985377185,0.17715428523397064,False,1.2735725462100347,0.1376975668849756,0.06175543070330192,False,0
707,0.04074863696356068,False,0.9751825108114573,0.15117833876486236,0.05701877077206274,False,0.36778825512095503,0.14388642204610994,0.10337133007488408,False,0.6859747320002338,0.159491011738233,0.20128976818573824,False,1.0899390966046312,0.13714101206817148,0.04074863696356068,False,0
708,0.06959962714689893,False,1.1691569681411034,0.15099493185716156,0.05704354582346993,False,0.2432258269676697,0.14305685458756823,0.12659724821213986,False,0.4405253607577222,0.15794651135302598,0.18218091176090828,False,1.2613574584969744,0.13722818826829747,0.05704354582346993,False,0
709,0.16671874535053338,False,0.7855147114949772,0.15011315763508432,0.016060819287979644,False,0.17991949483292347,0.14311391314953303,0.12783462632780135,False,0.5411317190839808,0.1600629973001469,0.19304305191379134,False,1.1263610965113502,0.13736058892211245,0.016060819287979644,False,0
710,0.14619405576887834,False,1.0951011353261115,0.151319834383934,0.07262535581478724,False,0.36345031791016136,0.1442373945886649,0.2192069955682162,False,0.5239601762006032,0.16043578922202123,0.20789927798189328,False,1.0981617199737588,0.13706520709875175,0.07262535581478724,False,0
711,0.1134753193396637,False,1.0199471750438278,0.15249162186738308,0.01885176345705697,False,0.27780319823903477,0.1441142854824881,0.17027372002433616,False,0.5505847960298642,0.16099784381690252,0.14148013581048163,False,1.0901730123112192,0.14200961256565758,0.01885176345705697,False,0
712,0.16867284647281122,False,0.8988024772608652,0.15119737708266429,0.03352254523191067,False,0.3679803455528323,0.14397122006988586,-0.09082705413010717,True,1.0153152246436832,0.1601101270213316,0.18695782022414942,False,1.1118327853882333,0.1368644387171708,-0.09082705413010717,True,1
713,0.1404054656260908,False,0.8929248112414077,0.1515320965233667,0.08829748799237952,False,0.24474231108495892,0.1442791763379737,0.10695392331175435,False,0.45627361230023333,0.1592202211536034,0.18125044166807391,False,1.0084294181684916,0.1379013360414426,0.08829748799237952,False,0
714,0.006519032904095834,False,1.3536156647519104,0.150759010600982,-0.0202045535055827,True,0.5763437543034557,0.1432943434959485,0.11908991389423351,False,0.5804477044655312,0.15917503673509992,0.19478591979408516,False,1.124333760372842,0.13644397039572415,-0.0202045535055827,True,1
715,0.06290886703278264,False,0.9830636380393616,0.15090820655238663,0.05965141898672721,False,0.21360914462636327,0.14355085775801713,0.14075226485937337,False,0.386077744567616,0.15878649004384382,0.20331487655299996,False,1.103675621518676,0.13783856785562265,0.05965141898672721,False,0
716,0.13070128300091716,False,0.9236237116004267,0.15094911576037404,0.052059318871599425,False,0.21429998589383858,0.14338054889862806,0.11052999109215589,False,0.519053104307269,0.15998785279860828,0.18099618890721242,False,1.473989116383347,0.13767997524510833,0.052059318871599425,False,0
717,0.12414655998711277,False,0.8222138932749128,0.15025036899360267,0.06898642176975656,False,0.2677984002469207,0.14418401811270976,0.06551445822637991,False,0.6235380878688992,0.15985125133071598,0.15731033953221335,False,1.0088702351212402,0.138368865807033,0.06551445822637991,False,0
718,0.05956425222375872,False,0.7051256930639112,0.1501115890812958,0.052963265718855235,False,0.21347188374310644,0.1443688326494601,0.14996955780753252,False,0.3746120476377526,0.1599246935399992,0.18364897199282876,False,1.0530299777671177,0.13678471219324634,0.052963265718855235,False,0
719,0.0669890800300379,False,1.242769094020447,0.15084457484454245,0.021480589964981922,False,0.4250793627937066,0.14392615493156383,0.2196253688322014,False,0.4762979525944002,0.16012187959899365,0.18109726618145205,False,1.109566719555059,0.13792503878441137,0.021480589964981922,False,0
720,0.0969948785183784,False,0.8152185244423529,0.1529709489080743,0.11180473071452468,False,0.33681330318504843,0.14590408783904135,0.12445650805704805,False,0.4871155949046737,0.1611525628503097,0.14640937506148755,False,1.104871149986478,0.13887164992772014,0.0969948785183784,False,0
721,0.024420768217327082,False,1.177286360992706,0.151677597188365,0.07687566701600312,False,0.4120782456793348,0.14494146849962516,0.19429404929814775,False,0.5731621930543975,0.16121603853196909,0.17435410591150663,False,0.8966067152779831,0.1376566046344928,0.024420768217327082,False,0
722,0.15265279955539168,False,0.9430702198130814,0.15083857123268934,0.00452412110405942,False,0.27070950384985415,0.1440855096482735,0.1281420491775574,False,0.4447914375501858,0.15974888515682711,0.22096540125279435,False,1.0850460040753935,0.1384453207702515,0.00452412110405942,False,0
723,0.10455755364186231,False,1.1853301131671228,0.15197440081059715,0.01460108851467512,False,0.3800336560583748,0.14449935126855096,0.18032381062606068,False,0.47833377951309,0.1602548305602809,0.18947424774224325,False,1.154147863369734,0.13756000360835066,0.01460108851467512,False,0
724,0.11387605855244437,False,0.9041207156323401,0.15233841191897607,0.015231304162455772,False,0.41697445620120366,0.14589406147234124,0.09354212817388707,False,0.38268940364837745,0.16019105956960789,0.12899509347001126,False,0.9544856692484489,0.13900979971367322,0.015231304162455772,False,0
725,0.00500929286483609,False,1.2792332932915307,0.15190259595815075,-0.03489734162284208,True,0.27322172672305256,0.14390755924971965,0.12065924492820562,False,0.5916045926071678,0.16073938752738373,0.18774379796620294,False,1.2026623517069153,0.13767375087636607,-0.03489734162284208,True,1
726,0.03942805732089871,False,1.2842350837704806,0.15181021700514769,0.058661677065386275,False,0.3357133361310227,0.14371954943946758,0.12313740109308369,False,0.5926679416970551,0.16088640998103032,0.22337948498405974,False,1.3381651773639582,0.13828653396730228,0.03942805732089871,False,0
727,0.022599941146708713,False,1.0483104162623582,0.1528742665382002,0.05644888097400047,False,0.3117793224278782,0.14579561884436695,0.1616830115316526,False,0.43189484792308863,0.16153131748649102,0.18421090552164654,False,1.1972866824221744,0.13919778490789947,0.022599941146708713,False,0
728,0.06860041973149711,False,1.3008014291830614,0.15116967505309142,0.08852150241313395,False,0.3350359005715817,0.14345461379865365,-0.06289241792866751,True,0.8864325409892793,0.15974833246606213,0.1787821286261192,False,1.1521821981743297,0.13666126245577376,-0.06289241792866751,True,1
729,0.015710804570011283,False,1.1052034559839947,0.15258813446696298,0.04621982633506816,False,0.27721359376423726,0.14450468224688878,-0.06693872220534847,True,0.8248226533803997,0.161404883928006,0.1820780539869834,False,1.274918812779636,0.13873163457500481,-0.06693872220534847,True,1
730,0.024925050368583612,False,1.2637959685633129,0.15302466308713866,0.08232434072558587,False,0.2893763258781943,0.1453565460740251,0.12229094532701745,False,0.4784970529957364,0.1614967248621091,0.12167535011959374,False,0.8214753005113218,0.13813022301292982,0.024925050368583612,False,0
731,0.031944369349301005,False,1.0994403752377386,0.15161780825116736,-0.0005618471468208375,True,0.37284590447567023,0.14382869063128662,0.13682900827776828,False,0.4599414246883402,0.15979244524581598,0.20298002410389043,False,1.2322898878612132,0.13738767257913148,-0.0005618471468208375,True,1
732,-0.01959258895616145,True,1.3767458603125715,0.15096350924818858,-0.03486618734945368,True,0.5128160815787615,0.14349885500411275,0.17889097471575138,False,0.4888559334478766,0.16067208138768346,0.17570448762293878,False,1.2154940647063583,0.1375635318606032,-0.03486618734945368,True,2
733,0.03313127817271255,False,1.1296201317751735,0.15151472932815366,0.029308578208600666,False,0.2551204041343824,0.14491743156514722,0.1927980952713223,False,0.5950674335970083,0.16033785936774003,0.1453141317221583,False,1.6908146862174638,0.13879258322895055,0.029308578208600666,False,0
734,0.09992928310662497,False,1.0603704343521316,0.1509818253734026,0.07237113431911246,False,0.3671666862957865,0.14318641437554686,0.07782401211906886,False,0.381482236889624,0.15839988888575796,0.18114594998002992,False,1.1572839097415337,0.1376446939313999,0.07237113431911246,False,0
735,0.051243906741972545,False,1.3647978505919713,0.15175309322590685,0.022840604520561913,False,0.36612777410996,0.14362485774210604,0.16523284285995193,False,0.5439075266136439,0.1598047261085666,0.22156799319906467,False,1.3264855101206674,0.13699491236297878,0.022840604520561913,False,0
736,-0.017473425810263454,True,1.4092868626577475,0.1519650900428438,0.008836172948798238,False,0.22987896660768992,0.14499141352126804,-0.013246879932920841,True,0.6965626432865202,0.16291824628682766,0.14189717826479914,False,0.9845560977415919,0.13849040269312135,-0.017473425810263454,True,2
737,0.03173697486363847,False,1.1140807815374727,0.15085986603189394,0.1129028793907435,False,0.3180775057043468,0.14445091016537695,0.2024423631585337,False,0.5446238040008635,0.15977434307132662,0.2349999970479522,False,1.2700841338633366,0.13721878521316105,0.03173697486363847,False,0
738,-0.007694912259014086,True,1.481595515286507,0.15030177978786963,0.06613171046583433,False,0.2807683681399358,0.14339974755188634,0.028124419902759157,False,0.727082616612714,0.1586570249180873,0.17303012195056844,False,1.1151395369451227,0.13696963948904983,-0.007694912259014086,True,1
739,0.13095218644506273,False,1.0481780148398048,0.1515394047459482,0.07400328329739247,False,0.33114285150434997,0.14438248614303278,0.1540940666724288,False,0.5045558071460736,0.16017898983285536,0.16695570169146995,False,1.0860607005403176,0.13759879321763152,0.07400328329739247,False,0
740,0.14044175548624593,False,1.05064152139785,0.15110499060156385,0.08062567538962634,False,0.3021422225563437,0.14411605027407065,0.1296679272309197,False,0.5390885982188787,0.16132895083284726,0.1904989504265907,False,1.160179025614784,0.13824702037261777,0.08062567538962634,False,0
741,0.08778684056262809,False,1.1836298889304837,0.15204895465211363,0.09040719404700498,False,0.2625267528055575,0.14427687088567506,0.12644502432889893,False,0.6121254593232333,0.16143005345141703,0.21017614323733363,False,1.240287371322331,0.13774492209548406,0.08778684056262809,False,0
742,0.1263679996912171,False,1.0326117708698828,0.15132381473088302,0.02877391459027767,False,0.2664507595892489,0.14432549180764118,0.144362842348094,False,0.4693879970793866,0.16009776643296092,0.16641109280946254,False,1.2701058203408744,0.13840938859837526,0.02877391459027767,False,0
743,0.06487056825392101,False,1.0460378049596775,0.151705428274386,-0.02779502710722992,True,0.36341932774615815,0.14379309873028834,0.056033936410597396,False,0.489378152787038,0.15833510347965266,0.18129774002509108,False,1.0372780524415683,0.13723676212947122,-0.02779502710722992,True,1
744,0.02136301690186404,False,1.1463685264105,0.15118668362124602,0.007425745980387255,False,0.3747798172946779,0.14357041606518461,0.08868288518492706,False,0.6271710996955415,0.16000636408237334,0.16232125088546862,False,1.3878399603572942,0.13716425431442175,0.007425745980387255,False,0
745,0.10986394523541704,False,0.6481020108929345,0.15159690735863468,-0.009094353457850701,True,0.14117165005208943,0.14412294497964923,0.1416000109090877,False,0.5882205524103907,0.1623478182113168,0.16671312687570267,False,1.1369772049292362,0.13788299664824816,-0.009094353457850701,True,1
746,-0.0029418916171831677,True,1.0637191573274563,0.1515278071354173,0.06168290500716478,False,0.28642535351624776,0.14412008817476518,0.0748975138958099,False,0.5891629725555154,0.1600715346660344,0.22553203928609267,False,1.2374143533661117,0.13704334783903988,-0.0029418916171831677,True,1
747,0.15374124763981584,False,0.9848970243288757,0.1513680143509832,0.07921967377798295,False,0.26092273528476073,0.14357826371728222,0.20787967819183029,False,0.4867981915167541,0.1598330105843126,0.16442229703633782,False,0.9525246793337949,0.13718165041443867,0.07921967377798295,False,0
748,0.05913345584021257,False,1.1441054100203365,0.1527789756824655,0.06692593158970805,False,0.2560771400327506,0.14576626127378914,0.16138506161539606,False,0.5923603103333965,0.16227779862523314,0.13445287055276156,False,1.2716825839696746,0.13829615900355044,0.05913345584021257,False,0
749,-0.006147700243943621,True,1.392307408179433,0.15026895751224073,0.06587627367076987,False,0.22474536497961495,0.1428794105953467,0.21873430707468533,False,0.45964182717625857,0.16001197425661762,0.14787035428893652,False,1.0997187230121632,0.1368305884741276,-0.006147700243943621,True,1
750,0.09529507514334484,False,1.2440398239550152,0.1510516247577217,0.05155333653620808,False,0.3562928515110708,0.14348012284144962,0.06422255516520259,False,0.6437743158483822,0.16029318592583341,0.20548173748741644,False,1.3414254087573827,0.13735440053829445,0.05155333653620808,False,0
751,0.10785058143402537,False,0.900251233530466,0.15068518266741032,0.020530364686421776,False,0.34726477309556225,0.14432617813701942,0.14525618360336073,False,0.40300029067025944,0.15983450525481765,0.12767854041249072,False,1.09410454940972,0.1381546627414371,0.020530364686421776,False,0
752,0.07349416445389856,False,1.2495638148634232,0.15094921586242813,0.01756515567122119,False,0.38039203109343656,0.1432199593336998,0.05238208237833575,False,0.5565779701438669,0.15928020641679852,0.19631939861011544,False,1.7334513102385656,0.13807589453346625,0.01756515567122119,False,0
753,0.11159967563081613,False,1.1793916191481801,0.15015272647515135,-0.05082769317643321,True,0.21061623150232633,0.143503189884533,0.12554526373336006,False,0.5737266628971966,0.15905354159243995,0.214823826016188,False,1.085090951799829,0.1367699252248576,-0.05082769317643321,True,1
754,0.05491317715846411,False,1.2608756114438047,0.1508356325131047,-0.10023946155932006,True,0.14917727836588157,0.14361528680059998,-0.08622598538186288,True,1.3246752673382758,0.16153326187623845,0.18391823942184005,False,1.4164927970415628,0.13774866907377048,-0.10023946155932006,True,2
755,0.031055332126751822,False,1.258118270710227,0.1516399498806883,0.07026954678625286,False,0.23194354063993283,0.14340202137869415,0.13844300782560987,False,0.607913456199529,0.16030759685571472,0.2050644871589702,False,1.1579689523347811,0.13717606638981006,0.031055332126751822,False,0
756,-0.025521061788232102,True,1.5376997288581715,0.15183253947987488,0.05399769450096903,False,0.2896318346855866,0.14349327836795145,0.19825408018248736,False,0.5466231225537383,0.16056110796414402,0.20744735427217037,False,1.3208403773043944,0.1342163342885433,-0.025521061788232102,True,1
757,0.06435147312379552,False,1.2019002693904972,0.15082079577864785,0.05752451067277631,False,0.25237234434636346,0.1447844598005317,0.08446351507801908,False,0.6997055088951767,0.1604489071315507,0.13805713739419057,False,1.0590674509628697,0.13718593480760022,0.05752451067277631,False,0
758,0.11566434187651892,False,0.8192749656673441,0.15091019488177262,-0.04100294327101073,True,0.19143579020875978,0.142989187219549,0.15158218629029963,False,0.5196450071984489,0.16008059816771622,0.1990267739543614,False,1.206270052396909,0.13775146873575617,-0.04100294327101073,True,1
759,0.05050307086947525,False,1.301651160511487,0.15071103856432186,0.025034983997893057,False,0.3919076597639817,0.14291575275420065,0.00028632652664073444,False,0.9459480281723682,0.1611091313849236,0.21388936760007815,False,1.3046999036779172,0.13664915345059947,0.00028632652664073444,False,0
760,0.044548795834756016,False,1.180026166290415,0.15040972138688385,-0.021362655708085487,True,0.2010203696771624,0.1434887855065529,0.05366460551446006,False,0.5478937326926299,0.15947446684256172,0.2119804640130885,False,1.312110314883041,0.13824312790898294,-0.021362655708085487,True,1
761,0.04764167713545586,False,1.3116523480850208,0.1508545522901527,0.038846199714014484,False,0.42296532584156177,0.14345575754516904,0.12158995553557533,False,0.5981458374816273,0.1600942056085016,0.20861439839665308,False,1.2006182371365015,0.13676029518155086,0.038846199714014484,False,0
762,0.17467353307587613,False,0.7728434902060131,0.1505812757238917,-0.018169068858851722,True,0.21184453469266207,0.143592193991484,0.07169956014569956,False,0.37704580044814007,0.15924695772768688,0.20771250723698942,False,1.1016237583561521,0.13718023011335978,-0.018169068858851722,True,1
763,0.11143645808954422,False,1.0290338148735505,0.1509006642128359,-0.04950768750576473,True,0.19933273864176626,0.14469108622916926,0.09038579342591135,False,0.5624594836394059,0.15964604719793565,0.22970826514253906,False,1.4104259304172015,0.13704612272079625,-0.04950768750576473,True,1
764,0.017171865980877166,False,1.2198078971326027,0.15260014358548973,0.07499891258892,False,0.350575018081414,0.14341110679275282,0.2169366230003973,False,0.4081176613489823,0.1604579706627765,0.2114174191756628,False,1.1315680130744377,0.13774656045002726,0.017171865980877166,False,0
765,0.032757847004249996,False,1.1267104044615817,0.15125744389701157,0.07944710165615976,False,0.26739238748909133,0.14402466520028068,0.13563363194287892,False,0.6107366318619813,0.1607786467144902,0.21420304361882125,False,1.229610266154776,0.1369253892985679,0.032757847004249996,False,0
766,0.05709603557964571,False,0.8801917533722987,0.15005810552929338,-0.03500268003716578,True,0.14123963339088608,0.14375161573546086,0.12127144546954727,False,0.5299623665475779,0.1595289955840434,0.1904727103935257,False,1.221474948506755,0.13804512245080186,-0.03500268003716578,True,1
767,0.023867799432685577,False,1.3550133151649932,0.15189244124458817,0.022185174668026497,False,0.276996077411803,0.14300341755739185,0.16418560122323572,False,0.4628248710100151,0.15853588373506644,0.2433506063868215,False,1.3412409493386375,0.13718600773125528,0.022185174668026497,False,0
768,0.09188668829497237,False,1.0505196600385232,0.15062053295265065,0.023386241784728923,False,0.2708578283246301,0.14290942671867307,0.13005798674493663,False,0.4855048974669922,0.15941539584342185,0.21362873658801612,False,1.0919110158401226,0.13755751686382073,0.023386241784728923,False,0
769,0.03703460977263373,False,1.0390490131866512,0.14986709360293193,0.03038774854585602,False,0.25499667713591534,0.14401148712641013,0.18261523935150747,False,0.4785070661034587,0.1602820434188324,0.13307787284937755,False,1.1587312808434431,0.1379845359036272,0.03038774854585602,False,0
770,-0.05664070188221515,True,1.4314166298032052,0.1513909594661853,0.07207648836627223,False,0.33205870014482697,0.14320046115773405,0.0952365449866911,False,0.6058325273707463,0.15981812343785573,0.17688925711504938,False,1.1892429308652392,0.137673224702877,-0.05664070188221515,True,1
771,0.11013524155221976,False,0.8862449914536854,0.1514037741173033,0.023272617736814993,False,0.307577727725197,0.14376946490415213,0.15724781170838714,False,0.39694979985917356,0.1591114311511324,0.19376212304043,False,1.2069185372564175,0.13774156985709257,0.023272617736814993,False,0
772,0.023726060742145116,False,0.9766631085193853,0.15138750911790463,0.050174734861438974,False,0.25409738632573253,0.14486438592243056,0.14039290575085495,False,0.4307801694045894,0.16109163052829778,0.1418999342674659,False,1.1899589777830042,0.13826473399504066,0.023726060742145116,False,0
773,0.012150680066160158,False,1.188740232872814,0.15079437911307414,-0.023043005965285968,True,0.26359221793738374,0.1432728137253823,0.17201483300344778,False,0.39162325547594623,0.15934776716295987,0.18122370445107017,False,1.0744724567338728,0.13745365133893833,-0.023043005965285968,True,1
774,0.044338262885483704,False,1.23214511275155,0.15138832497747562,0.04536297417057433,False,0.23059449114465513,0.14372378355581572,0.1428164401830797,False,0.5018668999622273,0.15992052882232427,0.13520478533906,False,1.0960118956563694,0.13714782032946327,0.044338262885483704,False,0
775,0.0005466669340196129,False,0.9874547575850487,0.15171220892689802,0.022035386580295357,False,0.2528533372011854,0.1448628383726171,0.14255275102396286,False,0.49017393743482285,0.1612960085864304,0.17969799958292293,False,1.0511905821120986,0.13824875685947083,0.0005466669340196129,False,0
776,0.040638638403399874,False,1.2458894112029246,0.15039357520485125,0.07121819506684879,False,0.3600677934288148,0.14346692041504744,0.00041978301565670506,False,0.7159354292023004,0.16025575901230413,0.18151261205606967,False,1.3670114588151345,0.13739891009037714,0.00041978301565670506,False,0
777,-0.06465278779143013,True,1.3797039812381882,0.15178469861034508,0.0295560607600871,False,0.19510605649261326,0.1436400287674336,0.16646719213280992,False,0.38626106947556127,0.16064911002972188,0.21821375041960162,False,1.0912754404513962,0.13763671359692198,-0.06465278779143013,True,1
778,0.126083425433195,False,1.1137674109073963,0.1510712388216348,-0.0023275600922932904,True,0.2547531298384911,0.1437776747223045,0.18287777206657863,False,0.47371508756775715,0.16055655852958484,0.1987345201951562,False,1.279280982917204,0.13824955056562616,-0.0023275600922932904,True,1
779,0.040210464466733264,False,1.3903342061829334,0.15212789385683798,-0.0019482275046950326,True,0.3232260225746393,0.14378085212803232,0.11680121520868836,False,0.4600048573500084,0.15875677154454268,0.15973860131970047,False,0.9721174000130908,0.13684631681150927,-0.0019482275046950326,True,1
780,0.044884021160554455,False,1.268883036112976,0.1515246018962914,0.030309164122786725,False,0.318080954733716,0.14378561315961771,0.14930271505788478,False,0.5006161866226246,0.15954492091911698,0.19103911514651484,False,1.2093483450974294,0.13647366968581243,0.030309164122786725,False,0
781,0.044270763918141554,False,1.3185854701458843,0.15200284518294993,-0.004236273710440663,True,0.24079595564991396,0.14391803730485753,0.06209201070731529,False,0.3609978916578116,0.15888478379211957,0.10350584423977782,False,1.0004488521938073,0.1375283482036493,-0.004236273710440663,True,1
782,0.07424956976828312,False,1.0386519781588865,0.1512128531424047,0.07459331374880063,False,0.242680431011973,0.14227549578163745,0.20703914865734913,False,0.5468603948374477,0.16041201342188272,0.13605003243564573,False,1.081543197343195,0.13662206221202006,0.07424956976828312,False,0
783,0.12289430355847919,False,0.9659766107269276,0.15155666703560527,0.09722503389758397,False,0.23145958274328127,0.14410770163133624,0.20020360694913086,False,0.543325407030304,0.16022693462975846,0.11255046418850345,False,1.2482482084032047,0.13723480676240615,0.09722503389758397,False,0
784,0.11825687991406464,False,1.222399631253853,0.15109342170315548,0.09145899344676461,False,0.22385330329749564,0.14376005149725873,0.007078689177187791,False,0.7726767176343541,0.1601158460621799,0.12705484216776886,False,0.874985353671349,0.13767001645688637,0.007078689177187791,False,0
785,0.06458145632271084,False,1.0407101370566425,0.1510300218201046,-0.04951158534348399,True,0.17167214628548066,0.1438206689676658,0.1733999520567085,False,0.5458918654027707,0.15916295088814975,0.19338181652496095,False,1.228646557179892,0.13694778923869166,-0.04951158534348399,True,1
786,-0.06422063695731983,True,1.2314738733488908,0.15095828785500348,0.048330705688679254,False,0.27285928806243076,0.1430758733620417,0.16574180822783924,False,0.5271892320854952,0.1616570549155777,0.15341355056380285,False,1.062545627555263,0.13754955180591777,-0.06422063695731983,True,1
787,0.007979599240935387,False,1.495336172675795,0.15111772022496706,-0.05745812298672881,True,0.2512487727777837,0.14294081212370036,0.1426856338711785,False,0.5179258657404016,0.15957345052328245,0.20556854844243927,False,1.344951724957947,0.1373462351993731,-0.05745812298672881,True,1
788,0.017100251377009656,False,1.0330585026888945,0.15186841863998618,0.05733262236659975,False,0.2131613305282658,0.1435925030451496,0.14321537597309297,False,0.5012680017827147,0.15895406382298183,0.21551688828578625,False,1.1486068469289914,0.13779239175677174,0.017100251377009656,False,0
789,0.14132195314595136,False,0.7452114791147304,0.151007707570752,0.06524396183012326,False,0.30091568482312203,0.14323226961609642,0.1809692244859759,False,0.38265522904614047,0.15943304418161885,0.1147145898613624,False,0.977807455540636,0.13683001930009725,0.06524396183012326,False,0
790,0.11126176297609919,False,1.0242741858678985,0.15094760585673833,0.07597741004688896,False,0.34309295944420026,0.1440745817455777,0.15087647009842603,False,0.5523668134780646,0.15891237658247725,0.16745301521639583,False,1.042426801052385,0.13720778004637402,0.07597741004688896,False,0
791,0.1159565041624685,False,1.05346930040175,0.15138280371371088,0.07933954504210344,False,0.43547485925433493,0.14409702385702516,0.2126789102304894,False,0.4999821699882745,0.16002947174432025,0.17490364821059284,False,1.0513727010227485,0.13692091501581594,0.07933954504210344,False,0
792,0.15617704172515579,False,1.1003515651363949,0.15210510990344528,-0.002374545940476147,True,0.2782246339003398,0.14365317980129133,0.1295244272819921,False,0.5964051448424976,0.16059006759872818,0.19075650038125486,False,1.4822455042391738,0.13749469533349254,-0.002374545940476147,True,1
793,0.10666449990417332,False,1.0132727772223287,0.1517274744997245,0.08860153639974999,False,0.24024695408741903,0.14375162228601623,0.1604981416856575,False,0.4875593602832984,0.15884469483670294,0.11956464104303699,False,1.0196123311032308,0.1371919765481518,0.08860153639974999,False,0
794,-0.006552281721279751,True,0.952671254103272,0.15195616955908597,0.060328861245631527,False,0.2482567594453271,0.14357423166385386,0.07553961894913175,False,0.6182934983699868,0.1610718596367347,0.20116472980031547,False,1.2485334509284365,0.13674915487157538,-0.006552281721279751,True,1
795,0.09076573893526707,False,0.9626104569139482,0.15208793837044196,-0.08165229329836687,True,0.1483685534075707,0.14407994100394522,0.10454327837474886,False,0.45140548704048866,0.16014601894340236,0.1975164480545047,False,0.9432634129082655,0.13855041775421542,-0.08165229329836687,True,1
796,0.11801118417337475,False,0.9108935822365523,0.15238989652344043,0.05336810133529879,False,0.3508840620852478,0.1440010933963494,0.16609602500720383,False,0.5693008216458058,0.16086012107219588,0.16570550438702436,False,1.1733516224143143,0.13790297004911345,0.05336810133529879,False,0
797,0.0878717792479774,False,1.0728937729493888,0.1513637438047895,0.01620495111872422,False,0.4542549799429121,0.14373582351233705,-0.009436459215534043,True,0.7182439565595269,0.16097707880020234,0.2169470300138785,False,1.2303170612920558,0.136613070364564,-0.009436459215534043,True,1
798,0.16089118253249296,False,0.7875887499544159,0.15180969777082842,0.05634425065954507,False,0.41245955655546274,0.14442539683986919,0.146005664249797,False,0.49565840012826934,0.15944274551400217,0.19823045531809108,False,0.9987485132575249,0.1382963382910541,0.05634425065954507,False,0
799,0.14755234926550903,False,0.872787781391706,0.15132199306435512,0.06047061080476379,False,0.22274445885172445,0.14362064187458468,0.1514045334993619,False,0.546299820552202,0.16131609518682405,0.19679735573975204,False,1.2189153843985472,0.1372950780031117,0.06047061080476379,False,0
800,0.1264227796909253,False,1.0728600763653868,0.15111721390660748,0.04720419719106472,False,0.36368799491159476,0.1437253964293575,0.08769587074838969,False,0.5267863193860429,0.15976430864818658,0.13425908242118145,False,0.8494356026483052,0.13710846620481248,0.04720419719106472,False,0
801,0.1009149422840574,False,0.6713421405539775,0.151913006933062,0.002879675143574012,False,0.236413902127383,0.14381667402217954,0.1967737587234566,False,0.5255504715212882,0.15990514407449402,0.11463472430554089,False,0.8177613304710238,0.13651219088412597,0.002879675143574012,False,0
802,0.1070786114222575,False,0.9593716440524398,0.1510649432257083,0.04861393817562809,False,0.30399723182282545,0.14262215370810322,0.01614984697223143,False,0.8764853814920026,0.16067271897085472,0.18866113654924127,False,0.9793056731890382,0.13707622155645102,0.01614984697223143,False,0
803,0.1419703133204761,False,0.8236264922596739,0.15196400788627096,-0.001760221696129327,True,0.23488603127614427,0.14412257045400872,0.04959485104494055,False,0.7132284012366097,0.16123802298477707,0.18005460549925073,False,1.0011959877471477,0.1370497689200324,-0.001760221696129327,True,1
804,0.03303505462880263,False,0.9686068148250686,0.15228823082088236,0.06793093214498336,False,0.4170242100723365,0.14398274494436902,0.1492108024598734,False,0.4386061209187955,0.1585364179777155,0.2153384284588002,False,1.3070895357617762,0.13697216731369705,0.03303505462880263,False,0
805,0.0013068778407457904,False,0.9734968190736231,0.15155210509745637,0.05163490430140916,False,0.21145725046756247,0.1438309725725565,-0.0195199362967875,True,0.891811523639708,0.16140590507963049,0.2020688013859171,False,1.0217206084355395,0.13740008332523312,-0.0195199362967875,True,1
806,0.14711660766561163,False,1.0080044656051255,0.15242789686746458,0.023042773390875237,False,0.4067747193476845,0.14386575153576314,0.1406418806443036,False,0.514374780869786,0.15932428485265648,0.22571419341868315,False,1.376167221855681,0.1380395800303933,0.023042773390875237,False,0
807,0.1370494665245145,False,0.9746934885846474,0.1517458097407139,0.040606616719851885,False,0.314087059650352,0.14353061682035742,0.18676395174368499,False,0.4386083936190359,0.15998638335246768,0.19034962424372648,False,1.1219305577656398,0.13727601169296286,0.040606616719851885,False,0
808,0.11693868286450532,False,0.9439216984201948,0.15147948512231324,0.06157769137801883,False,0.35806227091681153,0.1433415473405652,0.06828311335949522,False,0.33370146803624734,0.15836542893734695,0.09507410869242205,False,0.7527009241728251,0.13698994554157984,0.06157769137801883,False,0
809,0.014594273182173434,False,1.0228833670884,0.1512910923375618,0.05299656740673753,False,0.21039008891352884,0.1432383282855412,0.17164049897035444,False,0.4809698732293042,0.16061721954850827,0.19494536257596135,False,1.058728463940264,0.13653088742300187,0.014594273182173434,False,0
810,0.10114813210095058,False,0.956527130938446,0.1512727138199394,0.07227851075804759,False,0.34328335837843293,0.14417046615732665,0.13215792645893143,False,0.5685816883839376,0.15910677937518733,0.19652401596544145,False,0.9489793501973258,0.13780780261378467,0.07227851075804759,False,0
811,0.1588509344480979,False,0.896762395033484,0.15089136424626948,0.05126636680443608,False,0.3723227592433289,0.14230784679341696,0.08125883340013673,False,0.5418569439535614,0.15985703123327122,0.22108815824561995,False,1.1420331454326806,0.13760979801791168,0.05126636680443608,False,0
812,0.1763311589057472,False,0.8420353256185513,0.15053176082197758,0.059407937489255325,False,0.26004901329681207,0.14336388047373988,0.027049330227870372,False,0.6820287200761115,0.1602266558402907,0.2011490275770434,False,1.104379616348705,0.13664949580544733,0.027049330227870372,False,0
813,0.16440391303947527,False,0.8795563096814372,0.15002684495597352,-0.037721506133890026,True,0.2748885348591388,0.14290924988476827,0.17677754615114383,False,0.3542587675480251,0.15886437512112087,0.16332993547158037,False,0.9124222073877475,0.13675985801990817,-0.037721506133890026,True,1
814,0.17051534201023133,False,0.7417845093001287,0.15019818486118236,0.039229558662785546,False,0.24891603296254705,0.14308437785583705,0.14126902443581896,False,0.42416011599928494,0.1589029462385691,0.16494497412985376,False,1.0713347717011599,0.1373359992188729,0.039229558662785546,False,0
815,0.14764315182806703,False,0.8649738480647002,0.15189576652035486,0.055765603516325535,False,0.3191275907431006,0.14433261037951972,0.17253744708132773,False,0.47622548914560947,0.16025147037340187,0.17388988228924834,False,1.0373749127099403,0.13743347328748565,0.055765603516325535,False,0
816,0.001413301657978261,False,1.0320202929916094,0.15053709242140423,0.0739982403602093,False,0.27832541774050457,0.14428698222917496,0.17926564032478304,False,0.571782946576026,0.16112894198725614,0.197213956455777,False,1.2786236050041717,0.1363753114613997,0.001413301657978261,False,0
817,0.14034479165150932,False,0.8493384220108104,0.15027416652509568,0.014571647611470784,False,0.2615385566120578,0.143838949254943,0.18668309595608434,False,0.5677969347589897,0.160122330301098,0.22411453362852168,False,1.2472098635170772,0.13701786082625567,0.014571647611470784,False,0
818,0.08269734530082007,False,0.7514569951791852,0.1504761169348761,-0.023734398229888987,True,0.21751326045757136,0.14335641311850916,0.1436950455289271,False,0.6426947361179021,0.16025768839127766,0.17002427483505994,False,0.8249162479317469,0.13643871127407659,-0.023734398229888987,True,1
819,0.05614160825085823,False,1.0673291667869098,0.15146653025624307,0.04739132857318362,False,0.38300055453997417,0.14401251536510484,0.20390549483810277,False,0.4413943340807427,0.16034746528483124,0.2322816982649023,False,1.2905368229722844,0.1380686980039924,0.04739132857318362,False,0
820,0.040004560397356004,False,1.213585030030709,0.1521330996235617,0.05590146000684493,False,0.36190950249446274,0.14438926706026856,0.18553479674565798,False,0.5173850653213878,0.1596141959147274,0.1636308972211678,False,1.186245373390641,0.13716677645463582,0.040004560397356004,False,0
821,0.1470741357984467,False,0.9297898628498338,0.15121384529661824,0.08817448265415034,False,0.2906598587852678,0.14436652164710845,-0.09110168571552468,True,1.0262090986751513,0.15938199681407955,0.12396033013177576,False,0.8544661811883969,0.13701675747597652,-0.09110168571552468,True,1
822,0.1552370665971422,False,0.6802185519862252,0.15138939271624907,0.047176137547410235,False,0.3072660949783137,0.14371900506316054,0.07550323756295696,False,0.41534131243809247,0.1587726324406517,0.2253236394029482,False,1.1264819521941771,0.13668817662657895,0.047176137547410235,False,0
823,0.12682973858513386,False,0.9796526140520962,0.15157854760068848,-0.030917078752062177,True,0.4129486328396348,0.14428733173767846,0.10655483017666811,False,0.5655167656447215,0.16065661698106584,0.16283540070961555,False,1.000752062356287,0.13818193811978935,-0.030917078752062177,True,1
824,0.16905213473531805,False,0.8976345281247693,0.15116230406606498,0.014619264482859329,False,0.37740363500040464,0.14371917799014722,0.1420026484622942,False,0.6167475431520837,0.16030374754239382,0.17919942887450058,False,0.9723801405477921,0.136600188176757,0.014619264482859329,False,0
825,0.12143027535139739,False,1.0131922598113405,0.15072766804206394,0.05702306975877136,False,0.3228258619786428,0.14313470232363318,0.15963102227094766,False,0.5655935489412447,0.1601263115285284,0.2278899107921254,False,1.1345183566845796,0.13720888848761986,0.05702306975877136,False,0
826,0.10211026681780166,False,1.1310422307741814,0.15129170052918614,0.05357079415042976,False,0.34839613115432644,0.1433003838607833,0.1188411227964028,False,0.49962867736515104,0.15940306748476668,0.13145772663019406,False,1.0022862878204872,0.1367664152027397,0.05357079415042976,False,0
827,0.0354371373941329,False,1.1235857691390048,0.15132790721993103,0.029457939627469898,False,0.39139065250793337,0.14363608413071605,0.12195248708705203,False,0.6189182926960815,0.1607989558781595,0.19387982519478691,False,1.2920614447568552,0.13767728519082734,0.029457939627469898,False,0
828,0.08327358779170646,False,1.0271166793908562,0.15063286909861737,0.007834891444006953,False,0.30848031086667405,0.14351050495763323,0.23583905002973038,False,0.4444896377615539,0.1608258940225299,0.13586349869412928,False,1.0649172760742807,0.1364755381655502,0.007834891444006953,False,0
829,0.04799927977555252,False,1.1615644663858897,0.15145083428529324,0.0487133478784606,False,0.37220338759248883,0.14413525241646624,0.1424643856455483,False,0.6864347859057982,0.15921492254130598,0.2203406779403954,False,1.042282062718041,0.13693288566237571,0.04799927977555252,False,0
830,0.007758537978851288,False,1.20886986298204,0.15224670852524674,0.056595506177351096,False,0.3818672995719372,0.14353334829262382,0.15425732405985715,False,0.4659619305467737,0.15929273495757706,0.15032480512920632,False,1.0070154495237633,0.1368195468655532,0.007758537978851288,False,0
831,0.0946445482727667,False,0.8546648373266543,0.15043367764552995,0.046056784542203855,False,0.3000310312888761,0.14319734271562984,0.07349328191611637,False,0.6530527317784158,0.16069960180570028,0.07621042016590118,False,0.7827915724907002,0.1368676590536486,0.046056784542203855,False,0
832,0.13186403089169302,False,0.8094629146130994,0.1502746137853163,0.014739661148649552,False,0.27109909627900675,0.14347642135708538,0.07701270146585937,False,0.7596598862772288,0.1606457732536021,0.21290305462852244,False,1.2069476547901994,0.13649259607952022,0.014739661148649552,False,0
833,0.1745013207471316,False,0.8441376758112635,0.1512428267858389,-0.0378570101759409,True,0.2229933786430074,0.1440036590057114,0.179003024682457,False,0.5305687067375551,0.159923611215922,0.20171187271748964,False,1.0101854298378212,0.1366962430577085,-0.0378570101759409,True,1
834,0.11887175274773953,False,0.783818229644025,0.1522436539558842,0.07997215552565101,False,0.31659756299624564,0.1434020930517997,0.16642799728503016,False,0.5100814067648967,0.16201763525465696,0.15661647697927383,False,0.8748828654495904,0.13656125236512762,0.07997215552565101,False,0
835,0.08247138257947062,False,0.6959710342728325,0.15133787165741536,0.07551533938891197,False,0.24383840288500758,0.14352914265677025,0.19497549331216774,False,0.5479692745773541,0.16134071731736083,0.11702450523878549,False,0.8801874739880673,0.13610332116541246,0.07551533938891197,False,0
836,0.07554072890002705,False,0.777116872426038,0.15252438448902556,-0.04313847653761782,True,0.16103103454203826,0.14447017403692658,0.12716204042782403,False,0.3686973923672199,0.16003200566200115,0.17858844539530766,False,0.8769707410077334,0.13602599659937328,-0.04313847653761782,True,1
837,0.130284611384747,False,0.7985180801481957,0.15073741974487842,0.0538665987736765,False,0.2897143675878866,0.14342305941984543,-0.019588865558717417,True,0.6896304463163889,0.16006804077310471,0.19690591729714124,False,1.0801887612252246,0.1361595663803954,-0.019588865558717417,True,1
838,0.08262131125443262,False,1.1244073990240024,0.15116963343972406,-0.0879771443358831,True,0.5535985839537614,0.14323619682945407,0.09902959795890176,False,0.7064097813508985,0.1603092129347664,0.19118737873176295,False,0.992290030231221,0.13535847957343072,-0.0879771443358831,True,1
839,0.13173554298343826,False,0.8745217515254371,0.15235497965418549,0.07082450631401216,False,0.29891784214472694,0.14411550024680206,0.1744682690045553,False,0.5608031547617294,0.1614274200122211,0.12405193049449659,False,0.7137229710852611,0.13687511847832515,0.07082450631401216,False,0
840,0.1776874020880223,False,0.8775282114403402,0.1502590595605539,0.03453734054588897,False,0.4703709159040508,0.14322493521694518,0.09019838855273876,False,0.6425012046010692,0.1615734282237618,0.1712800709528715,False,1.048661420014009,0.1358539784870951,0.03453734054588897,False,0
841,0.09044341294748681,False,1.0621768864300483,0.15197763672481443,0.08891933014553638,False,0.29974419089770077,0.14422324864003977,0.1516989669256743,False,0.4338989983587329,0.1590869001109635,0.18097424219518693,False,1.0136038397941756,0.1374136763368897,0.08891933014553638,False,0
842,0.07467953092136481,False,1.001702818217257,0.15099907056177647,0.021684771599769226,False,0.3509851752979989,0.14380856290483657,0.16450181283135323,False,0.5563615479932846,0.1583865201808574,0.1953588056720701,False,1.1783224200751667,0.1366891425341333,0.021684771599769226,False,0
843,0.04191930301549185,False,0.9488320667930168,0.1513495852445488,0.019735449258547866,False,0.3462574406220127,0.1442757037150691,0.1557089440443043,False,0.5015757194907753,0.16030905096100123,0.17595884393167222,False,1.1516507826930784,0.13599284737914652,0.019735449258547866,False,0
844,0.09310509559556823,False,0.6445889144172579,0.15075340140211052,0.028804308915191368,False,0.2182197029174524,0.1432660350987638,0.1628430577933,False,0.6270770091257571,0.16114938198616513,0.1450071886090274,False,0.877654307137649,0.13594740906782676,0.028804308915191368,False,0
845,0.10494006089867053,False,1.0420670700950223,0.15213637221487453,2.7554947240160388e-05,False,0.2664965213540367,0.14422047865656631,0.038822521905562235,False,0.6169410063106819,0.16009048924809857,0.11704217913921566,False,0.8216276699210503,0.1357008804274644,2.7554947240160388e-05,False,0
846,0.15788236354609253,False,0.7723771111778281,0.15162828014688062,-0.045345347326191665,True,0.3353252121699486,0.1433204265639357,0.134014696336416,False,0.44583279847302726,0.16081839569390655,0.15458207675201535,False,1.057745092585863,0.13634917257498372,-0.045345347326191665,True,1
847,0.03239595106588744,False,1.00989636031491,0.1517444434809359,0.07343527554897578,False,0.3413150202843249,0.14340381364736882,0.21501387509514264,False,0.5814209549363432,0.1605909650767156,0.17519616157708628,False,0.9494607017969807,0.1364919342357337,0.03239595106588744,False,0
848,0.14800773474042828,False,0.877157092097764,0.1523027964539594,0.07537848526523805,False,0.25599358129125305,0.14361362526273164,0.2030844942322298,False,0.5219488222694277,0.15955253113947732,0.1648720360103934,False,1.3104340670774923,0.13658038033632502,0.07537848526523805,False,0
849,0.16082421699524574,False,0.820298899138949,0.15113382060638564,0.09838890579466941,False,0.3267337826572658,0.14399373849107377,0.13745200503961874,False,0.5952144610915366,0.16013980344613132,0.06662193267227146,False,0.9666533156843862,0.14429646308834326,0.06662193267227146,False,0
850,0.05236456643205467,False,1.101003012684619,0.1524983868499608,0.057604120710721074,False,0.34713372688754474,0.14342009709027181,0.16133457249962685,False,0.4736599568694164,0.160713916040436,0.07477745139464032,False,0.8184580034645468,0.13643845685765074,0.05236456643205467,False,0
851,0.05802173560996782,False,1.131090524539748,0.15243761884766205,0.02113603233136696,False,0.34674361173434787,0.14465596196839725,0.1951721851422063,False,0.5547078194983723,0.16155748062212613,0.17243617551754736,False,1.4656652163118182,0.14245009812061557,0.02113603233136696,False,0
852,0.09533767275965893,False,1.2282669108454205,0.15223294058178632,0.08326998708168937,False,0.2892525989724082,0.14403634609489754,0.18736189555971172,False,0.5266815323717537,0.1592936794586547,0.09938149188814294,False,0.7950293550977277,0.13550277224537116,0.08326998708168937,False,0
853,0.13676684600296352,False,0.8934709987177327,0.15336225919867838,0.08008483541968708,False,0.41314226053678427,0.14510086104583572,0.050193201358092576,False,0.678938813408992,0.1626945240603745,0.1550110861911625,False,0.9899361457442841,0.1368088270982899,0.050193201358092576,False,0
854,0.05443002776818373,False,1.045922471985241,0.15348996992273312,0.08227897710849374,False,0.31264440840511765,0.14451386161472835,0.10482519908508148,False,0.6298022888875205,0.1605617661452065,0.15856168649559044,False,1.1798110751481263,0.13775716717089947,0.05443002776818373,False,0
855,0.0422471973600137,False,1.0155298302469586,0.15290408378085174,0.06959065831592715,False,0.2999035702979529,0.14404858449697355,0.20857679369914878,False,0.5787432234940886,0.16165474068477123,0.17313945769515654,False,0.9222000528331458,0.13630217736031314,0.0422471973600137,False,0
856,0.03852129919731084,False,1.1806690309000292,0.15201990439653026,0.04759708117256112,False,0.28487126993805667,0.1434175597569773,0.08108367186041765,False,0.6502883173979102,0.16054409103699713,0.21953287255576437,False,1.2256223517464702,0.13674616681855084,0.03852129919731084,False,0
857,0.14300407144690863,False,1.0364167851540806,0.15150649541810285,0.050507199506387934,False,0.3731692979406245,0.1431289743969904,0.2121119031988416,False,0.5524991753592774,0.1606451987178192,0.1845189969650387,False,1.0723794847141161,0.1359903625469061,0.050507199506387934,False,0
858,0.16165914636813655,False,0.9388713109315074,0.15169776704906446,0.03057137136474486,False,0.33475727664376365,0.1436340109404591,0.0852452366988612,False,0.5631545928665975,0.1618018675750776,0.09519104844461967,False,0.9690456391803053,0.13697905708922375,0.03057137136474486,False,0
859,0.10380666426725466,False,0.865733319329639,0.15276715534380836,0.08119118024306232,False,0.32651332171614045,0.1441198187172505,0.17202813713629478,False,0.45023041077986514,0.16067072693009732,0.07149698978828656,False,0.8679681062861577,0.1400355411417753,0.07149698978828656,False,0
860,0.11694121317005474,False,0.9043096390599208,0.15133889418803004,0.0004071782953055658,False,0.18829460050530988,0.1438980289380397,0.20960691175575963,False,0.4212568079221306,0.15974001144095762,0.12263127735706258,False,0.76263980202003,0.1352747944241997,0.0004071782953055658,False,0
861,0.07281565774849208,False,0.9778609889121774,0.15139815021540576,-0.021478647508105575,True,0.33323791311813533,0.1441914326576772,0.16108323003408564,False,0.37222564352041587,0.1596441577489833,0.1966504295579436,False,1.343304657585874,0.13679573694971753,-0.021478647508105575,True,1
862,0.07476802793397752,False,1.023681391327205,0.1521946693963379,0.07388798351286219,False,0.39289034795570066,0.14433396661249184,0.14454760682608592,False,0.519918834776826,0.16028746226841267,0.15477369457932677,False,0.8671057830377771,0.14096753725421918,0.07388798351286219,False,0
863,0.08001219997411424,False,0.9212864636346094,0.15186846620352729,0.0745316800329574,False,0.340113106126146,0.14423775916933176,-0.0344554019632457,True,0.8434999654727897,0.16085769849572495,0.16854448934200034,False,0.7417238885091981,0.13753674351119394,-0.0344554019632457,True,1
864,1.1092695305858769e-05,False,1.0139495527702813,0.15273267124410894,5.322605403590419e-05,False,0.22034698983873025,0.14353447899545388,0.1770936887763197,False,0.539955318991933,0.15942294503921095,0.1872464144845386,False,1.1870958421456326,0.13596278986236882,1.1092695305858769e-05,False,0
865,0.16213090043032635,False,0.8072161645154545,0.15106519426225923,0.05875159675619379,False,0.37849795512033335,0.1438084207628355,0.17453359510550986,False,0.5258786814607479,0.16030294910245885,0.14320669864296098,False,1.0251356863086714,0.1375005721629643,0.05875159675619379,False,0
866,0.10305362273523916,False,0.9224064416859286,0.15147428744818658,0.0416408691022262,False,0.3673446352735099,0.1442491463757879,0.136193488255488,False,0.5213204232935087,0.1614161901097645,0.12160424182937524,False,0.8574763402593275,0.136304541687743,0.0416408691022262,False,0
867,0.08552963623395204,False,0.9341956564219718,0.15216167175719872,0.08976083946473012,False,0.31706368010728836,0.1437066815703854,0.06844252041727727,False,0.6065686540768915,0.1602605956496782,0.13802011827686778,False,0.8861868970670024,0.13557462530635617,0.06844252041727727,False,0
868,0.13742734109665827,False,1.0255556289806897,0.15085448982484911,0.05486882588549624,False,0.23511880803862217,0.14395191777781075,0.05000439607955598,False,0.6234806594674471,0.16000343728641492,0.16036482360611765,False,0.8360457838333477,0.13555196319385915,0.05000439607955598,False,0
869,0.055519075882749735,False,1.093349183003605,0.1514674091240644,0.038133038978402034,False,0.3931758700258541,0.1440659977547354,0.1852953969352178,False,0.5696170797352686,0.16053117751917742,0.1307728563242898,False,0.8855970143578418,0.13998644009890077,0.038133038978402034,False,0
870,0.10791844259228583,False,0.8594961409287212,0.15191008011728846,0.056805602100052255,False,0.32768862715096425,0.143945240596206,0.2118454136621047,False,0.5179757133476417,0.15982025447737747,0.2192472519638466,False,1.225110091712136,0.13646931945968166,0.056805602100052255,False,0
871,0.1575504660042133,False,0.9829142290691506,0.15080284161330804,0.0134618231769279,False,0.44676698476721066,0.1439366813616041,0.14442048906089994,False,0.6302420820127852,0.16132290930103954,0.1947160018932999,False,0.9189821613037725,0.13685081203224495,0.0134618231769279,False,0
872,0.13928751976984255,False,0.8852778057963531,0.15246606618986708,0.03716528775561967,False,0.3820343000085138,0.14486766192761258,0.173690948339896,False,0.43648722519266125,0.16013255114111002,0.11976579331166604,False,0.9156373522461734,0.13802065950016698,0.03716528775561967,False,0
873,0.11753146897086297,False,0.8857509356717916,0.15179329252009935,0.06803170397675429,False,0.33640247024777037,0.14438279800039433,0.12955473429550624,False,0.4556209433252034,0.1604265239350261,0.21100812318648393,False,0.9115859758676441,0.13643420569428688,0.06803170397675429,False,0
874,0.07877118363784041,False,0.9578972444589469,0.15084634801984872,0.04441000217477231,False,0.46855582540890417,0.14394743049142367,0.13880385714528298,False,0.6160738034542568,0.16013532849013312,0.1403455082942351,False,0.9144848637231764,0.13673278996139004,0.04441000217477231,False,0
875,0.07604437537966702,False,1.22107370937605,0.15120551305460722,0.07015248385927197,False,0.23137668683621992,0.14308706561717088,0.156859188241957,False,0.5564354456708622,0.15992717041221502,0.15166693103876677,False,0.9172674072484779,0.13650325282170478,0.07015248385927197,False,0
876,0.10402958110968219,False,1.055710246370776,0.1515165775917081,0.027672300120969107,False,0.4534845057213148,0.14396485094281739,0.17479953176273422,False,0.46539464089561755,0.15987054290948208,0.17847192779378585,False,0.915874897893904,0.13632149206436206,0.027672300120969107,False,0
877,0.09433248698336161,False,0.9966996634363989,0.1516464271982318,0.10542994566563824,False,0.32349757562384673,0.14463695340045632,-0.0699844284536556,True,0.9652158016164061,0.16083687928304607,0.15983848702213238,False,0.9195170636355705,0.13684434093274145,-0.0699844284536556,True,1
878,0.1365147607051544,False,0.8545860907291634,0.15103063691379104,0.07284987307450419,False,0.2964480484982692,0.14351850333774066,0.16813163014162302,False,0.5893239429901558,0.16061283058946868,0.18936997035491288,False,0.8996440139316386,0.13688874984984314,0.07284987307450419,False,0
879,0.07019605400840212,False,0.9753952968994439,0.15256531843910137,0.040870770793142164,False,0.357564877767129,0.14431309570228176,0.055330578071905556,False,0.5376517180999525,0.1605478414657322,0.1317544114946082,False,0.8393915931373717,0.1363716911403376,0.040870770793142164,False,0
880,0.12835751163643105,False,0.9549304871856732,0.1519343345517019,0.08435168391928916,False,0.3882984224797177,0.1449057133677264,0.21265706850759436,False,0.3965610152321628,0.16003708988603982,0.18876762945575243,False,1.0810365462483058,0.13671088205831727,0.08435168391928916,False,0
881,0.12755570066356048,False,0.8337117036066681,0.15127017785177582,0.08290550382004946,False,0.30198491074464684,0.14470578809888418,0.18158158644973854,False,0.4790029027628966,0.1609527157881923,0.17708801649634331,False,0.9769219518921557,0.136917025495841,0.08290550382004946,False,0
882,0.09906781148269317,False,1.0493013975756957,0.15200793572368512,0.05122410758705476,False,0.3628092063270867,0.14461434380233873,0.19496955263820942,False,0.476095346701376,0.1602877568743761,0.216497752535185,False,0.9893985864250412,0.13711721080483036,0.05122410758705476,False,0
883,0.09464093427546694,False,0.9582367746203106,0.1507380532467073,-0.05895349315961673,True,0.2338479014008934,0.14279805137046014,0.21128270835808122,False,0.5011030411083925,0.16030483595373246,0.1806777617038095,False,1.052450559727485,0.13531213401365838,-0.05895349315961673,True,1
884,0.1020643213657002,False,0.9449493253527712,0.15175076759802442,0.05400907011911127,False,0.3865503430039616,0.1445007277379438,0.1663046785703728,False,0.4283015318945014,0.15935086464203976,0.0756433995001653,False,0.8639485923179566,0.14296391715724938,0.05400907011911127,False,0
885,0.1374473016230784,False,0.9412192237047536,0.15014516243772363,0.06636227359437985,False,0.2541752799653809,0.14309999956865924,-0.017784970385915533,True,0.6198623633996996,0.1589218664458384,0.19569978368530067,False,0.8152679868640818,0.13413460169759178,-0.017784970385915533,True,1
886,0.07805159088505553,False,0.9512787646698797,0.1507932299205157,-0.013349116573344477,True,0.2797283600355711,0.14370270034351157,0.05474508920877508,False,0.630477757324895,0.15909184066415316,-0.00952154744354905,True,1.1122464570314852,0.16263873248012595,-0.013349116573344477,True,2
887,0.13348185499894244,False,0.6808942747384106,0.1505482780549215,0.08131058310956435,False,0.2824758914830432,0.14347328398970843,-0.02452408631852665,True,0.683013170205893,0.1594132724224347,0.18729314003068143,False,0.986979221625208,0.13772612029570874,-0.02452408631852665,True,1
888,0.009804468783928155,False,1.4427634063237766,0.15172984971869416,0.05135621930461687,False,0.4241830621682352,0.14421472830651583,0.16176918805451235,False,0.6834922757157418,0.15999523210439165,0.15670824338801342,False,0.9034525027145803,0.13712364758932544,0.009804468783928155,False,0
889,0.055122596487429565,False,0.774893267386147,0.1512917701913371,0.04651620762301345,False,0.3695588096028981,0.1439355696837088,0.17185992925486165,False,0.5230947335161777,0.1601613746990253,0.1699614435513102,False,0.8417130708702032,0.13778968631440353,0.04651620762301345,False,0
890,0.12465846177560963,False,0.8925590271921682,0.14997336750945078,0.019180990690161548,False,0.2526196030727106,0.14375432477996236,0.15894825778893812,False,0.45258287045221324,0.15869539329556598,0.2056246623181806,False,0.9615769626190891,0.13701158131296465,0.019180990690161548,False,0
891,0.08381872662936363,False,0.886826432052757,0.15049622992168776,-0.05132502974939457,True,0.24689442492948177,0.14352811699120388,-0.007989292921456115,True,0.7300741514841222,0.15980300580797313,0.20633709651736598,False,1.006391343225015,0.13677585727152525,-0.05132502974939457,True,2
892,0.0645965653231727,False,0.8056839757610592,0.15065112135022862,-0.003977909229921139,True,0.25690475320200923,0.14373507604712754,0.08647136614162299,False,0.4246050681416642,0.15745999117537587,0.21929905130585753,False,1.146484123086731,0.13696637570149023,-0.003977909229921139,True,1
893,0.07657173291437114,False,1.0228452486920248,0.1501901855710453,0.04394881066011469,False,0.42751106064280275,0.14338532539868748,0.19399771211894368,False,0.506610653589957,0.15902960078270606,0.15654823104018234,False,1.0047035706466978,0.13661294310342584,0.04394881066011469,False,0
894,0.09724599121948468,False,0.8524819254850238,0.1494507645247164,-0.023203561449092858,True,0.16918860096633215,0.1437272680456076,0.012549426980028033,False,0.6321869806654989,0.16156468307305644,0.06508721568679077,False,0.6599308613816297,0.13513875814489032,-0.023203561449092858,True,1
895,0.14564246388940016,False,1.082221789454634,0.15073493925148382,0.024702441824891896,False,0.3827883926625921,0.14454340181025616,0.07925038635483383,False,0.614496956535858,0.162838504865877,0.14976323296829508,False,0.8803218056822815,0.13721991261496558,0.024702441824891896,False,0
896,0.030632544536803308,False,1.1473624102080189,0.1505771168358263,0.04122670235519443,False,0.3439078175549233,0.14402858656133133,0.06606706607837876,False,0.6628553531327448,0.16263890332147643,0.157220968659184,False,0.9465042869219338,0.1378390414567437,0.030632544536803308,False,0
897,0.014507153075158152,False,1.1847828540039793,0.15102514227585243,-0.012554264633130918,True,0.2827857093336481,0.1438426787826311,-0.0060630567754547116,True,0.7724142533898275,0.16229427580836142,0.20473579743210402,False,0.9619974820653852,0.13673061294772904,-0.012554264633130918,True,2
898,0.08940473117235415,False,1.2482805191385973,0.15074651539658213,0.049166338522316666,False,0.41591372822597505,0.14403377283214774,-0.007900012367857867,True,0.7132641955175338,0.16209153891438227,0.11823973455331283,False,0.9840198945837781,0.13712898058792372,-0.007900012367857867,True,1
899,0.009046486514245222,False,1.2876295091499852,0.15070502339267755,0.01957398716609593,False,0.37567058128867825,0.14395623328190416,0.18408613636357246,False,0.5378219720260808,0.16191403387336933,0.17628564202693564,False,1.1057757213567319,0.135841681676774,0.009046486514245222,False,0
900,0.1481539097902882,False,0.9313850609707153,0.15043264072484547,0.06538401207370825,False,0.25666618345935266,0.14402296209730592,0.2241082497310833,False,0.4827266194607329,0.161267825900474,0.15228866843421218,False,0.8162603322819755,0.13614331170849875,0.06538401207370825,False,0
901,0.12668886435079613,False,1.0931447113446775,0.15072459943050945,0.036072535400238026,False,0.2912573228159683,0.1431380065630551,0.14834249863879156,False,0.47899934233552766,0.16070514944480785,0.204614480656872,False,1.0495431137455264,0.13709423682156066,0.036072535400238026,False,0
902,0.10911047294596499,False,1.1127936353296235,0.150901361916482,0.07017602207116935,False,0.30101026735943215,0.14485599991230186,0.11999940300386946,False,0.5224490390289842,0.16135988947500512,0.16832615603651863,False,0.8866559700025356,0.13661244406391398,0.07017602207116935,False,0
903,0.15867269482053825,False,1.0519419585601573,0.1509369717851734,0.07413339431671828,False,0.2804701805760095,0.14419053888821626,-0.01750334994793279,True,0.6793347125638431,0.16327141307715892,0.09222588573443846,False,0.7856352312767916,0.13651268098893293,-0.01750334994793279,True,1
904,0.09596457051681745,False,1.1317735482305165,0.1504353705590619,0.026246307122418155,False,0.2710407791555993,0.14466653031270724,0.12763465852347888,False,0.5644716983030067,0.16221979468501452,0.11531313714601088,False,0.7870499898131675,0.13615983599430126,0.026246307122418155,False,0
905,0.10308461472639313,False,0.9528794233093825,0.15127352209980593,-0.019301893452088104,True,0.26126874525027954,0.14453144226481343,-0.05449751350540022,True,1.1312494220785378,0.16393500831864752,0.15854142517356234,False,0.913932512195293,0.13714009103443425,-0.05449751350540022,True,2
906,0.10487779493449617,False,1.1815381008017112,0.15005778591253638,0.056905804778887514,False,0.25580274525917646,0.14451773685038616,0.17768644361172214,False,0.5221426117271522,0.16257342439578135,0.18329132138333248,False,0.7622617395918438,0.1357295007029736,0.056905804778887514,False,0
907,0.057804483031221654,False,1.3382542216211366,0.1503078838177411,0.06989569963510911,False,0.38951139933440304,0.14342022710506191,0.08613787566186837,False,0.7711831043544501,0.16131226478915883,0.14394093618204634,False,0.8915340102265579,0.13696112925947862,0.057804483031221654,False,0
908,0.039062225082790225,False,1.1611347421112357,0.15087382508540342,0.08251619201143329,False,0.3609104901071345,0.14557398772727648,-0.02661833600397645,True,0.8895728731813672,0.16310189245826406,0.2116163793429544,False,1.0912385049376323,0.13738380736890504,-0.02661833600397645,True,1
909,0.08887334756596377,False,1.0414889342819698,0.15008515355388044,0.056358851099998386,False,0.26981155343582985,0.14349205677929525,0.09006495825057714,False,0.7828267004446696,0.16254380325468967,0.17412262761074587,False,0.9669573440901067,0.136235255947935,0.056358851099998386,False,0
910,0.14563368598423582,False,1.0890227867185178,0.14944723033998755,0.026082311553729087,False,0.2628815993819602,0.14310164066020917,0.07074753705083214,False,0.6944269424289446,0.16277631337073784,0.11126460616533551,False,0.9832809897511301,0.13640799297952222,0.026082311553729087,False,0
911,-0.0108689292895916,True,1.115320127508447,0.14990021034875817,0.07903230602403039,False,0.3131621893002947,0.14440802731568322,0.1720340039502884,False,0.6210222195681818,0.16221433351534406,0.13359575673622526,False,0.9064210715076204,0.13700795976625119,-0.0108689292895916,True,1
912,0.1664109427559778,False,1.0097726958977014,0.15014867733163098,0.050403892955507845,False,0.3907443255762437,0.14431054053138195,0.16436752193143078,False,0.5580144995684095,0.16224506072906297,0.15660054634409998,False,0.98768441450345,0.13557898098647064,0.050403892955507845,False,0
913,-0.05542802292521998,True,1.7546990869163759,0.15174693399536,0.029547916503341765,False,0.4653378691380896,0.1439966628819537,0.042514939358544335,False,0.6525991315098105,0.1635867174857084,0.21058811868173483,False,1.0195060395176179,0.13681222306518026,-0.05542802292521998,True,1
914,0.11108862778855655,False,0.9576283364398819,0.1496945290029622,0.06848785469511176,False,0.18742578863156023,0.1440775571482828,0.07876502964916565,False,0.6680592338896878,0.16271204022354174,0.1379954872728787,False,0.7510363057599247,0.13668739288804385,0.06848785469511176,False,0
915,0.019293854016826262,False,1.2981822087224153,0.15347513596927198,0.037037267382622585,False,0.2750474081257608,0.14551694244282373,0.12735969844403372,False,0.7342530767481308,0.16213308295829737,0.15863932194623032,False,1.149096062203532,0.13564022038351176,0.019293854016826262,False,0
916,0.15554082268235736,False,0.9953173386400191,0.15036368612010514,-0.006873518069993145,True,0.33231507032538454,0.14266239257058833,0.11276407602345995,False,0.5604774401210337,0.1628783729681266,0.05346037020278316,False,0.5145687023498049,0.1390406182069851,-0.006873518069993145,True,1
917,0.11391430287024418,False,1.036081846695859,0.1509013071667822,0.06807328999549633,False,0.30554361268581864,0.14392586036495822,-0.026137709583035074,True,0.9331673768359257,0.16470084451672762,0.1268107821306037,False,0.8792256926701933,0.13645669530783205,-0.026137709583035074,True,1
918,0.025285335972026868,False,1.3933231594052213,0.15043742356562279,0.020312760182187195,False,0.42064210604604324,0.14400366666115616,-0.02879389685146383,True,0.7758016790960554,0.16401480810482905,0.05913574416040113,False,0.9753795186896257,0.11181817376890865,-0.02879389685146383,True,1
919,0.13409695202568106,False,1.1827351660228422,0.14920918908520958,0.08932837006738692,False,0.30003130600108774,0.1430330128447394,0.09976423018014646,False,0.6736446553642645,0.16186953175655205,0.1811650152456289,False,0.9245534257971959,0.13564261019520074,0.08932837006738692,False,0
920,0.16353534254045832,False,0.8131503593203315,0.15068734746606138,0.0860660538086887,False,0.30443361108297196,0.14433642987381695,0.05113947746499936,False,0.6641380237057575,0.16478126095287288,0.07345525808075992,False,0.7487686733658756,0.13674379110572554,0.05113947746499936,False,0
921,0.10260698679224428,False,1.2617569702733173,0.15066624566609954,-0.00925992165502143,True,0.3825187384048079,0.14308685356675566,0.004304469728525717,False,0.7869088658330896,0.16546198772206916,0.03541433621011336,False,0.994411959486434,0.163917591044889,-0.00925992165502143,True,1
922,-0.021531196917506157,True,1.2214268755921012,0.1516041156171849,-0.0035087999221977695,True,0.46426153408518034,0.1441914292140809,0.07288547666287626,False,0.6412706748309411,0.16336432357450356,0.13897003564768362,False,0.9047912232074751,0.13597853649814923,-0.021531196917506157,True,2
923,0.11042306964381937,False,1.0296971522705212,0.1505820385945385,-0.017121282592234666,True,0.27471249276274623,0.14476315087221556,-0.10094908442289552,True,0.8310030916798923,0.1633143803970044,0.03825168865581452,False,0.8451345750436614,0.15027026691677486,-0.10094908442289552,True,2
924,0.09882992668390367,False,1.2640154263835823,0.1502073942408701,0.08834844870611652,False,0.31984070302823553,0.14412890519722402,-0.024668401786804628,True,0.8985782075381419,0.16098515534684874,0.14031839323159112,False,0.8411026297525668,0.13847258145179397,-0.024668401786804628,True,1
925,0.1320328300796466,False,1.026854541216285,0.14979306778648144,-0.07875782175411217,True,0.4326326899631998,0.14427285671419585,0.07168657072438145,False,0.7712849385985772,0.16165989822302837,0.14440217449045067,False,1.0997785022719002,0.137850487517147,-0.07875782175411217,True,1
926,0.1413880092996042,False,0.9136456875016266,0.1500605235454523,0.08149891967785611,False,0.28474207700339726,0.14413745761989552,0.17333461429498476,False,0.4987986661792727,0.1608092947163547,0.15515882486259686,False,0.7330935234607998,0.121779451246597,0.08149891967785611,False,0
927,0.15246199707300284,False,1.1345206974277149,0.14951551136905367,0.041949081376313924,False,0.3170406042984242,0.14422888710696732,0.10290756708233872,False,0.67145938330109,0.16185280221147497,0.1932531393695348,False,0.7319201125687831,0.13514349068298678,0.041949081376313924,False,0
928,0.1404762295208229,False,1.0726117167772964,0.14962051863153417,0.06799355772069271,False,0.34813277279474053,0.14425049308876658,0.12611006731438812,False,0.6217220842396773,0.1607469803200109,0.20303891386061068,False,1.0039036989587193,0.13763867257828208,0.06799355772069271,False,0
929,0.08415451959375209,False,0.9233397287394884,0.15124103641162767,0.10144104508374202,False,0.29649861830028024,0.14516163465503573,0.11461651324924504,False,0.6530192877781213,0.16319541875998378,0.17570912024759794,False,0.9060176434354552,0.13767958542202152,0.08415451959375209,False,0
930,0.13969405226161608,False,1.0011773007581783,0.1505463303408945,-0.011008280220043853,True,0.24506049588443335,0.1438073980507306,0.011715340475868863,False,0.7248364784581878,0.16151605698966431,0.19775506480045413,False,0.874902141391692,0.1366634199310881,-0.011008280220043853,True,1
931,0.09792170787456783,False,0.9042781984362367,0.14966977204547338,0.09967133340065337,False,0.2509398370510165,0.1441078975923779,0.11364088020964536,False,0.5885227557005039,0.16169781241508893,0.14044490050361325,False,0.9239837769323196,0.1344723381398895,0.09792170787456783,False,0
932,0.07436272562747759,False,0.7988519962200111,0.15055613142727303,0.061583481599465695,False,0.3511431946985739,0.14497868104844946,0.21664464339159578,False,0.4162037393264222,0.16088134468915877,0.2378723543832476,False,1.2032560603754328,0.13772559233999387,0.061583481599465695,False,0
933,0.14685390928604014,False,1.1523170895709645,0.14935753891721684,0.050315092507993486,False,0.25828214871304755,0.14413444685736396,0.1139577001555182,False,0.5944696512279153,0.1628252323519852,0.11624354314416263,False,0.8168609944264951,0.1374718021763629,0.050315092507993486,False,0
934,0.1345533256653419,False,0.9686448417112028,0.14988065164282893,0.07923613092441173,False,0.30954492578094417,0.14422990987920914,0.20185705277504978,False,0.5141164407262913,0.16148861818937627,0.161874665551702,False,0.839731199364016,0.1379112330150188,0.07923613092441173,False,0
935,0.1469797385173393,False,0.9486146336438084,0.14942724240946845,0.002894666499673071,False,0.2507385187968765,0.14395079890833987,0.2171518623013829,False,0.464619245639027,0.16082978395624797,0.21756640226981167,False,1.0281441713570592,0.13698428955523217,0.002894666499673071,False,0
936,0.06274844750808106,False,1.3690992242681594,0.152142471100973,0.08141075866802783,False,0.26827342574785984,0.14549717598031855,-0.0685256232642314,True,0.8375247517987354,0.16188910467262113,0.14872824005503543,False,0.796260185645393,0.13783051801823237,-0.0685256232642314,True,1
937,0.10482588835873657,False,1.1058955797782806,0.14979194111826405,0.05875209692753558,False,0.282672481352666,0.14422729961301037,0.16512397394519568,False,0.4185870593714456,0.16092815221426424,0.10532760755451276,False,0.8753793058548909,0.13687071149595473,0.05875209692753558,False,0
938,0.07142914278306844,False,1.0009994018688642,0.14891438000878648,0.07682310605439935,False,0.2917589770355269,0.14423019552510358,0.07511800784503697,False,0.6772517679023229,0.1592122212083979,0.20551334199242538,False,1.1417605980762404,0.13743114844686707,0.07142914278306844,False,0
939,0.0807958071923639,False,0.9899886121395987,0.15209639967809507,0.0659429219965687,False,0.2893484584146617,0.14422026497204066,0.07251465469464291,False,0.7959761665584266,0.16268127771073537,0.13820277119546298,False,0.8540053468957101,0.13808751653445286,0.0659429219965687,False,0
940,0.06250727908679077,False,1.4034932239163358,0.1510304432622463,0.08193835739539113,False,0.4548534244836382,0.14433945678954047,0.1611796393731943,False,0.6388817993116409,0.1608927138270578,0.22702111041241474,False,1.255775431363832,0.13830460621758572,0.06250727908679077,False,0
941,0.09323959064557674,False,1.2537285709650825,0.15007207676873474,0.08114968039677095,False,0.40843704668408076,0.14377584292348877,0.12706599059423207,False,0.5577308794754148,0.16226064725239478,0.1438502053499145,False,0.8438040993647786,0.13690764655197757,0.08114968039677095,False,0
942,0.11496693243878281,False,0.8083535997138298,0.15060225434578478,0.05846789555077503,False,0.3637002308334061,0.1453435096858701,0.14933891155220652,False,0.6453227157189085,0.16237745568986714,0.0657457156985386,False,0.8530322259475087,0.13827162513654076,0.05846789555077503,False,0
943,0.0270065380640635,False,1.4275801998826685,0.14951330971592341,0.07709583398584674,False,0.3525594897243216,0.14386571222522418,0.20276229546689,False,0.4361738334192562,0.16215917045375566,0.18613984948120793,False,0.8572821273518454,0.13730250291067206,0.0270065380640635,False,0
944,0.003137837117058062,False,1.4178072525808934,0.1511646315465948,0.03334379578860658,False,0.43778398366603355,0.14411662043965184,0.20258947732507343,False,0.5494951555701741,0.16119793341126804,0.17717037715509,False,0.8957376871391669,0.137779181923641,0.003137837117058062,False,0
945,0.03112153923739891,False,1.351552987432573,0.15084923154837238,0.03558136306344306,False,0.3597132379804262,0.1451483406380777,0.09584331146299252,False,0.6944959926425784,0.1608396786818646,0.1827735804603549,False,0.9275853928455473,0.13789198170484707,0.03112153923739891,False,0
946,0.1507369736899457,False,1.0958350650978161,0.15038390801166862,0.06674967175052804,False,0.32892075072458593,0.14408176095210645,0.20558711276323932,False,0.5910918239103145,0.16226469456135678,0.19279975639648422,False,0.9219712109039764,0.1371040303732057,0.06674967175052804,False,0
947,0.17325111370810936,False,0.851991899512528,0.14944630716009946,0.054517785114545636,False,0.45256232711299305,0.14415497528438648,-0.09659955522935526,True,0.9369242233441095,0.16484746609467985,0.17365033667389396,False,0.9749483678810278,0.13743186737085497,-0.09659955522935526,True,1
948,0.03570268202746174,False,1.4145731274669355,0.15143397175362616,0.03126927884071673,False,0.406875597511823,0.14523166789085384,0.203185723154229,False,0.4773196662677468,0.1612794277334238,0.16416210196220127,False,0.835342447421024,0.1384362608544786,0.03126927884071673,False,0
949,0.14222121264232845,False,1.0372601919924036,0.15075965925220408,0.10054780825400317,False,0.26086164646890087,0.14476690468822762,-0.0620730130866155,True,0.8181841335290105,0.16250684589846132,0.18539660492109328,False,1.0095716180204062,0.13763610626086387,-0.0620730130866155,True,1
950,0.15182303151708965,False,0.9702894210652657,0.15003024912115698,0.03832519676424062,False,0.41018909639784673,0.14408869806477204,0.20516247670491788,False,0.5956735978701739,0.16121778634010042,0.2274313431042123,False,1.1204031200577422,0.13729306053862558,0.03832519676424062,False,0
951,0.12997331207947693,False,1.1286106219231273,0.15148397514247616,0.07299098194117148,False,0.39903982189974285,0.14516107039378204,0.10672716984523212,False,0.5960986505689043,0.1628792803208573,0.19019010370861955,False,0.8877947780064439,0.13832186170285726,0.07299098194117148,False,0
952,0.16499831208127275,False,1.1506966946142556,0.14964380667857552,0.06194641764779296,False,0.30736715733094444,0.1439492806461823,0.0110827296574314,False,0.7695530911928972,0.16193316477800818,0.20160372086545686,False,0.8949390815287228,0.1374540399082479,0.0110827296574314,False,0
953,-0.03128669187837585,True,1.7228866287577067,0.15106458406674847,0.08734698506154731,False,0.29344303068938027,0.14425104970418579,-0.03248609539664282,True,0.8305490263247075,0.16277037704977815,0.2266817575266717,False,1.0481861169985778,0.13491529423555318,-0.03248609539664282,True,2
954,-0.023759287585824906,True,1.0179436494958434,0.15087488174392397,0.08031353624248849,False,0.2726251942975271,0.14394766901166794,0.10384582937967168,False,0.6201788825339059,0.1617169370850293,0.16779669631603028,False,0.7823754137523407,0.12883504583687946,-0.023759287585824906,True,1
955,0.16696757302141868,False,1.0358956647319135,0.14842185642290595,0.09493279027810947,False,0.30595641492122505,0.14375045598697167,0.1873388704364563,False,0.5131051652189977,0.16111768846145977,0.165422077962115,False,0.9105840513675068,0.1289159940196,0.09493279027810947,False,0
956,0.1302571362132111,False,1.4254998291258372,0.14946472452075937,0.06389323552949866,False,0.41057729204192506,0.14450709308999335,0.105878635720425,False,0.6147408374993941,0.16008941376718028,0.2149255836994266,False,1.1132166709692393,0.13431295722532738,0.06389323552949866,False,0
957,0.011191258386509695,False,1.4760060756378248,0.1508245722950865,0.0705811655485098,False,0.334981448157869,0.1437209898291592,-0.024231390568036804,True,1.0053343104399728,0.161524261859736,0.18836378948301435,False,0.8783502973922719,0.13724946521696862,-0.024231390568036804,True,1
958,0.0543699698023562,False,0.8267972847732983,0.15082970771543558,0.03971283271463655,False,0.3171543871878182,0.14434452881339824,0.05875126970285294,False,0.6761891635432895,0.16219938170639275,-0.016547012997960353,True,1.1551905344757012,0.18536205136277148,-0.016547012997960353,True,1
959,-0.004366596050703442,True,1.4453521049377498,0.1506678461281017,0.1337664209042299,False,0.26222556631983207,0.14496909214656872,0.040241708740595405,False,0.7693301226748979,0.16353794244046907,0.19299824282943767,False,0.8696985994612765,0.136085961161453,-0.004366596050703442,True,1
960,0.13141942844249893,False,1.1740042019563441,0.15090986010361845,0.03197424718038977,False,0.39399068870965115,0.14515516890344365,0.19964131149219794,False,0.5160136561241424,0.16246031731370414,0.1677388383328186,False,1.009273830004548,0.13865791806324285,0.03197424718038977,False,0
961,0.1753032401585733,False,0.9465177728826812,0.1486301729098914,0.060784311685181946,False,0.2576948572013853,0.14348912671542474,0.13783001996377786,False,0.5557880057077482,0.1611066752653288,0.16348510633235802,False,0.9215742795264601,0.13431979357108234,0.060784311685181946,False,0
962,0.11655085887791167,False,0.9016916363789735,0.1497328732209927,0.0784292096309746,False,0.32810621799158235,0.14382802264762967,0.08892781713717512,False,0.7238019761399199,0.16211334132111926,0.04717200499659813,False,0.9078555340288585,0.15562611190173264,0.04717200499659813,False,0
963,0.14290269671703681,False,1.1498555988999706,0.15091043043558952,0.09330183499302719,False,0.3303096980994824,0.14462897277271058,0.08989874981537382,False,0.6322782914876564,0.1611453447423496,0.19481571354349536,False,0.996914934433542,0.12764164054912766,0.08989874981537382,False,0
964,0.14165755079801,False,0.9403727699896798,0.15100052271998965,0.057440958063528225,False,0.19930920736532798,0.14401422855776524,0.14467350227573206,False,0.6809148849295581,0.16075594210893562,0.112928251116163,False,0.6576160975678751,0.1338077362387594,0.057440958063528225,False,0
965,0.02745882887675466,False,1.469143728215125,0.1507123930278101,-0.01432826050593039,True,0.32095755022772887,0.1438560201703466,-0.015392457582305008,True,0.7510017835588574,0.16276440165640332,0.2047972305963604,False,0.9979992494313186,0.134914360834676,-0.015392457582305008,True,2
966,-0.0004013659400770031,True,1.1579448425579844,0.1505048140007186,0.07496528542626524,False,0.2576413247384055,0.14471265501253194,0.023756831761560293,False,0.7355300913198028,0.16196260099426824,0.1834882484176813,False,1.2752471644206969,0.13964683163350428,-0.0004013659400770031,True,1
967,0.12226946793565407,False,1.1910747202089893,0.1505937746105812,0.06157089197114618,False,0.4469736325477649,0.14446450848118203,-0.09400883104379487,True,1.0566894689907138,0.16243310460337984,0.19827170099585967,False,0.856418208825448,0.13318369166466393,-0.09400883104379487,True,1
968,0.07369287202447616,False,1.3996622925221405,0.15009050393875228,0.06741996011055551,False,0.26287897555182704,0.1441356092655217,0.025592950667700398,False,0.8459218192584221,0.16209860317541663,0.1230613217145965,False,0.9083241737986492,0.13702892244888842,0.025592950667700398,False,0
969,0.07769124493243484,False,1.110525561465424,0.14964132539108416,0.11646492042457335,False,0.2350473299687048,0.14411161862270633,0.07961185404949334,False,0.6380214299421263,0.16257327435558774,0.05359022519614587,False,0.6851232940832932,0.14093215996369185,0.05359022519614587,False,0
970,0.12260764733514329,False,1.186992933019479,0.15056779549570165,0.019343142917903622,False,0.26499569198335093,0.14354604981892255,0.09689548519441926,False,0.6765246342267703,0.1619863109572563,0.1765871752674571,False,0.8233792086263241,0.13447242289232475,0.019343142917903622,False,0
971,0.1312369973263819,False,0.9448046252763036,0.1492027406678333,0.014281861230331261,False,0.23406084892439027,0.14491916798065388,-0.004261218571387171,True,0.7790496013664956,0.1638499575372154,0.18802648534732463,False,0.8919669280316715,0.13094940713803183,-0.004261218571387171,True,1
972,0.08333560732330159,False,1.4113730895402914,0.1519109712448395,0.0361879038053492,False,0.422479550218805,0.1450554584696892,0.16422605668288176,False,0.5492366570316849,0.1628433229410255,0.1638519108713895,False,0.9850416355220633,0.1367031255384802,0.0361879038053492,False,0
973,0.08470697061641752,False,1.0596732498486336,0.1513859793010311,0.03645698681642617,False,0.24987449239584802,0.1444668166962223,0.04595463518835352,False,0.7492630345574716,0.16435579960061675,0.1988507820680424,False,0.9533186713807695,0.13749898112261005,0.03645698681642617,False,0
974,0.0622702653736249,False,1.2526900767808744,0.15048953457277564,0.04938132458719613,False,0.47364559137326445,0.14447647197299468,-0.06865667079802618,True,0.9291397428383092,0.16410305289738442,0.1887511450587514,False,0.8686336721868755,0.13580858937311063,-0.06865667079802618,True,1
975,0.10957889837270374,False,1.197718185450035,0.15143623303447756,0.09997715786416306,False,0.36109137621615983,0.14559641476065777,0.05868769603638413,False,0.6623187146710752,0.1636633101579064,0.17764102977528407,False,0.9163228137924821,0.13756052945670522,0.05868769603638413,False,0
976,0.12880201584216383,False,0.998131161037122,0.148074174523109,0.07314299567241445,False,0.38035268201845573,0.14365319282976524,0.15067467587019517,False,0.633296765536657,0.16286835890128443,0.20185335885713224,False,0.8805591294718673,0.1320041512583461,0.07314299567241445,False,0
977,0.034341917931192234,False,1.2309683294429337,0.15006690213178275,0.023338675891039662,False,0.4138309761203365,0.1443795735487774,0.011136136602247104,False,0.7491879476332617,0.16285294975247894,0.1228413738565014,False,0.7347802546917444,0.13575269494102055,0.011136136602247104,False,0
978,0.06443005952475744,False,1.1085466285129695,0.1506322649871455,0.04092572901559377,False,0.2508955565986035,0.14470095133836275,0.1201672740061871,False,0.5868563961314923,0.16219973147377623,0.23341992907518622,False,1.2131114298527503,0.1356869677161998,0.04092572901559377,False,0
979,0.19301908734738632,False,0.937341551819973,0.14897317084080403,0.04570112296700113,False,0.5942526533385395,0.14394174593044057,0.024167684279173485,False,0.677615816778278,0.16117866689492794,0.1133922796200163,False,0.8019224756935737,0.11747335922232756,0.024167684279173485,False,0
980,0.07729883419405947,False,1.0882185551125292,0.1513049580636285,0.07193756605118862,False,0.3594882801556383,0.14340012552425133,0.12147589523505425,False,0.5813328461277709,0.1624193371101923,0.17477340577492467,False,0.7452435131074582,0.13392278194275675,0.07193756605118862,False,0
981,0.11163572040850073,False,1.1347487008887103,0.15077141606181732,0.08964582985978714,False,0.3040517588400591,0.14519085104404883,0.024603054271953972,False,0.7050191343073335,0.1633637490730802,0.15202641026862085,False,0.9019130161526336,0.14287463061327535,0.024603054271953972,False,0
982,0.09542746514260086,False,1.2652041713760647,0.15049524592141894,0.043979657296096986,False,0.46667064166454164,0.14488482887650136,0.19101386089753136,False,0.5376156427802821,0.16167830723307658,0.19899747268982265,False,0.9547213746111058,0.1319228598017923,0.043979657296096986,False,0
983,0.060848101397493526,False,1.1749044213210151,0.1498354865340058,0.12712291899598588,False,0.395680009674499,0.14551950947273606,-0.03451961471906684,True,0.9067685860016059,0.16256013120137214,0.15616529246336547,False,1.0317917909619334,0.1330893261129626,-0.03451961471906684,True,1
984,0.12598640119325522,False,1.1527900621054423,0.15086764873108036,0.044238050161964027,False,0.28348522653345487,0.14501027303107078,0.06194470375329486,False,0.7804761957699773,0.16317300561095738,0.1678387057338142,False,0.8861103512845647,0.1368430799276524,0.044238050161964027,False,0
985,0.11162163907204314,False,1.215330417868579,0.14987582250705425,0.04387188991155544,False,0.2562150761766018,0.1441633810529316,0.14054680844262835,False,0.7294812287479726,0.16125855023811103,0.18224045310158254,False,0.9139904913361745,0.13232440091521486,0.04387188991155544,False,0
986,0.1826143752649831,False,0.8156287437971359,0.14825312380678032,0.09522186691328938,False,0.3714338765633789,0.14438054325125188,-0.05366976163296344,True,0.8892427807370931,0.16228354857906435,0.14076421802815542,False,0.8234958973872388,0.13606025346413692,-0.05366976163296344,True,1
987,0.14556999913964297,False,1.085023072447501,0.15063021364870294,0.06917655959450963,False,0.4467782854599984,0.14533847066708344,0.10601401537299515,False,0.6495441009397032,0.16242272355370305,0.21390939402925335,False,0.8756426840583937,0.13545632201103952,0.06917655959450963,False,0
988,0.1352640454471627,False,1.1164750393367613,0.14940723612702494,-0.06538327319003889,True,0.5365504613101748,0.14418886522042312,-0.009951912838686905,True,0.7772162250290482,0.16278607070245205,0.09646876360311041,False,1.0295535319810685,0.14711886418943637,-0.06538327319003889,True,2
989,0.14693245205770683,False,0.9972956518444667,0.15148672573924363,0.011671459478972634,False,0.39309237573975153,0.14468551931482065,0.020339909553722446,False,0.6347733989148339,0.16351193884031734,0.2059132076072443,False,0.8805416327678983,0.13718579902721967,0.011671459478972634,False,0
990,0.06363272012086774,False,1.0972935553129803,0.15007152683340158,0.02628324281581207,False,0.2324523129353746,0.14521630515269332,0.016171932209236628,False,0.7290797704548972,0.16370502119155228,0.18612992587542726,False,0.854346389751748,0.12829530682043047,0.016171932209236628,False,0
991,0.16666462807972054,False,1.10507358232798,0.14890799692747136,-0.010647546718446144,True,0.3016680026540277,0.14433997259918813,0.037067168900221104,False,0.696713504801616,0.1628630598251753,0.20297116843461166,False,1.1048909158005156,0.13515698522702663,-0.010647546718446144,True,1
992,0.09935505286850266,False,1.0940248678792788,0.1500287220799239,0.06734480195694625,False,0.3802109696964815,0.14510913552148674,0.12451234063762662,False,0.5067413852873073,0.16314129851684012,0.10723866394889647,False,0.7191784888273691,0.14233807053683015,0.06734480195694625,False,0
993,0.07086018275617778,False,1.40561229238712,0.15078861116629966,0.0726279756179351,False,0.4205196200207775,0.1449301766357995,0.04200331516211353,False,0.8216523859937139,0.16247412343773943,0.1676498692581152,False,0.9392122283233231,0.1381306438294214,0.04200331516211353,False,0
994,0.09817944771346798,False,1.233809360180326,0.14994781939805174,0.045206168597894725,False,0.3746498294107876,0.14367929021014408,-0.05012202438807911,True,0.792408982580094,0.16377781803814645,0.21476687063256245,False,0.8591622105242687,0.13523793402832932,-0.05012202438807911,True,1
995,0.03411002587040579,False,1.0955886986132806,0.1502768568783523,0.07439201029590004,False,0.2914940371056376,0.14408739858941877,0.0016324921928755343,False,0.7617643158264091,0.16254905214428975,0.0962127769165888,False,0.9517369511398595,0.13664669595977458,0.0016324921928755343,False,0
996,0.1180941407114438,False,0.9656562623480338,0.14984163182882834,-0.012491128370939575,True,0.2741789915828079,0.14483144957683824,0.10115041015998805,False,0.6468054190515389,0.1620721705369182,0.15268314435356845,False,0.9057849276020975,0.13748934504139484,-0.012491128370939575,True,1
997,0.09860832172614431,False,0.8788841558734197,0.15067737565795747,-0.0003863731322985009,True,0.41902477424706963,0.1444991096056385,-0.096334732083595,True,1.0509929952032548,0.1631667275770925,0.17282358951463028,False,0.7872434816845639,0.13099433612916345,-0.096334732083595,True,2
998,0.06172582259786552,False,1.1238936840654166,0.14985516746910765,0.08670501593839886,False,0.3796701238838587,0.14439608873440762,0.03954880372994707,False,0.7837973705216521,0.16078479684580424,0.1705141354547018,False,0.8541778030840677,0.13834223259485445,0.03954880372994707,False,0
999,0.165903529407315,False,0.9196516849233416,0.15050012004638513,0.07256387534467645,False,0.36421141734914353,0.14517831610277926,-0.005892326730167263,True,0.7069381949437255,0.1641731172298186,0.14474802410111415,False,0.7433442267486812,0.133447816539844,-0.005892326730167263,True,1
1000,0.10276185893031059,False,1.0559351500239378,0.14927861349587424,0.08751780849689322,False,0.3622856382518229,0.14411760939203858,0.19207299398574101,False,0.5714249866155419,0.1604933882613881,0.2029898694649635,False,1.0584330005224496,0.13820314052706553,0.08751780849689322,False,0
1001,0.1833751996591495,False,0.9564428757488308,0.1502296938046131,0.06320163842236892,False,0.369872067346275,0.14438482677567954,0.13838382450673387,False,0.5538841278807485,0.1593327687784167,0.18610075584363944,False,0.875109833414907,0.13658191749352303,0.06320163842236892,False,0
1002,0.12531803778618317,False,1.0516748883096518,0.1496822127836197,0.02256695485132454,False,0.4495917118322419,0.14407233792196844,0.15616710950669832,False,0.5317484546915443,0.16226741426173577,0.21778984106647692,False,0.8895800114499819,0.1364863143322881,0.02256695485132454,False,0
1003,0.08941207806917095,False,1.298315590514445,0.14880690818720854,0.029967493987320237,False,0.22867398572783326,0.1430757864195829,-0.09565973408854456,True,1.5628918394158042,0.1626459755859445,0.18493820669031852,False,0.9434860733783736,0.13593926671434964,-0.09565973408854456,True,1
1004,0.16286989756471598,False,1.149816695439195,0.14895087441792781,0.06115565832801417,False,0.3575565738252615,0.14341795927878187,0.1763201416030084,False,0.5359346316566898,0.16049447252657997,0.19191698258924067,False,0.8050099169121103,0.13552872022803547,0.06115565832801417,False,0
1005,0.13148822300060947,False,1.0540535508394226,0.15154290311953714,0.0751017963608609,False,0.40018013393449614,0.1452488995647122,0.20076111702994504,False,0.4435028092754727,0.16094776350893208,0.1821811965533197,False,1.1179846350180247,0.1379222455974311,0.0751017963608609,False,0
1006,-0.05060363968517978,True,1.5418820187859805,0.150040913520743,0.09167348770631034,False,0.34957930668173853,0.14421170900565466,0.12581104811254418,False,0.5039109894803131,0.16016765297579189,0.1287960055063554,False,0.7648028952213095,0.13674069512566742,-0.05060363968517978,True,1
1007,0.040998106724905226,False,1.2940715681268906,0.14899840429989253,0.03309785288746758,False,0.44972595121487635,0.1440336474533117,-0.049704182027477284,True,0.8614865877169391,0.16107357811872908,0.21781279105298224,False,0.96378800280376,0.13640569828915144,-0.049704182027477284,True,1
1008,0.0931966638166285,False,0.9665622607448188,0.14979154315428028,0.016380454670684053,False,0.30294551717950013,0.1443408075691386,-0.058414047063190866,True,0.8271664227253237,0.1631889305526319,0.09317412218714949,False,0.6739313332887806,0.13771700443061324,-0.058414047063190866,True,1
1009,0.058365479746880555,False,1.1529970181054907,0.14919392705714857,-0.010196708023883505,True,0.3555038546258569,0.14353049252494932,0.11191056608136085,False,0.7013881242175999,0.16096525550808227,0.2000210099517543,False,0.7772568216259046,0.1354174431625904,-0.010196708023883505,True,1
1010,0.1152868864597173,False,1.275640548511333,0.1503908423609946,0.08690300030412496,False,0.39548882652234485,0.14384140630601766,0.12028849283203674,False,0.5328923701526151,0.16241522021285582,0.2258011198008325,False,1.1289988570334248,0.13664767146975165,0.08690300030412496,False,0
1011,0.07431578627406765,False,1.223345732173371,0.15133734201454357,-0.03767507796508385,True,0.24834670150201932,0.1437956573269297,0.03720288379132941,False,0.6350512450852219,0.16133582416390324,0.212533569494751,False,0.9048358553339859,0.1347254006822664,-0.03767507796508385,True,1
1012,0.1772277438034009,False,1.074548001508044,0.14991713430865966,0.07556177298600075,False,0.3929805623511371,0.14398790547799134,0.12125163072373352,False,0.6326147648701974,0.16358177318753958,0.2299162490816944,False,1.169723681816346,0.13554005574276368,0.07556177298600075,False,0
1013,0.07687918553027773,False,1.0350952144414687,0.14971952417729106,0.041107092433969594,False,0.458155130235661,0.14339313699039724,0.0857825075588381,False,0.6003358718308713,0.16130444057701213,0.18516563387258017,False,0.7052657001488585,0.1355066957828262,0.041107092433969594,False,0
1014,0.11842044932005119,False,1.0003288858199728,0.150484247578012,0.008529070833390384,False,0.2526651414417431,0.1447229888919313,-0.06648833373289642,True,0.9773895630464213,0.16230865417590828,0.13055331918057145,False,0.7656845768223364,0.12244938052246565,-0.06648833373289642,True,1
1015,0.14378308559405295,False,0.833796884308883,0.1486736692760935,0.025714994358568388,False,0.23890490436847522,0.1435592778705722,0.022692765205566956,False,0.7861303344832256,0.1610455462621766,0.18682166467446254,False,0.7199189015024778,0.13457275240071526,0.022692765205566956,False,0
1016,0.0013966374798937142,False,1.424309199282881,0.1504161069959058,0.07187118590858921,False,0.4296726176065482,0.14402923101740733,0.10129708660347236,False,0.6825979230820729,0.16190676759306566,0.1977460432529896,False,1.0873037907970518,0.13082479421150028,0.0013966374798937142,False,0
1017,0.1295155446375233,False,0.9768056560168463,0.15078045755127711,0.0897091467422656,False,0.33923940828170296,0.14523614170005478,0.021004744100246442,False,0.6256235898404523,0.16330338291373997,0.20414008569447933,False,0.9704669812844822,0.13757035129354978,0.021004744100246442,False,0
1018,0.11997604881272522,False,1.2609794864704624,0.14968233781658108,0.0596694228935305,False,0.4602749615780102,0.14458843823254952,-0.10257454720822701,True,1.021835754275853,0.1642434201317139,0.18433294393143784,False,0.8455833265613648,0.13569715341923766,-0.10257454720822701,True,1
1019,0.07169192055387019,False,1.331057581392586,0.15059123224934062,0.06372190356639829,False,0.42577231205104726,0.14481451943466028,0.07348724803389106,False,0.7321972135620285,0.16227638110343973,0.18972336727238714,False,1.0379041650027228,0.1365171382842265,0.06372190356639829,False,0
1020,0.05033667142346143,False,1.2584263826486595,0.15153715283640662,0.07141303125382448,False,0.46589572744391994,0.14546883876141142,0.14135466291982168,False,0.5170188536031963,0.16384213338644238,0.20498716580988058,False,0.873679918307867,0.13527799219388448,0.05033667142346143,False,0
1021,0.13887474372428327,False,0.9555202822562237,0.14954567753813008,-0.00684209842098038,True,0.23485774229505552,0.14441512909680626,0.16825912352697453,False,0.5728439292524632,0.16027432436835848,0.14770801382964238,False,0.8891661473047978,0.1368696185977613,-0.00684209842098038,True,1
1022,0.11415379240926676,False,1.2752825263573144,0.1509164633196468,0.04928044799787423,False,0.24953328746569392,0.1431444664993232,0.21376083316326117,False,0.46197200816627415,0.1606671907851231,0.15460825585272242,False,0.8078669512829801,0.11685740831724364,0.04928044799787423,False,0
1023,0.11024107887658224,False,0.8410749359091871,0.15160170441698273,-0.011502251699787802,True,0.37458349535716273,0.14502491140255702,0.059755254977265415,False,0.6315723407863785,0.16445395077340413,0.19687826917815487,False,0.9581088752885312,0.13648809296976003,-0.011502251699787802,True,1
1024,0.10457357515237808,False,1.2568635742650391,0.14934682216083534,0.032716425870100485,False,0.4074098933042871,0.14278997742461075,0.14191450025863317,False,0.6611491254516717,0.1605232903583221,0.1440371103963481,False,0.9512913434096724,0.13800860853400104,0.032716425870100485,False,0
1025,0.14647339893187894,False,1.0464099408443917,0.14974830394455363,0.0398335462752728,False,0.3574109600192532,0.14320532944981798,0.18285701504934504,False,0.5209349253178839,0.16172379137142393,0.10419644244616755,False,1.0657691813041321,0.14270398773557363,0.0398335462752728,False,0
1026,0.10768450226624154,False,1.0663072545541636,0.1506450350271794,0.08867270393520471,False,0.360424910659225,0.14514507088054607,-0.06608955481717826,True,0.8614274427968904,0.16419217755811333,0.15560102878127813,False,0.6003635613485632,0.13571067635506165,-0.06608955481717826,True,1
1027,0.17219766471752918,False,0.9006018255954487,0.14957223452771418,0.03748859596650511,False,0.3311673135798012,0.14307861941511502,0.16451580766397172,False,0.6344829164335415,0.16142581937189907,0.12163884820453008,False,0.9052062613220586,0.13624551923217315,0.03748859596650511,False,0
1028,0.1504606730495323,False,0.848884622994279,0.149289372634878,0.015325562853189534,False,0.2551478944234713,0.14308551810273057,-0.0064689951423021474,True,0.735196733501613,0.1620055805356278,0.12600182828574014,False,0.6714323576992935,0.1361934901668964,-0.0064689951423021474,True,1
1029,0.14938069487209465,False,1.0072378334686272,0.15012643521469388,0.017415712616824508,False,0.33089057545251954,0.14396041243043678,-0.03796430481757063,True,0.8919702598146078,0.16248108473225892,0.1865825296210487,False,0.7921744062765297,0.13702591392792096,-0.03796430481757063,True,1
1030,0.1432961298565028,False,1.133322057186586,0.1502061593242154,0.032137077940175174,False,0.36613266309374004,0.14359657506898238,0.08293482126586094,False,0.8037914310031637,0.16200208861858884,0.19507128733860168,False,0.9279226262016671,0.13568542190000507,0.032137077940175174,False,0
1031,0.1760188946648953,False,0.9874729399150644,0.14915893056722956,0.07251790406976588,False,0.3460426028063497,0.14344129384013893,-0.05123254175324421,True,1.0682419571008737,0.1619260701103363,0.12162433151142893,False,0.6928037016032322,0.13180693387634593,-0.05123254175324421,True,1
1032,0.09959175356026628,False,0.9469445579973452,0.14945961044582423,0.03787388512758194,False,0.24703180764657762,0.14373894030443884,0.11289920312678858,False,0.662372273454968,0.1619508897392709,0.14708914830915815,False,0.9412253602931857,0.13802635142423236,0.03787388512758194,False,0
1033,0.06601062581809314,False,1.1279840684103641,0.14994405535912514,0.06187905096649016,False,0.35285339769518353,0.14314710623802485,0.07556794543427547,False,0.6337898362400283,0.16217307114467194,0.19498405314752915,False,0.8212636569681278,0.1332427835254499,0.06187905096649016,False,0
1034,0.11909795342296031,False,1.1199135323941607,0.14974837001992897,0.01862502059579063,False,0.47250754842218123,0.143016828410143,0.13084256565543229,False,0.6372630560604775,0.1618391685683122,0.03137283526132928,False,0.9624763829883412,0.14972987538221555,0.01862502059579063,False,0
1035,0.16334308086658111,False,1.0244539987444572,0.15093601743084165,0.056666202302993796,False,0.2829371759627912,0.14438038050488802,0.020466688483859685,False,0.6968859956759155,0.16345364399370996,0.08858448816169007,False,0.7238161696230061,0.14382643075049995,0.020466688483859685,False,0
1036,0.15717599927127046,False,1.1176280709790776,0.14991779794728066,0.04201069407783875,False,0.32964018851748045,0.14364119940831194,0.12439223003774846,False,0.5680505130143392,0.1601270053681832,0.22510881240286346,False,1.1063919999995064,0.13415023613647692,0.04201069407783875,False,0
1037,0.1362716731119895,False,0.9699992410722966,0.14887496645837917,0.04745017905594595,False,0.25917253818202046,0.14354296104824343,0.11619371036341775,False,0.645321255683472,0.16136835515517653,0.1504849460790087,False,0.7605344560732612,0.13876716157738092,0.04745017905594595,False,0
1038,0.07614635789865898,False,1.221269955032101,0.15051925218533657,0.04890540804146715,False,0.3608310105848367,0.1444451078602824,0.009162675535501319,False,0.7095373087745389,0.1622751537655009,0.1524103829021911,False,1.1593890153581559,0.13748889087099175,0.009162675535501319,False,0
1039,0.14647633639413649,False,1.1914746065327715,0.14959178959190766,0.055621982675786885,False,0.2732766493624519,0.14418322530822683,0.03972401752991617,False,0.755171762509715,0.16231495689325315,0.18186507672539165,False,0.8424573934395916,0.1376742524734857,0.03972401752991617,False,0
1040,0.13003728962292688,False,1.0611043270592961,0.1489655814881174,0.08315906024064051,False,0.3249590619154603,0.143817095904208,0.03774385936461122,False,0.6037226767403245,0.16019453861681143,0.21774798052024508,False,0.9821782946107003,0.13580867156444454,0.03774385936461122,False,0
1041,0.13621385839014,False,1.0167711961388188,0.15038170534855427,0.025412862269265757,False,0.3773951159894804,0.14477787775692733,-0.0015916630871402049,True,0.9033626370595311,0.16215071528408354,0.1854474257115074,False,0.894074985582056,0.13811098208269112,-0.0015916630871402049,True,1
1042,0.06504768422495566,False,1.2695901834905934,0.15048600554748037,0.03892350373548337,False,0.44382098714918916,0.14405797476635296,0.17746156515959216,False,0.5153931661101263,0.1611949891547704,0.10797538861565692,False,1.0562854225609049,0.14278454578528774,0.03892350373548337,False,0
1043,0.15209988956418785,False,1.2305317742417952,0.14890513849421494,0.0545984708928996,False,0.4258743063228172,0.14362446538416324,0.12305289753882537,False,0.7490014508806573,0.16114982371143594,0.14255002033822972,False,0.818185097237822,0.14055213615876616,0.0545984708928996,False,0
1044,0.03694504651452901,False,1.28256110102841,0.15124300757480863,0.08758743574423716,False,0.3177959762861131,0.14503131345195736,0.1179108261213695,False,0.6851764680175754,0.16222375922428334,0.14117848621778362,False,0.8398227145140247,0.13719494056131498,0.03694504651452901,False,0
1045,0.11010748249208041,False,1.1739365205663743,0.14988254606277512,0.03179052720826758,False,0.40059392299970464,0.14382801005796367,0.10642684624540888,False,0.7014768262120123,0.1622992129150274,0.12358596844997405,False,0.6645878198315287,0.13935885273432264,0.03179052720826758,False,0
1046,0.10145768813380396,False,1.1117711855830175,0.1506802080026737,-0.06320083911869923,True,0.25521386804169954,0.14459268564515185,0.14007726569071016,False,0.5891718510774271,0.16154718549200364,0.1635199033320069,False,0.7980091400663363,0.1374076810124082,-0.06320083911869923,True,1
1047,0.04838712937165657,False,1.339502836831132,0.15211183579331233,0.08061678709129916,False,0.2898939292901028,0.1453069083206216,0.10220858516782783,False,0.6545490516416319,0.16181800703730548,0.19156088065885868,False,0.9053402427622048,0.13943889926249528,0.04838712937165657,False,0
1048,0.11525975330722099,False,1.2354612759939751,0.15022139575183732,0.0848673306168522,False,0.3815182512658306,0.1444963529885064,0.08144675002810331,False,0.6996427109730776,0.16167257639811403,0.20541528927438918,False,0.8421879333626043,0.1370781128323465,0.08144675002810331,False,0
1049,0.03438871345360206,False,1.4757634612452297,0.14987088478720847,0.08968373752198822,False,0.30267389386302224,0.14384616839622577,0.15082486065038908,False,0.6634029176396907,0.16280057930317277,0.1769462742444871,False,0.8156570705057078,0.13797426827337603,0.03438871345360206,False,0
1050,0.14524744259329325,False,1.1760758457500602,0.15071016822599384,0.07262838374699443,False,0.4293062843841664,0.14500883014982424,0.07401502377060742,False,0.6478939959817018,0.1621159663089079,0.1988650472085689,False,0.8233081110260181,0.13527974477687102,0.07262838374699443,False,0
1051,0.09219784391755304,False,1.220298499479616,0.15008557598906275,-0.08138213550592188,True,0.5417376039735975,0.14382367814516892,-0.0652517208465937,True,1.2760000777973495,0.16277831319798536,0.12209012462617375,False,0.7278460884924529,0.14156706729849414,-0.08138213550592188,True,2
1052,0.14913209724018794,False,1.0123660436627404,0.15016445372381138,0.0784726756508346,False,0.3580807944259319,0.1436860914328782,0.08536278836098632,False,0.6740689076634383,0.16317969269307567,0.11172731977944395,False,0.7173384063762489,0.13829661448888536,0.0784726756508346,False,0
1053,0.17328625769545825,False,1.01265939943531,0.1498619421006044,0.02095699042308019,False,0.23262550598952259,0.1445540540318553,0.1042510530470877,False,0.5448152012607725,0.162480752556834,0.18016061163644387,False,0.8088275756092898,0.13721792761089474,0.02095699042308019,False,0
1054,0.15411325520205854,False,1.058558515472812,0.14918346237971788,0.029405699260219076,False,0.4497865049933645,0.14351594888765673,0.09715643647093075,False,0.6200686539218345,0.1630103845784406,0.20627852330808172,False,0.8717473301871699,0.13607453447713314,0.029405699260219076,False,0
1055,0.1571332180783021,False,1.2078987981645368,0.1494851870942009,0.06773258017650441,False,0.46056404276649765,0.14424263765785678,-0.029043163194448773,True,0.9150858963403417,0.1627804970289655,0.19679712420547824,False,0.6321429251764443,0.13765353957308646,-0.029043163194448773,True,1
1056,0.1074945077296584,False,1.1310899833836412,0.14979986181597096,0.020368025103297493,False,0.25949462209519614,0.14412297460260448,0.20718027179494897,False,0.4816525138978658,0.1598519226881842,0.17209532085400586,False,0.9690348027656317,0.13788139897389623,0.020368025103297493,False,0
1057,0.0670232573957219,False,1.3450296138747428,0.15014728441414565,0.09149723425850476,False,0.26239101859428504,0.14384442614840956,0.15775520182855096,False,0.578457486070199,0.16249894877436374,0.19310882894731995,False,0.8046001521898594,0.13635309708082877,0.0670232573957219,False,0
1058,0.04994387772037101,False,1.3547639926539334,0.15047239218821915,0.08413640035056019,False,0.33320286468075766,0.14404660444613948,0.20316760786316723,False,0.5792906862808374,0.160209478190339,0.09643320180213322,False,1.012942278235933,0.12606711560865436,0.04994387772037101,False,0
1059,0.11805248914559269,False,1.1676594806869693,0.14933499787334853,0.03552347103649989,False,0.3766243994128684,0.14439971069094076,0.07227513787114914,False,0.7266417521268187,0.1616972502602586,0.143377892002312,False,0.6480168159373767,0.1369784728039229,0.03552347103649989,False,0
1060,0.07004161330857583,False,1.2217286525113153,0.15425333906807417,0.008167539894207043,False,0.44898509077071935,0.14898224193087833,0.0514558306492755,False,0.6179801413141333,0.164340101537454,0.07058452575902707,False,0.8140956576103995,0.1422109469105665,0.008167539894207043,False,0
1061,0.08038380302888126,False,1.4498182257626167,0.15061342136201505,0.09318534371650461,False,0.4409308365257867,0.14474035818737907,0.027817737715443047,False,0.7969769101416722,0.1607397942814754,0.18772742317512725,False,0.7511833773461192,0.13614138031883238,0.027817737715443047,False,0
1062,0.1385691230022803,False,0.7959012323141053,0.1498559593801011,0.06334470132009518,False,0.2570772565644053,0.14415471823495163,0.06484591037958531,False,0.6161295323588623,0.15979696946252997,0.1220524674644684,False,0.7969875172182168,0.13837261550795996,0.06334470132009518,False,0
1063,0.1369677486315941,False,1.1108325533858205,0.1502372868174393,0.06782397742958657,False,0.30558371479200575,0.1440880969212634,0.06514076356844034,False,0.7894846881634159,0.16243411465424096,0.1984486636904776,False,0.9754638552472936,0.1379383279959421,0.06514076356844034,False,0
1064,0.09879953737225644,False,1.230403391583435,0.149617509478312,-0.03723762367124561,True,0.40967113171571956,0.1441178577773799,0.21150424660220113,False,0.530024411275164,0.16153031418015462,0.10769390603013185,False,0.817286078195754,0.1352593926506478,-0.03723762367124561,True,1
1065,-0.013199393640754287,True,1.3420902842750695,0.1502260789202426,0.07468760430723209,False,0.3120173766017573,0.1449448886810653,0.09456875292925493,False,0.6931654355816323,0.16233278856887293,0.06539342861612563,False,0.6909779666601608,0.1424626418304706,-0.013199393640754287,True,1
1066,0.14865927295391096,False,1.0895946815886801,0.14959560053261184,-0.05455069324224049,True,0.3757852789172078,0.14464274001426802,-0.06809904986001314,True,0.9271156418478221,0.16184732721044087,0.18838071525712385,False,1.0342804418994012,0.13571845113756145,-0.06809904986001314,True,2
1067,0.14502410562564488,False,1.1105624425466998,0.14955071854234425,0.07183969203752494,False,0.35159064367193427,0.1435600013018729,0.14097201921543606,False,0.569701625100067,0.16027906808948522,0.19115807086283548,False,0.8194702057280541,0.13532709787674552,0.07183969203752494,False,0
1068,0.052116679614377714,False,0.8999856455812052,0.15148017306862743,0.09472463979441065,False,0.4114781496797486,0.14551864644080068,0.2206638109632244,False,0.474878844801762,0.16134103791585697,0.12905366636407323,False,0.7285347487512295,0.14017606711453362,0.052116679614377714,False,0
1069,0.1277459564805875,False,1.4427274859113504,0.14925438034530658,0.03397503552205983,False,0.3680867453718908,0.1431791347729617,0.1668712503988758,False,0.5348384683791492,0.1598970837483723,0.1688024919481909,False,0.7337436817340446,0.13453038834417924,0.03397503552205983,False,0
1070,0.03489147116722513,False,1.2687852521995757,0.14921860018726193,0.028773238641036536,False,0.35453182749703616,0.14293011032028408,0.0854622115877981,False,0.7563173915800017,0.1616954410468089,0.1848116832718371,False,0.7592079882482803,0.13761944993554168,0.028773238641036536,False,0
1071,0.08525714299356324,False,1.1992746954260398,0.1504478712245767,0.09838359917372619,False,0.3565648999536246,0.14540023537360772,0.13260501368350763,False,0.5844251854811677,0.1614345610744108,0.06965675073860778,False,0.6567918860369706,0.1374998362342797,0.06965675073860778,False,0
1072,0.1921912571835192,False,0.9696671400658856,0.1479051796420079,0.099129235754363,False,0.2855268942299469,0.14431180289741208,-0.00245959747922897,True,0.7514040877002184,0.160625197961065,0.1918212784477783,False,1.016831431111751,0.13668768904208353,-0.00245959747922897,True,1
1073,0.09817463595052112,False,1.1110714945780855,0.1496168862091175,0.07701010937683439,False,0.36446634021894275,0.14368027568685268,0.017657095394431055,False,0.776948622210075,0.16158363886205085,0.11495874761247571,False,0.7278480510319716,0.13724826815242808,0.017657095394431055,False,0
1074,0.0915059888937445,False,0.9344427558034101,0.1508298071416443,0.08542762979618868,False,0.39864495335161987,0.1449721435969359,-0.03754953708853992,True,0.8321437746204474,0.1620784536503876,0.1670926512180847,False,0.9032940469561608,0.13832898279043038,-0.03754953708853992,True,1
1075,-0.023240338379341252,True,1.243896671167449,0.14962447120646416,0.06013334484766719,False,0.4196622707340867,0.1443897856491276,0.11644492486781888,False,0.6516205222489955,0.16273938853404524,0.13097455049806905,False,0.7104166302408483,0.1352355585369287,-0.023240338379341252,True,1
1076,0.08468765480369822,False,0.7648583231800474,0.14953655228165352,0.048616743525339734,False,0.2585300197871041,0.14425462808186204,0.1472963149499168,False,0.6217239382587931,0.16097834592647375,0.13708296382954488,False,0.8380816145441088,0.1374504484429595,0.048616743525339734,False,0
1077,0.055224382003109085,False,0.691546209329291,0.1486566718277664,-0.025794211984342508,True,0.14377050052396556,0.14370313278835495,0.05927262530004285,False,0.7233138562053114,0.16229753820355175,0.0800779346766014,False,0.6007312751165776,0.13831263384128922,-0.025794211984342508,True,1
1078,0.14887685074684426,False,1.137394055671821,0.14972203690568292,0.07951869020058805,False,0.27181671296828447,0.14455962972656036,0.10625126182673805,False,0.706364410574547,0.16126186948255777,0.18013604229172903,False,0.7785669175408709,0.13660428077345738,0.07951869020058805,False,0
1079,0.17187142336622696,False,0.9825712254092733,0.14925493636733894,0.02765077383021619,False,0.49776295272023674,0.14374068847728705,0.21534183589735578,False,0.5442292463754583,0.16168369540975736,0.13388864546545565,False,0.7719610647428852,0.13714046518938378,0.02765077383021619,False,0
1080,0.06569187711936775,False,1.1554189251439189,0.15082428112532748,0.07155790668730078,False,0.30591927137217767,0.14462220644097085,0.228766393994368,False,0.4160596236614664,0.16190836096076938,0.16725536839665306,False,0.8014799637557302,0.13835842155415523,0.06569187711936775,False,0
1081,0.15750214107148403,False,1.0867086489708666,0.14930775777088412,0.020696724974256786,False,0.5022145301905325,0.14462300689394722,0.07382309253546027,False,0.6737865864122476,0.16293990056012944,0.15298645672873346,False,0.7277978422984348,0.13679018242040306,0.020696724974256786,False,0
1082,0.09191649340302721,False,1.285801390787109,0.14894349324248723,0.03308467254856218,False,0.19357838898664115,0.1442143869262142,0.1569510424646689,False,0.5621168784991479,0.1600740459231158,0.1817446720277942,False,0.7509134830161361,0.13718404177211002,0.03308467254856218,False,0
1083,-0.0030287796863315286,True,1.267521992826493,0.15071705301135907,0.09374770542920996,False,0.335569123712975,0.1446102210644793,0.15489492856781972,False,0.5803614359877334,0.16040689021924265,0.15592351599133636,False,0.6404174235319806,0.13836203456513213,-0.0030287796863315286,True,1
1084,0.0026894212851629185,False,1.151292456199125,0.15050558232913347,0.0610642060678066,False,0.41980487691952106,0.14434763042379534,0.15047772054152947,False,0.5723420118092541,0.16284870480020505,0.15108690836410094,False,0.7214627348910172,0.1367250247998928,0.0026894212851629185,False,0
1085,0.11756604319440112,False,0.9702473532260014,0.15004645510386297,0.07475354700827064,False,0.26205096382609727,0.14421073256222938,0.0005861551173166335,False,0.7668130662173853,0.16072999015018957,0.1604839327453234,False,0.7594997017087066,0.13642966987611446,0.0005861551173166335,False,0
1086,0.12486328314013373,False,1.0139752820370036,0.14952078070326763,0.08161336373134331,False,0.33262130717630933,0.14433295790709533,0.06811770645307391,False,0.6485305827928847,0.16178894514073833,0.1460633157760841,False,0.6425665885839162,0.1375249478527885,0.06811770645307391,False,0
1087,0.11357358125002831,False,1.1703520783554042,0.14909892887071147,0.041576059642490115,False,0.3102717489316871,0.14322661347771432,0.18779442987156292,False,0.5182166015942393,0.1619139466368818,0.15143953855939307,False,0.7421637683656754,0.13706811080468942,0.041576059642490115,False,0
1088,0.11230675097732257,False,1.1583072627962443,0.14967389516598884,0.016439482470905653,False,0.2899693827101557,0.14362579099407363,0.056693107291966194,False,0.6740617734858729,0.16094487539406455,0.15523382668539049,False,0.814909423376448,0.13673451587432728,0.016439482470905653,False,0
1089,0.1125963426598498,False,1.2163339986902675,0.15050020518770202,0.08534715942214971,False,0.3721507779329378,0.14533466269346174,0.13001095107353283,False,0.6397050040728787,0.16144740897792303,0.13069896047422602,False,0.8367200160638826,0.13779805052701205,0.08534715942214971,False,0
1090,0.16338171271472962,False,1.2583437436001792,0.1491428995816082,0.029858383140816236,False,0.36848867363890725,0.14364364810086583,0.20593765771636668,False,0.4611185971312066,0.1599194525722865,0.19914194639012445,False,0.6662299512517815,0.13697079491668512,0.029858383140816236,False,0
1091,-0.005988959857338272,True,1.6263914567899702,0.14985007948136647,0.0878820532924558,False,0.4022892023291831,0.14460170476010337,0.0782297552220117,False,0.5819206618048041,0.16103272580254713,0.16453879533276006,False,0.7672978858453128,0.13766353189314234,-0.005988959857338272,True,1
1092,0.07029321835193747,False,1.2863633775190992,0.15005102554966418,0.06437158844232249,False,0.40919113214013825,0.14483711406133298,0.03899060021916867,False,0.7311998240357898,0.16311618937269132,0.1660521900270382,False,0.7482322696908403,0.13828796954467865,0.03899060021916867,False,0
1093,0.04255628157187896,False,1.3369878503237898,0.1495303382606225,-0.0031752969724850866,True,0.38145146312236555,0.1444717761571192,0.2091431339228077,False,0.5669050560197382,0.16146848803518085,0.1718660216269055,False,0.8749127429431811,0.13724064471176717,-0.0031752969724850866,True,1
1094,0.11596411439676568,False,1.1068005033870891,0.14959209342956245,0.06063147033042071,False,0.25805059972057154,0.1445089725619329,0.1395911560933793,False,0.6063672590400224,0.16314590692713715,0.17720072896073757,False,0.9088609361833995,0.13727699076336036,0.06063147033042071,False,0
1095,0.05931049561091617,False,1.241453752490719,0.15062965909782774,0.06397839659945315,False,0.301407460350102,0.14518229794813842,-0.007204807938773761,True,0.8144507938454804,0.16322866367934458,0.20018747591725783,False,0.8738578635684942,0.1369130558750707,-0.007204807938773761,True,1
1096,0.13403484031059099,False,0.9555475775187907,0.14990469006621596,-0.01569418930914912,True,0.21330097741454335,0.14502302728484762,-0.08351490437026865,True,0.8201355004774638,0.16337627992445464,0.17180340163720587,False,0.6437282598785647,0.1371326423740689,-0.08351490437026865,True,2
1097,0.16834193986766055,False,0.9964593350751623,0.14953048136454056,0.07480384238725801,False,0.3669344289193821,0.14567725228824463,0.08808413426732953,False,0.586056110211769,0.16290785152672133,0.20522761366835401,False,0.9972818005576292,0.13732678535536233,0.07480384238725801,False,0
1098,0.11189638310557842,False,1.1562806518960427,0.14987785207154067,0.004299791771762984,False,0.5014254282017812,0.1452657104768313,0.06764630230983126,False,0.5804279211204566,0.1630431502961895,0.20592650445294253,False,0.8640778330608201,0.13742520229950206,0.004299791771762984,False,0
1099,0.030224438180126545,False,1.4134471311767958,0.14994607695463064,0.05230087230421787,False,0.3084689506535654,0.14289954397603005,0.19262135406703057,False,0.5541417591556808,0.1621590295448766,0.19460953595807318,False,0.7759162121367407,0.1369835948319316,0.030224438180126545,False,0
1100,0.042010881188356164,False,1.4725253972500827,0.14957873999396393,0.017665986879512596,False,0.28918144727728756,0.14445815055630867,0.09800966646188858,False,0.7095244339791189,0.16230902213919243,0.21111254635373644,False,1.011428750519912,0.1368995420047506,0.017665986879512596,False,0
1101,0.147813939271638,False,1.1198400907020138,0.15015549764772174,0.08604005338908571,False,0.3071696945517641,0.14466908245236648,0.17883747655714805,False,0.5914888289060516,0.16123987848493704,0.1479673472066073,False,0.6658864890625005,0.13811504162760796,0.08604005338908571,False,0
1102,0.1048458268827297,False,1.1499707341074439,0.14949314961248883,0.06351909416109025,False,0.2806578482290094,0.14341051831136897,0.14978750223856074,False,0.6142477533044866,0.1618353085354673,0.17456577939678464,False,0.802694191715438,0.13647528837295192,0.06351909416109025,False,0
1103,0.1827107682614117,False,0.9086180022143493,0.14825382519261027,0.04002000131229777,False,0.22719251325691658,0.14270909837699686,0.02643681390288266,False,0.6258696473573921,0.160613558165551,0.12992229558777435,False,0.6066341785789018,0.13698822372762237,0.02643681390288266,False,0
1104,0.1566373190772139,False,1.1480020555392272,0.15009863411391525,0.0757331702461439,False,0.2530541708716241,0.14489055622580754,-0.021299286048430455,True,0.9124380397029732,0.16306357571632674,0.20264159701522355,False,0.7881310393000258,0.13731272891598006,-0.021299286048430455,True,1
1105,0.06923541164877833,False,1.3698122366016254,0.14981725684388011,0.02249964055750986,False,0.22426141881352946,0.14341344265674205,0.1775885731649663,False,0.5486609549898238,0.1603980136520725,0.19740788855844937,False,0.797086120189618,0.13634424236082326,0.02249964055750986,False,0
1106,0.05813590861811324,False,1.350900739739283,0.14961894905468298,0.02091536714212161,False,0.30990721641865937,0.14410170059348565,0.014897507862293935,False,0.6970180394108203,0.1631357432010075,0.17263442416163222,False,0.7590705741767849,0.13698337033694352,0.014897507862293935,False,0
1107,0.11214979916157758,False,1.3410294945941357,0.14969969413073636,0.04990591482654627,False,0.3236765563956139,0.1453483864050469,0.06536414950098579,False,0.7291441785178816,0.16260645658259273,0.14415311101300932,False,0.8452879865476213,0.13763404590927336,0.04990591482654627,False,0
1108,0.18683048688320775,False,0.8475098832580259,0.14796142154463737,0.01745916008536208,False,0.29161947252619,0.14302003596756105,0.23310258006227547,False,0.49053582340405155,0.1607879883984442,0.18131552644693616,False,0.8278842517012726,0.1361562677258734,0.01745916008536208,False,0
1109,0.18078882752971126,False,1.0654770820760624,0.1489895560517006,0.010325813638050407,False,0.4365069348126751,0.14322700688362144,0.13148888855265223,False,0.6411442641474936,0.1600027185286732,0.1179546244944516,False,0.7899790696074946,0.1365746775226978,0.010325813638050407,False,0
1110,0.052295504395998726,False,1.3157836388479756,0.15014970322364518,0.11892945012346712,False,0.31573309494068824,0.1451855827259121,0.1834893979860613,False,0.42619185917711966,0.16144804598223939,0.19723775668922583,False,0.9512887642467647,0.13800215779618286,0.052295504395998726,False,0
1111,0.16529495824311302,False,0.8828673202471613,0.14878955403910607,0.08699050317018503,False,0.4500837668683384,0.1444269356081092,0.19832510384177604,False,0.5541884634938126,0.16124770083096035,0.1784578598874758,False,0.8087994445886901,0.13627617860354735,0.08699050317018503,False,0
1112,0.13084959526495232,False,1.235113939158854,0.1483799742056784,0.0628929787861332,False,0.317132627297378,0.14433692348227112,0.10126616392848276,False,0.6394561230542664,0.162071942400889,0.1457592745778909,False,0.62479865125821,0.13759186329860018,0.0628929787861332,False,0
1113,0.03701005575396965,False,1.1551205184388147,0.15044697708209342,-0.0017366679076096236,True,0.4190724583689964,0.14511143325140657,-0.08092545966329812,True,0.9735239700046987,0.163534028600865,0.16612963255203955,False,0.9178608211294521,0.13891331291173442,-0.08092545966329812,True,2
1114,0.15527599408591697,False,0.8081735192536137,0.14814527504729014,0.07463472130854354,False,0.30222203576179374,0.14317136684502568,-0.07357130669570822,True,0.8871475113049001,0.16283549575320205,0.17537478956885627,False,0.8043123609282687,0.13725897127996603,-0.07357130669570822,True,1
1115,0.16807534151804132,False,0.9474988233467918,0.14995753574775042,0.017392683199724535,False,0.2699656100221437,0.14472338746269303,0.15747704382875272,False,0.5897027176016618,0.16182328097725557,0.1792087778193362,False,0.9919651273106636,0.13666454739372774,0.017392683199724535,False,0
1116,0.08475868458873081,False,1.0634969407474348,0.15094240085886232,-0.04402436184745784,True,0.45830637351390946,0.14547440863014638,-0.057226258788413586,True,0.8614045770850742,0.16386228009366616,0.16687297948231183,False,0.724186600865204,0.13821987934792554,-0.057226258788413586,True,2
1117,0.1253700978988344,False,1.3746648511772572,0.1496521485498406,0.046378558525836056,False,0.3264298156029335,0.14424290753330707,0.04041633380722709,False,0.6782201418014966,0.15998144927031333,0.1814354177527327,False,0.7664766877734182,0.13602186217391282,0.04041633380722709,False,0
1118,0.1201773553931354,False,1.1162359721884685,0.1498869898592906,0.041613629617838765,False,0.44577643637963615,0.14469163999836587,0.0341747076084995,False,0.7941689788899935,0.1615658256083592,0.1803520254263391,False,0.7011764245922909,0.13769261560336976,0.0341747076084995,False,0
1119,0.054664829323763375,False,1.4617672470047336,0.14903027682464648,0.07651582330764084,False,0.35946382475139704,0.1447001653309964,0.13123483009019676,False,0.5968028452822607,0.16096346648211646,0.10695946971274262,False,0.9367185837300189,0.139325666738573,0.054664829323763375,False,0
1120,0.11069363549548994,False,0.8848016661284577,0.14917175006527753,0.006432898645196583,False,0.24873791742896656,0.1433961630679749,0.20844762396390532,False,0.5097244714986302,0.16036904641048844,0.17354543275587142,False,0.6892895481723544,0.13410791587592852,0.006432898645196583,False,0
1121,0.14921001970338732,False,0.9931407575789191,0.14946732324277195,0.049416381594552417,False,0.2974641007744503,0.1442837880109224,-0.012945473263878404,True,0.8207841508992839,0.16135634200317156,0.12925771852365908,False,0.6037603270727703,0.13395631648851952,-0.012945473263878404,True,1
1122,0.13049851390828565,False,0.9721706292443943,0.1497612175225762,0.09148343646903295,False,0.3450723298853222,0.14464023723873184,0.12129731015165379,False,0.6148415853663005,0.16143378625572885,0.1472581785433319,False,0.7179478662900147,0.13730392824971704,0.09148343646903295,False,0
1123,0.15913940302324686,False,0.9009899500937844,0.14940467605487207,0.05862496419382546,False,0.4906921735177303,0.1441124975873873,0.1622625150619429,False,0.5770428214746164,0.16122141379098945,0.09719545518529604,False,0.6857800087854209,0.13328753876960628,0.05862496419382546,False,0
1124,0.016783024902855104,False,1.3167186425337287,0.1495360651282686,0.09269663355646018,False,0.3910077316493419,0.1449260718408414,0.13845091579627145,False,0.5725800044094571,0.1611588978699458,0.20539879442808023,False,0.9890639949963094,0.13124877246146488,0.016783024902855104,False,0
1125,0.11170216751923684,False,1.043139269247358,0.14986885841675923,0.05632412685998789,False,0.25319616386242827,0.14459695530648828,0.10865829753535461,False,0.6676876085484982,0.16187124389465082,0.18589214947702037,False,0.8988991584664079,0.13797276303704767,0.05632412685998789,False,0
1126,0.13070212524262864,False,1.0492477547094836,0.15016471825550748,0.07103914276483236,False,0.40339761754607806,0.14370529579714972,0.05504580413681692,False,0.6638639510479452,0.1617487038915072,0.16879243722819626,False,0.7807087084653328,0.13572080666775016,0.05504580413681692,False,0
1127,0.18005557146998957,False,0.8369352230135625,0.14959339582596637,0.07542606242204775,False,0.23934857160544798,0.14413260354630603,0.13129670302398821,False,0.6627552865405189,0.1624904794510436,0.180295310596096,False,0.62125082107697,0.1309487477981611,0.07542606242204775,False,0
1128,-0.02577775320229636,True,1.354206622007363,0.15198163250380958,0.09619500436733791,False,0.34873540813039994,0.14543010986220944,0.15438059543175997,False,0.5776343931785002,0.16260075854954148,0.12920231593801457,False,0.8928478899258243,0.13770847270390432,-0.02577775320229636,True,1
1129,0.07838204965406514,False,1.010426654303536,0.14973943038113965,0.09413181799241777,False,0.3398556558816057,0.14419742242513506,0.17774069540521464,False,0.597216925651818,0.1625035185424018,0.18455798746356572,False,0.779495876734503,0.13494372997765772,0.07838204965406514,False,0
1130,0.07693302970281268,False,1.3932211790711415,0.1499714530735346,0.09098194325200154,False,0.39310184558825445,0.1440519879676208,0.13204087606322568,False,0.659009361761175,0.16094411778997086,0.14095231941709752,False,0.7191324148984173,0.13641366102990474,0.07693302970281268,False,0
1131,0.18015878053933204,False,1.0167907359694635,0.1496218747025358,0.16667643194503595,False,0.37232972490387173,0.14501171750966962,0.011179034156428513,False,0.8510335078272244,0.16295043063451287,0.20526686371022207,False,0.8893173026598726,0.13754601416073492,0.011179034156428513,False,0
1132,0.12186966027365959,False,1.0586067425954129,0.15017013330516496,0.05589665444082803,False,0.28486328177956266,0.1439776904816669,0.06675050658619375,False,0.8510501981058793,0.16145233849377993,0.14133169085889363,False,0.7072596838727496,0.13839478264823313,0.05589665444082803,False,0
1133,0.16400732410392077,False,0.9638845568830541,0.15064637086210397,0.10241360984912856,False,0.3623400566755284,0.14457794082450573,0.19467753417457578,False,0.5463111137459988,0.161290760527801,0.17402215735267706,False,0.8041858210858308,0.13664697799465939,0.10241360984912856,False,0
1134,0.1606333139770944,False,1.1788850665337596,0.15027099978435743,0.07588832911855936,False,0.27008075508086593,0.14580950354871575,0.1666695082838438,False,0.586873463166796,0.16268166737811593,0.19190165078352572,False,0.8122685686641027,0.13577503908229047,0.07588832911855936,False,0
1135,0.11369463551213149,False,1.150930514026081,0.1494905771454262,0.07776017084798964,False,0.3523436664049986,0.144551403586315,-0.06749816738522918,True,0.8536080276290374,0.16370360610922371,0.168961808087163,False,1.0306174954156695,0.1385048417829041,-0.06749816738522918,True,1
1136,0.07029907926756218,False,0.9136389301377474,0.15157667066096242,0.09719345375537541,False,0.33817578308380547,0.1445093410381934,0.06791852407086063,False,0.7132544675381551,0.1649061604495638,0.18036613073911606,False,0.9068104797351897,0.13896403590597267,0.06791852407086063,False,0
1137,0.13827830303201455,False,0.8825701779648163,0.1512235507900656,0.07727647373138241,False,0.2961718528586883,0.1442426717847794,0.1402583307454629,False,0.5363897987894344,0.16030228739411276,0.09676643447578448,False,0.7068810163965842,0.13766299807499394,0.07727647373138241,False,0
1138,0.034669485406620626,False,1.2467499108220426,0.15067182238327867,0.038703902454534145,False,0.4259350173372194,0.1446088626588506,-0.05186920120963101,True,1.0283115696737424,0.16519168206192353,0.19081012180748713,False,0.8436898711486824,0.13759000905014643,-0.05186920120963101,True,1
1139,0.1499141890675913,False,0.9605145525232479,0.14849420383836495,0.024244878028932937,False,0.2653577197494028,0.1437505091946601,0.07852557349433809,False,0.6959634914860278,0.1613648156575601,0.14238066514030584,False,0.7462984338842811,0.13536369294163378,0.024244878028932937,False,0
1140,0.012336962663578421,False,1.1997521888836014,0.15134950921807194,0.07558209720110165,False,0.2945830524988904,0.14506157314036627,0.10689336091300994,False,0.3528263853878306,0.1613519333052124,0.05576043042031231,False,0.7283320424419961,0.14304242102931658,0.012336962663578421,False,0
1141,0.11420320241235088,False,1.0861740387689776,0.14891975008717195,0.05028934927006523,False,0.3116504170606842,0.1434441231022627,-0.01604684858173422,True,0.8746642139195191,0.16145762111732714,0.18475302113057768,False,0.7079595150039897,0.13618319852930216,-0.01604684858173422,True,1
1142,0.14240312980033415,False,0.9507563806340302,0.1498292156592319,0.04910805493386705,False,0.45564031912025316,0.14420275903193763,-0.01003081657106708,True,0.8670355894788206,0.1624864093448583,0.1153803023739145,False,1.0493299981744781,0.1378593046897486,-0.01003081657106708,True,1
1143,0.022679803944680943,False,1.1788788612764587,0.14996591788074032,0.09143502845843177,False,0.31897627387660643,0.14457969554829886,0.11171900863119488,False,0.6212003252865765,0.16110629357378142,0.14276349661161697,False,0.6753726730208647,0.1402259769446761,0.022679803944680943,False,0
1144,0.15797870695873006,False,1.0990785410935073,0.15062526049789246,0.13070916727716775,False,0.28929716767840064,0.1445537623604327,0.1000314999190961,False,0.6671071276202079,0.16225463223167447,0.1015391885223963,False,0.5906901126643589,0.13681878154159693,0.1000314999190961,False,0
1145,0.07908510475062658,False,0.8090788805141689,0.14984613934866287,0.0439817640264728,False,0.26039742190670445,0.14442492347891478,0.20439223267383472,False,0.4770264964906652,0.1609242213638511,0.10444472411889294,False,0.788822184940539,0.14103875742331765,0.0439817640264728,False,0
1146,0.006914269922664862,False,1.1840620532772181,0.15016048424517559,0.10009905178105638,False,0.30430786693806566,0.14512388043782548,-0.018907349211369606,True,0.8815957432606849,0.16401078717219236,0.11296688734866767,False,0.7961542932854817,0.14711275824447834,-0.018907349211369606,True,1
1147,0.05563527727948803,False,0.9841116431628489,0.14936645985775035,0.054862037931182495,False,0.3211801271695167,0.14302293079058498,0.1376562891032257,False,0.5208561051808858,0.16008138360768318,0.16359275734854273,False,0.8575511427360267,0.13858648982263547,0.054862037931182495,False,0
1148,0.061771752080955755,False,1.0347478063779558,0.14879667701067345,0.08111487378168053,False,0.32438901086461414,0.14357150850760542,0.10059162812617972,False,0.645344828340731,0.16035677150192848,0.18142384314189264,False,0.7426477560267342,0.13623869819881124,0.061771752080955755,False,0
1149,0.07449115255650796,False,1.27674471239798,0.15161333504097907,0.07910074619683982,False,0.3738814400526609,0.1451308596255702,-0.09369733580400641,True,0.9356940214999243,0.16410397751704206,0.20974576172758214,False,1.0061390705568884,0.13767409892646934,-0.09369733580400641,True,1
1150,0.040399479565500274,False,1.1691480348542949,0.1495340940182588,0.07986582803592607,False,0.3869870726455691,0.14424457302917315,0.07319913327196448,False,0.6751036491026634,0.16041819333914453,0.19642664275409277,False,0.8421682323618185,0.13841236499069076,0.040399479565500274,False,0
1151,0.1832712280201123,False,0.9457320634657871,0.1498837465018995,0.13104898185055053,False,0.2450156557041645,0.14490010024949043,0.12956722146448735,False,0.63366459562999,0.1641276289152176,0.17852244790804284,False,0.745660695254639,0.13794232488263541,0.12956722146448735,False,0
1152,0.10941044381120929,False,1.031286319461699,0.15092293060545797,0.08595626170130133,False,0.3308846132172174,0.14568015521318933,0.09556973423848913,False,0.6560944229168846,0.163306455466735,0.15742431732168372,False,0.8368819763246353,0.13850094348807124,0.08595626170130133,False,0
1153,0.06004557224328777,False,1.1901779884176213,0.1502260144236727,0.09923957711913572,False,0.31187702419261076,0.1443786457030228,-0.024801721220854334,True,0.9301099775847241,0.16400793906793948,0.1870635634511264,False,0.8482293081972925,0.13727303780680256,-0.024801721220854334,True,1
1154,0.17877766390530453,False,1.0032555652597832,0.14879222561657893,0.052727783456447574,False,0.348175376463683,0.14422969600962782,0.13173410343853925,False,0.5669970893955871,0.16227222558837825,0.18114919405936647,False,0.99719318147826,0.13719795087121267,0.052727783456447574,False,0
1155,0.06152542139974637,False,1.0099727738186708,0.15140079330812034,0.0658105525989745,False,0.33938855015727754,0.14519815965007488,0.1095510686115625,False,0.5619096497844904,0.16396738673577615,0.1653607106427113,False,0.6591702159160735,0.13841485221445482,0.06152542139974637,False,0
1156,0.0753144241778364,False,1.3691648801245835,0.1504077831993914,0.07766588075248015,False,0.41542697232918124,0.14460129307271197,0.007115679060843982,False,0.7945296443885157,0.16216891465260896,0.1814349720972494,False,1.019924623027306,0.13646736707026175,0.007115679060843982,False,0
1157,0.06653320022355447,False,0.7438567716856079,0.14950833541238662,0.10651784094783051,False,0.3124673649556371,0.14420295311747344,0.08621667390713394,False,0.6380056914630476,0.1603876382768823,0.1643479893805474,False,0.8197261339774633,0.13761137807291351,0.06653320022355447,False,0
1158,0.12398917812995075,False,1.1355792140769148,0.15098697281980616,0.01740857352092351,False,0.4456545100675471,0.14471191373290548,0.06540499941439892,False,0.6763518025647419,0.16182115724362997,0.15829938095814283,False,0.7177722922642877,0.13796033206136066,0.01740857352092351,False,0
1159,0.09014865362316904,False,0.8814473369668769,0.1486667655596307,0.06622065670501909,False,0.29401837781131324,0.14301742935647532,-0.06230215680984197,True,1.154788400908326,0.16212160141056442,0.18997213682284808,False,0.9943579162307947,0.13703137651258698,-0.06230215680984197,True,1
1160,-0.010185571781265779,True,1.4931598705149556,0.14982568153903525,0.09153463247530774,False,0.3493086442803517,0.14398920938753607,-0.10250223155219684,True,1.1915278274020682,0.1629767760131899,0.19313783407711554,False,0.7829945959568805,0.13781598138741538,-0.10250223155219684,True,2
1161,0.0957598877852337,False,1.1035244351071032,0.15001090666318712,-0.012872693004107427,True,0.21383159664555174,0.1448295627396128,0.08869895756098956,False,0.607265125766631,0.16283169737735886,0.16636322432869932,False,0.8761348163420617,0.1374078309728946,-0.012872693004107427,True,1
1162,0.16753443208489188,False,1.1544593181076235,0.14983426145808573,0.08579926514654174,False,0.4525687143575363,0.14459661714421818,0.13058326399566145,False,0.589491999947078,0.16291985464349806,0.169138192092191,False,0.7484384488380964,0.13774276054818776,0.08579926514654174,False,0
1163,0.14079983978673788,False,1.0305844633787407,0.150521875536113,0.10212634685540634,False,0.3275903649731873,0.14432912239335366,0.008125416065754343,False,0.6908371841370051,0.1624642689507904,0.13865706960392676,False,0.6765224940659018,0.13704075372638036,0.008125416065754343,False,0
1164,0.15947309491030753,False,1.0376599895624574,0.15008743074399017,0.034884318068423514,False,0.28908045852754416,0.14444515085245158,-0.08721936161894794,True,1.1728244266429777,0.16476317624645798,0.15085792464177883,False,0.8242460306520516,0.13693360946330918,-0.08721936161894794,True,1
1165,0.14062549786409773,False,1.052310888430414,0.14967638702521033,0.11134359548942707,False,0.3077164065207554,0.14445398055987863,-0.08366541022352902,True,0.8498321857527233,0.1636881585065402,0.09736209936113849,False,0.7082244856088435,0.13728231466137109,-0.08366541022352902,True,1
1166,0.010380007385181744,False,1.3992550909022383,0.14870103517582284,0.09699158074752046,False,0.23080976132843278,0.14439664977350858,0.026715185439851186,False,0.7777856892216386,0.16281148828184677,0.1807091613421557,False,0.8087477565038019,0.13632438412162765,0.010380007385181744,False,0
1167,0.08827842855570611,False,0.9818256623267723,0.15021388462207494,0.07029652276509091,False,0.3300660269885147,0.14423021888982432,0.15588582559274294,False,0.6239855071354858,0.1619382651345305,0.2089541268449917,False,0.8783724639619928,0.13729256909990123,0.07029652276509091,False,0
1168,0.012798923878708068,False,1.1337658586606474,0.14971877698597713,0.004809966278516931,False,0.48061352778293953,0.14423017448010608,0.0704153979372314,False,0.7750148164115567,0.1635070231663219,0.1843761718046465,False,0.8052459181594864,0.13693843444828063,0.004809966278516931,False,0
1169,0.1341494571170037,False,1.055666251601001,0.15070353307863313,0.09025961126077953,False,0.3755712972942311,0.14433764878744296,0.018861624660351017,False,0.7697551827363165,0.1641889155384893,0.1117728651846408,False,0.809631409492777,0.13604678499618078,0.018861624660351017,False,0
1170,0.14820893992964457,False,0.9729124470496371,0.1506968697515445,-0.03888191680998687,True,0.3864332186092303,0.14373248305192032,0.04136695790844558,False,0.5966696068054136,0.16407147055004265,0.1964255214313933,False,1.0569729251823394,0.13776530847388974,-0.03888191680998687,True,1
1171,0.15666768295038558,False,1.0318734022747444,0.15000951292185874,0.06738521000424247,False,0.42902403531633726,0.14431811295821115,0.11383838401490853,False,0.5320176897536713,0.1620039808470246,0.19811943328751885,False,1.1363859913396224,0.13601544032915885,0.06738521000424247,False,0
1172,0.03576256885425866,False,1.4834883400864944,0.15091761709875479,0.008545447048220134,False,0.44731609324213717,0.14401090541649364,0.04841291472209652,False,0.7498488332772155,0.16161139948797612,0.18955429380416922,False,1.0158641065129985,0.1364701188247646,0.008545447048220134,False,0
1173,0.047674193208176785,False,1.1031604707821028,0.1515448925223738,0.07347995037525812,False,0.42651425358952366,0.1449641548455362,0.08653962568380458,False,0.5991902495885433,0.1632396069402393,0.1841877338769491,False,0.710604794296759,0.137640313226248,0.047674193208176785,False,0
1174,0.17705877518806568,False,0.9875820560172066,0.1494751840418183,0.035692696664583745,False,0.4338443797573117,0.1434136677851984,0.005569776954868377,False,0.8663711558748988,0.1638283044383198,0.17332423425583882,False,0.8772727864516456,0.13611270196223646,0.005569776954868377,False,0
1175,0.08852196505761911,False,1.1437627965947443,0.15024019784445652,0.025191032027056748,False,0.25760410583983684,0.1432254664446545,0.06548878332626928,False,0.661614821006925,0.16174590971699937,0.20447938724649012,False,0.9205294614473727,0.13626882452344152,0.025191032027056748,False,0
1176,0.13932805903115714,False,1.1219182700999664,0.14995766951658507,0.06982151079282473,False,0.32683413894987345,0.14411838838158691,-0.07305807574305545,True,1.1983606026952722,0.16421454346806816,0.1213938303079305,False,0.7036956927159486,0.13736177464817906,-0.07305807574305545,True,1
1177,0.18202416985161607,False,0.8989193034147682,0.1483333089884098,-0.024628931802922915,True,0.2580311339404271,0.14288578431704618,-0.03545915073031469,True,0.810765363754022,0.16137527103833604,0.18306353190875163,False,0.7886073960470683,0.13635104502720022,-0.03545915073031469,True,2
1178,0.08150900898689173,False,1.172581387491514,0.15033808221778916,0.06315768237389474,False,0.4197906298975016,0.14427628992442068,0.13931915038647796,False,0.586328195854112,0.16210066780801807,0.1809258053075054,False,0.6770179874136251,0.13725042086293088,0.06315768237389474,False,0
1179,0.058784651936504284,False,1.126458287817762,0.15087786592746047,0.019752433538824277,False,0.49929649452734104,0.14459623284134743,0.21833883252854785,False,0.5174088147379257,0.16137659336592527,0.1366578960302659,False,1.0241483055541853,0.13844342765303266,0.019752433538824277,False,0
1180,0.1644838694656443,False,1.0374802153197171,0.1506450126840384,-0.012206147430536718,True,0.4287380803846237,0.14482931645464187,0.1235626868984982,False,0.6001722896842372,0.16302396464279212,0.18982734408224133,False,0.6990358451617271,0.13721524300629329,-0.012206147430536718,True,1
1181,0.12481640549048645,False,1.071799544928749,0.15000628602324012,0.06356342885286459,False,0.3090918585618416,0.14420295429940208,-0.060519960594999755,True,0.8045933711832323,0.16388615763562925,0.1961333633141446,False,0.8359552652652642,0.13600946259359625,-0.060519960594999755,True,1
1182,0.10114443550059232,False,1.0066986020013806,0.15070688289641498,0.009684135903490265,False,0.30796999863511254,0.14484330132219927,0.12991207463102084,False,0.5620312331262756,0.16253315537382534,0.18450186199577673,False,0.8019393652987501,0.13771919401474425,0.009684135903490265,False,0
1183,0.1390111602055764,False,1.1552702265404498,0.14956563093352943,0.03764078826046635,False,0.40920844135045975,0.14355192195098204,-0.03128163311701104,True,0.8769992715851349,0.1629126982820458,0.1994986452176511,False,0.7458355739425442,0.13667050996531388,-0.03128163311701104,True,1
1184,0.039279011744166925,False,1.4241712254054,0.14966594160460353,0.03307651118025012,False,0.5188025514314571,0.14439599442034612,0.16309128664655725,False,0.5177995794439059,0.1609581429786272,0.20290397530539422,False,0.9373440487501619,0.1360176454976147,0.03307651118025012,False,0
1185,0.08388700745637734,False,1.1056026184207615,0.1502152950926118,0.054898034716641786,False,0.4273945542083195,0.14404996409250015,0.10859497464376544,False,0.5702755304771474,0.16133464188921787,0.21076388601477614,False,0.8529553726482477,0.1370889206368464,0.054898034716641786,False,0
1186,0.14827923931139697,False,0.8920603871614599,0.15093074111826763,-0.02370972045867681,True,0.3879340135813729,0.14345468292475844,0.0403213986497577,False,0.7186328299522298,0.16283526086317018,0.1742259966505733,False,0.6609323465727084,0.1364568902769406,-0.02370972045867681,True,1
1187,0.17623309285124994,False,0.9412910999608455,0.14977273657654078,0.07098505170495906,False,0.31102209562418737,0.14327361241474745,0.17542493178375757,False,0.5177057231798528,0.16031716744639718,0.21009710796997372,False,1.047516651493737,0.13658499120787387,0.07098505170495906,False,0
1188,0.12852427741741773,False,0.9201564877480646,0.14994744615871763,0.0690635848997394,False,0.3626533975200352,0.14468467674128077,-0.022174299457637825,True,0.746314901445126,0.16387101860559394,0.20336626407626662,False,0.8645755822351568,0.13846673033273071,-0.022174299457637825,True,1
1189,0.12894477613087457,False,1.1559502289756214,0.14944952668414657,0.008181538801674715,False,0.4112736193667761,0.14326126565257083,0.09356730094756982,False,0.689846730283115,0.16282877757074293,0.20225750548085175,False,1.1044728814613303,0.13753021760856068,0.008181538801674715,False,0
1190,0.17234249689772885,False,1.0042264820702644,0.1497804987958639,0.052043538443156456,False,0.2843873284052012,0.1436826372408254,-0.003696289212716808,True,0.9417864449690514,0.16166800893269184,0.20285120671047008,False,0.7995332982804819,0.13643767474764307,-0.003696289212716808,True,1
1191,0.07717584874783856,False,1.2664893949222478,0.150464848054559,0.061073583603214465,False,0.42925197180682173,0.14431251257484617,-0.043727303102710446,True,0.826566244754247,0.16355981210687748,0.1938847493135602,False,0.8727871040877575,0.1377053880520236,-0.043727303102710446,True,1
1192,0.14679767846750996,False,1.1496855914544586,0.15021679537778493,0.03735416409359871,False,0.48681719252107536,0.14383159828568465,-0.03288351190900307,True,0.7581642600006873,0.16269925450946646,0.1848218237658224,False,0.8718173509099947,0.13653438656765185,-0.03288351190900307,True,1
1193,0.08251008280547056,False,1.194444348990304,0.15113915864558933,0.07339384898206747,False,0.4259994586154352,0.14458654321677375,0.1041486086380724,False,0.6433697348422398,0.16227943252529342,0.19372987863721952,False,1.0613127934833748,0.13599100518425083,0.07339384898206747,False,0
1194,0.11204812757219929,False,1.0045881764258455,0.15031785081740162,-0.02392044773335278,True,0.27617867722866474,0.14395897305771196,-0.10684279338889113,True,1.3003910630572186,0.1653637135016312,0.1513088542183071,False,0.7035236904884203,0.13672620544006087,-0.10684279338889113,True,2
1195,0.15206197246304792,False,1.1001858275371585,0.14936455388541323,0.041301930269915355,False,0.378913663943093,0.14306211402653435,0.05738913181577732,False,0.6238879637779704,0.16250948136622084,0.16515171897604308,False,0.919297606775471,0.13708528225043287,0.041301930269915355,False,0
1196,0.12191621942661984,False,0.9405013863916516,0.14946676777167886,-0.026645144680670363,True,0.2054274392911244,0.143154876755633,-0.03227356456820829,True,0.8062294132159462,0.1623260406595468,0.1193887199030288,False,0.5960288341448827,0.14178553624289938,-0.03227356456820829,True,2
1197,-0.030686935815772864,True,1.3069476248429832,0.15089627920222778,0.04795650994755207,False,0.3586163965719906,0.14394868030358537,0.05988569732140625,False,0.7928710043489886,0.16304443471528202,0.21034736281289157,False,0.6329341401934199,0.13584883610762852,-0.030686935815772864,True,1
1198,0.1546502447454668,False,0.9995040295984912,0.14924148374076257,0.0490944794796101,False,0.36881556004193783,0.14303805349415533,0.035867952125204106,False,0.7510848877630703,0.16286661195175295,0.20752668477085412,False,0.806121332775739,0.13520667035813505,0.035867952125204106,False,0
1199,0.1653907227796964,False,1.0446396147394732,0.14985405720616557,-0.009161218787740566,True,0.4038926380923116,0.14347158611998462,0.155467265238671,False,0.5360561147006069,0.1600834642985982,0.07636936601945787,False,0.7359426497112911,0.1406279426703576,-0.009161218787740566,True,1
1200,0.11806916710753329,False,0.942201712558177,0.15078442582566048,0.06420572149896409,False,0.3245255579162265,0.14506671673092458,0.005871664963363443,False,0.7445735306572057,0.16383627582280247,0.16255922789384913,False,0.6903805799326741,0.13917325085581833,0.005871664963363443,False,0
1201,0.09160382419351087,False,0.931441520381149,0.15011325592800817,0.08943795838187207,False,0.33346709273653796,0.14446797974905973,0.02791414509285517,False,0.7907631828954038,0.16264491402362852,0.16503301387479602,False,0.7985966459247451,0.13029402704102916,0.02791414509285517,False,0
1202,0.006406890780238483,False,1.3935745874107788,0.15001207974375136,-0.05088885556196521,True,0.5232867936059975,0.14387772768596196,0.03195719012718401,False,0.6942083101275911,0.16339211532851672,0.1855802788209105,False,0.815567129780113,0.13094951516549003,-0.05088885556196521,True,1
1203,0.1518138782473628,False,1.0492142732661185,0.1500960915307686,0.06530688374485283,False,0.19460768182337018,0.14437576586253706,0.08794845192226042,False,0.6429072707909218,0.16347673916654798,0.0890316885940956,False,0.7624963276213268,0.1471276267307709,0.06530688374485283,False,0
1204,0.04789559915626085,False,1.1966620419680671,0.15185044552542545,-0.0026083134484824466,True,0.5137167837983472,0.14487774538220238,0.13726789052925958,False,0.6219956757900371,0.16289935743634343,0.14611442954822712,False,1.0062636800991378,0.14288843076506497,-0.0026083134484824466,True,1
1205,0.09349285549037945,False,1.0798101607963337,0.14981214310072433,-0.041735305835803316,True,0.29328850196591216,0.1435177900109776,-0.018594932942007425,True,0.6975602386455737,0.16223638816907637,0.1626583914114268,False,0.8165876612215275,0.13505670723993857,-0.041735305835803316,True,2
1206,0.14826206038636552,False,1.0398371169047165,0.1508630476738017,0.09242606917612112,False,0.31916632510376197,0.14478869715250975,-0.01616452529115353,True,0.7475241928358956,0.16297110305321175,0.2073538586428602,False,0.8935684543393929,0.138240952851326,-0.01616452529115353,True,1
1207,0.15653257552417088,False,0.851993397808865,0.1500901004193565,0.052156159666403745,False,0.4084890206984477,0.14346853319551528,0.03859970129449186,False,0.7803827907647416,0.16283527082366162,0.10121592352609021,False,0.8244018855526429,0.13749021999180147,0.03859970129449186,False,0
1208,0.1248746673621442,False,1.3516492543550438,0.15031801891365093,0.05605770363648055,False,0.3779870353631849,0.14437606589163654,0.053612468221400755,False,0.7078787623252358,0.1609091450535402,0.15972747725844455,False,0.8995768972241314,0.13823871767522156,0.053612468221400755,False,0
1209,0.14154580472676465,False,0.8222346845149597,0.14936971977925723,0.08625944005418867,False,0.2370258686204625,0.14438705094483048,0.17637268240497223,False,0.6080391823819129,0.16214732715625763,0.09125407535689078,False,0.7660945694876682,0.13878512149145,0.08625944005418867,False,0
1210,0.1198180789772107,False,1.083637611190074,0.14936958549914775,-0.03101710169713634,True,0.346548609912837,0.14383064483894037,0.12262832523417194,False,0.6577947486440563,0.1626381190654927,0.06535999630697797,False,0.8152984443256079,0.1372655696332034,-0.03101710169713634,True,1
1211,0.10414074120324335,False,1.127369511416219,0.14961332314915554,0.07090922229394547,False,0.27125159844251634,0.14441736638784233,0.04467450772721193,False,0.7803700186871849,0.16249935858779826,0.158177562269812,False,0.8573809238162895,0.13860343821314602,0.04467450772721193,False,0
1212,0.07537344848391736,False,1.0078946652155332,0.15088646032331882,0.02946194886202791,False,0.36307780839173165,0.14502759480118962,0.20483761687045404,False,0.5076366689105614,0.16187498650020854,0.2043994624109669,False,0.8837984981573068,0.13758018927048238,0.02946194886202791,False,0
1213,0.04888184651484717,False,1.1542808737841437,0.14936570895353268,0.06213900525715921,False,0.4059990809763854,0.14401122528540466,0.1809052564999813,False,0.5010080721938126,0.16268147019768073,0.1903575933576953,False,0.924942977554986,0.1386694175601709,0.04888184651484717,False,0
1214,0.11195108204222914,False,1.0900731164601307,0.14924617213932162,0.023439376762228847,False,0.2899988521263701,0.14302159864791636,0.027836504303488274,False,0.7245425345998693,0.16244911497220585,0.21482890113821684,False,0.9583955702391445,0.1375515344670492,0.023439376762228847,False,0
1215,0.1502870496644348,False,0.8982319900443445,0.15043514622618445,0.036610330016279446,False,0.26430188096106977,0.1448730855830106,0.12660271214209456,False,0.5271224090597313,0.1604594055477056,0.1447033851739899,False,0.843986845793401,0.14030305754494185,0.036610330016279446,False,0
1216,0.05806018792431522,False,1.1462054203665435,0.14932086858280783,0.07654728270011157,False,0.2589181262683984,0.14379535494113826,0.0013164169711363805,False,0.7902320644747458,0.16386903619819415,0.1667941641173124,False,0.8490491223354804,0.1363319691074592,0.0013164169711363805,False,0
1217,0.17843995813326624,False,0.954363324409016,0.14889228312511787,0.07464040839041741,False,0.34970243210576357,0.1435405365857493,0.1051168525531162,False,0.7702964543793751,0.16242991125122141,0.159024364642045,False,0.6760471117660865,0.13121083568977127,0.07464040839041741,False,0
1218,0.1353770252278837,False,0.8672657656304303,0.14990813656400653,0.06273595790298658,False,0.2956810862589059,0.14458690830646695,0.03775790460173056,False,0.6415839073894776,0.16374331289052252,0.1780963741197208,False,0.8070570124838705,0.12991225681244462,0.03775790460173056,False,0
1219,0.09930410827108388,False,1.2835675397119695,0.1501267318995672,0.08208021835151558,False,0.3966107065158293,0.14425178525347587,-0.010154522920843512,True,0.8618768085617623,0.16440168250704762,0.02653910160157602,False,0.8000946641227205,0.15563078420789156,-0.010154522920843512,True,1
1220,0.02669150478031379,False,1.1564162524178054,0.14998494482154567,0.037292484224630607,False,0.2854497684609447,0.14399168514619987,0.17298714783972408,False,0.4454901555522339,0.15993400459295415,0.14963201198022202,False,0.6076487053821835,0.1336657559938665,0.02669150478031379,False,0
1221,0.005645164173289308,False,1.3262615370301152,0.1499930657361207,0.06852440920243741,False,0.3966586695284251,0.14455664632982163,0.18831905774641133,False,0.5835330621450239,0.1612762661547984,0.1804818866545308,False,1.0389645179177518,0.13806031551673864,0.005645164173289308,False,0
1222,0.13241572440710364,False,1.120397643939878,0.15031828417383253,0.06106911936582182,False,0.4807146353589604,0.14486488932118505,0.09807786475265223,False,0.6023903409900007,0.15806621067331103,0.10673991019644513,False,0.8017386802071889,0.13774318008146452,0.06106911936582182,False,0
1223,0.12005215371931494,False,1.355992522387242,0.14991560833165107,-0.02172206615335104,True,0.4308891898581071,0.14422065832923064,0.050302253403873065,False,0.6764544940034025,0.16141569404618514,0.15939278200763934,False,0.8709345790287681,0.13760832261533026,-0.02172206615335104,True,1
1224,0.08469076950679744,False,1.219746748394289,0.1514289351261966,0.08301606998082672,False,0.3434147051099532,0.14533588896108823,0.20581206622559867,False,0.45696852600631965,0.16006710356728523,0.2012698139371662,False,1.0697980974142465,0.1393989017601054,0.08301606998082672,False,0
1225,0.12802653145358817,False,1.0696117203947604,0.15049719406865686,0.07950965901498602,False,0.363065954054109,0.14368866031559058,-0.05980982308777183,True,0.9381758848307504,0.16083061929655584,0.21226586706635014,False,0.9369941055959683,0.13765349331293197,-0.05980982308777183,True,1
1226,0.11076637016068847,False,1.0883858854197088,0.15045953327877398,0.0720087407257074,False,0.41259903148049437,0.14481063669439853,0.10926686730715218,False,0.6107650238402593,0.15964820652777462,0.1637528285005403,False,0.7220434400345312,0.13663731717095184,0.0720087407257074,False,0
1227,0.1129445816080763,False,0.9186796580798571,0.15090788046194503,0.035221598779773156,False,0.3493450138760108,0.14430346188915366,0.17188374176779775,False,0.49672866706284835,0.1613815038750498,0.22774921231568995,False,1.129336545166471,0.13683321018538835,0.035221598779773156,False,0
1228,0.14675825347817634,False,0.9385538727662248,0.15043051725949924,0.08333208866507219,False,0.33435544698339004,0.1435313788730761,0.11420011480423387,False,0.6495611307000686,0.1601558465503773,0.1977839711880614,False,0.7883537532307265,0.1336848791430715,0.08333208866507219,False,0
1229,0.12819204702776832,False,1.1093697922594314,0.15168622684994226,0.06650056498773549,False,0.4658460954976742,0.14451924968429364,0.07674904055766385,False,0.7298836950661269,0.1610838228604843,0.20488164076641435,False,1.0427534920994312,0.13833119660294527,0.06650056498773549,False,0
1230,0.13660131260097658,False,0.9626806962740697,0.15053203231626394,0.04609181055765599,False,0.23969459212580668,0.14408212987980956,0.16850122511816762,False,0.5784875131681118,0.1605818630407707,0.17343352223602937,False,0.8920821566530832,0.13720026983900263,0.04609181055765599,False,0
1231,0.14276413273225919,False,1.177813147474664,0.14918445283885384,0.026206846793507488,False,0.48563743356761946,0.14364882102430937,0.11522692989044858,False,0.6118076665871439,0.16054518071790147,0.14849022831604652,False,1.113994482268284,0.14274525818487963,0.026206846793507488,False,0
1232,0.15102312977766696,False,1.0350685865435376,0.149517620213162,0.06549576430127446,False,0.42545382880821103,0.143423859526574,0.09793167582329665,False,0.49827598618252855,0.15874000307169597,0.08703172295710415,False,0.8791689888426892,0.13631166696032462,0.06549576430127446,False,0
1233,0.07444280028097372,False,0.9584600048098297,0.1502460718643202,0.053797293487706344,False,0.35627968236673757,0.1453295486304439,0.12115877822069826,False,0.5733198678420752,0.16005484336172876,0.2028220549644142,False,0.9144425470376978,0.1378038713009615,0.053797293487706344,False,0
1234,0.138742630977234,False,0.9538414993968041,0.1503175414578456,0.018673598629698862,False,0.5764288819686152,0.14425781290457385,0.03173978755132534,False,0.7464617331343042,0.15910522617929795,0.057581848406229486,False,0.7049158771357615,0.14195272637494277,0.018673598629698862,False,0
1235,0.17668840844956746,False,0.9354825506020592,0.1485397172593972,0.04998876951030473,False,0.40323788397670746,0.14398391191295715,0.2139725913780352,False,0.5266334526966454,0.16100546608726235,0.18336289958458368,False,0.6930578685986364,0.1360636363181509,0.04998876951030473,False,0
1236,0.15675844228546298,False,0.9124822410959486,0.14951226717832333,0.07287939623852113,False,0.29868993163544877,0.14415403745324332,0.14107885016898652,False,0.5233356952033463,0.16035257288541088,0.13874791302618283,False,0.787933592198625,0.1396680661909836,0.07287939623852113,False,0
1237,0.13117354498573658,False,1.0573620401293793,0.14866149793757905,0.06642828053657879,False,0.3139324379815889,0.14355638308407936,-0.07770161992621138,True,0.9152284367661119,0.16206187984774317,0.22274031740570704,False,1.3583038964377243,0.1409189036524729,-0.07770161992621138,True,1
1238,-0.007109351650100515,True,1.470706138219155,0.15151188109961844,0.07256653625931342,False,0.4292399001899956,0.14590913093103167,0.1218449267356741,False,0.5180591665957888,0.1610077966329151,0.1820541579599359,False,1.1428608432430134,0.14122797358741054,-0.007109351650100515,True,1
1239,0.012598860295400915,False,1.4715119035548976,0.15282178579318342,0.050603573759519294,False,0.43283126365521696,0.14694628467733406,0.09519464134505895,False,0.5364164974842838,0.16296834487488315,0.16707339183246983,False,1.3953722009777638,0.14575773375840395,0.012598860295400915,False,0
1240,0.07128264133037798,False,1.3748904236146,0.15256026993527824,0.05362881122137342,False,0.41157987482804703,0.1464716119120834,-0.047917334612028295,True,0.6604993797360903,0.1616837190218831,0.21475664375775877,False,1.109113844782456,0.14040723153124515,-0.047917334612028295,True,1
1241,0.046973012807240866,False,1.0521458697442707,0.15068295252042255,0.0410065900913118,False,0.3786440868507024,0.1454035031228047,0.21921015230284568,False,0.4465188507550286,0.16187419872726508,0.2026136384015395,False,1.1387024862782584,0.1431372678653142,0.0410065900913118,False,0
1242,0.11562471485602327,False,0.8883063325719838,0.15103791875564432,-0.004529966031221022,True,0.3662905763593969,0.1457503053196616,0.0005345789263301315,False,0.7766036756063532,0.16240801549457146,0.2299360266187072,False,1.2005867679388877,0.14143208777217953,-0.004529966031221022,True,1
1243,0.1583806033948581,False,0.9669481364369428,0.15055644387763206,0.0818555264587858,False,0.31948865299868445,0.14576758395976064,0.15566919902833026,False,0.5747035270634742,0.16266440356153583,0.1843665317845254,False,1.1041528474220166,0.14272630306424647,0.0818555264587858,False,0
1244,0.1267398639975088,False,0.9828923552494728,0.14980637762918997,0.10390802011183076,False,0.3107416467265989,0.14463609836383917,0.030821268122702805,False,0.67181906070819,0.16152656039633598,0.2341686937337133,False,1.1337501151048666,0.13951395038785097,0.030821268122702805,False,0
1245,0.1336843750237262,False,0.966675865853404,0.1488202609659834,0.07998361069031207,False,0.4365969257213498,0.14396663266814455,-0.012038179569506369,True,0.8547957782123077,0.16152387098215354,0.20005469803619952,False,0.9446245540886891,0.13669052486236616,-0.012038179569506369,True,1
1246,0.049688647170332056,False,1.0468945725850172,0.15156907928538044,0.0543165343914368,False,0.36869085675188695,0.14485744193745315,0.14343370280026163,False,0.566620729334415,0.16242822114234642,0.2201936874370991,False,1.0527044246955066,0.1399990370833474,0.049688647170332056,False,0
1247,0.16520041151679765,False,0.9725816309879387,0.149132095411549,0.04167452993961507,False,0.353296601095906,0.14392573437923903,0.18546401252554606,False,0.6425542356654419,0.1621126243204824,0.2127342562388096,False,1.025226731103784,0.14038403745740663,0.04167452993961507,False,0
1248,0.11685427721580477,False,0.9089863535448166,0.15026710331738358,0.05355293270533912,False,0.4730122976342088,0.14383791966922677,0.1632147933883485,False,0.639805398387433,0.16172022116067009,0.1683916421350481,False,1.0645509480788669,0.12610286663992643,0.05355293270533912,False,0
1249,0.14050520553177553,False,0.9388675870032421,0.14962867098466426,0.09284647127465534,False,0.25573155494668787,0.14386222524345182,0.09875381230005553,False,0.61211020758302,0.1617728190095623,0.13452058710438797,False,0.9879435957515572,0.13906644740053642,0.09284647127465534,False,0
1250,0.11486659274248412,False,1.2724315647252102,0.15073200753669802,0.07427859824226302,False,0.40256890629238096,0.1431013112777596,-0.015916091973903534,True,0.7163534920251116,0.16306424644561446,0.12496313732771847,False,0.9380722550300369,0.12363892921191208,-0.015916091973903534,True,1
1251,0.10715720842998455,False,1.152724069986872,0.1493050705767505,0.014102014840062238,False,0.3829269415386316,0.14381322878535513,-0.05129176127844137,True,0.8107855769636725,0.1621647170047475,0.19044958219587216,False,1.098220297763241,0.13980918636924838,-0.05129176127844137,True,1
1252,0.06200055809423777,False,1.0902787957047182,0.15028324427620177,0.04249733921298049,False,0.3793508374886776,0.14530245963330385,0.2261037035407939,False,0.4894347938439889,0.16163048283060424,0.2241482735625659,False,1.1173038517815113,0.14069417204860524,0.04249733921298049,False,0
1253,0.1498266984345264,False,0.9727456290256746,0.15046905838489233,0.07367168702440274,False,0.3932335807020173,0.14403804901215378,0.10616377897319207,False,0.6177467582721685,0.16124047237550682,0.14393017912018247,False,0.9772930380473104,0.139606238252928,0.07367168702440274,False,0
1254,0.17187628553334833,False,0.9462126689814128,0.15069567889390753,0.008100923878893052,False,0.2151742515492523,0.14349618281853663,-0.019908710336212,True,0.7645819134815022,0.16300940042489656,0.1555642291988728,False,0.8657021324719361,0.1397088859152693,-0.019908710336212,True,1
1255,0.15205828160245222,False,0.9733675916372244,0.15134742020582762,0.06320497987539497,False,0.4207105675439682,0.1445831753907243,-0.005171406146418311,True,0.7544115760206469,0.16388452877885046,0.21764548295520325,False,1.1742318814500114,0.14116251167960103,-0.005171406146418311,True,1
1256,0.12616460369800442,False,1.1695800748701917,0.15188233147035562,-0.03737364679084165,True,0.5398585936418112,0.14394911791689408,-0.0333692192891033,True,0.8547147439397251,0.16383692582907433,0.16414550287469248,False,0.9313418626114855,0.13976281066209473,-0.03737364679084165,True,2
1257,0.12609293827742257,False,1.0963937166893456,0.1520686966239036,0.017159491955664463,False,0.5000858288705832,0.14350416727279913,0.12949292253939582,False,0.6460008662107997,0.1615668932211901,0.19806654709529153,False,0.9962485296972858,0.13971553927202632,0.017159491955664463,False,0
1258,0.11860331747529135,False,1.0559714885674056,0.14897661127139072,0.0014529625290815584,False,0.5388296607346321,0.14151893876018795,0.00819895551126304,False,0.7185499727024713,0.15968264063443238,0.19482178978062326,False,1.0903877729842866,0.1367822343550802,0.0014529625290815584,False,0
1259,0.0718936753124616,False,1.28492974259846,0.1514165279093428,0.049082279008988094,False,0.43463980821654546,0.14477320027418927,0.13754660631379806,False,0.5723718081633871,0.16181125938805857,0.21336401259225618,False,0.9964404065953272,0.14028423082515734,0.049082279008988094,False,0
1260,0.00540798570433354,False,1.0659489020412216,0.1486908322312243,0.03155132493577173,False,0.3055004085234727,0.14388326104610305,0.22954471680161276,False,0.4070112237805905,0.160298777889983,0.18839445672044663,False,0.9731958690991214,0.13924734198730815,0.00540798570433354,False,0
1261,0.14819338263283105,False,0.8829516619593438,0.151640248335876,0.09123885990181224,False,0.370094826146788,0.14532988757946452,0.1462789697399039,False,0.4975970273127115,0.16280531269048346,0.2056119805355595,False,1.6087238056059263,0.14293682072799638,0.09123885990181224,False,0
1262,0.08343456231602575,False,1.469233617192451,0.1519340714538667,0.03378115546953919,False,0.5418390726098232,0.14482802851022863,0.17127392069994235,False,0.6286780662479527,0.16207252638221115,0.2057251288592467,False,1.2576881034407212,0.13788522214168664,0.03378115546953919,False,0
1263,0.12035543726579578,False,1.0744483353742733,0.15063593138451406,0.03065987917283397,False,0.2759481331629985,0.14388791068827267,-0.008137024065897003,True,0.7953195240446151,0.16214252246834046,0.18231300682351104,False,1.041476113418194,0.14350762796884659,-0.008137024065897003,True,1
1264,0.13952758122423892,False,0.8883981773031693,0.15173267307224542,0.057219909488218756,False,0.29989454321960785,0.145172049630889,0.10575877236589148,False,0.5564693404315546,0.16268863058599428,0.16475642912474492,False,1.0855510998174909,0.1423699390163866,0.057219909488218756,False,0
1265,0.07010206382518935,False,0.9175968885000283,0.1501524524698209,0.03131917971279985,False,0.25004161443003703,0.14395480500389407,0.12377771677909721,False,0.6370753451933406,0.16185979702444564,0.1915745541238511,False,1.0325460439617953,0.14039007251479774,0.03131917971279985,False,0
1266,0.1431634783836021,False,0.8199863695733083,0.1496070775219668,0.002371801625171588,False,0.36465899132526536,0.1439372642494126,0.004018116909691671,False,0.7691368918095163,0.16106386622943641,0.2222994399200926,False,1.174985089129975,0.14002280650569182,0.002371801625171588,False,0
1267,0.1387195332089921,False,0.8678210720076411,0.14991232197460186,0.025216540089258777,False,0.3671516104453958,0.14499340931998111,0.1643898249783064,False,0.6029123708212076,0.16219868720757122,0.20357056313632038,False,1.0722179656119784,0.14089671113094038,0.025216540089258777,False,0
1268,0.07279933576482278,False,0.8903376343741534,0.14976117879329695,0.05112846343155686,False,0.38248576439880955,0.14409337451006327,0.05728162332384157,False,0.6581031342214065,0.16353088222114115,0.22562666813325394,False,1.1946066284236534,0.1397648616560455,0.05112846343155686,False,0
1269,0.12920427170211335,False,0.9225809636739764,0.15038962117820742,0.0499686571897523,False,0.24868306400326,0.14419834788327623,0.006291353294316293,False,0.6846478093570896,0.1634412294038113,0.2204343796418653,False,1.1154632387548642,0.14030184580035027,0.006291353294316293,False,0
1270,0.10766870002334689,False,0.9245394605297139,0.1515468269277777,0.016846641024146125,False,0.25485487212512314,0.1448752061176924,0.003828894477170941,False,0.7103712769678674,0.16360393225054398,0.1677046839395776,False,0.9190123288004384,0.13782755055723983,0.003828894477170941,False,0
1271,0.12305034870632758,False,0.9255792230946123,0.15174714911736892,0.01694487154266333,False,0.2729225584587718,0.14490870374513956,-0.05893172573677341,True,0.9072707963765914,0.16644445987444723,0.2360681482812652,False,1.3160220184705609,0.14184456265295803,-0.05893172573677341,True,1
1272,0.05245597470162633,False,1.3183513497694093,0.1502787952904278,0.003491572893363104,False,0.5063354149545494,0.14409276705880614,0.11950087893953454,False,0.6484106432850225,0.16216889796107758,0.1851118686421408,False,1.2472585359462531,0.139335866474796,0.003491572893363104,False,0
1273,0.17223688457183828,False,1.0231346334561697,0.15032328773443646,0.06533271184565115,False,0.4316798320538624,0.1450023850471614,0.022275977584057638,False,0.6869974802560943,0.16326679956705858,0.20202954170446452,False,1.173652429983211,0.14099704057234413,0.022275977584057638,False,0
1274,0.08630270870350176,False,1.143291773405816,0.15108877036421414,0.08015156084726965,False,0.3144412914642085,0.14449389255536554,0.006233187481262004,False,0.7453525431439503,0.16390921995117558,0.07960019181325606,False,1.2547014590880323,0.152467830398398,0.006233187481262004,False,0
1275,0.15506362662283124,False,1.07441514068375,0.14960581202899548,0.0857515238635308,False,0.34662604795665186,0.1449006156719418,0.21227927878731967,False,0.4484800025163449,0.1612737087778993,0.09139009833872902,False,0.9527852728097073,0.14525128552126826,0.0857515238635308,False,0
1276,0.07881317570222102,False,1.0966909191282324,0.1520211523094687,0.07947366226083813,False,0.32820682092556197,0.1454585562388785,0.12456751630995905,False,0.5047683484835042,0.16435020110153184,0.14030485548627147,False,1.2520044569644155,0.1380300655791668,0.07881317570222102,False,0
1277,0.10654204794510791,False,1.4036090642314503,0.15073618081696896,0.08727585425776446,False,0.23125737770977683,0.14455853776419414,-0.012894442361924496,True,0.8127128358800086,0.16057977958543568,0.1877808279462745,False,1.0317460862835643,0.14095438613835282,-0.012894442361924496,True,1
1278,0.045846124504186125,False,1.3833436933497634,0.15127121007398553,-0.034695379472213794,True,0.406257780277711,0.1450922068870813,-0.007227432236720954,True,0.7730958900222356,0.16196871142957783,0.1464813972333518,False,1.4426346569925297,0.14237985115910023,-0.034695379472213794,True,2
1279,-0.025388951670639592,True,1.5162295777647001,0.15117227919527,-0.016887440541149434,True,0.3800605143866891,0.14570329588783343,0.1276485931523788,False,0.5808255978931145,0.16113376590526657,0.1865162029447634,False,1.5096708954650455,0.13922720288115836,-0.025388951670639592,True,2
1280,-0.004985778430587673,True,1.4453914545040267,0.15078439185129958,0.10441364472056269,False,0.3388690335412403,0.145752838868383,0.1358249751089619,False,0.534417074706055,0.16263374994838753,0.12497758949373272,False,1.5009804134091267,0.14152106303339806,-0.004985778430587673,True,1
1281,0.04287640779117685,False,1.3038246353212801,0.15044718582108585,0.0684023385557685,False,0.318694484045158,0.14512255530961754,0.18644029040788018,False,0.5224432065998317,0.16158930296816465,0.08672221648105505,False,1.2311842572598288,0.1466536382349577,0.04287640779117685,False,0
1282,0.10442216827443973,False,1.243298563008097,0.15044534899124848,0.04406840514850019,False,0.23625915988162083,0.14473718374596434,0.12026389494032885,False,0.6332254870758851,0.16137523680513177,0.19150060548030262,False,1.0298462278668332,0.14197655805837783,0.04406840514850019,False,0
1283,0.12340688180451048,False,1.3025749174085877,0.14977105388245893,0.05034724693098458,False,0.38317651038720224,0.14422688337856765,0.14007084174293666,False,0.6728038473424793,0.15975697680949008,0.167171447690808,False,1.2779299516453126,0.14492036762464153,0.05034724693098458,False,0
1284,0.12863705732332065,False,1.1174363530599924,0.1494823412379715,0.140095554849075,False,0.2746331903369241,0.14515271354967094,0.15705653234666045,False,0.5979205262649496,0.16126132121763836,0.1606757210694318,False,1.2661764827557391,0.13624900953740166,0.12863705732332065,False,0
1285,0.12139981927095056,False,1.1808323962460916,0.15110973119001814,0.05427766599849615,False,0.33795966664764543,0.14578624579311372,0.13159207926372546,False,0.5230859803906258,0.1615226091546217,0.19056308239626524,False,1.2673912707748136,0.14413239219102392,0.05427766599849615,False,0
1286,0.10191110426690525,False,1.3222766875647305,0.15105236084140633,0.10146952599113412,False,0.3916308528048331,0.14533947524438978,0.13572053707632514,False,0.6858256283899458,0.16174878692149858,0.06717830120119861,False,1.4020325121284314,0.1423937401645195,0.06717830120119861,False,0
1287,0.05672183468693248,False,1.3193820741546793,0.15068612490745065,0.02651184039443244,False,0.41870459482953715,0.14559861887631834,0.21400997380122821,False,0.4475898924336259,0.16175642165875131,0.17531182837800807,False,1.1724570251750075,0.14108912209421137,0.02651184039443244,False,0
1288,0.1292871340882198,False,0.9610252209199122,0.15145303647045516,-0.003244279410803963,True,0.1898436407764117,0.14530127032889623,0.16084008757216245,False,0.5954189102713154,0.16203008448682538,0.1050861542715874,False,1.340948962017892,0.1433021345202958,-0.003244279410803963,True,1
1289,0.12479772228767194,False,1.1166751112429076,0.14999721016207526,0.07981248458784845,False,0.3770189029292501,0.14437603155946463,0.22834404090360083,False,0.523322091361683,0.1612752953804707,0.14297397049801064,False,1.269665747748479,0.141005851954336,0.07981248458784845,False,0
1290,0.09913062477770729,False,1.249442454502677,0.15007255600008032,0.004534824049483244,False,0.24398202490740828,0.14411588486653562,0.11771733273774532,False,0.5510189723139312,0.16078349891279536,0.200345381147086,False,1.2309767955278859,0.14168283923172176,0.004534824049483244,False,0
1291,0.04490809303457399,False,1.2766910461438372,0.1509881597605357,0.05492412324687501,False,0.29307539626600554,0.14563000591809752,0.0943985516713921,False,0.5671454463805494,0.16288931014251648,0.15463633713333008,False,1.2945599242642651,0.1435454264964063,0.04490809303457399,False,0
1292,0.11489084611822792,False,1.157131532008148,0.15040206933489506,0.06456347034498422,False,0.2275708670481993,0.1449960567683444,0.20377602004436057,False,0.5326954386122673,0.1601980797013799,0.18231759829638916,False,1.1559423590810582,0.14027750100380237,0.06456347034498422,False,0
1293,0.1021463695590758,False,1.1695588601960774,0.15019290151491824,0.06565177412517176,False,0.5015762292288264,0.145002252518746,0.19281485241706636,False,0.554812315412778,0.16132180317712014,0.12333346613507734,False,1.439014859644054,0.15539563780777166,0.06565177412517176,False,0
1294,0.1273326319682545,False,0.848532600165862,0.15124994485547522,0.10634123042900101,False,0.33131476142171135,0.1462093720512179,0.10133258875367335,False,0.6775605763082373,0.1625520209078259,0.14091152145283303,False,1.1956128025833759,0.13868358791079863,0.10133258875367335,False,0
1295,0.05642426089284147,False,1.4600156811163751,0.15035632846640967,0.11025339501827669,False,0.3470987294085943,0.14469655916246324,0.1202968499852694,False,0.6395102267631065,0.15974646981550478,0.08735071514472093,False,1.6285777869156735,0.14834183077613394,0.05642426089284147,False,0
1296,0.12570104724288278,False,0.9189120409727696,0.14952638991358003,0.10474589332603607,False,0.22433915116612946,0.1449291043126498,0.21251850035140696,False,0.5753442023935034,0.1616490605267782,0.16316473657521452,False,1.1892563691720248,0.14149108445139985,0.10474589332603607,False,0
1297,0.010717461735369471,False,1.083062003980444,0.15145857390168968,0.11956894851932892,False,0.33593959091825343,0.14620433113201364,0.16022002905685367,False,0.5663945143393676,0.16290170434643908,0.143399961189965,False,1.1289104859953123,0.1430916708562637,0.010717461735369471,False,0
1298,0.029774345205456743,False,1.0840027504216398,0.1494181536385185,0.08669201271652477,False,0.30883000470887856,0.14436230171506953,0.17770726247159635,False,0.4819924725902893,0.1605529377414061,0.11566000192709869,False,1.3265110064208412,0.14249690002489102,0.029774345205456743,False,0
1299,0.1036354764388005,False,1.3389032002530379,0.14966743528466459,0.08838896677933361,False,0.3659547655433868,0.14454623580199247,0.11287133619472423,False,0.615144325352909,0.16183726253473102,0.11162641982587374,False,0.9648244075310684,0.14257077127810275,0.08838896677933361,False,0
1300,0.11099861311804943,False,1.2665944063955878,0.15049334057069874,0.07100151022172274,False,0.265131132874014,0.14517528695218584,-0.03801551291518801,True,0.7206192096342319,0.1611868872717595,0.16539287033874184,False,1.0697853174018717,0.14218541691825132,-0.03801551291518801,True,1
1301,0.1723750627932077,False,0.950673451145623,0.1499416966445707,0.059463242586882514,False,0.27249113952269743,0.14442898836830576,0.21913865429438772,False,0.5175941551192618,0.16097410222851993,0.17174454673847228,False,1.007655921293891,0.1419530665373565,0.059463242586882514,False,0
1302,0.16709635147157748,False,1.1156345481311458,0.1496938670809846,0.09619605607587389,False,0.35286848985230757,0.1446457280379726,0.1516467445604308,False,0.5863032079091479,0.15949136193798952,0.1467096084606479,False,1.0405227761207592,0.1480655180212411,0.09619605607587389,False,0
1303,0.07234862564877664,False,0.9481019601053371,0.15096028253453164,0.10129798309429394,False,0.33938348566225573,0.1458999370286564,0.1496709459234819,False,0.5884730268448648,0.16232566795237113,0.09568810111860893,False,1.0890023457152098,0.13097216043007381,0.07234862564877664,False,0
1304,0.10705497445388007,False,1.1076173554989945,0.15040464632942155,0.041662314052076654,False,0.24133163898838284,0.14496267774866728,0.13712011625734283,False,0.607689778582345,0.16163437209853126,0.11017062029668068,False,1.267730145397095,0.14203204920247947,0.041662314052076654,False,0
1305,0.17063346307306454,False,0.9941970127108242,0.15013248648224747,0.09077304879170295,False,0.34124655415421445,0.14549925216647572,0.20260726564596732,False,0.5494037111666068,0.16104960559303322,0.12619997833010455,False,1.4802673203226635,0.14045421976279004,0.09077304879170295,False,0
1306,0.08981298178105623,False,1.0469154429802132,0.15069562580755103,0.054298947936158526,False,0.4052385706444579,0.14525963092150185,0.07628883878656556,False,0.6601363248147838,0.16417001876825618,0.1599620629272427,False,1.2946552848008666,0.14068135804212117,0.054298947936158526,False,0
1307,0.108985728748968,False,1.1159241592339566,0.1501009301879645,0.0666552949342204,False,0.32940609077637184,0.14430375211108692,0.16634558372532876,False,0.6562731525497354,0.1611015015240152,0.1843609833585031,False,1.3456160396109205,0.1401571030092268,0.0666552949342204,False,0
1308,0.05248914795774018,False,0.9922265201516047,0.15043293285483872,-0.049769948864339275,True,0.196764133571236,0.14442227223395385,0.22202372967793887,False,0.5622398467618985,0.16130269175071438,0.16308417844162754,False,1.068811137549463,0.14090232439910544,-0.049769948864339275,True,1
1309,0.09565962926513516,False,0.9787401174799653,0.15156935663155177,0.043054359237774564,False,0.5070368519744284,0.14499734860032615,0.07928670494836842,False,0.6595730619502678,0.16153042717226263,0.1351213757958991,False,1.036348038179579,0.1420500396548468,0.043054359237774564,False,0
1310,0.09739783327107349,False,0.9728117055804575,0.15016579675086988,0.08484278362295727,False,0.33929302571615105,0.14468125905307666,0.1759786476799754,False,0.5044828606130618,0.1607047166550124,0.20365906287568775,False,1.0262735108739922,0.14126009985608873,0.08484278362295727,False,0
1311,0.10989727814786554,False,1.1813663121923386,0.14962795197814033,0.0646426265137231,False,0.3827680375083937,0.14396630007141828,0.195447470673418,False,0.47410780777031025,0.1606724674003709,0.16609568024520688,False,0.9459390693154341,0.14031676276055896,0.0646426265137231,False,0
1312,0.13379514984735663,False,1.093248165207008,0.1504474641035474,-0.0007736739172233831,True,0.40003639247845446,0.14469630641824147,0.036909949197100556,False,0.7400154885698789,0.16247927489480174,0.16901945069519314,False,1.0136709462273634,0.14141074303352624,-0.0007736739172233831,True,1
1313,0.11477961432888856,False,1.0355589202086377,0.1500769840141935,0.0878427082084321,False,0.3220119454884003,0.1443841636672275,0.01603332289086401,False,0.8653247312885737,0.16060601957382686,0.12385396390552128,False,1.2065637559484497,0.13717573256774127,0.01603332289086401,False,0
1314,-0.0044576085890812855,True,1.0673247315767305,0.14963489078720518,-0.003259159534496625,True,0.20003662708144332,0.14447964349036388,0.21265022175953696,False,0.5003894060712761,0.1603930896690795,0.015145871453248638,False,0.9253874254553964,0.16346604115127608,-0.0044576085890812855,True,2
1315,0.11291902538218912,False,1.1618359084333467,0.15152719989766433,0.08645975378422577,False,0.32197861260372496,0.14493604940955446,0.1099599464719806,False,0.6871806982936439,0.16186255508595968,0.17981815624261382,False,1.026341810761451,0.14234859218352458,0.08645975378422577,False,0
1316,0.15932297135056223,False,0.9882821441553145,0.15112468407485552,0.07483320134325389,False,0.42032649770449004,0.14588326632564913,0.13874718545835696,False,0.6016273828616472,0.1621948089753291,0.14678501133199762,False,1.0031942266718343,0.1419852990360573,0.07483320134325389,False,0
1317,0.16220773198058736,False,0.9403879043215864,0.15057782561083083,0.02091023040281681,False,0.3506098015226775,0.14524737066260326,0.010596545382757117,False,0.7389197518965729,0.1613686449738694,0.18725419451044178,False,1.147156551147722,0.14040708815996694,0.010596545382757117,False,0
1318,0.13577799173181282,False,1.098676477116354,0.15157328206540077,0.04302811562070452,False,0.274350493741246,0.14549440603169747,0.183212742846657,False,0.4767014830494165,0.1621324020336053,0.15421885573971528,False,1.1491596557636266,0.14219590448797625,0.04302811562070452,False,0
1319,0.1214408350558916,False,1.267175955351379,0.15113606863508244,0.05400586456003009,False,0.37986541545833674,0.14429197412253053,0.1610376224443763,False,0.6317744459319106,0.1615031050212199,0.18217270632838672,False,1.122754368927886,0.1427734099062128,0.05400586456003009,False,0
1320,0.11416206832162129,False,1.0423708297064482,0.15118435206476763,0.07554106242990644,False,0.3462456761789654,0.14505326969807347,-0.06542821261497589,True,0.8914895623518093,0.16356838257919398,0.17000972426560507,False,1.1133990725511898,0.1434658143878874,-0.06542821261497589,True,1
1321,0.08839709506934379,False,0.8594294846645922,0.1499098088086791,0.0862652722527314,False,0.32030135268935456,0.14539749996102308,0.18389901103568668,False,0.5414627805393109,0.1626425303401669,0.1798786660100612,False,1.0192886714236382,0.14186923841576482,0.0862652722527314,False,0
1322,0.13203007311716475,False,1.0267944259681063,0.15011190344089187,0.1050058269752211,False,0.30339456211457394,0.1451500028515525,0.05277406640997662,False,0.7402711414366769,0.1615395819407329,0.20359907895400275,False,1.151701939322153,0.14175613967072015,0.05277406640997662,False,0
1323,0.1326615997550104,False,1.0796362167141975,0.1505718963960335,0.033351802059823576,False,0.35675276532039857,0.1453868472255668,0.19318270514585723,False,0.45263947983444974,0.1605437492249866,0.17345959682709233,False,0.8602447931464503,0.14081225223876226,0.033351802059823576,False,0
1324,0.15031338402699135,False,1.0598767125863109,0.15048356914886793,0.05380509349065832,False,0.2932994874728987,0.14556480964309698,0.1891807657242806,False,0.5354606928173558,0.1620079461185478,0.14399221183457978,False,1.0975777083166818,0.1413359972549093,0.05380509349065832,False,0
1325,0.1566882326942462,False,1.106300268755334,0.1503322624597545,0.07069020744931465,False,0.41122506625871846,0.14467131697090124,0.014950828347670586,False,0.7292540184970995,0.16109146282515888,0.13746401040399614,False,0.898459867017946,0.14049959466691295,0.014950828347670586,False,0
1326,0.17125188915974737,False,0.9932468058980111,0.14961186448551617,0.139470919203257,False,0.29258787911519013,0.14549672466243296,0.03815491310215913,False,0.784383828224936,0.16128180034777506,-0.015849109898272817,True,0.8678522814328335,0.17644250941296719,-0.015849109898272817,True,1
1327,0.0646839369313914,False,1.2631811717433075,0.15153820936571877,0.05851074447686022,False,0.3540401755153604,0.14678882694186496,0.1855852202320286,False,0.5498135931874029,0.16246346535388823,0.13972663258448892,False,1.1098736568438081,0.1382218059408541,0.05851074447686022,False,0
1328,-0.0027025316099825725,True,1.006104899943186,0.1485831652991964,0.08073735399786636,False,0.31155398411562496,0.14450501410985775,-0.056250087129194104,True,0.7517562975415875,0.16004226258361615,0.11872073633471081,False,0.8367482117451706,0.14025353350469674,-0.056250087129194104,True,2
1329,0.13407678402712275,False,1.0873185271912962,0.1502865815447772,-0.018345840970902194,True,0.19418817411676148,0.1438295230254578,0.06142206088750213,False,0.6785329746991611,0.16231006000054704,0.17713750954124913,False,0.9928999028597756,0.14293060777756345,-0.018345840970902194,True,1
1330,0.14685041938074422,False,0.8029777112040635,0.15071309937271454,0.10845488063285436,False,0.2649943762882685,0.14669729783379504,0.17837881785289478,False,0.45334061758486666,0.16314019759416146,0.17577049063710898,False,1.0129672710289932,0.14098780251991733,0.10845488063285436,False,0
1331,0.15100543955456214,False,0.9745487088645679,0.1499427049629876,0.1398121272387809,False,0.2837485070155912,0.14568197757668735,0.1805027412314011,False,0.5459208757745786,0.16246322256180176,0.17818200561637593,False,1.048068422578507,0.14129997722498044,0.1398121272387809,False,0
1332,0.07948853515169718,False,1.119302200185457,0.1503052592269547,0.10175847882414069,False,0.27776354752080357,0.14478890116203708,0.1789111949388758,False,0.5665601372070102,0.16037818039122642,0.19310360791716324,False,1.2396251341781976,0.1417921941925161,0.07948853515169718,False,0
1333,0.10387485417445302,False,1.1788876135745538,0.15170547029218734,-0.0014593118801906613,True,0.44304256153893906,0.1460218358497322,0.009027128925261252,False,0.6720781598513426,0.16234457735723878,0.16382380873265173,False,1.0583783191731713,0.14349184961035644,-0.0014593118801906613,True,1
1334,0.06493125816981948,False,1.0321540101140452,0.15092636606923082,0.10267555622797336,False,0.2703274624991603,0.14578799781707702,0.13720025495734012,False,0.5946107180879556,0.16130272965009218,0.17033127584984992,False,0.9828067796864528,0.14225498746029838,0.06493125816981948,False,0
1335,0.16715446499280578,False,1.0385372926362055,0.150879768172482,0.06373326697754689,False,0.37021360103717393,0.1449378174872029,0.2019663970737136,False,0.5447566161765862,0.16102653405864698,0.16305393403348983,False,0.9826919029081227,0.13994992594962904,0.06373326697754689,False,0
1336,0.1208762549007481,False,1.135559833775646,0.15192767659242234,0.019956785940471455,False,0.3490422789892216,0.14574998962666477,0.10948198329903658,False,0.579116777460335,0.16109447567928026,0.19644299367819235,False,1.276404900162897,0.14277970861501213,0.019956785940471455,False,0
1337,0.15700583156761883,False,1.0488513468926493,0.14992827250485133,0.10176574532906696,False,0.34756715523102844,0.1444862305648197,0.21706935731625354,False,0.5097407724735004,0.161209791198704,0.1411989412031286,False,0.8709719864179033,0.14180659534704348,0.10176574532906696,False,0
1338,0.09314203472524119,False,1.251194867932174,0.15027514410374387,0.05342157517443713,False,0.21899382808720813,0.14543151897151263,0.17657866618670243,False,0.5655373883544077,0.1626856969766765,0.17493261901514062,False,0.947650410122352,0.14128244069285995,0.05342157517443713,False,0
1339,0.10321355552548145,False,1.1078321215610518,0.1524235931775811,0.098219355267822,False,0.31312614951951967,0.14640017770475477,-0.07707339610181885,True,1.0179207811407227,0.16317676558347083,0.1572246859186579,False,0.9585904444830076,0.14342886297446594,-0.07707339610181885,True,1
1340,0.12016622751363959,False,0.8701459878704736,0.15011233834027699,0.08948721070271642,False,0.2963039969254304,0.14434930023300419,-0.021237487364827223,True,1.031139940163958,0.16113947183096067,0.1285172096679198,False,0.8303447669923878,0.1416349302415755,-0.021237487364827223,True,1
1341,0.12474555133599363,False,0.9617902797078703,0.14970000672304185,0.05546895648219363,False,0.36964857548692653,0.14504241508749155,0.19612118004644213,False,0.4667163953973894,0.1595365981136553,0.13297753091341502,False,0.9877035759825297,0.14263652550544914,0.05546895648219363,False,0
1342,0.018793121828597603,False,1.1298562479239889,0.15152161425105992,0.041995320047638285,False,0.2671676852999616,0.1455310249221432,0.18964827911750037,False,0.5255787872803925,0.16220627079559252,0.1429683751092008,False,0.9701496328266717,0.14551462967049195,0.018793121828597603,False,0
1343,0.12318442763479476,False,0.9341186201309359,0.15104084466815704,0.07950466447330273,False,0.3065963528919651,0.1443275054694115,0.06028802935232713,False,0.7954852949999414,0.16109855455793837,0.18558539485083858,False,1.149367712022261,0.14158707172759813,0.06028802935232713,False,0
1344,0.10227044157003173,False,1.287386915628713,0.15040788697192542,0.0860457122809049,False,0.39224481714679094,0.1450155129877217,0.15095148018864618,False,0.5812303954533409,0.16047385947417514,0.1583907472190475,False,1.0393715088905973,0.14223933274514738,0.0860457122809049,False,0
1345,0.07964015452238249,False,1.2287976774611002,0.15087767814042594,0.08252196068601142,False,0.3768890254711701,0.14563825102595626,0.04875291520758129,False,0.7083764659185765,0.16255689612806462,0.196036881719309,False,1.2854320685364455,0.14348197408578062,0.04875291520758129,False,0
1346,0.13439798708849082,False,1.2148695719659095,0.14979213059334856,0.08717280063315425,False,0.3542000129553011,0.14506569834392286,0.09351574916400307,False,0.7563821093412948,0.16228600995551368,0.19052040312162466,False,1.0137611592445863,0.14117522121267467,0.08717280063315425,False,0
1347,0.17341320557050027,False,0.8622077205216419,0.15013056077221648,0.05287775822221841,False,0.3441142826377468,0.14475669616490616,0.16231672930606394,False,0.4840106561436013,0.161163147746498,0.18801414142905398,False,1.0486647536254292,0.14201556680715333,0.05287775822221841,False,0
1348,0.12309671698822,False,1.091454402482396,0.15128684180487,0.09858751432011592,False,0.4622878667597661,0.14600232914797873,0.1612444555208875,False,0.5467758138820744,0.16170648461068554,0.16370254882623952,False,1.1516389396752782,0.13992100255560994,0.09858751432011592,False,0
1349,0.1074462391181476,False,0.8245848692836362,0.14955186762718306,0.02829329241987688,False,0.3127399341304036,0.14327972634100578,0.048074836319582204,False,0.7189141038098563,0.16023864436264654,0.1462137895601746,False,0.8112624124504744,0.13891179389709135,0.02829329241987688,False,0
1350,0.1187984313399057,False,1.307749363262273,0.15010675500391246,0.033238999903510646,False,0.45040588915332,0.14417066815917426,-0.03707817918452483,True,0.7097110349236071,0.16082102108727037,0.1634908043902773,False,0.7926319351890185,0.14030961130899985,-0.03707817918452483,True,1
1351,-0.03546061989913307,True,1.1153796672726357,0.15161915352615563,0.05871811728220411,False,0.3991853472717344,0.14577564715286068,0.16485193439946866,False,0.6125057071797153,0.16226439356536337,0.15718278246126255,False,0.9484967747230673,0.1398419656813652,-0.03546061989913307,True,1
1352,0.18094256971954809,False,0.852500962046338,0.14966508594364292,-0.02614310693624633,True,0.21173338890509186,0.14354951370292848,0.030698729249091117,False,0.8492997138886313,0.16118140517591895,0.19711082897467136,False,0.983246785472538,0.13957925044249142,-0.02614310693624633,True,1
1353,0.07755726089183834,False,0.7487570816530984,0.14996593816493095,-0.059296894572867576,True,0.28482596203828403,0.14435578956235146,0.06806484339583418,False,0.5365714568038156,0.16014769201117102,0.14844697016950342,False,0.9200397153275466,0.14130364568475393,-0.059296894572867576,True,1
1354,0.12195828791171026,False,0.9090891734791644,0.1511106640599114,0.07534562028912095,False,0.36034897984511316,0.14548337904706304,0.0947445811587444,False,0.7245115282786454,0.16218683991571142,0.0900099750111667,False,0.9323400467508531,0.12744676726648013,0.07534562028912095,False,0
1355,0.11832196948681589,False,1.0827225089902837,0.15036866845916655,-0.019812351243309267,True,0.2194919861839859,0.14420095932904575,0.19116426360278677,False,0.5682959906460074,0.15998190844237903,0.18302284390543166,False,0.8961882642112051,0.14066323228623517,-0.019812351243309267,True,1
1356,0.11796762506720038,False,1.0013904481435758,0.15234160145688452,0.07256995336576699,False,0.27138080724583924,0.14455955365516082,0.14950703927570863,False,0.5920738446551499,0.16125322200456224,0.19968041780950957,False,0.8913461798316951,0.1410973471688851,0.07256995336576699,False,0
1357,0.14817234313535382,False,0.8483611000251887,0.15003951570868534,0.033817245723519296,False,0.2514254993824572,0.1449721752830026,0.16185652650171078,False,0.593734561188408,0.161376325788876,0.1545356632501484,False,0.8890615559992723,0.14220767314385419,0.033817245723519296,False,0
1358,0.12689250567782506,False,1.2152996333455999,0.14959721608305193,0.011392819639628127,False,0.4001853886168443,0.14484160516643274,0.11059597126754361,False,0.6847189980823611,0.16196261891831032,0.18733037363156047,False,1.111801474951621,0.14181143972011734,0.011392819639628127,False,0
1359,0.16868715765542375,False,0.9727925585853574,0.14941956734687167,0.07464298645542689,False,0.32746443125193125,0.1443737263431325,0.1174556031855638,False,0.5439625873658243,0.1608227907785442,0.17628376344598745,False,1.0963957747174222,0.14170241055144908,0.07464298645542689,False,0
1360,0.08450902328521881,False,0.9115527758653341,0.14995667169861748,0.060186732283877054,False,0.32777899569009783,0.1451249664014322,0.04136427887935157,False,0.6710513158416371,0.1619931212814561,0.19808021300853834,False,1.0223625411790274,0.14143584015874422,0.04136427887935157,False,0
1361,0.13610892130318653,False,0.9492435778783768,0.14958656807137433,0.09058925168632564,False,0.2505812944251802,0.144824198787799,0.1323530977958861,False,0.5522846341898691,0.1609959194307113,0.16941972532990185,False,1.037315383570042,0.14082504303373858,0.09058925168632564,False,0
1362,0.15276369416978974,False,0.9804285762024563,0.15018710153982237,0.023712778582077654,False,0.24457515831993226,0.143984580589066,0.09945837354082676,False,0.5766694249182376,0.16017369149646948,0.16482136773018896,False,0.8775850981239213,0.14090615489044778,0.023712778582077654,False,0
1363,-0.0020757584227523163,True,0.6956275017381823,0.15104383977658895,0.06064581273074754,False,0.4398399849696948,0.14535323972872607,0.0866951305845507,False,0.6580788134628948,0.16288281294079573,0.13020513716527637,False,0.8768350980627739,0.14094881402755216,-0.0020757584227523163,True,1
1364,0.015071364574995916,False,1.3555024602847583,0.15224924911384857,0.07882111349338078,False,0.4080751061185137,0.1447283026045895,0.03319433366701485,False,0.7679477241444372,0.16166140840580376,0.19702092419308392,False,1.1556473097463478,0.14129856699540855,0.015071364574995916,False,0
1365,0.11789465063957405,False,1.0054327264654566,0.15097977522570485,0.08375561164508766,False,0.35082580577944444,0.14458493740490141,0.12383913399947971,False,0.6487828719443314,0.16253367016628506,0.18041682470704135,False,0.9283748295172329,0.13980954658998343,0.08375561164508766,False,0
1366,0.04340794029373907,False,0.7601114601206551,0.15090666016772858,-0.010671005910614428,True,0.24758048971836333,0.14525418305825208,0.08753751137603649,False,0.6521068707909168,0.16253266926769394,0.1797103010317025,False,1.0001823448747977,0.1410472856219972,-0.010671005910614428,True,1
1367,0.18143074774915063,False,0.9446930189201197,0.1497382846581526,-0.0069351995924055165,True,0.21043713990628632,0.14407293191165443,0.15142374615568538,False,0.5370336177395982,0.15983184428669067,0.15930973044098595,False,0.8735624530722517,0.13964713839828974,-0.0069351995924055165,True,1
1368,0.10916405607127622,False,1.177641713545214,0.15115707186038685,0.06271948780061254,False,0.34684966570396814,0.14533106031219217,0.042740669686563426,False,0.6149389055766807,0.16100168867733078,0.1532153660531641,False,0.8676126069931394,0.141629677690199,0.042740669686563426,False,0
1369,0.11634838240647988,False,1.1262123891173963,0.15022306644707523,-0.021837853976047983,True,0.1990171943146255,0.14487022041700248,0.12368325989529527,False,0.5746861211496637,0.16200163701963227,0.16953804675508677,False,1.0586630955399532,0.14159262615655904,-0.021837853976047983,True,1
1370,0.18361612410625872,False,0.9578576527098233,0.14887708069868702,-0.024467350210187977,True,0.5108866971462442,0.14516870877192034,-0.011656544670018865,True,0.8237310258183472,0.16218708030717402,0.1873992346223689,False,1.028770152877669,0.140785873062175,-0.024467350210187977,True,2
1371,0.14610976169943335,False,1.2178094627390577,0.15078265766347831,0.08179570464252395,False,0.37762031902290283,0.144778757056169,0.17084862344770513,False,0.43960080619196185,0.16083804003198768,0.18348170492308769,False,0.9685551286150154,0.14411075896675263,0.08179570464252395,False,0
1372,0.12378429073312086,False,0.9242984262623728,0.15123189902705686,0.11387922629824315,False,0.32426806945971376,0.1458513659150653,0.09626568996308793,False,0.6087884642604071,0.16250452696778367,0.03041680406602887,False,0.8493296011520013,0.11834060772515598,0.03041680406602887,False,0
1373,0.11325436318842286,False,1.2241439835263228,0.15022251060282477,0.07956859801048982,False,0.35271197143711475,0.14510424890019624,0.2157178734931839,False,0.5385702218869362,0.16044875181100918,0.1752638811559285,False,0.9838054660487978,0.13828509545305961,0.07956859801048982,False,0
1374,0.06428977140492409,False,1.0299347142207687,0.1507897438609478,0.10609630402589676,False,0.38877732941681487,0.14541242253800984,-0.025540147407626335,True,0.7614335715492087,0.16230460485813117,0.1634520943178393,False,0.9455979194582651,0.14268130318471953,-0.025540147407626335,True,1
1375,0.14659906809298767,False,1.057233308240904,0.1512116518497816,0.09437858638624042,False,0.3847379106635911,0.14620751840444762,0.0055303290185655385,False,0.783600528420934,0.1636067730163724,0.13094870108043177,False,0.8562772619308283,0.1428903341295889,0.0055303290185655385,False,0
1376,0.12234161110618541,False,1.0562797425286252,0.14977304922639126,0.0560035105881741,False,0.4105240194642017,0.14484162630525182,0.11991209776989564,False,0.5431518998187341,0.15982165524979947,0.1652927558229565,False,0.7886463805273429,0.1410268475263623,0.0560035105881741,False,0
1377,-0.008843938821973873,True,1.2366688647493187,0.15112939017087199,0.07653806197670954,False,0.3168630032356705,0.1456201297844797,0.08862645627827737,False,0.6579502945858746,0.16120773945086206,0.13492585253128275,False,0.7813575700155284,0.14194326378645503,-0.008843938821973873,True,1
1378,0.05612575737268932,False,1.0882568882965384,0.15009755244326226,0.06309069543168333,False,0.23049526449063706,0.14598831013789307,0.0714903997637143,False,0.55566664833017,0.16148897526233677,0.14437697928850673,False,0.9470543265963585,0.14216530221670404,0.05612575737268932,False,0
1379,0.1633541841215601,False,1.0633913532635089,0.14941541686122045,0.07734152509679915,False,0.3110205660292358,0.14521993353072563,0.04660063846751383,False,0.7671158229785968,0.16108926977383453,0.13608450639425274,False,0.7346192874602839,0.14149307444365047,0.04660063846751383,False,0
1380,0.06496627354683682,False,1.3162645289902097,0.149152815220233,0.015795700055048267,False,0.4505236205917629,0.14608493567160435,0.024469335917964186,False,0.6894932645582157,0.16258787054769933,0.1482013869747642,False,0.8202175118673785,0.14135048212276138,0.015795700055048267,False,0
1381,0.14312421360892835,False,1.007342890714123,0.15093456403394845,0.10405157821341315,False,0.34789277304954047,0.1458815489042219,0.11221123955833034,False,0.6991507372864032,0.1618389587427512,0.13268333034608826,False,1.149996628900444,0.14314050424649866,0.10405157821341315,False,0
1382,0.1416536750657177,False,1.147526571692162,0.15011021655057372,0.04226327090708826,False,0.37135509804048517,0.14498506756279433,0.1315812902364203,False,0.5610832079685648,0.16154715537678482,0.03615720601344641,False,1.2026545658741676,0.1409473004640524,0.03615720601344641,False,0
1383,0.12746930413287888,False,0.8754693122346415,0.14957834332485367,0.10240935848497806,False,0.34432894643766465,0.14505341625866663,0.18489916330848993,False,0.5572402487684627,0.1609814301982846,0.14644247694384616,False,0.7299803222997807,0.1406013952192701,0.10240935848497806,False,0
1384,0.10966573436376492,False,1.25377021639718,0.15182825637149305,0.09962780835472135,False,0.2623023048263251,0.14602224436160843,0.09583075282625153,False,0.6464239148858069,0.16406414832198685,0.18252353010163402,False,1.2930038560365062,0.14176564227912075,0.09583075282625153,False,0
1385,0.1465554108148509,False,1.0153071956171535,0.1498592774765488,0.007702222108616152,False,0.4494068886231466,0.14511647108062917,0.053563483662966926,False,0.70083633790995,0.16208888647090797,0.1900884872016767,False,0.83458357188205,0.14016300397018708,0.007702222108616152,False,0
1386,0.16291386285246356,False,1.0419965038667711,0.14979374982198224,0.0858005369154144,False,0.4899608171928844,0.1449443223505943,0.09850201940597425,False,0.6907311357659132,0.1621821176540726,0.1441266237073523,False,0.7583834638566069,0.13991725844250857,0.0858005369154144,False,0
1387,-0.006649504325044964,True,1.2903098724429345,0.15119458401397062,0.0831273744485383,False,0.327540092685763,0.14634534450041634,0.1492391547304459,False,0.5747558941087694,0.16160742025051336,0.19185261966018258,False,0.929694452274473,0.14172549796318318,-0.006649504325044964,True,1
1388,0.024444648490133503,False,1.3786883675846138,0.14991290021095793,0.10079413037318147,False,0.36968838568908335,0.1450695761266475,0.16146932518189477,False,0.49997547018401045,0.16011228998481525,0.20124825718173284,False,0.9856986241356374,0.14137459059289817,0.024444648490133503,False,0
1389,0.13864608406999462,False,1.106836018055109,0.15023391180025947,0.08493829434023398,False,0.3355802148118141,0.14441249357004252,0.052830751856944524,False,0.7021930965403607,0.16178824935977903,0.17637787952671352,False,0.9017399995611999,0.14055953535371862,0.052830751856944524,False,0
1390,0.12266051206558448,False,1.0767405038646927,0.15022390973990268,0.03185552794933155,False,0.3769546287520942,0.14612542469587353,0.16231290497489825,False,0.5324900211361563,0.1606991232967773,0.17115783593859302,False,1.0761873605836954,0.14271121196179254,0.03185552794933155,False,0
1391,0.128952696604747,False,1.1501852121016816,0.15006121141589163,0.04151823563385837,False,0.2801328227075184,0.1459500049039178,0.20306928331912383,False,0.5995401649907219,0.1601905514261855,0.1317439130729301,False,1.1260951404433355,0.14158800833944346,0.04151823563385837,False,0
1392,0.17866402763640793,False,1.0453517950623992,0.15002204407975683,0.008734894927883485,False,0.22005585145606332,0.14382857112885322,0.007655857101111718,False,0.6523473745722341,0.16180277622556216,0.17642396519586112,False,1.0134562322615253,0.140161712189348,0.007655857101111718,False,0
1393,0.019559175437182108,False,1.3006636099273714,0.15066608469690182,0.06191961721104844,False,0.4961318423122367,0.14584683724221345,0.1719841436318864,False,0.5400166733403737,0.16053165900557712,0.1627143662482829,False,1.1638162874395928,0.1425710609174075,0.019559175437182108,False,0
1394,0.046811662859436276,False,1.4273924584547562,0.14974411214774935,0.11609089563826136,False,0.3327984072330168,0.14506718461625373,0.1505622380866305,False,0.5544979525779441,0.16054083188340848,0.13113285893213844,False,0.8755206119009316,0.141373864237762,0.046811662859436276,False,0
1395,0.15237693597697533,False,1.0825622005594084,0.15008643145583933,0.03221291869669973,False,0.2287398890944643,0.14433220091538057,0.18164073830203104,False,0.4743730031704452,0.16266026167743186,0.17583632287410483,False,1.1176385535757967,0.14134225223393893,0.03221291869669973,False,0
1396,0.02277495957643627,False,1.1883814783420426,0.1527440941289731,0.02193805088844014,False,0.4218980238198551,0.14683224807949588,0.040311778244518925,False,0.7033002931232963,0.16333499057403028,0.16205974868723994,False,1.1340901625462338,0.1424966419889348,0.02193805088844014,False,0
1397,0.026928292008380317,False,1.3145734565937284,0.15073452207922167,0.06346494061833985,False,0.35942920420338065,0.14501816448090332,0.1874784273617368,False,0.49568999347902487,0.16198559006212326,0.012843580338111726,False,1.259343667964199,0.1423991828965373,0.012843580338111726,False,0
1398,0.1524667041248854,False,0.9844573565116286,0.14996367032346397,0.07813324280291312,False,0.3955174630901874,0.14482846789864012,0.2022197093552056,False,0.5109715537585482,0.16052345088183903,0.19810596232320593,False,0.9794704322473486,0.14126917175798182,0.07813324280291312,False,0
1399,0.09348296448179838,False,1.1639678449834236,0.15095255952995018,-0.026038848724250996,True,0.5137989142856136,0.1454728588472438,-0.010892552755588758,True,0.7052607305015555,0.16214837773967672,0.1602986219338886,False,0.6952318047822794,0.1405406086464888,-0.026038848724250996,True,2
1400,-0.031762083244853856,True,1.2875107147144425,0.15166986915916641,0.09814476033771108,False,0.48033906991923025,0.1462669544268544,0.10637054881937114,False,0.6548864413827882,0.16208415415586686,0.1817793777084561,False,0.9532181983707295,0.14067059959138967,-0.031762083244853856,True,1
1401,0.11312095120100624,False,0.7937438121671427,0.14859427500106998,0.06215652070909872,False,0.25178292466016483,0.1441743582873488,0.15618759261320814,False,0.6054446328185705,0.1615687991132219,0.19859792626494843,False,0.8732940165639145,0.13954207207430427,0.06215652070909872,False,0
1402,0.11726988329351051,False,0.9521749444002716,0.14998582696109275,0.07807326032544937,False,0.29555215507680277,0.14613469972092735,0.17269622985084876,False,0.4530410307845394,0.1615170896924683,0.17701083235172949,False,0.889938871205411,0.1413573642685187,0.07807326032544937,False,0
1403,0.0580601536923242,False,0.940442532799409,0.15096812872001414,0.0898331234114903,False,0.2885475501840389,0.14528589282799553,0.16931689369605252,False,0.4310082257150445,0.16286262566514126,0.1744972473134136,False,0.8829545098766503,0.14138342386033484,0.0580601536923242,False,0
1404,0.156211799353339,False,1.011828810643853,0.14910819920226878,0.05263607480860566,False,0.33836686506433167,0.14442651623003602,0.08456359820967096,False,0.6282458803807174,0.1627223053227792,0.12957675885936792,False,0.6884987152723814,0.14056747686974974,0.05263607480860566,False,0
1405,0.0973378086599499,False,1.1275052385485886,0.15093980776071697,0.0902905047668604,False,0.25604423794474385,0.145742425302694,-0.028538075853865363,True,0.7876245485470403,0.1640593726295238,0.1761947379185883,False,0.67478256438168,0.14028442730437451,-0.028538075853865363,True,1
1406,0.08315801090894426,False,1.185844367894049,0.15072047236422695,0.10567333820963204,False,0.28642878977566766,0.14576411085066093,0.18232104456006593,False,0.4914475518201211,0.16121751947670476,0.19929504093146,False,0.9974566416487392,0.14072188201241248,0.08315801090894426,False,0
1407,0.10218152787090828,False,0.9610695539653002,0.15030690078808348,0.08149052246238458,False,0.42033191639488465,0.14528079429756285,-0.08943665403418866,True,1.2792840097514622,0.16399991731778019,0.16846960089318874,False,0.8298928055959074,0.14045122351615558,-0.08943665403418866,True,1
1408,0.009066842265037844,False,1.2713480113073752,0.15127401636767135,0.051293742873427695,False,0.4420096745775701,0.1454840800918954,0.07917004695358143,False,0.6145564380287001,0.16408486261218852,0.13260349808370453,False,0.8562230070892898,0.14194909350330553,0.009066842265037844,False,0
1409,0.14491564527265616,False,1.0798582830632713,0.1504906317482304,0.09189053200056252,False,0.3513032457866254,0.14525713022218328,0.06965050190266353,False,0.6757919830522534,0.16449174150343493,0.17521575103772846,False,0.8912113904593759,0.14147041390823667,0.06965050190266353,False,0
1410,0.13824992899537664,False,0.8716459241784857,0.1500223249860384,0.07850757979154183,False,0.25044698481147165,0.1442999402620534,0.06995737194105456,False,0.7054992158193261,0.16166623438599903,0.1583623491183329,False,0.9097691667650862,0.1415590398931839,0.06995737194105456,False,0
1411,0.08888787268871656,False,1.1983754953421264,0.15166519204278364,0.0934072404800339,False,0.33018667767250065,0.14559415936660403,0.1635800787095918,False,0.49056484893144137,0.1634635272337857,0.14986860144792574,False,1.2656508130173418,0.14195486227358373,0.08888787268871656,False,0
1412,0.12326576793187471,False,0.9724398490342823,0.15148032208989548,-0.01355290731614689,True,0.44872062214565145,0.14406520247395377,0.20339813233917092,False,0.576099539828302,0.16062473140696037,0.13254420171843462,False,0.6052319735150509,0.14071648564554912,-0.01355290731614689,True,1
1413,0.06868592006063556,False,1.0620246364359294,0.15017985728198335,0.11063641102338873,False,0.3097148583050242,0.144823660541641,0.08491993101836204,False,0.7067815184850199,0.16251795120982165,0.14100994783069132,False,0.6425154549936578,0.1410574691145816,0.06868592006063556,False,0
1414,0.13214853045521535,False,0.993602378632934,0.1520668030466999,0.05761166804630535,False,0.2266044665302278,0.1453581736430648,0.06757143418262657,False,0.650218755242377,0.16453949857566488,0.09420030441872362,False,0.7426857832829081,0.14164411335260557,0.05761166804630535,False,0
1415,0.03931920980449222,False,1.066566330571383,0.15140906062724468,0.04795648054911572,False,0.4378783289607804,0.144421359502247,0.11279492658962054,False,0.5829179096100545,0.16139172611255037,0.1509362714261115,False,0.9387010799302724,0.14104347949472074,0.03931920980449222,False,0
1416,0.09513255800467635,False,1.0780411555703293,0.15121726352496973,0.0040805572620323805,False,0.4932445758811228,0.14504765496685107,0.045506274115540424,False,0.6123505546269759,0.163084717687117,0.1940402628781117,False,0.9130323515258867,0.1419123471137404,0.0040805572620323805,False,0
1417,0.12253638384789906,False,1.1017346509882442,0.15202711902727198,0.08721674406591928,False,0.41165261940855324,0.14559541575734475,0.11487401390674779,False,0.6445061983382758,0.16209074164051404,0.14653056366681877,False,0.7834500613557849,0.14159498409687285,0.08721674406591928,False,0
1418,0.10326223460220896,False,1.1797317230217987,0.15175157246442278,0.06295770965852654,False,0.3962289007814024,0.1448503782117617,0.20500273429718768,False,0.49080471545835724,0.16134235349758158,0.14154377901813875,False,0.973092421737189,0.14051899990857647,0.06295770965852654,False,0
1419,0.11410492861348154,False,1.1735010844906941,0.1510976646345834,0.07523173285246643,False,0.4146557903447745,0.14492508289534545,-0.034759195747528504,True,0.8193402496161977,0.16189892513705434,0.06940199753442555,False,1.331726855566755,0.141100714805174,-0.034759195747528504,True,1
1420,0.05832888332093089,False,1.29757246519251,0.15153723598684626,0.08599494583325984,False,0.39690053876561815,0.14624935208294687,0.0704368811760997,False,0.667505818222534,0.16301672692404756,0.1324595348251959,False,0.9985037113219948,0.14209421227016464,0.05832888332093089,False,0
1421,0.12340082983929768,False,1.1892887402110146,0.15051426446220403,0.043805816761513405,False,0.3663108279059848,0.1443077791910598,0.22403641736965652,False,0.4821144179218102,0.16116928726672666,0.17361269452411932,False,1.044574628428324,0.14104124927224385,0.043805816761513405,False,0
1422,0.193347778611981,False,1.0851513992065458,0.14868201759720767,0.08755915952847015,False,0.30227031582184427,0.14387651218191494,0.0769361855426074,False,0.5879226328831497,0.16244988290152312,0.1378257294116486,False,0.9183190174065816,0.14055514115257978,0.0769361855426074,False,0
1423,0.1423859575772281,False,1.0317170406102671,0.15105549723993203,0.06955508216701412,False,0.34325049358808624,0.14469836977675374,0.1318138212357015,False,0.5175942209495428,0.16138687046363054,0.1354982406366243,False,0.804486000164083,0.14145647667336764,0.06955508216701412,False,0
1424,0.05605542600509417,False,1.2364475280623899,0.15068757655823567,0.12032894544726208,False,0.3941371585413047,0.14544460941519782,0.18346976606468401,False,0.5506176392775275,0.15967396705350223,0.13274700237160764,False,0.9943617044268585,0.14755555542667173,0.05605542600509417,False,0
1425,0.0898800300435918,False,0.9608243925423159,0.1500316535870659,0.055622998798245615,False,0.4224676996399992,0.14412199661054692,0.17971522070564266,False,0.5820951715103888,0.15997500042200097,0.16708194869527482,False,0.8726221749700649,0.14084391114737907,0.055622998798245615,False,0
1426,-0.01770385816996556,True,1.2472670073671117,0.1502784709461415,0.05980296700127885,False,0.43449323358146996,0.1459767101201241,0.13223638775313085,False,0.607538744808023,0.16051018851425825,0.09764218852167272,False,1.2384847687754146,0.141647234844808,-0.01770385816996556,True,1
1427,0.15301601921179758,False,0.793402774858895,0.1499986958492893,0.09250859861570859,False,0.28056989849287994,0.1447815709914121,0.19539422714265298,False,0.47124453456677373,0.16141233995480928,0.17378277821353166,False,0.8293633489234469,0.14145184988559778,0.09250859861570859,False,0
1428,0.026485317937023578,False,0.9837519401572694,0.15001844382351687,0.10756024201784065,False,0.35569143527043456,0.14605705099367655,0.13375512463226202,False,0.5440488600219633,0.16110183586249233,0.04992217036572455,False,1.2162983135238128,0.141965957389243,0.026485317937023578,False,0
1429,0.13120271241574027,False,1.0099364520117307,0.1513659135021785,-0.013525413079995885,True,0.4397748940956354,0.145590444044238,0.18360790494821883,False,0.5223500733041648,0.1607720941355425,0.16389479084634206,False,0.9303587103797022,0.1423386385818196,-0.013525413079995885,True,1
1430,0.12272910538221932,False,1.2436630639997923,0.14935122939627027,0.062999569193538,False,0.4523821873197611,0.14365032976610623,0.10077285486593857,False,0.6421664557895712,0.15989214075697414,0.18154403506847372,False,0.9585537815091576,0.14024773073055322,0.062999569193538,False,0
1431,0.06506748532799356,False,1.1674161792486593,0.15082007379273848,0.1363376638632517,False,0.33660350024045593,0.14510504986492465,-0.057698149488774164,True,0.9295645751500337,0.1605867297953179,0.1608114269695704,False,1.1574296738521208,0.14278856205523785,-0.057698149488774164,True,1
1432,0.1543510199857736,False,1.0945706561927593,0.15034404833819895,0.07582454042608666,False,0.3434741369183185,0.14577429407325587,0.02424930118956592,False,0.7264065775638755,0.16229337787228187,0.18469052795842306,False,0.9155114117680692,0.14095240056727887,0.02424930118956592,False,0
1433,0.09810181156189113,False,1.346725831982325,0.15055820035963957,0.0912027799007486,False,0.37893603236198325,0.14561968508431067,0.2120757415600364,False,0.45470864331630256,0.1619810212728926,0.18975392877405234,False,1.0619226708726086,0.14126462753761568,0.0912027799007486,False,0
1434,0.14574712280681063,False,1.109618579365384,0.14923710738775764,0.12365573403696245,False,0.28228114304234864,0.1450845068754928,0.1699319871423028,False,0.598487120350987,0.1595527514883898,0.055956837753454836,False,1.2592033960758235,0.14481799002817938,0.055956837753454836,False,0
1435,0.12353110547465546,False,0.8959854951929389,0.15040437556411412,0.08732231649732203,False,0.3834154750067642,0.14579618034949032,0.08109547905451941,False,0.548726399442238,0.15980830282503095,0.16632171541065294,False,0.8174330442446665,0.14265075286418913,0.08109547905451941,False,0
1436,0.15873123289333557,False,1.3141527435877571,0.14912568597383846,0.09295510024101644,False,0.550386319588857,0.14504987402289776,0.050585914815206134,False,0.6681207164312881,0.16103055971798483,-0.038931852734226946,True,2.1474494227831054,0.14154434825551196,-0.038931852734226946,True,1
1437,0.14636328102857343,False,1.2115643484937526,0.14907059198663913,-0.07868297741268715,True,0.45761124476324855,0.14590399916660074,0.10134141942532149,False,0.6417222881104385,0.16260979501358933,-0.029232345209153965,True,2.2993731810883964,0.14527698033851105,-0.07868297741268715,True,2
1438,0.10137258757683226,False,1.204333383462461,0.15013673400323638,0.1083436644971103,False,0.2941000591294558,0.14544659540151,-0.09218350346180848,True,1.2241596745831436,0.1627787938397411,0.08777614737941508,False,1.3355184631860992,0.14412700535117212,-0.09218350346180848,True,1
1439,0.08423339472696945,False,1.1496010655637736,0.15012428129298874,0.07106330578147213,False,0.3721574615235046,0.14458347385909906,-0.017965119556520137,True,0.8455821001881925,0.1629567512661309,-0.0312865846655741,True,2.896764431786852,0.1440137108024976,-0.0312865846655741,True,2
1440,0.1280679466844773,False,0.890477958094976,0.14879501108185672,0.059247713989708406,False,0.3103346678912673,0.14481797210610264,0.17608176797353942,False,0.5574413971173331,0.16210753585912513,-0.023493919868381785,True,1.5328341124899563,0.1433988034535802,-0.023493919868381785,True,1
1441,0.09347477696727946,False,1.2240413589075034,0.15031313088698312,0.07845571487079678,False,0.39557280760610336,0.14474550381902007,0.20055339034654524,False,0.4874077995768289,0.16111560248374562,-0.050682974816010806,True,2.591613668522568,0.14551391614446027,-0.050682974816010806,True,1
1442,-0.041954003044370136,True,1.4049382185514716,0.14985070353365065,0.07948611248832188,False,0.3623067328400842,0.14487029086210124,0.13851398616702754,False,0.5647542896318725,0.15988021501081273,0.011932536132819194,False,2.2616745285887667,0.14391963621701118,-0.041954003044370136,True,1
1443,0.09008917054108279,False,1.2901199528550094,0.15113726351256346,0.035696545277236535,False,0.38386663456495884,0.14549197743429154,0.06890042103555949,False,0.6585209363122535,0.1621189218459195,-0.04310722037998549,True,2.3058911767437205,0.14567820919890262,-0.04310722037998549,True,1
1444,0.13025768082582784,False,1.2651683779776408,0.1490626764851956,0.07136532395308304,False,0.3348369321993758,0.1443262199718926,0.1075270871689391,False,0.6283366326771116,0.1611818160472424,-0.014267378754272864,True,2.029492751734938,0.14482952483745368,-0.014267378754272864,True,1
1445,0.025407962156958508,False,1.0433378997415934,0.14995673918627175,-0.008721006821523325,True,0.455826089949684,0.14503865917284475,0.12052991859301476,False,0.6940119162821015,0.16132744067742122,-0.013275751242845302,True,2.1829739323861834,0.14421058977290516,-0.013275751242845302,True,2
1446,0.04639852992654603,False,1.4159792747324178,0.1527620249109506,0.0877514797527515,False,0.3911652938955985,0.14606432989262086,0.043990463385004785,False,0.8078426479858294,0.16259687313697072,-0.027322372596224276,True,1.7814128674899408,0.1455448853082013,-0.027322372596224276,True,1
1447,0.09912808182020594,False,1.1515636970321341,0.1495385138936143,0.07718103278259081,False,0.29121473855782076,0.14509575762523658,0.11753708907561156,False,0.5492550604141551,0.16101266768358918,-0.015934382584743,True,2.223289894875454,0.14451499472369547,-0.015934382584743,True,1
1448,0.08665626364519119,False,1.1546982664539853,0.15022650633234774,0.11802653999565604,False,0.31753456361957455,0.14470414599680725,-0.05734036406929033,True,0.96167385318355,0.16341018776395388,-0.010369817711944895,True,1.6799303396594611,0.1445866974512378,-0.05734036406929033,True,2
1449,0.08132147578962612,False,1.0197771865136738,0.15025683180100308,0.04758902015826583,False,0.3182428502557133,0.14555866632216197,0.1437265863082271,False,0.49193131917180155,0.1606973725335163,-0.004874613076218393,True,2.693546387652983,0.14623076671488644,-0.004874613076218393,True,1
1450,0.14264406395342355,False,0.837323156505821,0.14860269925495845,0.058534653528800384,False,0.3742655369144743,0.1442634457902987,0.12609056609045988,False,0.648663794874061,0.16107830915393712,-0.027853938091198627,True,2.701100156994413,0.14427644394375144,-0.027853938091198627,True,1
1451,0.06822159298978436,False,1.079114516025105,0.15014569566793795,0.05291639599667797,False,0.3475439340547737,0.1452393442882811,0.15958194999073422,False,0.5645468808179628,0.16246529870265325,-0.019857696465628072,True,1.9704257343781086,0.142631557443565,-0.019857696465628072,True,1
1452,0.13308814385748757,False,1.1234579477619429,0.15037731841780821,0.0504671325346947,False,0.49174445618123697,0.14584878955912978,0.057927434945383216,False,0.6894895932678897,0.16188216788588983,-0.0009521415123759924,True,2.758018796030941,0.14535581089044808,-0.0009521415123759924,True,1
1453,0.06554503637595943,False,1.2423774536188783,0.14961190493039744,0.04716201735707615,False,0.4377258422361203,0.14477432494162545,0.08117982729909701,False,0.7893218099964814,0.16113966133021473,-0.023511909278882803,True,2.2868645280261313,0.14385101521395313,-0.023511909278882803,True,1
1454,0.057523336370889466,False,1.2113364369758441,0.14990755702368558,0.014660190768420622,False,0.43316880700740823,0.14504685966226272,-0.06192348639766543,True,0.842013716398609,0.16191788996199857,-0.03545894145111306,True,4.095686952284614,0.14505542155252282,-0.06192348639766543,True,2
1455,0.09152918188979275,False,1.3902051295226991,0.1508974906145144,-0.010476936079762522,True,0.6243397432740252,0.14598366127342854,-0.05976218092067853,True,0.7525126686585697,0.16283460450567744,0.0349498141272061,False,2.0238522389047002,0.14429672590125334,-0.05976218092067853,True,2
1456,0.15128628266938327,False,1.0312538240287572,0.14998557729717357,0.10951176303169174,False,0.34864027100089046,0.14457147707129453,0.1840485092609334,False,0.5483279385409146,0.15991471141812663,-0.005871091209131651,True,2.6257984393404294,0.1440669811920092,-0.005871091209131651,True,1
1457,0.07788914700524918,False,1.2547640115053884,0.14985977292683633,0.06044057308608908,False,0.4832002757101528,0.14503062109611492,0.20537625319038394,False,0.49093100717432203,0.1604661486661014,-0.03937274687244663,True,2.6725649663886233,0.1441117330843935,-0.03937274687244663,True,1
1458,-0.0007498391449001218,True,1.4351730956290352,0.1506867925099452,0.01335503747220601,False,0.4992721768982096,0.14621102654227114,0.1436494438632711,False,0.5634158659732971,0.16179938545725756,-0.04727309985670891,True,2.0292355028828,0.14534558373707246,-0.04727309985670891,True,2
1459,0.17358330840474934,False,0.9679584258467582,0.14914010181805515,0.0960260392135513,False,0.36746436903880464,0.14469746208878964,0.09534021885931898,False,0.6107151083430706,0.1606740854348015,0.0026431759123575205,False,1.6352088134790046,0.14297612204733173,0.0026431759123575205,False,0
1460,0.18051655698017727,False,0.9735506569472927,0.14874829491274866,-0.04084004448724199,True,0.4590286421697307,0.1441734587695656,0.09259764028303608,False,0.5431758764525374,0.15938848724145893,0.009396647576594641,False,1.5822110930146778,0.14353472563422667,-0.04084004448724199,True,1
1461,0.005998397244800557,False,1.1628401733295433,0.15071723030953976,0.10042510147102107,False,0.3799097594548073,0.14578899783013038,0.0369753161055012,False,0.6773551280157184,0.16103328421770252,-0.03729317839008728,True,2.8969869748989243,0.14617083551276833,-0.03729317839008728,True,1
1462,0.06744040678474372,False,1.3134644283296657,0.14955632500257632,0.07279207750589911,False,0.30730841256861874,0.14403963762904476,-0.06443021801735882,True,0.9087530059249596,0.1619670497573942,0.022543580492367488,False,1.9249000303899853,0.14315204240824195,-0.06443021801735882,True,1
1463,0.048612484269455525,False,1.5826188057000108,0.14996323147686275,0.09569411848032527,False,0.3452522842898351,0.14470733399295177,0.01217577089162769,False,0.7580798044545769,0.16206873055604126,-0.023481305900887484,True,2.2576713605984944,0.14444229030724118,-0.023481305900887484,True,1
1464,0.14238089923775316,False,0.8294612385508684,0.15162959237198054,0.09504162604496968,False,0.32061462976144806,0.14547785732152493,0.07586315429903712,False,0.5526235704359828,0.16075318433834596,0.0013381184187897244,False,1.9574150054021864,0.14423782044216482,0.0013381184187897244,False,0
1465,0.1026096135977087,False,1.0342960033856876,0.15117911538231826,0.012200945717987355,False,0.6246840161734324,0.1446620901263972,0.20329546623300815,False,0.5234275466030716,0.16178565361196756,-0.036321443386800434,True,2.5800520527196955,0.14475867195523293,-0.036321443386800434,True,1
1466,0.13570128236699874,False,1.1815682518880224,0.1518094109823257,0.0015953322154889094,False,0.42983971558169864,0.1448933028009956,0.13872538474387364,False,0.653576112820794,0.16287233129307122,-0.036321443386800434,True,2.569922900500618,0.1436603148050256,-0.036321443386800434,True,1
1467,0.03433227844630382,False,1.2170161621034445,0.15245551076955488,0.07963510656936379,False,0.3454163864607589,0.14594368986653594,0.047786668563232326,False,0.6263045355072294,0.16485761471579957,0.03521875184661072,False,1.3452348601868076,0.14422914667092923,0.03433227844630382,False,0
1468,0.12248557268786198,False,1.3521179375827355,0.15028955097827124,0.050615532206628955,False,0.49376255451431317,0.14430358232391416,-0.016812061586932936,True,0.7550845049988331,0.16140356139119783,-0.061635350774994824,True,49.93397438312054,0.14531851295396744,-0.061635350774994824,True,2
1469,0.06795240023431992,False,1.16781150066222,0.15117627371607362,-0.019016644964271134,True,0.2819463034988565,0.14411667168186787,-0.06263229299864537,True,1.0020753633734072,0.16260670970180263,-0.02728302688315265,True,2.320624863481994,0.14398473172382933,-0.06263229299864537,True,3
1470,0.035602219456742135,False,1.27757700715935,0.15265095198255796,0.032893210857782185,False,0.4205689892434996,0.1455602008020685,-0.1054010490416235,True,1.3529851866879719,0.16366406136119177,-0.061159862042568514,True,2.7012229839868698,0.1450214950180868,-0.1054010490416235,True,2
1471,0.11896444560360875,False,0.9772487157822236,0.14853085229959032,0.08192984978609369,False,0.4498711060741254,0.14445103715369884,0.1363818142152013,False,0.46362303531192617,0.1595808241724825,-0.015815950121652156,True,2.276303726306589,0.14317357216200455,-0.015815950121652156,True,1
1472,0.14694826658160332,False,1.020302413439242,0.1485567165667367,0.04628548675552502,False,0.3683910508437076,0.14474977079009455,0.11096831303465504,False,0.48270290092470924,0.16020403224520835,-0.030270330435472892,True,2.5676259024738015,0.14335638011333904,-0.030270330435472892,True,1
1473,0.13365177202580075,False,1.2805374840323305,0.15053714986727723,0.07652197273489925,False,0.4291676002898521,0.14615629114449447,0.1511163084635631,False,0.4161925374696773,0.16092353793619962,-0.041353063293905756,True,2.311001240285709,0.14473085230557028,-0.041353063293905756,True,1
1474,0.10710365101619668,False,1.0319186620538652,0.14969591537048357,0.11152153277849247,False,0.4024592434804708,0.14614157296368846,0.16405095377005263,False,0.5160190840652508,0.16177663988013963,-0.006200231324922978,True,1.9146803650577504,0.14437386561284793,-0.006200231324922978,True,1
1475,0.10754247471253658,False,1.2858940468508768,0.1504256511324601,0.09593851468200582,False,0.45785559046753344,0.14605036481239966,0.11096021054418237,False,0.6444411833191732,0.16288793576183136,-0.03549009615746457,True,2.888154668296532,0.14517353128750798,-0.03549009615746457,True,1
1476,0.10566985514146032,False,1.171799640575982,0.1506534955163064,0.056793883648360355,False,0.5490770931121296,0.14629931928529066,0.04612383619107374,False,0.674510175356523,0.16148758921621129,-0.061159862042568514,True,2.691590423885093,0.14503674854723048,-0.061159862042568514,True,1
1477,0.0892560094024124,False,1.1483425816817223,0.15077141346492845,0.006691502051173637,False,0.5262847741652983,0.14646785848402638,0.18974802508719746,False,0.5111572785586509,0.16137153901550477,-0.04118617193634799,True,3.8655917403586684,0.14534425885404698,-0.04118617193634799,True,1
1478,0.09228296788695922,False,0.9536905754047558,0.14946217945201729,0.09246289287367965,False,0.37769558531684067,0.14520872890259465,-0.0644113558237005,True,1.0074122396972276,0.16225529683945883,-0.039540115834099554,True,3.112527409016093,0.1447714140739892,-0.0644113558237005,True,2
1479,0.09830297646548258,False,1.1616425607919303,0.1510533662060361,0.05761362071408016,False,0.5672080201813448,0.14672456794470634,0.08314205707674915,False,0.545788572728509,0.16145258218759975,0.010411168237621227,False,1.4734816771098806,0.14474950785276175,0.010411168237621227,False,0
1480,0.06311175020381055,False,0.9718938028720234,0.15077412310122806,0.03980723781652307,False,0.40363512030039805,0.14612390164536979,0.06595069738343196,False,0.7283553455003835,0.16308244557585794,-0.050682974816010806,True,2.7191071211853877,0.14466653189640974,-0.050682974816010806,True,1
1481,0.1334132740264269,False,1.0413978881823094,0.15049067880254882,0.11881394764105624,False,0.3277934504443103,0.14642342019450394,0.03448552049567111,False,0.6922985737793612,0.1611074137664038,-0.04279999978318838,True,2.7834981289987675,0.14531943775518177,-0.04279999978318838,True,1
1482,0.045991026028220694,False,1.4093932184328932,0.15023125203538557,0.06519590058421476,False,0.46573606710772397,0.14582961251854948,-0.0047325299272634735,True,0.7585662407186393,0.16109424646718107,-0.022191651328410167,True,2.3178403674403123,0.1444150485479496,-0.022191651328410167,True,2
1483,0.1683981559368662,False,1.0448274864777014,0.15005164881080002,0.13439643496919135,False,0.42150152254183615,0.14594005700098706,0.1444473524011035,False,0.4779047989094347,0.16044082181867397,-0.020066025443392088,True,2.048275929046436,0.14536064123887082,-0.020066025443392088,True,1
1484,0.14908295313037118,False,1.1128945302950908,0.14914980769508854,0.09910125176612677,False,0.4180008465971281,0.14585969169907564,0.14760231052085598,False,0.3819459581475182,0.1603340141935003,-0.04508685059366446,True,2.5980317958171457,0.1447376167462277,-0.04508685059366446,True,1
1485,0.13347109862359768,False,1.1264209595912646,0.15016164932880025,0.04364759923505934,False,0.4135579945341663,0.1459257297859436,0.11806090464143515,False,0.6244122489081736,0.16208487170880514,-0.021805369353422477,True,2.3374776530156467,0.14506328130291907,-0.021805369353422477,True,1
1486,0.03697067039879676,False,1.3771042466520198,0.1499528438983008,0.02986525537221263,False,0.5168602110352118,0.14564796660650445,0.061397427883033706,False,0.6137360269824919,0.16246815689090138,-0.05598276176536332,True,3.7676085070375906,0.14650868496141672,-0.05598276176536332,True,1
1487,0.13414217799358746,False,0.9565188466597361,0.15123102318262832,0.09536040107280608,False,0.35087119146989587,0.14523567063956017,0.1742336242501506,False,0.49697403159290543,0.16264319275913697,-0.009055161926762478,True,2.0929890415763057,0.1459426422480698,-0.009055161926762478,True,1
1488,0.12153909376047756,False,1.0381273901626846,0.15067164441744949,0.05863937607968439,False,0.4990339949871787,0.14640188414410865,-0.07470096393017567,True,1.0306406944051298,0.1625034084962249,-0.03071936957939403,True,2.3420908329393275,0.14588955192410352,-0.07470096393017567,True,2
1489,0.09724136203443878,False,1.218544928883479,0.14989557512454757,0.09910125340489984,False,0.45518533511165815,0.14641405167662602,-0.028269628279560477,True,0.7834933735978551,0.16132396464985554,-0.05878723803773489,True,3.2921798904652695,0.1459756013687379,-0.05878723803773489,True,2
1490,0.1592242426108743,False,1.0626870996993496,0.1495634354526231,0.08404547977637522,False,0.4585165836737206,0.14496203546354608,-0.0057925824042605045,True,0.7450028469244092,0.1609137298950313,-0.05499710673095348,True,3.299577492904044,0.14148553289346857,-0.05499710673095348,True,2
1491,0.09687175872708381,False,1.3579008499701501,0.150622882092818,0.029146440710462795,False,0.5888703061945977,0.14665954939514053,0.12928507643411769,False,0.6724510606191505,0.16201786728428325,-0.0323972260281985,True,2.7170295469764048,0.14387504104766274,-0.0323972260281985,True,1
1492,0.12349664278573258,False,1.0537405219349598,0.1497692840015593,0.10479296064001398,False,0.3578941406511449,0.1452323044865631,0.05085028080048071,False,0.7465398410582134,0.16158584383514002,-0.03878825692497456,True,2.815700978991137,0.1658785819089235,-0.03878825692497456,True,1
1493,0.08254629667071811,False,1.21543214100944,0.15072527920710815,0.09157546112111264,False,0.4949859993435246,0.14612040076017435,-0.04129162574016132,True,0.9869173849472774,0.16263409457795713,-0.042236605588557574,True,3.9771685862730695,0.14937311344692747,-0.042236605588557574,True,2
1494,0.12403135603658444,False,1.0516177066609371,0.15030179475884203,0.06361197043407996,False,0.4545413433292522,0.14532891114859614,0.14705832347291448,False,0.5351537157908937,0.16142496885969138,-0.03317311500418674,True,2.569815832975225,0.14501679210780205,-0.03317311500418674,True,1
1495,0.17178958594767868,False,1.0114645309374337,0.14902119279967058,0.07159817886238262,False,0.3624424829423496,0.14434395824280694,-0.046761638764983404,True,0.8119510509621986,0.16120316018766967,-0.041356444764231615,True,2.7338144794793897,0.14491267809489256,-0.046761638764983404,True,2
1496,0.12055078858985646,False,0.8732200901006253,0.14944941713421395,0.02697485381504039,False,0.42899335189746046,0.1459715093051103,0.08141352078530906,False,0.7623818029877443,0.16211015153747915,-0.030831622548180282,True,3.3540019345180445,0.14557157978157387,-0.030831622548180282,True,1
1497,0.1449830563359304,False,1.1450160775498763,0.1494928448491456,0.07905925918643014,False,0.32515725374906745,0.14658104058359156,0.13206855277768975,False,0.5809774972806703,0.16104641544438195,-0.03700330455931844,True,2.0941006741008494,0.1453176726941634,-0.03700330455931844,True,1
1498,0.1376685933863614,False,1.3667278432085377,0.14921165102373896,0.0545270226045772,False,0.517978874888124,0.14535792187325497,0.1737583266513627,False,0.4090443879828547,0.16023037092862524,-0.012388076913677826,True,2.248245382668308,0.14406729833365717,-0.012388076913677826,True,1
1499,0.15967083628935158,False,1.1038126437728186,0.14868608317840343,0.12526550610768988,False,0.4044148625806967,0.14619020113686032,0.11520151283270119,False,0.581511725579221,0.16159230121205248,-0.02242005018319282,True,2.11855365548239,0.1420178782548303,-0.02242005018319282,True,1
1500,0.12775932874367674,False,0.9437009390366273,0.14988320875865266,0.08333055131987477,False,0.4236049007781406,0.14645206803105354,0.049038717868635784,False,0.671940422485191,0.16141163632669175,-0.010517649075296842,True,2.2536778448827715,0.1453500229299023,-0.010517649075296842,True,1
1501,0.13378537456368267,False,1.0130253834120342,0.14918775027322534,0.07399636883796035,False,0.42582423982880924,0.14546688812807956,0.21693045299178465,False,0.5090793717478079,0.16099516532193103,0.05601704844693778,False,2.0237127894667486,0.1450039925753106,0.05601704844693778,False,0
1502,0.047419544443792816,False,1.402540739374475,0.1484466403817981,0.07872411236462296,False,0.5133875316151908,0.14524945639472683,0.057931412457639775,False,0.7429183415625564,0.161122813482094,-0.030270330435472892,True,2.841036262826271,0.144885336111701,-0.030270330435472892,True,1
1503,0.022527811869689773,False,1.3696968345539071,0.1502634180050809,0.11409064662784069,False,0.40362371577776535,0.14678940493897238,0.13085887463546964,False,0.6168287101011378,0.16077639001139177,-0.03819589621054509,True,2.267202648586461,0.14772560077933883,-0.03819589621054509,True,1
1504,0.1817278999408013,False,0.9013026235847696,0.14819054720123304,0.09081771995147525,False,0.42032649061043137,0.14482599627894016,0.18282877661179692,False,0.4864208564327943,0.16227487798470266,-0.02606392857219919,True,2.8877126152865653,0.14586653557272544,-0.02606392857219919,True,1
1505,0.1425235999029777,False,1.0899967873959582,0.14837607782576628,0.1023156532781529,False,0.3353704839618292,0.14512176484318046,0.16785270074596675,False,0.5483365087478902,0.15948568090594376,-0.03171920897860503,True,2.8225454443585347,0.1450231677658163,-0.03171920897860503,True,1
1506,0.10041191347470091,False,1.0285707810163416,0.14917103834391687,-0.03735356551532576,True,0.4834256126843437,0.146419340522217,0.08286294680123318,False,0.7311262106461753,0.16292510817290964,-0.03434911940804253,True,1.4381161131814522,0.14971267005708444,-0.03735356551532576,True,2
1507,0.14277860597954606,False,0.8786328659794573,0.14804410820597697,0.03970637181186676,False,0.5387282689432751,0.14550723584500086,0.18812362279281097,False,0.3920757213456296,0.16013645112814945,0.015528687799556296,False,1.9587934557568287,0.14478513805963947,0.015528687799556296,False,0
1508,-0.02584415630599657,True,1.5207623266156527,0.15162863681474992,0.10053986821373512,False,0.34553261082877995,0.14377834147831153,-0.009115100645846641,True,0.7996836259779792,0.16237745351666982,-0.02830688486633859,True,2.8035189431481866,0.14588215606315152,-0.02830688486633859,True,3
1509,0.11055943692024706,False,1.1164488836760151,0.15156482938219995,0.019345349460157202,False,0.22852700955224337,0.14421377161570037,0.2227763848266056,False,0.46134243986203693,0.16150789396445375,-0.02539565181991077,True,1.699616488622337,0.14745333441210523,-0.02539565181991077,True,1
1510,0.06772905189226308,False,1.2679817389889,0.15204155221049293,0.018435249836206702,False,0.4208755579610197,0.14400093669211178,0.13290660957965167,False,0.6225177304896208,0.16239368927106132,0.031043276339782433,False,1.2092407636025584,0.1466740809532867,0.018435249836206702,False,0
1511,0.0593206926968316,False,1.360354992241061,0.1540463244017418,0.05420839391796328,False,0.32700183274055195,0.1455440226053604,-0.02400668507117032,True,0.8774679296370718,0.16263281937568402,0.09451269861001266,False,1.113109223993777,0.1465401611540567,-0.02400668507117032,True,1
1512,-0.005992383697951409,True,1.4377070930551046,0.15323056966104828,0.04675728772716048,False,0.53157276329637,0.14533740980600593,0.1276589834513177,False,0.5555101791357595,0.16292881950821989,0.0034438298813982415,False,1.7911876021369522,0.14752589668029997,-0.005992383697951409,True,1
1513,0.12204027815308277,False,1.0660173201632266,0.15346557685996015,0.023039474398795723,False,0.2923024626321622,0.14621642241299931,0.05603840998296683,False,0.581558179138036,0.16360176672983923,-0.029287639016419842,True,2.267922985504643,0.14847131841097538,-0.029287639016419842,True,1
1514,-0.021313067017138865,True,1.0610044543994044,0.15385361668134834,0.09539786582287446,False,0.28141366993438566,0.14649280941946968,0.05786225591374672,False,0.6292570475179495,0.16567428006894605,0.038549452943490436,False,1.1818528070664238,0.14868747534217236,-0.021313067017138865,True,1
1515,0.021684532820979152,False,1.3668944967513497,0.15307895405935878,0.03335093190228555,False,0.4560347386827719,0.14544275088850206,-0.03359805444654429,True,0.7809778555033626,0.1630588177650536,-0.018863402693703457,True,2.181407365143626,0.147445949524519,-0.03359805444654429,True,2
1516,-0.021187542817834526,True,1.6283417718096138,0.15245638786045337,0.05894046236128814,False,0.3723806538751617,0.14556653754565024,0.18757494318407153,False,0.5400290904701852,0.16233896401959722,-0.03397929116834919,True,2.7165255297956152,0.14845648998791183,-0.03397929116834919,True,2
1517,0.08269907152069988,False,0.9013339171552421,0.15275414967134632,0.0264656671049589,False,0.19965020851142934,0.14436582700339975,-0.020027890793665404,True,0.8223511754661295,0.16299379475216974,-0.005694318676456422,True,1.558265625700407,0.14784722596022215,-0.020027890793665404,True,2
1518,0.11693271852869769,False,0.9529181621921838,0.15139487383770378,0.06719346407671045,False,0.2604115866695822,0.14425122519512457,0.03933143271984674,False,0.6469134896078239,0.16169587946737396,-0.017300569392889265,True,2.477977435938791,0.14796384608674218,-0.017300569392889265,True,1
1519,0.041247509667174276,False,1.1081207932854604,0.15244342261499047,0.08943031870054974,False,0.27660785210524086,0.14552481253176805,0.19583551683749278,False,0.5882811399009722,0.1614299206787006,0.03752147889461521,False,1.3401668376734928,0.14735085163350403,0.03752147889461521,False,0
1520,-0.0012623450764905897,True,1.367904454076871,0.15380269426600307,-0.006289231727344968,True,0.1161097153505859,0.14486975071858582,0.025362326469127505,False,0.7517279760434965,0.16347898120626514,0.0417818942915098,False,1.688075249943119,0.1486975836954349,-0.006289231727344968,True,2
1521,-0.013859267933976516,True,1.3871268355357764,0.15187074237688797,0.037397744752036055,False,0.46892398639075195,0.14521810161892207,0.15337701746374766,False,0.499580120831864,0.1616505029915769,-0.022698752516876475,True,1.7750556418944958,0.14689720029391476,-0.022698752516876475,True,2
1522,0.08332333102848832,False,1.1047093350086903,0.1528867936670486,0.09165833590430333,False,0.32628239951063054,0.14565808053039098,-0.03184194630564596,True,0.7572465832562703,0.16319209367178253,-0.011515802574384115,True,1.7536599970760864,0.1489943648106625,-0.03184194630564596,True,2
1523,0.051744359764882675,False,1.0638828571576857,0.15264651585032923,0.10191756219313652,False,0.31968380025418086,0.14552628901810574,0.06580651784225156,False,0.7031852487204844,0.164056468490211,0.004946735352206244,False,1.6899059531267526,0.14793501830750527,0.004946735352206244,False,0
1524,0.10079185746644448,False,1.206161931335005,0.1503456056501951,0.08509076422088757,False,0.3011337960304332,0.14498329463859466,0.0771018791410607,False,0.6164324625943403,0.16219851473727365,-0.01774419377469949,True,2.4406265122123236,0.14808477832394568,-0.01774419377469949,True,1
1525,0.10835054874526334,False,1.0913086642524674,0.15254829409608156,0.043168230267943475,False,0.4377180182592322,0.1449640084672163,-0.05595902208524661,True,0.9158909838996563,0.16224640193961895,-0.030650759501380964,True,2.2360112119463884,0.14785490620527908,-0.05595902208524661,True,2
1526,0.09363840525840372,False,1.084987231525366,0.15244112030521262,0.06279595249306302,False,0.3118408212546049,0.14549394545508965,0.1509753877083373,False,0.5536311826762415,0.16218935241348503,-0.040755911238725795,True,2.585056243351015,0.14866289387286147,-0.040755911238725795,True,1
1527,0.04700947425847657,False,1.1571436925087877,0.1519952041363557,0.05327382690570237,False,0.4250600049669533,0.14539883213725954,0.08290011951113674,False,0.6478147306440221,0.1624440747940738,-0.01904145331447582,True,2.0132298030007596,0.1476609884115066,-0.01904145331447582,True,1
1528,0.07906505460541435,False,1.2486202835079858,0.15268177851047604,0.02045659772802977,False,0.33926331165290025,0.14512484218106084,0.08789797730833959,False,0.6523384667756986,0.16363323457854334,0.03196578776998227,False,1.2486040471374007,0.14800386489708933,0.02045659772802977,False,0
1529,0.07951718442646083,False,1.189123118563284,0.15333336255171845,0.07248863337832201,False,0.4220615103627907,0.14537400066715828,0.13806456425679287,False,0.58451772661898,0.16298921225262591,0.0166820682931903,False,1.8397925091240896,0.1479253527423432,0.0166820682931903,False,0
1530,0.04042197648920587,False,1.2281366702620544,0.15297317943108363,0.06000685383543469,False,0.345286967825597,0.14466294009794076,0.1695680809812421,False,0.4560846434273764,0.1608830284430032,-0.01883529535881623,True,2.0137293504124827,0.14899105534152768,-0.01883529535881623,True,1
1531,-0.004800778193541522,True,1.113007673946615,0.15404281030480815,0.07203921513212419,False,0.4131527749475681,0.14631579066963535,0.09710705976618506,False,0.5290270231423146,0.16496892040395075,0.018630492821715916,False,1.5297100499152343,0.148696546385203,-0.004800778193541522,True,1
1532,0.07512768689995242,False,1.1893820883969348,0.15312788674867464,0.05509952923785322,False,0.42334969498104646,0.14595542028100356,-0.05979569041144572,True,0.8733568454375307,0.1635261628348216,-0.020961680031368668,True,2.030080592193924,0.14745635778320323,-0.05979569041144572,True,2
1533,-0.09223391175443485,True,1.5927499808199017,0.1537813639894698,0.05882536037093,False,0.35412972221421524,0.145047797802643,0.2053298408985228,False,0.5157437742408422,0.16205519280229752,0.050539915462834206,False,1.4425742052212667,0.1487015787972779,-0.09223391175443485,True,1
1534,0.07487645015924405,False,0.9328760856189897,0.15147611179343068,0.026470300799132818,False,0.34753218188658797,0.14445414997774092,0.14632225666627208,False,0.5965700972338017,0.16211863016897451,0.005338702647750382,False,1.9210540153873228,0.1476324215867243,0.005338702647750382,False,0
1535,0.10768893137579288,False,1.127134255072168,0.15210582606160983,0.04318166649802846,False,0.38242447077706965,0.14471928088720243,-0.0964601908611854,True,1.1849100048588264,0.16397632572506038,0.0079132234844147,False,1.3040820991192188,0.1478335832714777,-0.0964601908611854,True,1
1536,0.09932236336040129,False,1.029238632640238,0.15161458724451765,0.020815949048079152,False,0.2529220471760245,0.1448685924795595,0.04500454949026955,False,0.7523550056774195,0.1630198117068864,0.042524665523518745,False,1.6860098607989067,0.14898105920952998,0.020815949048079152,False,0
1537,0.08849273647477418,False,1.1167860135996728,0.15224200294099738,0.07239510443340524,False,0.2918475104231981,0.14530801537692728,-0.03329723724098266,True,0.8474549536776941,0.1644795697993991,0.054209574419301076,False,1.488498353355832,0.1481700502272314,-0.03329723724098266,True,1
1538,0.10071204756932006,False,1.0597450094963021,0.15252856176359098,0.0720750950962179,False,0.2539771117038856,0.14485285369072165,-0.017965847452841688,True,0.7446242406543784,0.16311884507847424,0.09043767426467797,False,0.972786586729462,0.14746976328321637,-0.017965847452841688,True,1
1539,0.03647348046956578,False,1.3601283676660558,0.1525047751043578,-0.04475053334407608,True,0.38724847042386057,0.14446850982737974,0.02471300323021286,False,0.7945702500109759,0.1622661180330649,-0.03679707792869635,True,2.0263757876166295,0.14812385616663504,-0.04475053334407608,True,2
1540,0.009678107472267383,False,1.234199365344292,0.15230605133333575,0.07519516826854455,False,0.29281905644096007,0.1442603344008345,0.14405718834790693,False,0.5913936417282377,0.16278885231669465,0.003181846190017934,False,1.552954114097795,0.147551405357492,0.003181846190017934,False,0
1541,0.1457611349594478,False,0.8601635830645951,0.15241280974515858,0.06933090794912777,False,0.22297288924883563,0.14474100875119364,-0.032514392000836834,True,0.9291938400309845,0.16283977428056529,0.000739723087959665,False,1.4439640620955405,0.1479684484092036,-0.032514392000836834,True,1
1542,0.03432378503609279,False,1.0402669073487212,0.1535005287129239,0.047622167963654705,False,0.2581040483537058,0.1466894556714202,-0.029846034814752453,True,0.7519268588683425,0.16374071820547353,-0.010725681410938659,True,1.1953941227453666,0.14885386975157916,-0.029846034814752453,True,2
1543,-0.02469588047062843,True,1.1605697886479271,0.15367596753096846,0.07337551258195396,False,0.4050102971402878,0.14513982904031839,0.050269258835182296,False,0.6544392934546395,0.1640099329589027,0.060243419953584176,False,1.4027447594732068,0.1492417913500113,-0.02469588047062843,True,1
1544,0.14404353806215825,False,0.8790783780561275,0.15321036157690343,-0.01149564160938965,True,0.5097416347603261,0.1454136028231391,0.05389558866531252,False,0.6974275891744104,0.1630847010789904,0.038389021942349943,False,1.4041425822991909,0.1475928791302204,-0.01149564160938965,True,1
1545,0.07703471846090937,False,1.0828507027270158,0.15191496821680003,0.05917967105768118,False,0.44397720057455325,0.1446771752148869,-0.0736506577271463,True,1.1360811702398443,0.16359742770459895,0.014546257414278396,False,2.183373896842704,0.1477618486197227,-0.0736506577271463,True,1
1546,0.061270133538881444,False,1.235354251464316,0.15156695652609142,0.10980507550929602,False,0.3425379923159144,0.14536215233210809,0.028084819097437763,False,0.7053948928226281,0.16296358908337297,0.064343706155501,False,1.3560714188772223,0.14906995718787697,0.028084819097437763,False,0
1547,0.13155054866943033,False,0.9397274198227914,0.15161036798603988,0.07826064194592058,False,0.3758006281260331,0.14446864070051485,0.05405548452862241,False,0.7501055148227347,0.16312805248706713,0.014179937897038197,False,2.2792939420395757,0.14898970013853163,0.014179937897038197,False,0
1548,0.1312137786929194,False,0.9452527489943447,0.15088276399292896,0.0637509374922336,False,0.2758863505186082,0.1446676617724097,-0.017037669958766655,True,0.7585610914526033,0.16269915672136703,0.04417378758138035,False,1.1303471958993225,0.14749362473960134,-0.017037669958766655,True,1
1549,0.08288331142571648,False,1.3440451189473324,0.15200845315454198,0.04598386796626175,False,0.41111176274670336,0.14546883628692164,0.14634301590496301,False,0.4980786037593312,0.1629166234725049,0.03438152538016459,False,0.9383517618869359,0.14897041983928005,0.03438152538016459,False,0
1550,0.0548935228799724,False,1.254977190063029,0.15094490885509942,0.062376151966923477,False,0.2841499912055314,0.14385496786023105,-0.026784033474092084,True,0.9844346926680092,0.1609836443769197,0.07035097998612228,False,1.320982578040776,0.14734050681584643,-0.026784033474092084,True,1
1551,-0.006081442912877044,True,1.0143565641691095,0.15171757341844405,0.015311773287114638,False,0.2579869842457123,0.1447540037955783,-0.014416111289515698,True,0.7182154614022,0.1629719216545947,0.022932588933670783,False,1.744681967509659,0.14818283931645906,-0.014416111289515698,True,2
1552,0.004925320127841415,False,1.1582570520298008,0.15148229705407773,0.08499081947980824,False,0.3229974519567367,0.14479475547326331,0.17115490535550604,False,0.5839579568696489,0.1624534150637043,-0.01661404272571443,True,1.529157068123233,0.14860054759570074,-0.01661404272571443,True,1
1553,0.06895992905080572,False,1.1351056624293387,0.15087901838285495,0.04963882229458605,False,0.34634533287052016,0.1440500702565537,0.17536202573892146,False,0.5422108917783421,0.16206323344950374,-0.017519945458030595,True,1.9809616077054728,0.1494528020834338,-0.017519945458030595,True,1
1554,0.1675479090658583,False,1.0076637848500278,0.15160564033455853,0.07598028436695181,False,0.29944949580067903,0.14446540100320465,-0.01545706986830464,True,0.698338137329451,0.164215261718882,0.04947415985556014,False,1.448559161820015,0.14901980256271224,-0.01545706986830464,True,1
1555,0.11154333903095243,False,1.0837911175908026,0.1529446619508587,0.059469290978812706,False,0.3543920745814575,0.14497864180774384,0.18425664149340948,False,0.45019697504537515,0.1627596831897953,0.030762863168686816,False,1.3804937778229946,0.14927605910318525,0.030762863168686816,False,0
1556,0.1150847030118401,False,0.990361777074924,0.15210007245438242,0.03911426190958911,False,0.3005019649139795,0.1449491665059563,-0.09206478132263696,True,0.8796738837318261,0.16529414068609066,0.07804743899738253,False,1.3272985778002306,0.14959961588913256,-0.09206478132263696,True,1
1557,0.09781049322718816,False,1.0575493552823214,0.15058792969979368,0.08247648943417701,False,0.1876270532395523,0.14451053656502982,0.10308152508476764,False,0.6510988464315888,0.16214294438669918,0.02895275834033617,False,1.4587696298909236,0.15006273751407417,0.02895275834033617,False,0
1558,-0.020407437915299753,True,1.1697077090248769,0.15265298600341365,0.06965510043119794,False,0.22657257818277898,0.14532138330413585,-0.051388656083475204,True,1.1144550268724522,0.1636476330484644,0.009110962669100386,False,1.5794764028444406,0.14966278966791363,-0.051388656083475204,True,2
1559,0.08074060855533649,False,1.2147684503442948,0.15207068434731325,0.022961786554316244,False,0.3781423794489418,0.14531645901529971,0.20491666052406948,False,0.49405503852830757,0.16270862614668852,0.005100242360339791,False,1.6364038422356315,0.1495294671959801,0.005100242360339791,False,0
1560,0.14017940815531205,False,1.0778434938251575,0.15184196980938486,0.04448477726434252,False,0.38527824718931414,0.14473846453841788,-0.07763333272411421,True,2.0518352881229767,0.1636585437028813,-0.02766843325511692,True,2.0435010073808653,0.14979876299700245,-0.07763333272411421,True,2
1561,0.08849463472337249,False,1.0946404833345036,0.15286728002318656,0.059476343987049374,False,0.2600684047727093,0.14551536169091617,0.08060022944411871,False,0.5385351159768348,0.16291206075580109,0.04952726135801355,False,1.3618472811759403,0.1520496895680184,0.04952726135801355,False,0
1562,0.10579321689056093,False,1.148255682498617,0.15079441222355328,0.05338317465640585,False,0.2538101040260281,0.14431398039507087,0.025423646559780688,False,0.8001447948851006,0.16330834155475182,-0.006087243446500801,True,1.6237423792750239,0.14948649887527582,-0.006087243446500801,True,1
1563,0.03285065292767919,False,1.2345531790126776,0.15252796768481086,0.0863208465458361,False,0.3488664783128608,0.14569948472761196,0.1769487934385804,False,0.558063398964491,0.1615178591958062,0.04625915911644096,False,1.7862003303542315,0.1503465640336892,0.03285065292767919,False,0
1564,0.010746389982206006,False,1.4692818857973147,0.1529609827544335,0.08180711150270431,False,0.23646478938255777,0.1451263188600762,0.12326636332793267,False,0.5432724069970682,0.1628550621428169,0.1273507682163949,False,1.309916829516197,0.14958819774538784,0.010746389982206006,False,0
1565,0.14966147787237088,False,1.0079029426996335,0.1510187942759011,-0.06475206650684329,True,0.2201426346912243,0.14364193090714,0.2134531039847985,False,0.4262750533637878,0.16167484881474553,0.043511954384686136,False,1.575549151258194,0.14879392193371838,-0.06475206650684329,True,1
1566,0.012042570086819304,False,1.184056172039703,0.15194368112060153,0.0894359749614107,False,0.23798728619534204,0.14400246803229166,-0.1084658212663061,True,1.4555305794087725,0.16519331383046304,-0.027410572519317777,True,1.8051615966024261,0.15149306593193945,-0.1084658212663061,True,2
1567,0.07987804371367535,False,1.0242235367543753,0.15156631432181994,0.005565810822782513,False,0.2572594292885402,0.14515477113445288,0.21705141849642423,False,0.4810587557925101,0.16226747810653813,-0.027774959599730198,True,1.604473128362586,0.1512935743046004,-0.027774959599730198,True,1
1568,0.025834786895519102,False,1.3437392708390803,0.15222827993104904,0.0994377926576992,False,0.2988761828277653,0.1449643077748135,0.1293787301446413,False,0.5908799505231186,0.16382880547496986,0.07938846222774443,False,1.239587143343667,0.14823167490716338,0.025834786895519102,False,0
1569,-0.011373995248074142,True,1.4069456594323881,0.1524264362245361,0.05740635264459193,False,0.3723482735688062,0.1452373115177854,0.16911457584069173,False,0.548624151213261,0.1623172754966738,0.0023711023107869655,False,1.8476905000402981,0.15072770976320088,-0.011373995248074142,True,1
1570,0.0013061433780265919,False,1.2186046038021439,0.15228103976646357,0.07821340509564817,False,0.23054831929703012,0.14482950659685295,0.03831596135929005,False,0.7487857306428025,0.16229900925349294,0.008471052998774597,False,1.6944859074698444,0.15017916809623086,0.0013061433780265919,False,0
1571,0.08057988491941259,False,1.2876466728188851,0.1511305322083542,0.07741519567655852,False,0.36422648076302977,0.14421101574101364,0.09682236072937234,False,0.6890049254019401,0.16158610197576057,0.010003753475156252,False,2.2101364008521527,0.14963936130359096,0.010003753475156252,False,0
1572,0.01897787103351367,False,1.2625720731421564,0.15224566512941756,0.008188582288023105,False,0.23233556225530005,0.14486809301241754,0.17909124191376935,False,0.5345630499285303,0.16157608080466934,0.033262177200944265,False,1.778124776143263,0.14929198409218505,0.008188582288023105,False,0
1573,0.03979733622161474,False,1.2207032783969853,0.15350305402723713,0.08325987714221683,False,0.26601490397074223,0.14524340273211475,0.04576703174957075,False,0.5818076300039634,0.16462367284264207,0.07420224117994068,False,1.302790378241307,0.1505984170564521,0.03979733622161474,False,0
1574,0.08826357403045515,False,1.0567532283658232,0.15207641432733998,0.05993280346120966,False,0.25587679983974243,0.14456124437419016,0.2276730024716881,False,0.47053130787090414,0.1605398438043953,0.09747081936102664,False,1.6082802560181935,0.1512699324459821,0.05993280346120966,False,0
1575,0.09937700108607722,False,1.0259493278262082,0.15330155774967452,0.1329954812235818,False,0.305234710639509,0.14580399335329633,-0.03257054798635173,True,0.8301339263003846,0.16375352036610574,0.01900479184577364,False,1.5371238280084425,0.15083471691458414,-0.03257054798635173,True,1
1576,0.0385103333284893,False,1.0596785928498216,0.1516843806658062,0.06452950526319412,False,0.2528589264781531,0.14392575618748213,-0.08039975801717969,True,0.8072417133563925,0.16339223174737855,0.018833662569695542,False,1.6786318302910206,0.1490301116039813,-0.08039975801717969,True,1
1577,0.10597671897181837,False,1.1003839442591286,0.1520660862032221,0.025782510124845004,False,0.41903930000475054,0.14469735652526222,0.07127000060519417,False,0.5747898240903584,0.16177637224554162,0.04580777787131962,False,1.585850580994292,0.14933477512923224,0.025782510124845004,False,0
1578,0.06664606169830434,False,1.0527248502347493,0.15159174783714618,0.06473421129836143,False,0.3173170439440205,0.14442170669169568,0.04617487174659385,False,0.7063756699271182,0.163123572058328,-0.030844981030812235,True,1.835527112737727,0.14986806256726531,-0.030844981030812235,True,1
1579,0.06785378225317562,False,1.1469831649552698,0.15247993592689124,0.08970036948203541,False,0.37507339266747386,0.14583078591598642,-0.002217736267119075,True,0.7016211767306864,0.1649791226410519,0.06937104679387662,False,1.4458207373762306,0.15035540785863538,-0.002217736267119075,True,1
1580,0.03781001205439527,False,1.1049136997316211,0.15196210401753163,0.06498038179249788,False,0.3319176308679732,0.1445391083793528,0.05650372160469197,False,0.6119039802919359,0.16205207753791617,0.0836143199233037,False,1.772982502239031,0.1494960160656652,0.03781001205439527,False,0
1581,0.04815370607062153,False,1.3882910990485628,0.15224296451715025,-0.00047008626934252895,True,0.1729983468849423,0.14484722751350287,0.0037924207948267785,False,0.7491101821815747,0.16263327229290458,0.020170312673848834,False,1.637538791179864,0.15013366181008433,-0.00047008626934252895,True,1
1582,0.10481434940702627,False,1.086131164851587,0.15260810967385285,0.11119571348978047,False,0.34253487520327996,0.14538250772455524,0.009281734611122805,False,0.7517391184968658,0.16426555890174221,0.02320910572284829,False,1.5549519912693266,0.15077222433977566,0.009281734611122805,False,0
1583,0.048142482457131486,False,1.4820113725551542,0.15192320867619052,0.09243266487646323,False,0.32721528289524704,0.14494873900356114,-0.06666441694655789,True,0.9935964880168109,0.1623776213730843,-0.011360534937393751,True,1.8768643263033442,0.1524951697498892,-0.06666441694655789,True,2
1584,0.11931728722382234,False,0.9245976741238244,0.15130526600980138,-0.01900642518498341,True,0.22995230262900224,0.14478956993295813,0.15200620945088616,False,0.45719976415203334,0.16165469321308143,0.0003229987037884907,False,1.9903585203197829,0.15142885286014435,-0.01900642518498341,True,1
1585,0.09514091386990559,False,0.9890078649781981,0.1529432457840474,0.09001520162384513,False,0.27598807698046235,0.14501291642483086,0.03930440483926645,False,0.7289856199869569,0.16403611549514885,0.08632811713479283,False,1.641660315311325,0.1516166259029868,0.03930440483926645,False,0
1586,0.09257606007282715,False,1.0963624047704896,0.1529832555571352,0.044724594029912246,False,0.3904209655201536,0.14519519206137874,0.20954193945196253,False,0.4465515107061573,0.16207686290368722,-0.017080067653935327,True,1.9990189738815154,0.14972149006809382,-0.017080067653935327,True,1
1587,0.15051659072691254,False,1.002541434468529,0.15283102607631033,0.08100439442368113,False,0.3438434017932319,0.14504020720428004,0.07706358231214927,False,0.649036721066427,0.16435135079855126,0.03625354345414167,False,1.6717336592693925,0.15101832440653454,0.03625354345414167,False,0
1588,0.09604017461282777,False,1.0910475644241542,0.15267800733621845,0.0946686756313555,False,0.3915826272326912,0.14444383356882864,0.1911714379744477,False,0.4782298692568383,0.1617354682852683,-0.0251431868622215,True,1.8938748048016443,0.15170880557570493,-0.0251431868622215,True,1
1589,0.096035632110332,False,0.9958410189785123,0.15245200039351425,0.08993729099022191,False,0.2475241502923733,0.1445059786445685,0.19455432616910645,False,0.5273163240845371,0.1618285914008209,-0.02150297025986181,True,2.0355120129291393,0.15095008578365116,-0.02150297025986181,True,1
1590,0.08549331535259896,False,1.0188657028939319,0.1505045474743117,0.0009798084068119994,False,0.34714074542897166,0.14456103438513743,-0.04033936990366649,True,0.7511074066962347,0.16306686577111196,0.05576185301352399,False,1.8451037922015239,0.1493643512447473,-0.04033936990366649,True,1
1591,0.1511028430588962,False,0.8923588433651011,0.1521207277452609,0.0032371598660962952,False,0.2761558975727718,0.14474825053676005,0.06924511250524368,False,0.6539737774611363,0.16396736525287678,-0.02252642469179922,True,2.05140134393138,0.15115009587186823,-0.02252642469179922,True,1
1592,-0.01918944363920294,True,1.249595906011295,0.1530579428925491,0.06900377240969713,False,0.30841620897605804,0.14525441185038773,0.14677652857263623,False,0.5160388672622505,0.16132153039276265,-0.007348879626951521,True,1.9254384356376724,0.15034555804210079,-0.01918944363920294,True,2
1593,0.06718387311808849,False,0.9985909316020893,0.15275868314508073,0.03193853863941465,False,0.30174897451344274,0.14468702804398068,0.046973266978067474,False,0.5810683531892784,0.16117222633504338,0.08319611833994911,False,1.48327660581081,0.15172341653648402,0.03193853863941465,False,0
1594,0.035198932542445105,False,1.2418017386372995,0.15198150247420086,0.016928261208991602,False,0.30451896594774075,0.1440080013653574,0.14458401967091256,False,0.6682227670568472,0.16193988197560344,-0.013949414160526197,True,1.731680235525622,0.15107154395829908,-0.013949414160526197,True,1
1595,0.11862275974070519,False,1.1597683934770697,0.1522917421151694,0.08068684796713121,False,0.4481634848301308,0.14442563637115682,-0.02276689298077139,True,0.7517699176029744,0.16390568967418453,0.002449224620955426,False,1.661780999623585,0.1506923994151712,-0.02276689298077139,True,1
1596,0.1119135625869978,False,0.941745377224777,0.15301064719189586,0.09414657648100444,False,0.3032853425581301,0.1449431080393807,-0.001202974051600414,True,0.810104842608699,0.16250137279871504,-0.02140500600192141,True,1.7545598241182665,0.1501381063309317,-0.02140500600192141,True,2
1597,0.0558671840302668,False,1.174648548505767,0.1522496893642774,0.013965001300004887,False,0.34349741040995285,0.14564001936502255,0.060381504148165566,False,0.6302848463693944,0.16242238696875094,-0.03792218206749731,True,2.228862357236135,0.1523833935183726,-0.03792218206749731,True,1
1598,0.05732312128577022,False,1.2709963597954848,0.15363669466904015,0.06642413186111618,False,0.40370153680874954,0.1449831851185008,0.0886325600558251,False,0.6003618079141717,0.16367590715616548,0.025336115228339118,False,2.0855305737333287,0.1528891854722132,0.025336115228339118,False,0
1599,0.007078680580499541,False,1.3868225030339998,0.15190875788791613,0.040759412581724996,False,0.2768807824617059,0.14493851914681238,0.12067995463583059,False,0.5278793243946416,0.16329627285190335,-0.02967680078885504,True,2.090367125334769,0.15126765003844433,-0.02967680078885504,True,1
1600,-0.01962220828479999,True,1.248825979646945,0.15363454684561983,0.013058394854736588,False,0.39663672780056625,0.14484572476720434,-0.005102276097132208,True,0.7303199351684553,0.16278151783205078,-0.03697562092272322,True,1.80580554899363,0.15082820734641972,-0.03697562092272322,True,3
1601,0.10720393080369656,False,0.8676333289674687,0.15250677596964407,0.09913740488088518,False,0.3796569921834083,0.14518176132892588,0.14162869443204656,False,0.5904494201021104,0.16231289075514313,0.007103683728973076,False,1.9115058398955296,0.15150062116428306,0.007103683728973076,False,0
1602,-0.023948995641795978,True,1.0721248342564356,0.15214018216992836,0.06966372729327674,False,0.3431635409102587,0.145323798335807,0.08222006430065887,False,0.6067631589488589,0.1633376863738365,0.060063123945197416,False,1.4376632364292599,0.15236639965981513,-0.023948995641795978,True,1
1603,0.040324289580263906,False,1.0753485338747633,0.154296728381104,0.03664686004444273,False,0.533964541590114,0.14622504584505014,0.13095498590236992,False,0.5880896972034697,0.16380733127968988,-0.03580532739698883,True,2.3641264987067796,0.154616549095303,-0.03580532739698883,True,1
1604,0.1485789900188727,False,1.0214654121004976,0.15223045696659432,0.011003127859736339,False,0.3799346982086276,0.14502974897649185,0.11176990313516844,False,0.5707625944990482,0.16364474871581164,-0.008629779981148666,True,2.167788645325223,0.15220483007461094,-0.008629779981148666,True,1
1605,0.05219511553675793,False,0.9142894714701078,0.15282981599912407,0.08824312475614232,False,0.3131269938081078,0.14507130050067105,0.1043428388756289,False,0.5630223454084105,0.16206800679882782,0.00872461460826579,False,1.8292876769000999,0.1509852976760172,0.00872461460826579,False,0
1606,0.0726529136524261,False,0.9151742176277378,0.15237319442818942,0.10460952908236887,False,0.31135025097473124,0.1449352325658302,0.05897234122442252,False,0.5420778038726486,0.1638713792121359,0.018124520948431866,False,1.585766411029594,0.15123222451607465,0.018124520948431866,False,0
1607,0.09770672344664943,False,0.9799898436616463,0.15158485805408417,0.0444482389441434,False,0.3504241985182057,0.14543283190426137,-0.0031845838873787446,True,0.7317268185211532,0.16255278702405593,0.004175058370991858,False,1.8126505968728117,0.15124677091243147,-0.0031845838873787446,True,1
1608,0.12283113512753235,False,1.0940610999898395,0.15234047195740075,0.08291134698508135,False,0.2642675382125905,0.14548830742701258,0.17993717165331508,False,0.476873410337449,0.16183681595618965,-0.0031137713446534043,True,2.245095251371045,0.15343403173844017,-0.0031137713446534043,True,1
1609,0.11375109202504646,False,0.9638024378610583,0.15317471562609178,0.056207346555308346,False,0.23890064915846354,0.14564113807895626,0.011123710333737713,False,0.6871061745665301,0.16477511141462456,0.028574036032114614,False,1.7605234340291829,0.15315502019634697,0.011123710333737713,False,0
1610,0.04841642263181689,False,0.7428619299959411,0.15309655887690754,0.09644160782635713,False,0.42707808843869177,0.1457186938032065,-0.04393720771838716,True,0.756763411180428,0.16235360689950884,-0.040180853383201875,True,2.6721280343471956,0.15415490560612585,-0.04393720771838716,True,2
1611,0.1308341626012981,False,1.1307297498624287,0.15310751370157072,0.05060232293856137,False,0.38711418740914216,0.14542913486703063,-0.07802892687487806,True,1.0474397201367256,0.16331389275447056,-0.02960235024166169,True,2.316442622021542,0.15156430425864703,-0.07802892687487806,True,2
1612,0.07863531098627496,False,1.1560535097186913,0.1522131850991888,0.11545067772817574,False,0.31419603346938474,0.1449986677347863,0.1805128575110298,False,0.5366598126789883,0.16190199272627126,-0.024796881439511642,True,1.9500156490707101,0.15242187083263176,-0.024796881439511642,True,1
1613,0.1193081161225451,False,1.1321314802966649,0.15263323445416635,0.10695296471395965,False,0.38653557556467466,0.14526601247839416,0.22570666974502274,False,0.4745555544946285,0.16151531102797184,-0.026511088832015806,True,2.1007171163196805,0.15429371711145035,-0.026511088832015806,True,1
1614,0.0050465704028686,False,1.4261650537850779,0.15270471909646632,0.14947420462690958,False,0.3537328247004994,0.14557398357969087,-0.02508906165356506,True,0.7914258406819126,0.1634475808443494,-0.040492121241388235,True,2.7623535559800767,0.15548096663762895,-0.040492121241388235,True,2
1615,0.06336498897273546,False,1.1969692622658492,0.15113926004571238,0.10568616359764915,False,0.365936430561872,0.1447817694462541,0.08791275064312798,False,0.5209429722275924,0.16134012723468125,-0.05714406029313146,True,6.146091873795645,0.15637266392074944,-0.05714406029313146,True,1
1616,0.09210519816645302,False,1.166150050125152,0.15213219402586672,0.06829126370084704,False,0.47728366950081846,0.14646090699214298,0.09324623294895862,False,0.5944260733144138,0.1637543810990137,-0.053922271480844164,True,6.817005516709126,0.1570497294308283,-0.053922271480844164,True,1
1617,0.1729602290751479,False,0.9860324878511717,0.15050555116358455,0.09119867492774825,False,0.4346804276542706,0.14549137159314968,0.13875990925571674,False,0.4732631427706635,0.16280488084351108,-0.04379379334779909,True,7.308394498816552,0.15981152450654362,-0.04379379334779909,True,1
1618,0.124829372444891,False,1.1210163762790124,0.1503270993092981,0.052814297398484866,False,0.20974512684797286,0.14523488042617025,-0.02697857329758968,True,0.8116565577612209,0.1633546697597157,-0.07535982491336668,True,5.853568123589434,0.15813995209684567,-0.07535982491336668,True,2
1619,0.11940620815368064,False,1.091487616048955,0.15117714909792326,0.08032735899123439,False,0.4349284446204673,0.14597292887213084,0.15951095044571434,False,0.4149667756234816,0.16225203881935354,-0.054383971573906065,True,5.303142217268812,0.15614947385915715,-0.054383971573906065,True,1
1620,0.14841809855971144,False,0.916737113829974,0.1502377159551673,0.07446362869018985,False,0.3609331237468807,0.1450709067257938,-0.01958745349599378,True,0.9038849365504469,0.16341778590700304,-0.04808817556295586,True,7.331088824181372,0.1585682130573202,-0.04808817556295586,True,2
1621,0.07389369552814096,False,0.9418681938232067,0.15048175213109893,0.11707376210959203,False,0.3102462424576724,0.14535723987335092,0.16436284554016267,False,0.5936318685569237,0.16220594486259887,-0.04064214320261195,True,6.343838272776197,0.15595076299438065,-0.04064214320261195,True,1
1622,0.13968299555285396,False,1.0468761027244113,0.15105672748720797,0.015048201268600958,False,0.46730170321173925,0.1448670379386296,0.09599533520725867,False,0.6845072428581707,0.16163694950267354,-0.04625641338697173,True,6.809982378330434,0.15808782752657624,-0.04625641338697173,True,1
1623,0.11770711567460812,False,1.0722274820863698,0.15178120798704756,0.07885472000596888,False,0.4126306793158554,0.14566812608837,0.1418911896858513,False,0.46991270712710587,0.1617438529664678,-0.06506117494973962,True,9.26118485487309,0.15861312654885268,-0.06506117494973962,True,1
1624,0.08971479176016195,False,1.3017318945258443,0.1513785831848519,0.05315053334441677,False,0.34713277940302834,0.14418379419674052,0.043011960338498745,False,0.7692959503099743,0.1607272099424436,-0.06713973099238435,True,5.177172504586265,0.15580176663322237,-0.06713973099238435,True,1
1625,0.06643765611467745,False,1.3474771915677275,0.1514207946821549,0.07957161251352729,False,0.5112670734681175,0.14582932608437976,0.04595836521374841,False,0.6603253637674513,0.16348490676516247,-0.04622476313183299,True,5.778265057251131,0.15995200216485528,-0.04622476313183299,True,1
1626,0.1435905943054982,False,1.0218417801624775,0.1496241223731792,0.0799198801948321,False,0.33577656236068676,0.14470360939190102,0.17067537215813705,False,0.5481344455897865,0.16255812011244858,-0.06982431896114849,True,8.5586547779719,0.16085565055839496,-0.06982431896114849,True,1
1627,0.024431455937152347,False,1.2416169850119343,0.15248601521579608,-0.024363653493270743,True,0.48742417936679683,0.1459199137979431,-0.04646522938552555,True,0.7417234204814902,0.1643154704812324,-0.057895733608885336,True,7.138132217455358,0.15906363665198375,-0.057895733608885336,True,3
1628,0.14384163030974217,False,0.7957163652318908,0.15227359262419765,0.0950731026446352,False,0.4540456522654963,0.1453485946170725,0.020284109443814535,False,0.6507508876916064,0.16376322851305591,-0.06553930415024134,True,10.822090905410036,0.15974567624820502,-0.06553930415024134,True,1
1629,0.1525890670937886,False,0.9069326845504564,0.15160070239766818,0.10294251321207659,False,0.41246294741190104,0.1450655332811911,0.0697277277916093,False,0.7244284721524556,0.16343018865329428,-0.06024214314735499,True,6.750850053818237,0.15651341190407367,-0.06024214314735499,True,1
1630,0.1535325833067389,False,0.835355868371985,0.1512737632841957,0.022529007395362233,False,0.2776041666068234,0.14451958675230542,0.15861116329918074,False,0.5076736671946918,0.16215166834739414,-0.04575969746566366,True,5.323927670404543,0.15708942543994614,-0.04575969746566366,True,1
1631,0.1508064967138002,False,0.9715914618498174,0.1508287899840448,0.06531859325606881,False,0.43732302796439426,0.14576688581275565,0.05955825537313564,False,0.5847796077143508,0.16108944676330023,-0.040492121241388235,True,7.572137046690141,0.15770206953201735,-0.040492121241388235,True,1
1632,0.11766989348474277,False,1.0095168229738616,0.15181027112171597,0.06507879147652185,False,0.3955998452177747,0.14559888825077483,-0.043281944244986215,True,1.1077638320063292,0.16320864707920751,-0.054392861701596296,True,8.379201173663734,0.1587605444061534,-0.054392861701596296,True,2
1633,0.06715863551994905,False,1.2216515124283447,0.15207707959623196,0.06885560656409861,False,0.3936855222749245,0.1456430724279416,-0.031172293086354386,True,0.8484889053440308,0.16352087947867766,-0.06506117494973962,True,7.341770005664465,0.15913010578856787,-0.06506117494973962,True,2
1634,0.04585447506520801,False,1.1096246833519068,0.15228356116655073,0.10642003429889413,False,0.35452984896729833,0.14578559588488138,0.16728249745426704,False,0.47964760754916314,0.16287679398602659,-0.04285686006176681,True,8.218915595175392,0.15850893836803182,-0.04285686006176681,True,1
1635,0.11194867106164696,False,1.1220682578908283,0.15270253905589287,0.10041593859502002,False,0.471820880000944,0.14624704497444302,-0.04128387194439154,True,0.8265490639923552,0.1645517761364871,-0.04575969746566366,True,4.682163931891321,0.15841597429707022,-0.04575969746566366,True,2
1636,0.09519117018398021,False,1.05650964756218,0.15159991420262742,0.10132973061911632,False,0.3835798508702315,0.1458695843514592,-0.08432567811693004,True,1.2820872275934518,0.16527930605955327,-0.045640171703019594,True,6.241694281611832,0.15900279221506958,-0.08432567811693004,True,2
1637,0.0878520986906336,False,1.1977614882789385,0.1529857765105803,0.11963576594726799,False,0.3886820039150316,0.146703221393222,0.21014108929680897,False,0.3996229660779087,0.16197657676125032,-0.05840122238213308,True,7.780957057862076,0.15961071494026496,-0.05840122238213308,True,1
1638,0.10032873399383246,False,1.1466219711818235,0.15234510556527484,0.13559099693495114,False,0.35432279299842784,0.1456332475077523,0.03998302248588126,False,0.6412171263123432,0.16348015740447536,-0.04622476313183299,True,6.036829707342301,0.1582949026222135,-0.04622476313183299,True,1
1639,0.07670883641018078,False,0.9161883506940627,0.15178875189628555,0.07472372973010333,False,0.3582065896870257,0.14545861972480237,0.08787623203313555,False,0.5494432020924147,0.1632515935465913,-0.0674224332145631,True,6.643473702100564,0.1589779968248755,-0.0674224332145631,True,1
1640,0.05651848542940674,False,1.6632410655657583,0.15255043047922795,0.05890435624529,False,0.5554355569475273,0.1469297224037478,0.13074147999788077,False,0.6351809556316081,0.16171791475825995,-0.04335147759094349,True,5.7141458545515125,0.15874652891706062,-0.04335147759094349,True,1
1641,0.09670042900904074,False,1.2473332231408367,0.15182066369400724,0.11395151758851846,False,0.48533128200702214,0.14594699152916324,-0.005125514778003493,True,0.7034682223828255,0.16454268543400935,-0.04818492752006742,True,8.35230441790461,0.16139778504684585,-0.04818492752006742,True,2
1642,0.10602358547943774,False,1.2542301255173305,0.15125996008195025,-0.027227093179493567,True,0.5422119661083444,0.14629792480528023,-0.010206605879712893,True,0.7454547527409829,0.1640350215242354,-0.05204944396920286,True,7.988647327143272,0.1620030494182945,-0.05204944396920286,True,3
1643,0.09773318641498341,False,1.0228394132256418,0.1517142630934321,0.07505268789119501,False,0.3798035131010915,0.1443952593487387,-0.016738003963379322,True,0.8455621916066973,0.1631926821602533,-0.05550629129414231,True,8.222599411323241,0.16525573345842756,-0.05550629129414231,True,2
1644,0.06325618272507816,False,1.1069919094398148,0.15102670038746457,-0.016772975539043222,True,0.4750153876554961,0.1458719775438471,0.09129881985643007,False,0.5980121992004992,0.16460495125790323,-0.07584492439723067,True,7.1876729277555205,0.16054487007261664,-0.07584492439723067,True,2
1645,0.09709154001519271,False,1.2648936088922969,0.15190404207002808,0.07955222613951113,False,0.44920954332348795,0.14536190909260632,0.04344911410835006,False,0.6809626863279818,0.16292179427221928,-0.04461488088520327,True,7.279667549418172,0.16157836706167178,-0.04461488088520327,True,1
1646,0.10742961752153596,False,1.1214235442662817,0.1507100304335911,0.040337350250518544,False,0.2917123533356991,0.14519045601870245,-0.017337396846592634,True,0.6983908620386599,0.1650987744078536,-0.06790216055067044,True,7.006219758007277,0.15972298094765727,-0.06790216055067044,True,2
1647,0.11628823173219521,False,0.9057111271510556,0.152060600647233,0.1206681344462997,False,0.2512974144511477,0.14563140725872947,0.13854307398093696,False,0.5615409473313837,0.16379260678991742,-0.056982278611786175,True,7.153709199031105,0.16109373551049772,-0.056982278611786175,True,1
1648,0.12484591043011734,False,1.1300728040446546,0.15173361676886699,0.05475687750554037,False,0.4772133903647129,0.1458691523737047,0.093329137708978,False,0.6021277482575176,0.16275770285106206,-0.0674224332145631,True,7.113551159984789,0.16093368367516858,-0.0674224332145631,True,1
1649,0.12021890013053771,False,1.0745171190189247,0.15172362643177587,0.09261021215581677,False,0.47824647485027216,0.1466500195130298,0.029874929421832896,False,0.6266878185470663,0.1639396298690372,-0.06506117494973962,True,7.111065256395642,0.16007041799102423,-0.06506117494973962,True,1
1650,0.10948481559438633,False,0.9413904463456038,0.15159417493558197,0.02480710334392,False,0.41939701728287915,0.14520371976150834,0.1328183721883297,False,0.5324264121392774,0.16221783508569548,-0.08316094009659014,True,8.28274899663037,0.16214703337199915,-0.08316094009659014,True,1
1651,0.06538947908283144,False,1.126120848569057,0.15081710116519115,0.03512275434426759,False,0.4145383470000561,0.1448425206901906,-0.014105379599929413,True,0.748530821265073,0.16402860142206144,-0.0674224332145631,True,9.39981931251926,0.16102826188223834,-0.0674224332145631,True,2
1652,0.1167901938581778,False,1.0342447938615937,0.15127158077459618,0.12001706253071592,False,0.35417547632346524,0.14577966853143237,0.15563811963848406,False,0.39240105854364393,0.16214607158523311,-0.04003093289045412,True,7.999844715061014,0.1609143911389013,-0.04003093289045412,True,1
1653,0.024163328688667884,False,1.2686461796253239,0.15229646377400452,-0.028875754318077207,True,0.5314570053263394,0.14616638994247305,0.07448220689431806,False,0.630010282705064,0.1627435094102977,-0.06506117494973962,True,8.462440973911573,0.16076542025693447,-0.06506117494973962,True,2
1654,0.11969286356915626,False,1.0657342171869502,0.15152122068947343,0.13283764118068148,False,0.36974308830581926,0.14523210272796344,0.17243190923744833,False,0.5165199960336688,0.16163596072724906,-0.07584492439723067,True,8.56196363154655,0.16122677268874147,-0.07584492439723067,True,1
1655,0.05218316244087784,False,0.9079344347838656,0.15137366956827686,0.1418377904593367,False,0.3594107319129851,0.14592698867626291,-0.014434122644011005,True,0.8666185293647837,0.16412169214405442,-0.0768161085553597,True,6.2769873493909,0.1618474913229659,-0.0768161085553597,True,2
1656,0.11257635498343777,False,1.1799049014760072,0.15125832227541885,0.10252249480042058,False,0.34772223621501386,0.14595135415403493,0.2072476965667615,False,0.4488138980424665,0.16204425865709776,-0.06506117494973962,True,7.576643860831875,0.16097175494337718,-0.06506117494973962,True,1
1657,0.12090711015907168,False,1.1566863443125932,0.15132660465546904,0.0012725469065846262,False,0.511897712983294,0.14484195869078975,-0.07260898315113529,True,1.5290593327718052,0.1625627047469254,-0.07057095822576764,True,7.7627371956044025,0.1845509562977914,-0.07260898315113529,True,2
1658,0.04602147529594802,False,0.9983605169939684,0.1513985720942892,0.1255096065859646,False,0.3486632849971949,0.14523141132274325,-0.05371583565192706,True,1.0270870001190915,0.16376011755418485,-0.0816917910372853,True,9.32782033465473,0.16202760344280545,-0.0816917910372853,True,2
1659,-0.034958960646991444,True,1.6294899541486578,0.15142727124017064,0.08425556656023947,False,0.45123044064661166,0.14540784364223602,-0.021251763872594198,True,0.8007489042002445,0.16566632262579678,-0.05827083225356122,True,7.536252387504263,0.1624247852288717,-0.05827083225356122,True,3
1660,0.0912718047833797,False,0.8227115777432146,0.15157742752923492,0.07856189466005398,False,0.2705467074372696,0.14613091134043152,0.11526961008288761,False,0.41469685645679455,0.16382201822001322,-0.05569026602510441,True,7.258143470963846,0.16340584880407996,-0.05569026602510441,True,1
1661,0.07517026724936537,False,1.054818353992349,0.1505683214490042,0.08191763122522189,False,0.4544959711271326,0.1451003890864031,0.11974469770125029,False,0.5606910853066358,0.16343249188174563,-0.04379379334779909,True,11.465760547148228,0.16113628996376578,-0.04379379334779909,True,1
1662,0.10920613186281336,False,1.1699941132654148,0.15152200137266747,0.10525653918278677,False,0.338109725961832,0.14565980255228603,-0.016042282209476677,True,0.7165632677795946,0.16486079900495368,-0.0655067663480493,True,8.931628822527847,0.16176000635189236,-0.0655067663480493,True,2
1663,0.10466250542692473,False,1.1200102072855276,0.15138072754912738,0.0496327144042531,False,0.3575043936947939,0.14559743934698488,0.10183683784200148,False,0.5400169480191368,0.16358494545362207,-0.05503494799695452,True,6.916523494723184,0.1627477586505769,-0.05503494799695452,True,1
1664,0.007765484523867272,False,1.6353564848480455,0.15188669027886004,0.1135979469986359,False,0.46127971690923064,0.1457519244843279,0.12787909041135592,False,0.5242618461356823,0.1638681765970585,-0.05887484402516452,True,6.293051249561406,0.16098361348619178,-0.05887484402516452,True,1
1665,0.12447588896267164,False,1.032474900813149,0.15171398594955054,0.12961394419017386,False,0.35830123967816774,0.14644132967995813,0.1400350097460919,False,0.5625966863978891,0.16418874229951105,-0.06506117494973962,True,7.574545505990756,0.1603835737402013,-0.06506117494973962,True,1
1666,0.04168163576951489,False,1.2193472732425112,0.15164208799891007,0.10999556621060996,False,0.39006594302214026,0.14595494250099186,0.19584043198692885,False,0.4949672468096633,0.16153107755807894,-0.07584492439723067,True,7.437159639019933,0.15991148936538307,-0.07584492439723067,True,1
1667,0.13140629485114308,False,0.9008081379174719,0.15222572247976462,0.09264206658758634,False,0.5626085042350706,0.14646091225701646,0.10233797490387209,False,0.5487069489088527,0.16417351119523826,-0.0674224332145631,True,9.100856166110258,0.16165324826258226,-0.0674224332145631,True,1
1668,0.14144147581891875,False,0.9930044964730966,0.15098083788752142,0.1035134650960145,False,0.48869040561683663,0.1445043788173261,0.08436908355648587,False,0.6202068067621973,0.16298912742454963,-0.059431897878673645,True,11.544796037483053,0.1686597596789433,-0.059431897878673645,True,1
1669,0.05559737618088734,False,1.2083602418040265,0.1510117277708217,0.03685192636773715,False,0.4440211008844086,0.14554736687468217,-0.03838285463746871,True,0.7320220274447482,0.1652174496913216,-0.0633623987551506,True,10.406458212540667,0.16774144510127587,-0.0633623987551506,True,2
1670,0.1533147533990611,False,0.8263459709195002,0.15133674912996825,0.09302809719155664,False,0.5027482164894304,0.14547618483088365,0.13650245232072766,False,0.5248344264837885,0.16440557043470472,-0.08804612110734977,True,11.264393406077492,0.17061412832925332,-0.08804612110734977,True,1
1671,0.07591159153670046,False,1.1007767223547251,0.15153960387898316,0.057595037013989825,False,0.45908042997832177,0.14654459403545475,0.04826876863531515,False,0.45803875290036333,0.16375785431052453,-0.08903382676662253,True,15.829506595878893,0.1722330781248157,-0.08903382676662253,True,1
1672,0.11606983120921233,False,1.138282700087939,0.15092938879316814,0.10255420363935613,False,0.3402294140917812,0.14530192048168938,0.1255943665995891,False,0.4728699082951786,0.16340754639910143,-0.0860747148798564,True,8.47658861322713,0.16696404360458533,-0.0860747148798564,True,1
1673,0.02571239616367893,False,1.0200352617726833,0.15025085644391428,0.11426214958189801,False,0.3065819356844406,0.14547334351942834,0.030624224044915715,False,0.6303831738620616,0.16471653867588143,-0.07432658002432047,True,13.39493829285411,0.1686844232762421,-0.07432658002432047,True,1
1674,0.08027554169503093,False,1.1304328543114277,0.15241688176165444,0.11494013913863671,False,0.3802592026162763,0.14733613693517436,0.05542199512682455,False,0.6293288198880918,0.1652397294378054,-0.07394536298611298,True,12.336007100139973,0.168658346426566,-0.07394536298611298,True,1
1675,-0.019347248374590897,True,1.2182244942115807,0.15146935966854555,0.09144174134372501,False,0.4211915222561615,0.14549008804980745,-0.08110155663468377,True,0.9151410223294403,0.16241521838430273,-0.07578076429837277,True,16.43334863434943,0.17055902767359293,-0.08110155663468377,True,3
1676,0.11711470407594132,False,1.0266345029795405,0.1518525868138833,0.06328025284491279,False,0.3301700140600077,0.14593159335503017,-0.0390666527493585,True,0.7478751263275234,0.16482048630394272,-0.06383937819801533,True,8.120588834852601,0.16685424530358345,-0.06383937819801533,True,2
1677,0.08958466231880813,False,1.280747161387865,0.15141613319565078,0.03484789655443088,False,0.38515322614193703,0.14669594253036952,0.13380931070017438,False,0.44503905778357944,0.163454365332925,-0.060883874536130866,True,14.481172267966361,0.17054525776505397,-0.060883874536130866,True,1
1678,0.09433172825935743,False,0.946289180739041,0.15151018908610386,0.04300879140001601,False,0.34132225370656166,0.14649296673229711,0.17415009089200117,False,0.3860588392890334,0.16294055447353328,-0.07578076429837277,True,11.981835535258629,0.1706538443506596,-0.07578076429837277,True,1
1679,0.02963756873952539,False,1.2661167290145419,0.1505286128182982,0.12126280188808808,False,0.4176789192702377,0.14618790586733799,0.14540495388169777,False,0.4645743227658017,0.16275376399725427,-0.07626614868043247,True,12.347999828286422,0.1747943150360004,-0.07626614868043247,True,1
1680,0.053382907985916495,False,1.730812661554007,0.15148830020002785,0.027837879871969617,False,0.4785345666651528,0.14647133611901977,-0.06272482142103031,True,0.8200274972113413,0.16531456967607105,-0.068059111449286,True,8.952115805015389,0.16997262892134357,-0.068059111449286,True,2
1681,0.07076298866148445,False,1.2606020747589237,0.15054595920598382,0.11125724718593855,False,0.467446147030415,0.14606263390992436,0.21146723453482696,False,0.47319510769741235,0.16244314231922277,-0.05972322088154258,True,10.284859341300951,0.17249186669190034,-0.05972322088154258,True,1
1682,0.0710006030434368,False,1.364255845742329,0.1504031767971906,0.03681438277882498,False,0.3676148698265813,0.14684316085591853,-0.07524331968411735,True,0.8937600870492233,0.1637288439729458,-0.06566318718959308,True,13.542166886524335,0.17653258013123452,-0.07524331968411735,True,2
1683,0.103020238864233,False,1.3118079690232944,0.15015928132832596,0.0746419591916011,False,0.26433674316658995,0.1463071702208047,-0.08223312221755408,True,0.9170916971110992,0.16510181085959277,-0.057773067845587334,True,11.41417558659228,0.17147735132181713,-0.08223312221755408,True,2
1684,0.08097901052479162,False,1.1752141271765937,0.15027666905933612,0.0875508946057883,False,0.3099063941079008,0.14622946710035223,-0.058503430063504225,True,0.9109912305907506,0.16355559898745475,-0.06317648520379904,True,9.834374684694808,0.17269990201968877,-0.06317648520379904,True,2
1685,-0.022746689152169375,True,1.5726781374444965,0.15117026280352389,0.09914663425652692,False,0.24714327543858672,0.14540279591472377,-0.004581272441736006,True,0.6708740816489942,0.1644705546102948,-0.08804612110734977,True,12.780464846505788,0.17446293081659406,-0.08804612110734977,True,3
1686,0.11543570710066442,False,1.1458406875447693,0.15032301722906732,-0.05034897198977584,True,0.12375085461650515,0.14681667365219642,0.11792098480970281,False,0.3274605208352326,0.15922225693102324,-0.08903382676662253,True,8.59780153692563,0.1736575380702986,-0.08903382676662253,True,2
1687,0.052018937255423725,False,1.318908353812684,0.15125450453746847,0.08206533000928001,False,0.19884122749305422,0.1465940497097876,0.1493135274764189,False,0.385858511498786,0.16068379295496282,-0.08804612110734977,True,10.421465904835584,0.17458602066289694,-0.08804612110734977,True,1
1688,0.13057313389638614,False,1.1236052313485532,0.15250100447816267,0.14872543319787923,False,0.23122178613133726,0.14636683808741496,0.1494317718474264,False,0.3628594259645488,0.15990828749263586,-0.08952818102348603,True,10.217198667946471,0.17052521730349102,-0.08952818102348603,True,1
1689,0.04637202643826055,False,1.3958425334900584,0.1518683098837771,0.016183888129709056,False,0.30154800631301226,0.14476667707589644,0.15654923442342283,False,0.5134208786516887,0.16178520254563797,-0.08903382676662253,True,9.235977968060254,0.168966685794381,-0.08903382676662253,True,1
1690,0.1426370563293562,False,1.2040855710033296,0.1515253468852279,0.12648932869263535,False,0.3194031013236882,0.1463264681643611,0.20192337520622716,False,0.49806212154787466,0.16121618498866447,-0.07675186157804459,True,9.57095934620796,0.16985537084889174,-0.07675186157804459,True,1
1691,0.08819446910086026,False,1.0611885625286805,0.15345951062760524,0.04055210549770205,False,0.27411185004718597,0.14741084313452335,0.023519915650167977,False,0.6607136803203426,0.16356642786263303,-0.0611168443714355,True,6.466804170447284,0.17263010738413892,-0.0611168443714355,True,1
1692,0.09969470340841641,False,1.089924403245202,0.15338458892910323,0.05581008574087509,False,0.3764297663350149,0.14786934219291725,0.07957422351315768,False,0.6179561317930764,0.16625018528856145,-0.08903382676662253,True,8.45006292299777,0.17217541929896635,-0.08903382676662253,True,1
1693,0.1264126874507729,False,0.9168620024755343,0.15246482709822134,0.07569577514608206,False,0.28302866762502643,0.14800575137406874,0.06896620844127099,False,0.5815554457765477,0.16462741884846777,-0.0782109735883918,True,7.387063687884112,0.17361189709585256,-0.0782109735883918,True,1
1694,0.02796992233153084,False,1.2411157778787727,0.15278206844545722,0.11037622952540493,False,0.35304051328392183,0.14613769937190313,0.13790451527112108,False,0.4729315276526551,0.16426906027290505,-0.08903382676662253,True,8.849727329227514,0.17512446752533745,-0.08903382676662253,True,1
1695,0.13918800194895453,False,1.0660504381272136,0.15278523224671958,0.05972303712354121,False,0.32406160397958916,0.14807630120199788,-0.07733745926023339,True,0.7459176419045195,0.16462836110541074,-0.058985879343294356,True,6.608294065826252,0.17309454205549837,-0.07733745926023339,True,2
1696,0.12597928507129552,False,0.9614950611689397,0.15089373328946115,0.12609760511739643,False,0.28302737591103266,0.14670689124247885,0.15050608086155942,False,0.549882034274628,0.16356023931727487,-0.05509468507544979,True,7.589912601125109,0.17317905532322375,-0.05509468507544979,True,1
1697,0.06377479019587673,False,1.219110152356591,0.15165455218517526,0.09644221736039643,False,0.3946267449557128,0.14570635957296169,0.09427053104885341,False,0.4300547562854762,0.16116268638787612,-0.07578076429837277,True,8.311882310135422,0.17356508189084152,-0.07578076429837277,True,1
1698,0.11269639721184427,False,0.9141883749189026,0.1531427611949796,0.08499150162551622,False,0.22711035629330634,0.14750091681010835,0.03628423261571212,False,0.5614826056910378,0.16593323952317474,-0.08903382676662253,True,6.899565368878164,0.17187403438715662,-0.08903382676662253,True,1
1699,0.09955665162184946,False,1.0174249316606345,0.151111738709862,0.16319709570967406,False,0.3865132794198938,0.14584425436397763,0.07962198080902383,False,0.6179264470221688,0.1630098844628963,-0.05352867566362618,True,5.676409176413575,0.17305008538852934,-0.05352867566362618,True,1
1700,0.07231422319429615,False,0.8702869535414619,0.15218499248392459,0.1411202135005683,False,0.26189674499596394,0.14598241059690956,0.1709850070146598,False,0.4181911439981143,0.16271432769776212,-0.08804612110734977,True,5.811827843411709,0.1727460419202777,-0.08804612110734977,True,1
1701,0.0650356541602688,False,1.1935722317546515,0.15246361655282042,0.08006589942868203,False,0.27293005485708255,0.14664507527173126,-0.02446950322273511,True,0.5545791133637425,0.1646587281578056,-0.0782109735883918,True,5.753093576237279,0.17242855579918356,-0.0782109735883918,True,2
1702,0.03774226978624595,False,1.0020411279492314,0.15172393595262113,0.09296892640653254,False,0.31343171529593916,0.14618040490117462,0.015053172922458335,False,0.6626899956809369,0.16265244767263176,-0.055566068803603375,True,6.889930883935264,0.1751503179459351,-0.055566068803603375,True,1
1703,0.15833764028179392,False,0.8444817720264095,0.15134629820239898,0.09854591803079854,False,0.29633532985141975,0.14559558506676584,-0.004396825569418672,True,0.7024196608311515,0.16345562998485352,-0.07824222709091766,True,6.410328980342371,0.17195221790029508,-0.07824222709091766,True,2
1704,0.027146472240203168,False,1.0832247588245187,0.15300144344251437,0.05454886720472352,False,0.2634025401979514,0.1474318355971156,-0.04818792217941126,True,0.7442620646329727,0.1656370960715595,-0.06383946433543242,True,5.9510609523374125,0.17479186519453116,-0.06383946433543242,True,2
1705,0.10618567826642095,False,0.8737949230614201,0.15066916516578654,0.11239431263426597,False,0.3064072806534026,0.14535836555746728,0.1324595693954348,False,0.5633399813389286,0.1623577660119509,-0.06566318718959308,True,6.8495912190150845,0.1729652343014259,-0.06566318718959308,True,1
1706,0.06642091669277816,False,1.224988840318924,0.15113987863238587,0.11453988032504903,False,0.29234466906398504,0.1456360180940166,0.18005666432020473,False,0.463599751287898,0.16225923441143528,-0.06135917647600364,True,6.804443019153823,0.17267645823387645,-0.06135917647600364,True,1
1707,0.028856690810069918,False,1.3727558484507796,0.15311298135642049,0.11625655436835863,False,0.3481051636349941,0.14690938224736452,0.19545892987498548,False,0.5000887952677981,0.16264515412718442,-0.08903382676662253,True,6.617211499609055,0.17497413162289271,-0.08903382676662253,True,1
1708,0.1085681732552683,False,0.9794245562621411,0.1523596573098235,0.10254178660507007,False,0.34286742148722205,0.14566610622004167,0.15940504154570684,False,0.5505452853233606,0.16263446358166125,-0.07046315468203135,True,6.970041914118696,0.1718225378307027,-0.07046315468203135,True,1
1709,0.14642484161689923,False,0.8331530957465936,0.15195136584176577,0.08686987929633139,False,0.25448655135418763,0.14520255727987463,0.15613649866248325,False,0.5225070357818062,0.16222293454178915,-0.07578076429837277,True,5.715293147065432,0.172485822088485,-0.07578076429837277,True,1
1710,0.09405755518603309,False,0.9192566951037227,0.15268297175991408,0.08505934310123603,False,0.3401857969225286,0.14692511457931903,-0.007075538175705831,True,0.6923580606165847,0.16434393986357923,-0.07578076429837277,True,5.362661393589221,0.17245739848759944,-0.07578076429837277,True,2
1711,0.11412420885952312,False,1.0946865347477115,0.15106599421895955,0.1045384178534311,False,0.27655193846913195,0.14573541065620205,0.09968480024831494,False,0.633278937302943,0.16248389784843498,-0.0690197529270059,True,6.536126024903654,0.171618193503611,-0.0690197529270059,True,1
1712,0.11958265607829915,False,1.0979261844452344,0.1517131159783799,0.1179101139139152,False,0.31184239269211567,0.14608307069408066,0.018352821424545418,False,0.5877518517084175,0.16397843292161712,-0.058512182600694684,True,5.642216841235926,0.172626705280939,-0.058512182600694684,True,1
1713,-0.004400291484164653,True,1.2202609473589348,0.15302073046210293,0.046439969661081326,False,0.5042820717116256,0.1472211769477928,0.057793701534749276,False,0.5174142944263449,0.16574499626837533,-0.06903620059802917,True,5.329287393444278,0.17304352220668315,-0.06903620059802917,True,2
1714,0.11364410950954684,False,0.9786256454249338,0.15219736383852717,0.1414464574725423,False,0.25501779041858663,0.14676794008570515,0.05720808225540819,False,0.6517074072229652,0.164716986784958,-0.07626614868043247,True,4.856582032102747,0.17062088827385413,-0.07626614868043247,True,1
1715,0.14210679367505957,False,0.7526010957255294,0.15242650282702436,0.12851421712714184,False,0.26238623810015715,0.14712260441825875,0.1213297696627405,False,0.4533986593292383,0.1640313162818512,-0.05962484999818052,True,5.316407340217822,0.1741740925178265,-0.05962484999818052,True,1
1716,0.08743291992015634,False,1.00669042131874,0.15241501415472056,0.14294900871272287,False,0.3711664593470174,0.14653666384387906,0.1112726454405466,False,0.46664017889338916,0.16437706563586518,-0.0782109735883918,True,6.074818883520557,0.17224083224543413,-0.0782109735883918,True,1
1717,0.13694412014579044,False,0.9205452776181076,0.15223825355809334,0.16633985700290038,False,0.2839917837623267,0.14670687312940067,0.025002953602756506,False,0.5304608643861715,0.16320820934521546,-0.06566318718959308,True,5.167203936650546,0.17126411637835165,-0.06566318718959308,True,1
1718,0.09393559765826798,False,0.9067001975701405,0.15171384181980918,0.09514742336856746,False,0.20752565752108976,0.14634018264036047,0.08165711526351593,False,0.5489792534307165,0.16322244748904974,-0.06019773727332067,True,4.414961013545299,0.17343208417055114,-0.06019773727332067,True,1
1719,-0.012680318905060273,True,1.3315946692058658,0.15336609308141408,0.05876125608180249,False,0.3274369106919368,0.1477227687557086,0.034257141188828055,False,0.6053820522745901,0.16444246370105947,-0.08656706636466494,True,6.484344378930069,0.1773669026120167,-0.08656706636466494,True,2
1720,0.054317190378452174,False,1.2023129871141736,0.1533409271382511,0.09362277273492081,False,0.46579832917549835,0.14748619610795732,0.0911829807804373,False,0.3755549567766756,0.16397857987324854,-0.06757927795826402,True,5.416562583070675,0.17352031254530303,-0.06757927795826402,True,1
1721,0.1435192836287692,False,0.9200615388432969,0.15346830967384348,0.024534293509320126,False,0.2881986172511968,0.14835785494663772,0.14534889025476289,False,0.38954083798097905,0.16483669738035361,-0.06640278902913122,True,12.187400781211208,0.18572157263326677,-0.06640278902913122,True,1
1722,0.1114875939229637,False,1.0073680761570127,0.1535618567059211,0.004100885196913651,False,0.18005873089067692,0.14784379777258277,0.07393299247915475,False,0.5018446203190399,0.16644886471652537,-0.06640278902913122,True,13.761089929289566,0.18805535169285148,-0.06640278902913122,True,1
1723,0.10051233620225997,False,1.098459891674152,0.15327093802843517,0.14576118597050397,False,0.4069504366861174,0.14636430783113866,0.11491496356010711,False,0.5059454428295602,0.16547048357728106,-0.08660025536465188,True,14.959470120867666,0.18762245954517706,-0.08660025536465188,True,1
1724,0.11902967369073564,False,0.9407894361645814,0.15271223760557037,0.11925668540323936,False,0.33789096534339236,0.1476098285372987,0.12215115882133021,False,0.4557587209116496,0.16441968596276843,-0.08022530555467955,True,9.107432780405404,0.1842252433406174,-0.08022530555467955,True,1
1725,0.05787685309755142,False,0.741508181309009,0.15356011754196594,0.13252954736157546,False,0.2908056232685745,0.14702183066101426,0.11645146457675726,False,0.360168140955345,0.16608707287730864,-0.09455567550434663,True,15.027744265484607,0.1860599729006061,-0.09455567550434663,True,1
1726,0.14233753047526893,False,0.8737274158263184,0.15133081414383992,0.11149892716902793,False,0.1905563729570856,0.1460542584622087,0.06383002451956243,False,0.5369195695423166,0.16552476775600514,-0.09905065461837603,True,11.827610085810253,0.18353360084712772,-0.09905065461837603,True,1
1727,0.06931866826399968,False,0.973148310786458,0.15278818715366757,0.11054115742643089,False,0.23761134744785783,0.14721185504486486,-0.07393075745649202,True,0.8862646897180091,0.1654775368398272,-0.08857308581249212,True,12.035241204958655,0.1865649464441267,-0.08857308581249212,True,2
1728,0.08840984539624008,False,0.8113863010943159,0.1530353552163365,0.13927377545642855,False,0.37222291855752565,0.14728925363618353,-0.10257454720822701,True,0.9688610143412639,0.16538313869455756,-0.08906712823285101,True,12.579484753332036,0.1845806612015669,-0.10257454720822701,True,2
1729,0.1677560501399133,False,1.0445716569174832,0.15075524974351132,0.020576277102903107,False,0.46713846441033136,0.14629859927888525,0.04432358606277231,False,0.644490331919152,0.16404446320471078,-0.07578076429837277,True,7.924224813918428,0.17910896829849077,-0.07578076429837277,True,1
1730,0.17263767872968344,False,1.0048916147270848,0.15133075714227512,0.1209060374963919,False,0.4259417748785348,0.1470967455156844,0.07132290641468664,False,0.5473649442029549,0.16598845869193546,-0.05652266179002163,True,6.226209947008169,0.18013135139909967,-0.05652266179002163,True,1
1731,0.002063210670859239,False,0.9046490879274847,0.15349102209963097,0.08462266910763722,False,0.3681051680763787,0.14796742914685623,0.09825198598881546,False,0.42739364005036795,0.16442652067252636,-0.073994626374,True,11.46171597134467,0.1884157951990567,-0.073994626374,True,1
1732,0.12698357120154313,False,1.061387132525204,0.15254517069063633,0.16162092202371725,False,0.2932337768992461,0.14675682450110986,0.1280321001779271,False,0.4640265327283277,0.16431441806241903,-0.0634364562598031,True,10.15304751437399,0.18592563645757648,-0.0634364562598031,True,1
1733,0.08341003682361714,False,0.712694680206923,0.15256194053451633,0.13885102256354426,False,0.18423713669277175,0.14642309734832792,-0.05721063983973462,True,0.6631067675303717,0.16400362380061775,-0.0690197529270059,True,8.7932389448262,0.18176451922282777,-0.0690197529270059,True,2
1734,0.03912842087215762,False,0.9620769311013979,0.15286405109961151,0.09196920108706852,False,0.29154060978622764,0.1474796520666814,0.15936749052699134,False,0.4644945390905997,0.16253529249528384,-0.09905065461837603,True,11.616124289290141,0.18450308830897416,-0.09905065461837603,True,1
1735,0.08843736425344606,False,0.9046441985911966,0.15129335410336234,0.10567509216260496,False,0.3568586120208801,0.14751749361947125,0.14599703723819085,False,0.4346259559277752,0.16336284135584375,-0.05867691284845378,True,6.524953531872691,0.18053900257465322,-0.05867691284845378,True,1
1736,-0.009535772397645248,True,1.350189065853934,0.1523866349607777,0.1261424096057298,False,0.34136736967418835,0.14683771653510314,0.17047636068582261,False,0.4384749774971033,0.16300003476877833,-0.09905065461837603,True,12.126117833771321,0.18780418810174881,-0.09905065461837603,True,2
1737,0.13063751535299561,False,0.853481392702018,0.15173641089146933,0.13420135027464658,False,0.23098569688495463,0.14643972865182048,-0.019410643627381763,True,0.5461865606819494,0.16439951338563744,-0.10005326139081883,True,8.098378275338906,0.18573471800502228,-0.10005326139081883,True,2
1738,0.10484513670897871,False,0.8341709850125554,0.15210126105243504,0.1689206893078138,False,0.28954533459537624,0.14673211599818692,0.11394207430123948,False,0.504494319531559,0.1643704954997129,-0.0734223933223731,True,9.207591421597323,0.1871870984217874,-0.0734223933223731,True,1
1739,0.07853837860698687,False,1.0656293208269627,0.15239665048313306,-0.002021461627100374,True,0.2861914089300588,0.14709695510325643,-0.036506355713704086,True,0.6907384380799411,0.16530242025134956,-0.09402598047771749,True,9.208196345139154,0.18576641457507503,-0.09402598047771749,True,3
1740,0.04237502457705289,False,1.0219636941428263,0.1534010798678344,0.09341648991290341,False,0.32787429901546217,0.14810370665948308,0.11040732192829139,False,0.3945566106478642,0.16702111158314023,-0.08857308581249212,True,7.42807383964961,0.18783477140365062,-0.08857308581249212,True,1
1741,0.05764920642850724,False,1.2058369065283285,0.1536286491414732,0.0810648723794502,False,0.24607578284326048,0.147489104296949,0.07588515970036525,False,0.5729233996341356,0.16591981382087334,-0.08610788143221493,True,5.546542332685881,0.18456048367777134,-0.08610788143221493,True,1
1742,0.09560347271005609,False,0.9166073340121565,0.15283152202999178,0.14869372092342437,False,0.24821507135994292,0.14616884828159488,0.09344898040844662,False,0.4817782282474461,0.16608182017655296,-0.09905065461837603,True,10.451815665558442,0.18994572320097575,-0.09905065461837603,True,1
1743,0.12385990465895402,False,0.7664274615982019,0.15241222284904704,0.16684822938307547,False,0.2967314524576121,0.14697707307547736,0.14029060858796388,False,0.5172982341389438,0.1636893175555326,-0.08660025536465188,True,7.521815472458779,0.1856879865308157,-0.08660025536465188,True,1
1744,0.07712441324571373,False,1.0118054476136487,0.1523065323303716,0.15069097946155785,False,0.27360285330124623,0.14683984556656712,0.10532994578781563,False,0.5357509077728515,0.16358607503603395,-0.09905065461837603,True,16.314296777342783,0.19172325220654002,-0.09905065461837603,True,1
1745,0.11184937098881387,False,0.9464028559104316,0.15317716269430054,0.0511349972818369,False,0.28003436631651457,0.14749968120948437,0.05557500350101108,False,0.5470759176819235,0.1659535066559839,-0.08316062339614183,True,6.837159226963309,0.18702736107566542,-0.08316062339614183,True,1
1746,0.06758584389117528,False,0.9340199869754904,0.15333518736816482,0.05257367203322716,False,0.1735409539124264,0.14805944225608225,0.09577651508338425,False,0.5080116069084828,0.16606536907645209,-0.08857308581249212,True,16.935091912396764,0.1929179744874821,-0.08857308581249212,True,1
1747,0.031988556116160805,False,0.9282275697171101,0.15315383524694667,0.07882061234284193,False,0.2833755627490482,0.14775909097410755,0.057464582188295976,False,0.40191414177354545,0.16516128544787523,-0.09555219567689788,True,21.29822044004319,0.19982260283174036,-0.09555219567689788,True,1
1748,0.14572931565974195,False,0.9903326808375728,0.15206675596554192,0.16230094183168964,False,0.28251699798912333,0.14644772076632973,0.15195201778586126,False,0.45899785616389255,0.16318994869842945,-0.08906712823285101,True,17.871320251746265,0.19335271407074056,-0.08906712823285101,True,1
1749,0.12807275866454587,False,0.9858724863129857,0.1532141281246439,0.044956572624113234,False,0.4479665906416519,0.14853977568456078,0.016531525847021,False,0.545208157453267,0.16618827882815534,-0.07780494411749739,True,44.14706603468719,0.20406649935240243,-0.07780494411749739,True,1
1750,0.037053544572631214,False,1.2347744532054161,0.15139711260793684,0.047295529508901035,False,0.5294866602042161,0.14731641219957944,0.034743429308019214,False,0.6093452048777239,0.16547378349774916,-0.08610788143221493,True,32.85956080208179,0.20023973265838724,-0.08610788143221493,True,1
1751,0.1255786752295806,False,0.9291959095686566,0.15240293311075043,0.11588988743331474,False,0.27121834906349895,0.14766193625843166,0.0726758615628268,False,0.5922424039360592,0.16388123449571468,-0.09905065461837603,True,23.097658555601395,0.19765974942191755,-0.09905065461837603,True,1
1752,0.12783341018905808,False,0.7481388622483827,0.15264704933634826,0.05909328242523271,False,0.39087605838635775,0.1478942423495636,0.10717167783478299,False,0.4396730017650905,0.16277343568546426,-0.10005326139081883,True,12.570063430824252,0.19575156328548465,-0.10005326139081883,True,1
1753,0.09099291758953598,False,0.974767188863267,0.153592752813262,0.03649133088293466,False,0.3605351581542495,0.14803116070986416,0.049165119143835256,False,0.609473185490438,0.16661416117726785,-0.0870929625432757,True,52.94627549712685,0.2142398975454941,-0.0870929625432757,True,1
1754,0.06566528017483209,False,1.0095433608394067,0.15254157194126888,0.08958055685252903,False,0.19842805623431925,0.1471828566279404,0.15412068910106919,False,0.3333446620343026,0.16255843226481198,-0.09905065461837603,True,17.20431668945056,0.19734736576147482,-0.09905065461837603,True,1
1755,0.0445950216512091,False,0.8903092602181091,0.15285037930417128,0.07344460598533276,False,0.35370055890884977,0.1477464819141523,-0.09721466696292436,True,1.3107485938875667,0.1659438388674156,-0.10005326139081883,True,42.475851667778905,0.2077486792706129,-0.10005326139081883,True,2
1756,0.13738311634047878,False,1.009991281811014,0.1511219043197228,-0.028796809869366724,True,0.36676456573413696,0.14661314592619357,0.12175703288342621,False,0.5063670791169124,0.16403169547431387,-0.0870929625432757,True,9.829610760572141,0.1889424384365257,-0.0870929625432757,True,2
1757,0.14136494558616103,False,0.8390301513233782,0.15196608324301503,0.08192518437969099,False,0.3016289794394662,0.1477111883283529,-0.10895892323990208,True,1.2917650563603715,0.1654952600952695,-0.09905065461837603,True,13.731837850331878,0.19105597698782933,-0.10895892323990208,True,2
1758,0.09400585629873037,False,0.9093830393368516,0.15384483189569997,0.071634548397427,False,0.3465299041136065,0.14839331995485192,0.06177840138223423,False,0.5559001467559597,0.1653232600108923,-0.10005326139081883,True,10.76842544153683,0.192141104697105,-0.10005326139081883,True,1
1759,0.13316018919937422,False,0.8071530594345175,0.1537414892269065,0.06591446410842106,False,0.30246254315834986,0.14815314554270673,0.041915392182582556,False,0.48595137827252266,0.16411939356547064,-0.08024201266499853,True,17.274587444575374,0.19723903165323825,-0.08024201266499853,True,1
1760,0.043651816419437606,False,1.120166542260054,0.15163014266019864,0.0016422360660908186,False,0.4601403667076722,0.14758104224990984,-0.02748805225601958,True,0.8003872650268644,0.16356076646190548,-0.08610788143221493,True,33.333811368530334,0.20001136558264396,-0.08610788143221493,True,2
1761,0.12523938517902106,False,1.017999880922051,0.15351305944438987,0.13106067570822355,False,0.33799532167814483,0.14753636368386483,0.1835540801202203,False,0.37980753127716205,0.16264435622068973,-0.09207026662698281,True,11.281317028453898,0.18902308567076856,-0.09207026662698281,True,1
1762,0.1279531627162056,False,0.7143207842806163,0.15260842197921637,0.14762235983439365,False,0.27529178656646125,0.14724673230681135,-0.10182413763837295,True,0.9136901218126294,0.16556410701542446,-0.08959325151202102,True,10.451137120780107,0.19138402632672738,-0.10182413763837295,True,2
1763,0.12117238623295962,False,0.7656192589155257,0.1524925293709145,0.10453596296288159,False,0.37301343233086315,0.14735991571449453,0.15919539873858057,False,0.47772338084571686,0.1628556329545019,-0.09905065461837603,True,10.142577868945153,0.19059438172061605,-0.09905065461837603,True,1
1764,0.047059219858982204,False,1.01923077114416,0.1538785133474917,0.1353661518205771,False,0.37812743617134825,0.1471048762788415,0.07724443844549211,False,0.45237140008494126,0.1668240873051941,-0.07302725758632556,True,7.48835731450749,0.18877112665794618,-0.07302725758632556,True,1
1765,0.14804531433431495,False,0.7387781147676344,0.1523522150858025,0.04985963816902861,False,0.23085554192920066,0.14767203310907612,0.09847662426055226,False,0.5713676376533214,0.16245256740402808,-0.08660025536465188,True,21.007342569119707,0.1899771456567088,-0.08660025536465188,True,1
1766,0.05256640208511432,False,0.9158469663765194,0.1532159380282925,0.08912222679604515,False,0.44815379587058635,0.14766800309940842,0.05611295792516313,False,0.5397551904259636,0.16375648894454078,-0.08610788143221493,True,11.20511034688369,0.19316653901928507,-0.08610788143221493,True,1
1767,0.13799529400523008,False,0.9516813242320028,0.15331379085730468,0.07198787529953532,False,0.3751029413243465,0.14848135753771352,0.054878009427826724,False,0.5684624603146209,0.1656830374421394,-0.08610788143221493,True,5.197581737584765,0.18773627976045587,-0.08610788143221493,True,1
1768,0.08469164820733954,False,0.8977895640416202,0.1522438378644218,0.09391549919297615,False,0.26597212453678076,0.1478565371408485,0.10768520231262924,False,0.5266640523775687,0.16271706873346126,-0.08660025536465188,True,16.234438938187303,0.19596377574582863,-0.08660025536465188,True,1
1769,0.14527160117905058,False,0.72900590914788,0.15102290947019592,0.10396796885939963,False,0.23356278940902198,0.14671194848250896,0.02575049992266576,False,0.6201968838595586,0.1647715458350132,-0.09253480037192963,True,24.253694047467455,0.2030201519440047,-0.09253480037192963,True,1
1770,0.11286452544931397,False,0.7834270412393392,0.15310689145287698,0.023422550616605142,False,0.20493910189941267,0.14807968811001893,-0.036436924020047945,True,1.1166952946036173,0.16540208923699504,-0.07731851895963027,True,11.742300096467456,0.19496575534877586,-0.07731851895963027,True,2
1771,0.028668362566060535,False,1.2496729541396516,0.15407316714436942,0.05574864638905208,False,0.46610390125118784,0.1475020832821344,-0.04128688650065537,True,0.7038911061398849,0.16362111533739698,-0.08610788143221493,True,9.294873952644217,0.19673971720985567,-0.08610788143221493,True,2
1772,0.07509275344985755,False,0.769608203138509,0.1527759575088432,0.08291399039733582,False,0.1735679068251852,0.14727316998169432,0.09486005274315579,False,0.5453514249089255,0.1646565490086398,-0.08022530555467955,True,5.120721962777088,0.18980843681599224,-0.08022530555467955,True,1
1773,0.015047577482579011,False,1.0288077127622173,0.1536026849749897,0.11076979146262567,False,0.29746967398103186,0.14763550213583515,0.1221887660697597,False,0.38019378528053527,0.16467023136995035,-0.08610788143221493,True,9.356868089229376,0.19732809611325258,-0.08610788143221493,True,1
1774,0.10680161803876842,False,0.9537633504654408,0.15284999737130395,0.1004230523497171,False,0.24791016551177347,0.1472571690196331,0.06153239559253931,False,0.5264150395366074,0.1643545611078417,-0.06789696455555516,True,3.7562888732276307,0.18767026003471388,-0.06789696455555516,True,1
1775,0.08943404472657646,False,1.1110296231990375,0.1534429081232041,0.018140939936591938,False,0.4247610718994008,0.14723882106998135,0.06612785720587988,False,0.5253185348134728,0.16311653401853327,-0.10005326139081883,True,21.08648724552405,0.20479856058310686,-0.10005326139081883,True,1
1776,0.06182647164862387,False,0.916671978617442,0.15426437612469823,0.026183553001122406,False,0.3087410562652948,0.14849872025420696,0.13366800250423871,False,0.4736736570229805,0.16536028994847538,-0.10005326139081883,True,14.516007574689551,0.1936244469929094,-0.10005326139081883,True,1
1777,-0.03660376602282145,True,1.3254099485829904,0.15367916386087233,0.1068752503747894,False,0.37409633771665507,0.14734520447767305,0.10839508798681396,False,0.5191408250493044,0.16409593919110932,-0.09854985976524788,True,8.238226098347965,0.19228633281339785,-0.09854985976524788,True,2
1778,0.15397393519377806,False,0.9261542598812627,0.152028789288491,0.16241790228021308,False,0.3823371758484393,0.14688369082164998,0.15914224995005954,False,0.5155513549767465,0.1632829560854115,-0.09905065461837603,True,4.642511645619937,0.18769867737178358,-0.09905065461837603,True,1
1779,0.07553629931120975,False,0.8445174355234082,0.15465855272936335,0.06295897626244595,False,0.24448852858368664,0.1482235629879068,0.11462994449448105,False,0.5134550669714704,0.16640142524396095,-0.09405792086397446,True,5.50693309977931,0.18773428299503447,-0.09405792086397446,True,1
1780,0.08278863294068783,False,1.040135810736861,0.1536185130883459,-0.004945237637670519,True,0.49901850985922924,0.148440862181486,0.057424879100105075,False,0.626692544581043,0.16474917300783565,-0.06971932145765236,True,8.781588950989832,0.18936464049150245,-0.06971932145765236,True,2
1781,0.09351571957875282,False,0.7717058185348402,0.15287064590679705,0.08719847614555332,False,0.1938769697672531,0.14624575949004248,0.1449770500153929,False,0.2921855865743339,0.16235201582567554,-0.0782916984953298,True,6.57240411767548,0.19028981669062323,-0.0782916984953298,True,1
1782,0.07796350048567546,False,0.8755940129052737,0.1549733795168819,0.07889747515144752,False,0.39783053791544143,0.1480014641705231,0.01675189157754875,False,0.6051641599185633,0.16600046093100462,-0.10005326139081883,True,4.89048683789713,0.18834433078772111,-0.10005326139081883,True,1
1783,0.00489865984968374,False,0.9738461723726939,0.15320744125718364,0.09790983723807972,False,0.3183340608586287,0.14788349471664083,0.07329070870442345,False,0.5869998822506153,0.16536223471935052,-0.09555219567689788,True,6.403972070344393,0.1899259648257224,-0.09555219567689788,True,1
1784,0.1258145034805897,False,0.8847841330909731,0.15266067676506878,0.1520635120742736,False,0.25151404682265044,0.14677646846192877,0.08912839016652496,False,0.40682372107652687,0.16407087463211883,-0.08610788143221493,True,7.528209568762639,0.18774844272392227,-0.08610788143221493,True,1
1785,0.1188803274673847,False,0.9509484083307402,0.15292474273857026,0.05546474714163907,False,0.29852140025073504,0.14794063458664114,0.04675593385165577,False,0.437581037040357,0.1636230092337097,-0.08660025536465188,True,6.297109075450035,0.1856477957230984,-0.08660025536465188,True,1
1786,0.00891674666428155,False,1.1045129997780303,0.15365159531752523,0.10715900339943246,False,0.350082397939002,0.1472399356070026,0.13743343252048085,False,0.40311753584828214,0.16389596106720805,-0.06609363365736487,True,7.320100456174498,0.18964202848224462,-0.06609363365736487,True,1
1787,0.056186636011450575,False,0.9752931806250504,0.15289902385482954,0.07760086557896895,False,0.3334258070105811,0.1480180469324296,-0.05187043074050035,True,0.6852865745462935,0.16377896101643558,-0.07003316147225724,True,7.430774043054851,0.1902558636145142,-0.07003316147225724,True,2
1788,0.07001995885017176,False,1.0984833896208426,0.15381767171433947,0.04140922007321157,False,0.2571861664936341,0.14794405321563742,0.0793404047038061,False,0.48782903222693297,0.1661417560421743,-0.05993423486102378,True,3.18456189811843,0.18105343006665586,-0.05993423486102378,True,1
1789,0.09444016976241143,False,0.9309870261036961,0.1533467313540512,0.09313232796961757,False,0.30677828968556864,0.14741396526754497,0.05695034387272668,False,0.6224211481643134,0.165126360381614,-0.10005326139081883,True,5.456249983011007,0.18552356122143554,-0.10005326139081883,True,1
1790,0.07141038460692473,False,1.1312848817444103,0.15344005051889192,-0.013697731897796772,True,0.5746382507109353,0.14874781980548873,0.023458368703718313,False,0.6624185934349167,0.1652252835606126,-0.09905065461837603,True,9.435543210101455,0.1919679622122848,-0.09905065461837603,True,2
1791,0.054574296715361736,False,1.0056370637658847,0.15386488539479254,0.07961954273784361,False,0.2801379875222225,0.14792394144939225,0.08183791648539518,False,0.4733001365079017,0.16429281032694812,-0.06667180747417245,True,7.338329987510898,0.18768479394422927,-0.06667180747417245,True,1
1792,0.03775471211306913,False,1.1428489558328714,0.15391808444075034,0.12699411075725686,False,0.25815136120376403,0.1467197830817774,0.04485435134148685,False,0.5636831537506708,0.1644091966022863,-0.06663697649731826,True,4.5467766581323,0.1819820105075919,-0.06663697649731826,True,1
1793,0.049788901355036,False,1.1310236734729746,0.15424404412274428,0.09383897679009101,False,0.33436621804736455,0.14791991837118,0.03989252639216878,False,0.6487436238104674,0.16494880785822763,-0.0970495065877206,True,5.429309334712581,0.1822979749725768,-0.0970495065877206,True,1
1794,0.07574297457742951,False,1.0602854855257904,0.1547524703222426,0.10696405273462961,False,0.3161119568206827,0.14736142470589353,0.11778442040512549,False,0.47387951500305636,0.1656098576106544,-0.08218085982020451,True,4.2301893990694595,0.1848429490246864,-0.08218085982020451,True,1
1795,0.05127678179129036,False,1.3179212601275,0.1541485204091621,0.024595853357897268,False,0.6837662452266065,0.14679846017715845,0.0347965041306838,False,0.5444852713059796,0.1664710890973452,-0.07778829343069715,True,15.315567869107126,0.193738652449618,-0.07778829343069715,True,1
1796,-0.024711955227441407,True,1.261119280318948,0.15417412719258528,0.13884640314576013,False,0.3280058538405066,0.1466842538168741,-0.08182232635384057,True,2.0322496417207745,0.1667351109888598,-0.08610788143221493,True,11.998055361090893,0.19272713429134003,-0.08610788143221493,True,3
1797,0.09362177096602264,False,0.8081466233980763,0.15442569641357712,0.07960839607489861,False,0.3273427273759315,0.14822116079829825,-0.019871360399904447,True,0.46728032380292595,0.16489941096985244,-0.07633003848906528,True,9.03110729823155,0.19108032728416965,-0.07633003848906528,True,2
1798,0.1268894333633107,False,0.7739795052586251,0.1535474506485024,0.1531089659516015,False,0.274465121289581,0.14714873569723602,0.07680605563536935,False,0.5692813617405188,0.16424670404795605,-0.06705161370404988,True,8.237737016687374,0.1853771809050499,-0.06705161370404988,True,1
1799,0.0794289026095727,False,0.9133511751131242,0.15342682381304584,0.10249827876986123,False,0.38232178605761735,0.1474744816229894,0.011280017896111438,False,0.6400699972923836,0.1642944654086398,-0.07973724336724497,True,5.424010948687897,0.18449494486218276,-0.07973724336724497,True,1
1800,0.06975306559903072,False,0.7948266592386262,0.15397859855060703,0.045929202015304815,False,0.3454104124546231,0.14894182149673138,-0.014424567162565127,True,0.6028797538486463,0.16563430875155039,-0.08857308581249212,True,10.133651895593356,0.1900056868324782,-0.08857308581249212,True,2
1801,0.07056556287310056,False,1.1246098084602845,0.15334134182837905,0.08687478295150236,False,0.36506931512155116,0.14794131497313529,-0.10594788797347776,True,0.9584503706928027,0.16552923318812746,-0.06544568636048231,True,8.386929622554916,0.18886594927084294,-0.10594788797347776,True,2
1802,0.14392813335204407,False,0.9046333763947252,0.15219240590845456,0.10809002278216362,False,0.2611924109653998,0.14705118179806087,0.05636726650261781,False,0.499231518369295,0.16341977088848725,-0.06683845821738321,True,5.603876090261134,0.1896166217676674,-0.06683845821738321,True,1
1803,0.11516409278312678,False,0.8773720523402291,0.1534064001264136,0.040488075870980356,False,0.24861133513917144,0.1481043160009452,-1.2442464187856217e-05,True,0.6001128537797777,0.1665297801986722,-0.09405792086397446,True,5.850775015484231,0.18553942100845716,-0.09405792086397446,True,2
1804,0.13002488628553038,False,0.8343194591140586,0.15358813286774475,0.04844001407708609,False,0.3430724188508658,0.1485634759378826,-0.08774141163718863,True,0.9153458730537716,0.1651646863008681,-0.07030045832758391,True,4.4884782582129485,0.1878811223039566,-0.08774141163718863,True,2
1805,0.10064978790896184,False,0.8499624568742912,0.15285299311986414,0.07048686730803233,False,0.38835817321389454,0.1480104313095763,-0.09937209200140928,True,1.504370561665845,0.166907329039156,-0.06741724073379796,True,3.4718777658546593,0.18995092615441023,-0.09937209200140928,True,2
1806,0.06804140000502978,False,0.8894841989098361,0.1546585897161561,0.07328774818305694,False,0.38752106578435486,0.14905869561482818,0.10078738300591239,False,0.45082262987054245,0.16569239158878699,-0.07126413478751847,True,6.508953452945132,0.19356556585148083,-0.07126413478751847,True,1
1807,0.10123678174773099,False,0.9008477947394125,0.15339774538655998,0.0720613201795296,False,0.2397720165176176,0.14841065587768493,-0.06458811912032947,True,0.7810380302827991,0.1647745012038329,-0.08414171365874978,True,3.6080945406048524,0.18813732515317727,-0.08414171365874978,True,2
1808,0.07929165783287062,False,0.7868273937193893,0.15420754394037423,0.054199995394242695,False,0.3698845270599984,0.14868802920844199,-0.12898901784429573,True,0.9678100453533605,0.16544797288745317,-0.0692383650711692,True,5.508215413530085,0.19108445046812986,-0.12898901784429573,True,2
1809,0.1335982872180812,False,0.8181092568083983,0.1538743189281297,0.06604051366657959,False,0.24284706870409423,0.1497536892987585,0.10351985564918742,False,0.4805104672126983,0.1659764167475591,-0.06907114960522653,True,2.528814418057895,0.1906792581722448,-0.06907114960522653,True,1
1810,0.12213762446714455,False,0.7924142438632402,0.15368313025186683,0.08317635320735034,False,0.22756565765159875,0.14832208328916674,-0.11639562828744643,True,1.3069849367341706,0.16706812242199612,-0.0890988532442456,True,3.0121527192147353,0.18573387795278506,-0.11639562828744643,True,2
1811,0.155576755344911,False,0.8365443079804888,0.152204564572688,0.09776076234640646,False,0.3412111634205992,0.14846562078755596,0.12133065042428992,False,0.33404491934345226,0.16420685682528113,-0.08857308581249212,True,3.638184096094743,0.18478200440363707,-0.08857308581249212,True,1
1812,0.02479863344719979,False,1.0215947026813987,0.15369271397803647,0.03907023128905662,False,0.3719221226484333,0.14914540001067866,-0.09418217006615637,True,0.7860653523207282,0.167680101614832,-0.07003316147225724,True,2.6739223755717587,0.1875745713490307,-0.09418217006615637,True,2
1813,-0.03176291233659867,True,1.1642774589472764,0.1538104350150599,0.05447027620573297,False,0.42073082289339814,0.14889856664921464,-0.05488995955572207,True,1.0908780324329057,0.16525913540037884,-0.0692383650711692,True,5.236881450655137,0.1909359883379052,-0.0692383650711692,True,3
1814,0.04771667430621229,False,0.9383645144106911,0.1524750736753459,0.010632104314697965,False,0.20752558587732683,0.14858489519060714,-0.07073531680122747,True,0.7783548109361444,0.16570419803260908,-0.0692383650711692,True,2.723746031180074,0.1870589691428829,-0.07073531680122747,True,2
1815,0.02901017208912715,False,1.0577465743615702,0.15481441820718694,0.07282567035921428,False,0.27377510168370955,0.14897773287285088,-0.10824669735363068,True,1.0710417588033192,0.16744908924775448,-0.0550836105714293,True,2.237762916386583,0.18931702583153578,-0.10824669735363068,True,2
1816,0.11763673642370587,False,0.7841690866998055,0.15225014818501725,0.09545256440195166,False,0.2448366045048449,0.14813376301946762,-0.07277744568913003,True,0.7152931782979282,0.1664309668573895,-0.07584461089465544,True,2.6079652048052013,0.18786687445033992,-0.07584461089465544,True,2
1817,0.14698233959232948,False,0.9457146546366102,0.1522159422835288,0.09560427666337978,False,0.3497788195841198,0.14819271596912859,-0.03894362353640701,True,0.8019343759450659,0.1663729142878854,-0.04569051698057003,True,2.3116833731665443,0.1822589680439338,-0.04569051698057003,True,2
1818,0.12936526863813896,False,0.8587099947655399,0.1523466491830867,0.040052804755242755,False,0.3538698170879375,0.14904155790994233,-0.11500538464745169,True,1.730804384896984,0.16578723412680704,-0.06200294957416197,True,2.314581854738096,0.18868827936351426,-0.11500538464745169,True,2
1819,0.006354208677709305,False,0.9612883593902846,0.1525709827974817,0.10309155410843301,False,0.25913905729909126,0.1474998992839766,0.0636391816171119,False,0.5071489001743144,0.16518156116874913,-0.0551338900022873,True,2.243952282598114,0.18341477480919727,-0.0551338900022873,True,1
1820,0.1455404742073479,False,0.8401877024619917,0.15271747825077572,0.051666584860612375,False,0.25737933717328687,0.1480180150377469,-0.11192455151027558,True,1.3575726395473715,0.1674195399993994,-0.0595728901590884,True,2.5849670382162793,0.18392612682024911,-0.11192455151027558,True,2
1821,0.061411907926432585,False,0.9953766503488526,0.15408182120589403,0.06819355343866706,False,0.3026604743906729,0.14937446312296948,-0.11731888733748785,True,2.9826949865967496,0.1663361425481182,-0.05322014913357731,True,2.098570428043477,0.18403654021847685,-0.11731888733748785,True,2
1822,0.1218156499347896,False,0.875079974875244,0.15341175985171884,0.036783211015045,False,0.37722250175703587,0.14860070512952006,-0.10649674624903671,True,1.0411584896979609,0.16654124469552573,-0.047219563149135446,True,2.1197330782550106,0.18216637685311815,-0.10649674624903671,True,2
1823,0.032301380681080016,False,1.0694831749078395,0.15292248043689904,0.07250979303280247,False,0.4426398793138151,0.14740427779415882,-0.095220826876532,True,1.0530927654430426,0.16532428614661482,-0.07030045832758391,True,2.912842635709566,0.1865241300081369,-0.095220826876532,True,2
1824,0.08790368486853739,False,0.9650406299594989,0.15373069545308482,0.07146828211962208,False,0.341293374406074,0.14973917242527193,-0.08658751403314968,True,1.4900786360710587,0.16805785056151118,-0.058019418725909655,True,2.162403845011103,0.18369373067670475,-0.08658751403314968,True,2
1825,0.1413597175130008,False,0.7233444208523583,0.15161777136675467,0.10211991579201635,False,0.3233723950846541,0.14801565116214227,-0.09937209200140928,True,1.9938807535051761,0.16581117110979954,-0.059828090702870984,True,2.115483978126854,0.1836767802311432,-0.09937209200140928,True,2
1826,-0.03457206494249365,True,1.1092350593884541,0.15343071357078492,0.09010520896607449,False,0.27880391789762915,0.148359527566215,-0.12848236836634574,True,2.290851540655625,0.16813405051776786,-0.06670489044233474,True,2.27395835704983,0.18710908000068735,-0.12848236836634574,True,3
1827,0.05298843490885663,False,1.102992941016192,0.15440911466737842,0.026568525338852567,False,0.4801512249491251,0.14930714431060269,-0.11285780451608152,True,1.8214487734178526,0.1667880699234523,-0.07584461089465544,True,2.7984727249593404,0.18438911632355742,-0.11285780451608152,True,2
1828,0.08810011002703544,False,0.8542983707792653,0.15181127902844754,0.05147869011612893,False,0.21650884843240537,0.14790665122308655,-0.11589749644274894,True,3.744757406090957,0.16763772522646359,-0.0389994851590042,True,1.9870494710032602,0.18136948030090708,-0.11589749644274894,True,2
1829,0.11280141423048035,False,1.1432278014413049,0.1529319290854963,0.028207019237021957,False,0.41485741731195125,0.14867972283079206,-0.09556017744010581,True,4.024125273114395,0.1666803836695261,-0.06899711530820152,True,2.4318419146321624,0.18428328722988868,-0.09556017744010581,True,2
1830,0.10104458689474788,False,0.8157984545083907,0.1544119106591147,0.0752094409551548,False,0.3594955854688886,0.14882757138157038,-0.10720292116826835,True,8.647001992389754,0.1678540503044631,-0.051615861792217,True,1.7924821984937727,0.1809065153513339,-0.10720292116826835,True,2
1831,0.06487015836572396,False,1.0162234396914451,0.1527950346386723,0.06505137940754102,False,0.28530294979732407,0.147722426454469,-0.12898901784429573,True,12.835032480636196,0.16743227831116447,-0.04540224937564519,True,2.4230607770223407,0.18076624692532706,-0.12898901784429573,True,2
1832,0.1610479035819622,False,0.8770843667828139,0.15182850765537986,0.11501496574849152,False,0.3476822120363787,0.1477110341685069,-0.07088753863576347,True,1.7241654844659138,0.16423921300393612,-0.03977005155287694,True,2.049096922520054,0.17720788045979563,-0.07088753863576347,True,2
1833,0.11018864216915808,False,0.9347114442606634,0.1532893848973086,0.05595257672928178,False,0.3898529453829933,0.1496114540952,-0.11731888733748785,True,4.712033280606338,0.16858548997965678,-0.032024909939251445,True,1.8381544134076515,0.18089613636235985,-0.11731888733748785,True,2
1834,0.1275592486185524,False,0.7841954241740641,0.151959590870187,0.07412257283550905,False,0.3655493693637666,0.14756825350503538,-0.12898901784429573,True,2.212374747397164,0.16605970470645492,-0.047426813842641136,True,2.228536681464925,0.1817809112948784,-0.12898901784429573,True,2
1835,0.11923548446117216,False,0.9656005737746325,0.15245306573905507,0.05981717826606814,False,0.2617694721245343,0.14722245865948033,-0.1265513660382257,True,7.609170406770277,0.16616891827406638,-0.04430128034658143,True,1.9082679662902762,0.18004056901066096,-0.1265513660382257,True,2
1836,0.04842585060753979,False,0.5294405082224685,0.15298621635768028,-0.010622400370605911,True,0.20691063038490887,0.148143444791434,-0.13305457787425046,True,2.6162337758212213,0.1677286950584323,-0.059834800272726474,True,2.361495332751472,0.17876979325125397,-0.13305457787425046,True,3
1837,0.1133184415181216,False,0.8197167996804282,0.1528918422500921,0.11765964922634459,False,0.2630385925468117,0.14720154225423815,0.0562618779536479,False,0.5700052679826351,0.16501189860047677,-0.041078121686479396,True,2.1360189843522335,0.1785364922172803,-0.041078121686479396,True,1
1838,0.1268582642372471,False,1.0674753791197644,0.1516935999693661,0.06556448919574909,False,0.4148323705972603,0.1467832609477573,-0.11589749644274894,True,7.961650797788847,0.16801684073044865,-0.05036665350563363,True,2.1793703000821867,0.17495285574223235,-0.11589749644274894,True,2
1839,0.06803459927066913,False,0.9829306305984089,0.1546438253144634,0.041642273022071574,False,0.4177568085686443,0.14923756907567065,0.06542235167093091,False,0.5172154408129745,0.16601499041668782,-0.040197748522021515,True,1.9093737464575171,0.17733903732246456,-0.040197748522021515,True,1
1840,0.17252845331577998,False,0.8977131011888235,0.15137102072210937,0.11133425087283955,False,0.2351784888325632,0.14694133328040432,-0.11731888733748785,True,3.5927363767538045,0.16504433496092874,-0.03742197276771597,True,1.8550388595402758,0.17703427811487388,-0.11731888733748785,True,2
1841,-0.027561232708790295,True,1.116399787239693,0.15237747778729627,0.09280084840690334,False,0.21042413005099747,0.14715845939170347,0.0058698857910380875,False,0.6901706348201577,0.16429480693841247,-0.05134881846205419,True,1.9391164921395654,0.17744344906556822,-0.05134881846205419,True,2
1842,0.08119513776083032,False,0.9506887468965539,0.15404144385946017,0.03948615607248207,False,0.3644954131457536,0.1490190140602624,-0.0405383946992105,True,0.7467511938520215,0.1672187278817478,0.0012033186914086613,False,1.77842666508695,0.17817214756441085,-0.0405383946992105,True,1
1843,0.10990713982338107,False,0.9419731350211775,0.15199810902133182,0.08330855361071454,False,0.2563944785923966,0.14763882301252762,-0.11699751816598103,True,1.445849762501332,0.16756158949510008,-0.03929537757594903,True,2.192364570041266,0.17775592288605738,-0.11699751816598103,True,2
1844,0.14154988402729857,False,0.7384535078155217,0.15148025219238342,0.09065989553015835,False,0.32862886601457797,0.14670534389052187,-0.12898901784429573,True,5.579024512477118,0.16926521110395037,-0.010422430423310924,True,1.8014759329781413,0.1773379919468916,-0.12898901784429573,True,2
1845,0.013248016935975104,False,1.1745553350958593,0.15277992710924976,0.09742625266182114,False,0.39989204136535506,0.14742983620396835,-0.10994612862978193,True,3.497679400235863,0.16805630057570264,0.0006715010436193491,False,1.9737386795213387,0.18016503597053354,-0.10994612862978193,True,1
1846,0.11822019710669418,False,1.0077570893128556,0.1525058876013139,0.0927626434063219,False,0.38440147627433086,0.1481940233335851,-0.12898901784429573,True,16.824911015297275,0.16930076181620538,-0.01577034178519665,True,1.8592801968612886,0.17804107378025716,-0.12898901784429573,True,2
1847,0.10618405491465743,False,0.9869020015132166,0.15219768553450802,0.12621354633609327,False,0.3202152922529675,0.14710610177658143,-0.12949601023033952,True,20.261611935691043,0.16746627296125544,-0.013453175172375764,True,1.9862715027024698,0.17903815632509862,-0.12949601023033952,True,2
1848,-0.00858911264968576,True,0.9301868948676295,0.15193397017225968,0.06961472538119096,False,0.4057457283650383,0.14837416457773972,-0.13101904715867263,True,13.566128240879317,0.1704348368090758,-0.003122641421215766,True,2.0206991317723912,0.17930970605562035,-0.13101904715867263,True,3
1849,0.07256897547553265,False,0.9628473098758787,0.152092088984583,0.12578660494552857,False,0.3634719680076952,0.14714747229684655,-0.08951663505721319,True,3.7623383797952488,0.16808810951983355,-0.010052391286799911,True,1.7650456491302484,0.17802361345888568,-0.08951663505721319,True,2
1850,0.09642945601819053,False,0.9988929449653228,0.1529208901663076,0.09268675911404212,False,0.34485106242552477,0.14794212556178016,-0.12898901784429573,True,6.101714935497148,0.16723390918041015,-0.02801470836397557,True,2.172252140719775,0.17936184300878258,-0.12898901784429573,True,2
1851,0.07080409247382513,False,1.0767895027631467,0.15409078769537854,0.015013929423254191,False,0.42931376020016554,0.14896104585922054,-0.10587502032716811,True,0.9941375083430088,0.16684988501379627,-0.018674202053932443,True,1.9269641290944124,0.18065351889848982,-0.10587502032716811,True,2
1852,0.060514899059008864,False,1.023526664699054,0.15410725652439616,0.0922375231372135,False,0.38621184450764723,0.14770705727111033,-0.11589749644274894,True,4.0438931370262825,0.16669513496020638,-0.040939052305078105,True,1.9203663799480073,0.17854531302499826,-0.11589749644274894,True,2
1853,0.03849977726043807,False,0.9351342940795253,0.15231205554964522,0.06471282327091965,False,0.24270076368791105,0.14646493724775955,-0.12898901784429573,True,8.007706162788772,0.16914249458833244,0.011433437253499212,False,1.749167024101229,0.17531160605467622,-0.12898901784429573,True,1
1854,0.10960000069716813,False,0.7632637266587912,0.15222561301238646,0.05924831353924531,False,0.3720069545661644,0.14861806578118986,-0.11561658748258363,True,3.129065397300981,0.16792445553669028,-0.0688790335352294,True,2.525761408036379,0.17984971735639757,-0.11561658748258363,True,2
1855,0.10634307464763249,False,0.9159007783033513,0.15201981951909488,0.12354150939423597,False,0.2928402062773052,0.1467056965409102,-0.08568609581644293,True,1.2892674306786975,0.16527689364756099,-0.04645393316142421,True,2.2322432336374467,0.1802670297903699,-0.08568609581644293,True,2
1856,0.1641366008417905,False,0.9056741958803127,0.15095157300369388,0.100263239275653,False,0.27739420915934243,0.14674528238421486,-0.09110175611885052,True,0.9185686390214729,0.16432119549984558,-0.0032223528699041326,True,1.454717407662133,0.17553154366909357,-0.09110175611885052,True,2
1857,0.08339424451246247,False,1.1415493190910442,0.15278210521539332,0.030466889558678045,False,0.5200415249394552,0.1474644032071963,-0.13101904715867263,True,10.88032131939957,0.16630863639449614,-0.045290264126446544,True,1.6685392789198992,0.1720843485978087,-0.13101904715867263,True,2
1858,0.11512614295465107,False,0.9765019261427097,0.15156840008470485,0.06035528416747127,False,0.26159899216241667,0.14750059123914083,-0.11170438734248189,True,4.468693286069199,0.16683940989897164,-0.01621310273787635,True,1.5389911287817362,0.18299940807898218,-0.11170438734248189,True,2
1859,0.13271333099098742,False,0.9987950278245772,0.15197515043253634,0.08929216964248549,False,0.28955046801749984,0.14791420331010763,-0.11539970151325174,True,3.661866141779201,0.16753278207114208,-0.033524999131476885,True,1.7802292649060583,0.1763830300034971,-0.11539970151325174,True,2
1860,0.06857950252113021,False,0.9576849153479006,0.1514634574923105,0.09377674803194014,False,0.28225328384529247,0.14712169065507819,-0.12949601023033952,True,16.08760404486939,0.16966843702122134,-0.05154643113795998,True,1.6099396928396899,0.18116553952629266,-0.12949601023033952,True,2
1861,0.14344457043091507,False,0.9566113696533596,0.15133909569115805,0.0941920401004615,False,0.36723899412933725,0.14771944261930345,-0.12898901784429573,True,5.793596662195702,0.16770148498422527,-0.04934955214725123,True,1.9258547282992198,0.1801053655345981,-0.12898901784429573,True,2
1862,0.14367502119294612,False,1.0591381817619834,0.15251540129840752,0.011539745443035043,False,0.4725227264289471,0.1485691623965648,-0.12705670858434992,True,4.73252722256532,0.16884492392046585,-0.02357860592479477,True,1.4188336077938537,0.17554202357728868,-0.12705670858434992,True,2
1863,0.10818821474765239,False,0.8737036602789416,0.15174265157045963,0.09527212363815768,False,0.24656263335012318,0.1483958385647759,-0.13101904715867263,True,6.743729559933507,0.17182006171151304,-0.051397853688293194,True,1.6585101126490942,0.18555961727334885,-0.13101904715867263,True,2
1864,0.09811486003555636,False,0.9499238001700134,0.15250963641586426,0.05537824306072192,False,0.400525649295415,0.1470726970449393,-0.12898901784429573,True,29.30870593074257,0.172252543376004,-0.04831853871219449,True,1.7730998614631934,0.1787665260772489,-0.12898901784429573,True,2
1865,0.06190525636298616,False,1.0696139078012417,0.15178488107155594,0.07376702096919807,False,0.32159467921852136,0.14854863909960847,-0.11731888733748785,True,9.423246410531302,0.1716908447062372,-0.05076268011607632,True,1.8291380128219377,0.1842100201365618,-0.11731888733748785,True,2
1866,0.05972476380868985,False,1.05803907785839,0.15153499317182467,0.054087460580661606,False,0.2093159482754463,0.14817000787764337,-0.1252847203531814,True,1.6792896228838328,0.1672558856100978,-0.032655616905299945,True,1.672608372557101,0.18213824327800449,-0.1252847203531814,True,2
1867,0.0721728509805003,False,1.0421468843601334,0.15055481187329403,0.08775639122980328,False,0.4434252323172967,0.14716806001492033,-0.12837733604804336,True,10.060927947290292,0.16973661543717228,-0.026875423654068697,True,1.659017087792336,0.1814014505819405,-0.12837733604804336,True,2
1868,0.11977196154630598,False,1.1793927479592976,0.15132406389342243,0.045063906050511915,False,0.28214482901141835,0.14789936838365964,-0.11300627166628618,True,1.4511701339603775,0.1658231923300365,-0.007888693791642809,True,1.7572465293475528,0.18321784411881914,-0.11300627166628618,True,2
1869,0.14235835302531047,False,0.9100386329257526,0.15251231402513624,0.10966820051958498,False,0.29119569991310135,0.14747054999863435,-0.11589749644274894,True,11.921162334992431,0.16917894006542297,-0.048021129291285214,True,1.7684139181744571,0.18356343311183965,-0.11589749644274894,True,2
1870,0.06184703776689726,False,0.8552718657188565,0.1539551165461786,0.05288380964866013,False,0.3738911170396111,0.14897555355996722,-0.03873904216089863,True,0.7150337821507677,0.16612050139054535,-0.03313299482462018,True,1.7464522383708498,0.18388561177275503,-0.03873904216089863,True,2
1871,0.09616208536201232,False,0.7990074010137456,0.15203534043429456,0.027769942041515394,False,0.2984132646491844,0.14777234039745252,-0.11731888733748785,True,5.754231065941378,0.16818110634061817,0.0028971203333193474,False,1.5459315808290808,0.18216744932251444,-0.11731888733748785,True,1
1872,0.13293629540168345,False,0.9392146282373028,0.1519000708153132,0.04137011666950452,False,0.4453560117004869,0.14834061651132074,-0.036108633710841165,True,0.7485607260532814,0.1663639014322678,-0.07258675161308703,True,1.9484947427642108,0.18254254148841628,-0.07258675161308703,True,2
1873,0.10032014789632332,False,0.9519221917835792,0.15300697204896377,0.09534885426483403,False,0.2883216396798114,0.1487582871395749,-0.11981773688655784,True,6.335000859962102,0.17076784539610662,-0.0017938025670897195,True,1.5670262237471104,0.18089312625417941,-0.11981773688655784,True,2
1874,0.11874064236664844,False,0.9285621850991725,0.1520093360837808,0.05362125064128909,False,0.49023926202590085,0.14831800984925778,-0.12898901784429573,True,11.232996300698355,0.17075446688170798,-0.005979262401331065,True,1.8392520178307392,0.18082582048654658,-0.12898901784429573,True,2
1875,0.055017108643718116,False,1.0413683073382924,0.15251621910396557,0.08040736512789787,False,0.3540207483605302,0.14832216639486373,-0.05902695576633632,True,0.7657771942594849,0.1665767873955617,-0.04957472716274902,True,1.7680069991415226,0.18303600547114468,-0.05902695576633632,True,2
1876,0.13936285829627537,False,0.899267035506703,0.1533053709560852,-0.027459687405191002,True,0.4298761983965409,0.14932892927081645,-0.12031852200977611,True,9.074426963644667,0.17195649391117923,-0.05238407980202042,True,1.753538883097443,0.1846042408281541,-0.12031852200977611,True,3
1877,0.14651241282648092,False,0.9307595204071559,0.15152161296619868,0.06595768841721361,False,0.2665943204426233,0.14852477079810694,-0.11981773688655784,True,7.539246191592563,0.16921382866837958,-0.013579851115354313,True,1.6296648269960707,0.1820019824521949,-0.11981773688655784,True,2
1878,0.07793207288374682,False,0.8156078428566791,0.15210411044522337,0.09524957384757732,False,0.37817756602332264,0.14788127524848388,0.10431413996392935,False,0.47143123526832054,0.1667609134862355,-0.05191484823593617,True,1.8326978492238175,0.18512062202626478,-0.05191484823593617,True,1
1879,0.06335245831817804,False,0.9862282066850616,0.15293946789825807,0.051025129101039624,False,0.3662128329119785,0.14874266677992554,-0.10873965102082062,True,1.9579512854342966,0.16979621066230718,-0.060334704110873494,True,1.7501578110029539,0.18474106661661607,-0.10873965102082062,True,2
1880,0.13640354725142723,False,1.1061973935099398,0.15221705536422198,0.0724217624063952,False,0.2512038318273324,0.1472532420749336,-0.12898901784429573,True,9.204913043161914,0.17143480904389824,-0.04008107940246497,True,1.6237290197013232,0.1826737514473612,-0.12898901784429573,True,2
1881,0.12506924267041603,False,0.886728823182714,0.1518953551807345,0.10851947554183955,False,0.29298405104839675,0.14770029305172883,-0.11300627166628618,True,6.750269061729664,0.16979237407494358,-0.04222946930991278,True,1.9896629797219516,0.18139262143770357,-0.11300627166628618,True,2
1882,0.0790649706307266,False,0.9299467217054023,0.15426525234080352,-0.012209710950232489,True,0.36785489568708907,0.14911528563480525,-0.13101904715867263,True,10.200831375937891,0.16917339445255808,-0.01708814441997686,True,1.478253127480147,0.18154380970474354,-0.13101904715867263,True,3
1883,0.1423798373232315,False,1.0134454748346444,0.15217630701786578,0.06374857763845831,False,0.3755488319251832,0.1474470024349409,-0.12200150330390425,True,1.7417595038968134,0.16859616703987484,-0.0004157610833717129,True,1.6071725011895621,0.18221328237706969,-0.12200150330390425,True,2
1884,0.15174958380846576,False,1.0308525677003901,0.15167366899738693,-0.006975710231428733,True,0.4094272112996511,0.14779849296216613,-0.11789204759380567,True,6.512249409980971,0.1683003756291387,-0.050411978835546156,True,1.7073100375807098,0.18246587008195905,-0.11789204759380567,True,3
1885,0.11345212904194324,False,0.8204364112157383,0.15232090664403702,0.06983640438664995,False,0.3821989501456893,0.14887453296785452,-0.11981773688655784,True,7.55413681310454,0.17149898393973909,-0.056089604447715935,True,1.6448738442108244,0.18652281919822628,-0.11981773688655784,True,2
1886,0.10045554777230709,False,1.0804807598555628,0.15317653657100244,0.014244192246412712,False,0.36740270546113973,0.14793792133317524,-0.11529650481067977,True,6.969100818093472,0.17280854806652496,-0.04733483794490945,True,1.8415925127446364,0.18483293992814243,-0.11529650481067977,True,2
1887,0.06225516550473209,False,1.141374363455433,0.15133215674709632,0.10180984308783741,False,0.302270108454606,0.1480651804491287,-0.12898901784429573,True,17.25745423609914,0.17015249830691836,-0.05463272733305913,True,1.749128087925277,0.18448181898705318,-0.12898901784429573,True,2
1888,0.07282359956816598,False,0.9885502875763037,0.15267782126639695,0.05532542822116515,False,0.4032207612422052,0.14839990265501118,-0.11639562828744643,True,1.7265020654657386,0.17125487630535896,-0.044806695623202386,True,1.9362063377580938,0.18219461648512653,-0.11639562828744643,True,2
1889,0.02864004661801567,False,1.177362533163993,0.15271675755179523,0.07679516570153044,False,0.4172821414346668,0.147780147702536,-0.12898901784429573,True,7.903412908922192,0.1694483676717426,-0.0322409757492953,True,1.6002010992016098,0.18116778975037084,-0.12898901784429573,True,2
1890,0.1474563966465447,False,0.7933136482621039,0.1513147817698186,0.10165872834898865,False,0.2649312440603415,0.1475340108688754,-0.12848236836634574,True,12.668815482603314,0.1684916973848435,-0.017758824708521748,True,1.472525117150823,0.18123972079046985,-0.12848236836634574,True,2
1891,0.06341567164426198,False,1.0794038533794552,0.1528117935843038,0.02438080846452806,False,0.3246430998631733,0.14859885375380372,-0.11120942845369819,True,1.0667459532414225,0.16847306102212356,-0.00638792024710233,True,1.7014775103797612,0.1843700835273254,-0.11120942845369819,True,2
1892,0.03617089570070686,False,1.107913564045022,0.15335326482021538,0.037074057542443306,False,0.33099404688860123,0.14878318701988857,-0.13101904715867263,True,9.914861454483262,0.17256952551556323,-0.02131342559117977,True,1.7248846806958897,0.18025385239599667,-0.13101904715867263,True,2
1893,0.023474065212691797,False,1.1352715724748623,0.15227205693358165,0.027382450326506103,False,0.36187031651552237,0.14839256708882842,-0.11639562828744643,True,4.860611074229432,0.1691836368423627,-0.04158357880069907,True,1.8101896893944849,0.1818194347593715,-0.11639562828744643,True,2
1894,0.02778829015771167,False,1.1847357025887688,0.15161440383380753,0.046511278943466294,False,0.4072254329897429,0.14908524042962934,-0.13305457787425046,True,8.990196663992245,0.17057542581037977,-0.06011893755328235,True,2.0922676217284932,0.1863280468689123,-0.13305457787425046,True,2
1895,0.12013086993845479,False,0.9280243818532705,0.1510668699449264,0.0853284257778038,False,0.24070793576787675,0.1484743659002443,-0.11589749644274894,True,8.45282388822203,0.17379831702955917,-0.042499553999617135,True,1.6338965053491838,0.18351326711274019,-0.11589749644274894,True,2
1896,0.025749679499292633,False,0.8031723626439715,0.1512086248816938,0.08218173895660502,False,0.25978267910155006,0.1483960074582002,-0.11192455151027558,True,2.899884585272688,0.1697699394974957,-0.0229554731702446,True,1.665675342890455,0.18368489649028819,-0.11192455151027558,True,2
1897,-0.02847821977856968,True,1.1390478976861094,0.15299799912045653,0.06263165232922652,False,0.40277830758806243,0.14971288769940247,-0.10972655949669241,True,1.3970538791816662,0.16838742416027147,-0.030960592115324093,True,1.8662979372652448,0.1845953950459328,-0.10972655949669241,True,3
1898,0.10792534176843693,False,0.922172775812858,0.15045923231245442,0.0663268460955353,False,0.19165426941392538,0.14755954363173318,-0.11589749644274894,True,5.650314878948339,0.16977568522968664,-0.05228673866610689,True,1.7740625577836031,0.18359083994313333,-0.11589749644274894,True,2
1899,0.12059158775912282,False,0.8130917058547358,0.15270549429024008,0.06686998561111956,False,0.2654267003585016,0.14773077881850044,-0.11036691398853216,True,1.352995452515653,0.16951746208700358,-0.031512501060168674,True,1.8393238819320628,0.18556398226313298,-0.11036691398853216,True,2
1900,0.11282442635219198,False,1.0218776239381593,0.15266429642053317,0.08286767617408403,False,0.38481346148854767,0.14850216954460915,-0.10972655949669241,True,3.590353372567883,0.1731357161287267,-0.058377818824215444,True,1.9275830547715072,0.18399347873311314,-0.10972655949669241,True,2
1901,0.1149182454045774,False,1.0262550970958257,0.15090815197966934,0.09502322843720079,False,0.3664292682362402,0.14781812860676213,-0.10804613103724625,True,3.1352781716852087,0.17127646928249807,-0.03762939091118234,True,1.851559328214754,0.18513511831303486,-0.10804613103724625,True,2
1902,0.07393355993660411,False,1.0278883626393023,0.15165821935313914,0.04112898516763153,False,0.3588725385905287,0.1477563967593542,-0.12898901784429573,True,16.537170575927497,0.1705549905201103,-0.006664767836215391,True,1.8727865325905144,0.18192071999846735,-0.12898901784429573,True,2
1903,0.12938512160275223,False,0.9350932232331268,0.15237014611570143,0.06674402210339592,False,0.22549439151914208,0.1485552783036826,-0.10523860361634252,True,0.992148820214964,0.16835854332880656,-0.020677781832109332,True,1.725649830296652,0.18456607032813696,-0.10523860361634252,True,2
1904,0.11949036023953885,False,0.9482037571297797,0.15173984587899955,0.07287847537571956,False,0.3591198616788436,0.1480666733923544,-0.11589749644274894,True,9.643660546308741,0.17049657449062014,-0.057144526615068414,True,2.0019830851140004,0.18359957661773413,-0.11589749644274894,True,2
1905,0.15100665294140453,False,0.8236464851947631,0.15197539468182153,0.0527917224016371,False,0.3447947189139644,0.1476103292846335,-0.12898901784429573,True,8.4220207433751,0.17392023109398003,-0.04387879643393766,True,1.973392832542927,0.1811591296495007,-0.12898901784429573,True,2
1906,0.07468283025452016,False,1.0555880585304873,0.15264587288255677,0.07631193319840379,False,0.3301920230504647,0.14879245003862135,-0.13101904715867263,True,24.089934911970698,0.1750403550836695,-0.012083945599798196,True,1.7191860955246074,0.1789355202269325,-0.13101904715867263,True,2
1907,0.14629356321692433,False,0.8040703786960113,0.15161465500240462,0.1205175452769906,False,0.266898867690994,0.14726008571564186,-0.13101904715867263,True,40.07249706804864,0.17303260020034772,-0.03619221505427572,True,1.756253151603647,0.17822313225794884,-0.13101904715867263,True,2
1908,0.10983020446673403,False,1.015312271431335,0.15128379375792977,0.00842776892850805,False,0.4960464695814326,0.14742965966822733,-0.08178271002298132,True,1.1646422192594483,0.16770166033004708,-0.00969783775361932,True,1.9792157300984492,0.17923926070893925,-0.08178271002298132,True,2
1909,0.008841123084727731,False,1.2209403237813836,0.15278685255978758,0.09765767675547876,False,0.27850802938313235,0.14774874427843504,-0.12031852200977611,True,6.793289344407517,0.17393225006435503,-0.03789591810046378,True,1.9714957260126749,0.18210235720729423,-0.12031852200977611,True,2
1910,0.04371025403219109,False,1.0379267613594194,0.15257046664439505,0.05047390389485018,False,0.20190590333326486,0.14766918634585213,-0.11639562828744643,True,14.434711651317404,0.17513003289819412,-0.04752803328565658,True,2.2029401153624453,0.18224243212174251,-0.11639562828744643,True,2
1911,0.10269557902031501,False,1.1118490126803033,0.15160713555198876,0.15600602266712227,False,0.3053747444976498,0.14715007969465654,-0.10895892323990208,True,4.042054122006738,0.16840213194768938,-0.04842135443147666,True,1.99093490778768,0.17786324718366672,-0.10895892323990208,True,2
1912,0.11274380422634034,False,0.9492458045341869,0.15276219300088528,0.04959266725003886,False,0.4037768666143935,0.14756849548118578,-0.11981773688655784,True,3.3059032044910324,0.17136313097395778,-0.054204169816614356,True,1.9682486945082074,0.18335738454692874,-0.11981773688655784,True,2
1913,0.04315605103868492,False,1.030548785895522,0.15158729279671967,0.10711080436398113,False,0.27281811787841503,0.14641015083545275,-0.11589749644274894,True,8.915618732230016,0.17298044636186144,-0.050920205449792366,True,2.3751784796036053,0.18192423053626067,-0.11589749644274894,True,2
1914,0.046659358355158,False,1.3390232971192164,0.15287439314600226,0.02566688401964412,False,0.48288028343480494,0.1475572593648134,-0.10300647289546105,True,1.3915686421640214,0.16844536845251495,-0.058723718361381905,True,1.7923016029336263,0.18366195260363177,-0.10300647289546105,True,2
1915,0.10114274383967486,False,0.9996510964303815,0.15343280161556336,0.062463370170013466,False,0.36306571923366016,0.14888659136321583,-0.13356432189332723,True,11.911267286381118,0.17410129161055116,-0.057934117407423935,True,1.8467465909126592,0.18260415780851724,-0.13356432189332723,True,2
1916,0.13469715302109952,False,0.7322937919169559,0.15035766330921302,0.15192347263151418,False,0.2140144004920581,0.14631714024027848,-0.12837733604804336,True,4.645060957667534,0.17057834153977608,-0.0029863655732818017,True,1.6077281429138925,0.1765035102503453,-0.12837733604804336,True,2
1917,0.11446331933823967,False,0.9081523752255685,0.15114905952116903,0.10984453207357181,False,0.2714918763807652,0.147066836212245,-0.12848236836634574,True,17.584069145245408,0.17171425383621464,-0.040076436208271504,True,1.7583639852058623,0.17822162938771446,-0.12848236836634574,True,2
1918,0.06292803671785441,False,0.9947642560487464,0.15231977532232466,0.04205885879247073,False,0.24901444495715963,0.14726162634343865,-0.13101904715867263,True,5.687180548118375,0.17205756531167976,-0.06230630485057209,True,2.182163949271388,0.18075399271788137,-0.13101904715867263,True,2
1919,0.13015858347906212,False,0.7948988348918009,0.1511768142401945,0.019501545015109922,False,0.37026068828115544,0.14690377263199028,-0.11589749644274894,True,1.7708428549085276,0.16838902641350773,-0.03838888621465486,True,2.047327578396149,0.1811704283006976,-0.11589749644274894,True,2
1920,0.15464413220825646,False,1.0433204187004002,0.15209919486337886,0.1394099991352335,False,0.3382076072987066,0.14669695718854525,-0.12898901784429573,True,2.5228682870305295,0.16871592198188534,-0.0431085034719193,True,1.8897689146547716,0.18138392317678836,-0.12898901784429573,True,2
1921,0.10116139726108181,False,1.1470840221424092,0.15320120824641273,0.06464605396080514,False,0.3585342682812587,0.1482438570612017,-0.11981773688655784,True,9.189453752280407,0.1724920816536225,-0.06397714213746108,True,1.8238111211631636,0.18435879364755053,-0.11981773688655784,True,2
1922,0.023495081993574196,False,1.108846222334363,0.15167872078492145,0.021416822109686207,False,0.4060168343598505,0.14776268623508187,-0.12898901784429573,True,3.1237553117692975,0.17126236280546828,-0.028693058253668968,True,1.6959055621484769,0.1844389307446775,-0.12898901784429573,True,2
1923,0.1448153167627178,False,0.9073651245838441,0.1505042660344697,0.11689319631712891,False,0.2716781561938002,0.14762091709108247,-0.11589749644274894,True,18.83098306058647,0.16986517941095347,-0.006469781800295116,True,1.7855613826006285,0.18075756248043867,-0.11589749644274894,True,2
1924,-0.014464712058443352,True,1.0381483079336842,0.15280854056804927,0.046112349189728064,False,0.25343613753073346,0.14833879926962712,-0.09137868515729486,True,0.7313995634927968,0.1696164611358202,-0.0635000695169251,True,1.7871206933882378,0.1839715886659911,-0.09137868515729486,True,3
1925,0.10673021035182545,False,0.8967821145201733,0.15214553056224356,0.0446249045548297,False,0.22621446626078656,0.1479940855251916,-0.12848236836634574,True,2.562985548502825,0.1703676479721954,-0.05062019036574761,True,1.870742907395444,0.18229032596134126,-0.12848236836634574,True,2
1926,0.09125655526385124,False,1.0177804751712163,0.15098747130821744,0.11624827050283804,False,0.21557895172504216,0.14722992463231188,-0.12898901784429573,True,6.106143044279938,0.17213977195987873,-0.04243973342611085,True,1.816512003559016,0.18210648688651243,-0.12898901784429573,True,2
1927,0.05669219561506422,False,0.9104126415070852,0.15227470336206475,0.049713810945854475,False,0.26523919828885734,0.14824650469640344,-0.12300636950251975,True,4.882197692331069,0.17337226184477558,-0.05009077964806563,True,2.005764587235706,0.17905923056457493,-0.12300636950251975,True,2
1928,0.1398995749878592,False,1.1081148122558622,0.15220749609650425,0.03738408126668247,False,0.3512913812830656,0.14801957619014627,-0.12031852200977611,True,5.774471300512336,0.17301980651719007,-0.03402513327055179,True,1.6733320072919926,0.1814120083621163,-0.12031852200977611,True,2
1929,0.10649056153566089,False,0.8456155418129627,0.15205411796090199,0.10847612852555893,False,0.272791289827395,0.14665293180895894,-0.11310914698347285,True,3.1473170295923287,0.1693982820088621,-0.029607506633727687,True,2.196045776662294,0.19617150864252272,-0.11310914698347285,True,2
1930,0.005008778897152899,False,1.4306703699856542,0.15225152427420968,0.0433913143830017,False,0.3556702485755332,0.14847099413296283,-0.12898901784429573,True,5.878636594057996,0.16962741752232138,-0.0525582556656774,True,2.213425657313218,0.1801423703563763,-0.12898901784429573,True,2
1931,0.05189355058517919,False,1.1854743457588914,0.15144830945615062,-0.034206307069247655,True,0.5221810577682482,0.147326337346537,0.020656727668487362,False,0.44420563224301435,0.16784321865488944,-0.06315229151793167,True,2.236384951521041,0.18367921647721602,-0.06315229151793167,True,2
1932,0.12379181996975935,False,0.9834713914989219,0.15165059401674658,0.08917042385008428,False,0.34945688413373577,0.14690022292068816,-0.09074057531598867,True,0.7586395932527188,0.16848438236145674,-0.042843518045696305,True,1.9478144980510068,0.18107621799488582,-0.09074057531598867,True,2
1933,0.11668802940050932,False,0.7051599260168036,0.15232282114327333,0.05900571092639095,False,0.2591854404970728,0.14834065230071108,0.019082795553718723,False,0.5741526651413125,0.16785752834902484,-0.047050542645908355,True,1.8492982474425772,0.18024099925645126,-0.047050542645908355,True,1
1934,0.15727973135085954,False,0.908601557850327,0.15115490808892917,0.11674578256434404,False,0.31894483128105966,0.14733409214396345,0.06030434245689731,False,0.45885276621665305,0.16795440683395135,-0.028471364283140788,True,2.1964614113384062,0.18258756541796362,-0.028471364283140788,True,1
1935,0.09484363793393824,False,0.9411261737044347,0.1524802024748318,0.007563539527110308,False,0.41648231528519375,0.1476564972752034,-0.10329095029422497,True,0.9321350584396677,0.16885408798617318,-0.01473180335782509,True,1.94773650490415,0.18080097004685405,-0.10329095029422497,True,2
1936,0.07268252619813242,False,1.0216642158056894,0.15258707295490814,0.07972799283571225,False,0.22046668755082433,0.14751566175282432,-0.078211755374889,True,0.9282872735446883,0.17025781402410467,-0.027473094267160936,True,1.9556073468955217,0.18327988084744862,-0.078211755374889,True,2
1937,0.16646113523771006,False,0.9294833495537289,0.1511698763726899,0.11657527070067175,False,0.3117730063998543,0.14721988184399704,-0.08080280050474098,True,1.0214924201079494,0.17015909995472947,-0.014658911020182575,True,1.5631571546301806,0.17931928392852486,-0.08080280050474098,True,2
1938,-0.012784763228605445,True,1.32092991568787,0.15189150624720066,0.15099244042194543,False,0.3155500183570874,0.14701774311002985,-0.07854303673731688,True,0.8824915632776802,0.16942698813805973,-0.059135820188040755,True,1.9649096596934985,0.18320865629590946,-0.07854303673731688,True,3
1939,0.11691687819655205,False,1.0656903115230996,0.15214498527375053,0.02808620887403457,False,0.3646022791916712,0.14854728544987386,-0.08525855140192395,True,0.7206371616430971,0.1686953343010662,-0.05570605200258716,True,2.0322002051224346,0.18357546720131407,-0.08525855140192395,True,2
1940,0.1537912922171248,False,0.7179422750783659,0.15174713622916813,0.044637407680184316,False,0.39589767967117084,0.147638576532381,-0.11284220566257608,True,1.3382238501994068,0.16964574785921552,-0.04192318660753047,True,1.77852628940013,0.1804883173521828,-0.11284220566257608,True,2
1941,0.18137685863600356,False,0.8608493174946374,0.15034529046585215,0.11097745942806397,False,0.44739264892437114,0.14685317912190976,-0.1013942697628919,True,1.0034740692893096,0.17031931322613422,-0.04975735577728946,True,1.888226842844975,0.18377481564436604,-0.1013942697628919,True,2
1942,0.0766527065477125,False,0.957244823719668,0.15185215808619776,0.06017364779371204,False,0.30013991458023637,0.14799233839871062,-0.10235698151280948,True,0.893977080098356,0.17084750622001232,-0.05154833856478691,True,2.0641063486598163,0.18361298672228604,-0.10235698151280948,True,2
1943,0.056513951054724454,False,1.1622101153168236,0.15258027289230375,0.09482508694537556,False,0.3025066688203364,0.14770183262235237,-0.0876993954021209,True,0.96898377264465,0.16986604799070298,-0.05245687264274723,True,1.520705476133751,0.18052101011166016,-0.0876993954021209,True,2
1944,0.09511614370799987,False,0.7976079350894647,0.15160532001032292,0.11548816832015651,False,0.36084461090236974,0.14723662170923787,-0.07939089820626166,True,0.7958534090272262,0.16916684006372007,-0.04125854953288011,True,1.608501718558153,0.181564417170702,-0.07939089820626166,True,2
1945,0.04157557548016533,False,1.054388393176269,0.15317135148464422,0.04123591069069388,False,0.4052197380334046,0.14871790350611291,-0.13101904715867263,True,2.225534926174669,0.17208897605495987,-0.036561737453638665,True,1.5116154522743397,0.18313865850001326,-0.13101904715867263,True,2
1946,0.02626800878998925,False,1.1967296768579772,0.15185076746737175,0.057401676803224944,False,0.4220906491540537,0.14779549385127871,-0.12848236836634574,True,1.9163210270934656,0.17001384607568615,-0.01976519825473877,True,1.9174927853568224,0.17985502390049185,-0.12848236836634574,True,2
1947,0.10640709700839585,False,0.861605585683139,0.15166907977386884,0.044329421405688296,False,0.21741259906978216,0.1478450619279453,-0.11341188639207445,True,1.3789038509249418,0.16862167398600142,-0.040076436208271504,True,1.8523377929384282,0.18036681067520344,-0.11341188639207445,True,2
1948,0.08487819294087517,False,0.7734455131355806,0.15240749494437889,0.0744682485347441,False,0.26960814888178297,0.14858479800790783,-0.11539970151325174,True,1.4645476277205387,0.17119756951403212,-0.04978140579194801,True,1.8428758859412548,0.18336834021589746,-0.11539970151325174,True,2
1949,0.04442053161390014,False,0.8687328909224072,0.15263601326608722,0.14796991419452465,False,0.2783319087969016,0.1460642781213746,-0.13101904715867263,True,14.953035648439485,0.17055440517487125,-0.037410905133411054,True,1.8189585416663143,0.1809083553803231,-0.13101904715867263,True,2
1950,0.11966614412014437,False,0.9561602794085002,0.15221323882117155,0.09266624117279676,False,0.34693542974487457,0.14701384586994404,-0.12898901784429573,True,11.956586956105548,0.17230839012069382,-0.04895463756617213,True,1.8629073131835177,0.18432290209369212,-0.12898901784429573,True,2
1951,0.126188763123891,False,1.0016648957596295,0.15246960396307907,0.05605686664027165,False,0.27841849289292186,0.14792737647060267,-0.003521348710190386,True,0.6068740960415799,0.1680874484398259,-0.04810645555965953,True,1.8230314123224836,0.18175560461813414,-0.04810645555965953,True,2
1952,0.1234584863011341,False,1.0655043383035405,0.15161641765742795,0.09772780321067709,False,0.3879837505950974,0.1471593808990422,-0.020751906795388853,True,0.6208147163915385,0.16783914047717707,-0.0022053188439898896,True,1.6690801028481927,0.17841653251300196,-0.020751906795388853,True,2
1953,-0.015800413053520868,True,1.1029812099373002,0.15448911754075784,0.09633913930132237,False,0.27661128180776484,0.14767531514866622,-0.12848236836634574,True,2.2690452592708446,0.171813646722354,-0.017915596009519974,True,1.8086303258982257,0.18388164874047955,-0.12848236836634574,True,3
1954,0.10483370916911794,False,0.6997520894605498,0.15285842286822154,0.07276767018506336,False,0.2659691649754863,0.14886988884351865,-0.1285575051714125,True,2.9615624596976824,0.17296779984943278,-0.047580706910686166,True,1.6669273021025743,0.18123158445004428,-0.1285575051714125,True,2
1955,0.13835179606117592,False,0.9228181262117554,0.15168862640476086,0.10237972081511743,False,0.38251692317054586,0.14743266389360438,-0.08582565860469527,True,0.8794963762113801,0.16969300667581305,-0.038842150889071614,True,1.6446410547798727,0.17939499328776987,-0.08582565860469527,True,2
1956,0.10567438404646706,False,1.0378931796710829,0.15186232776241426,0.06642019953474576,False,0.33763886429708556,0.1475432695271209,-0.06877510255977248,True,0.6547267759903512,0.16905544129759253,-0.043461773252710834,True,1.7456485053208115,0.18169229524639213,-0.06877510255977248,True,2
1957,0.13793737994767752,False,0.8445043105820942,0.1517163237999901,0.055546366902931354,False,0.3448908833898858,0.1486040381001732,-0.02562649760788427,True,0.6794120781604192,0.16873207320580866,-0.0022053188439898896,True,1.6924154815312358,0.18167182812713933,-0.02562649760788427,True,2
1958,0.13487054968185086,False,0.8814003955133205,0.15180272292856029,0.06787777103887516,False,0.2541877344767667,0.14783434242904264,-0.07506789045817486,True,0.8120195463150051,0.16617493732747707,-0.019893165318271122,True,1.536734869027058,0.17950111733760651,-0.07506789045817486,True,2
1959,0.07180696614919369,False,0.9923561680166839,0.1531692412077395,0.07072739605767142,False,0.2907184377353942,0.14757358389971365,-0.10658645278680634,True,1.1558305767486505,0.1675120825261352,-0.03830289155955058,True,1.6038035680940443,0.1779901499983035,-0.10658645278680634,True,2
1960,0.07460240647119032,False,1.1588738358828161,0.15280606873303526,0.05257930862712901,False,0.42892854064282093,0.1482236654091585,-0.04250814607054254,True,0.5525054146197328,0.1686736816101946,-0.010021466309481974,True,1.6031943725883875,0.18152454213102087,-0.04250814607054254,True,2
1961,0.05619333652242953,False,0.9339094397291916,0.1530446622305691,0.06456879248815728,False,0.2714170123980759,0.14841621462925764,-0.10721703751649592,True,0.8612703147732155,0.167179048808412,-0.0409991866649726,True,1.7849129055386648,0.17710110902351753,-0.10721703751649592,True,2
1962,0.049856631681416075,False,1.0514810247066866,0.15227002323434727,0.08671626170336699,False,0.3604730270728582,0.14828122960469117,-0.11731888733748785,True,1.5878232960608334,0.16871818685691642,-0.04250837006197494,True,1.657474733899703,0.17900930622310085,-0.11731888733748785,True,2
1963,-0.03634856043138768,True,1.168797866749122,0.15445545731508525,0.042713450457294466,False,0.32450486553600943,0.15006131253742688,-0.04437194069963901,True,0.6001018045326065,0.16933040069975047,-0.013113882031388635,True,1.3717713263865523,0.17744527190864395,-0.04437194069963901,True,3
1964,0.13987512453343426,False,0.8970186115625303,0.15197719282344846,0.10587441071967146,False,0.38236003789735196,0.146907020775921,-0.06635807512473257,True,0.7271079617395906,0.16695347665206284,0.00019133084056388583,False,1.7954695121619895,0.17783637847596995,-0.06635807512473257,True,1
1965,0.14012272582381563,False,1.0396136087835446,0.1516300760411206,0.14803199491213087,False,0.3316983909880886,0.1471870916514988,-0.08487107030142793,True,0.9271226484682196,0.1682364400836461,-0.0178783411381761,True,1.6914905847258606,0.17669986849528624,-0.08487107030142793,True,2
1966,0.09612321320843498,False,0.7183976507198857,0.1522884904479914,0.06071515034902264,False,0.2080807818648962,0.14867732769555667,-0.11120942845369819,True,0.9760660539625567,0.1691560095812496,-0.030979432064356716,True,1.4963213021066322,0.1811861053056698,-0.11120942845369819,True,2
1967,0.14173282382611568,False,0.8603041784243306,0.1528218223794333,0.10687526214364979,False,0.23517206519499712,0.14733582158610295,-0.1315274134995168,True,5.72586606311627,0.17067012680032592,-0.03405336878937437,True,1.6623954339620268,0.17828214214470822,-0.1315274134995168,True,2
1968,0.03127072579021417,False,1.2888129049493111,0.15172009003751946,-0.015198998293420307,True,0.5468764561862132,0.14792547152528016,-0.12604636528431357,True,2.375656248898493,0.16856540902430928,-0.007382456344220079,True,1.5106360139068133,0.17865004371668972,-0.12604636528431357,True,3
1969,0.03678813288799354,False,1.1363945106878768,0.1518778102609395,0.08014688544005782,False,0.4154472022786946,0.1468379886481787,-0.11459888875040203,True,0.9597680870540788,0.16899407609478573,-0.00729142934049698,True,1.5500971350382517,0.17506138255649709,-0.11459888875040203,True,2
1970,0.08775456750633481,False,1.1588616985133626,0.15171578145328352,0.1355450030164922,False,0.33456572294929576,0.14593470148891757,-0.015592985049159958,True,0.6275974672160225,0.1671841668972934,-0.005115474912460338,True,1.5167334489591195,0.1754926931038383,-0.015592985049159958,True,2
1971,0.02817504103529156,False,1.0360078224023805,0.1530741999210674,0.037644524387010714,False,0.4920017875766496,0.14802247022430803,-0.0006574521852553694,True,0.49237317504618283,0.16806035346311826,-0.00786591404705983,True,1.2772972117254229,0.17598118765747833,-0.00786591404705983,True,2
1972,0.0947629222063398,False,1.140179687940826,0.15256479824884303,0.04275300315041253,False,0.5290379145062147,0.1480864973626339,-0.002585452653921072,True,0.5723905111402225,0.168596350306826,-0.0013998024266780318,True,1.5117412461202178,0.17598456318118938,-0.002585452653921072,True,2
1973,0.11600002440889556,False,0.8651338923331051,0.1516275962779003,0.12013985536764443,False,0.31656311049636177,0.14734762209847063,-0.038453367644149306,True,0.6608230116034375,0.16770542883006345,-0.025806752790066723,True,1.4178145073810864,0.1755676740983384,-0.038453367644149306,True,2
1974,0.11360903631182662,False,1.0103681451447448,0.1521512756118894,0.15280546781444532,False,0.29911376751747487,0.14684942442713925,-0.08229739560373395,True,4.615599117140824,0.17077500873157417,-0.0267510915926652,True,1.482734427766872,0.17618373334766912,-0.08229739560373395,True,2
1975,0.07581894635041209,False,0.9951462629963039,0.1523059533461716,-0.05010956731119631,True,0.3402721795964352,0.14737162400483153,-0.08783248625483764,True,0.7425828840528601,0.16801969914623388,8.439414940331069e-05,False,1.2090511223196714,0.17430057168436475,-0.08783248625483764,True,2
1976,0.15446355746054907,False,0.9527721348233973,0.15126870902385825,0.11161816338892966,False,0.41392333263585357,0.14651853245320054,-0.11341188639207445,True,1.0204365308438363,0.16893002894143933,-0.009168407629171593,True,1.6843625600111305,0.17906984561202705,-0.11341188639207445,True,2
1977,0.14183144814731713,False,0.8741940943400042,0.1517117866999877,0.0212195673637382,False,0.26719468451323247,0.1479583680372761,-0.11639562828744643,True,3.8024921410794876,0.17102625592964565,-0.028389831901496243,True,1.3807013406588138,0.17599413178378515,-0.11639562828744643,True,2
1978,0.014426130352466426,False,1.1700924673105617,0.1521046977578287,0.1273585258322063,False,0.3718931695679286,0.1473630692042326,-0.12848236836634574,True,12.41724983803335,0.17356181963043335,-0.005188323259996297,True,1.530921174595552,0.17397307100378534,-0.12848236836634574,True,2
1979,0.1351004035244237,False,0.921131534149253,0.1514691354954823,0.10898159689157383,False,0.38826619329131584,0.1470843389112789,-0.12705670858434992,True,3.956905832323505,0.16783593926031876,-0.03457385204521468,True,1.52166586766849,0.1731849732826295,-0.12705670858434992,True,2
1980,0.029986420960809834,False,1.2396841382952672,0.15205154551216132,0.11652464139017016,False,0.460731918171277,0.14688521852461064,-0.0842549805306625,True,1.7979797684814751,0.16808032879833723,0.0029628030847765885,False,1.6858805062952067,0.17445233814764138,-0.0842549805306625,True,1
1981,0.006619008837853935,False,1.1989629373905664,0.1517113835668213,0.11529867582292497,False,0.3122368380144427,0.14744792279465668,-0.13101904715867263,True,3.359985562522324,0.1730503106900511,-0.054905740138175285,True,1.36904194330139,0.17496059909990735,-0.13101904715867263,True,2
1982,0.13587952119354668,False,0.9425452820909586,0.15348788907459626,0.07112191083623265,False,0.5204512966736488,0.1479942944761195,-0.11999584558274978,True,1.1081132332806547,0.16908980948949337,-0.04859352220588309,True,1.5449287321280831,0.16803274468001622,-0.11999584558274978,True,2
1983,0.11884934333469921,False,1.0124704733544765,0.15237172977366897,0.14978250296910434,False,0.23910126863306047,0.14657300616025354,-0.029302269852615748,True,0.6132817460652555,0.16900577474184497,0.013169058386884647,False,1.4708310207368536,0.17204731234227993,-0.029302269852615748,True,1
1984,0.063152674362428,False,1.0741496075743322,0.15289129348688987,0.09711306740105768,False,0.3320621243724955,0.14722895277938733,-0.11401133784065287,True,2.3336020262631187,0.17132063938788825,-0.02206453390684382,True,1.4154406159896409,0.17178047593344076,-0.11401133784065287,True,2
1985,0.1707652001616899,False,0.8782606715693904,0.15199039896133681,0.05690344030548955,False,0.4598763722493231,0.14807184930089423,-0.09629879219361448,True,1.5489920019708803,0.17219275967841619,-0.002259875844417558,True,1.3652258473857373,0.1720420770919526,-0.09629879219361448,True,2
1986,0.14131702201567065,False,1.019834816149971,0.1524787565603333,0.06769981341303488,False,0.47678250334398364,0.14744366775133816,-0.13101904715867263,True,2.4692657304161707,0.1731427107135757,-0.004622214546228243,True,1.4717233406040076,0.174415312010696,-0.13101904715867263,True,2
1987,0.1547686635767347,False,0.8294919314716618,0.15193340920008158,0.10875438542394111,False,0.24563311255371145,0.14766462937241337,-0.12898901784429573,True,3.4397361168801157,0.17181139277396634,-0.02647443500733726,True,1.2615349011326447,0.17422130950688308,-0.12898901784429573,True,2
1988,0.04349853908499535,False,0.9724861787754762,0.15235481416157107,0.1405832504325561,False,0.30357146854615125,0.14754590872792733,-0.13101904715867263,True,25.673077157909493,0.17503546763947103,-0.01431962724509006,True,1.6307550659761967,0.17348697609164546,-0.13101904715867263,True,2
1989,0.05496869549563144,False,1.1058727745710497,0.1516315167566606,0.10634541966977429,False,0.2760927198051579,0.14749152264286605,-0.11300627166628618,True,15.79483846761088,0.1742249573786569,-0.03270693595675889,True,1.3501465299111741,0.16941504707658656,-0.11300627166628618,True,2
1990,0.11066512590831101,False,1.1144150672713602,0.1530826925093729,0.09848228025263617,False,0.4526304170191313,0.14759968740156942,-0.11036691398853216,True,3.6964165452234945,0.17335500596030154,-0.010422430423310924,True,1.4289283970228883,0.17187353657895776,-0.11036691398853216,True,2
1991,0.086121563166763,False,0.9322686202315726,0.15319877452060635,0.14561919499514842,False,0.28771283628677313,0.146895769645071,-0.11300627166628618,True,7.271333369513663,0.17215345707866242,-0.0040947086629293805,True,1.4587369028662827,0.17028865335119242,-0.11300627166628618,True,2
1992,0.12333919328561249,False,0.8569233063128026,0.15227527997519466,0.08210445876505956,False,0.3564696382943833,0.14786151439993594,-0.1094523589524341,True,1.0270802485478385,0.16877330684164382,-0.005188323259996297,True,1.4227743478706882,0.17124823584105825,-0.1094523589524341,True,2
1993,0.15855834117962075,False,0.8823262348301002,0.15136674400012345,0.10982443254408447,False,0.35608773582868136,0.1470655312740991,-0.1084658212663061,True,1.5050904248816293,0.17140465669065258,-0.03784318391049191,True,1.6242298583770745,0.1718949819826079,-0.1084658212663061,True,2
1994,0.09567803553672116,False,0.9051096983096065,0.15105650015230587,0.1012090529347025,False,0.25777517393850724,0.14724403397790647,-0.13101904715867263,True,7.280713737471087,0.17248968421214184,0.027206737490580002,False,1.2606612013589493,0.1713017694378888,-0.13101904715867263,True,1
1995,0.09213746062873684,False,0.7274002121504983,0.15240555616527013,0.13863712778009885,False,0.3044418408316323,0.14738319110733467,-0.11749639452215754,True,1.1889993419862301,0.16983596957649627,-0.009059489608013171,True,1.500526687433334,0.17116936471624294,-0.11749639452215754,True,2
1996,0.05181466702921933,False,0.9673836581744075,0.15208439674256385,0.11247176975110601,False,0.300352687736656,0.147226629152797,-0.11450819310444216,True,8.334518571691385,0.17483547548421494,-0.04139911162391041,True,1.336230808631413,0.16919803967388325,-0.11450819310444216,True,2
1997,0.13953412626217748,False,1.0731437172069835,0.15080544082759534,0.13585675958695315,False,0.4308243399098175,0.14638968162250265,-0.11539970151325174,True,1.6682868303532463,0.169360180058043,0.01087893832160991,False,1.2327526117568066,0.1681652957313181,-0.11539970151325174,True,1
1998,0.008670523121959373,False,1.1435922324937162,0.15171869710547364,0.12971810189091176,False,0.43381351195331286,0.14663444452891639,-0.1094523589524341,True,2.0041943710843775,0.1717503521585658,-0.00729142934049698,True,1.3420810745154936,0.16985496520482102,-0.1094523589524341,True,2
1999,0.10846056505831037,False,0.914152595678354,0.15260017383375396,0.07615248610016134,False,0.28524012324807346,0.14710350098607053,-0.11949527870414722,True,1.6974087285341686,0.17051660254358686,-0.019979567631146167,True,1.3222991373374327,0.17004585401884442,-0.11949527870414722,True,2
2000,0.08513884252560977,False,1.169704281008618,0.15162383552426423,0.010018367652345983,False,0.5143221599019432,0.14702402885691804,-0.13101904715867263,True,14.48586181341011,0.17804162325214407,-0.00626163925972445,True,1.3720185605289075,0.17274850872669356,-0.13101904715867263,True,2
2001,0.006423819302241007,False,1.2418186898271717,0.15348459280939292,0.13437838453421214,False,0.3119616600668327,0.14726391664861527,-0.11539970151325174,True,6.516645905182829,0.17289802527383397,0.002834472365468188,False,1.311199327408887,0.17186508395488548,-0.11539970151325174,True,1
2002,0.11680038205016646,False,0.9611286444986016,0.15259565690187435,0.08012894009663352,False,0.32065350165982665,0.14773899256183437,-0.07594635779608017,True,0.886233331578969,0.17008861998564934,-0.004768874115613331,True,1.4082894190484687,0.17172290468978457,-0.07594635779608017,True,2
2003,0.10684851074792023,False,1.0172037225028117,0.1521183737819173,0.13382417697394455,False,0.30056581121277937,0.14690657508320204,-0.11589749644274894,True,4.7672207546116905,0.1749501899563518,-0.014549147495622528,True,1.3735078152008549,0.17216504887296175,-0.11589749644274894,True,2
2004,0.08626566441322825,False,1.0740773588583243,0.15093152084573147,-0.06437715012844258,True,0.5060141108819411,0.14701342098462034,-0.12898901784429573,True,24.682982916054215,0.17616515177309955,-0.013073806300571533,True,1.4157054181163677,0.17229333756889634,-0.12898901784429573,True,3
2005,0.1547297309130305,False,1.0250258865324549,0.15153570023039978,0.09763814428247924,False,0.27267747480849347,0.14641586063053816,-0.11981773688655784,True,4.554349385212979,0.17224383716558014,-0.01183842516512068,True,1.3877371176278737,0.16869204326395504,-0.11981773688655784,True,2
2006,0.04267256538254216,False,1.0846692442033632,0.15309872968998783,0.05395747952404262,False,0.41034757209668915,0.1470744053610149,-0.13101904715867263,True,1.9068402502671908,0.17289054789094704,-0.015088468466847416,True,1.3560945327110225,0.16823942075996956,-0.13101904715867263,True,2
2007,0.09339417583771992,False,1.0127533522189656,0.15116148499133264,0.09330719097173723,False,0.33284098761117265,0.1475379880886617,-0.12484086793466698,True,7.457356618844576,0.1832400252482527,-0.0019925782529657265,True,1.4027266896007062,0.17045650864670908,-0.12484086793466698,True,2
2008,0.05196059598225533,False,1.0793504063238215,0.152165404186148,0.07696409085546208,False,0.36419330787395476,0.14681676849496017,-0.11300627166628618,True,4.8529003442783125,0.17656372913778445,-0.005550012980732988,True,1.2255706773212731,0.16927231212467225,-0.11300627166628618,True,2
2009,0.09456507113513984,False,0.7844299837626141,0.15173374794865063,0.04932103426645684,False,0.43673338861705857,0.14673873500466098,-0.13101904715867263,True,10.132473513333458,0.17691220045491374,0.00715383379713197,False,1.2443599553269609,0.169297583628905,-0.13101904715867263,True,1
2010,0.13546548102944805,False,1.1216210075157584,0.15291005057543416,0.10641574278715632,False,0.4288270053055081,0.14736032390340792,-0.13101904715867263,True,4.858705188267149,0.17829545762294552,-0.04542799757378457,True,1.7332535771312325,0.1706482184730802,-0.13101904715867263,True,2
2011,0.025275322411466017,False,0.8528539768408825,0.15368243927383937,0.16712786382238243,False,0.34009792427018537,0.146825617365483,-0.11589749644274894,True,23.685019090547073,0.18253786089432356,-0.013010376649531197,True,1.171680053469037,0.16934366261347342,-0.11589749644274894,True,2
2012,0.15494177471505421,False,0.987240264389811,0.15241248169657326,0.11165812285764992,False,0.43202685967392673,0.1466529749506115,-0.12898901784429573,True,5.259530385687137,0.1779878498800117,-0.00013285596000467415,True,1.356494361002556,0.1685675334612842,-0.12898901784429573,True,2
2013,0.10786241021384513,False,0.7951541531208652,0.15264013294767168,0.036444163954993614,False,0.3339703967772263,0.1473359369777678,-0.11490224327107967,True,4.814573790456647,0.17861684274422157,-0.04484870319793277,True,1.459912042501721,0.17033461248720605,-0.11490224327107967,True,2
2014,0.015887459911258395,False,1.4234359415062436,0.15338220642389722,0.06284659220176414,False,0.4766271581622321,0.14756277944109053,-0.11589749644274894,True,6.4703342245727145,0.17759457983388088,-0.0409991866649726,True,1.8651963803422493,0.16938181751312703,-0.11589749644274894,True,2
2015,0.09695014679715097,False,0.8731198844342107,0.1521085477549476,0.09791398806684459,False,0.3651427198987214,0.14704967794168705,-0.12848236836634574,True,24.551935210336847,0.1832051814810038,-0.0009152244656600583,True,1.356759337533937,0.17163517602130388,-0.12848236836634574,True,2
2016,0.12463129250801308,False,0.9245308756326196,0.15344302769207052,0.06827726877176932,False,0.33424733627124414,0.14725642577106418,-0.13101904715867263,True,37.73261701064772,0.18331197142247851,-0.01954509414140415,True,1.4485673639575314,0.17284428230577786,-0.13101904715867263,True,2
2017,0.049386959813286446,False,1.3341485205738772,0.15248288573180274,0.10168627329974522,False,0.47203987932550917,0.14694069860249676,-0.11500538464745169,True,3.1183537657654257,0.17738369029711187,-0.008201331018593994,True,1.5769860529445419,0.168589378255934,-0.11500538464745169,True,2
2018,0.1091590189634351,False,0.9774356543171387,0.15349290366426416,0.06147760298229554,False,0.3509665517153888,0.14735105666841522,-0.11981773688655784,True,5.154412536236734,0.17648236881495122,-0.044602113150581824,True,1.2520857996723427,0.17327458818500535,-0.11981773688655784,True,2
2019,0.1392646127568163,False,1.098973143188232,0.15238128056728492,0.16756862054821092,False,0.31385234227195746,0.14683659685148354,-0.13101904715867263,True,8.164729682093983,0.17793045398805818,-0.04762438768943311,True,1.855021768434837,0.17319018338858744,-0.13101904715867263,True,2
2020,-0.015623413692200105,True,1.3087877668044783,0.15242820478916297,0.15645568834408768,False,0.32873142887449136,0.14700625643551768,-0.11589749644274894,True,13.458072909106743,0.18277120557723353,-0.043728453386247756,True,1.8974001241966056,0.17284322690555837,-0.11589749644274894,True,3
2021,0.10341424476658528,False,1.1145690057292694,0.15292001421307297,0.15577346676030246,False,0.2307563530533152,0.1466470508654807,-0.11589749644274894,True,5.852383417187974,0.1774498532836344,-0.023288944519454846,True,1.6198726725241057,0.16649516422088512,-0.11589749644274894,True,2
2022,0.09858342532836789,False,0.9303593983366529,0.15297465392403334,0.05514494122269209,False,0.3832842263795453,0.14809829230872512,-0.12848236836634574,True,34.3705038929557,0.18616990346282403,-0.057651628860945325,True,1.7353010425530102,0.171729414330755,-0.12848236836634574,True,2
2023,0.12676478178563144,False,0.9211881679890526,0.15268471981357318,0.16173330058093832,False,0.28318534293469044,0.14664216735805918,-0.11981773688655784,True,11.371847820337084,0.18118911931302137,0.0022626226609143707,False,1.287843428622506,0.17136854942224827,-0.11981773688655784,True,1
2024,0.14978613279658176,False,0.8589084382622207,0.15154926796553436,0.12893891370063293,False,0.24538669208094133,0.14710734432077696,-0.11351481862863877,True,9.765947687703676,0.17805862854334747,-0.051690007304696306,True,1.728878530968251,0.17284420520786972,-0.11351481862863877,True,2
2025,0.04775864256012197,False,0.7410243238610075,0.1528702824790331,0.07244913718795787,False,0.45745326010765996,0.14741751175570209,-0.11589749644274894,True,15.62466442953646,0.1780360365222679,-0.02613241365657548,True,1.6711449903977704,0.17364360399374962,-0.11589749644274894,True,2
2026,0.02840623716158508,False,1.38869456803811,0.15133804745401588,0.15492087561140766,False,0.3347437937957991,0.14670702024741344,-0.11450819310444216,True,3.2910011699280477,0.1783579887997719,-0.017944398270800632,True,1.4156113345746397,0.1705562527869418,-0.11450819310444216,True,2
2027,0.12000083116066113,False,0.8885504658987606,0.15312921970748375,0.07029461083378952,False,0.3788678413564579,0.14777389009575692,-0.12848236836634574,True,18.95693774027596,0.1830308254787736,-0.013000151735139798,True,1.3941307168553556,0.1709224068043495,-0.12848236836634574,True,2
2028,0.1420409935518337,False,0.9893126594730943,0.15203366010843178,0.1463216205394342,False,0.34654549686850866,0.14647092111486598,-0.11639562828744643,True,3.994134924239152,0.1751065733189969,-0.0474889603081724,True,1.5139668462492692,0.17182321080222018,-0.11639562828744643,True,2
2029,0.13004285180557146,False,1.0085148992046593,0.15229190859794767,0.09671645950362368,False,0.3033144599915023,0.14809302881685077,-0.12898901784429573,True,16.102807284866163,0.18138665252232417,-0.0173130121927918,True,1.4413120356117721,0.17284703705240334,-0.12898901784429573,True,2
2030,0.09658198231210924,False,1.0203727375036773,0.15203538569814712,0.10062203678221182,False,0.28823233633116296,0.14799298431402272,-0.13101904715867263,True,14.04434463059713,0.18329685923964212,-0.033957348033934576,True,1.7671869273318488,0.17287862603244342,-0.13101904715867263,True,2
2031,0.08184849720744714,False,1.025178638149722,0.15405238012958644,0.08476620935397966,False,0.22997686208032153,0.1472414741635128,-0.12848236836634574,True,5.755355905603762,0.17914972949315805,-0.02286910850030288,True,1.5433728124448636,0.17102330152715486,-0.12848236836634574,True,2
2032,0.022148344512054496,False,1.2422867632498327,0.1538142811730525,0.011620436165426962,False,0.5401431350598727,0.1475642148555284,-0.12898901784429573,True,7.104598437571173,0.18164737708142198,-0.04563560804267297,True,1.495776194963364,0.1748666959585778,-0.12898901784429573,True,2
2033,0.06656271151343962,False,0.9618172104251783,0.15315525673764022,0.06097679842345871,False,0.34766792860107754,0.14776375369513126,-0.13101904715867263,True,12.073472507620128,0.18402794345585088,-0.023273229482204116,True,1.3975774471518974,0.17324242425662623,-0.13101904715867263,True,2
2034,0.11460442799564396,False,0.8639789762934378,0.15240587735052435,0.1334463001161209,False,0.2642463692716617,0.1472927028008022,-0.12898901784429573,True,2.572082924756697,0.17557051580685035,-0.021735452885409456,True,1.5901690473239554,0.17210361442258695,-0.12898901784429573,True,2
2035,0.13892435561033067,False,0.7291442955526055,0.1521552553088005,0.05662762522685816,False,0.40304809742680137,0.14745193535880885,-0.12898901784429573,True,5.527520815431339,0.17646656682209663,-0.012487892931464462,True,1.2662451539722794,0.1707529008488453,-0.12898901784429573,True,2
2036,0.1403922517936152,False,0.8383372308761368,0.1528553558238822,0.09068503863884408,False,0.2660730308149497,0.14795679698478126,-0.13101904715867263,True,9.631749251514911,0.18119558652930423,-0.022512989559402286,True,1.505496450698201,0.17308302937647732,-0.13101904715867263,True,2
2037,0.11910750086808797,False,0.7685234162309587,0.15098505257746236,0.06607686525662904,False,0.30775272556330235,0.1488832962831926,-0.12031852200977611,True,6.739534031063996,0.17857453405874213,-0.037516412025167534,True,1.5028204248487937,0.17454576409130645,-0.12031852200977611,True,2
2038,0.13797975237473087,False,0.8907306224267324,0.15210442828761922,0.0637744771681914,False,0.2259487165621541,0.1480066342776373,-0.12848236836634574,True,21.615120274764706,0.18039592467426407,-0.02141755296476988,True,1.4114428090622857,0.17312685832815655,-0.12848236836634574,True,2
2039,0.11079655391312643,False,1.1647399192908423,0.1526964123185,0.12651744874135656,False,0.2595401287303454,0.14703726074207307,-0.11300627166628618,True,11.23603199810644,0.18069784128776026,-0.013000151735139798,True,1.3621698529202027,0.17108028036740183,-0.11300627166628618,True,2
2040,0.01801726210893051,False,1.2502051499807547,0.15466182101580844,0.10202853969895448,False,0.30079209286272457,0.14746717105096763,-0.1094523589524341,True,8.39250415447928,0.18067627809263648,-0.013725740219986293,True,1.0873248822607768,0.17429709303887742,-0.1094523589524341,True,2
2041,0.034840447144930065,False,1.1065306453617887,0.1533473376195478,0.08185143773678721,False,0.26429724098997776,0.14901446431359844,-0.12333035850267893,True,4.647138250657171,0.1791770103170268,-0.017545347516165655,True,1.2219823278913333,0.17408207441155996,-0.12333035850267893,True,2
2042,0.08116543996326475,False,0.9497774020241652,0.1530510392620238,0.10153975753796718,False,0.29203719533750916,0.14670590074329057,-0.11731888733748785,True,3.8616996228687817,0.17519290712066912,-0.01351674965710059,True,1.451329101488478,0.17378046780035064,-0.11731888733748785,True,2
2043,-0.009052580334649951,True,1.3810615756057976,0.15426010400088197,0.11914049376350322,False,0.26731776872559254,0.14757209644154556,-0.12898901784429573,True,5.652208699282653,0.17616949138898863,-0.021260362175066105,True,1.3371875059067855,0.17348590313993328,-0.12898901784429573,True,3
2044,0.05604874630675072,False,1.05459017022483,0.1534932032712459,0.15663161413454568,False,0.24361818842976013,0.1470087203454218,-0.11589749644274894,True,8.662883114416982,0.17762085241137415,-0.024945346608405083,True,1.3764697377395598,0.1721251635204967,-0.11589749644274894,True,2
2045,-0.002961664390158325,True,0.9137793982375708,0.15327130260978702,0.05785259435686396,False,0.2418847783603797,0.14762478715899163,-0.11731888733748785,True,16.30030206393409,0.1818080960912096,-0.0014000342011344369,True,1.3191288164020731,0.17231518955060568,-0.11731888733748785,True,3
2046,0.03983485770864348,False,0.8484085700716544,0.15549254227877962,0.005489990384306531,False,0.20365616423881372,0.14981281560614443,-0.13356432189332723,True,11.454679300407133,0.18096470333316167,-0.0026627406158464817,True,1.2782564363994537,0.1749079296712363,-0.13356432189332723,True,2
2047,0.15487991926859174,False,0.7487388698103365,0.15283795624921137,0.05820103165320922,False,0.38684805471593653,0.148716017128391,-0.13101904715867263,True,14.017438908113762,0.17678740423499123,-0.008827871819171107,True,1.3705922680321114,0.17097121557227452,-0.13101904715867263,True,2
2048,0.1273703929520621,False,0.9378543732715949,0.15237213333675687,0.1275694512046538,False,0.3403564665466914,0.1470050300151312,-0.12604636528431357,True,8.241617668259043,0.17543793871239272,-0.003325151424025341,True,1.3143116471280436,0.17047600817136052,-0.12604636528431357,True,2
2049,0.15335846497497413,False,0.8012430556727879,0.15192406287054078,0.06118374436981422,False,0.197709103950366,0.14800902617638814,-0.11192455151027558,True,7.593748025227063,0.1751922815257892,-0.00296064257836004,True,1.3206381317047313,0.1717247282364388,-0.11192455151027558,True,2
2050,0.09995119708984856,False,0.6203580283834813,0.1526375880040261,0.05357417244669371,False,0.3552123709103612,0.1481392406554421,-0.13305457787425046,True,10.219181316865406,0.1827456209779412,-0.02267623881519054,True,1.2845845119556172,0.1737020158104723,-0.13305457787425046,True,2
2051,0.09539841281470696,False,0.9048544229805147,0.15423936942477773,0.06448943496624637,False,0.3217994178629673,0.14960576378256263,-0.13356432189332723,True,8.547686696597188,0.1781623324682416,-0.03121634236009241,True,1.2443835125354266,0.17630138904372933,-0.13356432189332723,True,2
2052,0.03010919892282027,False,0.8351780159299145,0.1549810178615325,0.05307964491518691,False,0.3037412108110731,0.14972539732617207,-0.13101904715867263,True,7.5912861546811605,0.18434664167026088,-0.000954769903642072,True,1.3799326773829907,0.17577351573702638,-0.13101904715867263,True,2
2053,0.05266014648608186,False,1.1844042427884331,0.15254427846739954,0.0796718951399471,False,0.31683397481961073,0.14862015975752005,-0.1056598754833723,True,3.7571057015690563,0.18072362212478338,-0.026127879363806117,True,1.3785687188475277,0.17513402972034817,-0.1056598754833723,True,2
2054,0.08291975505046278,False,0.7044888607615298,0.15262131728856662,0.034287213189035604,False,0.18704508884876336,0.14878487354057185,-0.12898901784429573,True,18.138809234751157,0.18202543764161327,-0.039910681225069244,True,1.3966129491618475,0.17538052303102536,-0.12898901784429573,True,2
2055,0.06139495868915035,False,0.9576038798959103,0.15341381707955737,0.04067079325810674,False,0.2780634205509189,0.14794341445112374,-0.11731888733748785,True,7.869854726537152,0.17832416165429915,-0.014991463021811202,True,1.596736161749058,0.17533762027042518,-0.11731888733748785,True,2
2056,0.1201873484504612,False,0.7493284911117519,0.15424371516136176,0.03344417769225594,False,0.23803294090035187,0.1494086216255241,-0.11589749644274894,True,28.226570326851796,0.1889848412773574,-0.007517494390333002,True,1.4997850448417895,0.1756288943492893,-0.11589749644274894,True,2
2057,0.08744464024370802,False,0.7644211893058663,0.1538842218918316,0.07070912496747384,False,0.2621812806275987,0.14996371134271097,-0.11529650481067977,True,9.010291012594735,0.18213292790607125,-0.05329463015485214,True,1.5176031298847596,0.17615628297401392,-0.11529650481067977,True,2
2058,0.0916098459487138,False,0.929809871686051,0.153615780188817,0.00513177235309159,False,0.26191766107819037,0.1492104717525581,-0.10895892323990208,True,5.523153722528395,0.1800934745634364,-0.028269315600998768,True,1.2372085203604062,0.1748443421345919,-0.10895892323990208,True,2
2059,0.11981348447250478,False,0.9129488788635698,0.15287034559979748,0.024430699970654057,False,0.12317595130900227,0.14820035616632038,-0.11589749644274894,True,36.1547677635833,0.1822113657179105,-0.008259204062714964,True,1.2655868966618757,0.17252425025309576,-0.11589749644274894,True,2
2060,0.09857428737524176,False,0.912399621815311,0.15328197043081412,0.11564859160456603,False,0.312633668419116,0.14846135847735414,-0.11981773688655784,True,19.254024688348277,0.18615140995060248,-0.011085356846107564,True,1.1055838522985637,0.1730032985817352,-0.11981773688655784,True,2
2061,0.1251473547739852,False,0.8085614413396243,0.1530260483188342,0.042125113445321216,False,0.2992686467364303,0.1480712008544906,-0.12031852200977611,True,9.497535145701473,0.18007615514975323,-0.056966877744167976,True,1.43224726953218,0.17440816316841165,-0.12031852200977611,True,2
2062,0.0770304451412469,False,0.6950958809740635,0.15336513815672068,0.04927894779821729,False,0.2619668814136913,0.1491006388410731,-0.11589749644274894,True,10.336509872043678,0.1807883079800854,-0.037985366748977234,True,1.287144718041803,0.17672144792820949,-0.11589749644274894,True,2
2063,0.1396933482825058,False,0.9026828771787996,0.1527621116510276,0.06296320230252506,False,0.30538919623553484,0.14829499675866936,-0.11981773688655784,True,27.66713527357811,0.18673772883664655,-0.05349388415849421,True,1.450774264915597,0.17687104060369027,-0.11981773688655784,True,2
2064,0.12292249050981519,False,0.6404344399636468,0.15243159467193468,0.019796475523676027,False,0.1838476111922065,0.14894067273033623,-0.13101904715867263,True,29.193587525883167,0.1841144159617204,-0.011877778173902453,True,1.478546879916295,0.17603114378850865,-0.13101904715867263,True,2
2065,0.09084481172501391,False,0.7669963097900665,0.15225314435473075,0.06890478868902494,False,0.24956086515224962,0.14896189758295064,-0.13101904715867263,True,27.324296637961087,0.18327487564157463,-0.01329577785540248,True,1.4809520813075392,0.17639725812981996,-0.13101904715867263,True,2
2066,0.03843522688400647,False,1.0282700245184548,0.15349651879664705,0.0805400925544067,False,0.27669647811582365,0.14848200329767647,-0.13101904715867263,True,8.926442652309461,0.17875701586559734,-0.009098410419654646,True,1.3056617983465486,0.17497103935926403,-0.13101904715867263,True,2
2067,0.13402555337385608,False,0.9623565080829211,0.15329974450185213,0.09194448422537616,False,0.3491095633073782,0.14894824198007142,-0.1094523589524341,True,3.2554683722555775,0.17775374875907238,-0.037659727009420774,True,1.4488281674939931,0.17444218558381924,-0.1094523589524341,True,2
2068,0.1428216277882542,False,0.8249538329888613,0.15166161975083198,0.008052025585681744,False,0.2067517382847528,0.14906048187836676,-0.12898901784429573,True,17.458560123564343,0.18073483474653218,-0.01689501944293481,True,1.3296625969274731,0.17645505838997097,-0.12898901784429573,True,2
2069,0.08963220707547381,False,1.0041740497413596,0.15356480863986155,0.0544364510598252,False,0.4466816490936467,0.14871520271974759,-0.11589749644274894,True,4.140152650483336,0.17705323861173156,0.003418958612205536,False,1.4405372329514439,0.1773503348276157,-0.11589749644274894,True,1
2070,0.11345074692344231,False,0.8545347468909492,0.1537818318111917,0.08879953953735947,False,0.2927444002959101,0.1489190699028732,-0.13101904715867263,True,8.780530788368342,0.17860351289427748,-0.0018726760431164724,True,1.2348525326035196,0.17675123562664335,-0.13101904715867263,True,2
2071,0.03959428417520994,False,0.9505367929572273,0.15349269980905478,0.058826623651514476,False,0.18396565976748214,0.14800154336787574,-0.10558703674272962,True,2.8450303806290678,0.17910200758157388,0.0166151616608754,False,1.2276486710838035,0.1778220928761779,-0.10558703674272962,True,1
2072,-0.002324175976198828,True,1.2879813708762682,0.1523850793216434,0.03207395148899428,False,0.4600222710822732,0.14857704245692138,-0.11981773688655784,True,10.46831275103381,0.18046498326129953,-0.026844849345030397,True,1.3369849095094768,0.17356221891916873,-0.11981773688655784,True,3
2073,0.1013272174327734,False,0.9747013654805541,0.15393441418282777,0.06085571505026055,False,0.36803564685853174,0.1495205617967597,-0.1094523589524341,True,1.0537768490792925,0.17705436382536943,-0.0021269443633751273,True,1.137044047004462,0.17739253402002286,-0.1094523589524341,True,2
2074,0.1485757885742658,False,0.6812213754253471,0.15209201474554898,0.07986343476390173,False,0.224118909185256,0.1485401421944147,-0.10895892323990208,True,1.8635733836653334,0.17764212937328133,-0.0352217834292512,True,1.371452624795801,0.17859894645299085,-0.10895892323990208,True,2
2075,0.054711534304980214,False,0.8953080422654305,0.15280648307323108,0.0012899752248933805,False,0.20397677958632832,0.1489515019555987,-0.11731888733748785,True,1.6490005827743266,0.1779897743322622,-0.022859276569266784,True,1.6539564249139365,0.17657108031316304,-0.11731888733748785,True,2
2076,0.04854501321359406,False,1.0936338471108877,0.1515460312837695,0.08439567345628596,False,0.36779636605838495,0.14842894432646886,-0.11192455151027558,True,1.5655804504417539,0.17838874849675396,-0.021141128731896774,True,1.2220186897285465,0.17363798783928103,-0.11192455151027558,True,2
2077,0.11452044105694426,False,1.0019464739730528,0.15271214688124146,0.05061072270102307,False,0.19891622321833857,0.14915801734522988,-0.11731888733748785,True,3.77853051060458,0.1832481111397339,-0.0051495111196048216,True,1.3750185429721453,0.17869239769589035,-0.11731888733748785,True,2
2078,0.07289381890602109,False,0.9638235035657303,0.1538052588600044,0.05698145414358868,False,0.2849049761524618,0.14919410223260088,-0.11192455151027558,True,4.092138513718581,0.18268539286867796,-0.02514154767880772,True,1.2174182349054776,0.1783040473375151,-0.11192455151027558,True,2
2079,0.10566395586189903,False,0.9519186508937396,0.1532408163536086,0.018167366184387634,False,0.2541964290414904,0.14925200561531565,-0.12898901784429573,True,4.834088036202874,0.18169848647479214,-0.0001595962394183026,True,1.2897852618250552,0.17501908715914605,-0.12898901784429573,True,2
2080,0.05969195235066638,False,0.924238649735504,0.15230030186269794,0.0738050520305179,False,0.29092755701651374,0.14959594907655716,-0.11301863524110867,True,6.413462100573128,0.1848817728538079,-0.0009900886390245,True,1.193259337410002,0.17696393159892648,-0.11301863524110867,True,2
2081,0.08454878023733214,False,1.036593304154814,0.15320983927449502,0.05782690461609552,False,0.23642482282701338,0.14977625740625744,-0.13101904715867263,True,1.11132394968788,0.1798875693460364,-0.018644911577177292,True,1.2929279646480358,0.17642643172251635,-0.13101904715867263,True,2
2082,0.10890787522619622,False,0.9940041200446188,0.15245053350314497,0.0977586991435071,False,0.2662119251644708,0.14844324281630428,-0.12898901784429573,True,13.26393255314881,0.18667086735022098,-0.0027733668024880753,True,1.2938459399420719,0.1741583177990222,-0.12898901784429573,True,2
2083,0.06668138723803696,False,1.064171984618822,0.15309005245334822,0.05615808447617121,False,0.21596999436922815,0.14980149331804504,-0.10904893376264113,True,3.5121137852888524,0.18401648068304122,-0.013350423145971457,True,1.3356140779787866,0.1734581881778492,-0.10904893376264113,True,2
2084,0.05503291855216119,False,0.8837204543792039,0.1522637067062817,-0.044200527168124504,True,0.4567415692962915,0.1498170222393435,-0.10895892323990208,True,2.806291028592462,0.17975500035553732,-0.0489416744793123,True,1.1399906392509838,0.17475544628755854,-0.10895892323990208,True,3
2085,0.05643068083592884,False,0.7368152356670536,0.15219117916906677,0.07106659602485665,False,0.2288599589858995,0.14800306795594834,-0.12848236836634574,True,1.7015588720868,0.1818629822834265,0.0027765584549926947,False,1.5699276779774691,0.1729355049369924,-0.12848236836634574,True,1
2086,0.12799103515098897,False,1.020966637859374,0.15230662227718816,0.08352106711839158,False,0.2528118262045571,0.14886277918113783,-0.11981773688655784,True,4.9688031587608545,0.18522243769091923,-0.0013250010690567526,True,1.329523626128558,0.17587483532003317,-0.11981773688655784,True,2
2087,0.1272665103255624,False,0.6427653807975084,0.15156450508039748,0.07520847421656585,False,0.2014388486051344,0.147546740606549,-0.10371509425551295,True,3.904626295882369,0.1807254150869066,-0.006916925546738728,True,1.2610196792778283,0.1738041265974959,-0.10371509425551295,True,2
2088,0.12831594364973709,False,0.6824992370953462,0.15204580797128212,0.011705832856800935,False,0.150832976768154,0.1489843535017638,-0.11192455151027558,True,4.311069161949556,0.18177047393700202,-0.010468845750629008,True,1.3145548499831103,0.1722791756986037,-0.11192455151027558,True,2
2089,0.12977442119841537,False,0.7963207871732487,0.15273708180528645,0.06465797174149779,False,0.32055826294572265,0.14897955199122592,-0.11241999440525041,True,3.192696652805317,0.18108312585262087,-0.00870689086698584,True,1.3883875866211457,0.1744352617667819,-0.11241999440525041,True,2
2090,0.13470218390215438,False,0.9136076569480671,0.15115510675756272,0.08373385000739764,False,0.2680230233872083,0.1485142930187168,-0.11999584558274978,True,2.3603983402860655,0.17868258667003437,-0.005897032789294987,True,1.1638477413051906,0.17116512363303082,-0.11999584558274978,True,2
2091,0.13325431134032306,False,0.8529781829570215,0.15181808187038554,0.060316779774196694,False,0.227212741895084,0.14937114191181294,-0.11589749644274894,True,2.9057728592582683,0.1806739461500122,-0.018552304349771842,True,1.3435746032436962,0.1732398344006238,-0.11589749644274894,True,2
2092,0.144595118288546,False,0.8622742068990947,0.1515798010873973,0.05368404362484258,False,0.20595185956654705,0.14993393833031687,-0.05634366978946026,True,0.8523145137403949,0.17727899530913976,0.0004389568229820062,False,1.4692754332503024,0.17658459689792852,-0.05634366978946026,True,1
2093,0.09309511372542567,False,1.0575480908286548,0.15236686911619962,0.04222374680809837,False,0.2438173136221633,0.15030324560598396,-0.11044023249797796,True,0.9584903276903867,0.17954816489733266,-0.018560179003750288,True,1.1940499068343446,0.17294371048745927,-0.11044023249797796,True,2
2094,0.106617660879125,False,0.7846425621603226,0.15272538006004754,0.05798632907714529,False,0.21563376976952386,0.14955104497210137,-0.10463067731054487,True,0.9286097077198472,0.17879335100455507,-0.01409144196160883,True,1.2871287024479416,0.1737254825095011,-0.10463067731054487,True,2
2095,0.0755857236490789,False,1.1594401212125693,0.15297891503442734,0.03482838924025178,False,0.36849530938867936,0.14974234635105155,-0.12604636528431357,True,2.4431252250275968,0.18111863585588273,-0.015033490475815148,True,1.1535290503394724,0.17699568381037556,-0.12604636528431357,True,2
2096,0.0737826676997001,False,0.80652914459832,0.15325141860568292,0.0349759868287578,False,0.26930276448425894,0.15080545683259253,-0.1320361239104536,True,1.4692658497600934,0.17969256848287252,-0.013491121523945604,True,1.300743169115795,0.17812505337821669,-0.1320361239104536,True,2
2097,0.0491222585072677,False,1.1395216179214995,0.15158158875764616,-0.0033774301375036897,True,0.35496210422574004,0.14954072100603777,-0.13101904715867263,True,3.1506342370834575,0.18087556241863922,-0.010480708022078566,True,1.0797780403499861,0.1747316066886664,-0.13101904715867263,True,3
2098,0.12344556150418245,False,0.8823068443846702,0.15182175287597277,0.08114502935280532,False,0.2747335740066379,0.14980489198398494,-0.11589749644274894,True,5.0049548973698545,0.18298879916759397,-0.008881845256878185,True,1.1361197768691067,0.17626231387503616,-0.11589749644274894,True,2
2099,0.15027209299805072,False,0.7563234565850583,0.15123672289182571,0.054665232776131,False,0.3752337927868039,0.14968293159725404,-0.11192455151027558,True,0.9695555457426681,0.17823549027078162,-0.007070567677405548,True,1.3646120176774739,0.17689228350907982,-0.11192455151027558,True,2
2100,0.1343497052373624,False,0.7937894308961917,0.15179190213309107,0.036820643012560716,False,0.2403057479609776,0.14949441192642432,-0.11162242596648708,True,1.0007956669425886,0.17894686439824453,-0.007710991483618979,True,1.1599706041373992,0.17461239790544697,-0.11162242596648708,True,2
2101,0.15874879404109649,False,0.890394672770122,0.15172256807545959,0.021985551704888695,False,0.3409238573282318,0.1497301907381075,-0.10666628825216262,True,0.8264527670880735,0.1796476727007077,0.0007575086891589144,False,1.1591825398909226,0.17571966854697368,-0.10666628825216262,True,1
2102,0.11533225270515474,False,0.9593785274463549,0.1526036813868936,0.05157331788254638,False,0.3870547030950853,0.14923546129877321,-0.0941151578391729,True,0.7251371667968229,0.17905149930793268,-0.03281542345421207,True,1.2006121467554083,0.17760580120867472,-0.0941151578391729,True,2
2103,0.145693328785569,False,0.7830276253388941,0.15129211903192957,0.047424221870347116,False,0.18353164093528895,0.1493218887261359,-0.11582363022839681,True,2.652491027645572,0.18225627042878012,-0.019279749504750976,True,1.0032396131064296,0.16844424865355823,-0.11582363022839681,True,2
2104,0.09207779918845993,False,1.0699186425596956,0.15246102271308626,0.06334768072122432,False,0.3845975428875432,0.14932964073370528,-0.037427481977160615,True,0.47289945617117723,0.17677698064849592,-0.006335118796057082,True,1.2609406889149732,0.17653491623323725,-0.037427481977160615,True,2
2105,0.0739190700937492,False,0.9070386195153242,0.15310212795462552,0.03601972309240531,False,0.358211709846338,0.150031215583696,-0.006194751942409482,True,0.5577161703175137,0.17898664446921697,-0.03982645032758825,True,1.417617278623947,0.17868211698385017,-0.03982645032758825,True,2
2106,0.12980903590079618,False,0.8078950421293805,0.1525175258938447,-0.01492863905592201,True,0.2695895222297806,0.14871812690402608,-0.09102766905276716,True,0.8842341107947544,0.17734773506770873,-0.0422824742203598,True,1.0058956361354205,0.17068791256094418,-0.09102766905276716,True,3
2107,0.13843395953833382,False,0.6844919898738158,0.15202574816797626,-0.009890396875528618,True,0.33883310059568394,0.1497271629173567,-0.09058390487430001,True,0.714443220272303,0.17822434603555387,-0.03651269263188983,True,1.3127108632475615,0.17488266720090484,-0.09058390487430001,True,3
2108,0.07147896805699894,False,0.8719991486565009,0.15281998033572725,0.059132758072157676,False,0.296688217201613,0.14878887712615374,-0.10001755068084661,True,0.8112879614797592,0.1769059531703826,-0.010792438602264864,True,0.963869834578605,0.17644115007009542,-0.10001755068084661,True,2
2109,0.09600232835510097,False,1.0118092064352244,0.1521624318356104,0.07078095015142438,False,0.2797566083696188,0.14892028981508587,-0.0768090119540713,True,0.7900889409888572,0.17792728748375916,-0.009780004271243703,True,1.0320160930222317,0.17524986697754655,-0.0768090119540713,True,2
2110,0.09001241724767584,False,1.0128969402510157,0.15395270927742286,0.05053886095502769,False,0.23000490704184418,0.14985425706339134,-0.11333826963987659,True,1.137305508862875,0.1779447356201067,-0.022523363115471096,True,1.2063220033920694,0.18012841773943528,-0.11333826963987659,True,2
2111,0.07146175689081369,False,1.0698589227734128,0.15270126795343453,0.07966323964002708,False,0.24935556470060805,0.14968173908010585,-0.10623352256055552,True,0.8583979058808142,0.17866381455725294,-0.02199230236071792,True,1.1723388987765442,0.17894849533503387,-0.10623352256055552,True,2
2112,0.08894483701278466,False,0.7401476400195699,0.15261096751671333,0.018247069843105534,False,0.1874318352442632,0.15001291638685782,-0.10659192654507499,True,0.8474101220664554,0.18173613643768233,-0.017703623079727726,True,0.916950627847458,0.18009253154546784,-0.10659192654507499,True,2
2113,0.10802589896027365,False,0.8038675487856468,0.1524622217161083,0.06764748720889735,False,0.27466032670841156,0.1503695781027397,-0.1094523589524341,True,1.1533261818585103,0.1817881818152276,-0.015477760176481614,True,1.099690628607625,0.1769885164225439,-0.1094523589524341,True,2
2114,0.0498162090329235,False,0.9567953617620029,0.15248775985183552,-0.019350438721979613,True,0.1794652040945719,0.15050044172563332,-0.10853894895809435,True,1.02027035971029,0.18042240548499358,-0.02368562430645027,True,1.0511698669937453,0.1791237992514167,-0.10853894895809435,True,3
2115,0.09889980290461964,False,0.784444471358035,0.15254392295274388,0.032092964597243645,False,0.17890342326983388,0.15155177276564602,-0.10923293832657066,True,0.9365742553125045,0.18130730737589906,-0.03565288245054288,True,1.0479918494521137,0.17978102763127007,-0.10923293832657066,True,2
2116,0.13407986842964403,False,0.8174535917026056,0.152013931288203,0.013183949209985779,False,0.3926142909529735,0.15004169192045858,-0.1129157726235328,True,1.0338494855373068,0.18357436598970112,-0.02141547963937185,True,0.8685371325491684,0.1854512963276604,-0.1129157726235328,True,2
2117,0.17180549954560526,False,0.8884620181445604,0.1521894011181938,0.025046002756552,False,0.3374143253006856,0.15086598233746853,-0.11390833593798111,True,1.3188601548354504,0.18259142477550416,-0.02595042957696314,True,1.0889032350176917,0.18108036181382275,-0.11390833593798111,True,2
2118,0.08325934971445481,False,0.9459914804375167,0.15268171166579173,0.06576890922935219,False,0.3138705057094391,0.1510723302025899,-0.11589749644274894,True,1.2266291195762462,0.18224745095991013,-0.010377228737926791,True,1.0223600125903527,0.18007275215173846,-0.11589749644274894,True,2
2119,0.15753590766616155,False,0.8674853708054555,0.15201050145314404,0.036151471336311025,False,0.30180994479330514,0.15206660083058626,-0.08942260747166764,True,0.7572620703280508,0.1809334218533566,-0.014926516123950573,True,1.051628248109936,0.18148239848017322,-0.08942260747166764,True,2
2120,0.0848124842775081,False,0.7151488071880563,0.15496774671152155,0.017638257097777,False,0.2289624680486213,0.15498794539311478,-0.10558703674272962,True,1.8788340998608577,0.21550379818434784,-0.05825693703847801,True,0.9346496938889646,0.18557326080539988,-0.10558703674272962,True,2
2121,0.04806950406525701,False,0.7321458822596081,0.1559310371103459,-0.00100666184887932,True,0.2885688744674586,0.15565806863622053,-0.11120942845369819,True,4.891431394302068,0.21702252226895916,-0.018874050092015704,True,0.7098936074866842,0.18660061435586806,-0.11120942845369819,True,3
2122,0.03654977481252342,False,0.9184064693290748,0.15494937267698378,0.011373806683121601,False,0.19478946292186805,0.15656781626528365,-0.11241999440525041,True,1.8650281277816447,0.21618390160401046,-0.019801792870936086,True,0.8021007835193046,0.18809900867791746,-0.11241999440525041,True,2
2123,0.04182378938585074,False,0.7499297704976589,0.1565665002984597,-0.0010495107521394376,True,0.23225209044117867,0.15803560541111406,-0.11341188639207445,True,1.446942227827601,0.21947947849676538,-0.0058196616079094765,True,0.7714251049782086,0.18710377417583485,-0.11341188639207445,True,3
2124,-0.031848847398849855,True,0.8487495603727098,0.156588041887574,-0.0649353876219817,True,0.4241695303877133,0.16033172179556446,-0.12502018577576524,True,2.0029792641754844,0.2280431240487708,-0.02668492776049136,True,0.9243475072197485,0.18946246406512152,-0.12502018577576524,True,4
2125,0.051981913894716736,False,0.6235258678868592,0.1563177032389833,-0.048313362424441064,True,0.38864860490619435,0.16005702796249865,-0.11192455151027558,True,1.4500324273183638,0.22923144520565827,-0.01186439588371524,True,0.883288312393421,0.1890236713841361,-0.11192455151027558,True,3
2126,0.04407892424787441,False,0.7148136320802527,0.1555349856940983,-0.06184630826365389,True,0.2613437248867476,0.16083948270937382,-0.11999584558274978,True,1.9999536547903438,0.2324508905635562,-0.027194427552258427,True,0.7204508759872814,0.19279186078443647,-0.11999584558274978,True,3
2127,0.02768898415528165,False,0.8093335878660668,0.15693253642549165,-0.03073972525485169,True,0.28757724754488234,0.16154424856232297,-0.1084658212663061,True,3.0998166849656568,0.23487998319908931,-0.02111142186754411,True,0.7886864828512186,0.19011613632896718,-0.1084658212663061,True,3
2128,0.06068765856423619,False,0.5396980468560275,0.15620523458666308,-0.12276107632076305,True,0.23822595919152167,0.16334713896992886,-0.11539970151325174,True,1.896699331395972,0.2376806671688958,-0.05098224835737386,True,0.6356964616759728,0.1911549196167584,-0.12276107632076305,True,3
2129,0.01911904236092954,False,0.7168529728534303,0.15669558832628872,-0.02948284987372285,True,0.4283471271927548,0.16346219540179663,-0.11151975924961988,True,2.7608120866566788,0.23909959619983168,-0.02987292360427296,True,0.7146907972807763,0.19319459027417207,-0.11151975924961988,True,3
2130,0.052499136793157763,False,0.5810974321741262,0.15625018386479328,-0.0719052667451795,True,0.3771878800962172,0.16410815249325594,-0.12898901784429573,True,1.6765647834875037,0.24453430897019718,-0.0008944351281007235,True,0.6505774799902924,0.19220956126630806,-0.12898901784429573,True,3
2131,0.050504445333547254,False,0.855817179939625,0.1574835152140207,-0.06934412077983831,True,0.33918173476981206,0.16363670023884386,-0.11341188639207445,True,2.295666962639449,0.24075497547202057,-0.056779594267246325,True,0.7522222585891045,0.19185069147454736,-0.11341188639207445,True,3
2132,0.052999868245799164,False,0.6937519980254965,0.15753042123494204,-0.11480764116699949,True,0.2954891407996212,0.16531209895117688,-0.13101904715867263,True,1.6289165386265045,0.24024626448548353,-0.043555648122196144,True,0.7434848702336843,0.19237610341214034,-0.13101904715867263,True,3
2133,0.06285112596101516,False,0.8446222605249196,0.1580882781157058,-0.03538768188734287,True,0.30940092492720095,0.16831737176734052,-0.11192455151027558,True,2.4218943904103916,0.24757024972392094,-0.031920989942942346,True,0.7998966265176795,0.1954353062960461,-0.11192455151027558,True,3
2134,0.041129263507165725,False,0.7210485524360417,0.1591930184939982,-0.09357566228326519,True,0.29558999213318216,0.16955226162440779,-0.12949601023033952,True,2.4837282510343996,0.25200926299107496,-0.04345954569458654,True,0.6794228475970439,0.19548160283427496,-0.12949601023033952,True,3
2135,0.07007602951217229,False,0.6230431262509502,0.15847475574482023,-0.1014368044384677,True,0.3890549154636358,0.1701651515558931,-0.11170438734248189,True,4.789876622912088,0.2620253446899274,-0.011706759365510688,True,0.6798247771787971,0.19214895203853558,-0.11170438734248189,True,3
2136,0.05477892424806741,False,0.7452547555326434,0.15972160687138898,-0.11107215687280891,True,0.3465876615753902,0.1692922527892332,-0.11931729047310458,True,3.8275551756034876,0.2624649006612451,-0.03215217139894477,True,0.7772006089551238,0.1926471752071037,-0.11931729047310458,True,3
2137,0.025500424614920858,False,0.682335601279809,0.16022479575856086,-0.06014496169900474,True,0.3289302488271122,0.17034867152817434,-0.11300627166628618,True,7.1148423642626195,0.26958175594873385,-0.02134928971762229,True,0.6629130493626065,0.19445749586859964,-0.11300627166628618,True,3
2138,0.026761620151762866,False,0.6348702637956538,0.1602531130021651,-0.11676923904563163,True,0.346048246285076,0.17054901965486297,-0.13101904715867263,True,4.515472166359573,0.27184200640981127,-0.045099182801085935,True,0.7877377516557196,0.1930380018271789,-0.13101904715867263,True,3
2139,0.023361272573051095,False,0.6782915763523156,0.16005471334895532,-0.0915261432643254,True,0.26791706425323714,0.17071082251714198,-0.12898901784429573,True,4.318271602532416,0.26972250252939617,-0.03155268205676032,True,0.7834721606382664,0.1927666148868125,-0.12898901784429573,True,3
2140,0.046839545249867776,False,0.5708180408747117,0.1605458061589718,-0.09937568468844082,True,0.35108072223785003,0.1735736077847892,-0.11639562828744643,True,4.032390514879202,0.27393872696662186,-0.03921221219457505,True,0.8654039471737784,0.195837685714363,-0.11639562828744643,True,3
2141,0.039860628632246486,False,0.49788337012908634,0.16110801412057074,-0.11870492626992868,True,0.3292428910167209,0.17356758488133653,-0.10804613103724625,True,2.5060852822884905,0.2660727657191818,-0.024744270737798613,True,0.7488001133900366,0.195336467892575,-0.11870492626992868,True,3
2142,0.037631683960655526,False,0.725440684366013,0.16024167248947946,-0.09709075517277455,True,0.3602122546551345,0.17287505971276051,-0.13101904715867263,True,4.432070056966149,0.2717558195472863,-0.023393573181008542,True,0.6816855118303891,0.19259111354288605,-0.13101904715867263,True,3
2143,-0.01619888705853978,True,0.5332569514178782,0.15963991984004688,-0.10335429551500186,True,0.3327076515878009,0.17350670409965072,-0.11949527870414722,True,3.4190880264953045,0.27789901832373054,-0.020620708356213546,True,0.6906035799497168,0.1915051388912664,-0.11949527870414722,True,4
2144,0.017606085825449425,False,0.6858345674214321,0.16119175907211963,-0.09356054225112886,True,0.3787209744991822,0.17515620779186963,-0.13101904715867263,True,5.83349999703154,0.2794049314316842,-0.03498221503336629,True,0.6790384310380124,0.1922405187809356,-0.13101904715867263,True,3
2145,0.043412428079397825,False,0.5075177590584921,0.1598111321944281,-0.12285128264692868,True,0.43974936788734476,0.1734962047352102,-0.11053042590592443,True,2.8688495578280437,0.26745356701037704,-0.04504362259594952,True,0.8633653083352919,0.19154943868496485,-0.12285128264692868,True,3
2146,-1.298230957180735e-07,True,0.596906908896008,0.16087801681853459,-0.09527913583017367,True,0.35727281095103214,0.1744195776079737,-0.12848236836634574,True,2.7317130069768436,0.28124302918747773,-0.025028852003929236,True,0.7005707750640167,0.1966026797080862,-0.12848236836634574,True,4
2147,0.040316764437369534,False,0.6138134319992024,0.16190834396482323,-0.09402959418614687,True,0.3408008298290426,0.17586992669460244,-0.13356432189332723,True,2.801627883735445,0.27981699903837853,-0.021122029154994615,True,0.6740352677952854,0.19869908030928932,-0.13356432189332723,True,3
2148,0.04760533877465856,False,0.6294476095347734,0.1621899181885474,-0.12826161147405835,True,0.358106792272328,0.1755817018678739,-0.12848236836634574,True,2.4935781930696126,0.279183606902674,-0.022827516089337196,True,0.6701029771811151,0.19790768898487487,-0.12848236836634574,True,3
2149,-0.02653427197547753,True,0.6321416966303794,0.16201360364992395,-0.11533076642119533,True,0.3327876468084494,0.17675857694791056,-0.12604636528431357,True,2.8468317016367015,0.28299078251301546,-0.027966380336105212,True,0.5992405185779508,0.19817368248425066,-0.12604636528431357,True,4
2150,0.0101736909932848,False,0.6138961829386598,0.16079962140175924,-0.0989180801953915,True,0.35717487429452976,0.17586743268872218,-0.12705670858434992,True,2.314655964991796,0.27711011841263783,-0.029892602556369496,True,0.7765033305394828,0.1992360489555829,-0.12705670858434992,True,3
2151,0.03919601242436466,False,0.504575347556973,0.160904947865741,-0.08677345984692764,True,0.381892105441515,0.17694853674589384,-0.13101904715867263,True,2.1924557645755036,0.28075623981304454,-0.020025167045609527,True,0.7115133578409922,0.19756083948751918,-0.13101904715867263,True,3
2152,0.04467763464788521,False,0.45750156957938715,0.16166302597792132,-0.11578385828602122,True,0.3678283216462608,0.17704259170837083,-0.1123464772018582,True,3.228059634305981,0.2793404923362086,-0.008569003083166438,True,0.6687835031009681,0.2002358537871444,-0.11578385828602122,True,3
2153,-0.018308286792334538,True,0.6915349241323179,0.1663436716502178,-0.12209507535395059,True,0.354963007209109,0.19280969860632163,-0.12242923719710752,True,9.265944424950963,0.4756039641898946,-0.05970539126349783,True,0.5746903215950494,0.21343750554943938,-0.12242923719710752,True,4
2154,0.013762524931730247,False,0.45530526190981724,0.16593351735981232,-0.1397904408163726,True,0.4764458307789521,0.1995406882837561,-0.12182291193123651,True,9.012148701008144,0.5109195730228405,-0.05516179890662698,True,0.6678182976678204,0.22137486601253725,-0.1397904408163726,True,3
2155,-0.04152028158889898,True,0.5261924550958876,0.1664173700657569,-0.10388087185529549,True,0.22633921302760873,0.19254937983421755,-0.13356432189332723,True,7.601984455102416,0.46665427224759837,-0.02508847561996652,True,0.5721978706409094,0.21082146771201457,-0.13356432189332723,True,4
2156,-0.014932445231143676,True,0.5643305109045114,0.1660864141293018,-0.12606553011137045,True,0.31902815448055,0.2067287040407812,-0.12747009720716984,True,5.08420336546621,0.5448053194376139,-0.030368369113172422,True,0.6052573426437511,0.2195519102288881,-0.12747009720716984,True,4
