reading,filename,is_anomaly,anomaly_score,mean,std,max,min,rms,peak_to_peak,crest_factor,kurtosis,skewness,shape_factor,impulse_factor
1,2004.02.12.10.32.39,True,-0.07252089463562283,-0.010195996093750001,0.07347493104305192,0.454,-0.386,0.07417899856512623,0.8400000000000001,6.120330670161392,0.6287626426442556,0.08399343541253228,1.2716598450872434,7.782978751900141
2,2004.02.12.10.42.39,False,0.10397811924505451,-0.002585009765625,0.07533812128951385,0.369,-0.388,0.07538245681139528,0.757,4.895038124363965,0.648291081310854,0.052141907331332595,1.277741723778731,6.254594450987419
3,2004.02.12.10.52.39,False,0.05527212908895329,-0.0024839843749999996,0.0761892927992494,0.503,-0.4,0.07622977446919937,0.903,6.5984715749518195,0.513475308823208,0.03280799811503518,1.2654562485747707,8.350077085565788
4,2004.02.12.11.02.39,True,-0.1739645904014071,-0.002276611328125,0.07869075089989153,0.608,-0.576,0.07872367646602974,1.184,7.723216537814513,1.1579527230048088,0.04148596171613031,1.2810331258938081,9.893696223391279
5,2004.02.12.11.12.39,False,0.15025252370050196,-0.002403857421875,0.07843746411081838,0.391,-0.391,0.07847429073677968,0.782,4.982523528775831,0.6031769286310373,0.028223944368193307,1.2788955235683805,6.372127037025542
6,2004.02.12.11.22.39,False,0.19585656547602515,-0.001623095703125,0.07829782000144782,0.439,-0.366,0.07831464139380723,0.8049999999999999,5.605592928562068,0.45609362146286525,0.026852972301411062,1.269929282418339,7.118706605298142
7,2004.02.12.11.32.39,False,0.1847319356797965,-0.0016064453124999996,0.07861603186545633,0.388,-0.408,0.07863244325857172,0.796,4.934350045872499,0.4786149756059892,0.05859457915072469,1.2694129000321206,6.263727601504637
8,2004.02.12.11.42.39,False,0.14869979632189717,-0.0020266601562500004,0.07774646967579023,0.415,-0.334,0.07777288022464836,0.749,5.336050289011607,0.4719824550317826,0.0825818179550488,1.2701481055302222,6.777574165602088
9,2004.02.12.11.52.39,False,0.20733730980874449,-0.0019162109375,0.07900619543360511,0.386,-0.361,0.07902942984262255,0.747,4.884256419015951,0.404514320897305,-0.008060293710742161,1.2689100800902766,6.197682203834979
10,2004.02.12.12.02.39,False,0.1699886326358679,-0.0020966308593750003,0.07568852631669243,0.378,-0.344,0.07571755989830314,0.722,4.9922369461944465,0.3252033150483178,0.04632106694487995,1.2642175979367836,6.311273800449207
11,2004.02.12.12.12.39,False,0.19712657159529717,-0.0017912597656250002,0.07922086801763584,0.4,-0.415,0.07924111648011797,0.815,5.047884454030405,0.4552119318712826,0.03351974676189383,1.2705130374124174,6.413403010197092
12,2004.02.12.12.22.39,False,0.12360585710375444,-0.0015550292968750002,0.07762333368719734,0.474,-0.439,0.077638908086269,0.913,6.105186325821477,0.6415150749455001,0.019565298132388165,1.2761655417786268,7.791228415151429
13,2004.02.12.12.32.39,False,0.22744553534750395,-0.0024512695312500004,0.07736575740151559,0.4,-0.378,0.07740458087623109,0.778,5.167652811654581,0.3647260382142652,0.025770055100995153,1.2670309845703653,6.547576229868521
14,2004.02.12.12.42.39,False,0.09220172029129137,-0.001033984375,0.07985799357629145,0.42,-0.432,0.07986468720103242,0.852,5.258894947435174,0.5982531546782224,0.036749791511127325,1.2757200905039798,6.708877938292923
15,2004.02.12.12.52.39,False,0.17754042881760196,-0.0023719238281249997,0.07918146190235564,0.422,-0.383,0.07921698007145074,0.8049999999999999,5.327140716792938,0.5511103583412886,0.024887726210298073,1.270695077171004,6.769171484226
16,2004.02.12.13.02.39,False,0.15437199239098454,-0.00152099609375,0.07864707093207793,0.354,-0.371,0.07866177721938719,0.725,4.500279710343897,0.5530516614826189,-0.013483613994623068,1.276343571157088,5.7439030767061166
17,2004.02.12.13.12.39,False,0.18881475794547747,-0.0020170898437499997,0.07842744893849181,0.439,-0.381,0.07845338360094803,0.8200000000000001,5.59567962336675,0.4799660990734953,0.01645553133519378,1.267759395527615,7.093975416885623
18,2004.02.12.13.22.39,False,0.19944612009615753,-0.001661767578125,0.07760498435587541,0.405,-0.444,0.07762277416041877,0.849,5.217540913482537,0.4477488811593342,0.020390510898382754,1.2674247718467753,6.61284060187182
19,2004.02.12.13.32.39,False,0.19733204132334559,-0.002757177734375,0.07777670281156139,0.356,-0.405,0.07782555832949016,0.761,4.574332746741145,0.34144531637324205,0.003513831143354888,1.265981916230109,5.791022536193493
20,2004.02.12.13.42.39,False,0.09994914654756848,-0.0022611328125,0.07890076758853798,0.471,-0.403,0.07893316063389487,0.874,5.967073866262322,0.5964296522845256,-0.032123571823408366,1.2763602733939345,7.6161360313043796
21,2004.02.12.13.52.39,False,0.1794974792540599,-0.001448388671875,0.07901527413866455,0.415,-0.388,0.07902854786058722,0.8029999999999999,5.25126693118661,0.506380111063577,0.06155298503420971,1.270323078046217,6.670805571667286
22,2004.02.12.14.02.39,False,0.16858065078616163,-0.001808740234375,0.07934267114626233,0.381,-0.361,0.07936328499916932,0.742,4.800708539269611,0.38440684339994036,0.03774414644161838,1.2673125878895053,6.083998362605017
23,2004.02.12.14.12.39,False,0.10834720269618858,-0.001801708984375,0.07946629829958578,0.344,-0.342,0.07948672040475141,0.6859999999999999,4.327766930731702,0.41497244255405574,0.01970775386945568,1.271530240278966,5.502886525304644
24,2004.02.12.14.22.39,False,0.14285075841353667,-0.002245849609375,0.07972131548057863,0.366,-0.393,0.07975294340914242,0.759,4.589172315840118,0.5200740317916859,-0.03851889509533165,1.2739281936679043,5.846275998748955
25,2004.02.12.14.32.39,False,0.15572227730870258,-0.001977001953125,0.07935676530457542,0.413,-0.437,0.07938138784581765,0.85,5.202730907176494,0.4846810415588352,-0.036549177114067806,1.2711717774114197,6.613564694668872
26,2004.02.12.14.42.39,False,0.17436646055007787,-0.0021740722656249994,0.07756141544378374,0.405,-0.308,0.07759187944533484,0.7130000000000001,5.219618378819285,0.3099755507638151,0.026619772366221244,1.2651793341633069,6.603753305101141
27,2004.02.12.14.52.39,False,0.2011733162729229,-0.0015153320312499999,0.07772622576182905,0.344,-0.388,0.07774099563514575,0.732,4.424949760284287,0.36804211992333746,0.001337028961636272,1.2651298797972983,5.598136158337543
28,2004.02.12.15.02.39,False,0.20507908946782816,-0.0022492187500000003,0.0774813044446991,0.369,-0.4,0.07751394405806931,0.769,4.760433809477749,0.4042083382464927,-0.0326706483190684,1.2647473464437449,6.02074602845807
29,2004.02.12.15.12.39,False,0.18431522671590522,-0.0023556640625,0.07824409152481353,0.391,-0.344,0.07827954401833694,0.735,4.9949192334131185,0.34199171275367135,0.03369687604185461,1.2645351844513213,6.31625111414351
30,2004.02.12.15.22.39,False,0.12290806426584522,-0.0024445312499999997,0.07882328465921586,0.383,-0.488,0.07886118143611597,0.871,4.856635330910702,0.5350200636292435,-0.006817488878259782,1.2742204712983922,6.188424160277458
31,2004.02.12.15.32.39,False,0.22414606889256583,-0.0022748046874999997,0.0785494350087652,0.403,-0.4,0.07858236746600665,0.803,5.128376924687727,0.48904471033501595,-0.002622713624016512,1.2730822178569126,6.528845469287663
32,2004.02.12.15.42.39,False,0.13159050406650796,-0.001818603515625,0.08021030375043676,0.396,-0.378,0.08023091764702917,0.774,4.935753093865595,0.4867117699711172,0.023062207577248677,1.2693166958113966,6.265033808446356
33,2004.02.12.15.52.39,False,0.1957278548780551,-0.0018798339843749997,0.07739824509206791,0.388,-0.344,0.07742107025313345,0.732,5.011555623442141,0.5086729705515918,-0.018266270678337724,1.275652309355476,6.393002504507389
34,2004.02.12.16.02.39,False,0.21033568899510535,-0.0019884765625,0.07899110019602928,0.376,-0.364,0.07901612461528817,0.74,4.758522413376508,0.40449241574751493,0.02973078517796004,1.2688576026542324,6.037887341613349
35,2004.02.12.16.12.39,False,0.13148273388418003,-0.0013528320312500002,0.07822305672439377,0.359,-0.303,0.07823475415576188,0.6619999999999999,4.588753475025269,0.40668092875128137,-0.014541133659960107,1.2715888792939274,5.835007888663498
36,2004.02.12.16.22.39,False,0.2124450618279775,-0.001791064453125,0.07810817348945709,0.356,-0.354,0.07812870584960674,0.71,4.556583859014374,0.42187887878439767,-0.011723759566206875,1.2702694794920322,5.788089406851984
37,2004.02.12.16.32.39,False,0.22613189095104186,-0.00203349609375,0.07683498673524615,0.347,-0.413,0.07686189103169887,0.76,4.514590980553582,0.40962780617356787,-0.012802938401103161,1.2677555742188675,5.7233978809150265
38,2004.02.12.16.42.39,False,0.09316879354880436,-0.0018202636718750002,0.07984444085763252,0.352,-0.457,0.07986518700725069,0.8089999999999999,4.407427230691178,0.5706517890996232,-0.009777100151057379,1.2740636018844833,5.615342612578156
39,2004.02.12.16.52.39,False,0.1910313068203519,-0.002309033203125,0.07739473796891001,0.356,-0.378,0.07742917473155306,0.734,4.597750153404734,0.3569692841046228,0.04514825783681483,1.2647920687579761,5.815197928157075
40,2004.02.12.17.02.39,False,0.08428667934811829,-0.001993701171875,0.07843592197972266,0.498,-0.398,0.0784612560514543,0.896,6.347081668861065,0.6561008820895786,-0.0005041417219279513,1.277570904574364,8.108846869094195
41,2004.02.12.17.12.39,False,0.14558056142165188,-0.0024907226562500004,0.07855648477783131,0.354,-0.371,0.0785959604559929,0.725,4.5040482735523035,0.5058926832599502,-0.03750214704176655,1.2763738475521007,5.748849424474351
42,2004.02.12.17.22.39,False,0.21748916756343656,-0.001803759765625,0.0786407433781452,0.393,-0.354,0.07866142681365101,0.747,4.996095493297081,0.45311400755295494,-0.008567194109819449,1.2704626473197995,6.3473527066767295
43,2004.02.12.17.32.39,False,0.16831704703754596,-0.0017306152343750003,0.07760924722037751,0.449,-0.33,0.07762854039078106,0.779,5.783955201781972,0.4307640222326756,0.04469583003677712,1.2695351392468994,7.342934372492104
44,2004.02.12.17.42.39,False,0.2080148920008532,-0.0019462890624999999,0.07818452198751644,0.415,-0.334,0.07820874324224403,0.749,5.3063120924290725,0.488396336752809,-0.006356188004271852,1.272559826990979,6.75259959830168
45,2004.02.12.17.52.39,False,0.13567476279731755,-0.0016118652343750002,0.07807192688424783,0.469,-0.444,0.07808856431612202,0.913,6.006001059276373,0.536781662751292,0.030868202418370138,1.272180107974308,7.640715076084024
46,2004.02.12.18.02.39,False,0.20420970524436693,-0.001743408203125,0.07646238946336069,0.344,-0.361,0.07648226248359404,0.705,4.49777489354202,0.4576700058997081,0.018150122530682534,1.272257804745599,5.72232921229764
47,2004.02.12.18.12.39,False,0.11634578514907423,-0.002005615234375,0.07888778445886611,0.364,-0.325,0.07891327536794347,0.6890000000000001,4.612658621794652,0.3564760255027597,0.06839076596299973,1.2673222903677825,5.845725089257498
48,2004.02.12.18.22.39,False,0.23952994866444216,-0.0021379394531250004,0.07729310252096655,0.396,-0.356,0.07732266473953077,0.752,5.121396182270311,0.49828610176171795,0.014921276074399704,1.271853431820901,6.513665310134955
49,2004.02.12.18.32.39,False,0.17006914062750506,-0.0022016601562499993,0.07821656732108538,0.349,-0.415,0.07824754763529333,0.764,4.460203681100218,0.32975824899322603,0.025824338304817677,1.2664697563104244,5.648713069097851
50,2004.02.12.18.42.39,False,0.21193837462295123,-0.00212666015625,0.0769404413543266,0.366,-0.405,0.0769698265505305,0.771,4.75511010486326,0.4243128403754697,0.046607651596455156,1.269605386400503,6.037113402061855
51,2004.02.12.18.52.39,False,0.17395842678513207,-0.00190126953125,0.0784566088423693,0.396,-0.396,0.07847964256337436,0.792,5.045894541125358,0.5533985473990737,-0.041870852127814225,1.2758020518221906,6.4375626088461235
52,2004.02.12.19.02.39,False,0.2003287369536727,-0.0019439941406250005,0.07851550116945437,0.403,-0.427,0.07853956351488958,0.8300000000000001,5.131171882863839,0.5791138307510235,-0.023830270412440426,1.2742909051322415,6.538605663003669
53,2004.02.12.19.12.39,False,0.0038168891913485936,-0.0018521484375,0.07935929787647265,0.532,-0.461,0.07938090836770041,0.9930000000000001,6.7018633439632875,0.627682513208395,0.013215485169117734,1.2723111384447157,8.52685538085884
54,2004.02.12.19.22.39,False,0.20549586842353057,-0.0020525390625,0.07688593782324185,0.352,-0.386,0.07691333012919477,0.738,4.576579890751445,0.3985078570542333,-0.047841962943301286,1.2696388048305967,5.810603422705406
55,2004.02.12.19.32.39,False,0.23136012129104488,-0.001935693359375,0.07660347064112269,0.393,-0.4,0.07662792325938943,0.793,5.128678728114227,0.42524278547334715,0.015918091365504334,1.26979004725468,6.512345204526237
56,2004.02.12.19.42.39,False,0.15011114488830213,-0.002105029296875,0.07831092036327802,0.442,-0.349,0.07833920727505721,0.7909999999999999,5.642130107955924,0.6133875523003884,0.050826720914781964,1.2746492302651182,7.191736799161667
57,2004.02.12.19.52.39,False,0.19947435897885774,-0.0024255371093749997,0.07734228926780076,0.352,-0.461,0.07738031364276786,0.813,4.548960626148854,0.4843217611881623,-0.01055253808173417,1.270200245266761,5.778090903043112
58,2004.02.12.20.02.39,False,0.2153841991964634,-0.00203681640625,0.07739667641153741,0.383,-0.452,0.07742347280137335,0.835,4.946820210229659,0.44941512079219326,0.007369960546107674,1.2699834230954454,6.282379664025194
59,2004.02.12.20.12.39,False,0.162564963555555,-0.00204736328125,0.07596992815109206,0.347,-0.347,0.07599751100981861,0.694,4.565939007596826,0.29858314003197517,-0.00679937197147013,1.262435557679742,5.764203757387185
60,2004.02.12.20.22.39,False,0.21802817651945067,-0.001757666015625,0.0781090853466685,0.388,-0.349,0.07812885896719358,0.737,4.9661546978808655,0.3479309532451049,0.01652104161192016,1.2680170632179293,6.297168895492819
61,2004.02.12.20.32.39,False,0.20851569744174014,-0.0018957031249999998,0.07864043941895045,0.413,-0.366,0.0786632849704597,0.7789999999999999,5.250225694936249,0.41299062915361917,-0.001889781638149953,1.2669048476630749,6.65153638423997
62,2004.02.12.20.42.39,False,0.1853060606976749,-0.00229462890625,0.07709218438354405,0.342,-0.327,0.07712632634090483,0.669,4.434283547855389,0.39507344142139234,0.008946704887335465,1.2688858426144378,5.626599616011824
63,2004.02.12.20.52.39,False,0.18291732742566907,-0.00255654296875,0.07926025001588238,0.391,-0.386,0.07930147000233508,0.777,4.930551728593263,0.47239362493033044,-0.011074794184598856,1.2736294812831404,6.279696040527929
64,2004.02.12.21.02.39,False,0.240500254412697,-0.002071435546875,0.07691473137716869,0.408,-0.361,0.0769426198413264,0.7689999999999999,5.302652818962897,0.3944622448109758,-0.0011731127230121643,1.2685303199615239,6.726575877083881
65,2004.02.12.21.12.39,False,0.2298043027263006,-0.0018758300781250002,0.07717660830160832,0.386,-0.388,0.0771994016001541,0.774,5.000038756767119,0.37800827777844237,0.03338287419999933,1.2689738810272833,6.344918586461604
66,2004.02.12.21.22.39,False,0.22756667083841436,-0.0017930175781250002,0.07697548805816473,0.371,-0.381,0.07699636792620886,0.752,4.81840910152484,0.4364865722352329,0.040340532998082525,1.2688791573522333,6.11397888052117
67,2004.02.12.21.32.39,False,0.17401070827169224,-0.0019039550781250005,0.07742266494287933,0.459,-0.383,0.0774460721521555,0.8420000000000001,5.926704702314913,0.49113721911236174,0.04239872022316879,1.273523277877234,7.547796399502505
68,2004.02.12.21.42.39,False,0.16898719410752544,-0.0019636230468750003,0.0766164975079725,0.393,-0.32,0.07664165646604576,0.7130000000000001,5.1277597343438055,0.34600497216470494,0.04990645163129154,1.2665742391051285,6.494688383840422
69,2004.02.12.21.52.39,False,0.2410607899924498,-0.001947021484375,0.07693101411986752,0.369,-0.386,0.07695564843578329,0.755,4.794969667599087,0.44699011171583214,-0.012696409772231567,1.2717242514258755,6.097879211137228
70,2004.02.12.22.02.39,False,0.19504855101869234,-0.00241171875,0.07728708668930986,0.444,-0.381,0.0773247059887718,0.825,5.742019892897783,0.4880416166718633,0.04372833456528374,1.2729083301583541,7.309064953604568
71,2004.02.12.22.12.39,False,0.0575308952712319,-0.002700634765625,0.07572478230967107,0.5,-0.361,0.07577292447823547,0.861,6.598663090318189,0.5881648615563311,0.03175156805882329,1.2756416050471162,8.41752917569866
72,2004.02.12.22.22.39,False,0.22662660992036654,-0.0018789062500000002,0.0766661109152291,0.391,-0.349,0.07668913124793174,0.74,5.09850605473569,0.36239839655682227,0.032043297481202375,1.267001992521577,6.459817330233444
73,2004.02.12.22.32.39,False,0.2141660852541465,-0.002236181640625,0.07736800711452542,0.364,-0.439,0.07740031675131004,0.8029999999999999,4.702823131454938,0.5401611783934825,0.0037309822695518594,1.2736585434393293,5.989790859661682
74,2004.02.12.22.42.39,False,0.1463645385948787,-0.0015485839843749998,0.07793970891358244,0.383,-0.398,0.07795509180220767,0.781,4.913085099967178,0.32607400357451866,-0.030949995995736064,1.262615340292231,6.203336615379749
75,2004.02.12.22.52.39,False,0.1463660427103144,-0.0019364257812500003,0.07879662162435938,0.332,-0.437,0.07882041185009597,0.769,4.212106892202134,0.3948251135159331,-0.005168130137509345,1.273477329893171,5.364022638306197
76,2004.02.12.23.02.39,False,0.22480789059805145,-0.0020615234374999998,0.07753322072782182,0.383,-0.342,0.07756062271096396,0.7250000000000001,4.938072782464382,0.34016117779744404,0.010694172240866774,1.2664553994528502,6.253848938243177
77,2004.02.12.23.12.39,False,0.1711196444771737,-0.002091162109375,0.0768620850433046,0.342,-0.352,0.07689052656973988,0.694,4.447882141759106,0.4461346262694348,-0.05264483562148161,1.2728274877712094,5.661386652397669
78,2004.02.12.23.22.39,False,0.21045467911392246,-0.002017138671875,0.07822026971915784,0.422,-0.432,0.07824627430976747,0.854,5.393228031910547,0.4445772787585356,-0.009280108908770558,1.2703898236689213,6.851502008465123
79,2004.02.12.23.32.39,False,0.15569565907554722,-0.001696533203125,0.076706570747191,0.415,-0.393,0.07672532972039367,0.808,5.408904745178209,0.654300605984012,0.024579423944552762,1.2782967316202942,6.914185257406805
80,2004.02.12.23.42.39,False,0.19425948985204916,-0.001356591796875,0.0773706565603994,0.359,-0.427,0.07738254866499697,0.786,4.639288911950624,0.38635508272233476,-0.022608192409152295,1.2719925489773685,5.901140928554516
81,2004.02.12.23.52.39,False,0.2022467204485328,-0.0024544921875,0.0769514830366446,0.361,-0.349,0.07699061808712475,0.71,4.688882995996762,0.4490551594338519,0.0311742894201705,1.27286600763696,5.968319779391226
82,2004.02.13.00.02.39,False,0.137045121733245,-0.0021606445312499995,0.07479142203837336,0.337,-0.369,0.07482262488921716,0.706,4.503985265138242,0.30274620550562537,0.013691470350722114,1.26536727128616,5.699195544861049
83,2004.02.13.00.12.39,False,0.14345228039610797,-0.0022718750000000005,0.07730518236640493,0.457,-0.447,0.07733855853789072,0.904,5.909083497801431,0.5816276126893913,-0.026196212632781712,1.2745234932463438,7.531265741502204
84,2004.02.13.00.22.39,False,0.19862415360294716,-0.0018424804687499998,0.0767718692892115,0.342,-0.374,0.0767939753394594,0.716,4.453474357698325,0.31943993758112743,0.006857906365208837,1.264462201340831,5.6312499899501685
85,2004.02.13.00.32.39,False,0.21381561041408897,-0.0017069824218750001,0.07770301804785826,0.42,-0.334,0.077721765308917,0.754,5.40389166832027,0.4393592386496614,0.007062047350268253,1.2719881103569737,6.8736859517604945
86,2004.02.13.00.42.39,False,0.1671631837487379,-0.0018160644531249998,0.07733765888729578,0.442,-0.339,0.0773589786144157,0.781,5.713622489809271,0.5730646490077822,0.05268895496802829,1.2734633087478173,7.276088600808457
87,2004.02.13.00.52.39,False,0.13603668290299714,-0.002742236328125,0.07684285540653787,0.403,-0.352,0.07689176995692955,0.755,5.241133091691582,0.26313045713724614,-0.013550677377818133,1.262332552337553,6.616052912775844
88,2004.02.13.01.02.39,False,0.16099607000518418,-0.0018522949218750002,0.07489928008879171,0.359,-0.359,0.07492218065631082,0.718,4.7916384287696365,0.44095646881747097,-0.004973227870961808,1.272446438998239,6.097103255655041
89,2004.02.13.01.12.39,False,0.1400474901996867,-0.0015585937499999999,0.0776150336067212,0.452,-0.42,0.07763068115281484,0.872,5.822440216777755,0.6069125322892983,0.05105431945917983,1.275976037079736,7.429294193937759
90,2004.02.13.01.22.39,False,0.22534190891397587,-0.00193974609375,0.07776034071566805,0.374,-0.347,0.07778453061583003,0.721,4.808153974048495,0.42031091089811445,-0.014118265366716651,1.2711269884556817,6.111774281063482
91,2004.02.13.01.32.39,False,0.1686241418262756,-0.002697802734375,0.07854299264982698,0.393,-0.378,0.0785893111942354,0.771,5.000680041954954,0.3801399430969181,-0.04865005906612907,1.2664275404203624,6.332998925962207
92,2004.02.13.01.42.39,False,0.19744035553719375,-0.002597265625,0.07594613449074082,0.356,-0.376,0.07599053317889341,0.732,4.684794080361579,0.34643963555082724,-0.019641247862199826,1.2653103013614522,5.927718209638656
93,2004.02.13.01.52.39,False,0.21832799139113895,-0.0018339355468749998,0.07668904663489619,0.386,-0.332,0.07671097179256287,0.718,5.031874723785245,0.358155992917113,-0.005701541338311308,1.2663463688492405,6.37209628496972
94,2004.02.13.02.02.39,False,0.12635663658137852,-0.0020482421875000004,0.07501633557018661,0.425,-0.342,0.07504429291050385,0.767,5.663322066434093,0.3535492935283626,-0.023618485785142994,1.2642407342146416,7.159802447362619
95,2004.02.13.02.12.39,False,0.21903033379954195,-0.0017783203125000002,0.07822606699390491,0.403,-0.352,0.07824627774193958,0.755,5.150404742946567,0.5428820813815229,0.023891274306346494,1.2726589336041925,6.554708607788354
96,2004.02.13.02.22.39,False,0.19410952652726998,-0.0017624023437499998,0.07743030001138924,0.42,-0.344,0.07745035456261644,0.764,5.422828628375636,0.5008486498061995,0.021631831526954554,1.2763905186587254,6.921647045569762
97,2004.02.13.02.32.39,False,0.2104090533533633,-0.0017580566406249997,0.07829629476519134,0.408,-0.437,0.07831602988602891,0.845,5.209661426833699,0.5366345309682168,-0.003735698301746257,1.2739583526800828,6.636891689350029
98,2004.02.13.02.42.39,False,0.17529039759751608,-0.00236171875,0.07652371351325286,0.444,-0.359,0.07656014919860397,0.8029999999999999,5.799361739071638,0.3892193620919868,0.010592670221423423,1.2682000837841805,7.354751043385422
99,2004.02.13.02.52.39,False,0.2412378641555472,-0.00202060546875,0.0776539195149843,0.378,-0.381,0.0776802038005823,0.759,4.8661046380669575,0.45086148262336545,0.01200084189118508,1.2719452217110043,6.189418542735023
100,2004.02.13.03.02.39,False,0.20706349256270412,-0.00191845703125,0.07569132158473815,0.378,-0.396,0.07571563009461785,0.774,4.992364185936685,0.39253390254036136,-0.012775323005232134,1.2652612469526416,6.316644935139959
101,2004.02.13.03.12.39,False,0.20429566291093765,-0.0017819824218750003,0.0779258334891341,0.388,-0.361,0.07794620572117751,0.749,4.977792009375291,0.524863236850583,0.032964975957209916,1.2758815129656882,6.35107280015026
102,2004.02.13.03.22.39,False,0.17305825163396393,-0.0024901855468750004,0.07655343633445863,0.369,-0.381,0.07659392690463046,0.75,4.8176143320012,0.4165630099460307,-0.06115951499883137,1.269058299339949,6.113833451045207
103,2004.02.13.03.32.39,False,0.12038872157565639,-0.0017874023437500005,0.07637900854794992,0.469,-0.398,0.07639991985536536,0.867,6.1387498951291555,0.44537412567743395,-0.04788269964002146,1.2695403203630777,7.793390508491078
104,2004.02.13.03.42.39,False,0.1833016364825939,-0.002054833984375,0.07660424736225324,0.33,-0.371,0.07663180186215528,0.7010000000000001,4.306306154638013,0.40077975051760584,-0.018045275410609688,1.2716343323571941,5.476046751878786
105,2004.02.13.03.52.39,False,0.2030930256325887,-0.00187197265625,0.0772601424092203,0.437,-0.396,0.07728281753869194,0.833,5.654555746252577,0.5316575196159734,0.04180555990428891,1.2736725361821586,7.202052358312919
106,2004.02.13.04.02.39,False,0.22097031888035906,-0.0021708496093750004,0.07761026090357094,0.364,-0.425,0.0776406155665118,0.7889999999999999,4.688267826627094,0.44220633809167786,-0.002657138132887251,1.268776192571538,5.948362602823563
107,2004.02.13.04.12.39,False,0.21278173263569417,-0.0013720703125,0.07680829639898158,0.425,-0.378,0.0768205504579097,0.8029999999999999,5.532373791474708,0.43609996973448073,-0.0015293163511521748,1.271768831686442,7.035900553236481
108,2004.02.13.04.22.39,False,0.21326562848934955,-0.0017638183593750001,0.07604144332532264,0.42,-0.366,0.07606189688801565,0.786,5.521818639605547,0.4773209140232173,0.016751148389582887,1.2712125302994692,7.0194050447077405
109,2004.02.13.04.32.39,False,0.19671630238258064,-0.0017526855468749998,0.0760203773412639,0.369,-0.339,0.07604057915175538,0.708,4.852672140536711,0.44794546568858795,0.03584341394833119,1.2700291885489818,6.16303526094009
110,2004.02.13.04.42.39,False,0.22657691843511096,-0.0017675292968750002,0.07733958012969694,0.381,-0.364,0.07735977517064747,0.745,4.9250401666700085,0.418356203515617,0.03500325002144158,1.2673236577230016,6.241619918456936
111,2004.02.13.04.52.39,False,0.20034402730734807,-0.002118603515625,0.07647438708791138,0.361,-0.334,0.07650372776099296,0.6950000000000001,4.71872431011216,0.47653814406220185,-0.005769643314559983,1.2729850338153776,6.006865425473572
112,2004.02.13.05.02.39,False,0.20452914318989518,-0.00132509765625,0.07626393747486522,0.354,-0.364,0.07627544849405181,0.718,4.641073988933752,0.38783638352976846,-0.02038468357291256,1.268352897221192,5.886519640082039
113,2004.02.13.05.12.39,False,0.20707717270868736,-0.001445849609375,0.0779639045172761,0.417,-0.349,0.07797731008871667,0.766,5.347709475045613,0.4254419235589375,-0.009992832870421926,1.2721770580924037,6.8032333074964
114,2004.02.13.05.22.39,False,0.217695603407971,-0.002102587890625,0.07603626725856104,0.369,-0.413,0.0760653325402126,0.782,4.851092970702849,0.4506324194814031,-0.021145094206746356,1.2713737013812536,6.167552025907062
115,2004.02.13.05.32.39,False,0.22349702868687443,-0.001947705078125,0.07678033455909639,0.374,-0.352,0.07680503453601284,0.726,4.8694724539787355,0.478355256237021,0.031109307200748833,1.2726652070470903,6.19720816885295
116,2004.02.13.05.42.39,False,0.1893212722459558,-0.0018841796875,0.07548887260011546,0.349,-0.408,0.07551238321978224,0.7569999999999999,4.621758513225831,0.3984273331430592,-0.027523553818598792,1.2692198417191702,5.866027608620717
117,2004.02.13.05.52.39,False,0.09275985287352562,-0.0015486328125000003,0.07893320627478842,0.452,-0.444,0.07894839654107137,0.896,5.725258774126663,0.5276336298870343,0.05883137513247764,1.2678077859247636,7.258527650271852
118,2004.02.13.06.02.39,False,0.23230863550928216,-0.0014791015624999997,0.07720121432298076,0.378,-0.388,0.07721538210988145,0.766,4.895397648386776,0.48623241964420183,0.0059385764986372306,1.2722212595417315,6.2280289621882545
119,2004.02.13.06.12.39,False,0.24320001895165294,-0.00217138671875,0.07772789904953778,0.393,-0.383,0.07775822278664489,0.776,5.054127858327266,0.5105274416299461,-0.025183035895984023,1.2716590081789927,6.427127219530268
120,2004.02.13.06.22.39,False,0.1638716558508373,-0.00113837890625,0.07726495728799573,0.417,-0.408,0.07727334295376381,0.825,5.396427591459453,0.6148985783371206,-0.025768231835504068,1.2735020413050826,6.872361553478684
121,2004.02.13.06.32.39,False,0.1985436860873332,-0.00199541015625,0.07666411801261451,0.422,-0.41,0.07669008183816046,0.832,5.502667227432996,0.4040831221348409,0.020313258117192045,1.2657393111307154,6.964942225832604
122,2004.02.13.06.42.39,False,0.2007732629261193,-0.002104736328125,0.07809946968492933,0.405,-0.383,0.07812782526141454,0.788,5.183812535993112,0.5378888733945146,-0.03198501257192973,1.275471936529845,6.611807413890822
123,2004.02.13.06.52.39,False,0.191635905825271,-0.00153115234375,0.0778033027084582,0.361,-0.437,0.07781836762515486,0.798,4.6390076150004775,0.4002455766738815,-0.015359631777634424,1.2672791882925236,5.878917804820641
124,2004.02.13.07.02.39,False,0.18713697743449254,-0.0016061035156250004,0.07916833869305943,0.359,-0.381,0.07918462868462461,0.74,4.533708195182931,0.45079434863515155,-0.020519835462744093,1.272909884970469,5.771001977219977
125,2004.02.13.07.12.39,False,0.21290592935912817,-0.0017756835937500002,0.07637200647852678,0.366,-0.342,0.07639264641168841,0.708,4.791037059085315,0.3466352920025497,0.010150521142345792,1.2659906704855275,6.065408218752427
126,2004.02.13.07.22.39,False,0.18938265581605762,-0.00248662109375,0.07709862999292605,0.43,-0.354,0.07713871940374692,0.784,5.5743730687226485,0.44450532856111025,-0.030033011897872507,1.273006424970779,7.09621273166801
127,2004.02.13.07.32.39,False,0.20757856936213093,-0.0023670410156250003,0.07616066037723133,0.376,-0.376,0.07619743481420897,0.752,4.934549318055063,0.3380137985962999,-0.014486936382795013,1.265464066790035,6.2444948478019535
128,2004.02.13.07.42.39,False,0.22144578996353848,-0.002093212890625,0.07631986587115701,0.356,-0.374,0.07634856558440947,0.73,4.662824995793973,0.4714581263449671,0.02541112143439293,1.2729785300747007,5.935676109141384
129,2004.02.13.07.52.39,False,0.15592264737163064,-0.0018363769531249997,0.07633001267470356,0.32,-0.4,0.076352099612482,0.72,4.191109368624181,0.3800510420069867,-0.009118172885072455,1.2681684402611382,5.315032630971971
130,2004.02.13.08.02.39,False,0.14428074502187266,-0.0016100585937500003,0.07495282172648467,0.347,-0.337,0.0749701125345127,0.6839999999999999,4.628511126220566,0.33857833031049767,-0.005885893413835136,1.2651473666095532,5.855748662660966
131,2004.02.13.08.12.39,False,0.114603108269141,-0.0024621582031249998,0.07595488505746131,0.332,-0.33,0.07599478131496513,0.662,4.3687210391988,0.24450732740910075,-0.028211285443517607,1.2643808101718332,5.523727046956911
132,2004.02.13.08.22.39,False,0.12743613108562074,-0.0021155761718750004,0.07634582203722166,0.464,-0.42,0.07637512818370995,0.884,6.075276219293686,0.6446447698043443,0.03505867031403006,1.275392158786432,7.748359652548847
133,2004.02.13.08.32.39,False,0.17661619693948916,-0.001406982421875,0.07614566658147008,0.364,-0.347,0.0761586642390206,0.711,4.779495591697907,0.3468116029579775,-0.03312087227838003,1.268201600662784,6.061363959752006
134,2004.02.13.08.42.39,False,0.23268110994093982,-0.0022353515624999997,0.07671784801069455,0.371,-0.386,0.07675040716504376,0.757,4.833850577524665,0.4102122577509033,-0.0007493083957233779,1.267591004993513,6.127345511552964
135,2004.02.13.08.52.39,False,0.1677737375736557,-0.001742041015625,0.07773648715807786,0.444,-0.349,0.07775600390052285,0.7929999999999999,5.71016998980595,0.5009742049448347,-0.04048983729366075,1.2744937336542488,7.27757587010823
136,2004.02.13.09.02.39,False,0.19736268346636837,-0.0019155273437500002,0.07826863791312964,0.349,-0.403,0.07829207447616425,0.752,4.457667041460906,0.5043214057082972,-0.010466708749160943,1.2733067292578992,5.675977440683321
137,2004.02.13.09.12.39,False,0.2341055545769617,-0.0018154296875000004,0.07768923353990882,0.396,-0.371,0.0777104419815558,0.767,5.095840274515344,0.36575096348616176,0.030043316262472138,1.2671176073578057,6.457028936121426
138,2004.02.13.09.22.39,False,0.21693401308057925,-0.0015111816406250002,0.07646021146629738,0.349,-0.361,0.0764751437227932,0.71,4.563574293695398,0.41434414199598857,-0.013216609424075269,1.27142888502165,5.8022601759466035
139,2004.02.13.09.32.39,False,0.2115956824921129,-0.002109033203125,0.07777577431787479,0.41,-0.417,0.07780436422076126,0.827,5.269627277419431,0.6014461458186253,0.012227310541524709,1.2713851610271965,6.699725924655211
140,2004.02.13.09.42.39,False,0.12666910779346013,-0.0015700683593749998,0.07519706579186627,0.344,-0.312,0.07521345503538163,0.6559999999999999,4.5736497524037,0.30698502024013896,0.005750047966008044,1.2663811357394381,5.791983767923397
141,2004.02.13.09.52.39,False,0.20155790473021595,-0.0022875488281250004,0.0767530013997796,0.337,-0.361,0.0767870829209941,0.698,4.388758983678776,0.41097110395467995,0.014519336533486677,1.2705276886599826,5.57603980761913
142,2004.02.13.10.02.39,False,0.21644013743815088,-0.0024854980468750005,0.07738122314840568,0.386,-0.439,0.0774211301679611,0.825,4.98571900413483,0.505432538984969,0.0112191831205412,1.2695474197976706,6.329606697535585
143,2004.02.13.10.12.39,False,0.03489581903385641,-0.0015173828124999999,0.07656727848982116,0.515,-0.4,0.07658231248752874,0.915,6.7247904022729355,0.6014717502352931,-0.04625679727988908,1.2706802860110544,8.545058591724567
144,2004.02.13.10.22.39,False,0.17750364569945376,-0.0019560546875,0.07675272619891596,0.371,-0.308,0.07677764732593889,0.679,4.832135561865019,0.2859746134143242,-0.019917278409343136,1.266198823379675,6.118444362844572
145,2004.02.13.10.32.39,False,0.1530424079025327,-0.0022375,0.0758783722994405,0.334,-0.417,0.07591135480982077,0.751,4.3998687790089335,0.37370992394611013,-0.045687231352256726,1.268571277678062,5.581547158603177
146,2004.02.13.10.42.39,False,0.19372872805274938,-0.0016579589843749999,0.07586668476711636,0.425,-0.356,0.07588479877779788,0.7809999999999999,5.600594675680224,0.5015377766649429,0.04177503327014091,1.2699046002842769,7.112220942973944
147,2004.02.13.10.52.39,False,0.18749960487066653,-0.0013962890625,0.07604416368123817,0.344,-0.381,0.0760569816198684,0.725,4.522924689797796,0.31566591755670315,0.01132948031324153,1.2662684768938213,5.727236958055714
148,2004.02.13.11.02.39,False,0.1022896892585815,-0.0027931640625,0.07557396193664329,0.452,-0.366,0.07562556107746408,0.8180000000000001,5.9768151609085125,0.41613074153885465,0.0412225610074664,1.2673236911727113,7.5745594511795975
149,2004.02.13.11.12.39,False,0.14336053644713043,-0.0017729003906250002,0.07619034319695998,0.32,-0.361,0.07621096753266964,0.681,4.1988707184805705,0.44214869250180433,0.0020508795778689504,1.27193729556075,5.340700266073401
150,2004.02.13.11.22.39,False,0.227872239651009,-0.0018200683593750002,0.07677978413331095,0.347,-0.388,0.07680135350624119,0.735,4.518149539796865,0.38489171953619294,-0.010241598545820723,1.270402526286397,5.739868589497659
151,2004.02.13.11.32.39,False,0.14506367645081097,-0.001454736328125,0.07514392636767131,0.403,-0.342,0.0751580064113889,0.7450000000000001,5.362036850659897,0.48841297755887636,0.04631289873667938,1.2722777482278413,6.822000170272279
152,2004.02.13.11.42.39,False,0.13019491414408046,-0.00219794921875,0.07890910375837852,0.466,-0.447,0.07893970887150997,0.913,5.903239404625971,0.530290575512856,0.016785012753118177,1.2733514785319535,7.51689862400857
153,2004.02.13.11.52.39,False,0.18729830299519978,-0.0022078124999999997,0.07689229275459664,0.435,-0.322,0.07692398274331452,0.757,5.654933409409381,0.4776599891458462,0.03560050565763715,1.2725779681307516,7.196343668060893
154,2004.02.13.12.02.39,False,0.21786568080509233,-0.002584228515625,0.07644797579539568,0.376,-0.366,0.07649164163641917,0.742,4.9155697531922105,0.4558731292846363,-0.0070740924336791505,1.2695430360573545,6.24052734841934
155,2004.02.13.12.12.39,False,0.14369701066371587,-0.0021892089843749997,0.07647612404907565,0.342,-0.32,0.07650745183017714,0.662,4.470152799744712,0.25827230952913727,-0.028724664366175472,1.2669900140472081,5.6636389585417195
156,2004.02.13.12.22.39,False,0.22932845938953877,-0.0018592285156249998,0.07737615456144943,0.356,-0.369,0.07739848852135696,0.725,4.599573025276419,0.37563304390008767,-0.014723813036249317,1.2672016846638658,5.828586686364751
157,2004.02.13.12.32.39,False,0.12542072814182503,-0.0017909179687500005,0.07845962608456153,0.43,-0.447,0.0784800631530072,0.877,5.479098547126019,0.6057349862672048,-0.026233951906988896,1.278740294413468,7.00634408927233
158,2004.02.13.12.42.39,False,0.18425324497851076,-0.002136767578125,0.07901711701244041,0.388,-0.425,0.07904600278724172,0.813,4.908534098104003,0.5919121753524377,-0.014192704878922208,1.274725711480131,6.257034620530107
159,2004.02.13.12.52.39,False,0.17794285395709714,-0.00148740234375,0.07667042799410381,0.334,-0.369,0.076684854401187,0.7030000000000001,4.355488480849617,0.3698641949707917,-0.0028264815001952212,1.2681118632303907,5.523246612728712
160,2004.02.13.13.02.39,False,0.20139524796431507,-0.0019442382812500003,0.07728679415519168,0.408,-0.378,0.07731124506358211,0.786,5.2773694132652205,0.37357319475457196,-0.05068587528340844,1.267730304208778,6.690281131700817
161,2004.02.13.13.12.39,False,0.19073640152809695,-0.0022220214843750004,0.07648046800168884,0.347,-0.327,0.07651273988842887,0.6739999999999999,4.5351924464605045,0.34310003047300874,-0.017636176398231576,1.269257522216346,5.756327127368749
162,2004.02.13.13.22.39,False,0.21717029147029254,-0.002355517578125,0.07849631151655961,0.378,-0.378,0.07853164575357902,0.756,4.813346216964681,0.4245621228322678,0.021152394322048525,1.268756773434512,6.106965615659322
163,2004.02.13.13.32.39,False,0.21433446323437721,-0.00224072265625,0.07692072929692957,0.369,-0.408,0.07695335881944174,0.7769999999999999,4.795112333768265,0.5118109145355998,0.03787975052396437,1.2731030245977675,6.104672015406438
164,2004.02.13.13.42.39,False,0.21121324593564456,-0.001808251953125,0.0773412657446424,0.427,-0.383,0.07736240147584209,0.81,5.519477056737168,0.528245856584737,-0.027619672384398296,1.2712328404684503,7.0165404967364315
165,2004.02.13.13.52.39,False,0.14752821443242276,-0.002040234375,0.07614734279532555,0.332,-0.334,0.07617467014102358,0.666,4.358404170117996,0.32545433705002935,-0.0323410589672767,1.2693113298869239,5.53217179335719
166,2004.02.13.14.02.39,False,0.09035174055672601,-0.002190771484375,0.07759129125931354,0.317,-0.439,0.07762221305131911,0.756,4.083882532316088,0.4408628476384644,-0.055859393045842275,1.2670499265460022,5.174483062593601
167,2004.02.13.14.12.39,False,0.16925832155007248,-0.002535302734375,0.07721180173999112,0.347,-0.439,0.0772534147328817,0.786,4.491710835046168,0.4886392346942512,-0.048898222181893075,1.274680440608838,5.7254959463041395
168,2004.02.13.14.22.39,False,0.1933001484458211,-0.0020212890625,0.07766006615308037,0.391,-0.439,0.07768636614216809,0.8300000000000001,5.033058172452805,0.5379390953077103,-0.05270004491977995,1.2718102189725564,6.401094816408817
169,2004.02.13.14.32.39,False,0.21278628532953692,-0.0019318359374999997,0.0777935571956996,0.342,-0.393,0.07781753999741961,0.7350000000000001,4.394896060853897,0.4370585910735878,0.007725014053491723,1.2685629290532352,5.575202219841345
170,2004.02.13.14.42.39,False,0.15373002693947946,-0.0016993164062499995,0.07726360632803746,0.349,-0.354,0.07728229123843638,0.703,4.51591165850974,0.25419455152282744,0.01967344148568599,1.2640330799235684,5.708261722368816
171,2004.02.13.14.52.39,False,0.14856846569462617,-0.00227109375,0.0763540826791368,0.432,-0.396,0.0763878511845552,0.8280000000000001,5.655349552329674,0.3353471347991004,-0.003170470578756305,1.2635350610917822,7.145732442098257
172,2004.02.13.15.02.39,False,0.18066937885236967,-0.00214462890625,0.07815524652281494,0.435,-0.439,0.07818466596582414,0.874,5.563750827945546,0.38044274489672913,0.0002416790573314747,1.2659462280506801,7.043409374451512
173,2004.02.13.15.12.39,False,0.16021324646981744,-0.0017283691406250004,0.07614183026619212,0.334,-0.344,0.07616144415760429,0.6779999999999999,4.385421044654023,0.3194051922040413,-0.036797344466560855,1.2687306777558087,5.563918214228485
174,2004.02.13.15.22.39,False,0.11532314646595176,-0.0016349121093750002,0.07532484508450046,0.32,-0.381,0.07534258573084265,0.7010000000000001,4.2472659638094035,0.2916771063217678,0.005130002664973786,1.2641445941529275,5.36915830807938
175,2004.02.13.15.32.39,False,0.23603375070840737,-0.0020445800781250002,0.07686708111474645,0.356,-0.359,0.07689426810105468,0.715,4.629733903340411,0.4095598092509274,-0.007305914761699952,1.2715245595386062,5.886820362225868
176,2004.02.13.15.42.39,False,0.15547713800800583,-0.0018244140625000003,0.07546214599501065,0.344,-0.327,0.07548419678875672,0.671,4.557245286224446,0.3288086624212516,-0.0009185564863228599,1.2637675966137512,5.759298922551214
177,2004.02.13.15.52.39,False,0.057446113411494304,-0.001489013671875,0.07824885230540506,0.496,-0.476,0.0782630183983989,0.972,6.337603764208347,0.43988049954761177,0.021390090648986955,1.2706999569510442,8.053192830352321
178,2004.02.13.16.02.39,False,0.18791840642760854,-0.001725048828125,0.07545435316546495,0.374,-0.383,0.07547406975298288,0.757,4.9553442821363,0.3431725485830399,0.010588197268036911,1.2654446047124086,6.270713686321865
179,2004.02.13.16.12.39,False,0.2144365821485757,-0.001981591796875,0.07553468718263605,0.405,-0.366,0.07556067544581722,0.771,5.359930911290172,0.4429353349113323,0.004951610930904506,1.2715374009815283,6.81535262038246
180,2004.02.13.16.22.39,False,0.2340175626235575,-0.00203056640625,0.07665135687649181,0.381,-0.364,0.07667824796470965,0.745,4.9688146262203485,0.4250634087395868,0.03221554215244008,1.2676975796057453,6.298954275169161
181,2004.02.13.16.32.39,False,0.058868483954265804,-0.0014443847656250002,0.076737200128153,0.513,-0.374,0.07675079237935838,0.887,6.6839700815645,0.7083040858036109,0.025064992177123952,1.274360574819396,8.517787955218182
182,2004.02.13.16.42.39,False,0.20654100351926719,-0.0021383789062499998,0.07608979643033326,0.361,-0.361,0.07611983831535804,0.722,4.7425218969121765,0.34371284005047764,-0.01761967963858389,1.264644034099398,5.997602023515744
183,2004.02.13.16.52.39,False,0.11237439098841062,-0.001569091796875,0.0751486834272887,0.342,-0.327,0.07516506282789814,0.669,4.549986218771094,0.26731500595413404,0.01694565248095126,1.263590489965889,5.7493193155150095
184,2004.02.13.17.02.39,False,0.12153777974423086,-0.00178046875,0.07807122492633904,0.322,-0.334,0.07809152470318882,0.656,4.12336679587012,0.3541207352122204,0.007882227036389213,1.2689466924383637,5.232332657329563
185,2004.02.13.17.12.39,False,0.21609678534133991,-0.002096875,0.07632805872566212,0.427,-0.378,0.07635685583884233,0.8049999999999999,5.592163209302646,0.49909250576170816,0.008385265342815654,1.2710812704562782,7.108093916679264
186,2004.02.13.17.22.39,False,0.2284002047460057,-0.00243447265625,0.07782999554263909,0.381,-0.374,0.07786806061076165,0.755,4.892891861073838,0.349412751660938,-0.00726879687814854,1.26802794517752,6.204323612573271
187,2004.02.13.17.32.39,False,0.2226554407254091,-0.0023820312499999996,0.07657321002498375,0.393,-0.352,0.07661025105301672,0.745,5.1298617952319665,0.41609239639212436,-0.005783317921043945,1.269753023143806,6.513657522805701
188,2004.02.13.17.42.39,False,0.1423134225382875,-0.00135166015625,0.07898807803620275,0.396,-0.422,0.07899964213229861,0.8180000000000001,5.012680935146887,0.6273356080180292,0.0020776462340995104,1.2779074919352227,6.405742521705065
189,2004.02.13.17.52.39,False,0.1947964372485227,-0.002103271484375,0.07536050939328993,0.4,-0.381,0.07538985427067177,0.781,5.305753723357553,0.5084444464835762,0.029340556958046396,1.2721604252415668,6.749769912933571
190,2004.02.13.18.02.39,False,0.2049583262279231,-0.00199404296875,0.07720547781315473,0.364,-0.339,0.07723122433134638,0.7030000000000001,4.713119637186184,0.4005096065091731,0.0015044020719814273,1.2747857144171801,6.00821758382403
191,2004.02.13.18.12.39,False,0.15958629358198512,-0.0019072265624999999,0.07528655729607739,0.342,-0.381,0.07531071120800978,0.7230000000000001,4.541186698601063,0.2905308522713739,-0.019873256649079945,1.2636874311076045,5.738640553335201
192,2004.02.13.18.22.39,False,0.12484892515007862,-0.001304833984375,0.07812222617620639,0.393,-0.479,0.07813312239027137,0.872,5.029877060806338,0.5664490782766274,0.046206706261909834,1.2692228377290868,6.384034836545058
193,2004.02.13.18.32.39,False,0.19541792220426835,-0.001972509765625,0.07742304190688415,0.352,-0.337,0.07744816468381047,0.6890000000000001,4.544975357867725,0.2876786871169621,0.0020209516267208857,1.2661040307641525,5.754411620320074
194,2004.02.13.18.42.39,False,0.2212729460291531,-0.0022571777343749996,0.07758341228359364,0.42,-0.41,0.07761624000742773,0.83,5.411238678397804,0.516216487402152,-0.010304847983907834,1.2729058140315395,6.887997174844909
195,2004.02.13.18.52.39,False,0.23275986378101687,-0.001997119140625,0.07771170832533071,0.381,-0.371,0.07773736614848181,0.752,4.901117942075284,0.3658649197381023,0.026530861432519336,1.2648567348414956,6.199212037286414
196,2004.02.13.19.02.39,False,0.22061174910836473,-0.00183994140625,0.07655629609046088,0.393,-0.405,0.07657840332279559,0.798,5.131995222509597,0.5125468703141562,-0.019851269286148544,1.2743466673580297,6.539941008702435
197,2004.02.13.19.12.39,False,0.21965417795711867,-0.0023774902343749998,0.0761457171826727,0.388,-0.405,0.07618282421306082,0.793,5.093011502368025,0.38105439907995553,0.0019856145608443043,1.2709103867194986,6.472761218041401
198,2004.02.13.19.22.39,False,0.14741052478403555,-0.00199609375,0.07524764443192698,0.415,-0.459,0.07527411495867953,0.874,5.513183386185375,0.4514792731300825,-0.009227988127467938,1.2705706590768473,7.004889048597076
199,2004.02.13.19.32.39,False,0.16868066775446394,-0.00181630859375,0.07651418403818844,0.356,-0.398,0.07653573894552466,0.754,4.651421739762489,0.3525296268182996,-0.11389563223107588,1.2675230292783308,5.895784174034834
200,2004.02.13.19.42.39,False,0.20905422056967543,-0.0020895507812500004,0.07657643296815494,0.337,-0.366,0.07660493658109607,0.7030000000000001,4.399194295308145,0.3462653410221592,-0.003349767024849033,1.2667493751964858,5.572676624949536
201,2004.02.13.19.52.39,False,0.19859345943022533,-0.001629345703125,0.07862438808983879,0.405,-0.386,0.07864126887278634,0.791,5.149967768896841,0.3624940923308939,0.004950696919003151,1.2650113115498918,6.514767481771862
202,2004.02.13.20.02.39,False,0.19547990447890307,-0.001882666015625,0.07700383419533723,0.442,-0.403,0.07702684539892164,0.845,5.738259144729143,0.5425193663094023,-0.019713770351827996,1.2725701674053969,7.302337400423515
203,2004.02.13.20.12.39,False,0.20460775513667961,-0.001766796875,0.07652579803399628,0.391,-0.442,0.07654619086497708,0.833,5.108026873469129,0.5200155088401148,-0.01990394416303767,1.2718739058699835,6.496766090848021
204,2004.02.13.20.22.39,False,0.17591691748894883,-0.001850146484375,0.0773896824151287,0.366,-0.337,0.07741179487861087,0.7030000000000001,4.727961683021601,0.4319008103829316,0.050657215233047795,1.2703300989601507,6.006072032672631
205,2004.02.13.20.32.39,False,0.12657516776807787,-0.0017079101562500001,0.0758711009598973,0.471,-0.376,0.07589032163569179,0.847,6.206324994391448,0.5098311593414584,-0.010439030765608754,1.2704922188735093,7.88508761317451
206,2004.02.13.20.42.39,False,0.09727729003116403,-0.002152734375,0.0756129652894723,0.403,-0.5,0.07564360372930583,0.903,5.327615027995683,0.42220488142617585,-0.04556403126980967,1.267814853859209,6.754429468136473
207,2004.02.13.20.52.39,False,0.20107885986782797,-0.0027057128906250003,0.07584539467327026,0.371,-0.369,0.07589364120524608,0.74,4.888420085111886,0.3855004562475095,0.007241652539189095,1.2704408259396207,6.210448450469375
208,2004.02.13.21.02.39,False,0.22602239059897122,-0.002369189453124999,0.07718505169401052,0.371,-0.371,0.07722140418091265,0.742,4.8043674410637385,0.35013309394085246,-0.017889749662760905,1.268112144031345,6.092476696401723
209,2004.02.13.21.12.39,False,0.22995574454841955,-0.002247265625,0.07666136660171108,0.359,-0.374,0.07669429791080462,0.733,4.68092165622947,0.3974503405974854,-0.011486986147813063,1.26880486649817,5.9391761771206255
210,2004.02.13.21.22.39,False,0.12191043211633629,-0.0019032226562500005,0.07667083221833441,0.354,-0.515,0.07669445070884366,0.869,4.615718565400457,0.4542567805615856,0.019394003539227038,1.2640918225824536,5.834692093864732
211,2004.02.13.21.32.39,False,0.19088145569331877,-0.00254072265625,0.07640126774314035,0.352,-0.383,0.0764435019107249,0.735,4.604707937256534,0.462142207546961,-0.002604927523746154,1.275459626975963,5.873119067986475
212,2004.02.13.21.42.39,False,0.19579682711016744,-0.0021406249999999997,0.07803364064469648,0.376,-0.339,0.07806299602024157,0.7150000000000001,4.816622717151466,0.3311462198582422,-0.007461671043633204,1.2658496706133537,6.0971202799749795
213,2004.02.13.21.52.39,False,0.22737469167920815,-0.0021792968750000002,0.07730749201326231,0.388,-0.342,0.07733820308392224,0.73,5.016925458934809,0.42701086599625615,-0.012023860933513677,1.2708688577557665,6.375854327442305
214,2004.02.13.22.02.39,False,0.21635385038272903,-0.00211962890625,0.07692046829570813,0.369,-0.378,0.07694966711774165,0.747,4.795342381863569,0.320109256981544,0.022963086515134058,1.2654630169250025,6.0683284377414
215,2004.02.13.22.12.39,False,0.20628539628285747,-0.002137548828125,0.07888717205163497,0.41,-0.393,0.07891612654772708,0.8029999999999999,5.1953893067982655,0.5186211330341539,0.020848390760588753,1.2732368323511758,6.614961023818995
216,2004.02.13.22.22.39,False,0.22589777717787257,-0.0016583007812499997,0.07746037066070563,0.381,-0.347,0.07747811939105775,0.728,4.917517397098485,0.40645896817135174,0.017843254212914852,1.269551823038938,6.243043176312075
217,2004.02.13.22.32.39,False,0.2335488406524472,-0.0015822753906250004,0.07686808002580685,0.378,-0.371,0.07688436331443231,0.749,4.916474348029672,0.40884306503313006,0.002145226287302862,1.2698044160970476,6.2429608387559306
218,2004.02.13.22.42.39,False,0.05493908235858391,-0.002445703125,0.07739387126679906,0.32,-0.322,0.07743250463104949,0.642,4.132631399755652,0.2120974655470116,-0.026013526984380232,1.2633923792938317,5.221135016881691
219,2004.02.13.22.52.39,False,0.19727504082573943,-0.0022951171875,0.07761845480901686,0.359,-0.442,0.07765237980798625,0.8009999999999999,4.623168032811252,0.46635980302082913,-0.03146121093134043,1.2692692386938569,5.868044969360113
220,2004.02.13.23.02.39,False,0.20053476886337868,-0.00198408203125,0.07842634470312429,0.354,-0.359,0.07845143800466631,0.713,4.512345586054701,0.3903152250695121,-0.01243371590730897,1.2707158135324637,5.73390889232312
221,2004.02.13.23.12.39,False,0.11616243314787505,-0.001492529296875,0.07745103192683972,0.459,-0.457,0.07746541157338786,0.916,5.9252250866202445,0.39815988514681777,-0.0002756702000953365,1.2660989573665826,7.501921304332212
222,2004.02.13.23.22.39,False,0.2134995887397439,-0.0023976074218749997,0.0769863685436662,0.408,-0.388,0.07702369416543603,0.796,5.2970713028081144,0.3219624132001546,-0.00033013657832888876,1.266156807029505,6.7069228873711415
223,2004.02.13.23.32.39,False,0.12976110313180045,-0.002389208984375,0.0759900835864513,0.315,-0.364,0.07602763394350028,0.679,4.143230344825559,0.3787525414114188,-0.013967775473019087,1.2707353016196585,5.264949061911628
224,2004.02.13.23.42.39,False,0.21266085462902795,-0.002610693359375,0.0773580671906957,0.369,-0.359,0.07740210771869765,0.728,4.767312039370505,0.34209177024348225,-0.004966223100446778,1.2674899401505992,6.0425200514609525
225,2004.02.13.23.52.39,False,0.2202882707163093,-0.001871240234375,0.07754091329985661,0.349,-0.405,0.07756348867470199,0.754,4.499539744320828,0.47343584665412886,0.013195322849000978,1.2714929077824773,5.721132873189314
226,2004.02.14.00.02.39,False,0.22622311564999398,-0.0018188964843750001,0.07698179360874721,0.374,-0.369,0.0770032787070825,0.743,4.856936045836198,0.447202651604071,-0.013107538257795603,1.274601237660181,6.190656695259164
227,2004.02.14.00.12.39,False,0.21830038703180743,-0.00182568359375,0.0763151552089869,0.347,-0.386,0.07633698995347046,0.733,4.5456337774322275,0.4471539298962406,0.015299675732331125,1.2731057944725637,5.787072701599177
228,2004.02.14.00.22.39,False,0.18772646566781853,-0.0021806640625,0.07639013810918444,0.388,-0.457,0.07642125683403637,0.845,5.077121419798388,0.5469289750901192,0.014747629489465744,1.2695899627026255,6.445862393998537
229,2004.02.14.00.32.39,False,0.1995720858812432,-0.00199072265625,0.07819087792379231,0.435,-0.347,0.07821621550028805,0.782,5.561506616213079,0.40368368534336563,-0.007929516634509219,1.2713218657160064,7.070464967515925
230,2004.02.14.00.42.39,False,0.2288563907114462,-0.002210791015625,0.07758871592333584,0.388,-0.342,0.0776202063611459,0.73,4.998698382670365,0.3791111272392751,0.025309352983044223,1.2689509659858917,6.3431031413616745
231,2004.02.14.00.52.39,False,0.20272196849801172,-0.0016534667968750004,0.07715302673181239,0.42,-0.42,0.07717074242436783,0.84,5.442477120284625,0.3713008615841109,0.026650007404279016,1.2680895693280452,6.90154846753947
232,2004.02.14.01.02.39,False,0.21287064728369126,-0.002093017578125,0.07782723749792411,0.386,-0.444,0.07785537630209377,0.8300000000000001,4.957910658632566,0.5050743337064105,0.01695731523376372,1.2712956763129768,6.302970383865605
233,2004.02.14.01.12.39,False,0.17262891778565442,-0.002283251953125,0.0761109060021734,0.403,-0.308,0.0761451459513548,0.7110000000000001,5.292523836745364,0.3286110755448455,0.009797629611827667,1.2689484203644514,6.715939762379235
234,2004.02.14.01.22.39,False,0.2278322637722554,-0.0021444335937500004,0.07808635380561539,0.369,-0.415,0.07811579383257748,0.784,4.7237566424897794,0.42558587856816343,0.013796722577398047,1.270159374318151,5.999923781456028
235,2004.02.14.01.32.39,False,0.18644502085773162,-0.0018599121093749997,0.07644353036305476,0.415,-0.322,0.07646615334526692,0.737,5.427237828038169,0.35054667928770566,0.0028537745472719356,1.2636738877569096,6.858258725938358
236,2004.02.14.01.42.39,False,0.2060320861587962,-0.0020169921875,0.07782119996755746,0.347,-0.378,0.077847334070442,0.725,4.457442302211772,0.30035065706366915,0.013826116677970837,1.2671523938135156,5.648258683533276
237,2004.02.14.01.52.39,False,0.13040495031007093,-0.001845947265625,0.07807434200224268,0.361,-0.374,0.07809616123978583,0.735,4.622506334102498,0.2668683879683287,-0.04306358568159307,1.2623086065129296,5.835029529198115
238,2004.02.14.02.02.39,False,0.10641500764640344,-0.0019934570312500005,0.07850798225341203,0.327,-0.332,0.07853328688166249,0.659,4.163839474753405,0.3653585893301865,-0.018485021555004026,1.2744687463541178,5.30668327540876
239,2004.02.14.02.12.39,False,0.06518782644756071,-0.00148935546875,0.07738626662201734,0.522,-0.356,0.07740059716440338,0.878,6.7441340134784955,0.5063321280777129,-0.0021355182041216734,1.2712576607809776,8.573532029968097
240,2004.02.14.02.22.39,False,0.21397709653592512,-0.002094580078125,0.07705413826998973,0.378,-0.452,0.0770826017349854,0.8300000000000001,4.903830326064844,0.44447058511821647,-0.014553599588714976,1.2689605840375522,6.222767394584305
241,2004.02.14.02.32.39,False,0.1868974283200709,-0.0021640625,0.0778242708058665,0.334,-0.415,0.0778543530765541,0.749,4.290061978571425,0.39565238708172235,0.00459849518835831,1.2690539511720085,5.444320104678872
242,2004.02.14.02.42.39,False,0.21718755693428754,-0.0021553710937499996,0.0761645793330435,0.349,-0.393,0.07619507050676735,0.742,4.580348803128978,0.371201721911139,-0.010028938759595863,1.265536662610555,5.796599337904097
243,2004.02.14.02.52.39,False,0.11325381586884875,-0.00214140625,0.0768690770353883,0.447,-0.349,0.07689889872423401,0.796,5.8128270679529495,0.30749474025222057,-0.03422241407165612,1.2631573658651774,7.342515327385249
244,2004.02.14.03.02.39,False,0.20540133422225682,-0.002520458984375,0.07562072541757292,0.381,-0.374,0.07566271754418999,0.755,5.0355050990268895,0.48816477088484156,0.01744665504223731,1.271958589447884,6.4049539629158705
245,2004.02.14.03.12.39,False,0.226520958924177,-0.0015254882812500003,0.0770758804201095,0.383,-0.396,0.07709097519834116,0.779,4.968156117037179,0.47452227231467026,0.011662416730180777,1.2716139563479305,6.317576655739818
246,2004.02.14.03.22.39,False,0.17868488164808988,-0.0016271484375,0.07810519464754627,0.386,-0.437,0.07812214182271728,0.823,4.9409807641468735,0.46552930585791463,0.04079065620665985,1.27507524377083,6.3001222523115565
247,2004.02.14.03.32.39,False,0.19198895797278642,-0.0017623046875000002,0.07614653613777954,0.405,-0.369,0.07616692644182087,0.774,5.317268516924522,0.5528697268991065,-0.01822131764890121,1.2755003422230238,6.782177813028938
248,2004.02.14.03.42.39,False,0.22148636709517106,-0.00176015625,0.07729347099574023,0.352,-0.403,0.07731350987113281,0.755,4.552891216382729,0.4825257504421647,0.0018541488833849265,1.27196743820094,5.791129376909902
249,2004.02.14.03.52.39,False,0.14717465244643307,-0.0016072753906249998,0.07585974810540545,0.386,-0.381,0.07587677323658983,0.767,5.087195771971236,0.27987204517447983,-0.01367544546435708,1.2632507394657937,6.426403820749924
250,2004.02.14.04.02.39,False,0.17229201842511505,-0.001872021484375,0.07618124575959567,0.405,-0.305,0.0762042431228201,0.71,5.314664687991879,0.3237082059057306,0.0039008739432067627,1.2672851253513848,6.735195505322367
251,2004.02.14.04.12.39,False,0.10883841956914397,-0.002181689453125,0.07573095783938526,0.312,-0.347,0.07576237683798354,0.659,4.118139015981591,0.35182436286050134,-0.015463087013837033,1.2662418240072195,5.214559859111826
252,2004.02.14.04.22.39,False,0.22432563285303941,-0.00195458984375,0.07606733812948373,0.386,-0.374,0.07609244608739095,0.76,5.072776863510016,0.40188111728737264,-0.009484184428140544,1.2694326521771229,6.439548587748265
253,2004.02.14.04.32.39,False,0.2186074591578157,-0.00221328125,0.07858706183877948,0.376,-0.378,0.0786182224572888,0.754,4.782606223439748,0.4397530049606644,-0.011792016241481277,1.272787146389207,6.08723972743514
254,2004.02.14.04.42.39,False,0.1800801716615672,-0.0022400390625,0.0765144536641916,0.381,-0.383,0.0765472363611597,0.764,4.977318817917776,0.30756512844638406,0.006006435189638743,1.26278128316795,6.285265043626193
255,2004.02.14.04.52.39,False,0.2360365456212335,-0.002071728515625,0.07652201468840958,0.386,-0.396,0.07655005415423052,0.782,5.042452343956543,0.42756084971696895,0.016289366068361223,1.26879330042565,6.397829751727677
256,2004.02.14.05.02.39,False,0.22539907121032476,-0.0017284179687500005,0.07693216036150163,0.366,-0.415,0.07695157390568759,0.7809999999999999,4.756238000389339,0.4721707407507001,-0.008608442494671551,1.2708539839885957,6.044484011592744
257,2004.02.14.05.12.39,False,0.23284783451158564,-0.0019992675781249996,0.07663639959969533,0.391,-0.371,0.07666247331291318,0.762,5.100278964442688,0.4292422492209682,0.04309660012963599,1.2678574369287943,6.466426615480151
258,2004.02.14.05.22.39,False,0.21021991361651787,-0.0013808105468750003,0.07716882335360903,0.405,-0.366,0.07718117604407745,0.771,5.2473934806164175,0.35732634289883913,-0.013051133842295125,1.2693589367787748,6.66082580941513
259,2004.02.14.05.32.39,False,0.14926847206160815,-0.0017159179687499999,0.07546582072819967,0.332,-0.425,0.0754853262075236,0.757,4.3982058060830065,0.38032259689892367,0.012460128095724107,1.2686130551877173,5.579621304999319
260,2004.02.14.05.42.39,False,0.19587534206395413,-0.002054443359375,0.0784624556589328,0.376,-0.332,0.07848934759282226,0.708,4.790458979867793,0.41622160589178225,0.015718867567383735,1.2715158954737704,6.091144739516962
261,2004.02.14.05.52.39,False,0.21443993830734537,-0.0016285156250000002,0.07743160658657343,0.425,-0.386,0.07744872989093333,0.8109999999999999,5.487501223047859,0.4381933427723923,0.015314352396913759,1.2666643147213958,6.950821976224738
262,2004.02.14.06.02.39,False,0.20672317200708995,-0.0018689941406250005,0.07741707682889115,0.439,-0.371,0.0774396340631083,0.81,5.668931746787999,0.4181568338101229,0.0024534857235017507,1.2681166163159474,7.188866544862851
263,2004.02.14.06.12.39,False,0.17457671613802872,-0.0018088378906250002,0.07722561830806902,0.361,-0.422,0.0772467994002219,0.7829999999999999,4.6733327827555655,0.3107750326515637,-0.002774610928886724,1.2637745387037758,5.906038981736148
264,2004.02.14.06.22.39,False,0.18282361462954794,-0.002231689453125,0.07561313234411028,0.361,-0.371,0.07564605885770338,0.732,4.772224825077423,0.30545519863093196,-0.007118658398940649,1.2663543230722165,6.043327537909347
265,2004.02.14.06.32.39,False,0.21562770339688642,-0.00221806640625,0.0761174251271019,0.361,-0.376,0.07614973556462622,0.737,4.7406599290634315,0.46685593190869934,0.02499848784159926,1.2714344518390162,6.027438358263954
266,2004.02.14.06.42.39,False,0.13440410185172902,-0.002585107421875,0.07854463601399202,0.457,-0.415,0.07858716579030653,0.872,5.815198899263135,0.36152174294308015,0.022073842785162782,1.2688950049515,7.378876836074452
267,2004.02.14.06.52.39,False,0.20276837523088387,-0.0021837402343749994,0.07787101639637431,0.347,-0.356,0.07790162973915003,0.703,4.454335566045451,0.3905431033629876,-0.007769181062772956,1.2665956215721068,5.641841924966079
268,2004.02.14.07.02.39,False,0.23359484859801505,-0.0021998046875,0.07767480236110584,0.398,-0.386,0.0777059461206155,0.784,5.121873162476173,0.4178408690106288,-0.0024398842163091536,1.268676599141421,6.498000625003987
269,2004.02.14.07.12.39,False,0.14326200871227152,-0.00161572265625,0.077842216883646,0.435,-0.344,0.07785898335492507,0.7789999999999999,5.587023889292584,0.2996620795127174,0.037770690019256384,1.2634538025264017,7.058946577732561
270,2004.02.14.07.22.39,False,0.13773546010093474,-0.0018083496093750002,0.07569174249187224,0.403,-0.3,0.07571334102894697,0.7030000000000001,5.32270792073386,0.3175699833688572,0.03257407559368675,1.265414010767979,6.735429178122325
271,2004.02.14.07.32.39,False,0.18104363891551,-0.001958203125,0.07636667246369643,0.447,-0.371,0.07639177457459835,0.8180000000000001,5.851415319112585,0.48682290406817597,-0.009018879388756666,1.2695821491942487,7.428852436667105
272,2004.02.14.07.42.39,False,0.18560100577868954,-0.0015443359375,0.07734669556984736,0.413,-0.425,0.07736211145685269,0.838,5.338530609138599,0.40520456329289756,-0.03941316211408002,1.266949457705081,6.763648460190124
273,2004.02.14.07.52.39,False,0.18796108482603296,-0.0022026855468750004,0.07839245707829429,0.352,-0.378,0.07842339670271,0.73,4.488456440293874,0.493499202297464,-0.023451278164833195,1.2748057281895124,5.721909980815738
274,2004.02.14.08.02.39,False,0.19577193597974774,-0.0014310058593750001,0.07626764924815639,0.425,-0.393,0.07628107301034363,0.8180000000000001,5.571500022585818,0.4251022370903268,0.022874933299082814,1.266429990273666,7.055914719413088
275,2004.02.14.08.12.39,False,0.17106829089222203,-0.002165966796875,0.07819403477352323,0.332,-0.364,0.0782240275511823,0.696,4.2442202273818115,0.4252786985695489,-0.015014301055600658,1.2720010514454374,5.398652591795657
276,2004.02.14.08.22.39,False,0.1880161618585665,-0.001795751953125,0.07823877984354832,0.439,-0.435,0.07825938535718496,0.874,5.609550828905093,0.5410550470181552,0.00506188030951919,1.2719337032921811,7.134976759614979
277,2004.02.14.08.32.39,False,0.13329178183591917,-0.0014982421874999998,0.07881855954622202,0.469,-0.364,0.07883279811470445,0.833,5.949300433527537,0.4923650099388044,0.04105354390991375,1.269592994210064,7.553190150857457
278,2004.02.14.08.42.39,False,0.19706660523763475,-0.0022416992187499997,0.07694264287393016,0.439,-0.378,0.07697529154093864,0.817,5.703128773036497,0.501785914417268,-0.025164747638278945,1.2717933340097254,7.25320115654688
279,2004.02.14.08.52.39,False,0.13533640835100902,-0.00162314453125,0.07867075856627527,0.464,-0.344,0.07868750124106433,0.808,5.896743354176485,0.4954958213123164,0.04582439095832844,1.273608709760706,7.510143695102732
280,2004.02.14.09.02.39,False,0.21429303222040497,-0.0020711914062500002,0.07626238379295311,0.408,-0.386,0.07629050409864258,0.794,5.34797881886403,0.39152787018717783,0.0444224420627541,1.2674465490154436,6.778277298176903
281,2004.02.14.09.12.39,False,0.18632474171866564,-0.0016153320312499997,0.07756598740200223,0.349,-0.33,0.07758280543534599,0.679,4.498419437678634,0.35162553099311156,0.025245979534473457,1.2673046319198935,5.700867789688616
282,2004.02.14.09.22.39,False,0.20938583031214714,-0.0016080566406250004,0.07687960697280954,0.356,-0.361,0.07689642263755268,0.717,4.6296041842933,0.2979657430445224,-0.009943743331340788,1.2657694742436387,5.860011654309081
283,2004.02.14.09.32.39,False,0.19261359416579193,-0.001794287109375,0.07677815238829179,0.356,-0.32,0.07679911555734627,0.6759999999999999,4.635470049575937,0.39614492845074434,0.015213985845703673,1.26979117567256,5.886078964045969
284,2004.02.14.09.42.39,False,0.16838001022283233,-0.00207958984375,0.07759947316682808,0.374,-0.442,0.07762733365050933,0.8160000000000001,4.817890585857397,0.43956678433765495,-0.06274782329618074,1.269672555115587,6.117143450412892
285,2004.02.14.09.52.39,False,0.13861605573821634,-0.001760888671875,0.07804401241992168,0.332,-0.349,0.07806387515051777,0.681,4.25292748226832,0.4058667694625022,0.038582511296181204,1.2674023063241397,5.390170099656186
286,2004.02.14.10.02.39,False,0.16160824247422217,-0.0014205078125,0.07613279240530736,0.366,-0.337,0.0761460433763633,0.7030000000000001,4.806553088924002,0.38834967129472453,-0.037739928684967367,1.2708050578476995,6.108191976218103
287,2004.02.14.10.12.39,False,0.18134018782499273,-0.0013749511718749998,0.07773737078082577,0.403,-0.378,0.07774952930173035,0.781,5.183311122515453,0.566700093050676,0.05202531402185551,1.2747059102159433,6.607197322358483
288,2004.02.14.10.22.39,False,0.15806181154092624,-0.0019017578125,0.07603163093844624,0.417,-0.31,0.07605541128636083,0.727,5.482844585902351,0.41783615697612975,0.059188076055494754,1.2694124892380254,6.959991393895533
289,2004.02.14.10.32.39,False,0.18714074470013137,-0.0025357910156250003,0.07687708767655159,0.361,-0.339,0.07691889784508826,0.7,4.693254975221308,0.3496762549842871,0.04022120060803047,1.2650758603231136,5.937323575493828
290,2004.02.14.10.42.39,False,0.20080564699998626,-0.0020474609375,0.07623180554825466,0.422,-0.327,0.07625929630830264,0.749,5.533751561172684,0.3821786978973143,0.029506456655548862,1.2683726660630164,7.018859220974976
291,2004.02.14.10.52.39,False,0.20739796263381877,-0.0018961425781249999,0.07748024070667338,0.403,-0.352,0.07750343899879944,0.755,5.1997692645128,0.5782366156865968,0.04665369335363619,1.2735156528246552,6.621987549433595
292,2004.02.14.11.02.39,False,0.15922469206031042,-0.001577197265625,0.0768780283801128,0.356,-0.413,0.0768942052356881,0.7689999999999999,4.629737688410016,0.5470773142021708,0.012776494449708225,1.2778503032975235,5.916111709322714
293,2004.02.14.11.12.39,False,0.20903564901222105,-0.002376953125,0.07761809988513667,0.381,-0.342,0.07765448690151458,0.7230000000000001,4.906348817721297,0.33117999857251323,0.003910368760620754,1.2664754580908617,6.213770366477137
294,2004.02.14.11.22.39,False,0.21369060370252363,-0.001987890625,0.07696297335359087,0.386,-0.449,0.07698864186724233,0.835,5.013726578858355,0.4282343784664384,-0.008255556087311537,1.2715769033330613,6.375338917303371
295,2004.02.14.11.32.39,False,0.19146858233120367,-0.0017611816406249998,0.07811699363331163,0.444,-0.383,0.07813684441464298,0.827,5.682338509139917,0.5572219183026554,0.017624769244197622,1.2725232885063942,7.230908086057247
296,2004.02.14.11.42.39,False,0.2200641825416414,-0.0017129394531250005,0.07651611202208854,0.415,-0.354,0.07653528310881769,0.7689999999999999,5.422335727300491,0.4463197937706549,-0.0024098928296286855,1.269020909914097,6.881057418518586
297,2004.02.14.11.52.39,False,0.22161619122643222,-0.00240849609375,0.07841127565900609,0.393,-0.361,0.07844825685702805,0.754,5.009671543323678,0.4749347955380543,0.009961759938714265,1.2702222587564334,6.363396303388429
298,2004.02.14.12.02.39,False,0.20246008308467528,-0.0023276367187500006,0.07777931005189796,0.403,-0.413,0.07781413088150346,0.8160000000000001,5.179007918416445,0.5191691228606845,0.028374827542100186,1.2757701616079289,6.607223769046891
299,2004.02.14.12.12.39,False,0.20939401758690412,-0.001596875,0.0772861356750234,0.369,-0.33,0.07730263111527155,0.6990000000000001,4.773446837142676,0.3969041106344444,0.0004034613001456704,1.271706732739095,6.070424481166479
300,2004.02.14.12.22.39,False,0.21939329016318437,-0.0014182128906250003,0.07810925747846724,0.396,-0.369,0.0781221315098393,0.765,5.068986116311033,0.44814243720393065,0.027244951788175667,1.2720550671562472,6.448029474598115
301,2004.02.14.12.32.39,False,0.1622696276107478,-0.0019869140625,0.07920803258770218,0.432,-0.344,0.07923294929450911,0.776,5.452277163055672,0.35898690771115405,0.0017911149536530618,1.2687719431090494,6.91769629053924
302,2004.02.14.12.42.39,False,0.12723208106378509,-0.00177626953125,0.07536018552169875,0.371,-0.454,0.07538111630449963,0.825,4.921657016876179,0.500196713065042,-0.03803265590001687,1.2677772026844727,6.23956456542769
303,2004.02.14.12.52.39,False,0.1823766214925936,-0.001262939453125,0.07694237300236206,0.393,-0.315,0.07695273730866807,0.708,5.107030805462093,0.3559125944069117,0.010654915068832429,1.2670202925911276,6.4707116654084835
304,2004.02.14.13.02.39,False,0.19679761822312103,-0.001960400390625,0.07618175124586309,0.374,-0.449,0.07620697076106703,0.823,4.907687528646275,0.523982653973766,-0.016744396743816788,1.2717192825156816,6.2412008627411995
305,2004.02.14.13.12.39,False,0.18791735568222367,-0.0022045898437500003,0.07852223161525393,0.349,-0.356,0.07855317354645036,0.705,4.4428504189411,0.36186418762455075,-0.006613372548089036,1.2702579524759796,5.643566076321171
306,2004.02.14.13.22.39,False,0.20825608067814166,-0.001957421875,0.07701287333790059,0.422,-0.327,0.07703774503551003,0.749,5.477834272089376,0.3981230179180373,-0.013292743712402088,1.2694517408651156,6.953846252874451
307,2004.02.14.13.32.39,False,0.22622072636486706,-0.00251982421875,0.0777947344024668,0.364,-0.378,0.07783553311209315,0.742,4.676527357701698,0.4319978423653219,-0.021218987564437592,1.2704844186445705,5.94145514132507
308,2004.02.14.13.42.39,False,0.22852668540529714,-0.0020064453124999998,0.076996360363586,0.366,-0.383,0.07702249886903988,0.749,4.75185829302038,0.41200630636974145,0.022712327749459773,1.2664980408141455,6.018219218336761
309,2004.02.14.13.52.39,False,0.22332294555131266,-0.00186630859375,0.07603351053492233,0.383,-0.364,0.07605641216906862,0.747,5.035735831827237,0.42089091311293725,-0.004630215313991656,1.2676935282217576,6.383769723841798
310,2004.02.14.14.02.39,False,0.19584862094258243,-0.0022175292968750005,0.07761152632757344,0.378,-0.325,0.07764319967053215,0.7030000000000001,4.868423784748556,0.4177640583898037,0.02972657172796808,1.2706779413958698,6.186198712646984
311,2004.02.14.14.12.39,False,0.2005239005837507,-0.00143525390625,0.07823235565931684,0.386,-0.408,0.07824552016429598,0.794,4.933189774820294,0.462614995853301,-0.034631711359347894,1.2707271422899882,6.268738144931581
312,2004.02.14.14.22.39,False,0.180511199928363,-0.0017629394531250002,0.07846343012353105,0.417,-0.374,0.07848323274601796,0.7909999999999999,5.313236794787324,0.3663784441404645,-0.0352759882795859,1.2652139091160923,6.722381095192327
313,2004.02.14.14.32.39,False,0.18565863089755713,-0.0019533691406250003,0.07776679646355235,0.361,-0.371,0.07779132524390572,0.732,4.640620260268432,0.2953570136517203,0.0016333440813211999,1.2633158388002759,5.862569076654568
314,2004.02.14.14.42.39,False,0.21450306833132776,-0.002040087890625,0.07650616999469977,0.371,-0.332,0.07653336531121165,0.7030000000000001,4.847558950157009,0.35526277295406405,-0.0059417829259855144,1.2661250641774078,6.137615886871311
315,2004.02.14.14.52.39,False,0.19141767203702642,-0.0022418457031249998,0.07768720809548703,0.378,-0.415,0.07771954820910969,0.7929999999999999,4.863641242264629,0.43795264689450253,-0.054202700195404484,1.2660172164439973,6.157453547314091
316,2004.02.14.15.02.39,False,0.18741305940802017,-0.0016091308593749998,0.07691784505126578,0.359,-0.337,0.07693467481866109,0.696,4.666296450153082,0.41623752967556893,0.025370708024740476,1.2650549461670153,5.9031214045477425
317,2004.02.14.15.12.39,False,0.15555616452049792,-0.0016529785156249998,0.07839013968553384,0.371,-0.437,0.07840756556538804,0.808,4.731686251508527,0.44322064491886604,-0.05459562201458002,1.2685614475046447,6.002434760351483
318,2004.02.14.15.22.39,False,0.2093924669591019,-0.0024003417968750003,0.07633647011622328,0.366,-0.349,0.0763741992465183,0.715,4.792194269934489,0.3836154471369735,-0.010751406389425323,1.2696331475071896,6.084328694402845
319,2004.02.14.15.32.39,False,0.1972529504223669,-0.0015445312500000003,0.07683881242635635,0.369,-0.398,0.07685433411249491,0.767,4.8012907048271245,0.36018537092225333,-0.04024629297438455,1.2653380388609985,6.075255764447495
320,2004.02.14.15.42.39,False,0.18531570100877448,-0.002496728515625,0.07685214338209696,0.344,-0.393,0.07689268883127397,0.737,4.473767340284341,0.47939329223455873,-0.011281579773307956,1.2749242963294374,5.703714678253632
321,2004.02.14.15.52.39,False,0.15260389472842117,-0.001877392578125,0.07815712687331831,0.327,-0.432,0.07817967180785793,0.759,4.182672969050925,0.4221871397231127,0.014268408983468239,1.2719928108184637,5.320329946637496
322,2004.02.14.16.02.39,False,0.21338584124586918,-0.0017803710937500002,0.0782394068899253,0.417,-0.354,0.07825966082036613,0.7709999999999999,5.32841563110226,0.47184744365062325,-0.01625925908180953,1.2706665971125413,6.770639757973982
323,2004.02.14.16.12.39,False,0.15554617257340114,-0.0027058593750000004,0.07595500572941342,0.374,-0.4,0.07600318789572251,0.774,4.920846221781296,0.30438619570477865,-0.024944061975606887,1.2640739663597977,6.220313601413707
324,2004.02.14.16.22.39,False,0.17950710921204777,-0.002043603515625,0.07754249215087042,0.374,-0.361,0.0775694166814272,0.735,4.821487849212466,0.27221367860096635,0.015394699434514221,1.2634249225465937,6.091587912450602
325,2004.02.14.16.32.39,False,0.15041527708352292,-0.0015506835937500005,0.07731367956811282,0.383,-0.378,0.07732922906617362,0.761,4.952849066583245,0.2258166101647494,-0.02362288311900288,1.2584489336736728,6.2329076264883305
326,2004.02.14.16.42.39,False,0.194550304180175,-0.001159716796875,0.07650491219623855,0.391,-0.386,0.07651370160437361,0.777,5.110195844683196,0.4724327312404091,0.004941477534774784,1.2689486751011405,6.484576246618095
327,2004.02.14.16.52.39,False,0.10956256738754455,-0.0024634765624999997,0.07872387918744708,0.461,-0.427,0.07876241407609184,0.888,5.853045585355357,0.6552318596666904,-0.00041176816038151776,1.276784858520183,7.473079979610122
328,2004.02.14.17.02.39,False,0.14146801451195562,-0.0013345214843750001,0.07562268242617169,0.364,-0.378,0.07563445673052643,0.742,4.812621333380819,0.2940289000270888,-0.014845114149992594,1.2629206719851265,6.0779589683632596
329,2004.02.14.17.12.39,False,0.15378053067924857,-0.0016426269531250003,0.07763246535492412,0.354,-0.347,0.07764984159926294,0.701,4.5589275226977435,0.3089038176237877,0.05208952830971312,1.2646181903691385,5.76530267377808
330,2004.02.14.17.22.39,False,0.19088233606044214,-0.0017079589843750002,0.07829359630142696,0.422,-0.374,0.07831222347566902,0.796,5.38868622637323,0.4207031177532925,0.05771399812147966,1.2714162112653258,6.851263025633098
331,2004.02.14.17.32.39,False,0.23996320121560044,-0.0019138183593750003,0.07746422337313492,0.383,-0.4,0.077487861007487,0.783,4.942709671170223,0.4261150547702037,-0.015180320245078795,1.268946944425565,6.272036334414143
332,2004.02.14.17.42.39,False,0.21701055102385608,-0.00196455078125,0.07661337986162496,0.403,-0.352,0.0766385636190668,0.755,5.258449284137395,0.4142624303884457,0.04438985744230545,1.2699447886997184,6.67794026503205
333,2004.02.14.17.52.39,False,0.17628270560960058,-0.0018185546875,0.07509976364459194,0.374,-0.366,0.07512177873709461,0.74,4.978582859557895,0.4322386192221237,0.005397107076972954,1.2690054856022355,6.317848959304234
334,2004.02.14.18.02.39,False,0.11630382044137588,-0.0021423339843750005,0.07497681350459298,0.354,-0.349,0.0750074140215694,0.703,4.719533457028694,0.264094651949371,0.0052841904323497665,1.2615367375267137,5.953864840028151
335,2004.02.14.18.12.39,False,0.21534078742829804,-0.001755419921875,0.0763621415047716,0.352,-0.361,0.07638231571703541,0.713,4.608396546970545,0.33280843175983454,0.0034653848290840004,1.2660007930238761,5.834233683033203
336,2004.02.14.18.22.39,False,0.1801383516641502,-0.0022265625,0.0778484444935067,0.364,-0.354,0.07788027921511965,0.718,4.6738404595926655,0.3784283215736437,-0.052990636716203465,1.2701963669132088,5.9366951713065665
337,2004.02.14.18.32.39,False,0.18853212925119145,-0.0017974121093750003,0.07525292848292316,0.398,-0.396,0.07527439096762507,0.794,5.2873227519193975,0.43813676578415883,0.014947210797409039,1.2702853137208698,6.716408440665424
338,2004.02.14.18.42.39,False,0.1994161224077286,-0.0022341796875,0.07915147318116678,0.378,-0.374,0.07918299858950152,0.752,4.773752026740209,0.41325990616012565,0.011272075494800119,1.2693258132260719,6.059446673481625
339,2004.02.14.18.52.39,False,0.19589467775363217,-0.0009719238281250001,0.07800105820352181,0.381,-0.359,0.07800711324486297,0.74,4.884169970551886,0.34814837459687187,0.02101306121225579,1.2704084883822848,6.204890989290971
340,2004.02.14.19.02.39,False,0.16194841307945756,-0.0020195800781250004,0.0782297576242485,0.349,-0.381,0.07825582203031686,0.73,4.459732080570247,0.3212339905021637,0.0019217993073334483,1.2635350546873203,5.635027818314124
341,2004.02.14.19.12.39,False,0.21048229380415923,-0.0015823242187499999,0.07754587012035527,0.425,-0.371,0.07756201211067341,0.796,5.479486522262555,0.5701837051718379,0.03888345369701389,1.2720969518961223,6.970438102926078
342,2004.02.14.19.22.39,False,0.18886792713341416,-0.0018259277343749998,0.07687381427959207,0.376,-0.354,0.07689549618790671,0.73,4.8897532188514985,0.36326545631774865,0.055369502842684895,1.2643274829844833,6.18224937960579
343,2004.02.14.19.32.39,False,0.22838589169756085,-0.0017081542968749998,0.07673297177188527,0.386,-0.4,0.07675198204637373,0.786,5.029186083647688,0.3774049694681154,0.014011684004366596,1.2690364619851386,6.382220514257157
344,2004.02.14.19.42.39,False,0.21306612780609346,-0.0019189941406250002,0.07703683378953455,0.391,-0.339,0.07706073123730481,0.73,5.073920188947265,0.3376605342051544,0.03782793004877168,1.2653112766849617,6.420088432074466
345,2004.02.14.19.52.39,False,0.22922255559339982,-0.0020412109375,0.07645715623248507,0.354,-0.369,0.07648439894024141,0.723,4.6283948740525025,0.40368314859793664,0.009556589048265103,1.267938023150663,5.8685178469667925
346,2004.02.14.20.02.39,False,0.16707536190839278,-0.001978857421875,0.07802320488327184,0.454,-0.386,0.07804829515724943,0.8400000000000001,5.8169111712856,0.4955016945782238,0.039552440455765454,1.269706008371192,7.385767064342835
347,2004.02.14.20.12.39,False,0.19242878970025862,-0.002130712890625,0.07647613594591682,0.337,-0.352,0.07650581224090511,0.6890000000000001,4.404894087508522,0.32143393913664564,0.003097700371138625,1.2669731067590997,5.580882346995462
348,2004.02.14.20.22.39,False,0.13138532000400832,-0.0019508300781250001,0.0786808722778091,0.422,-0.461,0.07870505320746964,0.883,5.361790416272146,0.5518785151478052,-0.040945560488670346,1.2695133270973764,6.806864390560478
349,2004.02.14.20.32.39,False,0.23599498295256427,-0.001975830078125,0.07719535987180028,0.376,-0.388,0.07722064160724369,0.764,4.869164412183921,0.42249302572013914,-0.019125658602111028,1.2704405834034376,6.185984076502197
350,2004.02.14.20.42.39,False,0.17042592019818265,-0.0019471191406249997,0.07665643399961015,0.41,-0.378,0.07668115900587559,0.788,5.346815375711579,0.30615492979033476,0.030253716776114506,1.2620151002065538,6.747761742164591
351,2004.02.14.20.52.39,False,0.18802012595603562,-0.0023460449218749998,0.07556877706675667,0.393,-0.349,0.07560518496862914,0.742,5.198056193673324,0.389790037405521,0.0035128804980339022,1.2688105210365908,6.595348387472129
352,2004.02.14.21.02.39,False,0.17935912395713055,-0.00203828125,0.07640429061505413,0.366,-0.352,0.07643147398057787,0.718,4.78860318843262,0.27409504741691837,-0.012521961375462314,1.2638299520586451,6.051980138064673
353,2004.02.14.21.12.39,False,0.19753295772284307,-0.0024192871093750004,0.07734805877568478,0.369,-0.339,0.07738588467210526,0.708,4.768311450641215,0.46867986441406906,0.020102007899549853,1.2735192897283718,6.072536611824262
354,2004.02.14.21.22.39,False,0.033541748651388814,-0.00165908203125,0.07671429012964165,0.522,-0.369,0.07673222832214147,0.891,6.802878157122075,0.41505337196138736,-0.017336723568894173,1.2672335390485299,8.620835362765748
355,2004.02.14.21.32.39,False,0.19823957740984405,-0.0018869140625000004,0.07785117202077461,0.361,-0.449,0.07787403565815439,0.81,4.635691433595285,0.5209914178339532,-0.023116085785980855,1.2733598169706246,5.902903195415184
356,2004.02.14.21.42.39,False,0.12182863798929744,-0.00113603515625,0.07609349942401462,0.459,-0.371,0.07610197914948566,0.8300000000000001,6.031380591277332,0.46806435398399415,-0.011006075117471524,1.2684365125848973,7.650423363272055
357,2004.02.14.21.52.39,False,0.22083498945842173,-0.0017716796875000003,0.0784287645702927,0.391,-0.369,0.07844877284532563,0.76,4.9841442487688035,0.3924706247737939,-0.018447182450738897,1.2689143810210421,6.324452314346054
358,2004.02.14.22.02.39,False,0.19972869112130598,-0.00153271484375,0.07837120333241189,0.354,-0.378,0.07838618964181446,0.732,4.5161016451699245,0.4702673332381768,0.011830659019398513,1.2729369536595994,5.748712670619709
359,2004.02.14.22.12.39,False,0.2030746490717943,-0.0017539550781250004,0.07638111651411816,0.354,-0.396,0.07640125207324402,0.75,4.633431918898774,0.4155701252808761,0.04186611645741568,1.2706687140378268,5.8875569779689245
360,2004.02.14.22.22.39,False,0.2095820662038113,-0.002301123046875,0.07755393472743673,0.398,-0.327,0.07758806582835001,0.7250000000000001,5.1296548734763565,0.4161077726251592,-0.0136327611505856,1.273461481815835,6.532417896381021
361,2004.02.14.22.32.39,False,0.14164588621624802,-0.001817626953125,0.07628622661353195,0.4,-0.349,0.07630787730419367,0.749,5.241922775619092,0.259737428643497,0.027416412410051064,1.2628190730377242,6.619600060442637
362,2004.02.14.22.42.39,False,0.17653295683004155,-0.0019311035156250004,0.07533387721343443,0.378,-0.366,0.07535862403731158,0.744,5.016015151933302,0.46059922045061397,0.031647557893797515,1.267497805397646,6.3577881969167995
363,2004.02.14.22.52.39,False,0.15077702926728292,-0.0022820312499999998,0.07681343412124615,0.322,-0.371,0.0768473247948489,0.6930000000000001,4.1901263428441915,0.2964954180069941,-0.011202151120523649,1.2679809829412747,5.313000518847707
364,2004.02.14.23.02.39,False,0.21528292791501674,-0.0017149902343749999,0.07785398787240524,0.349,-0.366,0.07787287473273749,0.715,4.481663238936286,0.4005970384193862,0.0220041848818913,1.269439721320626,5.689201333088174
365,2004.02.14.23.12.39,False,0.07602126843614954,-0.0021198730468750004,0.0775262621555561,0.508,-0.354,0.07755523957507239,0.862,6.550169953485388,0.41182245684681895,0.03133042690110886,1.266869504163512,8.298210561158768
366,2004.02.14.23.22.39,False,0.21986248319611879,-0.002073046875,0.0766363670204398,0.403,-0.347,0.07666440030051432,0.75,5.256677133327767,0.4049766158613508,0.034181901208284265,1.268572585930558,6.668476504427639
367,2004.02.14.23.32.39,False,0.18051455994239995,-0.002400390625,0.07752790160446214,0.396,-0.461,0.07756505271282776,0.857,5.105392005161485,0.59416197100937,-0.021400401532155833,1.2723954506749227,6.496077561279594
368,2004.02.14.23.42.39,False,0.1999550014284494,-0.002123388671875,0.07746586924757591,0.393,-0.33,0.07749496549927856,0.7230000000000001,5.071297179991114,0.3910969739121195,-0.03937622034559621,1.270235402128795,6.441741212740636
369,2004.02.14.23.52.39,False,0.22088486139552255,-0.001664501953125,0.07694450865242865,0.417,-0.374,0.07696251021449095,0.7909999999999999,5.418222441521727,0.4719871514500311,0.04347241862057141,1.2700053494810408,6.881171485410819
370,2004.02.15.00.02.39,False,0.20348535993416889,-0.0021071289062499997,0.07824615573099226,0.356,-0.361,0.0782745225402637,0.717,4.548095452346923,0.37340581945696183,0.02183247728819558,1.2704103524713795,5.777947546689532
371,2004.02.15.00.12.39,False,0.2168592837677057,-0.0019688476562500002,0.07573919520095079,0.369,-0.376,0.07576478107129493,0.745,4.870336781581533,0.393678130983552,-0.011643142354171243,1.268290995743207,6.177004286316808
372,2004.02.15.00.22.39,False,0.13468052957370502,-0.0016216796875,0.07493482740432615,0.342,-0.349,0.0749523728985614,0.6910000000000001,4.56289756780421,0.3035741644560339,0.023160760040997895,1.264589585025635,5.770192741784006
373,2004.02.15.00.32.39,False,0.14120687103719903,-0.0018842773437500002,0.07598874676957491,0.408,-0.454,0.07601210519857182,0.862,5.367566112452123,0.5926312705867849,-0.03757943902430413,1.2710203369949942,6.822285689091808
374,2004.02.15.00.42.39,False,0.21623956727020888,-0.001585986328125,0.07783000887917607,0.4,-0.437,0.07784616647443614,0.837,5.138339087402022,0.4691571133496648,0.013646935481141216,1.2705354560835977,6.528441995924505
375,2004.02.15.00.52.39,False,0.21413047131886204,-0.00213740234375,0.07774252606442103,0.374,-0.344,0.07777190268764324,0.718,4.808934680460413,0.3199102815576582,0.002222794763459706,1.2659446901624534,6.087845324066935
376,2004.02.15.01.02.39,False,0.20426626576437346,-0.0017658203125,0.07607377332562755,0.383,-0.391,0.0760942646286499,0.774,5.033230846885646,0.42323338040355285,0.04360532236524247,1.267618789323857,6.380217992516674
377,2004.02.15.01.12.39,False,0.22831302947791987,-0.0019600097656249996,0.07789516199424248,0.381,-0.347,0.07791981712241516,0.728,4.889641866092084,0.3696095439516789,0.013746491794007549,1.2694673167547654,6.207240539639683
378,2004.02.15.01.22.39,False,0.10304544580272901,-0.0013693359375000001,0.07684182412407498,0.466,-0.322,0.07685402406917285,0.788,6.0634430746342485,0.3818657000263892,0.03334258575138884,1.2639124631311731,7.663661271516627
379,2004.02.15.01.32.39,False,0.21486055000091564,-0.0018294433593749999,0.07672148901858732,0.371,-0.327,0.07674329768933816,0.698,4.834298383968748,0.3646884901407139,-0.0038610033668955842,1.2690342588412342,6.134890266717156
380,2004.02.15.01.42.39,False,0.1759863523715366,-0.00174365234375,0.07580981683692348,0.347,-0.369,0.07582986649298382,0.716,4.576033376401979,0.33242199799785155,0.044223570570014324,1.2651448491241788,5.7893450555752874
381,2004.02.15.01.52.39,False,0.09954517661701612,-0.0012532226562499999,0.07843447478830728,0.493,-0.376,0.0784444861181699,0.869,6.284699210819454,0.5647403422082613,0.011571633412402693,1.2698359222327325,7.9805368183262475
382,2004.02.15.02.02.39,False,0.1380928819710489,-0.00217080078125,0.07728906543416653,0.359,-0.366,0.07731954482353573,0.725,4.6430692371422495,0.25864743757069686,-0.08451365370298387,1.2646969431602815,5.872075471095343
383,2004.02.15.02.12.39,False,0.1595409890674741,-0.0023517578125,0.07736674024999435,0.327,-0.371,0.07740247581129915,0.698,4.2246710660418545,0.3167613458612366,0.0030506682654143974,1.2664317114018657,5.350257408277329
384,2004.02.15.02.22.39,False,0.21918954131970264,-0.0018564453124999998,0.076993353364847,0.359,-0.383,0.07701573119540255,0.742,4.661385335538183,0.3112997957537109,0.00796362533730403,1.2675286046033065,5.9084392498730285
385,2004.02.15.02.32.39,False,0.10355355180045211,-0.0015043945312500002,0.07519694246755879,0.32,-0.342,0.07521198946560981,0.662,4.254640812902815,0.36491925767568567,0.00938821880008867,1.267270168374378,5.391779379339849
386,2004.02.15.02.42.39,False,0.2302231027389009,-0.0023885253906249996,0.0768513764208974,0.408,-0.356,0.07688848490722212,0.764,5.3063862617700845,0.40478293715094704,-0.019998689037883394,1.2718047680275293,6.74868734871497
387,2004.02.15.02.52.39,False,0.20286005334380824,-0.002622607421875,0.07632668791276483,0.398,-0.366,0.07637173140254105,0.764,5.211352324883363,0.44490280527972903,0.04533753750649015,1.27025201236395,6.6197307778206405
388,2004.02.15.03.02.39,False,0.21709747753409697,-0.0020575683593750003,0.07583678928931607,0.366,-0.381,0.07586469664650104,0.747,4.824378349595369,0.36503628346363826,-0.00465469855593431,1.2670874668757193,6.112909342238859
389,2004.02.15.03.12.39,False,0.1552913731164436,-0.0011814453124999998,0.07508954347002032,0.391,-0.369,0.075098837218445,0.76,5.206472090408966,0.36803551699047077,-0.009819002282423673,1.268314558697593,6.603444351718382
390,2004.02.15.03.22.39,False,0.21253692107951072,-0.0017964843750000001,0.07797442105718311,0.415,-0.432,0.07799511327841316,0.847,5.3208461729981265,0.42318121122703367,0.010981915915985381,1.2689003032494266,6.751623322460873
391,2004.02.15.03.32.39,False,0.14775377161376935,-0.00161982421875,0.07794851689857768,0.342,-0.356,0.07796534561705926,0.698,4.386564277926686,0.267938429937038,0.01803113153939538,1.2653261703172436,5.550434578639398
392,2004.02.15.03.42.39,False,0.23726592424537213,-0.002166748046875,0.07795797068379691,0.4,-0.391,0.07798807594904733,0.791,5.1289892093418965,0.4842177956348408,0.016961254322180562,1.2732452736954336,6.530461269629449
393,2004.02.15.03.52.39,False,0.16581916713553352,-0.00209619140625,0.07780539202692423,0.332,-0.376,0.07783362414069513,0.708,4.265508688119979,0.3371091909595969,0.026239818933260377,1.267497405739909,5.4065211963531175
394,2004.02.15.04.02.39,False,0.1923415732572159,-0.001993701171875,0.07894798468926638,0.41,-0.347,0.0789731544947989,0.7569999999999999,5.191637621959273,0.3611321322444021,0.006783971997326431,1.2686878432721054,6.586567537653831
395,2004.02.15.04.12.39,False,0.17771092493081653,-0.0015709472656250001,0.07861573341707276,0.444,-0.359,0.07863142766105437,0.8029999999999999,5.64659720937396,0.4299032321679874,0.015226198014948397,1.2708400354004261,7.175921797452751
396,2004.02.15.04.22.39,False,0.154567691566668,-0.0021546875000000004,0.07724088423093915,0.459,-0.33,0.0772709316302062,0.789,5.940138035304482,0.4383060832869874,0.025830176954956062,1.2689285248649473,7.537610594633083
397,2004.02.15.04.32.39,False,0.13557655138926733,-0.0019034667968750002,0.07684139323661317,0.449,-0.31,0.076864965363881,0.759,5.841412896947534,0.3077839773743678,0.038872604282347366,1.2677827983389447,7.405642788745347
398,2004.02.15.04.42.39,False,0.20070067856594415,-0.0017052246093749997,0.07857582593853027,0.43,-0.383,0.07859432684927471,0.813,5.471132806120193,0.5275230618433251,0.0031698031267807024,1.2744201881000194,6.972522099895884
399,2004.02.15.04.52.39,True,-0.004179985696566968,-0.001984228515625,0.07403929221890163,0.3,-0.315,0.07406587578013323,0.615,4.050448291336742,0.1608655511931616,0.017356403779158903,1.2594888176283268,5.101494329320389
400,2004.02.15.05.02.39,False,0.1724153712656366,-0.0014970703125,0.07716845280685904,0.386,-0.312,0.07718297304538742,0.698,5.001103025313793,0.336034830856613,0.020256186508447148,1.26576678990589,6.330230122340075
401,2004.02.15.05.12.39,False,0.1286152649054627,-0.0017297363281249998,0.0775906284267439,0.474,-0.366,0.0776099066319621,0.84,6.10746772635328,0.5830624514456066,0.06050705045923583,1.2743816815483422,7.7832449911123245
402,2004.02.15.05.22.39,False,0.19350961626512875,-0.0018655761718750004,0.07533174187904662,0.405,-0.361,0.07535483865674701,0.766,5.374571921583402,0.38734332480552647,0.015523939946711392,1.2680110590292797,6.8150166341160014
403,2004.02.15.05.32.39,False,0.20497111194731538,-0.0022007812499999996,0.07655518025835775,0.352,-0.386,0.07658680736589037,0.738,4.596091834959698,0.32951908124459095,0.023729563784133503,1.2670081560812718,5.823285840992476
404,2004.02.15.05.42.39,False,0.058756524379851016,-0.002155224609375,0.07397529265166018,0.293,-0.366,0.0740066815633266,0.659,3.9591019866129726,0.346576183254911,-0.006562763250616899,1.2695548921320272,5.0262972955541265
405,2004.02.15.05.52.39,False,0.20234603163559595,-0.0015609863281249997,0.07722067285270202,0.344,-0.376,0.07723644861165371,0.72,4.453855740178297,0.4121063968462031,0.01668706464130168,1.2697438662722649,5.655256007352911
406,2004.02.15.06.02.39,False,0.13298450495309316,-0.0019541015625,0.07635722828457163,0.339,-0.352,0.07638222845805659,0.6910000000000001,4.438205153783298,0.22272780378887358,-0.021014847073160498,1.2633604252107062,5.607052750256014
407,2004.02.15.06.12.39,False,0.18045745167638377,-0.002509130859375,0.0765308513325829,0.332,-0.371,0.07657197230945129,0.7030000000000001,4.335790106832879,0.3681107468870848,-0.009497014737697911,1.2686452762137908,5.500579637688019
408,2004.02.15.06.22.39,False,0.16922860220805308,-0.001808740234375,0.0762048533852515,0.339,-0.325,0.07622631580171722,0.664,4.447283020759126,0.31402076871710394,-0.0012239519829088594,1.2699394261688877,5.64778004739348
409,2004.02.15.06.32.39,False,0.1170490286914565,-0.001504150390625,0.07609641988617473,0.356,-0.33,0.07611128423493212,0.6859999999999999,4.67736162355555,0.23864300736866229,-0.01863225716373474,1.2621745804029134,5.903646944603916
410,2004.02.15.06.42.39,False,0.20962362357171033,-0.002058837890625,0.07620723124968687,0.427,-0.383,0.07623503727422926,0.81,5.60109911750964,0.48025107600364336,0.01224566994344893,1.2710070029625868,7.119036202642318
411,2004.02.15.06.52.39,False,0.22000273216717525,-0.0021943847656249998,0.07705428508089941,0.347,-0.403,0.07708552506033882,0.75,4.501493629684498,0.4056871758192355,-0.030025278292353293,1.2691311280414581,5.7129856881129255
412,2004.02.15.07.02.39,False,0.05952578054384827,-0.00233095703125,0.07745006227971006,0.491,-0.469,0.07748513088207633,0.96,6.336699627535596,0.6670576458997237,-0.01587874967779885,1.2755471713983095,8.082759285903752
413,2004.02.15.07.12.39,False,0.1736849839573527,-0.001756396484375,0.0760862482384238,0.334,-0.396,0.07610651811513502,0.73,4.388586001197954,0.3022605356791517,-0.00837972271030579,1.2664291624704267,5.557833293926564
414,2004.02.15.07.22.39,False,0.22120863953058012,-0.0018105468750000003,0.07632856509656741,0.352,-0.371,0.07635003555786664,0.723,4.61034493865055,0.44313428353956796,0.014639375893246145,1.2707322396608793,5.858513949500613
415,2004.02.15.07.32.39,False,0.16504115432958766,-0.0019696289062499997,0.07703638582941937,0.396,-0.298,0.07706156097359759,0.694,5.1387487483633425,0.36952452332865393,0.04957776057469177,1.2696214907191252,6.524265846328105
416,2004.02.15.07.42.39,False,0.18516665107217878,-0.0018962402343749997,0.07697260397835007,0.33,-0.369,0.07699595762268546,0.6990000000000001,4.285939290698185,0.3919277969191701,-0.01662964637322679,1.2678297615961573,5.433841389141484
417,2004.02.15.07.52.39,False,0.21612721836182686,-0.001673779296875,0.07726214303310824,0.378,-0.354,0.07728027098298197,0.732,4.891287196485634,0.4806387098295506,0.015745416049819952,1.274583426735788,6.234353596045546
418,2004.02.15.08.02.39,False,0.23726858133907913,-0.001978515625,0.07777919736232741,0.405,-0.381,0.07780435763121658,0.786,5.205363970995712,0.3735755677580297,-0.00016758399499252052,1.2683399566408684,6.602171113272639
419,2004.02.15.08.12.39,False,0.22779403427248618,-0.002306689453125,0.07681567092072565,0.374,-0.374,0.0768502967803923,0.748,4.866604498206998,0.4013357758732137,0.02013133970327843,1.2677368874742827,6.169574039125283
420,2004.02.15.08.22.39,False,0.21119375652216982,-0.001743505859375,0.07657646034595227,0.388,-0.393,0.07659630599315398,0.781,5.065518434200713,0.3425783286734365,-0.015492367710161685,1.2690587034454082,6.428440256385571
421,2004.02.15.08.32.39,False,0.19557237908230785,-0.0018067382812499999,0.07638262897598554,0.349,-0.452,0.07640399408735123,0.8009999999999999,4.567824027641735,0.4208639557564071,-0.007668606406138166,1.269983101217714,5.80105932444124
422,2004.02.15.08.42.39,False,0.20914590253046633,-0.002159716796875,0.07804807668192677,0.388,-0.437,0.07807795239624708,0.825,4.969392614587185,0.35235280839096816,-0.01509009077602983,1.2686808519843733,6.304573256119322
423,2004.02.15.08.52.39,False,0.20434472252642372,-0.0017215332031249998,0.0771113601263777,0.376,-0.427,0.07713057459340865,0.8029999999999999,4.87485023911817,0.400062685234845,-0.0389795530893923,1.2687875595267526,6.18514933794915
424,2004.02.15.09.02.39,False,0.19838552049802705,-0.0025084960937499998,0.07663647909329074,0.378,-0.33,0.07667752265474381,0.708,4.9297367326540025,0.3703430496021016,-0.026171989152571518,1.2653403187686862,6.237794648742118
425,2004.02.15.09.12.39,False,0.14199759486154323,-0.0017423828125000002,0.07614852392452992,0.435,-0.312,0.07616845537195828,0.747,5.711025619145573,0.3379413350421916,-0.00112302336599344,1.2637622319186437,7.217378482995964
426,2004.02.15.09.22.39,False,0.16806341327885865,-0.0013317382812500001,0.07767867576409083,0.398,-0.369,0.07769009071504872,0.767,5.122918461503439,0.4444621380077156,0.08524832561355442,1.268498633389617,6.4984150673835535
427,2004.02.15.09.32.39,False,0.2378531710760174,-0.0020384765624999997,0.07701900501068154,0.415,-0.366,0.07704597666024651,0.7809999999999999,5.386394176428526,0.4245121177058344,-0.0023399100931392885,1.2702251304532108,6.841933245426341
428,2004.02.15.09.42.39,False,0.07111350660544347,-0.0020284667968750005,0.07616282811783646,0.32,-0.327,0.07618983570301963,0.647,4.200035307167849,0.20491353479846675,0.013172296279778176,1.2591542214877611,5.288492187418043
429,2004.02.15.09.52.39,False,0.20655168537325885,-0.0016513671875000003,0.07624888727470584,0.374,-0.415,0.07626676749553996,0.7889999999999999,4.903839670691056,0.47739307455073465,-0.0029892546066892164,1.2736480643506343,6.245765904461516
430,2004.02.15.10.02.39,False,0.18527958134739442,-0.00229951171875,0.07684533243437158,0.408,-0.317,0.07687972991038503,0.725,5.306990548426559,0.3443925457307482,0.046500774315388946,1.2668662667438173,6.723247303729879
431,2004.02.15.10.12.39,False,0.22125497307002706,-0.0020439453125,0.07756700683459597,0.405,-0.391,0.07759393186144616,0.796,5.219480316104861,0.34169380550172024,0.010853550773706908,1.2665751608978493,6.610864121173671
432,2004.02.15.10.22.39,False,0.1398042750150154,-0.002122119140625,0.07748901181554627,0.466,-0.342,0.07751806461591308,0.808,6.0115019938763865,0.41849458983080856,0.008647476355361224,1.2658543469188268,7.609685930459618
433,2004.02.15.10.32.39,False,0.21337957592143325,-0.0015158203125000002,0.07725303166906437,0.374,-0.349,0.07726790157161802,0.723,4.840302278085644,0.34357852909946995,0.024152483105508264,1.2675635558874099,6.13539076718017
434,2004.02.15.10.42.39,False,0.1842542054539193,-0.0017563476562499996,0.07627937132019466,0.417,-0.388,0.07629958876752713,0.8049999999999999,5.465298132477929,0.29133089670985823,-0.001535482370409695,1.2652020108616788,6.914706187169654
435,2004.02.15.10.52.39,False,0.23559347115130808,-0.0018591308593749998,0.07779223148189088,0.378,-0.376,0.07781444368807358,0.754,4.85770998396195,0.3765801214698352,-0.017567373672921778,1.2696413103777573,6.167549269472565
436,2004.02.15.11.02.39,False,0.19173037287284578,-0.0021792968750000002,0.07795397769060194,0.386,-0.359,0.07798443416898176,0.745,4.949705721575026,0.2728455757651256,-0.0023962720866781257,1.2648982232425399,6.260873972793684
437,2004.02.15.11.12.39,False,0.18512093934768548,-0.0012150390625,0.07716322017168606,0.356,-0.364,0.0771727857938762,0.72,4.6130251271588705,0.4433362853016818,0.03406532079982954,1.2740778369586752,5.877353075846591
438,2004.02.15.11.22.39,False,0.22561388088302486,-0.001656884765625,0.07655438857836835,0.359,-0.386,0.07657231665382977,0.745,4.688378459580595,0.49351857493764983,-0.003923120842309374,1.2723730407281078,5.9653663567007245
439,2004.02.15.11.32.39,False,0.22537278777406455,-0.001827880859375,0.07820447716114663,0.388,-0.356,0.07822583586312373,0.744,4.959998135128988,0.43873504381057415,0.03070940629693124,1.2708196282700455,6.3032629863047385
440,2004.02.15.11.42.39,False,0.10901487145397537,-0.0019280273437500002,0.07819152477410357,0.342,-0.308,0.07821529157356316,0.65,4.37254650746065,0.28987842578999734,0.04743760305355217,1.2658496384849571,5.534986415727726
441,2004.02.15.11.52.39,False,0.20009797926944412,-0.0018171386718750001,0.07736118369941933,0.444,-0.403,0.07738252216313529,0.847,5.737729755873992,0.5335850965343241,0.02085257944180797,1.2724149188969023,7.300772941972748
442,2004.02.15.12.02.39,False,0.19849124227586773,-0.0022078125000000006,0.07723264606791835,0.398,-0.378,0.0772641964605049,0.776,5.151156916560253,0.3621181761247976,-0.0009911069393442943,1.261486438220892,6.4981145913885054
443,2004.02.15.12.12.39,False,0.22295829111283155,-0.0017453613281250002,0.0769740536449615,0.427,-0.369,0.07699383884898274,0.796,5.545898300220182,0.3984708522721929,-0.006928915270416629,1.2717191467753772,7.052825054459025
444,2004.02.15.12.22.39,False,0.21892914254388368,-0.002423291015625,0.07687163975449084,0.378,-0.339,0.07690982601651511,0.7170000000000001,4.914846640256744,0.40445901986884536,0.007672421040704172,1.2707065805108029,6.245327967975656
445,2004.02.15.12.32.39,False,0.21698854059829098,-0.002080712890625,0.07729555176929596,0.347,-0.371,0.07732355197126632,0.718,4.487636575838449,0.4491927431890046,0.007486065846597077,1.2693030911047298,5.696170977466389
446,2004.02.15.12.42.39,False,0.1960988226023459,-0.002343896484375001,0.07827777029973873,0.356,-0.398,0.07831285446098951,0.754,4.545869288640686,0.39381196438108645,-0.025909793934276944,1.2674436367409254,5.761633103343635
447,2004.02.15.12.52.39,False,0.19244031992878086,-0.0016277343749999998,0.07830373487176039,0.383,-0.337,0.0783206512617362,0.72,4.8901534120301156,0.31384600148732567,0.00801237483979128,1.2704140057313777,6.212519384818143
448,2004.02.15.13.02.39,False,0.07767071812886617,-0.001625146484375,0.07861787069276106,0.378,-0.549,0.07863466597728622,0.927,4.807040194068938,0.6568070391325249,-0.006822325844008616,1.2751772760394593,6.129828420485021
449,2004.02.15.13.12.39,False,0.19051085332962975,-0.0017200683593750002,0.07587631606402917,0.359,-0.396,0.075895809993763,0.755,4.730168899040699,0.33265136066566914,-0.0033407729033217643,1.2663822601536643,5.99020198127573
450,2004.02.15.13.22.39,False,0.1966680764803566,-0.002498779296875,0.07595099030425728,0.359,-0.359,0.07599208397044968,0.718,4.724176272618092,0.36302236851475733,0.018135173384950007,1.267567313310085,5.988211425485766
451,2004.02.15.13.32.39,False,0.23381578220487909,-0.0019846191406250003,0.07668765286093837,0.391,-0.352,0.07671332879267542,0.743,5.096897842312543,0.39330191453147245,0.002410701057261464,1.2661811557411276,6.4535960006737545
452,2004.02.15.13.42.39,False,0.17217255999109993,-0.0015323730468750005,0.07886164969000829,0.374,-0.332,0.07887653617511595,0.706,4.741587525720861,0.31719128385015427,0.005548615971091455,1.2705281842349339,6.024320589445138
453,2004.02.15.13.52.39,False,0.18623374595797187,-0.0018132812499999998,0.07696505522607093,0.356,-0.432,0.07698641253392544,0.788,4.6241926111717735,0.39602829531441364,-0.04893844025387702,1.2672171603902183,5.859856229826523
454,2004.02.15.14.02.39,False,0.20397871062054662,-0.0022091308593749997,0.07866917643476562,0.42,-0.378,0.07870018792911568,0.798,5.336708984459974,0.39871746920245643,0.00803745856911859,1.268278131401402,6.768431298643969
455,2004.02.15.14.12.39,False,0.17229117763575535,-0.0010874023437500002,0.07908917211595123,0.403,-0.378,0.07909664714666324,0.781,5.095032653568058,0.5847783239420163,-0.001619403757472244,1.2731014155595732,6.486493283579744
456,2004.02.15.14.22.39,False,0.22239363198368306,-0.001974609375,0.07849802097328577,0.386,-0.413,0.07852285259022529,0.7989999999999999,4.915766394967294,0.39721974753291356,0.013510202448730139,1.2689540622896625,6.237881736160757
457,2004.02.15.14.32.39,False,0.2432070617420261,-0.002210498046875,0.07762642018342812,0.393,-0.376,0.07765788699230346,0.769,5.060657908950698,0.48903230800688613,0.004033269511079974,1.2695527887045186,6.424772360987937
458,2004.02.15.14.42.39,False,0.19375770589430447,-0.0019760253906250004,0.07731893959023707,0.43,-0.415,0.07734418592048871,0.845,5.559564625090865,0.4460425802924233,-0.040582578407041124,1.271390525506413,7.06837779028114
459,2004.02.15.14.52.39,False,0.03988915849122454,-0.002159716796875,0.07945728773705513,0.447,-0.542,0.07948663378941062,0.9890000000000001,5.6235869943148895,0.425619732051572,0.025232882728315063,1.2655778878510255,7.117087350411535
460,2004.02.15.15.02.39,False,0.2153914080407438,-0.0021002929687499996,0.07876634936876864,0.391,-0.41,0.07879434639260295,0.8009999999999999,4.962284959529867,0.439388905842216,-0.008179387492219298,1.2708725512146417,6.306431746371766
461,2004.02.15.15.12.39,False,0.19703959972678114,-0.00233125,0.07814375112473006,0.403,-0.339,0.07817851729475464,0.742,5.154868804694498,0.30730039096722894,-0.015834015903187084,1.2687918388505761,6.540455469741804
462,2004.02.15.15.22.39,False,0.15471693406926124,-0.0016337890624999996,0.07932798355868348,0.422,-0.425,0.07934480601896698,0.847,5.318558594738047,0.3604415941491075,-0.0020864522368388436,1.269215457632284,6.750396780764567
463,2004.02.15.15.32.39,False,0.22809331589363552,-0.0017288574218749999,0.07789096424990805,0.376,-0.388,0.0779101486313922,0.764,4.826072169094784,0.39722906930377144,0.0012117436137167002,1.2678372819928407,6.118674221566425
464,2004.02.15.15.42.39,False,0.22099762298125514,-0.0018725585937499998,0.07738960048090586,0.349,-0.381,0.07741225186158357,0.73,4.5083302914896075,0.4460789635914919,0.025315273768543423,1.2717938229192254,5.733666616396114
465,2004.02.15.15.52.39,False,0.20145999395275593,-0.00206484375,0.07714844023338603,0.371,-0.364,0.07717606759971805,0.735,4.807189735608599,0.2800759091884024,0.007793126152468447,1.2644870856025092,6.078629338718014
466,2004.02.15.16.02.39,False,0.20527940293993652,-0.002142333984375,0.07610593591350984,0.339,-0.371,0.07613608261640387,0.71,4.45255374784624,0.41735303968953774,-0.0009021435715211579,1.2688035757892462,5.649416116661119
467,2004.02.15.16.12.39,False,0.1968393449262813,-0.00224228515625,0.07729168063614163,0.396,-0.344,0.0773241989178113,0.74,5.1212945693871665,0.30207416938145837,0.01861782923986549,1.2646902433201845,6.476851275072595
468,2004.02.15.16.22.39,False,0.22180360843035107,-0.0022131347656250003,0.07660661122983158,0.352,-0.356,0.07663857285733715,0.708,4.592987406684212,0.37399640255617905,0.009818049805300707,1.2688741367958816,5.827922930970784
469,2004.02.15.16.32.39,False,0.18380960563022708,-0.00202314453125,0.07803934399022344,0.376,-0.349,0.07806556426631879,0.725,4.816464257111946,0.33869269784374323,0.06129956513249421,1.2666996968493864,6.101013814369606
470,2004.02.15.16.42.39,False,0.20747949912607178,-0.001889697265625,0.07576516060711819,0.398,-0.347,0.07578872289185329,0.745,5.251440911175217,0.4080605046318504,0.02046519636313941,1.2703042822098458,6.670927877237852
471,2004.02.15.16.52.39,False,0.2354959650965654,-0.0021158203125,0.07690524724884,0.361,-0.4,0.07693434701094173,0.761,4.69231252393236,0.46816235514344573,0.0007117606449284591,1.2715045883661913,5.966296904228138
472,2004.02.15.17.02.39,False,0.2372835615863948,-0.0017371582031249998,0.07730953224226583,0.371,-0.378,0.07732904689791945,0.749,4.797679719106713,0.41129213012603616,0.004327480864429501,1.268862397972471,6.087595393089634
473,2004.02.15.17.12.39,False,0.22177012523144718,-0.0019844238281250003,0.07840959228104522,0.378,-0.376,0.07843469958895345,0.754,4.819295566642759,0.3733421371332839,-0.016631503443417902,1.2704919200043712,6.1228760775325135
474,2004.02.15.17.22.39,False,0.13295642038615507,-0.0017840820312499998,0.07570118489862475,0.349,-0.322,0.07572220509038284,0.671,4.608951886483362,0.2559677197295893,0.005856994030451224,1.2627910554082928,5.820143217058366
475,2004.02.15.17.32.39,False,0.13678955762546552,-0.0016589843749999999,0.07846671341781498,0.386,-0.459,0.0784842490169206,0.845,4.918184283279329,0.3059077768184104,-0.00838864725050531,1.2647136181544272,6.2200946396564385
476,2004.02.15.17.42.39,False,0.2006089664753486,-0.00246708984375,0.07765771182557542,0.393,-0.413,0.07769689014549584,0.806,5.058117503339773,0.322127167247233,-0.021896892339328327,1.2662796312168794,6.4049911667807296
477,2004.02.15.17.52.39,False,0.22554502752021582,-0.00213984375,0.07681755459350152,0.371,-0.371,0.07684735275206296,0.742,4.827752508235107,0.3543989446650708,0.004052347383994401,1.2652922654357432,6.10851790810789
478,2004.02.15.18.02.39,False,0.12436013724797762,-0.0019693847656250003,0.0774689434384712,0.344,-0.308,0.07749397185477154,0.6519999999999999,4.439054958296332,0.30961601911305703,0.050526995311431414,1.2684222400245209,5.630596033794189
479,2004.02.15.18.12.39,False,0.22266152980135673,-0.0019145507812500001,0.07687059008688574,0.376,-0.339,0.0768944284392569,0.7150000000000001,4.889821117495176,0.34906668202127555,0.020238106759345835,1.2670085704506795,6.195445263837107
480,2004.02.15.18.22.39,False,0.19699581219252643,-0.0020274414062500003,0.07753484869782247,0.383,-0.359,0.07756135172397398,0.742,4.938026368635551,0.4112223149714036,0.06400382741626194,1.2678278830062408,6.260567517176207
481,2004.02.15.18.32.39,False,0.16494455126505136,-0.0019455078125,0.07576150103062902,0.334,-0.378,0.07578647662388391,0.712,4.407118721953368,0.40645979166639856,0.028846636434999975,1.2734067033488143,5.612054522989477
482,2004.02.15.18.42.39,False,0.2050971755705278,-0.0022997070312499998,0.0766301144035941,0.352,-0.396,0.076664614301107,0.748,4.591427260267547,0.3700231720140441,-0.03947144466350746,1.2682277353246891,5.822975396197154
483,2004.02.15.18.52.39,False,0.20364473405713973,-0.002220703125,0.07677883289524279,0.405,-0.369,0.07681094129826167,0.774,5.272686327685529,0.5325788003732015,0.018591951971078196,1.275523703942955,6.725436394418822
484,2004.02.15.19.02.39,False,0.1846309814570789,-0.002200927734375,0.07545653374935424,0.386,-0.391,0.07548862542369794,0.777,5.113353142059255,0.4047138169573614,-0.02522782645809846,1.2676999948975176,6.482197752097723
485,2004.02.15.19.12.39,False,0.07636836596894969,-0.0018453125000000002,0.07670384782392663,0.493,-0.349,0.07672604153231645,0.842,6.425458555585094,0.3695643133022144,0.01987360176974358,1.2660899735895146,8.135208652941252
486,2004.02.15.19.22.39,False,0.16547703046444712,-0.0016681640625000002,0.0765744476784151,0.457,-0.376,0.07659261588817652,0.833,5.966632614653214,0.43309883912666836,-0.008804501955417196,1.2723025895045932,7.591362126245846
487,2004.02.15.19.32.39,False,0.07724836262977453,-0.00206689453125,0.07609643615462021,0.461,-0.337,0.0761245009733233,0.798,6.055868926635731,0.26809421544900447,-0.008421212329501533,1.2627587876561903,7.6471017040033304
488,2004.02.15.19.42.39,False,0.10835675173004722,-0.0023765625,0.07583848610119465,0.31,-0.347,0.0758757143191252,0.657,4.085628751990036,0.3259681516945001,0.0036747950322403976,1.2660376643764737,5.172559882678833
489,2004.02.15.19.52.39,False,0.22705007066359661,-0.0020783691406250004,0.07863962230433474,0.408,-0.369,0.07866708215291275,0.7769999999999999,5.186413285380679,0.49377479186991025,0.0054440430764863944,1.272858728321215,6.601571418977906
490,2004.02.15.20.02.39,False,0.07875411073954153,-0.002196484375,0.07485720499714194,0.32,-0.305,0.07488942304220102,0.625,4.272966555232726,0.29257708015378325,0.009540303706430484,1.266904934268403,5.413442412788201
491,2004.02.15.20.12.39,False,0.18339467404933407,-0.0021729980468749997,0.07547957028666866,0.352,-0.408,0.07551084326884368,0.76,4.661582161740177,0.48153185523704645,-0.002449477084000238,1.2712963349316395,5.926252317202996
492,2004.02.15.20.22.39,False,0.21341463549426654,-0.001290380859375,0.0774549037472992,0.376,-0.369,0.07746565172555915,0.745,4.853764108666782,0.4419314838847854,0.02954659065575356,1.2703425787405536,6.1659432144021045
493,2004.02.15.20.32.39,False,0.2232754450787267,-0.0021988769531249997,0.07784892877637682,0.388,-0.4,0.07787997670444166,0.788,4.982025116320708,0.5218113449751556,0.018004148626003233,1.2749584318129037,6.351874929556749
494,2004.02.15.20.42.39,False,0.17774915774497457,-0.001991064453125,0.07809715296357081,0.444,-0.339,0.07812252964844313,0.783,5.683379711307752,0.4536244074601776,0.041707054460016095,1.2711055131973645,7.2241752846373295
495,2004.02.15.20.52.39,False,0.18623818859655883,-0.0023245117187500005,0.07607857372246403,0.405,-0.415,0.07611407711044653,0.8200000000000001,5.32096052892185,0.4236777373486098,0.0430331988739695,1.2658051836908253,6.735299419723553
496,2004.02.15.21.02.39,False,0.20078284747876418,-0.0018037109375,0.07744978934149171,0.378,-0.408,0.077470789606067,0.786,4.879258387865941,0.29830253571617815,-0.002287430527862203,1.2645792055877443,6.17020869598485
497,2004.02.15.21.12.39,False,0.19539288156620127,-0.002238525390625,0.07690184928854053,0.393,-0.342,0.07693442285428465,0.7350000000000001,5.108246548418904,0.3992394228624758,0.04931177367938912,1.2657052519901943,6.46553448479459
498,2004.02.15.21.22.39,False,0.1658380102030798,-0.0023425781250000005,0.07841605485970027,0.344,-0.393,0.07845103780085545,0.737,4.384900565282884,0.42221413329817725,0.033720105512480336,1.2725612165194673,5.580054397673287
499,2004.02.15.21.32.39,False,0.22750678167920418,-0.0023398925781250002,0.07709048084366325,0.378,-0.378,0.07712598352036994,0.756,4.901072021988095,0.47643644736944246,0.031190357230299122,1.2702588001061346,6.225629865884345
500,2004.02.15.21.42.39,False,0.20893084446635268,-0.0021673339843750004,0.07661851316675722,0.386,-0.32,0.07664916109445931,0.706,5.035932481039281,0.36493871305970593,-0.009899719407707676,1.26775193659889,6.384313155418801
501,2004.02.15.21.52.39,False,0.1905682985157665,-0.0018611816406249998,0.0760743867622998,0.391,-0.347,0.07609715052720026,0.738,5.13816873944893,0.4046983336170258,0.055313966560265174,1.2718909823311528,6.535190485400921
502,2004.02.15.22.02.39,False,0.20671735725907375,-0.00169091796875,0.07745153396046593,0.432,-0.393,0.07746998977930906,0.825,5.576352872004379,0.4164259373181851,-0.020252264884347868,1.267246800448125,7.066615335217262
503,2004.02.15.22.12.39,False,0.06658236025481878,-0.0019993652343750002,0.07797954553010326,0.518,-0.413,0.07800517279271853,0.931,6.640585251653378,0.5485896012354452,0.007311364391002869,1.2694138764559106,8.429651066237264
504,2004.02.15.22.22.39,False,0.20275580673088894,-0.0016881347656250005,0.07761817449257592,0.4,-0.356,0.07763653012948785,0.756,5.152213775304627,0.37794366180997097,-0.04333381849214864,1.2707089190811482,6.546963997292345
505,2004.02.15.22.32.39,False,0.16507671932061213,-0.0021275390625000003,0.07915981624047037,0.415,-0.371,0.0791884014846082,0.786,5.2406664640233105,0.3224069468935795,-0.001681793624637338,1.2657190394243205,6.633211322786835
506,2004.02.15.22.42.39,False,0.163281237155671,-0.0020180175781249997,0.07752226883677524,0.391,-0.334,0.07754853035710525,0.7250000000000001,5.0420039967163,0.26772012120441113,-0.019434228180003843,1.263207297164665,6.369096240985437
507,2004.02.15.22.52.39,False,0.1581980662516828,-0.002165966796875,0.07853056446143572,0.376,-0.454,0.07856042875899338,0.8300000000000001,4.78612459147197,0.3885134945276114,0.016657463161549042,1.267456049150654,6.066202565449851
508,2004.02.15.23.02.39,False,0.11514422581350897,-0.0017487792968749998,0.07896260563918973,0.349,-0.442,0.0789819683115037,0.7909999999999999,4.418730090690437,0.4070034550620161,-0.05530929399221074,1.265985321307251,5.594047433632751
509,2004.02.15.23.12.39,False,0.09236059687709419,-0.0016450195312500003,0.07905916720124433,0.327,-0.391,0.07907627967862739,0.718,4.135247653644751,0.3474743632273807,-0.05523747146277392,1.2655309254131788,5.233283789929717
510,2004.02.15.23.22.39,False,0.18948250885546325,-0.001830859375,0.07819904743892489,0.398,-0.457,0.07822047728316575,0.855,5.088181686225222,0.545918411380272,0.027530549424184834,1.2706408545093417,6.465251525684
511,2004.02.15.23.32.39,False,0.22145573429385434,-0.00127177734375,0.07780511614291777,0.403,-0.386,0.07781550947995522,0.789,5.178916165855218,0.43269991308322364,-0.016503285146634926,1.2717956029539077,6.586522807801576
512,2004.02.15.23.42.39,False,0.16841345274843905,-0.0025516601562500002,0.0774870854107122,0.366,-0.327,0.077529087283419,0.6930000000000001,4.720808832200398,0.30299900081291,-0.0021083022448274637,1.2642752553674281,5.968401791870969
513,2004.02.15.23.52.39,False,0.04145425583920226,-0.00167529296875,0.08151823352707728,0.413,-0.483,0.08153544630347129,0.8959999999999999,5.065281650177426,0.5666889213621582,0.009621055882152025,1.2707531926206503,6.436722828485761
514,2004.02.16.00.02.39,False,0.11780962333345246,-0.0016622070312500002,0.07678379216775025,0.474,-0.388,0.07680178169726923,0.862,6.171731820862869,0.3561730038030797,-0.003874625622430125,1.2642288914752575,7.802481678372038
515,2004.02.16.00.12.39,False,0.1987402324768231,-0.002186083984375,0.07828435555027986,0.349,-0.374,0.07831487270697295,0.723,4.456369370679267,0.38899196237205436,0.015403101465941076,1.2704460518295662,5.661576872473684
516,2004.02.16.00.22.39,False,0.2079283297931282,-0.001882373046875,0.0771200007359263,0.361,-0.332,0.07714297013854778,0.6930000000000001,4.679622775110275,0.35279620493135777,0.011436284171182236,1.2665052386829803,5.926766759737349
517,2004.02.16.00.32.39,False,0.20065321926990226,-0.002467822265625,0.07831569065068257,0.364,-0.422,0.07835456303769503,0.786,4.645549485419067,0.44221756979937377,0.020784239769755124,1.271273190009494,5.90576251367566
518,2004.02.16.00.42.39,False,0.19119680410485063,-0.00238388671875,0.07738437691901005,0.378,-0.342,0.07742108696622162,0.72,4.882390764739835,0.28391523619049686,-0.030332739751400772,1.2665682497345727,6.183881125416774
519,2004.02.16.00.52.39,False,0.20534991878415393,-0.002127880859375,0.0755417258715849,0.4,-0.361,0.0755716893063095,0.761,5.292987409328746,0.37180724461967296,0.02686523503734251,1.26948214310058,6.719352999799043
520,2004.02.16.01.02.39,False,0.18214293315345415,-0.00119599609375,0.07787376769430278,0.359,-0.359,0.07788295128949917,0.718,4.609481202960055,0.33128732679968653,0.017214517082513245,1.2657181645984112,5.834304087961478
521,2004.02.16.01.12.39,False,0.1485036294978374,-0.0018313964843749999,0.0790170110035342,0.393,-0.437,0.0790382315149803,0.8300000000000001,4.972277244405625,0.4731143985341144,-0.0568547050940825,1.274016534107483,6.33476342153916
522,2004.02.16.01.22.39,False,0.2316938649408995,-0.0018272460937499998,0.07648061079752747,0.398,-0.398,0.07650243562299178,0.796,5.202448742434371,0.4433637639149004,0.02637918504571029,1.273103172709883,6.6232539998537385
523,2004.02.16.01.32.39,False,0.18638619050783783,-0.002473095703125,0.07818151679986492,0.391,-0.332,0.07822062241816012,0.7230000000000001,4.998681778697064,0.3201974871061335,0.016040020944363655,1.2704910449655435,6.350780436467054
524,2004.02.16.01.42.39,False,0.16227282157216105,-0.002377978515625,0.07958598161819926,0.405,-0.369,0.0796214999353386,0.774,5.08656581864075,0.37007201037201254,0.01471983361289396,1.2678237777756707,6.448869092093712
525,2004.02.16.01.52.39,False,0.16187527981631417,-0.0022442871093750006,0.07952488089415834,0.425,-0.381,0.07955654282244407,0.806,5.342112476512758,0.3755785190178629,0.00292026177753451,1.2697768676094385,6.783290846843672
526,2004.02.16.02.02.39,False,0.04581329737552342,-0.0013968261718749996,0.0800961141360331,0.393,-0.498,0.080108293097824,0.891,4.905859116484847,0.5260048179163546,0.02152908415873024,1.2716735530614751,6.238651293479315
527,2004.02.16.02.12.39,False,0.2162502228700232,-0.0019568847656250003,0.07787621792826703,0.374,-0.391,0.07790080048880675,0.765,4.80097762350643,0.33876064158508923,0.00792259653450327,1.266916062694912,6.082435667859143
528,2004.02.16.02.22.39,False,0.1810785655224466,-0.001774755859375,0.07846345124382906,0.374,-0.396,0.07848352017750684,0.77,4.765331615530509,0.2777135623768934,0.008623625909561575,1.2649337749049852,6.027828909107078
529,2004.02.16.02.32.39,False,0.1954943364774296,-0.001760546875,0.0781415394123521,0.435,-0.391,0.0781613696593864,0.8260000000000001,5.565409125961508,0.370188493601602,0.03218013434806742,1.2667728551044866,7.050109208318824
530,2004.02.16.02.42.39,False,0.23938632071239258,-0.0019248046874999996,0.07780462064750704,0.398,-0.366,0.0778284258300751,0.764,5.113812797254362,0.458982255928821,0.00883134124852386,1.2698461781754302,6.493755636498058
531,2004.02.16.02.52.39,False,0.1160418603732482,-0.002044921875,0.0794376532600419,0.349,-0.364,0.07946396957701962,0.713,4.391927585013676,0.3304373931689537,0.04435393427507771,1.2672929303374951,5.565858779042059
532,2004.02.16.03.02.39,False,0.23097525132125019,-0.001803759765625,0.077098690150829,0.398,-0.376,0.07711978716429153,0.774,5.160802624521303,0.3937705929486972,0.004784974714342335,1.2669777860600644,6.53862228350897
533,2004.02.16.03.12.39,False,0.09985886222527085,-0.002038427734375,0.08223985284736413,0.396,-0.457,0.08226511158434281,0.853,4.813705255769313,0.5003740741636844,-0.0072230627825329505,1.2727351248889265,6.126571759880039
534,2004.02.16.03.22.39,False,0.10290823108869529,-0.002299267578125,0.08429453767294064,0.383,-0.43,0.08432588993239636,0.813,4.541902852220702,0.4508448020711784,-0.029106629190465683,1.2735898656830007,5.784521443505001
535,2004.02.16.03.32.39,False,0.12498196229630265,-0.0016643066406250005,0.08426361545795787,0.4,-0.364,0.0842800498732685,0.764,4.746081671777343,0.37837651204512657,-0.009241176562636063,1.2678169359071825,6.01716272267799
536,2004.02.16.03.42.39,False,0.04911367287106161,-0.0017368652343749999,0.08308035483617349,0.327,-0.42,0.08309850817281184,0.747,3.935088694010849,0.29113086781704567,-0.026798606640015668,1.267153949301545,4.986363179467706
537,2004.02.16.03.52.39,False,0.06691839867978078,-0.0017226074218750001,0.08265013893192785,0.393,-0.356,0.08266808841262072,0.749,4.7539504970578434,0.20897921343268377,-0.01809235745420855,1.2635823869319691,6.007008116428771
538,2004.02.16.04.02.39,False,0.10625075638567849,-0.0020143554687500004,0.08424717046536646,0.42,-0.41,0.08427124871137842,0.83,4.983906212645108,0.39805576986482194,0.013995405888354632,1.2716833070350173,6.3379503344489
539,2004.02.16.04.12.39,False,0.07425742223774878,-0.0023246582031249997,0.08595580269518177,0.476,-0.413,0.08598723191692109,0.889,5.535705585451342,0.4703129065721363,0.014674508507171748,1.2715844018153961,7.039116875502291
540,2004.02.16.04.22.39,True,-0.0008696708221171967,-0.001966943359375,0.0844199690988402,0.515,-0.471,0.08444288039158852,0.986,6.098797170487092,0.4865130026451254,0.012273896728958499,1.2704474142566056,7.7482010953208285
541,2004.02.16.04.32.39,False,0.08710111804888887,-0.0015724609375,0.08266760510022222,0.393,-0.369,0.08268255902187746,0.762,4.7531184889429205,0.26595855893303977,-0.03174959405436106,1.2692723710541252,6.03300197436178
542,2004.02.16.04.42.39,False,0.1255873212260803,-0.0018037109375,0.08361850069275305,0.4,-0.396,0.0836379520986137,0.796,4.782517863760918,0.3818054415969727,-0.005056333966050051,1.2723001004077887,6.084797958265059
543,2004.02.16.04.52.39,False,0.07613513479017542,-0.0022471679687500004,0.08378558270330716,0.366,-0.444,0.08381571232658289,0.81,4.366723014581121,0.38767370740609586,-0.011899977446575777,1.2677890381814172,5.536083570660457
544,2004.02.16.05.02.39,False,0.0830049948363345,-0.002347216796875,0.08548433357170829,0.374,-0.42,0.08551655227434408,0.794,4.373422338171181,0.39460150781500847,0.014266712876400554,1.2734088128876326,5.56915454790682
545,2004.02.16.05.12.39,False,0.12917707298044934,-0.001894873046875,0.08427990203943554,0.41,-0.366,0.08430120065361243,0.776,4.863513174440545,0.365869739574193,-0.00810076695784104,1.2709600021392484,6.181330714591218
546,2004.02.16.05.22.39,False,0.08865643848602534,-0.002053271484375,0.08695461810286201,0.398,-0.383,0.08697885681706287,0.781,4.575824683889422,0.4364173780138687,0.03295377871455477,1.2766577827883132,5.841762195362304
547,2004.02.16.05.32.39,False,0.013485243922017998,-0.0028209472656249997,0.08473888904789488,0.518,-0.371,0.08478583054111621,0.889,6.1095114206471095,0.42876379753725313,0.011074611469630088,1.2733396516911804,7.779483144370079
548,2004.02.16.05.42.39,False,0.08876508467527777,-0.0019638671875,0.08514582655865971,0.374,-0.413,0.08516847160004398,0.7869999999999999,4.391296367936781,0.32894899911736086,-0.016348059810084577,1.2672995704361245,5.565088000743996
549,2004.02.16.05.52.39,False,0.12932148103692692,-0.0017693847656250002,0.08697370286725638,0.403,-0.381,0.08699169910336632,0.784,4.632625918952825,0.43400851559162934,-0.02781576133484286,1.2742781881895022,5.903254162562933
550,2004.02.16.06.02.39,False,0.0716278158625655,-0.00245185546875,0.08692071260499629,0.381,-0.396,0.0869552866420438,0.777,4.3815622340296265,0.3166941879681926,-0.03745090140011167,1.269232058451827,5.56121925353221
551,2004.02.16.06.12.39,False,0.03176358690442527,-0.002354736328125,0.08786925596907819,0.364,-0.469,0.08790080163305893,0.833,4.141031631537499,0.43014719424034853,-0.022819722791090874,1.2768458872555364,5.287459207723739
552,2004.02.16.06.22.39,False,0.11155197604074196,-0.0024300781250000004,0.08561584231134678,0.396,-0.356,0.08565032244174565,0.752,4.623450195057188,0.43635864596918195,-0.030115242554844667,1.2706511057009922,5.874792102502885
553,2004.02.16.06.32.39,False,0.04107992485089729,-0.0023742187499999996,0.08541338928822663,0.405,-0.532,0.08544638075644281,0.937,4.73981456457958,0.4780069177953772,-0.005672867758276356,1.2746038602783452,6.041385941016657
554,2004.02.16.06.42.39,False,0.10790489807831782,-0.00160380859375,0.08659816145580611,0.442,-0.391,0.08661301154867697,0.833,5.103159353275618,0.4862233238389182,0.021692794278675223,1.2725200950080877,6.493872825071701
555,2004.02.16.06.52.39,False,0.10946310814372284,-0.0019158203124999998,0.08758340524732817,0.435,-0.393,0.08760435629686174,0.8280000000000001,4.965506492918355,0.4443845022745201,0.027450195012626282,1.2732179271267843,6.322171884048098
556,2004.02.16.07.02.39,False,0.1159059812396745,-0.0020942871093749997,0.08817470975296222,0.439,-0.4,0.08819957754159384,0.839,4.977348103430234,0.4654821554251858,-0.0038688788324679705,1.2728063733437258,6.335200388396308
557,2004.02.16.07.12.39,False,0.11137568713948398,-0.0015017578125,0.08604078734387456,0.403,-0.391,0.08605389220297505,0.794,4.683111823105516,0.49273496341796763,-0.019651156954613162,1.275682698007653,5.974164725570783
558,2004.02.16.07.22.39,True,-0.0008608432456382875,-0.0020556640625,0.08915456824095384,0.366,-0.498,0.08917826412847892,0.864,4.104139092376867,0.4000941939036653,0.02767674603250265,1.271472345418859,5.218299357709642
559,2004.02.16.07.32.39,False,0.09537032935384648,-0.0020389648437500003,0.08559283408887657,0.364,-0.398,0.08561711642539709,0.762,4.251486328871789,0.40487944030252443,0.006372640925290427,1.273124367875142,5.412670844974704
560,2004.02.16.07.42.39,False,0.08008356535056815,-0.0022212890625000004,0.08824570498964562,0.396,-0.381,0.08827365730623576,0.777,4.486049542800874,0.3659394532713707,-0.042267391909743976,1.2739768561858789,5.715123293231557
561,2004.02.16.07.52.39,False,0.08214581504936636,-0.002211376953125,0.08880598419897903,0.476,-0.366,0.08883351291927008,0.842,5.358338135660335,0.37709450519345245,0.010986231035584647,1.2731504465669998,6.821970590272942
562,2004.02.16.08.02.39,False,0.09851265001286424,-0.0017884765625,0.08728705664550379,0.452,-0.378,0.08730537730432188,0.8300000000000001,5.177229787627579,0.37620336380365016,0.003188741976451955,1.270450414593091,6.577413730135159
563,2004.02.16.08.12.39,False,0.0744757506910595,-0.0018255859374999995,0.08745980466075431,0.415,-0.464,0.0874788557041786,0.879,4.744003527016606,0.439604945247293,-0.02233087013884833,1.2740357903004649,6.044030282730794
564,2004.02.16.08.22.39,False,0.0973941246472696,-0.002275048828125,0.0888879659499545,0.479,-0.381,0.08891707562606087,0.86,5.387041764783468,0.4402469914533125,-0.012189203326741784,1.2736332447338072,6.861115482397703
565,2004.02.16.08.32.39,False,0.06306089116669111,-0.002172314453125,0.08603791602122937,0.334,-0.4,0.08606533531776527,0.734,3.880772656805731,0.3213036143632104,-0.015844278477415263,1.2693627450302523,4.926108232481267
566,2004.02.16.08.42.39,False,0.04905506237448931,-0.0015442382812500004,0.08848404967495963,0.437,-0.459,0.08849752380010416,0.896,4.937991270660679,0.5412085936380691,-0.019660452883292417,1.2780218815938864,6.310860895023946
567,2004.02.16.08.52.39,True,-0.02964677470755872,-0.0017691894531249995,0.08783154763349316,0.503,-0.554,0.08784936420382122,1.057,5.725710192198759,0.5760381353265771,0.007928480646487178,1.2792144343922327,7.324411125007377
568,2004.02.16.09.02.39,False,0.11673899164109047,-0.0020366210937499997,0.08690246040095322,0.396,-0.396,0.08692632195841919,0.792,4.555582142189621,0.46676619489856686,-0.002624868086113196,1.275066984367896,5.80867238408196
569,2004.02.16.09.12.39,False,0.037682968559759944,-0.00204111328125,0.08671931682883927,0.413,-0.481,0.08674333435306426,0.8939999999999999,4.761172752698208,0.44798583289768423,-0.03923706279865414,1.2744055446401588,6.067664955028243
570,2004.02.16.09.22.39,False,0.05208673397907437,-0.001968701171875,0.08851431429343214,0.505,-0.435,0.08853620513180258,0.94,5.703881245510961,0.44239483736892193,-0.006525636494893892,1.275372616599565,7.2745739488605
571,2004.02.16.09.32.39,False,0.08186780257155302,-0.0019487792968750002,0.08811929537982273,0.461,-0.374,0.08814084160583206,0.835,5.230265466054919,0.42207357939809365,-0.00637339900791862,1.27639277101497,6.675873031361742
572,2004.02.16.09.42.39,False,0.050449882974984206,-0.0016519531250000004,0.08997184051706987,0.369,-0.356,0.0899870048126742,0.725,4.100592088470404,0.41862170112895525,0.03417205040412078,1.2781996771882536,5.241375483763577
573,2004.02.16.09.52.39,False,0.09027907876528807,-0.00221708984375,0.08837720526845279,0.447,-0.383,0.08840501059576603,0.8300000000000001,5.056274491543448,0.5602555996498162,0.034532795829399915,1.2758941426277124,6.4512710072782
574,2004.02.16.10.02.39,False,0.08385461330942923,-0.002065576171875,0.0876224469501469,0.42,-0.408,0.08764679009783032,0.828,4.791961000867241,0.4137279539953309,0.02197440524102873,1.2766749534342898,6.117776587641118
575,2004.02.16.10.12.39,False,0.0669937342666741,-0.0018838378906250001,0.08949987578834939,0.442,-0.415,0.08951969957125708,0.857,4.937460716656796,0.49796496157412706,0.01297273554004363,1.278220695275108,6.311164470138582
576,2004.02.16.10.22.39,False,0.1146131417152203,-0.0017783203125000002,0.08911881924741626,0.417,-0.422,0.08913656021626312,0.839,4.678215077946407,0.44915542368613437,-0.004073790691489718,1.2742682906806289,5.961301130811113
577,2004.02.16.10.32.39,False,0.020818142255351058,-0.002096923828125,0.08817040070709481,0.415,-0.474,0.08819533236169942,0.889,4.705464437710107,0.5134914074370207,0.02402691679674615,1.2820845131655993,6.032803082839603
578,2004.02.16.10.42.39,False,0.03824820576043597,-0.0019158203125000002,0.08843589024435419,0.403,-0.425,0.08845663938213598,0.8280000000000001,4.555904483992716,0.48489349535248216,-0.07557730884923268,1.2765511084581012,5.815844919070136
579,2004.02.16.10.52.39,False,0.036955864109667225,-0.001820947265625,0.09013235071380551,0.483,-0.42,0.090150743170207,0.903,5.3576929375732725,0.6217770021628479,0.004514336506654283,1.2847410425699728,6.883248010387665
580,2004.02.16.11.02.39,False,0.06688976630773791,-0.002277587890625,0.09068182025654924,0.439,-0.452,0.09071041798845723,0.891,4.839576420603223,0.4888141347703794,-0.022285238655476627,1.2762957973449767,6.176731046545738
581,2004.02.16.11.12.39,False,0.03090833325621334,-0.00244462890625,0.08988117568565582,0.432,-0.454,0.08991441460146976,0.886,4.804568899377991,0.4496169147110769,-0.038974656682182474,1.2779645331517604,6.140068650489062
582,2004.02.16.11.22.39,False,0.09832269727254417,-0.0018393066406249999,0.09101847827023163,0.439,-0.41,0.09103706078046937,0.849,4.822211923763919,0.36341261581366435,-0.009687210938571502,1.2725981473750396,6.136737960431789
583,2004.02.16.11.32.39,False,0.032114905130214644,-0.002083984375,0.09008923786255496,0.491,-0.378,0.09011333846624066,0.869,5.448693926526142,0.5452279361146344,0.0194804393965684,1.2808700875941355,6.979069066943173
584,2004.02.16.11.42.39,False,0.029107584463401892,-0.0021591308593749995,0.09206942183556502,0.43,-0.464,0.0920947353718068,0.894,4.669105115118632,0.6274695337680596,-0.009970193289901579,1.284706995705794,5.998432005078613
585,2004.02.16.11.52.39,False,0.04885674542198226,-0.001678955078125,0.08919257007795696,0.383,-0.405,0.0892083709483904,0.788,4.293319067798878,0.587115769874706,0.0024768064190975507,1.283690024334093,5.511290858616767
586,2004.02.16.12.02.39,False,0.07110639977511402,-0.00205166015625,0.08970540254238178,0.505,-0.403,0.08972886132503577,0.908,5.628066516643703,0.5146706993834695,0.017609433947676133,1.2747256732001848,7.174240879244064
587,2004.02.16.12.12.39,False,0.06320269886366037,-0.001878271484375,0.09107452721996616,0.393,-0.403,0.09109389338539316,0.796,4.314229915910229,0.45951746098325197,-0.028710427863563714,1.2786606273986683,5.516435931019877
588,2004.02.16.12.22.39,False,0.0331524803089146,-0.00206962890625,0.0918006439942167,0.466,-0.444,0.0918239707351109,0.91,5.0749275626981225,0.5832556522576771,-0.030483543192631038,1.2796825422885616,6.494296205363827
589,2004.02.16.12.32.39,True,-0.03795409099133995,-0.0017212890625000002,0.08979934367745021,0.544,-0.522,0.08981583914286778,1.066,6.056838138924172,0.5313526949232923,-0.004265579670543818,1.2794795251975337,7.749600386189013
590,2004.02.16.12.42.39,False,0.028429690679005692,-0.002902783203125,0.09119080363740102,0.41,-0.422,0.09123699259817464,0.832,4.493791260807108,0.43072999210877816,-0.050528894131804385,1.2772080115836046,5.739506200687226
591,2004.02.16.12.52.39,False,0.030814284611367815,-0.002134375,0.09084378391597234,0.415,-0.454,0.090868854030479,0.869,4.567021389537957,0.5431208422206963,-0.03088837823271354,1.281722300346989,5.853653161132493
592,2004.02.16.13.02.39,False,0.011445076701957824,-0.0019475097656249999,0.08960327125381455,0.383,-0.493,0.08962443312887326,0.876,4.273388256183161,0.5000568354441413,-0.032418573653684384,1.2770521905149474,5.457339833479557
593,2004.02.16.13.12.39,False,0.04884071058089545,-0.002020751953125,0.08980131230891515,0.498,-0.376,0.08982404539353243,0.874,5.544172474287795,0.44308004759376196,0.008680003884526413,1.2780469171536546,7.085712538931666
594,2004.02.16.13.22.39,False,0.03371694376444889,-0.0015564941406249998,0.09139292334375963,0.5,-0.444,0.0914061765491158,0.944,5.470089865659485,0.5828125625920308,0.005042525841349817,1.2784002063237778,6.992964012868692
595,2004.02.16.13.32.39,False,0.024093752745289132,-0.00220263671875,0.09193215140416172,0.383,-0.425,0.09195853451590287,0.808,4.164920657079042,0.43596656161940617,-0.05502747657579067,1.2761477585962728,5.315054161262736
596,2004.02.16.13.42.39,False,0.07091378583538543,-0.0018162597656250002,0.09038048900211067,0.386,-0.381,0.09039873667146503,0.767,4.269971176730432,0.47912682547507224,-0.008994214156270684,1.2801883371917655,5.466367300595299
597,2004.02.16.13.52.39,False,0.02717340373739119,-0.0019430664062500002,0.09159794525518655,0.449,-0.454,0.09161855206251215,0.903,4.900754158324215,0.4773219216195348,-0.035956676770557666,1.278723657616569,6.2667102824119505
598,2004.02.16.14.02.39,False,0.0339615333814004,-0.001699560546875,0.09142726104563606,0.4,-0.449,0.09144305642507458,0.849,4.37430698007942,0.5755229887249782,0.018024298933638713,1.28362507982451,5.614970146481356
599,2004.02.16.14.12.39,False,0.08200830480288568,-0.0022939453125,0.09035473613622591,0.476,-0.393,0.09038385103182842,0.869,5.2664275151584095,0.385410349683454,0.011194814783252944,1.2735392411387347,6.707002101166993
600,2004.02.16.14.22.39,False,0.056496523178689584,-0.001754150390625,0.09099477554843573,0.388,-0.391,0.09101168178153356,0.779,4.263188992940091,0.5069703567366908,0.015227645482240263,1.2787389077188043,5.45150563623104
601,2004.02.16.14.32.39,False,0.022559773939539007,-0.0016595703125,0.09109987611374874,0.496,-0.457,0.09111499109127158,0.9530000000000001,5.443670619504836,0.5420037471466381,0.019900164956500283,1.2793995968179075,6.964629995803977
602,2004.02.16.14.42.39,False,0.005236788437186224,-0.001758154296875,0.09314847364028707,0.547,-0.447,0.09316506452553379,0.994,5.871299534710069,0.5609820953544635,-0.0023755298430099933,1.2762790054247508,7.493416330710568
603,2004.02.16.14.52.39,False,0.08885332782323707,-0.0018046386718750002,0.09194259719876635,0.447,-0.374,0.09196030611296717,0.821,4.860792866988612,0.39486897540859855,-0.006081434983158839,1.2757254269597658,6.201037055602031
604,2004.02.16.15.02.39,True,-0.04528921363368954,-0.0020703125,0.09218131619884988,0.503,-0.488,0.09220456198041396,0.991,5.455261531493929,0.7432975552995384,0.04268211567310929,1.2886361882527047,7.029847425865949
605,2004.02.16.15.12.39,True,-0.006780739128587787,-0.0021659667968750005,0.09180432572924035,0.371,-0.442,0.09182987332434704,0.813,4.040079622996017,0.5517784022496657,-0.0801539092186402,1.2847576647417898,5.190523261811253
606,2004.02.16.15.22.39,False,0.029370314546338094,-0.002322900390625,0.09338211769530401,0.417,-0.5,0.09341100455237795,0.917,4.464142121137102,0.46252264920486086,-0.0029152523179089896,1.2763475625913283,5.697796915374622
607,2004.02.16.15.32.39,False,0.04903288888771418,-0.00146376953125,0.09313785647333143,0.447,-0.381,0.09314935818183344,0.8280000000000001,4.798744819340867,0.6215580358289503,0.020015575893097205,1.2851753420021914,6.167228514377643
608,2004.02.16.15.42.39,True,-0.03698997185131003,-0.0020039062500000005,0.09359113145530917,0.422,-0.503,0.09361258209954337,0.925,4.507941032448654,0.5944372850986581,-0.0628826872404541,1.2853043545934275,5.794076239256647
609,2004.02.16.15.52.39,False,0.014180765159636954,-0.00230234375,0.09450843626765197,0.371,-0.449,0.09453647609520888,0.8200000000000001,3.924411140799888,0.4948223120819719,-0.03499771217809009,1.2809905362990406,5.027133531911178
610,2004.02.16.16.02.39,False,0.03816220072411114,-0.0018067382812499999,0.09486459281639575,0.425,-0.413,0.09488179632277996,0.838,4.479257523268061,0.4545847496597357,-0.05345132863514017,1.2779987377000075,5.724485460569844
611,2004.02.16.16.12.39,False,0.028179790352811263,-0.002327099609375,0.09588292160878376,0.498,-0.405,0.09591115706125186,0.903,5.1923052047215075,0.5121334435393035,0.011267629088632918,1.280176448408,6.647066836030753
612,2004.02.16.16.22.39,False,0.013367523422686434,-0.001824365234375,0.09451864152530165,0.479,-0.466,0.09453624651051509,0.9450000000000001,5.066839626922587,0.45030249249973053,-0.02170437489309522,1.2807645605081965,6.489428627941022
613,2004.02.16.16.32.39,False,0.04070565589719566,-0.002173193359375,0.09481914031088155,0.452,-0.42,0.09484404113423191,0.872,4.765718484731039,0.5362435114092148,-0.03152018402464271,1.2843177132213235,6.120696666166358
614,2004.02.16.16.42.39,False,0.03511721489485131,-0.0017346679687499998,0.09558295342597416,0.437,-0.452,0.09559869276613436,0.889,4.5711922135697485,0.4700351608607556,-0.029625122049336972,1.2827331279485505,5.863619686566381
615,2004.02.16.16.52.39,False,0.05427298143618797,-0.0019507812499999998,0.09625091780901182,0.43,-0.437,0.0962706846686077,0.867,4.466572575859284,0.4821477383767929,-0.016392114499991454,1.2802468140398757,5.718315309921729
616,2004.02.16.17.02.39,False,0.05915289023400716,-0.0018772460937500003,0.09627513860956523,0.425,-0.391,0.09629343885845754,0.8160000000000001,4.413592504726212,0.4809149930704568,0.00040881731305411975,1.2821428938062118,5.658856266091073
617,2004.02.16.17.12.39,True,-0.036266214462970514,-0.0015850585937500002,0.09497518174685494,0.508,-0.466,0.09498840749582946,0.974,5.34802102058932,0.7511586473517373,0.02138280067933913,1.2914618651703464,6.906765202220503
618,2004.02.16.17.22.39,True,-0.015793986976403107,-0.0023247558593749995,0.09549244976104748,0.503,-0.464,0.09552074356479788,0.9670000000000001,5.265871906229275,0.6564783060272306,-0.03897476596467317,1.2890168545835679,6.787797641207637
619,2004.02.16.17.32.39,False,0.031034355454244933,-0.0019416503906250003,0.09490302288929583,0.461,-0.437,0.09492288322509818,0.898,4.85657392966872,0.5195036890723932,-0.04191146010988255,1.2802825077003899,6.217786649508605
620,2004.02.16.17.42.39,False,0.014130785498292386,-0.0017620117187500002,0.09426557865206811,0.466,-0.479,0.09428204497096067,0.9450000000000001,4.942616594108988,0.47955622735407255,0.02479425010982998,1.278688450131302,6.320066752314477
621,2004.02.16.17.52.39,False,0.0023710046796480144,-0.0024348144531249998,0.09328469083302592,0.493,-0.386,0.09331646084820391,0.879,5.2830979177613,0.6900665599350058,-0.04144753497726456,1.2914839217882144,6.823036018021513
622,2004.02.16.18.02.39,True,-0.027934745387560578,-0.001748681640625,0.09845005065436922,0.493,-0.552,0.09846557957645974,1.045,5.006825756986272,0.6142024183200463,0.007110728644009213,1.2852474318161597,6.435009945717605
623,2004.02.16.18.12.39,False,0.03553014059899062,-0.0016535156250000003,0.09503868695899781,0.42,-0.447,0.09505307008620237,0.867,4.418584266863843,0.5214360964550426,-0.030028712415334266,1.2856682557044934,5.680833527062155
624,2004.02.16.18.22.39,False,0.02456507268469843,-0.0014483886718749998,0.09557886945078164,0.432,-0.427,0.09558984315937742,0.859,4.519308597250487,0.5461967132436887,-0.04973483089447393,1.2879702388819076,5.820734973581768
625,2004.02.16.18.32.39,True,-0.03226189509906863,-0.00179560546875,0.09692809996445481,0.493,-0.537,0.09694473044843,1.03,5.08537181669975,0.7066014705423598,0.03707694695852093,1.2871144381053135,6.545455488408095
626,2004.02.16.18.42.39,True,-0.017230287226015273,-0.0018451171875000002,0.09649377021860993,0.498,-0.513,0.0965114094210498,1.0110000000000001,5.16001168138969,0.5868126529442286,0.005347423829440977,1.2865373622326757,6.638547817664886
627,2004.02.16.18.52.39,False,0.036297932077505646,-0.00206416015625,0.09610307518105546,0.427,-0.405,0.09612524026709245,0.8320000000000001,4.442121536586467,0.5574171385605213,-0.028977505173992762,1.2843539693435195,5.705256427821163
628,2004.02.16.19.02.39,True,-0.002883959271073655,-0.002319677734375,0.0961254013091715,0.54,-0.42,0.09615338622035433,0.96,5.616026863187993,0.5643935427422346,0.006107861796828127,1.2848817603138547,7.215930481942884
629,2004.02.16.19.12.39,False,0.03458872238398669,-0.002294091796875,0.09565264910863361,0.435,-0.447,0.09568015540681293,0.882,4.546397297856246,0.5436207732186156,-0.020913074033234183,1.282830224929888,5.832255868229563
630,2004.02.16.19.22.39,False,0.041742745533636216,-0.0016488281250000001,0.09587125623493316,0.461,-0.422,0.09588543375429867,0.883,4.807820979162362,0.5675984206307492,-0.027514076223508332,1.2869532710269347,6.187440935644921
631,2004.02.16.19.32.39,False,0.04423072649774318,-0.0021183105468749997,0.09356724330764812,0.432,-0.383,0.09359121892445693,0.815,4.615817647900205,0.5771797568819839,0.04561476510535343,1.2892609778636877,5.950993574372285
632,2004.02.16.19.42.39,True,-0.062078313472015645,-0.0019236328124999998,0.09778247306724465,0.535,-0.542,0.0978013926401038,1.077,5.470269753404528,0.6771886124561841,-0.02843193631710452,1.2878765121467943,7.0450319305167275
633,2004.02.16.19.52.39,False,0.0037129075470567763,-0.002181201171875,0.09708231057954604,0.491,-0.439,0.09710681060572232,0.9299999999999999,5.056287987807379,0.6499851458312187,0.05948135770925023,1.2849887161243547,6.497273009807601
634,2004.02.16.20.02.39,False,0.045771905419701886,-0.002069189453125,0.0940687640559963,0.454,-0.417,0.09409151883148462,0.871,4.825089504752302,0.597391354376704,0.006015732668920251,1.2880194491303034,6.214809125915469
635,2004.02.16.20.12.39,True,-0.015634884556378847,-0.00210263671875,0.0963140650874664,0.557,-0.439,0.09633701373222939,0.996,5.781786028246551,0.5472246871079163,0.027608748256810187,1.2862755440063172,7.436969968810957
636,2004.02.16.20.22.39,True,-0.013402334656870907,-0.001822119140625,0.09587481384944375,0.449,-0.51,0.09589212714726962,0.9590000000000001,4.6823447696642795,0.6811948931940979,-0.007184546000463869,1.294652984441441,6.062011630229631
637,2004.02.16.20.32.39,True,-0.0675474921723016,-0.002164306640625,0.09739518356995239,0.552,-0.488,0.09741922811159702,1.04,5.6662325364317745,0.5790203454839511,-0.04887423782855838,1.2823567620418683,7.266131608394933
638,2004.02.16.20.42.39,False,0.03218765416085101,-0.0017246582031250003,0.09764422684677404,0.454,-0.442,0.09765945669735152,0.896,4.64880734906149,0.6133940913684954,-0.026868208717565012,1.2884090623471331,5.989565517636775
639,2004.02.16.20.52.39,False,0.005409118820858816,-0.0017319335937499999,0.0948210754185315,0.493,-0.461,0.09483689122646313,0.954,5.19839899457221,0.6512805700988582,0.0332188784218825,1.2911040937008686,6.711674222582659
640,2004.02.16.21.02.39,False,0.010204452233960826,-0.0020203125000000004,0.09748992524821394,0.415,-0.479,0.09751085676733642,0.8939999999999999,4.255936351684421,0.5207344685544992,-0.022260994597276346,1.2854507823943813,5.470796713093428
641,2004.02.16.21.12.39,False,0.04902643277869334,-0.0015130859374999999,0.09843639396525677,0.457,-0.41,0.09844802225508394,0.867,4.642043481746025,0.5386898269168512,-0.015103373647776527,1.2857467603308654,5.968492367969962
642,2004.02.16.21.22.39,False,0.03523877564051103,-0.0017645507812500002,0.09940383393201764,0.439,-0.432,0.09941949426467503,0.871,4.415633002832344,0.6725187096744207,-0.02123072572011468,1.2936857116156875,5.712441323502876
643,2004.02.16.21.32.39,False,0.042975912238303327,-0.0016810546874999998,0.0983651064774757,0.493,-0.422,0.09837946999850884,0.915,5.011208131203314,0.5520838440108813,0.03304964237251619,1.2873750973253708,6.451304555625557
644,2004.02.16.21.42.39,False,0.03607842460146726,-0.0018572265625000002,0.09803372410072998,0.396,-0.413,0.09805131488951334,0.8089999999999999,4.038701576273839,0.6552368688722128,-0.031633991969569765,1.2938480112737722,5.225466002590156
645,2004.02.16.21.52.39,False,0.04171292143145455,-0.00156904296875,0.09791493996037309,0.476,-0.4,0.09792751075811766,0.876,4.860738277885228,0.6111333437801076,4.218274879528225e-06,1.2937164212788375,6.288416929638736
646,2004.02.16.22.02.39,True,-0.02582238641141066,-0.0016272949218750002,0.09725953373048636,0.386,-0.491,0.09727314629554436,0.877,3.9682072051747843,0.572484489262322,-0.03624724081240663,1.291830669224675,5.12625176948312
647,2004.02.16.22.12.39,False,0.03943942312917259,-0.0014086914062499997,0.09837636823344928,0.464,-0.391,0.09838645353035777,0.855,4.716096407081386,0.5403197851984634,-0.027033723995058125,1.289333273804078,6.080620020117893
648,2004.02.16.22.22.39,True,-0.04945773011015642,-0.002264013671875,0.10376910203435047,0.496,-0.488,0.10379379699636138,0.984,4.778705610099108,1.0579778032148006,0.022242096700611745,1.3148605761379286,6.283331611688465
649,2004.02.16.22.32.39,True,-0.06911236428227696,-0.0016309082031250003,0.10637398947336635,0.496,-0.5,0.10638649114453806,0.996,4.662246067746778,0.8593839482326833,-0.05815066367273988,1.3058024299197324,6.08797224414746
650,2004.02.16.22.42.39,True,-0.039711524566776624,-0.002164794921875,0.10500558225887016,0.498,-0.457,0.10502789459271344,0.9550000000000001,4.741597476853068,0.8594033690020813,-0.036005389568740095,1.3064575342539828,6.194695748034365
651,2004.02.16.22.52.39,True,-0.03423334774905329,-0.0016755859374999998,0.10534146824160609,0.51,-0.439,0.10535479352896691,0.9490000000000001,4.8407859093737144,0.8345135768103153,-0.04559297185090278,1.3013024515513965,6.29932657130347
652,2004.02.16.23.02.39,True,-0.06567339019234186,-0.002089160156250001,0.10625564856160724,0.527,-0.52,0.1062761847330165,1.0470000000000002,4.9587779362226065,0.8989962838910843,-0.04214172701670748,1.3055870054910987,6.474116036648203
653,2004.02.16.23.12.39,True,-0.02798624425398033,-0.002149853515625,0.1042700012427267,0.435,-0.457,0.10429216187852698,0.892,4.170975001042369,0.7805928630818695,-0.0405011399857617,1.3041319988205087,5.439501965139758
654,2004.02.16.23.22.39,True,-0.05188053410127713,-0.0022241210937500003,0.10583460325573028,0.508,-0.491,0.1058579707010176,0.999,4.798882848744395,0.9324437463329018,-0.02195952345707107,1.3106461425847398,6.289637294422908
655,2004.02.16.23.32.39,True,-0.02760475812460239,-0.0016638671875,0.10619686540460416,0.461,-0.481,0.10620989914212917,0.942,4.340461705769005,0.7618131670541999,-0.018680843374084943,1.3004853158459668,5.644706712344329
656,2004.02.16.23.42.39,True,-0.049288017429344966,-0.0022435546875000005,0.10299146827083759,0.571,-0.449,0.10301590204535778,1.02,5.542833569021115,1.0352955897710991,-0.0055498461913283835,1.3124285697598597,7.274573133407319
657,2004.02.16.23.52.39,True,-0.05746832114141409,-0.0014833007812500001,0.10595899954424515,0.493,-0.493,0.10596938126470777,0.986,4.652287237277562,0.7446224362206091,-0.05052026083159421,1.2974704834763464,6.036205371021355
658,2004.02.17.00.02.39,True,-0.060679719872245075,-0.00146591796875,0.10594924027191698,0.527,-0.53,0.10595938103673265,1.057,4.973603987147739,0.8544294796051415,-0.022823616584939633,1.3005919801596904,6.468629458174609
659,2004.02.17.00.12.39,True,-0.08455812467699342,-0.0018698242187499999,0.1046235968561095,0.474,-0.549,0.10464030419355035,1.0230000000000001,4.52980334540365,0.950329834842297,-0.06483677415511666,1.3062275115894102,5.916953751855996
660,2004.02.17.00.22.39,True,-0.03494116182717211,-0.00223251953125,0.10561847953754985,0.481,-0.488,0.10564207193765773,0.969,4.553110244598868,0.895181246440885,-0.022863855306557948,1.307580975259111,5.953560334094837
661,2004.02.17.00.32.39,True,-0.038110880061583474,-0.0016324218750000002,0.10434677548583268,0.496,-0.461,0.10435954367219488,0.9570000000000001,4.752799624708901,0.7816348788004697,-0.03708233531378327,1.3024068201275003,6.1900786459202966
662,2004.02.17.00.42.39,True,-0.051299180495340324,-0.00187197265625,0.10661143815612845,0.459,-0.505,0.10662787171909487,0.964,4.3046906273174965,0.7678642560795579,-0.03740551442805827,1.3034600814205253,5.610992395573437
663,2004.02.17.00.52.39,True,-0.0331375891600163,-0.00165927734375,0.10660886235708322,0.486,-0.483,0.10662177420384168,0.969,4.558168381918456,0.7654697765915444,-0.014485438513994801,1.3012744110720116,5.931427876748002
664,2004.02.17.01.02.39,True,-0.10785571597788635,-0.00235234375,0.10467625720588139,0.581,-0.635,0.10470268546579882,1.216,5.549045828340132,0.7869819151709754,-0.038785664155529954,1.2987685282917005,7.206926083896514
665,2004.02.17.01.12.39,True,-0.034498652958583675,-0.0018250976562500004,0.10419411991093308,0.491,-0.466,0.10421010318327466,0.9570000000000001,4.711635292563492,0.8916386740504207,0.03003721306603902,1.3059085966763784,6.152965032962487
666,2004.02.17.01.22.39,True,-0.05929384577398611,-0.0018949707031249998,0.10610636041632907,0.479,-0.527,0.10612328036187736,1.006,4.513618485657658,0.8149963220300815,-0.05855082417662549,1.30291688831187,5.88086975236001
667,2004.02.17.01.32.39,True,-0.052354708162977937,-0.0016462402343749999,0.10684368830670977,0.479,-0.532,0.10685637013248496,1.0110000000000001,4.482652736623151,0.9259511693175662,-0.024365463044258077,1.3073794028624772,5.860527858046224
668,2004.02.17.01.42.39,True,-0.07454701368651928,-0.00140625,0.10483115097547938,0.603,-0.442,0.10484058257137954,1.045,5.751589558265323,0.7773012336510248,-0.04778357028931343,1.298753185320992,7.469895259456045
669,2004.02.17.01.52.39,False,0.006262620274962605,-0.0018466796874999996,0.10358289973678944,0.474,-0.425,0.10359935976515491,0.899,4.575317850172925,0.8176352010912522,0.007699191076852347,1.3042115885061343,5.967182561294502
670,2004.02.17.02.02.39,True,-0.059171220232156485,-0.0017053710937500002,0.106147151556937,0.466,-0.559,0.1061608500070471,1.0250000000000001,4.389565456277586,0.6430516614183488,-0.04607355865295514,1.292468028629573,5.673373011815563
671,2004.02.17.02.12.39,True,-0.055592175924127796,-0.0021922851562500003,0.1062959236188349,0.491,-0.466,0.10631852845194717,0.9570000000000001,4.618197854590487,0.7746946322817014,-0.06889835567028421,1.3051990060841323,6.027667249711374
672,2004.02.17.02.22.39,True,-0.035504347389275104,-0.001649755859375,0.10489966343887301,0.486,-0.435,0.10491263548297876,0.921,4.6324258061256085,0.7594868721250325,-0.05970775277350098,1.29913105987026,6.018128247282305
673,2004.02.17.02.32.39,True,-0.021541605189397517,-0.0022290039062499998,0.10293961366314318,0.483,-0.474,0.1029637437136551,0.957,4.690971623402076,0.7345061687411092,-0.0024288136598552045,1.2998421172624912,6.0975224869812195
674,2004.02.17.02.42.39,True,-0.09653483576772104,-0.0017624511718750003,0.10198831440725148,0.552,-0.552,0.10200354165305059,1.104,5.411576804632367,0.9054039207769442,-0.017908272732924835,1.3019843160104658,7.045788124517374
675,2004.02.17.02.52.39,True,-0.029212966120244488,-0.002257421875,0.1048669769520988,0.442,-0.461,0.10489127136513195,0.903,4.213887335404441,0.7653851180387239,-0.032580534143837284,1.3045956186356915,5.497418955193062
676,2004.02.17.03.02.39,True,-0.04115651708735213,-0.00238818359375,0.1028109009042696,0.496,-0.481,0.10283863459626931,0.977,4.823090095927756,0.8056773825533732,-0.021341679489168146,1.3032869909441576,6.285870578174253
677,2004.02.17.03.12.39,True,-0.07396126946751103,-0.0020735351562500004,0.10411814607733272,0.53,-0.537,0.104138791478608,1.0670000000000002,5.0893619224385915,0.767350526474162,-0.04532367045880202,1.2987163924922371,6.609637755996805
678,2004.02.17.03.22.39,True,-0.055044382357696486,-0.0024020019531250003,0.10524364665863592,0.53,-0.522,0.10527105383433104,1.052,5.034622345797741,0.8042036898939053,-0.02149548155331198,1.2990654967544317,6.540304178614704
679,2004.02.17.03.32.39,True,-0.031448884298375224,-0.00197587890625,0.10529723231413343,0.508,-0.457,0.10531576914436293,0.9650000000000001,4.8235891370042845,0.8374606137177665,-0.00541197871346703,1.300892618216366,6.274971501637525
680,2004.02.17.03.42.39,False,0.010138284918361329,-0.001993505859375,0.10319522564778864,0.452,-0.425,0.10321447893638458,0.877,4.379230556195382,0.7876753191941388,0.004344139839311855,1.3043944597825032,5.7122440756115065
681,2004.02.17.03.52.39,True,-0.04041134485133879,-0.0016300292968749997,0.10399037377794015,0.459,-0.488,0.10400314819265989,0.9470000000000001,4.413327942243909,0.7657113842738932,-0.029368027861976304,1.2992217879164627,5.733891819783815
682,2004.02.17.04.02.39,True,-0.04985243060233657,-0.00172705078125,0.10478630929616467,0.5,-0.469,0.10480054064895132,0.969,4.770967753638237,0.8513716239181846,-0.04638696069503721,1.304795222506373,6.225135931679134
683,2004.02.17.04.12.39,True,-0.056140369113384714,-0.0028621582031250004,0.10485010316830719,0.525,-0.505,0.10488916094613579,1.03,5.0052836276343715,0.8011197732616533,-0.005933738228531214,1.3054025787899877,6.533910155089213
684,2004.02.17.04.22.39,True,-0.06004340510867667,-0.0014580078124999999,0.1044703204074305,0.532,-0.525,0.10448049403028538,1.057,5.091859537396436,0.8875430047913375,-0.011294745799652244,1.3040164042539124,6.639868364921691
685,2004.02.17.04.32.39,True,-0.07544480687747401,-0.00209873046875,0.10530391525817447,0.537,-0.513,0.10532482726442635,1.05,5.098512990216626,0.8239941692202506,-0.053580327548383315,1.3026654546448233,6.64165674241308
686,2004.02.17.04.42.39,True,-0.07298885933037991,-0.00174560546875,0.10709339131389001,0.562,-0.508,0.10710761691664371,1.07,5.247059137142183,0.9259360914985315,-0.03482180885041304,1.308913716522003,6.8679476760075095
687,2004.02.17.04.52.39,True,-0.049086941614139845,-0.0014053222656250004,0.10711509271296862,0.479,-0.518,0.10712431104832426,0.997,4.471440659104178,1.0499797079690092,0.0012977414078426642,1.3147576734560857,5.878860917960755
688,2004.02.17.05.02.39,True,-0.0776158126972305,-0.002170458984375,0.10518518220292615,0.518,-0.547,0.10520757314597474,1.065,4.9235999321197035,0.8787991225503626,-0.030382896102156793,1.30471286402664,6.42388416875727
689,2004.02.17.05.12.39,True,-0.029198374362495283,-0.0021233886718749996,0.10514338916451799,0.51,-0.417,0.1051648280769437,0.927,4.84953010741252,0.8321046946773336,-0.030513435585693575,1.305984249557385,6.333409938035085
690,2004.02.17.05.22.39,True,-0.05037256675541224,-0.0025304199218750003,0.10571934420289815,0.454,-0.491,0.10574962299541249,0.9450000000000001,4.293159513388478,0.8605328986184082,-0.033524473077430374,1.3065629897206785,5.609283329160622
691,2004.02.17.05.32.39,True,-0.12448396245487847,-0.0016843261718750002,0.10542583760539853,0.562,-0.583,0.10543929148781836,1.145,5.330081339411591,0.9539876786626973,-0.08485689422111357,1.3086467476621222,6.9751936095955465
692,2004.02.17.05.42.39,True,-0.02621956909327705,-0.002120556640625,0.10667180733337313,0.483,-0.461,0.10669288280028043,0.944,4.527012367864621,0.948502823909875,-0.02196034307258443,1.3083555665295343,5.922941831243724
693,2004.02.17.05.52.39,True,-0.06071246148786291,-0.0018029296875,0.10713080010557506,0.557,-0.471,0.10714596999756337,1.028,5.198515632577379,0.9324927361688928,-0.02371001055416823,1.3083409644348305,6.801430956355832
694,2004.02.17.06.02.39,True,-0.07597223362040517,-0.0015596191406249999,0.10823434391804927,0.505,-0.503,0.1082455801187022,1.008,4.665317507155642,1.0423942932084937,-0.05917398920834293,1.3147420983801812,6.133689328967604
695,2004.02.17.06.12.39,True,-0.07187954152081566,-0.002083837890625,0.10663266500748596,0.544,-0.51,0.1066530244622867,1.054,5.100652351329826,1.1178083967298198,-0.0232007848134643,1.3154645723988307,6.709727464297179
696,2004.02.17.06.22.39,True,-0.05222069936620333,-0.002018603515625,0.10573303274973286,0.491,-0.486,0.10575230009134258,0.977,4.642925019842625,0.9838773110024168,-0.017609419268415204,1.3103303923117386,6.083765762724374
697,2004.02.17.06.32.39,True,-0.08757001029109834,-0.0013639648437499996,0.10727136319458126,0.554,-0.52,0.10728003431076423,1.074,5.164055022532865,1.068532133388807,-0.053502390095079705,1.3153816373514207,6.792703150912106
698,2004.02.17.06.42.39,True,-0.08470780906069875,-0.0016236328125,0.10925792237474784,0.498,-0.53,0.1092699857470305,1.028,4.557518668968377,1.1376804821538267,-0.053414763432014706,1.319855495049433,6.01526605902829
699,2004.02.17.06.52.39,True,-0.05718436314260056,-0.0024064453125000004,0.10647368979524564,0.505,-0.479,0.10650088073652841,0.984,4.741744824151408,0.9490147794299428,-0.0430458749481006,1.3078672364817912,6.201572699264738
700,2004.02.17.07.02.39,True,-0.08706946739925037,-0.002151513671875,0.10976950924023306,0.576,-0.522,0.10979059235618448,1.0979999999999999,5.2463511457459955,1.0141714282015117,-0.021491288111960372,1.3104121622971863,6.87488234906733
701,2004.02.17.07.12.39,True,-0.08318116845673496,-0.0017068359374999998,0.11275490562424527,0.54,-0.552,0.11276782356350593,1.092,4.78860000074308,1.0775865528894446,0.010692169773799942,1.3157404636430559,6.300554785178838
702,2004.02.17.07.22.39,True,-0.11113506630122061,-0.0020744140625,0.12027081919912475,0.588,-0.581,0.12028870746886945,1.169,4.888239406447804,1.345963647530156,-0.008205888018520823,1.336506389244663,6.5331631988750285
703,2004.02.17.07.32.39,True,-0.12894274945732975,-0.001913916015625,0.16688531206930557,0.776,-0.808,0.16689628653443545,1.584,4.649594164816179,2.3890722982950097,-0.1349700516951401,1.432784921554064,6.661868410694383
704,2004.02.17.07.42.39,True,-0.14054377585366873,-0.001823388671875,0.17175226188535522,0.881,-0.869,0.1717619405135619,1.75,5.129192167751729,2.385087713657378,-0.09728691498686172,1.4338015990554107,7.354243931984917
705,2004.02.17.07.52.39,True,-0.12615918578865748,-0.00241044921875,0.17373771535987825,0.879,-0.903,0.1737544359258383,1.782,5.058863650394364,2.626807408932346,-0.04025486919192272,1.4442923609831722,7.306478125520024
706,2004.02.17.08.02.39,True,-0.14497671091743392,-0.0020238281250000005,0.17176726202426995,0.974,-0.786,0.17177918437224501,1.76,5.67007000038692,2.6189030455499056,-0.1417596614112363,1.4503197413460283,8.223414456375032
707,2004.02.17.08.12.39,True,-0.13159875382995023,-0.001405224609375,0.16911142314905972,0.847,-0.82,0.16911726137713776,1.6669999999999998,5.008359247913544,2.507133901376002,-0.11684147793998612,1.4409191509399848,7.216640755106006
708,2004.02.17.08.22.39,True,-0.1270143317704837,-0.002005810546875,0.1736802226553967,0.867,-0.828,0.1736918046931925,1.6949999999999998,4.991599929147263,2.5064066518245687,-0.015041003205504586,1.434894478749348,7.162419178459045
709,2004.02.17.08.32.39,True,-0.14054377585366873,-0.001855419921875,0.16858932554701642,0.869,-0.774,0.16859953520542212,1.643,5.154225359762754,2.467265336797422,-0.12751043045232785,1.4367602438709661,7.4053860848586535
710,2004.02.17.08.42.39,True,-0.13519442669699477,-0.0024760253906250004,0.16684723438082694,0.842,-0.82,0.16686560557006835,1.662,5.045976953269958,2.686524509219736,-0.07891080344932823,1.4489940728816024,7.311590697185335
711,2004.02.17.08.52.39,True,-0.1255554600680795,-0.0023744628906250003,0.17250703099972597,0.776,-0.75,0.17252337180324112,1.526,4.4979413043527225,2.221581229484708,-0.09168321062484434,1.4257295663349285,6.412847905254769
712,2004.02.17.09.02.39,True,-0.13785590350368526,-0.00190517578125,0.1698140825991547,0.999,-0.723,0.16982476952361808,1.722,5.8825341132647075,2.547557372864662,-0.01810916432448964,1.4436769726564394,8.492479040186225
713,2004.02.17.09.12.39,True,-0.12668764096627938,-0.0023712402343749996,0.16882029445348168,0.857,-0.784,0.1688369467847881,1.641,5.075903209102654,2.248777066522476,-0.03884108424155056,1.430967839317719,7.263454247715501
714,2004.02.17.09.22.39,True,-0.1257680316258325,-0.001768310546875,0.16848419830881156,0.793,-0.776,0.16849347762436717,1.569,4.706413632033184,2.295431090130667,-0.05479712710379405,1.424721969599723,6.705330899581305
715,2004.02.17.09.32.39,True,-0.1269000606294013,-0.0016747070312500005,0.16950124228928082,0.767,-0.725,0.16950951531182548,1.492,4.524819734096024,2.236064581689713,-0.10021382374817149,1.425927638688909,6.45206551893252
716,2004.02.17.09.42.39,True,-0.14108250244805132,-0.002147900390625,0.1699224554601748,0.896,-0.803,0.16993603015753642,1.699,5.27257226833755,2.384176895930011,-0.10499995365973233,1.434427555541868,7.563122950289273
717,2004.02.17.09.52.39,True,-0.13519442669699477,-0.002344287109375,0.16507878585285252,0.854,-0.747,0.16509543064755947,1.601,5.172765815809235,2.7590090372117437,-0.08651695112745453,1.4515123929551066,7.508333687501637
718,2004.02.17.10.02.39,True,-0.14054377585366873,-0.00193876953125,0.16551565040253277,0.869,-0.723,0.1655270049130013,1.592,5.249898652227378,2.5098751429398405,-0.10884377951468964,1.4351193736509287,7.534231265515409
719,2004.02.17.10.12.39,True,-0.138929901415485,-0.001725341796875,0.16502786371733058,0.854,-0.769,0.16503688256696403,1.623,5.174600893551705,2.373606332702642,-0.12873370487884989,1.4300654305765665,7.400017854898906
720,2004.02.17.10.22.39,True,-0.13083597790122803,-0.002041162109375,0.16808903226734154,0.759,-0.74,0.16810142507227036,1.499,4.5151312647926085,2.370612072790797,-0.09561982633912819,1.427826694747255,6.446824950158824
721,2004.02.17.10.32.39,True,-0.1378727832367289,-0.00277158203125,0.16407562826353983,0.845,-0.774,0.16409903551523772,1.619,5.149329472576552,2.5158891668515384,-0.11029405038528896,1.43476649138182,7.388085380337658
722,2004.02.17.10.42.39,True,-0.13403244734420694,-0.0021638671875,0.16515006168363172,0.818,-0.745,0.16516423703487537,1.563,4.952646012751989,2.34215083104434,-0.09967779281608889,1.4263958067383853,7.064433504849021
723,2004.02.17.10.52.39,True,-0.138929901415485,-0.00212587890625,0.16411413167975805,0.825,-0.728,0.16412790006005987,1.553,5.026567693232564,2.578314431277737,-0.09651947641963424,1.4408984336602182,7.242773515865857
724,2004.02.17.11.02.39,True,-0.13403244734420694,-0.002123583984375,0.1638229823359712,0.801,-0.774,0.1638367454217479,1.5750000000000002,4.889013132786965,2.531885326050883,-0.12135667396202172,1.4260763527132139,6.972106016771837
725,2004.02.17.11.12.39,True,-0.12661188527348433,-0.0022813476562499996,0.16319995447417052,0.769,-0.784,0.16321589900343655,1.553,4.711550802926427,2.6241708680097338,-0.12754527339732652,1.4367300322836565,6.769226537194573
726,2004.02.17.11.22.39,True,-0.12925955590401295,-0.002597265625,0.1684588753608301,0.801,-0.833,0.16847889623499585,1.634,4.754304651205444,2.398438400002175,-0.1001154263128816,1.428455189542877,6.791311151682254
727,2004.02.17.11.32.39,True,-0.13946747561158035,-0.00213154296875,0.16695990080764117,0.847,-0.815,0.16697350674021613,1.662,5.072661025906316,2.304491357206314,-0.10277178109530756,1.423383994562076,7.220344514113891
728,2004.02.17.11.42.39,True,-0.138929901415485,-0.001575,0.1656306076291268,0.852,-0.759,0.16563809588555933,1.611,5.143744230123567,2.6610620225085304,-0.06898382663531083,1.4381866899122295,7.397664488076542
729,2004.02.17.11.52.39,True,-0.1362646223596523,-0.0023106445312499994,0.16414240460117688,0.842,-0.789,0.16415866735084764,1.631,5.129183938856167,2.4481806492189104,-0.059910718152897474,1.4263002942334688,7.315756561168134
730,2004.02.17.12.02.39,True,-0.13159875382995023,-0.0019210449218750002,0.16523855821088268,0.813,-0.869,0.16524972475984076,1.682,4.919826651339612,2.348742119130721,-0.0783421170070073,1.4196705793813427,6.984533152563078
731,2004.02.17.12.12.39,True,-0.1362477787343035,-0.002077880859375,0.16629286759066028,0.864,-0.84,0.16630584896626646,1.704,5.195247222935942,2.555336429076207,-0.05067124987241959,1.4307760499549618,7.433235300171772
732,2004.02.17.12.22.39,True,-0.1390582650097758,-0.0022439453124999996,0.15753519405416846,0.876,-0.737,0.1575511747218979,1.613,5.56009818109116,2.7568716983889994,-0.10127559217528959,1.4367502917916268,7.988472684072818
733,2004.02.17.12.32.39,True,-0.1312559882094605,-0.00187392578125,0.16211342999090594,0.789,-0.781,0.16212426031057164,1.57,4.866637469855285,2.539827058969368,-0.07638029661373541,1.4234473635032914,6.9274022755918345
734,2004.02.17.12.42.39,True,-0.14000543366627594,-0.0017123535156250002,0.155816765083172,0.803,-0.723,0.1558261737820283,1.526,5.153177932246781,2.464085946432145,-0.08740517331296606,1.4109890651823687,7.271077713339297
735,2004.02.17.12.52.39,True,-0.14175043626776185,-0.002833154296875,0.15676437161368403,0.879,-0.725,0.15678997088686228,1.604,5.606225927768528,2.3978248382054588,-0.08235462543050776,1.4102585560476146,7.906228081771544
736,2004.02.17.13.02.39,True,-0.13349875129869415,-0.0020725097656249998,0.15416258433338975,0.784,-0.754,0.15417651476498656,1.538,5.0850805727127915,2.3809937953008697,-0.05083976910492171,1.4044706026933176,7.141846176702015
737,2004.02.17.13.12.39,True,-0.14281300696547183,-0.00195458984375,0.1550153438361392,0.854,-0.698,0.15502766606671775,1.552,5.508694168384579,2.3857241830328224,-0.07974910128105614,1.408137301282629,7.7569977398604175
738,2004.02.17.13.22.39,True,-0.1363588388950968,-0.0016204589843750003,0.15479107309514198,0.842,-0.703,0.15479955490008887,1.545,5.439292125506729,2.32624429101845,-0.045146862710062595,1.4009003302873522,7.619906135151771
739,2004.02.17.13.32.39,True,-0.14108250244805132,-0.002097900390625,0.14505347658643136,0.771,-0.701,0.1450686467016887,1.472,5.314725252696695,2.260390342657569,-0.18092588457274505,1.3979039877828725,7.429475624715045
740,2004.02.17.13.42.39,True,-0.14000543366627594,-0.00146015625,0.14250547917911555,0.74,-0.706,0.14251295959436022,1.446,5.19251022578079,2.398569851860411,-0.08434773312960188,1.4028861779886954,7.28450082481283
741,2004.02.17.13.52.39,True,-0.13571250194471762,-0.0018147460937499998,0.14807779692684847,0.793,-0.657,0.14808891668890603,1.4500000000000002,5.354890951534707,2.158488613774585,-0.05476432196649754,1.389158576438276,7.438792691216158
742,2004.02.17.14.02.39,True,-0.13315511211450648,-0.00204130859375,0.1452566719121925,0.72,-0.837,0.1452710145754522,1.557,4.956253675959837,2.204459419576205,-0.1653935686616854,1.3928371893101337,6.903254439531918
743,2004.02.17.14.12.39,True,-0.12966198141970042,-0.0016679199218749999,0.14390677431422344,0.715,-0.713,0.1439164398197462,1.428,4.968160697245776,2.0271482740199875,-0.09428018059840625,1.3817016657853827,6.864515911273957
744,2004.02.17.14.22.39,True,-0.13106679434024815,-0.0016946777343749997,0.1397168442716768,0.706,-0.684,0.13972712158296033,1.3900000000000001,5.052705530621168,2.342641300811165,-0.10366597950892527,1.3964768332559983,7.0559862187769165
745,2004.02.17.14.32.39,True,-0.13208935243487896,-0.0021219726562500003,0.13940496793015889,0.671,-0.706,0.13942111694991724,1.377,4.812757311656283,1.9866054341726365,-0.1211387100892232,1.3739044855260891,6.61226885823305
746,2004.02.17.14.42.39,True,-0.1280713843942134,-0.001689892578125,0.13975335792095936,0.669,-0.706,0.1397635746076544,1.375,4.78665490545747,2.0716523614208278,-0.1608252571450786,1.3811569520707585,6.611121699836184
747,2004.02.17.14.52.39,True,-0.12966198141970042,-0.0017964843750000001,0.14240961836091998,0.703,-0.74,0.14242094915360065,1.443,4.936071583414432,1.9998288945603404,-0.07639618602335731,1.3776336356132235,6.800098241106346
748,2004.02.17.15.02.39,True,-0.13777900541773502,-0.0019873046875,0.13855399139048752,0.71,-0.781,0.13856824279089436,1.491,5.1238291379029866,2.2251644103888673,-0.1446606286136689,1.3791865133057468,7.066716043478811
749,2004.02.17.15.12.39,True,-0.13831575780852434,-0.002184619140625,0.1405783469409978,0.715,-0.71,0.14059532065276256,1.4249999999999998,5.085517758915192,2.0884088755661026,-0.13167135183397424,1.3784151901674204,7.00995492875488
750,2004.02.17.15.22.39,True,-0.1433533539201408,-0.0013869628906250002,0.13447099374999763,0.757,-0.676,0.1344781462772739,1.433,5.629167422037324,2.5143137121380645,-0.06836804061909313,1.3974073599661516,7.8662399860366445
751,2004.02.17.15.32.39,True,-0.1294316002314322,-0.0020329101562499992,0.1405208429926291,0.693,-0.674,0.14053554724361556,1.367,4.931136737943592,2.029423852596694,-0.04531700286821959,1.3768187525110631,6.789281531996969
752,2004.02.17.15.42.39,True,-0.138929901415485,-0.001759912109375,0.13954307594198878,0.745,-0.696,0.1395541734739036,1.4409999999999998,5.338428665046795,2.174915562196098,-0.09140080242270153,1.383082511470424,7.383487325358624
753,2004.02.17.15.52.39,True,-0.13617104514222356,-0.001756591796875,0.13508302236099481,0.701,-0.652,0.13509444305715124,1.353,5.18896250753589,2.222977868529748,-0.08772272699694149,1.3792273460261315,7.156758987897825
754,2004.02.17.16.02.39,True,-0.13744756825052984,-0.0025256835937500005,0.13563450076357514,0.796,-0.691,0.135658014414925,1.487,5.867696084400485,2.1120656548190597,-0.1733873901842237,1.3680280271223078,8.027172698095686
755,2004.02.17.16.12.39,True,-0.1438940867133175,-0.001325390625,0.13496485320782559,0.796,-0.688,0.13497136089451994,1.484,5.897547410980568,2.253797685838542,-0.1034686882208997,1.375664498712414,8.11304660275928
756,2004.02.17.16.22.39,True,-0.12984912653645797,-0.0018705078125,0.13188363578557946,0.605,-0.854,0.13189689984036773,1.459,4.586915998270011,2.2796867432564882,-0.18245891263737352,1.3689989583848066,6.279483223830249
757,2004.02.17.16.32.39,True,-0.14162161372391224,-0.0018416015625000001,0.12850403655113327,0.686,-0.635,0.12851723194284104,1.3210000000000002,5.337805597191071,1.9454752438008258,-0.13136845360382987,1.3587631435920995,7.252813513122844
758,2004.02.17.16.42.39,True,-0.1250112214276068,-0.0017689453125000001,0.12587990282028297,0.588,-0.676,0.12589233138504702,1.264,4.670657803624091,1.997542800174501,-0.10751198199200677,1.357266839666796,6.339328956289929
759,2004.02.17.16.52.39,True,-0.14173346947059784,-0.0017800292968750003,0.12575086007719946,0.703,-0.649,0.12576345778664455,1.3519999999999999,5.589859028785825,1.9092597898346062,-0.12252295098274688,1.3530546617228778,7.563384817272379
760,2004.02.17.17.02.39,True,-0.14173346947059784,-0.0021049316406249997,0.12434257576370984,0.73,-0.72,0.12436039114109293,1.45,5.870036217333696,2.0802240990981096,-0.13352677000435864,1.3554662813005869,7.956636162609069
761,2004.02.17.17.12.39,True,-0.13777900541773502,-0.001952197265625,0.12273314790942975,0.64,-0.681,0.12274867278273063,1.3210000000000002,5.213905661797435,1.8499449241387067,-0.07868867589669108,1.342787454278554,7.001167110453518
762,2004.02.17.17.22.39,True,-0.18358346645851187,-0.001862158203125,0.12049771455313857,0.903,-0.662,0.12051210248644377,1.565,7.4930233675209275,1.8363394045741614,-0.07787959904526646,1.3396840449865783,10.03828385417939
763,2004.02.17.17.32.39,True,-0.1382165183200882,-0.0020005859375000004,0.11664609267848056,0.671,-0.605,0.1166632473457258,1.276,5.751597141913292,1.4947850896938135,-0.11930468372910834,1.3243622009374636,7.617197849769912
764,2004.02.17.17.42.39,True,-0.13670664935777466,-0.0013823730468750003,0.11791507359904692,0.615,-0.833,0.11792317642053819,1.448,5.215259787497447,1.7735457066958276,-0.10915909823304085,1.3387799495061738,6.982085234967411
765,2004.02.17.17.52.39,True,-0.13852098280486347,-0.0022670410156249996,0.11283584344546328,0.618,-0.588,0.11285861527156722,1.206,5.475877924896837,1.4246082301984355,-0.07585617893913277,1.3261585178853803,7.261882153002461
766,2004.02.17.18.02.39,True,-0.12996239209938742,-0.0016829101562499996,0.11247857322396894,0.579,-0.583,0.11249116241329249,1.162,5.147071001655705,1.5522948769275144,-0.1629796665773571,1.3249796729759005,6.819764452557516
767,2004.02.17.18.12.39,True,-0.1263208608815024,-0.0016341796875000002,0.11131627706126455,0.645,-0.53,0.11132827171042965,1.175,5.793676575503453,1.3309587974609638,-0.10000862201306106,1.3200664922577043,7.6480383143004715
768,2004.02.17.18.22.39,True,-0.13617104514222356,-0.002172265625,0.11109619772419393,0.596,-0.603,0.1111174328659493,1.1989999999999998,5.363694828326416,1.3866856891104486,-0.16418312821603218,1.3187040983385514,7.073126352351338
769,2004.02.17.18.32.39,True,-0.13896433931409713,-0.0014509277343750001,0.11085801040438618,0.603,-0.61,0.11086750498730173,1.213,5.438924598051204,1.6093428330193849,-0.18889016875287884,1.3239647820755052,7.200944620183967
770,2004.02.17.18.42.39,True,-0.1395019381008139,-0.0013730957031249998,0.11016338278674173,0.601,-0.623,0.11017193970711474,1.224,5.45510954602162,1.3689570075773423,-0.13173266903017383,1.3124335516349335,7.159468796042785
771,2004.02.17.18.52.39,True,-0.1017550625286785,-0.0017462890625000002,0.11002121859403505,0.549,-0.547,0.11003507652747033,1.096,4.9893181095115775,1.2738682253232412,-0.15478624773317098,1.3138531920411476,6.55523152429049
772,2004.02.17.19.02.39,True,-0.11441513924210445,-0.001215673828125,0.10700005484462607,0.544,-0.557,0.1070069605194418,1.101,5.0837814414994265,1.2220807735566188,-0.15159655183990747,1.3113527480561114,6.666630763826933
773,2004.02.17.19.12.39,True,-0.08770629652982609,-0.0014241699218750005,0.10727539268070405,0.491,-0.537,0.1072848457833893,1.028,4.576601629193194,1.073305002899736,-0.15020876609878686,1.3066408265447795,5.979974535535179
774,2004.02.17.19.22.39,True,-0.13521187335538754,-0.0021705566406249994,0.1077959383216059,0.591,-0.715,0.10781778904599011,1.306,5.481470221466947,1.2331512796328292,-0.13988013688104356,1.3074417613964058,7.166703081396691
775,2004.02.17.19.32.39,True,-0.10114489098621682,-0.0019828613281249997,0.10571842414788826,0.574,-0.513,0.10573701784786335,1.087,5.428562405891598,1.1528874123751987,-0.11334221401128547,1.3090401850277806,7.106206336243193
776,2004.02.17.19.42.39,True,-0.11703206789133336,-0.001585400390625,0.10384050472535768,0.522,-0.647,0.10385260668859317,1.169,5.026354336634429,0.9432393234140055,-0.1403092427573264,1.2975248185134252,6.521819498425756
777,2004.02.17.19.52.39,True,-0.1303045626883479,-0.0015304687500000001,0.1067788746689228,0.569,-0.649,0.10678984226112637,1.218,5.328222122556007,1.1755023973384349,-0.12762794921654977,1.3080149718176148,6.9693943094730875
778,2004.02.17.20.02.39,True,-0.07734744819506856,-0.0016115722656250002,0.10528519329245467,0.53,-0.513,0.1052975265226913,1.0430000000000001,5.033356599176968,0.8799226510924183,-0.13839677752328658,1.2972379503184412,6.529461197938129
779,2004.02.17.20.12.39,True,-0.0701410561746747,-0.0022591796875,0.10422214581101316,0.518,-0.491,0.10424662858007687,1.009,4.968985635848158,1.0331776509628554,-0.09988539913772561,1.3040873483603548,6.479991301893915
780,2004.02.17.20.22.39,True,-0.07607437010314844,-0.00125029296875,0.10345598848132738,0.483,-0.522,0.10346354326600385,1.005,4.668311027761839,1.000355245197536,-0.12433339663790156,1.3015049568614987,6.075829942803232
781,2004.02.17.20.32.39,True,-0.08020679867521674,-0.0019775390624999995,0.1030124930008797,0.554,-0.488,0.10303147274012928,1.042,5.376997778118967,0.9084447005643224,-0.08751767018835734,1.3011414818839326,6.996234857108326
782,2004.02.17.20.42.39,True,-0.06653470496833103,-0.0018998046875,0.09930624154269888,0.483,-0.532,0.09932441224184264,1.0150000000000001,4.862852838473938,0.7717927254108252,-0.11870971133454768,1.293595857464691,6.2905662873103
783,2004.02.17.20.52.39,True,-0.07974651431652102,-0.001654345703125,0.10275773905266905,0.488,-0.542,0.10277105523892355,1.03,4.74841869498655,0.9268405707904268,-0.07435789981845702,1.298162565998648,6.164219397519692
784,2004.02.17.21.02.39,True,-0.14011705014062514,-0.0013151855468750001,0.10150196524741117,0.615,-0.693,0.10151048547864094,1.3079999999999998,6.058487427187052,0.9667239500366183,-0.11114737885400183,1.29747800964905,7.860754208510449
785,2004.02.17.21.12.39,True,-0.04866726673948951,-0.0019162597656249998,0.10048284100871412,0.483,-0.483,0.10050111138028213,0.966,4.8059170029711975,0.6652145802848799,-0.1207717006506049,1.2878155299411285,6.1891345520344325
786,2004.02.17.21.22.39,True,-0.04130190849775417,-0.0018317871093749996,0.09936302244705549,0.4,-0.471,0.09937990578496302,0.871,4.024958535033379,0.7488124696956069,-0.11016758176460514,1.29104846868483,5.196416553174782
787,2004.02.17.21.32.39,True,-0.07312657341303885,-0.0020602050781250002,0.10258642144837174,0.486,-0.535,0.10260710653042934,1.021,4.736514033322545,0.8222244311026867,-0.06994686720304485,1.2940611449423096,6.12933877299669
788,2004.02.17.21.42.39,True,-0.06518682816970156,-0.0015675781249999995,0.10000005968549854,0.376,-0.542,0.10001234542935812,0.918,3.7595358691550804,0.6527158309279764,-0.15633968564534023,1.2900982283451836,4.850170564197139
789,2004.02.17.21.52.39,True,-0.050558964656927774,-0.0019291992187500002,0.1027480462241223,0.474,-0.518,0.10276615596829532,0.992,4.612413450068475,0.641151157867629,-0.06649134295298005,1.2891768812735676,5.946216786703532
790,2004.02.17.22.02.39,True,-0.02941862172808829,-0.0019720703125,0.10077314648240278,0.483,-0.469,0.10079244075465804,0.952,4.792026032742724,0.688527101475187,-0.05380711704147773,1.2935744478826319,6.198842429544367
791,2004.02.17.22.12.39,True,-0.051651797549764344,-0.0019321289062499997,0.10069870981864482,0.481,-0.5,0.10071724420996633,0.981,4.77574623663505,0.8693732490038792,-0.04303829269138598,1.3010528329885898,6.213498170808628
792,2004.02.17.22.22.39,True,-0.0803830762576705,-0.001690673828125,0.10211176030560837,0.547,-0.52,0.10212575566772138,1.0670000000000002,5.356141518107649,0.8122074071808982,-0.06797729414654397,1.2953852342058485,6.938266634873545
793,2004.02.17.22.32.39,True,-0.11079778661944051,-0.00140625,0.10274597154131519,0.52,-0.608,0.1027555945291119,1.1280000000000001,5.0605517138308,0.7643725473661331,-0.06600214954770775,1.2926438788729608,6.541491196603455
794,2004.02.17.22.42.39,True,-0.0734119792483281,-0.0017239746093750004,0.10323281452876602,0.439,-0.53,0.10324720860141631,0.9690000000000001,4.251930933016798,0.8305410434162077,-0.07616936164575634,1.2976908143970185,5.517691715226443
795,2004.02.17.22.52.39,True,-0.0776128818428844,-0.0017345703125,0.10472464619055652,0.466,-0.559,0.10473901018200549,1.0250000000000001,4.449154132641024,0.8673107336548798,-0.047412887459112804,1.2977429703017898,5.773858499424046
796,2004.02.17.23.02.39,True,-0.06863878548444091,-0.001966845703125,0.10544206525576959,0.513,-0.535,0.10546040777193058,1.048,4.86438475668914,1.0399953829715916,-0.004060615255579721,1.3050382395388611,6.348208119309266
797,2004.02.17.23.12.39,True,-0.07790953538812251,-0.0018165039062500003,0.10416035152198545,0.557,-0.527,0.10417618977302347,1.084,5.346711193926155,0.9779203766262881,-0.033228602809788614,1.2990831137585417,6.94582222617324
798,2004.02.17.23.22.39,True,-0.06300008268687085,-0.0015575195312500002,0.10511782550252133,0.525,-0.547,0.10512936366909462,1.072,4.9938474054926365,0.867729822045229,-0.00791426356651984,1.2967536537398154,6.475789869291674
799,2004.02.17.23.32.39,True,-0.10666880259342515,-0.0017381347656250004,0.10301653116940576,0.632,-0.493,0.10303119336706057,1.125,6.134064639515789,0.9835885532070137,-0.0106392795603171,1.3073817468801527,8.019564143885928
800,2004.02.17.23.42.39,True,-0.07342803146322452,-0.0020634277343749997,0.10613361332449366,0.493,-0.586,0.10615366979680035,1.079,4.644210614137994,0.9646319369650582,-0.009901110585349314,1.303015032097565,6.051476242448871
801,2004.02.17.23.52.39,True,-0.05973373748257316,-0.0018527832031250003,0.10577298046086293,0.498,-0.532,0.10578920644929649,1.03,4.707474578124239,0.8522948759061766,-0.028719287434431515,1.2994463182513925,6.1171105088055695
802,2004.02.18.00.02.39,True,-0.05660014219784948,-0.0016828613281250002,0.10623180018397704,0.535,-0.486,0.10624512879458581,1.021,5.035524979543941,1.0616526237676354,-0.01629533373485569,1.3094005172327758,6.593519012753399
803,2004.02.18.00.12.39,True,-0.047772672066833555,-0.0023161621093749996,0.10634430186694288,0.486,-0.527,0.10636952169904862,1.013,4.56897795756796,0.943261495800948,0.023695013734024148,1.3036128050916116,5.956178171666911
804,2004.02.18.00.22.39,True,-0.08428499823477098,-0.001262841796875,0.1059304975844383,0.576,-0.486,0.10593802474980654,1.0619999999999998,5.437141209309283,1.0365573859673773,0.04195991636813061,1.3078271808471045,7.110841059638577
805,2004.02.18.00.32.39,True,-0.09354954626404799,-0.002109326171875,0.10889361794985976,0.481,-0.645,0.1089140454078783,1.126,4.416326638117941,1.0071678875967924,0.0431058963273919,1.3068825254783119,5.771620110160718
806,2004.02.18.00.42.39,True,-0.06509466824517651,-0.002089306640625,0.10740603716386624,0.508,-0.537,0.1074263562701648,1.045,4.728820911717783,0.9072687402430022,0.02689688873426031,1.3061273079125897,6.176442127022706
807,2004.02.18.00.52.39,True,-0.10217272181266113,-0.0015421874999999997,0.10871610497959165,0.554,-0.54,0.10872704274567,1.094,5.095328503469877,1.060751117656622,0.08066783897263262,1.3104423414456758,6.677134214521956
808,2004.02.18.01.02.39,True,-0.0685687800594379,-0.002320263671875,0.11017866270010543,0.591,-0.461,0.1102030913263808,1.052,5.362825968735092,1.030564302451336,0.04759964032442938,1.3096280637779354,7.02330738981257
809,2004.02.18.01.12.39,True,-0.09579395726851347,-0.0025946289062500003,0.10981806034255638,0.498,-0.63,0.10984870721388805,1.1280000000000001,4.533508064235447,0.9164351948112492,-0.018425904284794407,1.3029451183117773,5.90691220112265
810,2004.02.18.01.22.39,True,-0.03930032184065024,-0.0022509277343749994,0.10853664988959488,0.459,-0.508,0.10855998823195347,0.9670000000000001,4.228077097975388,0.893567153208692,-0.003635669787789147,1.3049002145129647,5.517218712125436
811,2004.02.18.01.32.39,True,-0.04211156272894501,-0.0018534667968750002,0.10969872878196792,0.481,-0.5,0.10971438572742807,0.981,4.384110586874044,0.8486574602590657,-0.006496539322708061,1.3008975751927374,5.703278831841254
812,2004.02.18.01.42.39,True,-0.05641030936988545,-0.0017224121093750004,0.11020168498120778,0.508,-0.505,0.11021514449553597,1.013,4.609166937313007,0.9063512150340016,0.03200430068596814,1.3099886999962143,6.037956604276197
813,2004.02.18.01.52.39,True,-0.10174387007915175,-0.00207275390625,0.10840942846231306,0.535,-0.635,0.10842924185053242,1.17,4.934093339299439,1.0126761241968207,0.007319705784382445,1.3105938331644822,6.466592302743793
814,2004.02.18.02.02.39,True,-0.06285024882439783,-0.002813916015625,0.10875097696982489,0.461,-0.542,0.10878737571627682,1.0030000000000001,4.237624053017991,0.832382817194703,-0.031517308251919576,1.3058935836545948,5.533886060776574
815,2004.02.18.02.12.39,True,-0.05403079550829837,-0.001585400390625,0.10944368214859199,0.471,-0.505,0.10945516459555768,0.976,4.303131805067112,0.8226663722894192,0.021223784028090116,1.3046811144973824,5.614214799264093
816,2004.02.18.02.22.39,True,-0.053922638438137716,-0.0023180175781249996,0.11020072722462239,0.488,-0.535,0.11022510370295927,1.0230000000000001,4.4273036142028905,0.8273301046767592,0.008109121660961257,1.3031476664135921,5.76943037335296
817,2004.02.18.02.32.39,True,-0.09320431954746067,-0.001716650390625,0.11005897582780104,0.532,-0.61,0.11007236278388924,1.142,4.833184157630042,0.9088525634526525,-0.008160562787118806,1.3045032077934327,6.304904237484789
818,2004.02.18.02.42.39,True,-0.0957095270789925,-0.0021333984375,0.11047037780701947,0.581,-0.537,0.11049097592889091,1.1179999999999999,5.258347979240551,0.8800067254017039,0.004961757268095492,1.3080223881079027,6.878036881308591
819,2004.02.18.02.52.39,True,-0.09343591799682671,-0.0018983398437499997,0.11106613412551834,0.564,-0.564,0.11108235613161074,1.128,5.077313982535362,0.9103188476473099,0.006291369222905599,1.3081768598093357,6.642024661939142
820,2004.02.18.03.02.39,True,-0.05997822611710879,-0.0020310546874999997,0.11179252158915924,0.491,-0.527,0.11181097024177122,1.018,4.391340124661295,0.7821177360607581,-0.03306598687146643,1.303032098570621,5.72205713817478
821,2004.02.18.03.12.39,True,-0.13110222762885304,-0.001701220703125,0.11376583439958977,0.618,-0.657,0.11377855346468255,1.275,5.431603594712868,1.0525077600426584,0.07034812342742032,1.3149366510128433,7.14221464046106
822,2004.02.18.03.22.39,True,-0.1239656734917528,-0.0015712890625000004,0.11120202791145298,0.62,-0.542,0.11121312854576791,1.162,5.574881384124081,1.0037087771263522,-0.053252415447461704,1.3124973334616417,7.317016951027803
823,2004.02.18.03.32.39,True,-0.08936812775663816,-0.002117041015625,0.11277862815009006,0.576,-0.515,0.11279849657720675,1.091,5.106451038607128,0.9866371510161316,0.04436818161096069,1.3111868326407055,6.695511363346121
824,2004.02.18.03.42.39,True,-0.11998688434590521,-0.00217099609375,0.13758972412980983,0.657,-0.613,0.13760685088379956,1.27,4.774471589025722,1.4340807064842034,0.01172348147276448,1.354702834254778,6.467990193722058
825,2004.02.18.03.52.39,True,-0.13273403137873974,-0.0020646972656249997,0.13714496765158554,0.627,-0.693,0.13716050862749496,1.3199999999999998,4.571286635447141,1.4277365827989597,-0.07528488159277225,1.3475097951575354,6.159853517737756
826,2004.02.18.04.02.39,True,-0.12361630494568021,-0.0016225585937499998,0.13581586698720016,0.691,-0.737,0.13582555879463556,1.428,5.087407746613968,1.5253678310169114,0.008239540065882112,1.3575767995465824,6.906546726636681
827,2004.02.18.04.12.39,True,-0.13315194587284573,-0.0017740234375000004,0.141271784510056,0.625,-0.713,0.14128292273948928,1.338,4.423747668020952,1.3180243004515333,-0.061172011562462845,1.347071360130402,5.959103788034678
828,2004.02.18.04.22.39,True,-0.13368587600826598,-0.0019691894531250003,0.13923005978867162,0.774,-0.596,0.1392439846307889,1.37,5.558588416241409,1.6541833883366017,-0.03807444740499682,1.3651403717354165,7.588253456871977
829,2004.02.18.04.32.39,True,-0.12167048049782792,-0.0021341308593750006,0.1414760484750535,0.652,-0.64,0.14149214397499468,1.292,4.608029687607428,1.3526310858658794,-0.004010183036345901,1.3506501458235625,6.223835969526278
830,2004.02.18.04.42.39,True,-0.1199583284096416,-0.002247119140625,0.14544415613965797,0.718,-0.789,0.1454615141527455,1.5070000000000001,4.9360135165790044,1.4379920350952462,-0.033342191609270086,1.3591625121522837,6.708844531211147
831,2004.02.18.04.52.39,True,-0.12519574491608776,-0.00166953125,0.14225630055719068,0.635,-0.669,0.14226609709559232,1.304,4.463466791904236,1.4857916003122567,-0.05290893641618421,1.361198346028838,6.075663614694689
832,2004.02.18.05.02.39,True,-0.12984912653645797,-0.00187568359375,0.14847332092298565,0.671,-0.693,0.14848516833288014,1.3639999999999999,4.518969857620559,1.621274429280505,-0.09141194306664534,1.370956524630698,6.195311210914361
833,2004.02.18.05.12.39,True,-0.12479102646540019,-0.0019019042968750001,0.14732893084374554,0.72,-0.674,0.14734120640036724,1.3940000000000001,4.886616701396884,1.7901524761320937,-0.02954171247899817,1.3750120899257399,6.719157043253754
834,2004.02.18.05.22.39,True,-0.12837260980989718,-0.002075,0.15019298536071016,0.698,-0.693,0.1502073183189238,1.391,4.646910735187945,1.604501405928648,-0.026767457691751137,1.365707793488971,6.346322206693741
835,2004.02.18.05.32.39,True,-0.11893594355191317,-0.00192333984375,0.15234833064324316,0.71,-0.73,0.1523604708772505,1.44,4.660001350166559,1.8112709395100914,-0.03303145187063688,1.3857349111655284,6.457526557004299
836,2004.02.18.05.42.39,True,-0.1278388302575335,-0.002055224609375,0.15796136149588336,0.884,-0.671,0.15797473112440522,1.5550000000000002,5.595831647935197,1.7398433612694584,-0.03160336383365271,1.3806722983780613,7.726009742691382
837,2004.02.18.05.52.39,True,-0.14054377585366873,-0.0016179199218750002,0.15641771767765242,0.818,-0.742,0.1564260849997831,1.56,5.229306864012701,2.043003855422814,-0.06023166377335759,1.4008687944337734,7.3255728023137285
838,2004.02.18.06.02.39,True,-0.12313280007218541,-0.0012828125000000003,0.15854567219996843,0.745,-0.769,0.15855086181175426,1.514,4.698807634893404,1.7222144144207405,-0.05049292633003828,1.3804991080042683,6.48669974865399
839,2004.02.18.06.12.39,True,-0.12894274945732975,-0.0018984375000000002,0.16184255628512034,0.752,-0.662,0.16185369038067607,1.4140000000000001,4.646171478891298,1.6780698803653467,-0.06075600467396176,1.3840788179483967,6.430667528489422
840,2004.02.18.06.22.39,True,-0.12384640686484316,-0.0017682617187499995,0.16323885277464278,0.803,-0.781,0.16324842971583983,1.584,4.918883455098164,2.0147890195042253,-0.03924922652070763,1.3981904516596395,6.877535879744831
841,2004.02.18.06.32.39,True,-0.14173346947059784,-0.00204306640625,0.161164936383518,0.95,-0.723,0.16117788570347902,1.673,5.8941088341841565,1.7975665514054597,-0.0595620674362826,1.3858512663588631,8.168358191911075
842,2004.02.18.06.42.39,True,-0.13049356298297443,-0.002097509765625,0.16384683626947907,0.791,-0.706,0.16386026151185765,1.4969999999999999,4.827283886293321,1.9389616056842724,-0.05274738790808231,1.4030334379086913,6.772840706747346
843,2004.02.18.06.52.39,True,-0.13486891663080025,-0.002159423828125,0.16412653043382763,0.75,-0.737,0.1641407356615524,1.487,4.569249656261146,1.7150538029522133,-0.07858510973253754,1.3878662793841112,6.341507520012287
844,2004.02.18.07.02.39,True,-0.1269000606294013,-0.0017100585937499999,0.16521983229855364,0.764,-0.771,0.16522868178726188,1.5350000000000001,4.623894542617477,1.9828216546950355,-0.07342365663585557,1.401399378212427,6.479922936943967
845,2004.02.18.07.12.39,True,-0.13410896215835177,-0.002062841796875,0.16664426319320277,0.879,-0.845,0.16665703036921176,1.724,5.274304948628117,2.070871004476122,-0.037869769467666896,1.4056545925602761,7.4138509736025044
846,2004.02.18.07.22.39,True,-0.12682476051602654,-0.00135634765625,0.16765329059812437,0.793,-0.811,0.1676587770662298,1.604,4.729844830531857,2.1819720509307796,-0.05119790670309508,1.408873006520037,6.663750706764672
847,2004.02.18.07.32.39,True,-0.13102243595106522,-0.001411767578125,0.1664857246490363,0.901,-0.781,0.16649171030297388,1.682,5.411680848015808,2.246652075464767,-0.01854510325282202,1.4069708451005172,7.614077176147085
848,2004.02.18.07.42.39,True,-0.13946747561158035,-0.0014232910156250001,0.1642119678502848,0.859,-0.713,0.16421813585161088,1.572,5.230847345485646,2.048758309317642,-0.07262711095512056,1.405897846391956,7.35403701782335
849,2004.02.18.07.52.39,True,-0.1312559882094605,-0.0019080078124999998,0.1702728601642998,0.818,-0.698,0.1702835500051128,1.516,4.803752329426062,1.7639682780390604,-0.08757315432309917,1.3960685279159937,6.706367443014868
850,2004.02.18.08.02.39,True,-0.12321084897406132,-0.0013025390624999997,0.17362018243124677,0.857,-0.837,0.1736250683382695,1.694,4.935923183225637,1.9486580019141293,-0.028579715925904556,1.4001790070759286,6.911176021691929
851,2004.02.18.08.12.39,True,-0.13475343410254026,-0.0016712890624999998,0.17297847521185855,0.737,-0.762,0.17298654888097514,1.499,4.260446865768153,1.8538147939928216,-0.0979647691110277,1.400339819837992,5.966073396439113
852,2004.02.18.08.22.39,True,-0.1326638126287284,-0.0019521484375,0.17328314036185247,0.869,-0.796,0.173294136130417,1.665,5.014595527606378,1.9501769099867907,-0.0940932488269641,1.3996861935416591,7.0188601261864
853,2004.02.18.08.32.39,True,-0.12902929939854446,-0.0023975097656249995,0.16847142904928453,0.771,-0.82,0.1684884876155768,1.591,4.575980299372815,1.923412204252612,-0.09955168912419246,1.3968098877162427,6.391774528158681
854,2004.02.18.08.42.39,True,-0.13115359175272234,-0.0024887207031250003,0.1629063913824323,0.745,-0.735,0.16292540036465886,1.48,4.572644893506749,1.854188484898926,-0.08995591302376339,1.3878558582876588,6.34617200332249
855,2004.02.18.08.52.39,True,-0.12894274945732975,-0.0012291015625,0.16105276379906622,0.752,-0.652,0.16105745377960237,1.404,4.669141243404156,1.866960290933977,-0.11141272280160232,1.3926599726092914,6.502526116148145
856,2004.02.18.09.02.39,True,-0.12966198141970042,-0.0018247558593750002,0.1632414843994758,0.779,-0.73,0.1632516828791992,1.509,4.771773168037931,1.8855745636299526,-0.1450994003320891,1.3910564604789777,6.637805893339403
857,2004.02.18.09.12.39,True,-0.14096303707766455,-0.0028531249999999998,0.16555587003641892,0.715,-0.791,0.16558045303048682,1.506,4.318142551937296,2.042238958693522,-0.10218524889225876,1.401673233844127,6.05262483497388
858,2004.02.18.09.22.39,True,-0.13304136041609227,-0.0015997070312500001,0.17136904456029367,0.747,-0.811,0.17137651092286174,1.558,4.358823714973589,1.9705789740506274,-0.08938233767076162,1.4027425625037802,6.114307547444298
859,2004.02.18.09.32.39,True,-0.13475343410254026,-0.0012562499999999998,0.1615832749578178,0.706,-0.82,0.1615881583228061,1.5259999999999998,4.369132041158719,1.6569415578388575,-0.17044503912979747,1.3775482479305794,6.018690188275548
860,2004.02.18.09.42.39,True,-0.1312559882094605,-0.0018758789062500003,0.16047503524755521,0.781,-0.776,0.1604859989512325,1.557,4.866468134938834,1.9853903021851318,-0.10380837841557744,1.3881464672129744,6.755370549319854
861,2004.02.18.09.52.39,True,-0.1280713843942134,-0.0016989746093750001,0.162632404168626,0.786,-0.769,0.16264127827950267,1.5550000000000002,4.832721485681153,1.7371857208364938,-0.15033206491660875,1.3807218281508862,6.672644044653749
862,2004.02.18.10.02.39,True,-0.12627141247043716,-0.002241943359375,0.15965523251698166,0.767,-0.82,0.159670972878849,1.587,4.803628274889792,1.9300105775150938,-0.22381391663019728,1.3840680781746002,6.648548554691883
863,2004.02.18.10.12.39,True,-0.1322012618146332,-0.0019755371093750002,0.1652278101154626,0.752,-0.754,0.16523961989311728,1.506,4.550966653677972,1.6979109469031757,-0.16735594954092947,1.3755354379811495,6.260015909204535
864,2004.02.18.10.22.39,True,-0.12984912653645797,-0.0010315429687500002,0.16351984655074325,0.728,-0.75,0.16352310019344363,1.478,4.45197038913031,1.7972944059008533,-0.16869093418968822,1.3756971386256003,6.1245629255724685
865,2004.02.18.10.32.39,True,-0.13273403137873974,-0.00214765625,0.16179882762092818,0.732,-0.715,0.16181308058026397,1.447,4.523738114218194,1.86228053024346,-0.15425541434590959,1.3861775474291635,6.270704204378805
866,2004.02.18.10.42.39,True,-0.1312559882094605,-0.001972119140625,0.16013174127715762,0.798,-0.801,0.16014388473606908,1.5990000000000002,4.983018872779144,1.8024402637382293,-0.11947506358560156,1.3770040038620786,6.861636939137182
867,2004.02.18.10.52.39,True,-0.13670664935777466,-0.001413232421875,0.153615046815428,0.789,-0.764,0.15362154742738524,1.553,5.135998258141159,1.9897856647817393,-0.2460716480050523,1.3787287066953482,7.081148236036522
868,2004.02.18.11.02.39,True,-0.13244925934811358,-0.0022296875,0.15116738632709387,0.771,-0.75,0.1511838291462169,1.521,5.099751768122834,1.9097440860459338,-0.2504137519454045,1.3730478280041127,7.002203088581191
869,2004.02.18.11.12.39,True,-0.14173346947059784,-0.0015782226562499999,0.14980795366995223,0.815,-0.776,0.14981626670535897,1.591,5.439996723472266,2.010027807180684,-0.20060921080611888,1.3719180696108544,7.4632298035554445
870,2004.02.18.11.22.39,True,-0.14173346947059784,-0.0016171875,0.1493264383586212,0.828,-0.815,0.149335195075646,1.6429999999999998,5.544573732806758,1.8515875312725703,-0.22664285420487984,1.3703165288976882,7.597821031757055
871,2004.02.18.11.32.39,True,-0.12732886050249248,-0.00231279296875,0.1498007290054314,0.747,-0.825,0.1498185816975818,1.572,4.9860303811169855,1.824710659518746,-0.22176533434565227,1.3668251139137177,6.815031543647481
872,2004.02.18.11.42.39,True,-0.13191669298236453,-0.0022666015625,0.14984583978526272,0.774,-0.798,0.149862981364958,1.572,5.164717750510348,2.1437787973431313,-0.1816334420582538,1.3787920488635408,7.1210717690280605
873,2004.02.18.11.52.39,True,-0.1312559882094605,-0.0019315917968749999,0.1671725164372373,0.808,-0.881,0.16718367533592543,1.689,4.833007758541435,2.348869356891682,-0.25217780349263674,1.4077785949767605,6.803804871831244
874,2004.02.18.12.02.39,True,-0.13315511211450648,-0.002054736328125,0.16998675236189367,0.833,-0.891,0.16999917035068693,1.724,4.900023913538082,2.207939092072202,-0.2761867034088642,1.3941204512101784,6.831223549282374
875,2004.02.18.12.12.39,True,-0.13530802350494842,-0.00287421875,0.16034146911557112,0.806,-0.991,0.16036722810961876,1.7970000000000002,5.025964528420109,2.159949000136547,-0.31137237028976983,1.381449181888881,6.943114585988495
876,2004.02.18.12.22.39,True,-0.13777900541773502,-0.0019133789062500003,0.15941694796215164,0.828,-0.84,0.1594284300757122,1.668,5.193552991814475,2.3122078844081724,-0.2831181648361705,1.3886430766979172,7.211991405546926
877,2004.02.18.12.32.39,True,-0.12966198141970042,-0.0015137695312499998,0.1593916250699241,0.784,-0.84,0.15939881317194618,1.624,4.918480786643537,1.9357105328770965,-0.22602988829770954,1.3745975328992845,6.760931554932738
878,2004.02.18.12.42.39,True,-0.12838781922998688,-0.0024787109375000002,0.15435227513627575,0.742,-0.828,0.15437217640383338,1.5699999999999998,4.806565647289628,2.0163595484224386,-0.21668729933862088,1.3730588610519048,6.599697553238708
879,2004.02.18.12.52.39,True,-0.12735369095191995,-0.0017747558593749998,0.15020805134514342,0.715,-0.784,0.150218535631478,1.499,4.759732192797206,1.9590216132875486,-0.2370123538629667,1.367354702014167,6.508242194149461
880,2004.02.18.13.02.39,True,-0.14497671091743392,-0.00179677734375,0.1537774429566012,0.92,-0.815,0.1537879396152174,1.7349999999999999,5.982263643702303,2.3246693265761564,-0.21851439279646662,1.3790792307818776,8.250015544091363
881,2004.02.18.13.12.39,True,-0.1255554600680795,-0.0023980468749999996,0.15557643493010212,0.725,-0.859,0.15559491551581947,1.584,4.659535291346256,2.1431939239028583,-0.21989770583782894,1.3746972077810962,6.405450154571174
882,2004.02.18.13.22.39,True,-0.13691143535418926,-0.002322119140625,0.15188246573407468,0.862,-0.852,0.15190021604581616,1.714,5.674777972270977,2.4133470314032275,-0.2739881794386948,1.3765037743669242,7.81135329752528
883,2004.02.18.13.32.39,True,-0.12966198141970042,-0.0017062500000000005,0.1502286335031333,0.742,-0.823,0.1502383227185436,1.565,4.938819780290428,2.702736207714878,-0.26401414668564394,1.3825533830399797,6.828181995465302
884,2004.02.18.13.42.39,True,-0.13777900541773502,-0.0018929687500000001,0.1519661055489604,0.796,-0.762,0.15197789499268058,1.558,5.237603797830838,2.34280981199709,-0.25275323189338067,1.3742931136044756,7.198002831147568
885,2004.02.18.13.52.39,True,-0.1455186028799853,-0.0026937988281250003,0.1554396239696517,0.933,-0.862,0.15546296424535694,1.795,6.001429372770145,2.4550896454244606,-0.28264150450619513,1.377604146355513,8.267593987987919
886,2004.02.18.14.02.39,True,-0.12735369095191995,-0.001788330078125,0.15591505308926573,0.732,-0.771,0.15592530873561505,1.5030000000000001,4.694555399221109,2.241556979939597,-0.23518452245318444,1.3762655461103521,6.460954850254342
887,2004.02.18.14.12.39,True,-0.13798408397630058,-0.002368701171875,0.15532462366813893,0.854,-0.974,0.15534268396963735,1.8279999999999998,5.497523141591395,2.617530006241532,-0.1282857090451546,1.3820517481017958,7.597861468066463
888,2004.02.18.14.22.39,True,-0.14000543366627594,-0.0007295898437500001,0.1544374055399465,0.825,-0.859,0.154439128886594,1.684,5.341910472739099,2.784423139432196,-0.1713738248327954,1.385274154095691,7.400010511378567
889,2004.02.18.14.32.39,True,-0.13617104514222356,-0.0018160644531250002,0.1553431436876487,0.798,-0.845,0.1553537588243663,1.643,5.136663612382699,2.6161640824110908,-0.287457059479743,1.3809037207932628,7.093237894802631
890,2004.02.18.14.42.39,True,-0.14000543366627594,-0.0017677246093749997,0.1636560909850357,0.845,-0.918,0.1636656377093154,1.763,5.162965249313936,2.8264607572837583,-0.25568320772886743,1.3996524371402987,7.226356894072922
891,2004.02.18.14.52.39,True,-0.14173346947059784,-0.00173779296875,0.15623672911584047,0.85,-0.937,0.1562463933958757,1.787,5.440125570427641,2.986025426473298,-0.27709477937801924,1.3908247506226408,7.566261289845876
892,2004.02.18.15.02.39,True,-0.12732886050249248,-0.0022796875,0.14536958588874374,0.715,-0.894,0.145387459832554,1.609,4.9178931994787005,2.500774861310396,-0.2866468302396829,1.3773419983600255,6.773620847091172
893,2004.02.18.15.12.39,True,-0.13582617731487723,-0.00146767578125,0.1357431755092402,0.703,-0.759,0.13575110964383036,1.462,5.178594870012173,1.8574887282894066,-0.25509577189751437,1.3407698047165209,6.943303632572198
894,2004.02.18.15.22.39,True,-0.1340492412280735,-0.002474609375,0.13194266236585936,0.698,-0.713,0.1319658662069476,1.411,5.289246530655155,1.7284183537364104,-0.18389400944522824,1.3331384624998703,7.051297987660386
895,2004.02.18.15.32.39,True,-0.1280713843942134,-0.0017378906250000003,0.1255676200185105,0.625,-0.598,0.12557964588633583,1.2229999999999999,4.976921184868586,1.1700207117382755,-0.18909650772489328,1.3141651555831608,6.540496403237954
896,2004.02.18.15.42.39,True,-0.11389986254748796,-0.002203955078125,0.12248546571136198,0.588,-0.703,0.12250529265511603,1.291,4.79979262328993,0.7577765261606118,-0.13343571797490406,1.2919644465472169,6.201161420090188
897,2004.02.18.15.52.39,True,-0.12151190373480447,-0.001060986328125,0.12192769830785849,0.522,-0.601,0.12193231444797815,1.123,4.281063657023495,0.8535628017026937,-0.121242595234968,1.2974643273552597,5.554527378125036
898,2004.02.18.16.02.39,True,-0.09427044683695118,-0.0025202636718749997,0.11885393140850917,0.571,-0.544,0.11888064914120539,1.115,4.803136625892505,0.7442252875255817,-0.06286489926381512,1.290977118511518,6.200739481111841
899,2004.02.18.16.12.39,True,-0.09267021598526382,-0.0020763671875,0.12121389575259688,0.532,-0.591,0.12123167830323371,1.123,4.388291966636987,0.7446591645433762,0.003463515632158831,1.294933272928522,5.682545278923174
900,2004.02.18.16.22.39,True,-0.10525087211104256,-0.0019633300781249996,0.12018218906071816,0.625,-0.569,0.12019822474738083,1.194,5.1997440171313265,0.6216526602009447,0.01513756480063032,1.2905371687961165,6.710462922333207
901,2004.02.18.16.32.39,True,-0.09884624450505264,-0.001525341796875,0.12070150076730957,0.608,-0.576,0.12071113848803731,1.184,5.036817708916347,0.6546762590964952,-0.03814794116918126,1.2924098006647753,6.509632571165387
902,2004.02.18.16.42.39,True,-0.07692668179753281,-0.0017869140624999999,0.12600556940137403,0.566,-0.564,0.12601823908478982,1.13,4.491413339137154,0.6512671864651218,-0.009077999061364148,1.2936920469547617,5.810505716428265
903,2004.02.18.16.52.39,True,-0.10647991136688573,-0.001989892578125,0.12888161865198483,0.618,-0.679,0.12889697940148995,1.2970000000000002,4.79452662792854,0.7079267107692915,-0.029184222216056457,1.297376770146056,6.220307470921189
904,2004.02.18.17.02.39,True,-0.12256255221934498,-0.0015138183593749997,0.14385861794654653,0.618,-0.73,0.14386658265043908,1.3479999999999999,4.295646623521948,0.8912405209916168,-0.05088961815698417,1.3193680282435647,5.66753881570728
905,2004.02.18.17.12.39,True,-0.13728014790163612,-0.002479931640625,0.15304429884762435,0.586,-0.708,0.1530643899497957,1.294,3.828454157052498,0.9429930692778719,-0.11228253694829997,1.3296493511243574,5.090501585734202
906,2004.02.18.17.22.39,True,-0.1338007120620578,-0.0020988281250000004,0.16622874011913663,0.774,-0.837,0.16624198964489614,1.611,4.655863429289526,1.348028731376786,-0.15382400122219916,1.357033111930921,6.318160838174135
907,2004.02.18.17.32.39,True,-0.13475343410254026,-0.0017792480468750004,0.17544598819703622,0.73,-0.75,0.17545500989725793,1.48,4.16061074817681,1.1832916895998524,-0.19583726371785393,1.3521623093230126,5.625821037448903
908,2004.02.18.17.42.39,True,-0.13368539427952786,-0.0019341796875000001,0.1828416319302177,0.806,-0.974,0.18285186194832348,1.78,4.407939801169687,1.3856624860573907,-0.14749939922174418,1.3685146161644615,6.032330045073787
909,2004.02.18.17.52.39,True,-0.14358180430594336,-0.00182734375,0.18303868906251922,0.703,-0.767,0.18304781036359397,1.47,3.8405266831851614,1.2336770503160857,-0.18561212556744408,1.3629571730295265,5.234473391058512
910,2004.02.18.18.02.39,True,-0.14042439572749277,-0.0026587402343749996,0.18432173859087536,0.71,-0.793,0.18434091303017047,1.5030000000000001,3.8515595280999646,1.303366189780892,-0.19073549251913133,1.3696738546207983,5.275380385154141
911,2004.02.18.18.12.39,True,-0.13819402725238683,-0.0020998046875,0.17368301738312128,0.723,-0.774,0.1736957100996776,1.4969999999999999,4.162451678196869,1.0203749635404193,-0.12467586737654203,1.3389048678597768,5.573126814168886
912,2004.02.18.18.22.39,True,-0.14034452420835442,-0.0015495117187499998,0.16509484457377735,0.593,-0.803,0.16510211595072383,1.396,3.591716536067812,1.0672685550580807,-0.20196699953615704,1.3303486679446346,4.778235309392531
913,2004.02.18.18.32.39,True,-0.13796671725676568,-0.0014723144531250004,0.17317115194605306,0.703,-0.789,0.17317741069831213,1.492,4.059420897709794,1.1461974529698713,-0.22195755048521906,1.3381254373648812,5.432014364196057
914,2004.02.18.18.42.39,True,-0.13475343410254026,-0.0012650390625000003,0.17768744935036662,0.776,-0.916,0.17769195249213945,1.6920000000000002,4.36710829678304,1.3526061061171655,-0.28177753434665664,1.3560399497694615,5.921973315407472
915,2004.02.18.18.52.39,True,-0.13368539427952786,-0.0018849121093749998,0.17654433227019936,0.776,-0.776,0.1765543943106221,1.552,4.395246026189184,1.339958487414516,-0.26450341831244795,1.354818837298324,5.95476211084171
916,2004.02.18.19.02.39,True,-0.13720060930403022,-0.0023139160156249996,0.19302381537633706,0.776,-0.996,0.19303768417012682,1.772,4.019940476058034,1.8300563614320229,-0.3603035922234346,1.3724631852633005,5.517220310339478
917,2004.02.18.19.12.39,True,-0.1420414739144762,-0.002242138671875,0.17690343055438598,0.596,-0.789,0.17691763882590783,1.385,3.3687991991939343,1.3679778747043585,-0.33931542727237324,1.3363606312526182,4.50193062439812
918,2004.02.18.19.22.39,True,-0.1425011700557326,-0.0009047363281250002,0.17101263275999437,0.667,-0.928,0.17101502598113455,1.5950000000000002,3.9002420762347505,1.6965917277658908,-0.3344773035146301,1.3461563006145572,5.250335444845412
919,2004.02.18.19.32.39,True,-0.13819402725238683,-0.0021499511718749997,0.175142612161416,0.764,-0.872,0.17515580745372283,1.6360000000000001,4.361830824261155,1.7447864206890555,-0.32924695247123387,1.3470938144955815,5.875795323238365
920,2004.02.18.19.42.39,True,-0.13831575780852434,-0.002174462890625,0.16992461501297912,0.903,-0.93,0.16993852734495457,1.8330000000000002,5.313686155270839,2.255060008475887,-0.4507716038414758,1.3576335177887837,7.214038427405907
921,2004.02.18.19.52.39,True,-0.1280713843942134,-0.0016375,0.17551363500941672,0.852,-0.894,0.17552127358377032,1.746,4.854112453744072,2.0630298792829596,-0.48571587276365985,1.3512609334185945,6.559172525165041
922,2004.02.18.20.02.39,True,-0.1360496616565019,-0.0021989257812499996,0.16958180403735776,0.745,-0.876,0.16959605990457519,1.621,4.392790731218527,2.1145702826278567,-0.4971611916160735,1.3435959901116707,5.902136011864927
923,2004.02.18.20.12.39,True,-0.136358355443992,-0.0018225097656250002,0.18458911955411558,0.803,-0.959,0.18459811645737173,1.762,4.349990213391114,2.4108261616448203,-0.5200580426597082,1.3629700141457044,5.928906222679362
924,2004.02.18.20.22.39,True,-0.12966198141970042,-0.001787207031250001,0.17964441557498373,0.898,-0.911,0.17965330544203745,1.8090000000000002,4.998516435812125,2.0081460484581894,-0.4343205614019899,1.3452630034372626,6.72431923317114
925,2004.02.18.20.32.39,True,-0.12871259110745348,-0.0018041015624999997,0.1715594336098162,0.803,-0.94,0.17156891922189388,1.7429999999999999,4.680334897729713,1.3135115993832214,-0.2936082830587539,1.3204175550282617,6.179996362373717
926,2004.02.18.20.42.39,True,-0.1280713843942134,-0.0018101074218749998,0.16923512047254155,0.833,-0.825,0.1692448004821252,1.658,4.921864645927349,1.0764268059592403,-0.17673628278770234,1.3093925135831674,6.444652720246937
927,2004.02.18.20.52.39,True,-0.12023833458043776,-0.0023198242187499997,0.15795255776795086,0.667,-0.735,0.1579695922949849,1.4020000000000001,4.222331591224696,0.7112063302087437,-0.08883777360299291,1.2923024888039758,5.456529623895326
928,2004.02.18.21.02.39,True,-0.11773810354149328,-0.001451171875,0.15092203452922046,0.654,-0.706,0.1509290111484535,1.3599999999999999,4.333162955375934,0.8786514148313493,0.006866219032791514,1.299799059880377,5.632241135706115
929,2004.02.18.21.12.39,True,-0.1057921727124218,-0.0020504394531249996,0.1583219969911073,0.713,-0.63,0.1583352741280449,1.343,4.503102697276417,0.5093037113259804,0.07674579637395854,1.2885067799324255,5.802278356172657
930,2004.02.18.21.22.39,True,-0.11172889969077882,-0.00208154296875,0.17049299206399,0.718,-0.691,0.1705056983331129,1.4089999999999998,4.211002957785379,0.35985567966639387,0.0681160814807222,1.2867226053515914,5.41839269698486
931,2004.02.18.21.32.39,True,-0.10583598499186886,-0.0017557617187500003,0.16769343691737604,0.718,-0.632,0.1677026281379484,1.35,4.281387882659712,0.3978019425418906,-0.00043182890767171235,1.2882125383945844,5.515337552172883
932,2004.02.18.21.42.39,True,-0.08932107789977273,-0.0023124511718749996,0.1796056288518843,0.815,-0.859,0.17962051482417907,1.674,4.53734363693234,0.5302426757931609,0.002574150153878606,1.2970503819084211,5.885163297132836
933,2004.02.18.21.52.39,True,-0.1120157865727972,-0.00197138671875,0.19203544127248395,0.835,-0.947,0.19204555988179603,1.782,4.34792660925846,0.7571049470480631,-0.005629730073812608,1.3174875896406935,5.728339348366562
934,2004.02.18.22.02.39,True,-0.11941510114799359,-0.00196484375,0.19998656091169748,0.854,-0.847,0.19999621285476882,1.701,4.270080857081773,0.8609358829813223,-0.039248121923738874,1.3168314042156333,5.622976571145286
935,2004.02.18.22.12.39,True,-0.13368539427952786,-0.0015838378906250002,0.22445169715982735,0.991,-1.003,0.22445728524686076,1.9939999999999998,4.4150939405245255,1.4313680652798766,-0.10669167686950069,1.3598220389721976,6.003742044457854
936,2004.02.18.22.22.39,True,-0.13091168577602186,-0.0017422851562499998,0.2659238102180243,1.169,-1.211,0.26592951772685464,2.38,4.395901628343192,2.188355898835968,-0.11125421976237997,1.4064371332462506,6.182559284199524
937,2004.02.18.22.32.39,True,-0.13208935243487896,-0.002080859375,0.20114734985176033,0.969,-1.064,0.2011581127574153,2.033,4.817106239053635,1.8162248042569438,-0.16298525492234306,1.3416663950383168,6.462949562267675
938,2004.02.18.22.42.39,True,-0.13505907607818757,-0.0024331542968749997,0.1968945543969747,0.837,-1.028,0.19690958785954438,1.865,4.25068179309294,1.4284091908193126,-0.1359941753525065,1.327954074875771,5.644710208138019
939,2004.02.18.22.52.39,True,-0.1358229997526763,-0.0017133300781249996,0.19559009497414873,0.823,-0.964,0.19559759904444923,1.787,4.207618109938939,1.1907125645598278,-0.12753183836464382,1.3182231205203603,5.546579474841689
940,2004.02.18.23.02.39,True,-0.12700410549526264,-0.0016756835937500006,0.1664643677693139,0.647,-0.786,0.16647280153930175,1.433,3.8865207650587474,0.7069339010890476,-0.04484150656569219,1.2901615975884606,5.014239839308919
941,2004.02.18.23.12.39,True,-0.12117833445508785,-0.0024170898437500003,0.16238247631498678,0.676,-0.806,0.16240046470838684,1.4820000000000002,4.162549665198645,0.8365146408675299,-0.024820652209428296,1.2901364772380062,5.370257161387622
942,2004.02.18.23.22.39,True,-0.1264754245051818,-0.0018973632812499994,0.17005873902746138,0.708,-0.833,0.17006932323917578,1.541,4.163008275186168,0.8079763666608204,-0.045512576086378695,1.2890715406365452,5.3664154909769195
943,2004.02.18.23.32.39,True,-0.11914793284081548,-0.0024394531249999998,0.16306470852427626,0.64,-0.776,0.16308295465086547,1.416,3.9243831543899708,0.23859552164660602,0.11723719608632363,1.2576709583589294,4.935582722749273
944,2004.02.18.23.42.39,True,-0.11275376374029122,-0.0014825683593749999,0.19798261368397455,0.818,-0.825,0.19798816462121702,1.6429999999999998,4.131560093831692,0.6918752464391407,-0.004004138534845938,1.3035264517983052,5.385597869503899
945,2004.02.18.23.52.39,True,-0.12436447024378394,-0.002016015625,0.18846554449620162,0.759,-0.83,0.18847632684570761,1.589,4.0270309417762595,0.6431576445294054,-0.05403764290827315,1.2922112285261984,5.203774600585714
946,2004.02.19.00.02.39,True,-0.13368539427952786,-0.001586474609375,0.21543143790125996,0.955,-1.118,0.21543727935965637,2.073,4.4328446907542824,1.4587115959458021,-0.0800775765003318,1.3390290079200116,5.935707628524197
947,2004.02.19.00.12.39,True,-0.1408831085257114,-0.00183427734375,0.18384188836827614,0.71,-1.021,0.18385103886621773,1.7309999999999999,3.86182207279581,0.8855776669293616,-0.14667225229555692,1.2866988014156227,4.9690018323467635
948,2004.02.19.00.22.39,True,-0.1036169585794039,-0.0016881835937499995,0.16386712604147086,0.693,-0.728,0.16387582177044147,1.4209999999999998,4.228811746071728,0.26447976532175055,0.12061113156540051,1.2659649267199735,5.35352735222826
949,2004.02.19.00.32.39,True,-0.12287254186568486,-0.0021017089843750002,0.15830738757848012,0.647,-0.696,0.1583213382414958,1.343,4.086625385979856,0.3269080575747445,0.05399367339447683,1.2811239740133264,5.235473754790257
950,2004.02.19.00.42.39,True,-0.123576563082758,-0.0019110351562499999,0.1611921610636869,0.593,-0.769,0.16120348893169156,1.362,3.6785804322838076,0.5962783117213486,-0.25055731948641874,1.2944182703179827,4.761621720382384
951,2004.02.19.00.52.39,True,-0.14412270022570983,-0.0014753906250000001,0.18293026703501983,0.669,-0.918,0.18293621668494187,1.5870000000000002,3.657012329888573,0.9118408191974585,-0.423249668139527,1.3083482510258593,4.784645685789717
952,2004.02.19.01.02.39,True,-0.13475343410254026,-0.0017118652343749998,0.21441788300098122,0.901,-1.091,0.21442471646991426,1.992,4.201940964797398,1.374046176080066,-0.2926748782430145,1.332716109732952,5.599994415932316
953,2004.02.19.01.12.39,True,-0.13155704287979153,-0.0019769042968749997,0.23727929075269955,1.147,-1.23,0.23728752594838,2.377,4.83379813336467,1.2521377158068718,-0.17984195166781014,1.3375423637797121,6.46540978133454
954,2004.02.19.01.22.39,True,-0.1298388537227959,-0.0016032226562499997,0.19875337356945538,0.693,-0.759,0.198759839575617,1.452,3.4866198397003245,0.3930067403957853,-0.19093677965180297,1.2963079835385687,4.519733133767495
955,2004.02.19.01.32.39,True,-0.13177925466944707,-0.0021794921875,0.2361333975837167,0.825,-0.974,0.2361434556379342,1.799,3.493639058390537,0.61247518463085,-0.193195510826585,1.3159698013957175,4.597523497818516
956,2004.02.19.01.42.39,True,-0.13185505100048112,-0.0019155761718750001,0.20297935560138036,0.725,-0.862,0.20298839432938495,1.587,3.571632764499619,0.5611380194014512,-0.22013436599357838,1.3044081691656315,4.658866955272931
957,2004.02.19.01.52.39,True,-0.11842906353708593,-0.001491455078125,0.22103687038934378,0.891,-0.923,0.2210419021583139,1.814,4.030909937437341,0.4655669752736675,-0.11280704661740536,1.286666197564444,5.186435561927235
958,2004.02.19.02.02.39,True,-0.11571747250388109,-0.00259384765625,0.2072049313492078,0.681,-0.808,0.20722116595824314,1.489,3.2863438290721105,0.16874461540068708,-0.1609940615000826,1.2716924434285348,4.179218613939
959,2004.02.19.02.12.39,True,-0.13934826579139215,-0.0025134277343750004,0.26151912875066796,0.994,-1.064,0.2615312065920325,2.058,3.800693664640027,0.819911092895623,-0.10261151291043294,1.3259076568409394,5.039368831253062
960,2004.02.19.02.22.39,True,-0.12919813353089948,-0.001050634765625,0.20161989934794045,0.732,-0.806,0.201622636741226,1.538,3.6305447237032746,0.5009320077403618,-0.2648368710711501,1.3004810787184091,4.721454718617063
961,2004.02.19.02.32.39,True,-0.09902422701183322,-0.0017356933593749998,0.22289267845489363,1.113,-0.84,0.22289943638384188,1.9529999999999998,4.9932831507181055,0.5709460275133069,-0.041422024337299315,1.2927323373185193,6.454978598320998
962,2004.02.19.02.42.39,True,-0.10434850029651466,-0.0027286621093750006,0.25922808764595173,1.067,-1.301,0.25924244834032173,2.368,4.115838308236045,0.16828137278919542,-0.0859534587024062,1.2700208521981828,5.227200475735868
963,2004.02.19.02.52.39,True,-0.08588406968250839,-0.001971337890625,0.23165725732608264,1.062,-0.886,0.2316656449388253,1.948,4.584192879701419,0.29309618288558514,0.019681875412551987,1.2658254198922676,5.802787876815192
964,2004.02.19.03.02.39,True,-0.1154717049598204,-0.0019230957031250002,0.23456853716290416,0.972,-1.023,0.23457642022127487,1.9949999999999999,4.143638985892601,0.4463146708758159,0.0897884369818921,1.2866290970749528,5.33132648702357
965,2004.02.19.03.12.39,True,-0.1170238954206615,-0.0009138671875000001,0.24749552770400188,0.991,-0.945,0.24749721490699397,1.936,4.004085461617837,0.16235307119876907,0.11966536501132335,1.270790337115036,5.088353113606746
966,2004.02.19.03.22.39,True,-0.12474146936581343,-0.0006280761718749997,0.2971874369131276,1.072,-1.199,0.2971881006007338,2.271,3.607143078182024,0.4668719209344361,-0.16700413678198534,1.2913488037804781,4.658079899075388
967,2004.02.19.03.32.39,True,-0.12240968140052166,-0.0019569824218749997,0.2916445465934364,1.162,-1.03,0.29165111235496877,2.192,3.9842124743406737,0.1737045854862589,-0.027166748499064735,1.279026644722858,5.095913912918908
968,2004.02.19.03.42.39,True,-0.12093155422574453,-0.0008244140625000002,0.34373452753480926,1.128,-1.257,0.3437355161721363,2.385,3.281592814619478,-0.26454133607088526,-0.06269775323698135,1.2259259737998396,4.02298986687694
969,2004.02.19.03.52.39,True,-0.11225721466754279,-0.0019333984375000002,0.31480520089341657,1.086,-1.025,0.3148111378891517,2.1109999999999998,3.4496873499513603,-0.2588740512312384,0.007877226991928069,1.2396722573005237,4.276481704095264
970,2004.02.19.04.02.39,True,-0.12349619703224768,-0.0006234375000000004,0.32571497152163553,1.66,-2.28,0.3257155681690027,3.9399999999999995,5.096471161423523,1.5961439154093569,-0.12227076376189232,1.2766647137912905,6.506484896644328
971,2004.02.19.04.12.39,True,-0.1455356546658545,-0.00303447265625,0.3530770677965697,1.973,-2.583,0.35309010723627615,4.556,5.587808776187927,2.237254730225877,-0.2796229613719415,1.310991113712693,7.32556765070817
972,2004.02.19.04.22.39,True,-0.18244576640677834,-0.0021252441406250005,0.42967319202023574,3.635,-2.974,0.429678447916015,6.609,8.459814583743091,6.0228666429516124,-0.08938739103100903,1.4603797454537646,12.354541868392781
973,2004.02.19.04.32.39,True,-0.13191669298236453,-0.002303662109375,0.41556344554321095,2.122,-2.678,0.41556983063121816,4.8,5.106241703775385,2.7108349028301957,-0.06558850742323999,1.3859259573232754,7.076872921628934
974,2004.02.19.04.42.39,True,-0.18187752516070976,-0.0022909667968749998,0.3716740259933276,3.22,-3.469,0.371681086587619,6.689,8.663341009795845,8.787364732416314,-0.07200691628600867,1.4954220363544997,12.95535105450235
975,2004.02.19.04.52.39,True,-0.12955980400078704,-0.0024423339843750013,0.44766612783039755,2.073,-3.12,0.4476727901067398,5.193,4.630614247307121,3.161553346450284,-0.468654951277646,1.3599839711438368,6.297561152887968
976,2004.02.19.05.02.39,True,-0.18643483255420334,0.0033890624999999993,0.6721289437226655,4.998,-5.0,0.6721374879698163,9.998000000000001,7.435978634514797,14.110009232265163,-0.7660666557271535,1.6129631302537735,11.993959374827167
977,2004.02.19.05.12.39,True,-0.1898699321285049,-0.0052778808593749995,0.5309298963726813,4.097,-4.25,0.530956128967989,8.347000000000001,7.716268400485882,9.796460845214702,-0.41644583164593313,1.508672456339705,11.64132160153748
978,2004.02.19.05.22.39,True,-0.15380721338941117,-0.0032018066406250003,0.4459067523416139,2.803,-3.066,0.4459182473835416,5.869,6.28590558122887,1.624277812551865,-0.15931173192677572,1.3183079617117164,8.286759374302134
979,2004.02.19.05.32.39,True,-0.11988363353180298,-0.0003648925781249993,0.386974659780703,2.317,-1.577,0.38697483181595205,3.894,5.987469492853172,0.46885747700291747,-0.12403412787470645,1.2840607139595854,7.6882743518042815
980,2004.02.19.05.42.39,True,-0.16962205453652113,-0.0027521972656250012,0.724996245861816,4.998,-5.0,0.7250014697250727,9.998000000000001,6.893779128330992,12.577704574521317,-0.5105564427793186,1.5993233587628417,11.025381990091498
981,2004.02.19.05.52.39,True,-0.1428299980018063,-0.004486523437500001,0.4619898811734555,2.688,-2.881,0.46201166565273954,5.569,5.818034910876847,3.759971680444238,-0.32536787356720204,1.368621295785697,7.962686478650693
982,2004.02.19.06.02.39,True,-0.17242350317799038,-0.001703076171875,0.4838323979711101,3.501,-3.696,0.4838353953514789,7.197,7.235931958753705,4.891755233183494,-0.377095385435107,1.3780774679623202,9.971674792066938
983,2004.02.19.06.12.39,True,-0.08058978678865025,0.0018568359375000006,0.0009873279856301533,0.005,0.0,0.002103011233921493,0.005,2.37754317207164,3.637512638586312,0.5796982508442853,1.1325778392424573,2.6927527085305556
984,2004.02.19.06.22.39,True,-0.06568048101709745,-0.0011619628906250003,0.0009995548103707943,0.002,-0.005,0.001532732063383878,0.007,1.3048595040052302,-1.609774035467149,0.3170322768004385,1.3118121383301355,1.7117305361695012
