reading,filename,is_anomaly,anomaly_score,mean,std,max,min,rms,peak_to_peak,crest_factor,kurtosis,skewness,shape_factor,impulse_factor
1,2003.10.22.12.06.24,False,0.20813564575530252,-0.09260197753906249,0.06323228063203641,0.3115,-0.44199999999999995,0.1121439571289515,0.7535,2.7643015420671118,1.2991200513519516,0.027451878873280818,1.1541220148636526,3.1923431666846445
2,2003.10.22.12.09.13,False,0.16928732115957595,-0.08960307617187499,0.06208211707424186,0.3245,-0.5235,0.10905370018931905,0.8480000000000001,2.9762719246568703,1.553945847776303,0.01568600673487238,1.156201847642099,3.4360550103975194
3,2003.10.22.12.14.13,False,0.21753978320330447,-0.09285153808593749,0.06261062062272325,0.3185,-0.4985,0.11200757259300054,0.817,2.8364640327004,1.177201554833647,0.028373874576052418,1.151950399569502,3.2696640537963373
4,2003.10.22.12.19.13,False,0.20078012749702628,-0.09336437988281249,0.06310836178305744,0.2625,-0.459,0.1127250357855289,0.7215,2.3206278956097277,1.0154257256155266,-0.00807649430058622,1.1536472594737863,2.680801159702046
5,2003.10.22.12.24.13,False,0.21615132969377143,-0.0929856201171875,0.06276688845344884,0.282,-0.449,0.11222393395846006,0.731,2.502836123455717,1.0666144934399249,0.022570280608449518,1.1519422934995225,2.8877605549628456
6,2003.10.22.12.29.13,False,0.02343999035998634,-0.09890517578125001,0.0620041148930504,0.20500000000000002,-0.41500000000000004,0.11688755181306404,0.6200000000000001,1.7657468042214515,0.9076325136710681,0.0005828805949398119,1.1402826050615866,2.021412531594379
7,2003.10.22.12.34.13,True,-0.04884215705523354,-0.055400122070312495,0.06410240623082647,0.3075,-0.387,0.08941606747825315,0.6945,3.7652534368892114,0.9262345243195793,-0.040672299626359855,1.2198946567319684,4.667177954226318
8,2003.10.22.12.39.13,False,0.10076099893578316,-0.0964097412109375,0.06166617275413376,0.2245,-0.465,0.11453865067527993,0.6895,1.9631503737014633,1.176178814425309,0.004768671464923964,1.1428464959958022,2.247765524499459
9,2003.10.22.12.44.13,False,0.043271378537644734,-0.0748444091796875,0.06226347399350171,0.344,-0.4465,0.09787774943345355,0.7905,3.4307669181149327,1.1612242572646918,-0.01854864860726181,1.1912521827942175,4.06712659286904
10,2003.10.22.12.49.13,False,0.16795082271191447,-0.08598159179687499,0.06289987347262974,0.2845,-0.43000000000000005,0.10654128284785547,0.7144999999999999,2.682990259105929,1.0889188116668536,0.001750468781773146,1.166493866004816,3.1311266720523268
11,2003.10.22.12.54.13,False,0.08886128862251808,-0.10400927734375,0.061977483410946624,0.266,-0.42700000000000005,0.1213731979774376,0.6930000000000001,2.2213293864352677,1.0391989833015938,-0.01643595885547652,1.1341257881677378,2.5315767250097196
12,2003.10.22.12.59.13,False,0.1464919084297096,-0.084994970703125,0.06276886578886426,0.304,-0.4655,0.10567306733732384,0.7695000000000001,2.862448372400455,1.1643950156771965,0.04852207852233816,1.1665377804076509,3.3381809437061754
13,2003.10.22.13.04.13,False,0.16519016048720825,-0.09227382812500001,0.062405078270307904,0.32999999999999996,-0.4235,0.11142022892416542,0.7535000000000001,2.9484947445888365,1.101564708135123,0.04211156290679281,1.152919349274575,3.404417781045593
14,2003.10.22.13.09.13,False,0.18743615391479168,-0.0925431396484375,0.06222063220716631,0.271,-0.4495,0.11154811504978579,0.7205,2.419694099812152,0.925418015759381,-0.013738333138232722,1.1531424758945246,2.79302726887241
15,2003.10.22.13.14.13,False,0.18338140887188592,-0.0922985107421875,0.062042359604030206,0.3235,-0.431,0.11124126580247597,0.7545,2.906827268440174,1.1917144993280944,0.014650727179766095,1.1525206027497679,3.3505806915087044
16,2003.10.22.13.19.13,False,0.20656944032086272,-0.0927968505859375,0.062379327636123735,0.33699999999999997,-0.49549999999999994,0.11184815315499402,0.8325,2.998908760685403,1.2537463493520404,0.0019935920199158665,1.1526882445033646,3.4617075385455056
17,2003.10.22.13.24.13,False,0.1737601778601569,-0.092581591796875,0.06263720235889808,0.27349999999999997,-0.4125,0.11181958107079226,0.6859999999999999,2.4437589758635685,1.0658877522251073,0.019467878137284268,1.1533342276773557,2.819936444582794
18,2003.10.22.13.29.13,False,0.21779165696197944,-0.0935286865234375,0.06365189262474799,0.3135,-0.4685,0.11317698029887195,0.782,2.7701277340816266,1.3372311124615295,-0.02754950313654628,1.1550178198360155,3.199442926333573
19,2003.10.22.13.34.13,False,0.2305504913272584,-0.09254423828125,0.06323714311744867,0.303,-0.482,0.11211498237483378,0.7849999999999999,2.6965479242003285,1.0715372545886706,0.0029701982080584406,1.1554555622965377,3.118120499173787
20,2003.10.22.13.39.13,True,-0.053626384178953046,-0.054143408203125,0.06279658933620566,0.309,-0.41000000000000003,0.08773492447585134,0.719,3.709289979096236,0.8999061032908366,-0.018383513374240316,1.2236123940151857,4.5783860954174385
21,2003.10.22.13.44.13,False,0.165015263190035,-0.0926392578125,0.06342979872836763,0.2395,-0.454,0.11229873817307237,0.6935,2.1295421596108817,1.0864117601685424,0.03553759890370263,1.1526608017838358,2.456742155388753
22,2003.10.22.13.49.13,False,0.20354548189305055,-0.0928217041015625,0.063513757885831,0.277,-0.481,0.11247971574812818,0.758,2.458854303814415,1.2527795053286401,0.032472873484614,1.1528358863601467,2.835479296478373
23,2003.10.22.13.54.13,False,0.2035222394159676,-0.09112700195312501,0.06320529972269127,0.2895,-0.475,0.11090992275004215,0.7645,2.601484274479388,1.2120847999364537,-0.02559186230672946,1.1576756492525373,3.0130664358024197
24,2003.10.22.13.59.13,False,0.11906503731256335,-0.1131828369140625,0.06468392424315317,0.32,-0.47,0.13094570815004505,0.79,2.4426810699267385,1.314249606269621,-0.04832905531875832,1.1284621470776974,2.75615025828352
25,2003.10.22.14.04.13,True,-0.05475516708076544,-0.16058720703124998,0.0641985840703902,0.2235,-0.557,0.17546764164228582,0.7805000000000001,1.5629019045920836,1.3510134057109457,-0.015222144368367153,1.0985861779904529,1.7689848261260672
26,2003.10.22.14.09.13,False,0.2012387704317502,-0.090879736328125,0.06341033204680631,0.2905,-0.4615,0.11082625901748411,0.752,2.6461666568924773,1.4447012219552668,0.012097244222558111,1.1586232671154217,3.0686210279563753
27,2003.10.22.14.14.13,False,0.1809983625434347,-0.09292941894531251,0.0628322904950393,0.272,-0.4565,0.11220289077707865,0.7285,2.425580538301258,1.155541464165808,-0.0444431405340313,1.1544546915814236,2.7996824771631488
28,2003.10.22.14.19.13,False,0.22039349760289206,-0.0936614501953125,0.06330885420916103,0.33199999999999996,-0.476,0.11309894875218643,0.8079999999999999,2.930905188736314,1.2572220950453705,-0.007647735479790424,1.1537934142546018,3.3882648889818103
29,2003.10.22.14.24.13,False,0.18468789435665012,-0.0920818359375,0.06258441251658778,0.2465,-0.474,0.11135138485931169,0.7204999999999999,2.213959596852808,1.1645300065780497,-0.0036826688417842994,1.153882051217905,2.554570641689484
30,2003.10.22.14.29.13,False,0.21305116908731225,-0.09431804199218749,0.0636894732625215,0.322,-0.4505,0.11381953070255842,0.7725,2.8280592716609463,1.0978887674458173,0.03312384442504545,1.1518965128521552,3.257748574740255
31,2003.10.22.14.34.13,False,0.018348430155431084,-0.0935324462890625,0.06454454773669233,0.476,-0.5615,0.11366996827795402,1.0375,4.195624792943905,2.0379535991227704,0.03119998783239585,1.15513803634018,4.84371179410628
32,2003.10.22.14.39.13,False,0.13991933141572765,-0.09391755371093749,0.06330628044311482,0.3625,-0.5589999999999999,0.11327979849304338,0.9215,3.198947073130135,1.7412375795995558,-0.00449533692640975,1.1529739045823315,3.6885872708312433
33,2003.10.22.14.44.13,False,0.15407881271462687,-0.0929314208984375,0.06373975320869729,0.3675,-0.538,0.11271500083745395,0.9055,3.2639810480137994,1.6727804634725874,0.034993387752508556,1.1549085123963105,3.7683583820932265
34,2003.10.22.14.49.13,False,0.2024959916771038,-0.097107763671875,0.0632733502030589,0.31,-0.4955,0.11598180349630013,0.8055,2.677951096606111,1.3969799190107448,0.0004419504261935006,1.1472182588204696,3.0785872604170903
35,2003.10.22.14.54.13,False,0.18460743544058628,-0.09680004882812498,0.0638021710617366,0.326,-0.5675,0.1159408371111188,0.8935,2.81149876313696,1.379907419412275,0.007942171825429204,1.148313307794699,3.228503739912788
36,2003.10.22.14.59.13,False,0.20559687549993388,-0.0909202880859375,0.06285016548314482,0.316,-0.4665,0.11053265490155406,0.7825,2.8557401262271647,1.4654281796258601,-0.006700333094669042,1.156142710801527,3.3019041629347914
37,2003.10.22.15.04.13,False,0.03647159153414414,-0.0783273681640625,0.06433645836720644,0.381,-0.524,0.10151962603868936,0.905,3.7384821924605225,1.5676261091042187,0.03448541458738306,1.1868372607768978,4.434301447034647
38,2003.10.22.15.09.13,False,0.20364797892115405,-0.0921314208984375,0.06331433816556672,0.3405,-0.46499999999999997,0.11181546992754685,0.8055000000000001,3.039376068722823,1.364528739463005,-0.0007849119309779524,1.1555632072752944,3.5160175109600185
39,2003.10.22.15.14.13,False,0.19776033609605242,-0.09194631347656251,0.06403205306386983,0.2855,-0.5065,0.11207059784653281,0.792,2.542132245648376,1.3629609545061578,-0.03377822993162255,1.1594291551661209,2.949247550654838
40,2003.10.22.15.19.13,False,0.08582135186513262,-0.08988835449218749,0.06383175984969265,0.42500000000000004,-0.51,0.11024797426515376,0.935,3.8188780197073626,1.6678033669519352,0.014939521270509695,1.1612966507502045,4.4357071692764185
41,2003.10.22.15.24.13,False,0.2021397629072026,-0.09335666503906251,0.06328143315395654,0.34299999999999997,-0.48350000000000004,0.11281249490334516,0.8265,3.0363870195485876,1.4457348576770723,0.03153197812506736,1.1526445403715293,3.501720787663345
42,2003.10.22.15.29.13,True,-0.01177041433019932,-0.06607114257812499,0.0639263140479954,0.349,-0.5225,0.09319871889324022,0.8714999999999999,3.9504910369747623,1.383363192850326,0.0032583995318832496,1.2118438595583074,4.831595876855582
43,2003.10.22.15.37.48,False,0.12487089457099343,-0.09055402832031251,0.0630259331931859,0.2365,-0.42,0.11034107254829925,0.6565,2.1361607426749893,1.0143886966681428,0.012269934627586953,1.1563369795282594,2.4712936583786425
44,2003.10.22.15.44.13,False,0.2062200376880574,-0.09267705078124999,0.06295431198443556,0.31000000000000005,-0.479,0.11204535261998913,0.7889999999999999,2.7625154165147854,1.577655761919834,0.009825054358512546,1.1535731672642626,3.18758348317958
45,2003.10.22.15.54.13,False,0.19476468533244495,-0.09287607421875001,0.0628163005461484,0.27,-0.476,0.11215154521872289,0.746,2.4028378100575134,1.2291344556404036,0.033146668019716746,1.1518126415295078,2.769370889860725
46,2003.10.22.16.04.13,False,0.1705932055094158,-0.0965264892578125,0.06262646599924357,0.2735,-0.4785,0.11514687842432411,0.752,2.3827465592516885,1.1946407661018383,-0.0038354035930484197,1.1457558032305823,2.7384207649518686
47,2003.10.22.16.14.13,False,0.1472741905660433,-0.09266474609375,0.062408197843774854,0.2625,-0.42200000000000004,0.11174351282442914,0.6845,2.34560139148338,1.1253856828784536,0.03564301310550563,1.1510127791290143,2.7014337678123317
48,2003.10.22.16.24.13,False,0.1900861527396266,-0.09054384765625001,0.06361390166527858,0.31000000000000005,-0.4385,0.11066133729116684,0.7484999999999999,2.7960298018115406,1.280591376734874,0.03725325474130508,1.1583343504040038,3.238874409458816
49,2003.10.22.16.34.13,False,0.18875071339028948,-0.093965478515625,0.0661266514185101,0.247,-0.45899999999999996,0.1149124301058815,0.706,2.1429940920921284,0.8806265812584535,0.018543142664109172,1.1594267144986128,2.4858218968725385
50,2003.10.22.16.44.13,False,0.24170551166851806,-0.0929775634765625,0.0654698651120306,0.3115,-0.5115000000000001,0.11373510934084163,0.8230000000000001,2.7371018623827954,1.1308865407230235,0.004199081314507528,1.160362332922941,3.1771253559401065
51,2003.10.22.16.54.13,False,0.23819171789128474,-0.093080908203125,0.06597646096450133,0.292,-0.504,0.11410849511199209,0.796,2.55288202465836,0.9809395926335951,0.010234254747943702,1.1605927962408114,2.9653082842412664
52,2003.10.22.17.04.13,False,0.20682029345607317,-0.092615576171875,0.06592782066427519,0.3125,-0.5640000000000001,0.11370244196390789,0.8765000000000001,2.7433980097667665,1.1379586173382972,0.03595820245517027,1.1617059473829856,3.1900308438213725
53,2003.10.22.17.14.13,False,0.2214554316740701,-0.0923791259765625,0.06651792431626685,0.276,-0.4685,0.11385899784259294,0.7444999999999999,2.4181516663253624,0.9268054246229827,0.03598898054372504,1.162845610883473,2.814424210530799
54,2003.10.22.17.19.38,False,0.2081930286828924,-0.09100039062500001,0.06526081496263415,0.32,-0.443,0.11199248272660653,0.763,2.8509688024078765,0.9699088786098418,0.02828652106715554,1.163304189284181,3.3186932446469664
55,2003.10.22.17.24.13,False,0.09692297744424039,-0.093109423828125,0.06589208084485418,0.43,-0.509,0.11409214279236879,0.9390000000000001,3.751408486385789,1.4481934448631932,0.04432951862965523,1.160485063943411,4.362421019159584
56,2003.10.22.17.34.13,False,0.1682175175012932,-0.091853759765625,0.06568011179940575,0.2555,-0.4125,0.11294475360622788,0.6679999999999999,2.260929531751213,0.9509487479875702,0.01778665113761031,1.1627216957629556,2.6293885317470522
57,2003.10.22.17.44.13,False,0.22419717813892742,-0.093117333984375,0.06590160817606443,0.266,-0.48450000000000004,0.1140955142976949,0.7505000000000001,2.3284316138326107,1.0527248969936294,-0.01860867110151989,1.1608821059878038,2.704159841898906
58,2003.10.22.17.54.13,False,0.1990506521942199,-0.09332502441406251,0.06575635041297401,0.2625,-0.437,0.11417732676494068,0.6995,2.294327231171149,0.8125525426964837,0.007397206717551742,1.162316517493336,2.6680837826950903
59,2003.10.22.18.04.13,False,0.22207219769908854,-0.0929729248046875,0.06588744056321437,0.3245,-0.5185,0.11395951352972034,0.843,2.8472761765495385,1.0113096224183231,-0.0006980836639019425,1.1613209852506596,3.3067184681711117
60,2003.10.22.18.14.13,False,0.2121798208225808,-0.09260739746093749,0.06654381411744481,0.2685,-0.4675,0.1140544961817294,0.736,2.354561569943781,0.9893669299083934,-0.04314334230684706,1.1660349374271222,2.745270633447567
61,2003.10.22.18.24.13,False,0.20291358074318405,-0.0928424072265625,0.06499746301006741,0.2525,-0.472,0.11334812964429614,0.7245,2.2282329682267,0.8672061735035015,0.020850948395642693,1.1581469568167628,2.5803021093597187
62,2003.10.22.18.34.13,False,0.19047187950483802,-0.09296491699218751,0.06630407127988547,0.28200000000000003,-0.4075,0.11420175596655746,0.6895,2.466752077633901,0.8126090411172395,0.013826860421095759,1.1624697216582836,2.868737336151129
63,2003.10.22.18.44.13,False,0.23380454217510732,-0.092510205078125,0.06581084650566266,0.27849999999999997,-0.454,0.11354648421562452,0.7324999999999999,2.4509373280275564,0.9261906335959542,0.005412616754668451,1.1626254965243383,2.8505717732264793
64,2003.10.22.18.54.13,False,0.2364210165070622,-0.09328425292968749,0.06592994934747173,0.3005,-0.4605,0.11425173125516538,0.7609999999999999,2.6259614196011114,0.9933924064507533,-0.016068196532765408,1.1611574097738644,3.0510348937679344
65,2003.10.22.19.04.13,False,0.19771449811397196,-0.0925218505859375,0.0665439288946613,0.2515,-0.4505,0.11397512803633422,0.702,2.206956237901613,0.8582740078816826,-0.01718655193566162,1.1640473161076317,2.5688642870639935
66,2003.10.22.19.14.13,False,0.24297341024329083,-0.0929155029296875,0.06698608786478302,0.3035,-0.4495,0.1145522272648791,0.753,2.6499326381471993,0.9684743871037669,-0.005942464547319819,1.164829113780057,3.086558756209242
67,2003.10.22.19.24.13,False,0.21561352980908316,-0.0930337890625,0.06708865739073888,0.27249999999999996,-0.474,0.11470376997166185,0.7465,2.3747181075598123,0.7472236312572731,-0.006538208622182861,1.1646202008638014,2.765948640822525
68,2003.10.22.19.34.13,False,0.21560838271708171,-0.0922001953125,0.06904939489102829,0.2905,-0.4505,0.11520164634892682,0.741,2.517506855573486,0.9586706536119871,0.016441981490035888,1.1694090011068887,2.9454023985138615
69,2003.10.22.19.44.13,False,0.2209966802137952,-0.0925732666015625,0.0684558893885627,0.3185,-0.4555,0.11514749375621432,0.774,2.7607292214888886,1.0505502763707992,0.006644306298244699,1.1686694490885925,3.228597801792395
70,2003.10.22.19.54.13,False,0.19529010420417764,-0.092518896484375,0.06703210849593272,0.2665,-0.435,0.11425713723848754,0.7015,2.3301128381161695,0.8398128521970534,0.03132365353837444,1.1636573991712502,2.7120829646314895
71,2003.10.22.20.04.13,False,0.22404490297604374,-0.0926741943359375,0.06746105645989275,0.2905,-0.4515,0.11463754253681521,0.742,2.5325754886156187,0.9071223602392786,-0.03481009850559337,1.167093627375534,2.956518053987341
72,2003.10.22.20.14.13,False,0.2026621263388631,-0.09269750976562499,0.06687771163078049,0.266,-0.4625,0.11431201296272665,0.7284999999999999,2.3238665046555287,0.9257460549766816,-0.03856217983132504,1.1669384594365686,2.7129395274403976
73,2003.10.22.20.24.13,False,0.11763732075864952,-0.093296435546875,0.06722720552942464,0.23199999999999998,-0.455,0.1150059287565955,0.6869999999999999,2.014143711910187,0.9379305065426449,-0.05960921785770456,1.166605391238797,2.3516316419470695
74,2003.10.22.20.34.13,False,0.22101224986061607,-0.09265895996093751,0.06749601581346365,0.27449999999999997,-0.447,0.11464288216384262,0.7215,2.392128756018491,0.90497421842865,-0.01027888332183304,1.1669351370691834,2.7927968953852442
75,2003.10.22.20.44.13,False,0.17686457727066907,-0.09278232421874999,0.06798055479186545,0.36150000000000004,-0.5489999999999999,0.11502767077043596,0.9105000000000001,3.1443098904695463,1.377298737163037,-0.011343326655658587,1.1671873838597198,3.6690630677304443
76,2003.10.22.20.54.13,False,0.235706836447153,-0.0925836669921875,0.06796644928488438,0.32099999999999995,-0.47350000000000003,0.11486391542768498,0.7945,2.793016008100559,1.0949277626869578,0.015752098030423104,1.1658479758201323,3.2570492047293125
77,2003.10.22.21.04.13,False,0.24327545405827966,-0.09288771972656251,0.0675307822565246,0.29500000000000004,-0.4515,0.11485147120964916,0.7464999999999999,2.564735820726614,0.9953841364569012,0.001446461698455814,1.165764864622607,2.9910788300179783
78,2003.10.22.21.14.13,False,0.20180433642681678,-0.0926499267578125,0.06991047415208285,0.3285,-0.514,0.11608142981854416,0.8425,2.8300020890032993,1.3589224671704752,-0.014682242204049168,1.1710765813664354,3.314120301706161
79,2003.10.22.21.24.13,False,0.20087794954567811,-0.0926034912109375,0.06831914545290331,0.266,-0.466,0.1150877683483191,0.732,2.310773498411148,1.1049856086605583,0.029980614131123136,1.1670719919877173,2.6970834209578944
80,2003.10.22.21.34.13,False,0.2167892328032519,-0.0926906494140625,0.06950483394219724,0.2905,-0.4785,0.11586187716645042,0.7689999999999999,2.506030505780502,1.087731917421438,0.018856228836190352,1.1701313108084839,2.932693422244091
81,2003.10.22.21.44.13,False,0.20095754855079656,-0.09266223144531249,0.06934348956048511,0.332,-0.5005,0.11574837153833623,0.8325,2.8604108786167464,1.055873365288705,-0.019514053980365577,1.1717445188894402,3.3546496401317505
82,2003.10.22.21.54.13,False,0.21224123541995038,-0.0925080322265625,0.06694743726205982,0.2625,-0.504,0.11419574350169728,0.7665,2.296632313944941,0.9483743068376034,-0.021325562496736762,1.1660833998989042,2.678815088398139
83,2003.10.22.22.04.13,False,0.13879000443111833,-0.09267158203125,0.06903824692446889,0.391,-0.49450000000000005,0.11556551194823865,0.8855000000000001,3.3807455073932733,1.1566267118946365,0.042429606244600605,1.1685076004757322,3.9516987236112184
84,2003.10.22.22.14.13,False,0.22963595634051853,-0.093289697265625,0.06855097801076446,0.314,-0.5005,0.11577340388936835,0.8145,2.706813337016222,1.044204254675034,-0.0002499410436751573,1.1687736561075952,3.163577111864348
85,2003.10.22.22.24.13,False,0.2201593089463647,-0.0922890380859375,0.06862316492057785,0.321,-0.481,0.11501127381241019,0.802,2.789016197832199,0.9639456661657844,-0.006462258239604424,1.1698734431339588,3.263634564281708
86,2003.10.22.22.34.13,False,0.22288378573511697,-0.0925215576171875,0.06861600958788261,0.3345,-0.487,0.11520156245584873,0.8215000000000001,2.8995421604928637,1.1060244727194597,-0.0006172079101935714,1.1684404748341213,3.39045518857334
87,2003.10.22.22.44.13,False,0.18246826963928148,-0.092556201171875,0.06788370578606004,0.2415,-0.471,0.11478633225675647,0.7125,2.1005866448872097,0.7882775274874609,-8.16616207526509e-06,1.1672915339796797,2.452636012890125
88,2003.10.22.22.54.13,False,0.23022194985543676,-0.0927115966796875,0.06818972330459935,0.3115,-0.514,0.11510158722438704,0.8255,2.7025201885207855,1.0862860936939573,0.004244288352032626,1.1670571173168671,3.1552092350573746
89,2003.10.22.23.04.13,False,0.20745224870018175,-0.09133276367187501,0.06840646303139461,0.33699999999999997,-0.49450000000000005,0.11411765678748634,0.8315,2.948817500328159,1.2754692889023294,-0.012928743444468795,1.1724852461000643,3.4580560787626298
90,2003.10.22.23.14.13,False,0.21706641228483342,-0.0936868896484375,0.0678532478668755,0.314,-0.446,0.1156929536446201,0.76,2.7113481254876635,0.8142004889759937,-0.0013192111748392462,1.1661169924857688,3.163312259987668
91,2003.10.22.23.24.13,False,0.1775694992481161,-0.09614665527343749,0.06781682402092507,0.366,-0.44799999999999995,0.11770849531722,0.814,3.126181538091998,1.044671097247632,-0.0020511476489445575,1.1612214489169024,3.6387762616334394
92,2003.10.22.23.34.13,False,0.22455246983500787,-0.09224331054687501,0.06775989139809646,0.29400000000000004,-0.4325,0.11446554195713382,0.7265,2.5708380099166437,1.068704790371159,0.030783392057464155,1.1649209225066153,2.994219862674731
93,2003.10.22.23.44.13,False,0.23768234840281915,-0.092663623046875,0.06777243076874187,0.294,-0.47950000000000004,0.11481104808396198,0.7735,2.5627276031094475,0.9439154874733469,-0.022722815462206534,1.166542729734458,2.9883327255926133
94,2003.10.22.23.54.13,False,0.1963175662212177,-0.09263718261718751,0.06833731978738264,0.276,-0.5345,0.11512362014504218,0.8105,2.396524540821555,0.9355927688573182,0.002280927571226792,1.1693041946443943,2.802436395518747
95,2003.10.23.00.04.13,False,0.22252282472156248,-0.09289545898437498,0.06908111017767195,0.29200000000000004,-0.4665,0.11578001497559545,0.7585,2.520014609859973,0.9655998093830203,0.002210738903181009,1.1700328813911272,2.950325563899021
96,2003.10.23.00.14.13,False,0.17249384874059326,-0.103168115234375,0.06927269746116883,0.2745,-0.4565,0.12434035205333824,0.731,2.192410387307911,0.9572802693136977,0.005066242984232085,1.1521719599876281,2.5235738239821632
97,2003.10.23.00.24.13,False,0.20692352032942213,-0.09272314453125,0.0683816222002398,0.2895,-0.476,0.11522660132859067,0.7655000000000001,2.512624355884115,0.9631102287458315,-0.040123422465186256,1.1693558598831935,2.938031251537012
98,2003.10.23.00.34.13,False,0.212572068001599,-0.0926154541015625,0.0691220455679303,0.27949999999999997,-0.48250000000000004,0.11557715406615533,0.762,2.418205261999052,1.2404047169366237,0.023529845551165923,1.1690536574432024,2.827113508336498
99,2003.10.23.00.44.13,False,0.15910426845306136,-0.09251630859375,0.06965083233662397,0.34750000000000003,-0.613,0.11581176845283712,0.9604999999999999,2.9996287828918957,1.3042222289790018,-0.016964427568761126,1.1719180590889025,3.5156213625617068
100,2003.10.23.00.54.13,False,0.24113100913606944,-0.093727490234375,0.06788845803924007,0.311,-0.47650000000000003,0.11573784649250579,0.7875000000000001,2.686304884052448,1.0490156174401968,0.013579380832840722,1.1651941543492126,3.1302089418241836
101,2003.10.23.01.04.13,False,0.20645573471651085,-0.09240654296874999,0.06904633921264297,0.3135,-0.4445,0.1153693459208565,0.758,2.714334408344766,0.8914908928939296,0.014110629715889148,1.1700595920564363,3.1783090638283937
102,2003.10.23.01.14.13,False,0.10964486415671826,-0.093547119140625,0.06788869015172783,0.227,-0.42100000000000004,0.11559529569915378,0.648,1.9605382538663976,0.8054667772430324,-0.01129705553361755,1.1666952701455655,2.2877490690737936
103,2003.10.23.01.24.13,False,0.19025442662492087,-0.0929311279296875,0.06806352160684742,0.3285,-0.46599999999999997,0.11519910732705757,0.7945,2.849671700022,0.8917808899911874,-0.03163182829899891,1.1678616140411284,3.3285251771430584
104,2003.10.23.01.34.13,False,0.23007165737317037,-0.09245800781249999,0.06755401578583826,0.31,-0.5005,0.11451488389410983,0.8105,2.704415655098259,1.133497414600522,-0.03339515605768292,1.1674779843262746,3.1576500021165232
105,2003.10.23.01.44.13,False,0.23616287854909152,-0.0926004150390625,0.06800239445786077,0.28300000000000003,-0.48350000000000004,0.11489716949706305,0.7665,2.456621166801347,1.0908469850490015,0.0021122735303967578,1.167614663964749,2.8700552498917586
106,2003.10.23.01.54.13,False,0.23098535570024076,-0.09210712890625,0.06697452128023687,0.32099999999999995,-0.476,0.11390909854180242,0.7969999999999999,2.8149651353153446,1.1543845520854465,0.03260081140611039,1.164692789626062,3.27999845962535
107,2003.10.23.02.04.13,False,0.20268430503448587,-0.09278386230468749,0.06673311660443235,0.2575,-0.4625,0.11430600653929934,0.72,2.2512742472160783,0.9653646241162841,-0.030798109652185872,1.1669920791848871,2.628177082112243
108,2003.10.23.02.14.13,False,0.20395473742113773,-0.0998257568359375,0.06858126460019769,0.331,-0.47950000000000004,0.1212617206211909,0.8105,2.754038245054603,0.9530833402374743,0.02080991150563188,1.1562014211127625,3.1938274907012243
109,2003.10.23.02.24.13,False,0.1021260827140209,-0.08196508789062501,0.06654935217276717,0.3125,-0.4445,0.10594605048912345,0.757,2.9588896930641657,0.8493279559284095,-0.038762031275363144,1.1858568249348205,3.5132290761092237
110,2003.10.23.02.34.13,False,0.17404716072776827,-0.09317827148437499,0.06683374492004965,0.378,-0.4855,0.11470536462463736,0.8634999999999999,3.2756672274113807,1.1940057498252474,0.012761102583517495,1.163141034644973,3.8220655204405087
111,2003.10.23.02.44.13,False,0.2235579782264821,-0.0924755615234375,0.06692740469992428,0.26649999999999996,-0.448,0.1141855682298904,0.7145,2.3318455931491666,1.07476562058308,-0.006081545754675774,1.1644712487415165,2.7163019873415255
112,2003.10.23.02.54.13,False,0.21174637358339787,-0.0922359375,0.0662799702085371,0.3415,-0.4335,0.11359300696060437,0.775,3.010023189098831,1.0099791960136129,0.013660916347002349,1.163852448123276,3.502777021016973
113,2003.10.23.03.04.13,False,0.19621112887756376,-0.0923720703125,0.06693084215903419,0.247,-0.4435,0.11410491723251641,0.6905,2.162322207935502,1.0641636736187503,-0.0026840151625173968,1.1652610992017935,2.520522308339155
114,2003.10.23.03.14.13,False,0.23727326060581955,-0.09245827636718751,0.06658473374012258,0.3085,-0.516,0.11395584527629982,0.8245,2.7072366421755736,1.1094520045434724,-0.006951174854064893,1.1642373297068134,3.1518497567041273
115,2003.10.23.03.24.13,False,0.1719147857043219,-0.09283430175781249,0.06645028868093569,0.35850000000000004,-0.515,0.11418798800763809,0.8734999999999999,3.1506096436809763,1.2599074180843277,-0.04012879033633712,1.164580514872644,3.665961014165596
116,2003.10.23.03.34.13,False,0.20243992622384765,-0.09229951171874999,0.06608754574598444,0.27,-0.5455,0.1135469071388786,0.8155,2.372360800735817,1.0606701329423927,-0.022426099712961414,1.1627468089041446,2.7607661333166282
117,2003.10.23.03.44.13,False,0.10578047926448197,-0.0927385986328125,0.06500431911162546,0.21250000000000002,-0.437,0.11328519175547752,0.6495,1.8735861650874102,0.8158760720443985,0.012335777652824878,1.159060356277873,2.1727272951940426
118,2003.10.23.03.54.13,False,0.23658972655506205,-0.0924091796875,0.06643132845354843,0.27699999999999997,-0.471,0.11383169968905354,0.748,2.4257743741166995,0.9452912232564694,0.007004071271303466,1.1633752148104124,2.825032421223006
119,2003.10.23.04.04.13,False,0.19311380160254676,-0.09296513671875001,0.06605264182654538,0.2465,-0.45399999999999996,0.11406368881718706,0.7005,2.160023715104143,0.8480348095546597,-0.01204516722896556,1.162435850496014,2.5112363162336484
120,2003.10.23.04.14.13,False,0.20532504597318085,-0.0930403564453125,0.06640162193730946,0.2465,-0.498,0.11433620414688533,0.7445,2.1508752769495807,0.9509171959292548,0.008069199036589847,1.161836712158381,2.5017840863957774
121,2003.10.23.04.24.13,False,0.24700152300182493,-0.09325292968750001,0.06610561575814265,0.305,-0.5005,0.11433999752582949,0.8055,2.6683358710017275,1.0386966898475583,-0.0014584633360111218,1.161827409815758,3.0996309097270056
122,2003.10.23.04.34.13,False,0.23506956247425403,-0.0925031005859375,0.06630382010219113,0.3125,-0.4825,0.11384467621739128,0.7949999999999999,2.7341580818395617,1.096287063805718,-0.027124946644922692,1.164260450685082,3.189088178017297
123,2003.10.23.04.44.13,False,0.22976647180363113,-0.0914275634765625,0.0655237948718058,0.3245,-0.498,0.11252793187700935,0.8225,2.8811384429330875,1.1904938354530832,0.01695207012537895,1.1623189374449272,3.351087191291156
124,2003.10.23.04.54.13,False,0.10477580691210997,-0.09576533203124998,0.06512872446436643,0.222,-0.472,0.11581843001794528,0.694,1.9089503289406653,0.8407862368690178,-0.03880117534999419,1.1562771367271754,2.2074647324803465
125,2003.10.23.05.04.13,False,0.23369859806407334,-0.0922751953125,0.06502372108635524,0.299,-0.47000000000000003,0.11293070872192976,0.769,2.640958318308719,0.9189090213926012,-0.0032962612017040233,1.1607284805671374,3.0695022206376126
126,2003.10.23.05.14.13,False,0.20641620326469362,-0.092059765625,0.0657206350274325,0.2735,-0.5495,0.11314938069066607,0.823,2.411843458380233,1.0830815864377241,0.006936792607133514,1.161183702510606,2.80323358756205
127,2003.10.23.05.24.13,False,0.21004250034591826,-0.0926794189453125,0.06549064573597235,0.26349999999999996,-0.4575,0.11352687068122616,0.721,2.31821772355295,0.8923488158170079,0.027533169228524945,1.1599508280148738,2.6905224890263644
128,2003.10.23.05.34.13,False,0.22244790855734464,-0.093034716796875,0.0652627582197238,0.321,-0.47250000000000003,0.11367455337265267,0.7935,2.8140634690824524,0.8695590478706281,-0.005659124174370199,1.1595795429225915,3.268696470173328
129,2003.10.23.05.44.13,False,0.22014235393515175,-0.092713623046875,0.06575866864171852,0.259,-0.45999999999999996,0.1137063698142386,0.719,2.276116584324643,0.9597405603076656,0.014010112105334474,1.1608904775299171,2.6432562664197867
130,2003.10.23.05.54.13,False,0.16680042313463234,-0.0924044677734375,0.06507565142278052,0.2405,-0.497,0.11306029579911465,0.7375,2.1230074911896195,1.1971315706947834,-0.03510797978631988,1.1605864471135505,2.4655619471959263
131,2003.10.23.06.04.13,False,0.19349172029968315,-0.0927457763671875,0.06524419059129476,0.237,-0.471,0.11341989050569451,0.708,2.088551115182484,0.9152955015059632,-0.0022447766133602614,1.159964776220391,2.4231085298855852
132,2003.10.23.06.14.13,False,0.2195741637455788,-0.09242573242187499,0.06467320414736484,0.33099999999999996,-0.47250000000000003,0.11282967271769254,0.8035000000000001,2.9198739788661676,0.9911171799047949,-0.01013850107089001,1.159300878474581,3.3899553628058445
133,2003.10.23.06.24.13,False,0.18872526646637588,-0.092641748046875,0.0657831460609214,0.261,-0.508,0.11364736474537522,0.7689999999999999,2.2857365326233525,1.036950688593885,-0.04430648008572934,1.1638809177255498,2.663694840639451
134,2003.10.23.06.34.13,False,0.2425295638552311,-0.0926615478515625,0.06480672514748503,0.2975,-0.49449999999999994,0.113093501109012,0.792,2.627518742538347,1.0220062997603299,0.00011239162527864124,1.1580660777748224,3.044604199279747
135,2003.10.23.06.44.13,False,0.1943618613636397,-0.09235705566406249,0.06518364339982745,0.3005,-0.41400000000000003,0.11306515031528991,0.7145,2.6605502602478666,0.7742866915372799,0.012554478732576969,1.16144272597264,3.088379096331618
136,2003.10.23.06.54.13,False,0.2076580189942172,-0.0928377685546875,0.06545832073537161,0.30400000000000005,-0.519,0.11361186641838757,0.823,2.6725091533053558,1.1409514816513557,-0.04444131103981007,1.1624578880450296,3.1078547973828043
137,2003.10.23.07.04.13,False,0.22871157125626096,-0.0927230224609375,0.0654361312812201,0.3325,-0.481,0.1135083710366285,0.8135,2.9248143147255177,1.1410680186967088,-0.010002018184380457,1.1614821200208243,3.39879903374504
138,2003.10.23.07.14.13,False,0.11900885026941055,-0.09258156738281251,0.06513443091963536,0.21350000000000002,-0.45899999999999996,0.11322792179678806,0.6725,1.8842476365461327,0.7862435299144035,0.0023808495976467238,1.1608551276404553,2.187980913520781
139,2003.10.23.07.24.13,False,0.21943515904948868,-0.09280356445312499,0.06659165677343212,0.2585,-0.45,0.11425771862037162,0.7085,2.2559577554180974,1.0127245715797615,-0.004282160853838627,1.1629988835998382,2.626269065711947
140,2003.10.23.07.34.13,False,0.21731675858216515,-0.09238583984375001,0.06480083146150563,0.2725,-0.5065000000000001,0.11288107987371113,0.7790000000000001,2.414979181649136,1.092905413644586,-0.026039576045382883,1.1609959676595838,2.803255860521423
141,2003.10.23.07.44.13,False,0.1359278813124538,-0.09218537597656248,0.06574355892201997,0.22699999999999998,-0.444,0.11327044056112434,0.671,2.003108747528417,0.7891945955243669,-0.029372929212049155,1.1632690238101602,2.3308486929580647
142,2003.10.23.07.54.13,False,0.2185917500335562,-0.0926420654296875,0.06411712798579203,0.265,-0.476,0.11268446323572642,0.741,2.349949633757685,1.0117332360023539,-0.013480427380130498,1.1581511394393105,2.7223184059527616
143,2003.10.23.08.04.13,False,0.23201524433026305,-0.09301430664062499,0.0656822392380832,0.3185,-0.52,0.11391001926109987,0.8385,2.7962337855248887,1.1490699276769478,0.0268378577535566,1.159922959189784,3.2433051725205386
144,2003.10.23.08.14.13,False,0.22048543995685066,-0.09283894042968749,0.06519436199494441,0.32,-0.4335,0.11347886166394039,0.7535000000000001,2.810829839121479,0.9781371918329005,-0.009680578079905265,1.1612285095060417,3.2691945093435697
145,2003.10.23.08.24.13,False,0.241828918658828,-0.09246564941406249,0.0656412587284457,0.3005,-0.47350000000000003,0.11343606403480269,0.774,2.653553886270325,1.1892540850234898,-0.00830164234626659,1.1607528925450508,3.0781763061524705
146,2003.10.23.08.34.13,False,0.19822109308717828,-0.0928914306640625,0.06564408101515151,0.26,-0.4285,0.11377738276850341,0.6885,2.2792799152209398,0.9760942055736432,-0.009664829475280596,1.1610654102339186,2.6487238642693023
147,2003.10.23.08.44.13,False,0.20698355720720335,-0.09314414062499998,0.06539754524420108,0.26649999999999996,-0.4515,0.11383429444035836,0.718,2.332370629022856,0.8810347965752912,-0.034734929033560485,1.1607758470387313,2.7110683558911592
148,2003.10.23.08.54.13,False,0.1919420726455715,-0.09232666015624999,0.06542155205782929,0.3415,-0.44199999999999995,0.11318041196149226,0.7835,3.0169478465911492,1.0763624930264026,0.06073145946291174,1.1602587962287616,3.5007332083092795
149,2003.10.23.09.04.13,False,0.22395222397875753,-0.0926615234375,0.0658051906077311,0.3335,-0.4555,0.11366701827905218,0.7889999999999999,2.930230459612975,1.0288356635652658,0.013582144917435313,1.1613105184270256,3.4050784142058688
150,2003.10.23.09.14.13,False,0.15473767913118924,-0.09298920898437502,0.06591362057580341,0.387,-0.47850000000000004,0.11400642020520446,0.8655,3.3805599638762747,1.0888079673875073,-0.022454888280564196,1.1637209340921286,3.9400244987583957
151,2003.10.23.09.24.13,False,0.22875050661683427,-0.09310458984375,0.0656827043502074,0.317,-0.44799999999999995,0.11396120691984711,0.7649999999999999,2.7793371675743916,1.0619002403445055,-0.016193429832847488,1.162342723646732,3.2311545039974785
152,2003.10.23.09.34.13,False,0.18755224233621265,-0.09280966796875001,0.06549002461717007,0.2565,-0.4335,0.1136149108098976,0.69,2.259362718821529,0.8344718784205303,-0.024545914579646638,1.1624083538568468,2.625627800624609
153,2003.10.23.09.44.13,False,0.21666679729528915,-0.093069140625,0.06552616566001428,0.2895,-0.454,0.11385964094864323,0.7435,2.5320694616383737,0.8438323781168806,0.03299631201717096,1.1601258472975196,2.9430796308109684
154,2003.10.23.09.54.13,False,0.1996212096593955,-0.09255852050781249,0.06732919858587777,0.3175,-0.42100000000000004,0.1144845693585527,0.7384999999999999,2.7714949781396583,0.83676605308903,0.029998235139036877,1.1643400330793656,3.227705024320978
155,2003.10.23.10.04.13,False,0.19228319467256338,-0.09269230957031249,0.06637795842083012,0.2755,-0.543,0.11404312061123316,0.8185,2.4157463021213337,1.2684309157987115,-0.03264655417107119,1.1635839071570278,2.810928365026866
156,2003.10.23.10.14.13,False,0.04218448603497915,-0.13387412109375002,0.06584814632132717,0.2685,-0.514,0.1499900972734599,0.7825,1.9886869170945016,1.1489047034428994,-0.008053418718047507,1.1125683897518046,2.2455990728500947
157,2003.10.29.14.39.46,False,0.20312720577172105,-0.11314082031249999,0.07446773493508718,0.3245,-0.57,0.13547267511002903,0.8944999999999999,2.388289024157857,1.5481894382453385,0.03560108591063111,1.1456762122416284,2.7398072588119073
158,2003.10.29.14.49.46,False,0.1940230424617585,-0.1134589111328125,0.07273178725527848,0.35150000000000003,-0.6385000000000001,0.13479210425215293,0.99,2.60047314539989,1.5915966741364165,0.01451467383815229,1.1423856743921006,2.973959182528177
159,2003.10.29.14.59.46,False,0.22073193515657058,-0.11429853515624999,0.07290311639264643,0.3785,-0.515,0.13559780031850693,0.8935,2.7792113477234106,1.2572318495483286,0.02401013750803315,1.142543605852587,3.1806652783473996
160,2003.10.29.15.09.46,False,0.20079992610271852,-0.11291513671875,0.07231945954576618,0.4075,-0.5405,0.1341160839533988,0.948,3.0263668356589495,1.179303817274873,0.03332170011347792,1.1434387086142284,3.467496199360178
161,2003.10.29.15.19.46,False,0.20572468341293854,-0.11363588867187499,0.07417613950534799,0.32,-0.516,0.1357308107217316,0.836,2.3533163977499516,1.491281814217405,0.02974098766724574,1.1455379127706684,2.6988320887027886
162,2003.10.29.15.29.46,False,0.21997794417061184,-0.11461313476562499,0.07353676442511803,0.35250000000000004,-0.5409999999999999,0.1362006959784306,0.8935,2.581368060368025,1.3736194332989993,0.04380488526903464,1.1427547119087613,2.9542089319362486
163,2003.10.29.15.39.46,True,-0.00023686606840511715,-0.166403857421875,0.07333983240293325,0.388,-0.5515,0.18290397409610842,0.9395,2.210217833510234,1.4100610267111886,0.05546055366472555,1.096503639505379,2.4370731947469797
164,2003.10.29.15.49.46,False,0.19627103531975937,-0.113011328125,0.07438259831639776,0.3185,-0.5505,0.13531763658934332,0.869,2.3519202900493026,1.4207248546261542,0.04145524974558146,1.1458498991215298,2.6963532777473613
165,2003.10.29.15.59.46,False,0.2073850561895128,-0.1141493408203125,0.07409716933944271,0.35650000000000004,-0.629,0.13611862653775467,0.9854999999999999,2.6170967167022416,1.5485094715378,0.00654814661056588,1.1446162019614206,2.9966312109040976
166,2003.10.29.16.09.46,False,0.22903339580450294,-0.113380908203125,0.07552847633977683,0.40900000000000003,-0.56,0.13625110494935602,0.9690000000000001,2.990832530560718,1.6932987402834212,0.04079210910062887,1.1488507907887624,3.439283475402889
167,2003.10.29.16.19.46,False,0.13068832736954017,-0.11338349609375001,0.07325962837551989,0.4945,-0.5935,0.13501722966416607,1.088,3.6509197520729657,1.7446516148024553,0.017046698171446332,1.144249040916149,4.182781931476831
168,2003.10.29.16.29.46,False,0.22149727182293422,-0.11437153320312501,0.07510009210981708,0.4285,-0.5925,0.1368469153997799,1.0210000000000001,3.121838659370468,1.6825373672068853,-0.005725617754449935,1.1484070674766071,3.5889658525033816
169,2003.10.29.16.39.46,False,0.21970844672317574,-0.11313994140625,0.07372884398013058,0.4125,-0.5285,0.13507109398406875,0.9410000000000001,3.0395260011680585,1.252100964147482,0.0047247410287829215,1.1469645124885102,3.4929107353497937
170,2003.10.29.16.49.46,False,0.22128602979205647,-0.111426806640625,0.07365640649916158,0.387,-0.5285,0.1335775044943982,0.9155,2.888724718645678,1.1879866856873458,0.017076048204379732,1.1498174184119394,3.321831498636944
171,2003.10.29.16.59.46,False,0.19921430880284857,-0.1140467529296875,0.0734436747060114,0.33199999999999996,-0.5785,0.13567646558020402,0.9105000000000001,2.445959089933484,1.2813518802487236,0.05150297893754313,1.1429397711081197,2.7960280511563345
172,2003.10.29.17.09.46,False,0.24174224569053399,-0.11314599609375,0.07429083821638063,0.34550000000000003,-0.5235000000000001,0.13537420666871075,0.869,2.5473357903063247,1.4440249906884857,0.017679987661133274,1.146229759883663,2.922345645974145
173,2003.10.29.17.19.46,False,0.21626077390891646,-0.11307343750000001,0.07340291509848645,0.387,-0.531,0.13482782149097322,0.918,2.8625951827687763,1.1945744389031003,-0.008679574722095776,1.146806462488907,3.2862630875713457
174,2003.10.29.17.29.46,False,0.20981779842204923,-0.1141593505859375,0.07485596515681725,0.4215,-0.6165,0.13653718400913062,1.0379999999999998,3.0769308277104055,1.5052794852947993,0.020672863419556434,1.1470842001126833,3.5349680166272597
175,2003.10.29.17.39.46,False,0.2321050602619566,-0.1129416015625,0.07364906623049315,0.398,-0.5775,0.13485565133245386,0.9755,2.9398412076410336,1.4088399149029738,0.035104726107106854,1.1455212104754158,3.372605197375942
176,2003.10.29.17.49.46,False,0.22793882880991018,-0.11378703613281249,0.07513883329980578,0.3345,-0.5135000000000001,0.13637888952172647,0.8480000000000001,2.452892660573924,1.238434829214699,0.014279410796008226,1.1472522228011521,2.8140194932377485
177,2003.10.29.17.59.46,False,0.21672979077123683,-0.11430302734375,0.07448442010735515,0.352,-0.5934999999999999,0.13644879193730203,0.9455,2.5733492921731003,1.3242058796691545,0.0461212988603122,1.1428697003154138,2.9430977137094234
178,2003.10.29.18.09.46,False,0.15895133114856186,-0.11332734375,0.07571462755314085,0.448,-0.5405,0.13632045339748353,0.9884999999999999,3.28094556282504,1.6294435070579674,0.10281921228193983,1.1471004716660507,3.7664004953990156
179,2003.10.29.18.19.46,False,0.20293440717933592,-0.1131146240234375,0.07507583674603485,0.3235,-0.47850000000000004,0.13578147939579277,0.802,2.378117780621883,1.3248986422825713,0.01727572389707012,1.1478209739300274,2.7322110940605473
180,2003.10.29.18.29.46,False,0.20317061739256748,-0.11426220703125001,0.07393487191264934,0.42500000000000004,-0.519,0.1361202915548626,0.9440000000000001,3.1136660761398427,1.3186330026113067,0.017184305132986386,1.1440288550750561,3.56721006573199
181,2003.10.29.18.39.46,False,0.24692254175150885,-0.1134873046875,0.0753138619540791,0.36,-0.5395,0.13622419907149386,0.8995,2.6323198045777416,1.3441331372962675,0.004690200539443055,1.1479477024027847,3.0276460441159436
182,2003.10.29.18.49.46,False,0.18582047264297824,-0.1131809814453125,0.07399757974169138,0.4175,-0.5065000000000001,0.13524442123559555,0.924,3.0718299111523484,1.1702155814452682,0.031324014204016294,1.1463829999889121,3.5291918235436133
183,2003.10.29.18.59.46,False,0.2416610985874728,-0.11428537597656249,0.07593923780647197,0.361,-0.5785,0.13723501809688782,0.9395000000000001,2.6274643580850507,1.5186304308158118,0.030534854583036345,1.1478052772929201,3.0174453748215875
184,2003.10.29.19.09.46,False,0.23053096388519195,-0.112863427734375,0.07407842920908297,0.394,-0.5735,0.13502073749663496,0.9675,2.9134983715510785,1.3984996392195712,0.037467833133139526,1.146582930614362,3.3421469127608763
185,2003.10.29.19.19.46,False,0.22129223799011777,-0.11297084960937498,0.07433054804334441,0.4225,-0.5760000000000001,0.13525588175429692,0.9985,3.115397937149186,1.570760425925255,0.00044554588684875274,1.148161708246786,3.581386126924486
186,2003.10.29.19.29.46,False,0.2137893102242059,-0.11437958984375,0.07545288948359033,0.321,-0.554,0.13704874807545742,0.875,2.33666746044866,1.18139513231095,0.013019949214652285,1.148470192996467,2.686256508681447
187,2003.10.29.19.39.46,False,0.2385487281433823,-0.11328916015625,0.0742607687948408,0.37849999999999995,-0.5435,0.13549372980937535,0.9219999999999999,2.784168388063047,1.2901347394500147,0.033857088331811266,1.1462812912015647,3.1953755785892937
188,2003.10.29.19.49.46,False,0.1308901033868176,-0.1131097412109375,0.0756190548502325,0.48450000000000004,-0.5225,0.1360819272454713,1.0070000000000001,3.54936789308736,1.5923252004511248,0.0889510963886939,1.1497980999522368,4.0864724761739035
189,2003.10.29.19.59.46,False,0.23140576534287466,-0.11434079589843749,0.07494472571743464,0.372,-0.5225,0.1367312940782966,0.8945,2.717319463836437,1.2802668178368422,-0.019046038553445506,1.1478282678089122,3.120851695884078
190,2003.10.29.20.09.46,False,0.23506185205804647,-0.1137298583984375,0.0749656793566914,0.39549999999999996,-0.5225,0.13623800890562546,0.918,2.8967727918636768,1.5549142387518344,0.02384760449644916,1.1473707506051003,3.3258798390586684
191,2003.10.29.20.19.46,False,0.22228182574174515,-0.11287304687500001,0.07530241536121692,0.3195,-0.5335,0.13569818207295986,0.853,2.350896845544566,1.2595887971138056,-0.013115467843105574,1.1511166581720174,2.7074872424862964
192,2003.10.29.20.29.46,False,0.23981348321432072,-0.114294970703125,0.07433093422129441,0.376,-0.5640000000000001,0.13635713315528503,0.94,2.7485508413561472,1.3035458808598708,0.02518202137832823,1.1465315688444693,3.155072979278429
193,2003.10.29.20.39.46,False,0.2126574274674295,-0.11317702636718749,0.0744436336697482,0.337,-0.498,0.13548080274705096,0.835,2.483596977903544,1.1593902898177557,-0.020437432101512,1.1485940218144202,2.854482531589869
194,2003.10.29.20.49.46,False,0.24975875962659277,-0.1136685791015625,0.07622194647535252,0.359,-0.5369999999999999,0.13687727415472123,0.8959999999999999,2.6211403338432833,1.2749867029285205,0.029651427075715144,1.1503074800343593,3.0160216145607786
195,2003.10.29.20.59.46,False,0.18429008124148938,-0.1139466796875,0.07505648818585031,0.3085,-0.5095000000000001,0.13646499040618376,0.8180000000000001,2.2548875306368394,1.120533824711824,0.03175916559819522,1.1460626963181224,2.586799692146114
196,2003.10.29.21.09.46,False,0.25170635014633413,-0.11344841308593749,0.0769307694059087,0.359,-0.554,0.13708800741323113,0.913,2.613618590616528,1.3174711313215126,0.006603926415535701,1.1522625949479341,3.0134854169343104
197,2003.10.29.21.19.46,False,0.16127496007786668,-0.1133968994140625,0.07542566249919615,0.3025,-0.631,0.1362078477073998,0.9335,2.2190129917941483,1.3906610477326713,-0.03118821997326905,1.1502076912029504,2.5533652569635708
198,2003.10.29.21.29.46,False,0.23050376037494563,-0.11387490234375,0.07662900796907082,0.42500000000000004,-0.581,0.13728117555101954,1.006,3.0888833900054564,1.448754945823771,-0.00909902834827591,1.1514352253157172,3.5595398056487877
199,2003.10.29.21.39.46,False,0.24482550769613404,-0.11322534179687499,0.07611791742563327,0.35,-0.532,0.13644136083195443,0.8820000000000001,2.5630692363120606,1.2549836215493215,0.00861323665097757,1.150268668438723,2.9484997486072695
200,2003.10.29.21.49.46,False,0.24318397361296407,-0.11299946289062501,0.07679554870756844,0.33699999999999997,-0.537,0.13663615875796176,0.8740000000000001,2.462047296909329,1.425516668199717,0.026545369534617294,1.151692973866571,2.8370825958832526
201,2003.10.29.21.59.46,False,0.22271603710989862,-0.1138679931640625,0.07591851253986473,0.35050000000000003,-0.516,0.13687133793583148,0.8664999999999999,2.5551359230418553,1.1666330537599068,0.04822586158480918,1.1482706407054892,2.9379172246497447
202,2003.10.29.22.09.46,False,0.23324571493602558,-0.11293068847656249,0.07696281778904523,0.41150000000000003,-0.56,0.1366827604047537,0.9715,3.0014802938941427,1.2581226142342894,0.0066124226458038615,1.1535910376976837,3.467048700805233
203,2003.10.29.22.19.46,False,0.1947538845515578,-0.1132721435546875,0.07530326407455767,0.303,-0.5715,0.13603339767000944,0.8745,2.2221870635253467,1.153040432579955,0.0017916076550543551,1.1493286770493043,2.555908666002442
204,2003.10.29.22.29.46,False,0.22724890116247398,-0.11440361328125001,0.07573012435797116,0.415,-0.5625,0.1372081391974615,0.9775,3.012801621854296,1.4096903086011459,-0.01033380942781079,1.1498492273067393,3.4675063259676913
205,2003.10.29.22.39.46,False,0.25320214368295707,-0.113001611328125,0.07640895827995224,0.354,-0.5369999999999999,0.1364237977107673,0.891,2.590512993968277,1.303108635477035,0.017295040512040238,1.1528043745916805,2.988758174776705
206,2003.10.29.22.49.46,False,0.1750151241086073,-0.11323378906249999,0.07589171784920659,0.28800000000000003,-0.5215,0.13632600120451,0.8094999999999999,2.111432360254355,1.0199774275481237,-0.013406921921109245,1.151808137945507,2.432504332721917
207,2003.10.29.22.59.46,False,0.16587964072953265,-0.11402333984375,0.07501108035148508,0.282,-0.5309999999999999,0.13649594503276372,0.813,2.0625384807541542,1.0794224737952811,-0.01438736255988183,1.1493904086339528,2.3720389229476746
208,2003.10.29.23.09.46,False,0.2508127403891406,-0.11320012207031249,0.07844943934656853,0.4225,-0.597,0.1377320011721575,1.0195,3.068788229540422,1.6778606414597936,0.02965826042583467,1.1555649288864118,3.5457647680353164
209,2003.10.29.23.19.46,False,0.24850582837230262,-0.11323552246093749,0.07584488666128977,0.35,-0.536,0.13630400072540516,0.8859999999999999,2.5619947731510564,1.2968813855549222,0.03015104157692649,1.1498695150663072,2.9493760565415545
210,2003.10.29.23.29.46,False,0.17159105754963194,-0.11381220703125,0.07582045584673433,0.281,-0.519,0.13677675858033223,0.8,2.0512589852712058,1.2962167114239471,0.014189413846788759,1.1482628612430341,2.35712341001773
211,2003.10.29.23.39.46,False,0.23887294574440332,-0.1131308837890625,0.07688990868224183,0.3685,-0.5529999999999999,0.1367996219514714,0.9215,2.6943693186220177,1.4425117593233416,-0.013888464056256104,1.1534843501856251,3.1076840987668124
212,2003.10.29.23.49.46,False,0.23096903404226377,-0.11337294921874999,0.07667766930318133,0.3275,-0.5385,0.13687190367424074,0.8659999999999999,2.3910314224884903,1.2674168067929417,-0.0049075116060650625,1.1516647432399383,2.7538332550684994
213,2003.10.29.23.59.46,False,0.21855578634837836,-0.11390358886718752,0.07507857196519371,0.321,-0.516,0.13643790844495757,0.837,2.347459030642912,1.3039546107741802,0.010705998872286255,1.1475932919827425,2.6962907073336586
214,2003.10.30.00.09.46,False,0.24365490665171013,-0.1125511962890625,0.07655899603613182,0.3505,-0.5285,0.13614217370326764,0.879,2.569611827093077,1.2417131068071847,0.02913638705943247,1.1521618575226609,2.962291487158131
215,2003.10.30.00.19.46,False,0.19295983267871053,-0.11334023437499999,0.07647373910479567,0.298,-0.552,0.13673754664215554,0.8500000000000001,2.1759400290549658,1.376283149294225,-0.016794185300131045,1.1512905151902513,2.506080725677388
216,2003.10.30.00.29.46,False,0.242619265673565,-0.114425537109375,0.0768858514892698,0.359,-0.5335,0.13786914814605988,0.8925,2.6019173850462596,1.3298465070732024,-0.004423204629998463,1.1495179504008641,2.9915827967970277
217,2003.10.30.00.39.46,False,0.19446281801667714,-0.113095947265625,0.07567963742161463,0.441,-0.5295000000000001,0.13609513948125393,0.9705,3.2307878178551936,1.3309034526752823,0.043841445715710914,1.1493487502822415,3.7189951258689415
218,2003.10.30.00.49.46,False,0.22946427583113016,-0.1127962890625,0.07590691252859676,0.3905,-0.503,0.13597991239065627,0.8935,2.862835669918747,1.3206310146081737,0.03361120915380941,1.1510356882029933,3.299520694473693
219,2003.10.30.00.59.46,False,0.19357622263473617,-0.1139162841796875,0.07649379612600683,0.3,-0.5734999999999999,0.1372314388008861,0.8734999999999999,2.182261948948039,1.2939362101039524,-0.007391717354480045,1.1516155444994354,2.5143928803622115
220,2003.10.30.01.09.46,False,0.23763614739379757,-0.11282885742187498,0.07619900019435966,0.354,-0.615,0.13616524326723065,0.969,2.5929018418956944,1.6449674915291084,0.022056194725043367,1.1506162279092769,2.98610865561238
221,2003.10.30.01.19.46,False,0.23464047520710885,-0.11318354492187499,0.07623820938916802,0.32699999999999996,-0.5675,0.13648927226042096,0.8945,2.389746609883506,1.3732784797252444,-0.0011470967265300343,1.1506220470355537,2.7536857950805516
222,2003.10.30.01.29.46,False,0.19892063594037146,-0.11411621093749999,0.07573374406360212,0.34299999999999997,-0.581,0.136972058567906,0.9239999999999999,2.499730535642194,1.5366000363517927,-0.052616767186203256,1.1482491925840153,2.8715646121901335
223,2003.10.30.01.39.46,False,0.2435740873715444,-0.11289562988281249,0.07693494026449074,0.41100000000000003,-0.586,0.13662610917190254,0.9969999999999999,3.0099996955820965,1.4319845316437085,0.007624883576888938,1.1525731940743449,3.468662797013582
224,2003.10.30.01.49.46,False,0.2049780932981617,-0.11288869628906249,0.07812654806730795,0.4415,-0.532,0.13731434176007148,0.9735,3.213988474693358,1.3264467413738465,0.05527819841598105,1.1544055987876933,3.7111236114811907
225,2003.10.30.01.59.46,False,0.1558685711825648,-0.1142579345703125,0.07726559401683408,0.29400000000000004,-0.546,0.13793922875715592,0.8400000000000001,2.1308362516529944,1.2105469184381765,-0.04010802634954757,1.152621768782557,2.4562666661720205
226,2003.10.30.02.09.46,False,0.21299427757982342,-0.11315954589843749,0.07662984746524815,0.364,-0.5015000000000001,0.1366745464987581,0.8654999999999999,2.660748061427597,1.0684514201714397,0.020553657374687215,1.1518352017172755,3.065445692951413
227,2003.10.30.02.19.46,False,0.20369526081697525,-0.11287727050781249,0.07624256002424315,0.3015,-0.515,0.1362288054091117,0.8165,2.2089317335025767,1.0928299947298878,0.014812740278836417,1.1521665469305873,2.5464108517139588
228,2003.10.30.02.29.46,False,0.21043459162774591,-0.114790087890625,0.07640725219105615,0.358,-0.52,0.1378992239964245,0.878,2.5938091293250487,1.1164803756498787,0.04436301572195389,1.1492288595469633,2.981527980548371
229,2003.10.30.02.39.46,False,0.2435947741882769,-0.113459326171875,0.0768955210729326,0.3835,-0.5985,0.13707412920351558,0.982,2.7984860554818534,1.5137476785487238,-0.010955187590619152,1.1517572004961192,3.22279159584714
230,2003.10.30.02.49.46,False,0.22432611122691026,-0.11264584960937499,0.07677982025374824,0.35,-0.493,0.1363372862951263,0.843,2.566717356626958,1.3886236562278342,0.04245089181135098,1.1504724684165808,2.9531517806052427
231,2003.10.30.02.59.46,False,0.24069199574762823,-0.1142899658203125,0.07582761253122333,0.40049999999999997,-0.5455,0.13716467662567708,0.946,2.916087775974288,1.3157231346884686,0.0033201423784611495,1.149722472440919,3.3535356373208693
232,2003.10.30.03.09.46,False,0.23171617167268915,-0.1128808837890625,0.07572288689274535,0.366,-0.503,0.1359464411461299,0.869,2.684419621464142,1.2204976015548166,0.012985451535771343,1.1507342528486368,3.0932789861981966
233,2003.10.30.03.19.46,False,0.25041343878208305,-0.11299125976562499,0.07672804283657633,0.3525,-0.5625,0.13659210303345914,0.9149999999999999,2.577242605715061,1.37244031502525,-0.007993819386539317,1.1533026883606765,2.9737493786060165
234,2003.10.30.03.29.46,False,0.17834170619525835,-0.114273828125,0.07743314944684779,0.3015,-0.5820000000000001,0.13805569231658502,0.8835,2.1797101106411176,1.1763609656160179,0.012110838241932521,1.1520956796180535,2.5128787069791665
235,2003.10.30.03.39.46,False,0.24170889396216794,-0.1132147216796875,0.07698175882216851,0.38949999999999996,-0.524,0.13692160151563576,0.9135,2.8368387208151753,1.3176356102642885,0.026901384050842733,1.152871413395243,3.2736266668460865
236,2003.10.31.00.09.46,False,0.1840147964662554,-0.11294189453125,0.08053880751775379,0.4615,-0.6655,0.13872428657658692,1.127,3.3255744882667333,1.8808441152796767,-0.026549066771225736,1.1606644250746863,3.860414738840084
237,2003.10.31.00.19.46,False,0.2337554128531666,-0.1137065673828125,0.07985688315827552,0.4455,-0.5529999999999999,0.13895661964383998,0.9984999999999999,3.1954397355893405,1.8496353749868435,0.05610650450136587,1.1557169080609562,3.697088496107636
238,2003.10.31.00.29.46,False,0.17506173942800896,-0.11439333496093751,0.07836536265954652,0.2965,-0.563,0.13866790447181254,0.8594999999999999,2.136686243026154,1.4999633125166918,-0.020369975791606744,1.1522727090670783,2.462759787433593
239,2003.10.31.00.39.46,False,0.2333082140617172,-0.1125715087890625,0.0806548660568044,0.36,-0.6114999999999999,0.13850097373084658,0.9715,2.59487187850816,1.8654776532723498,-0.019341314565432054,1.1606762451429111,3.0134306323404703
240,2003.10.31.00.49.46,False,0.08298351379026347,-0.11280295410156249,0.07959087692116834,0.5605,-0.5885,0.13806823969979232,1.149,4.057122528984461,1.8845548294985144,0.04687752598693401,1.1567245734655387,4.69495145505903
241,2003.10.31.00.59.46,False,0.25044795939587083,-0.114229638671875,0.07999411239833278,0.4345,-0.6020000000000001,0.13946579933158693,1.0365,3.1038434966986563,2.084525274519826,0.03164003437761264,1.1552055720742647,3.587527554792218
242,2003.10.31.01.09.46,False,0.2550418543447243,-0.11362124023437498,0.08121707758292568,0.3745,-0.6065,0.13967242938793287,0.981,2.6765863219496304,1.9298539100109888,0.004833496077797414,1.157994845014398,3.100013059455192
243,2003.10.31.01.19.46,False,0.19839836898379548,-0.11340810546874999,0.08056304304181477,0.321,-0.6005,0.13912684600414,0.9215000000000001,2.3029762439195425,1.7093236135856111,0.012953429491661887,1.1576851806124995,2.6683622339377058
244,2003.10.31.01.29.46,False,0.21160541329818977,-0.1143556884765625,0.07976996972370014,0.4615,-0.5735,0.1394379071370883,1.0350000000000001,3.305545213576992,2.080804781009695,-0.02656181037977947,1.1568028654904026,3.825495471842407
245,2003.10.31.01.39.46,False,0.15651038792329236,-0.1133120361328125,0.08078721302475206,0.482,-0.6725,0.13917344111190139,1.1545,3.454534143358657,2.333632733407314,0.04470984134185775,1.157051136413788,4.001605467613698
246,2003.10.31.01.49.46,False,0.21585800631164787,-0.11372451171875,0.08105071694253341,0.4295,-0.607,0.13967262830666088,1.0365,3.0600857361857248,2.225116711889915,0.09910621855069861,1.156546394315538,3.543658132778347
247,2003.10.31.01.59.46,False,0.20840284323976682,-0.1138395263671875,0.0787004876952393,0.4525,-0.5395,0.1384097766773797,0.9919999999999999,3.2608062603123216,1.6263744198867296,-0.020322137111282,1.155749143325143,3.772473047890582
248,2003.10.31.02.09.46,False,0.24503867983733563,-0.11318842773437499,0.07992360618751479,0.4395,-0.5945,0.1385763167035306,1.034,3.1670002897682377,1.8355596286754716,0.04211165794801852,1.1575470636382028,3.6686584843406465
249,2003.10.31.02.19.46,False,0.2250987014495185,-0.1135993896484375,0.08057069954697649,0.3575,-0.626,0.13928723068366283,0.9834999999999999,2.5625059552346157,2.029319402941549,-0.01266665762088915,1.1586040058210727,2.970261504794319
250,2003.10.31.02.29.46,False,0.19669228405260192,-0.11380146484375,0.07991420000922128,0.47150000000000003,-0.603,0.13907098514631022,1.0745,3.384396129689474,2.124834261847247,0.0747099556871126,1.152977440497922,3.9063635705465494
251,2003.10.31.02.39.46,False,0.1333038105209402,-0.11339699707031249,0.07937006525277773,0.5235000000000001,-0.64,0.13844128656915977,1.1635,3.770817184526112,2.0461944275470354,0.016468489574689417,1.156232301701492,4.363302021156999
252,2003.10.31.02.49.46,False,0.26742439472296287,-0.11354941406249999,0.08095776895881254,0.4075,-0.602,0.1394771811741459,1.0095,2.9134330283282615,2.051062919503975,0.016923679933655802,1.1582192417409098,3.376617925282945
253,2003.10.31.02.59.46,False,0.1241562949697882,-0.1144523193359375,0.08063757833065448,0.5105,-0.6925,0.14002452426123024,1.203,3.630337143038531,2.4387681332968043,0.05806588303147008,1.1568418389478092,4.204960129905036
254,2003.10.31.03.09.46,False,0.2526890060550214,-0.11338732910156249,0.07920992610330008,0.4,-0.6054999999999999,0.1383309766349839,1.0055,2.8843657045414863,2.128968022422121,0.01841498334573151,1.1550066965497963,3.334286979362486
255,2003.10.31.03.19.46,False,0.21052394370448319,-0.11315205078125,0.07971652222510742,0.364,-0.649,0.13842676034896154,1.013,2.6272845103712106,1.6508931315037723,-0.04357804043401699,1.1583168329059275,3.044172154042222
256,2003.10.31.03.29.46,False,0.18943834681926147,-0.114580615234375,0.08106971362274726,0.503,-0.613,0.1403717864991766,1.116,3.571829262971547,2.2403676436379643,0.01686015317219111,1.157130625757346,4.136320091887455
257,2003.10.31.03.39.46,False,0.2594995374159529,-0.113280322265625,0.07975051537646623,0.39549999999999996,-0.6105,0.13855739093497604,1.006,2.8482500117280507,1.7423418142691456,-0.011548768754978199,1.158110928374581,3.3008522339246804
258,2003.10.31.03.49.46,False,0.1940034644386776,-0.11327724609375,0.08013445292150712,0.3515,-0.6345000000000001,0.13877945852512716,0.986,2.527088138430941,1.7637591215080102,-0.07573404057018338,1.159965333988039,2.933748963637952
259,2003.10.31.03.59.46,False,0.17065303785038188,-0.11430446777343749,0.08171365337741152,0.375,-0.646,0.14051553599629793,1.021,2.665601094912244,1.957721180388349,-0.0921612959985992,1.1609935924422805,3.095288729514495
260,2003.10.31.04.09.46,False,0.2120174235745676,-0.11757663574218752,0.08195260576206784,0.4275,-0.6185,0.14331967170054977,1.046,2.959336471481864,1.9886049468226301,0.05934423631342856,1.1539114729233044,3.414687949230397
261,2003.10.31.04.19.46,False,0.23945013011871447,-0.113141845703125,0.07823901991321221,0.39049999999999996,-0.5954999999999999,0.13757023417990058,0.986,2.833930973745246,1.6336132561431662,-0.03139522391852149,1.1564146673451066,3.278966158347727
262,2003.10.31.04.29.46,False,0.2557830584970907,-0.1130344970703125,0.07881441393588515,0.36150000000000004,-0.575,0.13783102514814027,0.9365,2.6218355852923656,1.554542722872315,0.010808300341661935,1.1544771135352232,3.027721501538889
263,2003.10.31.04.39.46,False,0.22407902752558212,-0.11356533203125,0.08174781510799507,0.44699999999999995,-0.6174999999999999,0.13994299266614169,1.0645,3.1861175791377625,2.304111726631008,0.028071766742797828,1.1597540125656471,3.6980512468723727
264,2003.10.31.04.49.46,False,0.24701707852376803,-0.1134176513671875,0.07901421677961915,0.347,-0.575,0.1382466041292137,0.9219999999999999,2.5042087121430803,1.754144118141752,-0.0022859991380098643,1.1540623696797498,2.891706835238114
265,2003.10.31.04.59.46,False,0.2562864052679011,-0.1141834716796875,0.07994291667214953,0.375,-0.581,0.13939360533638667,0.9560000000000001,2.6881594972601137,1.8857788925091823,-0.004596654050329378,1.1556135019741949,3.107704294594975
266,2003.10.31.05.09.46,False,0.2108904951062836,-0.11260437011718749,0.08123654930447877,0.35750000000000004,-0.6385000000000001,0.13885814515094458,0.996,2.5714474571413892,1.6215306143541839,-0.03714165298530332,1.1625215707673622,2.9901040875216474
267,2003.10.31.05.19.46,False,0.16593459017856943,-0.1137746337890625,0.08149218881777891,0.5175000000000001,-0.5945,0.1399665749915388,1.112,3.68276950142274,2.4124728605531187,0.040791501081671386,1.1593610544783641,4.274163012975425
268,2003.10.31.05.29.46,False,0.25247851932767884,-0.1137140625,0.08020693534717077,0.40900000000000003,-0.6045,0.1391596222556591,1.0135,2.935394453585343,1.8196914226909202,-0.03097153493801129,1.157259531206304,3.398452919788043
269,2003.10.31.05.39.46,False,0.26740438040600845,-0.113578955078125,0.07954149607234282,0.4175,-0.5835,0.1386725064639936,1.001,3.001928385948995,1.7140938130169312,0.006679269979800135,1.1563872050940396,3.4757110634316395
270,2003.10.31.05.49.46,False,0.1692243611796117,-0.1194802978515625,0.0796750584323316,0.4385,-0.5505,0.143627217386104,0.989,3.023791608804813,1.8467694655041957,-0.03830677148216721,1.1505582127006804,3.4733210750474677
271,2003.10.31.05.59.46,False,0.2564707398959581,-0.11463413085937499,0.08019929678806714,0.3675,-0.569,0.139909660061024,0.9365,2.6238495935076287,1.6577868815898267,0.004815403157126245,1.156965629806138,3.0366914324669105
272,2003.10.31.06.09.46,False,0.17736115380711676,-0.11320834960937501,0.08127661679334444,0.41900000000000004,-0.6895,0.1393744946617979,1.1085,3.005049616472505,2.200048968995254,-0.06299936566285702,1.161416022574648,3.4903020255281696
273,2003.10.31.06.19.46,False,0.251219947944606,-0.11279165039062501,0.08228731269159874,0.4065,-0.587,0.13962480410015277,0.9935,2.9065065611927645,1.8554851386219444,0.005732813812293389,1.1629814129841192,3.3814953336108102
274,2003.10.31.06.29.46,False,0.25795731780583264,-0.11435393066406249,0.08049093582842781,0.398,-0.631,0.13985099986234595,1.029,2.8405206187103342,1.6879040035890402,0.03623155440342983,1.1566693789031741,3.2870395517800386
275,2003.10.31.06.39.46,False,0.2265330750091969,-0.1134530517578125,0.08041838367175594,0.442,-0.6675,0.13908002499747413,1.1095000000000002,3.172261211482373,1.8788088456070793,-0.005743953271749945,1.1589518637352412,3.6791682289414385
276,2003.10.31.06.49.46,False,0.1569448441364526,-0.11286984863281252,0.0813379497262019,0.4355,-0.7235,0.13915469445374556,1.159,3.127566780958932,2.247239999777265,0.01139772136441295,1.160109662979735,3.6292717467336324
277,2003.10.31.06.59.46,False,0.20932205975426238,-0.1140808837890625,0.08191407882557729,0.41600000000000004,-0.6615,0.14046423332544333,1.0775000000000001,2.954227736121155,2.3161404259282823,-0.030494475306848103,1.1590253533365562,3.427505724219234
278,2003.10.31.07.09.46,False,0.2654708311441759,-0.11360937500000001,0.08029016950738158,0.40850000000000003,-0.5820000000000001,0.1391324665119526,0.9904999999999999,2.92736207036897,1.9361186507698682,0.00850128846031336,1.1575873209470666,3.3928806019397033
279,2003.10.31.07.19.46,False,0.23409029021135547,-0.1132093505859375,0.08050590375533391,0.34199999999999997,-0.5589999999999999,0.13893643318823926,0.901,2.45822176415787,1.6948133077014225,-0.0021355424093336337,1.1584580524862527,2.8493317597867387
280,2003.10.31.07.29.46,False,0.260894390542855,-0.1138924560546875,0.07973991117052469,0.403,-0.5680000000000001,0.13904628705376457,0.971,2.8949534773775563,1.6806614533236335,-0.00619943692528524,1.1566698348225968,3.350199914081434
281,2003.10.31.07.39.46,False,0.2201177319603811,-0.113434716796875,0.07923972682087768,0.371,-0.585,0.13838000479000476,0.956,2.6802746066750185,1.9478346530608208,-0.05142394468998504,1.1581637510633271,3.1048556432977295
282,2003.10.31.07.49.46,False,0.14252874499300255,-0.113242919921875,0.08247470253955472,0.5275,-0.6225,0.14012364840968494,1.15,3.7534886070385856,2.4447608614386427,0.02249206516315982,1.1603312689407304,4.359841509330316
283,2003.10.31.07.59.46,False,0.1974504682434448,-0.11457932128906251,0.07966105382081612,0.375,-0.6335,0.13956978418091562,1.0085,2.682229516828146,1.984508766729335,-0.07634343695610847,1.155196430861858,3.1014084572231795
284,2003.10.31.08.09.46,False,0.20084878468983103,-0.11275766601562501,0.0798532083851308,0.474,-0.5489999999999999,0.13819467623182208,1.023,3.4224588120390624,1.9909045332267539,0.04433255122511269,1.1574236715975221,3.9674930640951835
285,2003.10.31.08.19.46,False,0.2481521444725811,-0.1137103759765625,0.07942316684585127,0.3915,-0.6485,0.13872226275865207,1.04,2.811484280042361,1.8439730019048133,-0.0012220245319855758,1.1555998122407816,3.2512921202177076
286,2003.10.31.08.29.46,False,0.24486271166418294,-0.11313828125,0.07946095963709715,0.4285,-0.581,0.13828731956235815,1.0095,3.0976615175798985,1.6895154079293935,-0.025429895134990443,1.1562462952189199,3.585745346198349
287,2003.10.31.08.39.46,False,0.24176134638061508,-0.11350629882812499,0.07937743446208982,0.4285,-0.58,0.1385190557790839,1.0085,3.090465828670599,1.8613658406748432,-0.027652280685339682,1.156267330930957,3.57449215743642
288,2003.10.31.08.49.46,False,0.24154584280285113,-0.11370200195312499,0.07982409861630715,0.3565,-0.5705,0.13893647190925557,0.927,2.5622044815834197,1.9079352368250397,0.03065286682222962,1.1554704786656205,2.9611833768743776
289,2003.10.31.08.59.46,False,0.21713568441276954,-0.1145708984375,0.08138822639155668,0.47,-0.6285000000000001,0.14054895087899633,1.0985,3.3380816050471975,2.1057430666426042,0.005339948002761746,1.1577330732573612,3.8659919397094584
290,2003.10.31.09.09.46,False,0.25053529315201306,-0.1141568359375,0.07872885447201952,0.3845,-0.532,0.13867920246510865,0.9165000000000001,2.766937434180601,1.5730594468576964,0.018190985653853207,1.1535484809342198,3.19298090505451
291,2003.10.31.09.19.46,False,0.2331477968044786,-0.11342812499999999,0.07852685588712927,0.36,-0.5665,0.13797095545202478,0.9265000000000001,2.60367046129602,1.6858131252954545,-0.03776352571514962,1.156136489118809,3.0122059407387156
292,2003.10.31.09.29.46,False,0.24292318175996003,-0.114512451171875,0.07939174176360389,0.375,-0.6385000000000001,0.13935397090509583,1.0135,2.6878169824946725,1.9127532056727046,0.008999455184821072,1.1535873479013405,3.1023810219824117
293,2003.10.31.09.39.46,False,0.23385056759057204,-0.1142194580078125,0.07963619791107694,0.3975,-0.6599999999999999,0.13926517276750605,1.0575,2.841455128836368,1.9731539793322233,-0.01861534219216144,1.1561709921997454,3.289439333723916
294,2003.10.31.09.49.46,False,0.23084079626247472,-0.113522509765625,0.07989753849184028,0.348,-0.5505,0.13883819397001798,0.8985000000000001,2.5072890564335695,1.7386033031589312,0.03741909323061625,1.1555943272166975,2.897093741570253
295,2003.10.31.09.59.46,False,0.26476627571351574,-0.11450654296875001,0.08041667386967313,0.39749999999999996,-0.575,0.13994387996943072,0.9725,2.838468075374291,1.6225234212192339,0.02100961536194576,1.156194211174809,3.2827580016687268
296,2003.10.31.10.09.46,False,0.19940688404441048,-0.1131621826171875,0.0797686615252163,0.3185,-0.5665,0.1384555836547196,0.885,2.3001687755792024,1.515516964217174,-0.0037684728462974854,1.1570548465890254,2.6614653285586773
297,2003.10.31.12.05.51,False,0.23021968372656015,-0.1126763916015625,0.08032105032840135,0.3735,-0.665,0.1383859796102927,1.0385,2.6957159635633867,1.8234014282647708,-0.01153240964671405,1.1595121255271204,3.1269236292089593
298,2003.10.31.12.11.44,False,0.24629561557863172,-0.1139929443359375,0.08031635248404696,0.3695,-0.5555000000000001,0.13945808357710024,0.925,2.645757900975358,1.488221458523593,-0.00021695398054134146,1.1576921106046916,3.0637911487675815
299,2003.10.31.12.21.44,False,0.1425701068523359,-0.11473532714843751,0.08087465830327491,0.482,-0.7115,0.1403849036173111,1.1935,3.4354854377340445,2.2090890071272162,-0.00941628792674919,1.1580055866971426,3.977639020123349
300,2003.10.31.12.31.44,False,0.25437161308784745,-0.1145650146484375,0.08002601734016027,0.38949999999999996,-0.5885,0.13977286384023208,0.978,2.7849736083028196,2.004665771607719,0.005077248709960021,1.15509136931166,3.2175057628542074
301,2003.10.31.12.41.44,False,0.26373800750177745,-0.1148634765625,0.08073559683382492,0.404,-0.5955,0.14041481748524282,0.9995,2.873441038076935,1.9258302417915987,0.037788434149544047,1.154394590541322,3.3193832330544764
302,2003.10.31.12.51.44,False,0.18918749495798254,-0.1147291748046875,0.07887039994487792,0.33799999999999997,-0.6595,0.13924296704847028,0.9975,2.4254414933233743,1.8260880851960093,-0.03685296910917167,1.1538193772848802,2.799203795713616
303,2003.10.31.13.01.44,False,0.22226270071758675,-0.116090576171875,0.07942560730189364,0.34550000000000003,-0.5855,0.140677193997652,0.931,2.4532611854724067,1.7195755682999367,0.00405321006828782,1.15355387610579,2.8316763062766173
304,2003.10.31.13.11.44,False,0.23539558419268058,-0.11604704589843749,0.07973137531201244,0.38349999999999995,-0.5495000000000001,0.1408131370721633,0.933,2.7223304413510037,1.4634188499701195,0.010818139842222785,1.1542455273670893,3.1427318590096007
305,2003.10.31.13.21.44,False,0.26203560718920293,-0.11439921875,0.08032341158807363,0.414,-0.56,0.13980668604201843,0.974,2.956474847169246,1.6435295206943752,0.015339866285208888,1.156241622950017,3.4209235504633604
306,2003.10.31.13.31.44,False,0.20602736014385548,-0.11442270507812499,0.07936487261301554,0.46499999999999997,-0.565,0.1392733061231352,1.0299999999999998,3.3372247569374682,1.9504193334726345,0.07784976077725057,1.15371225319873,3.8508387025348982
307,2003.10.31.13.41.44,False,0.21483963756839447,-0.11406638183593751,0.07957272394366352,0.3565,-0.6605000000000001,0.139098336532854,1.017,2.5584113788546974,1.9049852411287973,-0.024510438963593624,1.1553331674434173,2.957515415120131
308,2003.10.31.13.51.44,False,0.2184940750448373,-0.11405915527343749,0.07882994496846102,0.39649999999999996,-0.5589999999999999,0.1386843587448206,0.9554999999999999,2.8522913104383565,1.9495663901583087,0.08072204132642986,1.151746525208361,3.2888766825990423
309,2003.10.31.14.01.44,False,0.2534494450378088,-0.11425244140624999,0.07877991170420665,0.3735,-0.5825,0.13879817898326027,0.956,2.6892623417294326,1.5708699393634555,0.013197385342264313,1.153345130671653,3.1019530564742164
310,2003.10.31.14.11.44,False,0.25198684457734266,-0.11418947753906249,0.07958553320295395,0.364,-0.6014999999999999,0.1392108825647508,0.9655,2.6121523555220163,1.7299738404124025,0.03865583804747469,1.1543455973231005,3.0166893327058952
311,2003.10.31.14.21.44,False,0.20747885489351747,-0.113925830078125,0.07994355451316085,0.32699999999999996,-0.5555,0.13919071264781804,0.8825000000000001,2.34661643586099,1.4689156430562011,0.02498471347219068,1.1565553258431793,2.7146820898482202
312,2003.10.31.14.31.44,False,0.24318080490097965,-0.114285498046875,0.07930410889077777,0.414,-0.5565,0.13911786307486712,0.9705,2.9717014381230866,1.4317898193443686,0.04726362924804642,1.155160723018957,3.434196004889216
313,2003.10.31.14.41.44,False,0.24639386714493938,-0.1144507080078125,0.07942093778284416,0.452,-0.5785,0.13932038563343563,1.0305,3.238615843927156,1.8777190824684578,0.020475322899657034,1.1552697365583455,3.7440923917382714
314,2003.10.31.14.51.44,False,0.15644763145437007,-0.1125866455078125,0.08034869145619256,0.497,-0.6495,0.138329896376859,1.1465,3.584676996272097,2.0255290165346236,0.01135111118571551,1.1606299827099864,4.163376580398788
315,2003.10.31.15.01.44,False,0.23171695813065812,-0.11430783691406249,0.0806369289432862,0.34650000000000003,-0.553,0.13990039308730712,0.8995000000000001,2.477469821765443,1.6203297729861545,-0.0033290082730150477,1.157579723323133,2.8675042074380093
316,2003.10.31.15.11.44,False,0.2614611693144406,-0.1150156494140625,0.08102056011995318,0.4185,-0.6014999999999999,0.14069621331925913,1.02,2.9704525330447282,2.024541583827839,0.036248046808487644,1.1556476201424823,3.4344580426048603
317,2003.10.31.15.21.44,False,0.2656019180738767,-0.1141964111328125,0.08054960556503585,0.431,-0.58,0.139754832374661,1.011,3.0833314825593874,1.695400929640345,0.021698331370999222,1.156073376115565,3.564862288276564
318,2003.10.31.15.31.44,False,0.21341634876271826,-0.113801416015625,0.08051170647892877,0.454,-0.536,0.13940818207618288,0.99,3.2535024534458596,1.8399436239574452,0.07209912870846497,1.1551029738862695,3.7595931671474956
319,2003.10.31.15.41.44,False,0.25903887425311045,-0.1144944091796875,0.08177659398258572,0.392,-0.5894999999999999,0.14070489704362987,0.9814999999999999,2.785413455756029,1.8304050391708948,-0.009094538120833242,1.1596378092345443,3.2302387358222284
320,2003.10.31.15.51.44,False,0.2585018084625332,-0.11389179687499999,0.07984354421200973,0.40900000000000003,-0.581,0.13909735166875709,0.99,2.9397741964977477,1.660988957168131,-0.01811670497941412,1.158681769789961,3.4064672244022103
321,2003.10.31.16.01.44,False,0.11364103368214418,-0.12624995117187499,0.07805181273815748,0.332,-0.5920000000000001,0.14869118357517513,0.924,2.2707676761029774,1.4562480869054184,0.018741859382596548,1.1374730523254806,2.5960603227326637
322,2003.10.31.16.11.44,False,0.13264586563040415,-0.12767646484375,0.07996832646633685,0.4125,-0.636,0.15092725478441157,1.0485,2.7715896507522544,2.0547898604520616,0.019766287842139504,1.138571727677352,3.1675479036447944
323,2003.10.31.16.21.44,False,0.07110800619343383,-0.1143580810546875,0.08044499835095856,0.5565,-0.5660000000000001,0.13983279653963757,1.1225,3.9705827783244017,2.3507550366295793,0.1082884569446909,1.1550481967076247,4.592257402207662
324,2003.10.31.16.31.44,False,0.25766421676808704,-0.1138426513671875,0.08014273378076464,0.41100000000000003,-0.593,0.13923558542700915,1.004,2.947290591852466,1.9839400030136467,0.05206605488953097,1.1568923124913122,3.4117345794635137
325,2003.10.31.16.41.44,False,0.26393453075373835,-0.11533391113281251,0.08028083724668014,0.403,-0.6005,0.14054170592028145,1.0034999999999998,2.8618539298360943,1.8231240358167873,0.014886150153274581,1.154833787205872,3.307220898620531
326,2003.10.31.16.51.44,False,0.19859747065906314,-0.11400629882812502,0.08043084641894208,0.4895,-0.558,0.1395299887407926,1.0474999999999999,3.5038684528318345,1.6895507818621391,0.0334413897201214,1.158019542183387,4.060390254550395
327,2003.10.31.17.01.44,False,0.20029960383375933,-0.11421416015625,0.08182942511853747,0.47750000000000004,-0.6599999999999999,0.14050985475339495,1.1375000000000002,3.392801978728074,2.02264616519279,0.03483889687507817,1.1598926103006306,3.9366350646059156
328,2003.10.31.17.11.44,False,0.23728715808341005,-0.11528110351562498,0.08029278916246466,0.4335,-0.6054999999999999,0.14050173311453118,1.039,3.0800137334305235,1.6399353413139366,0.05625164742602928,1.1552844454413167,3.559816967129353
329,2003.10.31.17.21.44,False,0.24834687797302396,-0.11330595703124999,0.08149628176566448,0.39549999999999996,-0.603,0.13959306713661107,0.9984999999999999,2.8301989700737513,1.9781556367130873,0.04400879825543491,1.1602597198610538,3.285495085960631
330,2003.10.31.17.31.44,False,0.21786952760158046,-0.1135236083984375,0.0813610538946849,0.442,-0.647,0.13968878754968528,1.089,3.1604472747841994,2.37732027782156,0.022459909083290007,1.1596336309832007,3.667176024510608
331,2003.10.31.17.41.44,False,0.2544539395381609,-0.114832568359375,0.08129714703196513,0.43100000000000005,-0.5700000000000001,0.1407204472753696,1.001,3.0613504620215153,1.9017970008506553,0.03633824369919493,1.1574612600817413,3.5440303135964824
332,2003.10.31.17.51.44,False,0.21143307088383334,-0.11387084960937502,0.0811124520647035,0.471,-0.5685,0.13982623534080144,1.0394999999999999,3.355564265278744,2.1412713771487932,0.06726518821513437,1.1573868114091745,3.8886827682817633
333,2003.10.31.18.01.44,False,0.23462138684707484,-0.113872900390625,0.08134577936886475,0.42100000000000004,-0.5395000000000001,0.13997123458141836,0.9605,3.0017943612770033,1.6834263972250496,0.05778332534387236,1.1598069122980996,3.4844831765608038
334,2003.10.31.18.11.44,False,0.23886325770330008,-0.11570493164062501,0.08141035841975286,0.4285,-0.5965,0.1414821616464948,1.025,3.030864154955363,1.9146553378680027,-0.021224946438456856,1.1592074495465248,3.5128332115137235
335,2003.10.31.18.21.44,False,0.26076641574876475,-0.113919580078125,0.08126781250337495,0.38849999999999996,-0.5685,0.1399489759501108,0.957,2.772734914712366,1.5910916252223077,0.014707392212330896,1.1598892187221765,3.2188136748754483
336,2003.10.31.18.31.44,False,0.24915647180410117,-0.1146133056640625,0.0810296731424919,0.4465,-0.583,0.140370058588075,1.0295,3.1738104619117875,1.9881490063156475,0.05183759904444211,1.1568304009361883,3.6752759058707563
337,2003.10.31.18.41.44,False,0.24770879148818065,-0.11477038574218751,0.081592786407362,0.436,-0.62,0.14083657378166103,1.056,3.092839047048914,1.8828214034858868,0.017105600655098446,1.1595431234788387,3.5877766157697764
338,2003.10.31.18.51.44,False,0.16228879203472046,-0.11361923828125,0.08238998202613076,0.46499999999999997,-0.6845,0.14035423387973198,1.1495,3.3076107183477523,2.4850983720388817,0.05586986502374012,1.1623134498802439,3.8469374864741015
339,2003.10.31.19.01.44,False,0.11493814545971326,-0.11383583984375001,0.08151347020601765,0.5005,-0.6214999999999999,0.1400383688843529,1.1219999999999999,3.5665283372296,2.5709923830495858,0.09985170123043248,1.1581287551146153,4.135049490372021
340,2003.10.31.19.11.44,False,0.24178409805296142,-0.11548850097656249,0.079463526156993,0.393,-0.6325000000000001,0.14019413091746297,1.0255,2.797682981351241,1.785272643239153,0.0015464470533341906,1.1537972754072938,3.2286983228244104
341,2003.10.31.19.21.44,False,0.2510911034587735,-0.11424479980468749,0.08043310459744166,0.39649999999999996,-0.6565,0.13973169870657137,1.053,2.8299151291190867,1.8471872514133705,0.02349803725967718,1.1565659650603384,3.274782180317466
342,2003.10.31.19.31.44,False,0.2668382776837428,-0.11406284179687501,0.07996295770212497,0.392,-0.591,0.13930800720598918,0.9829999999999999,2.811891791460776,1.7464708202304031,0.024164209796011603,1.1553226273363428,3.2495530690639134
343,2003.10.31.19.41.44,False,0.24497377979415363,-0.11526254882812499,0.08154275334929167,0.39449999999999996,-0.5705,0.14120921169323639,0.965,2.786252998183693,1.7357084519557149,0.04747943179846153,1.1571593024512516,3.225972201588124
344,2003.10.31.19.51.44,False,0.25932944264772784,-0.1137830810546875,0.08152298217114742,0.39549999999999996,-0.603,0.13998658578080259,0.9984999999999999,2.823566693520755,1.6275676240901342,0.007291150719448053,1.1602135949303636,3.276250383489761
345,2003.10.31.20.01.44,False,0.256871112411614,-0.11399765625000001,0.08032855271655653,0.4235,-0.5565,0.13946429379563138,0.9800000000000001,3.0327647070259527,1.761437266635899,0.02374473838853779,1.157326966035996,3.5113078694958824
346,2003.10.31.20.11.44,False,0.25345954586612973,-0.1148132080078125,0.07999301556205574,0.43500000000000005,-0.5854999999999999,0.13994301050467958,1.0205,3.1006279845172315,1.5744721929818986,0.034929209080224385,1.156755085392032,3.589326239972896
347,2003.10.31.20.21.44,False,0.2305242583213884,-0.11401779785156249,0.08183775603667254,0.4405,-0.6639999999999999,0.1403601472866154,1.1045,3.133361610299713,2.0317849931338796,-0.004458803636805057,1.161585135407273,3.6414497995846693
348,2003.10.31.20.31.44,False,0.26235823793214863,-0.11394841308593749,0.08093394761132837,0.4275,-0.631,0.1397855158005129,1.0585,3.051338500753345,1.7083883243715925,0.017228096287815093,1.1591865620479096,3.5399788358844884
349,2003.10.31.20.41.44,False,0.25226522318441635,-0.1152188720703125,0.08051247839528028,0.3945,-0.635,0.14056956303985302,1.0295,2.804945877003404,1.95872409118099,0.026888534858450667,1.1557090738548323,3.242544251333659
350,2003.10.31.20.51.44,False,0.22007671441411814,-0.11445703125000001,0.08171121655922936,0.3835,-0.6765,0.14063923597042405,1.06,2.721287611053512,2.151704052372347,0.011039922061138942,1.158554403065441,3.1537697043354846
351,2003.10.31.21.01.44,False,0.24804322721981764,-0.11406557617187499,0.08239383616852902,0.393,-0.6054999999999999,0.14072495038755845,0.9984999999999999,2.7860153004833794,2.1340188970102565,0.02220481009086478,1.1601014009600532,3.2348542479218723
352,2003.10.31.21.11.44,False,0.22005098704827525,-0.1149250244140625,0.08151881775313714,0.4405,-0.6154999999999999,0.14090729728790147,1.056,3.121511351949918,2.148686020489263,0.06750071908350361,1.157065532912121,3.6142816462809075
353,2003.10.31.21.21.44,False,0.22346320397502734,-0.11396662597656251,0.08078357756980575,0.337,-0.5994999999999999,0.13971096560072782,0.9365,2.408111114432538,1.7003550216028072,-0.01718457731282995,1.159367560171641,2.7933011293151147
354,2003.10.31.21.31.44,False,0.25927926027920223,-0.1141375,0.08068769270906398,0.402,-0.57,0.13978916520941692,0.972,2.8705904190255493,1.63429734765378,-0.0014166939341501636,1.1590588191127158,3.329451189489938
355,2003.10.31.21.41.44,False,0.23471658241289978,-0.115431103515625,0.08124673698040044,0.4575,-0.603,0.14116654803876838,1.0605,3.2352464279063398,1.7482851631872314,0.017990128204361265,1.1564435785212646,3.7449896206757183
356,2003.10.31.21.51.44,False,0.25841353658842864,-0.1142579833984375,0.08137820352737704,0.40549999999999997,-0.6114999999999999,0.14028331285158577,1.017,2.886879045639076,1.5844251892732553,-0.007177750301063135,1.1593502432609473,3.3481093868414673
357,2003.10.31.22.01.44,False,0.26703794128302233,-0.113703173828125,0.0816716889238297,0.41100000000000003,-0.6165,0.14000911598954457,1.0274999999999999,2.931213322542413,1.7298422768845847,0.03013016614745441,1.1608896544409135,3.403826047524004
358,2003.10.31.22.11.44,False,0.13773015359180207,-0.11475996093749999,0.08308225622701726,0.5189999999999999,-0.62,0.14169826364653915,1.139,3.6599775962659966,2.3372693499130497,0.0501828389652227,1.1601737984271128,4.247238731540925
359,2003.10.31.22.21.44,False,0.09012966041006443,-0.1139923583984375,0.0820402254926278,0.5675,-0.563,0.14045209178993992,1.1305,4.034983367802146,1.9467395547055308,0.03920013516006582,1.1611471930203485,4.689091074162149
360,2003.10.31.22.31.44,False,0.17690237213532733,-0.11402687988281249,0.08113666138870079,0.40900000000000003,-0.7395,0.13995153302224211,1.1484999999999999,2.9197174316048633,2.151257119477801,-0.004762250744469971,1.158050228329517,3.3815202957177917
361,2003.10.31.22.41.44,False,0.23633371346808246,-0.11419833984375001,0.08170001200558505,0.4445,-0.602,0.1404296716548457,1.0465,3.163910611866325,1.881457702650358,-0.012043939231673361,1.160890350040947,3.6742237727152416
362,2003.10.31.22.51.44,False,0.22343462744014186,-0.113709912109375,0.08243162330569449,0.426,-0.6114999999999999,0.14045021826928164,1.0374999999999999,3.0310910240801454,2.2706432066724136,0.056296669408408564,1.1615038103811481,3.521243135852388
363,2003.10.31.23.01.44,False,0.25781269193694106,-0.11417583007812501,0.08196377614810363,0.432,-0.5700000000000001,0.1405580094174608,1.002,3.069705153494521,1.729139295583849,0.016671060549313124,1.160842876557965,3.565034045018709
364,2003.10.31.23.11.44,False,0.24788521223862647,-0.11483745117187502,0.08312912247992418,0.41000000000000003,-0.608,0.1417875180357096,1.0179999999999998,2.8818334737311426,1.8491200952812363,0.02164649239477933,1.1622256657159284,3.3529833595017853
365,2003.10.31.23.21.44,False,0.22998995796454647,-0.1138713623046875,0.0823335174546441,0.41900000000000004,-0.6165,0.1405269490435389,1.0354999999999999,2.981129661865473,2.3300096937053065,-0.0018389690452929389,1.162040023233233,3.4645502732759867
366,2003.10.31.23.31.44,False,0.23216248272082773,-0.1137275146484375,0.08346162646245345,0.405,-0.5885,0.14107495280903587,0.9934999999999999,2.867610340785463,1.742674227409906,0.04306313535890751,1.164209027161018,3.341407698306339
367,2003.10.31.23.41.44,False,0.20405331747158784,-0.1148779052734375,0.08144484184263723,0.39549999999999996,-0.7130000000000001,0.14082892190678337,1.1085,2.804820208316068,1.8347888152709242,0.03330001594435179,1.1580150251100867,3.250734119678766
368,2003.10.31.23.51.44,False,0.22362455799233727,-0.11374890136718752,0.0825631852304329,0.398,-0.6910000000000001,0.14055811757050807,1.089,2.8301689470122797,1.8008586764763552,-0.013547182507504602,1.1634221041594859,3.292885912497629
369,2003.11.01.00.01.44,False,0.21651469022928388,-0.1137298583984375,0.08325246661138949,0.40049999999999997,-0.6945,0.14095520884263535,1.0950000000000002,2.837197994255007,1.7950118874183905,0.0059951354116873495,1.1637251793625083,3.3031621528920247
370,2003.11.01.00.11.44,False,0.2344435001966188,-0.11514343261718751,0.08170335407872642,0.41500000000000004,-0.624,0.1411907424330986,1.0390000000000001,2.9380839129928358,2.0053460150720355,0.06801949252396675,1.1569752651597822,3.400154998193631
371,2003.11.01.00.21.44,False,0.2370358124921354,-0.11383295898437501,0.08133650795332471,0.4165,-0.5740000000000001,0.13991146418269834,0.9904999999999999,2.975565587123306,2.1044520666798383,0.06864679746860176,1.1576872519506036,3.445426271918865
372,2003.11.01.00.31.44,False,0.2387608175392319,-0.1144320556640625,0.08068592095338106,0.371,-0.5900000000000001,0.14002792055591617,0.9610000000000001,2.6487213843664366,1.8912763031153728,-0.03200141236577818,1.1571504969686637,3.0652034071154173
373,2003.11.01.00.41.44,False,0.20645710785412835,-0.11498681640625,0.08102031217298794,0.4605,-0.624,0.14067005738445792,1.0845,3.2718641027104898,2.395165195733417,0.054757155902551535,1.1571196746301236,3.786515871863579
374,2003.11.01.00.51.44,False,0.24409380061300534,-0.11340263671875,0.0824968399402791,0.4115,-0.651,0.14024651844832964,1.0625,2.931543217510941,1.94968418795805,0.03391141775361245,1.1605037726514384,3.404020384664823
375,2003.11.01.01.01.44,False,0.24690425430936702,-0.11435280761718752,0.08147787204392987,0.442,-0.5625,0.14041723642938664,1.0045,3.143763953076903,1.6666899789757745,0.022780162134020683,1.1591182549558077,3.64614858216987
376,2003.11.01.01.11.44,False,0.245943101780292,-0.115249853515625,0.080635758350808,0.4225,-0.5640000000000001,0.14066426760197598,0.9865,3.0032680225627337,1.954636977973712,0.03748946798418977,1.1558580863284205,3.47146628611198
377,2003.11.01.01.21.44,False,0.24253511180163728,-0.113663818359375,0.0824046036577398,0.4115,-0.5860000000000001,0.14039806907566005,0.9974999999999999,2.927665165506319,1.8679594961543304,-0.019597171841580358,1.1631609760436774,3.4067842560103707
378,2003.11.01.01.31.44,False,0.26223617983544795,-0.1137458740234375,0.08212431091824286,0.425,-0.6055,0.14030328114278334,1.0305,3.027372784738289,1.741009274551356,0.029704203820766703,1.1606951290018626,3.515140763486972
379,2003.11.01.01.41.44,False,0.23575559059055223,-0.1152435791015625,0.08192697269822999,0.403,-0.6325000000000001,0.1413996303148871,1.0355,2.8488984159393445,1.975023412737087,0.04744848186792267,1.1575243936307789,3.2980661979395896
380,2003.11.01.01.51.44,False,0.23670018992379271,-0.11398754882812501,0.08186995864484375,0.452,-0.565,0.14035054913201073,1.017,3.2160178011790137,1.6311932954970105,0.02003726206031011,1.161422591697066,3.7364072769542984
381,2003.11.01.02.01.44,False,0.2154480895292296,-0.11390700683593749,0.08298794026294573,0.422,-0.6555,0.14093842004596563,1.0775000000000001,2.9916243900610526,2.071943204453655,0.0025381835670740052,1.1644621200687442,3.484283406175006
382,2003.11.01.02.11.44,False,0.23249124512712172,-0.1147126953125,0.08175428772368179,0.3625,-0.6140000000000001,0.1408712170056196,0.9765,2.5708174284663814,1.5275160302838175,-0.011949171702019576,1.159244665014041,2.9817640046444374
383,2003.11.01.02.21.44,False,0.2514187746241359,-0.1143350341796875,0.08140219090427098,0.3905,-0.609,0.14036205000810875,0.9995,2.77857276095631,1.473826140217727,0.026804021393992794,1.1595799589962406,3.2231970593635397
384,2003.11.01.02.31.44,False,0.2033091642003434,-0.11378081054687499,0.08219553562572646,0.482,-0.6114999999999999,0.14036885704078117,1.0935,3.4320614248363848,1.9847655863779505,0.03568123169822105,1.1617002145612052,3.988069317441858
385,2003.11.01.02.41.44,False,0.23267371892479555,-0.114606787109375,0.08187351865851172,0.358,-0.6045,0.14085255647075762,0.9625,2.5413408849863117,1.8102910563925119,0.025690621525905552,1.1590296786405059,2.945591788015834
386,2003.11.01.02.51.44,False,0.1986523099935023,-0.11368740234375,0.08285649260387414,0.4525,-0.6555,0.1406864357319552,1.108,3.210929801748765,2.311005936452023,0.04556579260228575,1.1621772449790333,3.734535521312223
387,2003.11.01.03.01.44,False,0.24273391088596447,-0.11401979980468749,0.08106806947600789,0.436,-0.588,0.1399092285308844,1.024,3.1140760745875466,1.9235106978465195,0.05877051120907928,1.158485635398991,3.6097866760535124
388,2003.11.01.03.11.44,False,0.2524790292086935,-0.114971826171875,0.08083634850927279,0.387,-0.6375,0.1405654474582962,1.0245000000000002,2.752663396977108,1.8019844474345827,-0.0052952934770159055,1.157490567362463,3.1865135519635843
389,2003.11.01.03.21.44,False,0.18792625333706675,-0.11438913574218751,0.08175660937777374,0.46399999999999997,-0.6555,0.14061452690401252,1.1195,3.293246823241497,2.3136248204661705,-0.01692229835015504,1.1594877892963782,3.82176677382917
390,2003.11.01.03.31.44,False,0.2544129824083852,-0.1136162841796875,0.07999404289246262,0.425,-0.6325000000000001,0.13896683375237456,1.0575,3.0539900984184136,2.040694608353561,0.026542473312746048,1.1559355168154406,3.5316098376596567
391,2003.11.01.03.41.44,False,0.2481297009838513,-0.11507412109375001,0.08233160172101851,0.392,-0.624,0.14150596265218796,1.016,2.7670585695224323,1.900180771854906,0.007787532480492305,1.1589728355604605,3.208716975607409
392,2003.11.01.03.51.44,False,0.12604905727063076,-0.1137777099609375,0.08060921929887149,0.47750000000000004,-0.7424999999999999,0.13944992413156376,1.2200000000000002,3.41541671559453,2.1582523570897085,0.02206347341648586,1.1576324469993926,3.959261461066639
393,2003.11.01.04.01.44,False,0.26530251575525365,-0.11405380859375,0.08232863694355957,0.4125,-0.598,0.1406731456940237,1.0105,2.9329564502683434,1.7796455454723703,0.022442547499584367,1.1605050375041788,3.403498879102786
394,2003.11.01.04.11.44,False,0.14658852214832263,-0.11492927246093751,0.08224654710886611,0.5225,-0.5785,0.14133391060882994,1.101,3.68982084291705,2.1156709957604334,-0.0054770013766253026,1.1601922419926285,4.284499233061769
395,2003.11.01.04.21.44,False,0.2073951483200372,-0.1140502685546875,0.08163800389015637,0.4495,-0.685,0.14026756959426964,1.1345,3.206035389818518,1.8760410451307634,-0.004179055662301689,1.15991349316671,3.717845731619148
396,2003.11.01.04.31.44,False,0.1906188125190053,-0.11349682617187501,0.08367629027628767,0.4565,-0.631,0.14101615734713907,1.0875,3.2359708023571576,2.12111116277659,0.027628641748207443,1.1649872179212886,3.7707205206229135
397,2003.11.01.04.41.44,False,0.09677273740222891,-0.115327685546875,0.08253152607944822,0.5505,-0.609,0.14182521766807726,1.1595,3.8748269280883547,1.971946559465772,0.0026377976371038878,1.1610505666438775,4.502211363519626
398,2003.11.01.04.51.44,False,0.21415338422197527,-0.11349619140625,0.0834190472352315,0.397,-0.6505000000000001,0.1408683914205125,1.0474999999999999,2.820701786520959,1.9529691745825315,-0.03601129967684859,1.1636654613992934,3.2812353239349052
399,2003.11.01.05.01.44,False,0.060142550125517835,-0.113562109375,0.08414872807553919,0.5065000000000001,-0.7164999999999999,0.14134833188662033,1.2229999999999999,3.5785104238887593,2.546742052352293,0.028687631018635043,1.1659521843870766,4.178086359593994
400,2003.11.01.05.11.44,False,0.09107635586166263,-0.1117415771484375,0.08366482470851666,0.507,-0.6944999999999999,0.1396372878247928,1.2015,3.6466339221958535,2.3854427795061586,0.02453743941865698,1.1683553211715272,4.272699978890664
401,2003.11.01.05.21.44,False,0.14658662532524713,-0.1131380859375,0.08333536818464594,0.448,-0.6970000000000001,0.14053441316161092,1.145,3.1880431737806303,2.0092031530821064,-0.026700862752555066,1.1656552084331602,3.7159418691162642
402,2003.11.01.05.31.44,False,0.1963150648413295,-0.1143805419921875,0.08329924483998144,0.3905,-0.6665,0.14150941788801583,1.057,2.7612199731608404,1.5968153013560271,-0.016766744036227906,1.1637776466622063,3.2129375422519804
403,2003.11.01.05.41.44,False,0.2118145560876291,-0.11537426757812501,0.08238054158756843,0.382,-0.6519999999999999,0.14177538397855471,1.034,2.693423094623293,1.8101828562968354,0.06866663954771889,1.1570030509205915,3.1167828166158404
404,2003.11.01.05.51.44,False,0.19251985158386548,-0.11391098632812499,0.08388159546745483,0.4495,-0.6335,0.14147167717907091,1.0830000000000002,3.176091741855969,2.037870881150775,0.04462319885600973,1.1630248162050707,3.694331299790661
405,2003.11.01.06.01.44,False,0.24902032106427835,-0.1138259033203125,0.08313900065045111,0.393,-0.5934999999999999,0.14096007699386257,0.9864999999999999,2.7860960188181663,1.6875065196073784,0.008100246631589453,1.1625956967953333,3.2393690105376742
406,2003.11.01.06.11.44,False,0.196269593002037,-0.1147781005859375,0.08348952490276895,0.377,-0.6935,0.14193579818350827,1.0705,2.6563156230738567,1.8640742183591614,-0.005672815387343932,1.160986190696221,3.083809949353398
407,2003.11.01.06.21.44,False,0.20346711319712885,-0.11393996582031249,0.08334988809331274,0.4345,-0.6555,0.14117779581538994,1.0899999999999999,3.0780041105339695,1.8996735928737745,-0.02470921591033796,1.1645534090054546,3.5843846542792095
408,2003.11.01.06.31.44,False,0.21729688878430242,-0.113278125,0.0835252519293756,0.42000000000000004,-0.6335,0.14074392772615024,1.0535,2.97971708634201,2.0669921450244266,0.011882796594618118,1.1643698665159508,3.471181321009243
409,2003.11.01.06.41.44,False,0.2275233876057295,-0.1145461669921875,0.08328725406602408,0.38549999999999995,-0.5725,0.14163367844386449,0.958,2.72040138450608,1.9264559329188549,0.001451541295287996,1.1615533543010266,3.160858318057907
410,2003.11.01.06.51.44,False,0.21790307161490352,-0.111863525390625,0.08178438417875303,0.3675,-0.647,0.13857218903067714,1.0145,2.6489473910898287,1.7732107402798127,-0.01789809256428345,1.1632321895087623,3.081117738838784
411,2003.11.01.07.01.44,False,0.22254219951038307,-0.1137011474609375,0.08241413873559747,0.4405,-0.6715,0.1404348695153596,1.112,3.1358999140104293,2.091921506566913,0.0019463530118495505,1.1611935771119062,3.6434169054694774
412,2003.11.01.07.11.44,False,0.17833850138389912,-0.115286279296875,0.08160477339864289,0.33299999999999996,-0.653,0.141255464031171,0.986,2.3559107048027625,1.6057255161842323,-0.013482807965859059,1.158514456723659,2.7307339468201803
413,2003.11.01.07.21.44,False,0.25362883656790863,-0.11409929199218752,0.0828180653533582,0.40900000000000003,-0.6479999999999999,0.14099258855580837,1.057,2.8991244908791316,1.8301130236268208,0.018351676907347184,1.1615139385575004,3.3681057591647408
414,2003.11.01.07.31.44,False,0.24965893889749552,-0.11386025390625,0.08197014568027808,0.365,-0.5795,0.14029979108566593,0.9445,2.5992404771630264,1.7407313954984511,0.018877290919132393,1.161302115701862,3.019875816646882
415,2003.11.01.07.41.44,False,0.2195499236197463,-0.11456083984375001,0.08240805449075975,0.42000000000000004,-0.69,0.14113018906004143,1.1099999999999999,2.9721620398782163,1.8787882899110087,-0.01776775286487656,1.1613896363612082,3.4529408618401383
416,2003.11.01.07.51.44,False,0.23650096712992025,-0.11238977050781249,0.0819324363883162,0.40149999999999997,-0.6065,0.13909471736988405,1.008,2.887241709942142,1.7098372573342986,0.0721878181584917,1.1615421820489762,3.3549839327056388
417,2003.11.01.08.01.44,False,0.10386698236165715,-0.11268701171875001,0.08385880275640911,0.4295,-0.7505,0.14048294403720624,1.1800000000000002,3.0563894157006883,2.1702112140495857,-0.020772785526148953,1.1666913085832076,3.5684064026801336
418,2003.11.01.08.11.44,False,0.22026191770040726,-0.1138939453125,0.0831312576800954,0.4345,-0.6165,0.14101100697274158,1.0510000000000002,3.083201884270577,2.1566771841342764,0.008800920177629193,1.1632210229496867,3.5877536577956404
419,2003.11.01.08.21.44,False,0.211505853357224,-0.1141579833984375,0.08212839338386718,0.43300000000000005,-0.6785000000000001,0.14063534498044206,1.1115,3.0744876297220642,2.236738318154255,0.04133659916995656,1.1592101772191077,3.5656328321356536
420,2003.11.01.08.31.44,False,0.16395616616864894,-0.11406240234375001,0.08387983911657229,0.4395,-0.692,0.14159420579300452,1.1315,3.100007329849568,2.3984089313523724,0.0036205260196338924,1.1627053502292273,3.606404576611897
421,2003.11.01.08.41.44,False,0.23725688432478043,-0.1137252197265625,0.08293629574560434,0.394,-0.614,0.14077810149621198,1.008,2.798171664499269,1.8715798348048693,0.07133162272070616,1.159879623240935,3.246571267875008
422,2003.11.01.08.51.44,False,0.0005526874929452363,-0.113997216796875,0.08395049881575621,0.575,-0.723,0.1415738083658183,1.298,4.061455984710436,2.3490489844057945,0.059154221204459956,1.1614751885458714,4.717365142303829
423,2003.11.01.09.01.44,False,0.21044904556436683,-0.113591259765625,0.08365127825084498,0.4385,-0.5845,0.14107308337797184,1.0230000000000001,3.1083037269439853,1.9341308833587432,-0.01257412805971966,1.1634566082331927,3.616378949511601
424,2003.11.01.09.11.44,False,0.1928040459060264,-0.11507626953125,0.08387319363537338,0.372,-0.607,0.14239824656855896,0.979,2.6122509895259385,1.9635283978687972,-0.0009164192143344587,1.1610465653436637,3.0330899427782256
425,2003.11.01.09.21.44,False,0.26590370027779076,-0.11348520507812498,0.08195750280781897,0.405,-0.602,0.13998663078800092,1.0070000000000001,2.8918779368067473,1.7563665121814265,0.00185969885727001,1.1611346897887969,3.358114496927157
426,2003.11.01.09.31.44,False,0.21688159846123772,-0.11151813964843749,0.08192827442529926,0.3845,-0.53,0.1383790246625951,0.9145,2.7742403210552444,1.4667889551696995,0.0137426678453305,1.163686196600343,3.2276294249738076
427,2003.11.01.09.41.44,False,0.23539115670547717,-0.11549196777343751,0.08139857189472847,0.3825,-0.548,0.14129669707438086,0.9305,2.7053177519743445,1.6951562170474963,0.028557856173824205,1.1564505949062482,3.1285863929525988
428,2003.11.01.09.51.44,False,0.24252076608465478,-0.11453249511718751,0.08173987635418994,0.355,-0.581,0.1407125047857943,0.9359999999999999,2.5250566511208117,1.6008768706166987,-0.0034029611218047377,1.1600329403462895,2.9282035548946044
429,2003.11.01.10.01.44,False,0.240826421326803,-0.1142369140625,0.08300527840775473,0.39749999999999996,-0.569,0.1412164050473159,0.9664999999999999,2.812598704151241,1.778112749281192,0.01732381315700293,1.1624717713953117,3.2703932418019113
430,2003.11.01.10.11.44,False,0.23269204844364316,-0.114789111328125,0.08257964750878583,0.3805,-0.6575,0.14141441352387812,1.038,2.690019488703864,1.973130499505248,0.009108879585011942,1.1592388526658066,3.1185873569740648
431,2003.11.01.10.21.44,False,0.2522581208441436,-0.11371560058593749,0.08200660191432588,0.389,-0.5565,0.14021109413660493,0.9455,2.772404347862324,1.8231728742294497,0.015547091694740379,1.1600370601291279,3.217429524014158
432,2003.11.01.10.31.44,False,0.228320312211668,-0.1134420166015625,0.08225503273631737,0.39149999999999996,-0.5549999999999999,0.1401310193118489,0.9464999999999999,2.793148199544696,1.668698297968569,0.05974900404156837,1.1609712186169794,3.2433779809614496
433,2003.11.01.10.41.44,False,0.11355922273377816,-0.1150758544921875,0.08327815428388854,0.492,-0.696,0.1420495339233825,1.188,3.463099958451704,2.306900957935091,0.05678963532930083,1.1616250154932408,4.023223585081396
434,2003.11.01.10.51.44,False,0.22579663754031676,-0.11201279296874998,0.08229049963113813,0.4185,-0.648,0.1390050429334267,1.0665,3.0104514615773814,2.007569151493701,-0.016638946170512457,1.163302999366047,3.5017075805209883
435,2003.11.01.11.01.44,False,0.20738987761910294,-0.1129345458984375,0.08278740576785867,0.46399999999999997,-0.5945,0.1400433089367054,1.0585,3.3132805160065137,2.0087879275611247,0.039369147698310056,1.1629048079959778,3.8538158193924703
436,2003.11.01.11.11.44,False,0.15179741993228457,-0.1180103515625,0.08096812277177566,0.3675,-0.6935,0.14311631665169477,1.061,2.5677230347732842,1.8425573259260668,-0.03138799753560407,1.1514724068187305,2.956663188286866
437,2003.11.01.11.21.44,False,0.20950370230025944,-0.1114919921875,0.08311551635125188,0.3675,-0.5954999999999999,0.1390939009678338,0.963,2.6428188555160137,1.8462404344208476,0.018579457657904384,1.166057799585734,3.082593551532846
438,2003.11.01.11.31.44,False,0.2258978950685801,-0.11377158203125,0.08289768544778287,0.372,-0.5605,0.14077238027706984,0.9325000000000001,2.6422208378741185,1.853548135112733,0.03299074205230078,1.1611211503079324,3.0681394813380356
439,2003.11.01.11.41.44,False,0.24227987672776702,-0.11498603515625,0.08254053504562237,0.382,-0.5589999999999999,0.14154862164271817,0.941,2.6973693780703716,1.5989007562159143,0.027630301852698196,1.1583778491920298,3.1256912094877336
440,2003.11.01.11.51.44,False,0.21610896160327164,-0.1133793212890625,0.08410015154543612,0.387,-0.608,0.14116690473312676,0.9949999999999999,2.740991289206319,1.889269974077929,0.023518940623734774,1.165404366244525,3.1945194605483502
441,2003.11.01.12.01.44,False,0.22742875333529333,-0.11399304199218749,0.0843076048061866,0.4115,-0.623,0.14178586572336135,1.0345,2.901472317101346,1.8212959314527288,0.01238292547417829,1.1640457998309794,3.3777073796955417
442,2003.11.01.12.11.44,False,0.23337052259434443,-0.1146445556640625,0.08159115713794526,0.3845,-0.544,0.14072177714262266,0.9285,2.7305598247308644,1.5367259356485174,0.03836078452503826,1.1579675099885296,3.163830855442833
443,2003.11.01.12.21.44,False,0.20823390813240938,-0.1140593994140625,0.08243730956695267,0.481,-0.5985,0.14073601636470917,1.0795,3.4156445247239056,1.8049586943759977,0.03784118348328088,1.160393320141043,3.9664715872068452
444,2003.11.01.12.31.44,False,0.23543987473814165,-0.113908642578125,0.08345678640681636,0.39449999999999996,-0.63,0.14121497336405314,1.0245,2.790319905061068,1.8383653532418514,0.029190319231460062,1.164608751366015,3.2510052010989448
445,2003.11.01.12.41.44,False,0.17403641324373126,-0.1147105712890625,0.08478931201081913,0.4455,-0.6114999999999999,0.1426523549412888,1.057,3.1198213648097717,2.166111202778681,0.044914052851522834,1.1649820348379187,3.6363366793227163
446,2003.11.01.12.51.44,False,0.16430013435807633,-0.113974951171875,0.08456928313076048,0.4555,-0.679,0.14192380393261905,1.1345,3.2091997698785693,2.1078539551039093,0.025413985722930736,1.1634127181656422,3.733857478010882
447,2003.11.01.13.01.44,False,0.1775478302390034,-0.113944677734375,0.08186048083447708,0.32,-0.6105,0.14030491391554112,0.9305,2.2810621636656983,1.6410848462251244,0.03890718149196206,1.1582215468099568,2.6418864777901003
448,2003.11.01.13.11.44,False,0.21546549962641875,-0.11485888671875,0.0824541790273953,0.4125,-0.6895,0.14139493855871577,1.1019999999999999,2.9148111534087997,2.1061267611074808,0.038239226979178725,1.1582107071515422,3.3768449534621383
449,2003.11.01.13.21.44,False,0.23659142402965416,-0.1140631103515625,0.08268527141050183,0.393,-0.5980000000000001,0.14088458648096308,0.9910000000000001,2.7874366890271602,1.996842904951798,0.05920549982221973,1.1604196559620612,3.235756769213098
450,2003.11.01.13.31.44,False,0.23525412834932824,-0.1139314697265625,0.08281006329766327,0.365,-0.5885,0.14085343633680658,0.9535,2.5909214246567576,1.6603967636083015,0.012502365482670955,1.161842103697237,3.0104428004752855
451,2003.11.01.13.41.44,False,0.18693420552716833,-0.1125456787109375,0.08364322149187994,0.4555,-0.6055,0.14025695379471376,1.0610000000000002,3.250775124209241,1.8111098284907436,0.04151784896534382,1.1651834432409902,3.791547715454998
452,2003.11.01.13.51.44,False,0.18944108207780952,-0.11462902832031252,0.08403640041584817,0.4395,-0.5825,0.1421381507587535,1.022,3.091194872205288,2.0662850134368447,0.06287147505535727,1.1623340117716334,3.5933429900022937
453,2003.11.01.14.01.44,False,0.2102836609509544,-0.11375249023437499,0.08376636293294175,0.43799999999999994,-0.5774999999999999,0.1412692559078902,1.0154999999999998,3.0964596581031767,2.095713816284297,0.025508251244405325,1.1629521289802591,3.6027914927807947
454,2003.11.01.14.11.44,False,0.2167374838323347,-0.11537167968749999,0.08256551736916685,0.466,-0.587,0.14188191413014115,1.053,3.2793366118019205,1.7329590168489504,0.018047954280993123,1.1612343430636853,3.8096479356372033
455,2003.11.01.14.21.44,False,0.2626781739724987,-0.11338710937500002,0.08090355217079867,0.41400000000000003,-0.619,0.1393017327528414,1.033,2.973283972763576,1.9048334133736966,0.038451210856313145,1.1582732596594485,3.442633364474926
456,2003.11.01.14.31.44,False,0.23665552021567,-0.113763720703125,0.08355626984202318,0.391,-0.5885,0.1411598022014841,0.9794999999999999,2.767994807989564,1.7729641633652653,0.03373526591347519,1.1632085201701023,3.22079357320486
457,2003.11.01.14.41.44,False,0.22518384649173034,-0.11496452636718749,0.08331731067277644,0.40549999999999997,-0.653,0.14198528756800827,1.0585,2.8549391612676907,1.9488478679711485,-0.0020549987868374647,1.1621099352863453,3.3180969755300094
458,2003.11.01.14.51.44,False,0.19718479592601718,-0.113998828125,0.08333627894926571,0.47750000000000004,-0.607,0.14121281362961413,1.0845,3.378103108585157,1.995844114406966,0.03758791165592521,1.1614508292893935,3.925458845103977
459,2003.11.01.15.01.44,False,0.1362790460657034,-0.11374914550781251,0.08357469266987413,0.4615,-0.6930000000000001,0.1411545892489502,1.1545,3.2675057080808836,2.371442120801431,-0.0028803245334991998,1.1636932383177236,3.804430385938965
460,2003.11.01.15.11.44,False,0.2612765428611258,-0.114523046875,0.0816742194007357,0.41400000000000003,-0.5675,0.14067314443923856,0.9815,2.942128926364843,1.9051323116008683,0.01663651169854299,1.1590292265030688,3.410736176098357
461,2003.11.01.15.21.44,False,0.254395481109294,-0.11347526855468751,0.08198093727565861,0.43200000000000005,-0.5775,0.13999819397469893,1.0095,3.0793868961135407,1.7993408691494457,0.03676028530110324,1.1594996958186345,3.5729652585316845
462,2003.11.01.15.31.44,False,0.1747504767727912,-0.112519189453125,0.08399642889301298,0.3625,-0.651,0.14041782215608467,1.0135,2.575611533942276,1.898710988799765,0.04621613290223734,1.1661698326326582,3.004540459811815
463,2003.11.01.15.41.44,False,0.23343605156615532,-0.11450439453125,0.082956010062349,0.391,-0.5735,0.14140503758388376,0.9645,2.7614567391367304,1.6730983455011397,0.04239367744604226,1.160716968133553,3.206742328390032
464,2003.11.01.15.51.44,False,0.21037911025842487,-0.1138601318359375,0.08224586711738764,0.4355,-0.5565,0.1404669264617413,0.992,3.098608801567962,1.8439764801479628,0.08328291527126869,1.1595022158528656,3.59349302374581
465,2003.11.01.16.01.44,False,0.17024210166718506,-0.113962841796875,0.08316450472041795,0.48350000000000004,-0.6395,0.14108716638163452,1.123,3.4229508454554622,1.829897584033413,0.026940968081115416,1.1627905081204148,3.9825584907943807
466,2003.11.01.16.11.44,False,0.2477837785869189,-0.1151004638671875,0.08178958864885334,0.43700000000000006,-0.5835,0.14120918397859875,1.0205000000000002,3.0877794322496763,1.701832440209059,0.006258539044878757,1.1596209954112044,3.5823677973262233
467,2003.11.01.16.21.44,False,0.22394105226499622,-0.1137898681640625,0.08128056645412386,0.42400000000000004,-0.687,0.1398488800699783,1.111,3.0306940270469385,1.9475442323798666,0.017663238457311128,1.1602862355090438,3.5170512771038505
468,2003.11.01.16.31.44,False,0.13643870352419485,-0.11411933593750001,0.0830207966922461,0.5175000000000001,-0.5700000000000001,0.14112822150869214,1.0875,3.6693171033172036,1.9129748317282136,0.07042299824182105,1.1612723315422173,4.260454743453751
469,2003.11.01.16.41.44,False,0.2118070599545117,-0.114959716796875,0.08308871078776131,0.4335,-0.647,0.14185018516202977,1.0805,3.0534047877237755,1.9517608132675166,-0.017020926456245297,1.1613471112258145,3.5466091294401703
470,2003.11.01.16.51.44,False,0.22949288750218122,-0.11365434570312499,0.08307714153891971,0.404,-0.5640000000000001,0.1407875745667183,0.968,2.8667929008848683,1.902730065500719,0.044477075479326764,1.1632955617016032,3.3367320725947325
471,2003.11.01.17.01.44,False,0.21012351269226198,-0.11377375488281251,0.08234075136036803,0.43100000000000005,-0.5785,0.1404496420889848,1.0095,3.067667028759023,2.177563416593791,0.07370178419774367,1.1593397444151217,3.557245241739054
472,2003.11.01.17.11.44,False,0.24167304483415247,-0.11528896484375001,0.0817589569950102,0.3715,-0.56,0.1413436223391733,0.9315,2.623293156968882,1.5264850908116911,0.0013877451191254813,1.1566917920767097,3.036409504436871
473,2003.11.01.17.21.44,False,0.17363321525403375,-0.12074204101562498,0.08080328951504845,0.399,-0.6485,0.1454030167478208,1.0474999999999999,2.7407207877357216,1.6452657976931797,0.002927976937420869,1.1487902742580438,3.1472649285137497
474,2003.11.01.17.31.44,False,0.20828542171777437,-0.11470295410156249,0.08279125881745983,0.3795,-0.6539999999999999,0.14146423439714362,1.0334999999999999,2.6823206981560395,1.7492090387737074,0.06017678269852031,1.1588011059265788,3.1083754696216284
475,2003.11.01.17.41.44,False,0.22029773318996798,-0.1149065185546875,0.08312253128626546,0.4065,-0.647,0.14182434497496987,1.0534999999999999,2.8666851139376206,1.7812098247543302,-0.00730803490055874,1.1618873746836944,3.3303535655852405
476,2003.11.01.17.51.44,False,0.2422118633819504,-0.1131022216796875,0.08258962464741393,0.39549999999999996,-0.569,0.14005050283842985,0.9645,2.8219327369748375,1.7599886171608907,0.0013818828581192086,1.1646259237992733,3.2867698459901176
477,2003.11.01.18.01.44,False,0.2307061043312369,-0.1135826416015625,0.0817827571459013,0.367,-0.558,0.13997095089009343,0.9249999999999999,2.6185963532010437,1.630788286727551,0.05709027167475157,1.1611984327882443,3.042838346009659
478,2003.11.01.18.11.44,False,0.19734138425433262,-0.114326904296875,0.08166053980131147,0.3785,-0.6910000000000001,0.1405052758728907,1.0695000000000001,2.690623221979465,2.0634210600210885,-0.03073192532668085,1.1617201725453465,3.1274820999455377
479,2003.11.01.18.21.44,False,0.19234631196915492,-0.11517927246093751,0.08324591833468074,0.42000000000000004,-0.6639999999999999,0.14211964438569205,1.084,2.9538613672211556,2.216500493038369,-0.00876080682943407,1.1614575483958394,3.431338449656229
480,2003.11.01.18.31.44,False,0.15652437754857185,-0.1136533203125,0.08350626814288013,0.443,-0.681,0.14103744343274016,1.124,3.138214153663598,2.3584422161538416,0.07052964634966088,1.1623117543772583,3.6488908122587436
481,2003.11.01.18.41.44,False,0.187079562513428,-0.1152019775390625,0.08347966568469398,0.44300000000000006,-0.583,0.14227722906275575,1.026,3.107770191713603,1.9974098521620527,0.07307257836873704,1.1608693055230481,3.6099121601938444
482,2003.11.01.18.51.44,False,0.23739495181965248,-0.11406091308593752,0.08271775979721646,0.4235,-0.581,0.1409048170555252,1.0045,3.00385003583388,1.8076659859417887,0.063198641997184,1.1610635542997652,3.4900059436152038
483,2003.11.01.19.01.44,False,0.1472331823924543,-0.113584765625,0.08354273889372552,0.498,-0.6335,0.14101301266372257,1.1315,3.5279957122106227,1.896777210881539,0.02482788089997062,1.1656735991024332,4.115460928017991
484,2003.11.01.19.11.44,False,0.2487042163743286,-0.11495068359374999,0.08215890432312985,0.399,-0.586,0.1413041225895284,0.985,2.8223155920214626,1.7761502845833657,-0.01668000904994779,1.1616433651163816,3.2790810539686652
485,2003.11.01.19.21.44,False,0.13731203627221944,-0.11322578124999999,0.08337211926661846,0.5005,-0.614,0.14061892592299854,1.1145,3.548517954902174,2.225173899223779,0.06856642506170199,1.1641215937910974,4.134285160959086
486,2003.11.01.19.31.44,False,0.16409735768906147,-0.11357802734375,0.08375091222672465,0.486,-0.592,0.14113081413988277,1.0779999999999998,3.4374702518950215,1.870482928661957,0.03250542157141924,1.1665006181660367,4.012043391376557
487,2003.11.01.19.41.44,False,0.22702307234871943,-0.113527099609375,0.08200674174522843,0.4285,-0.5529999999999999,0.1400520554940652,0.9815,3.0566574853408177,1.633369865036745,0.04929595750895948,1.1605139561190083,3.548350125734044
488,2003.11.01.19.51.44,False,0.24915173990853345,-0.1139798095703125,0.0814947329073242,0.42700000000000005,-0.5800000000000001,0.14012568932435768,1.0070000000000001,3.0438983541260445,1.7867209752867814,0.06489991014843448,1.1575463580731968,3.5258989270302465
489,2003.11.01.20.01.44,False,0.15702033793105352,-0.11485234375,0.0816817282682116,0.49450000000000005,-0.647,0.14094831227056592,1.1415,3.491010809600978,2.2932468407037745,-0.014705062700296551,1.159673858752776,4.052119293948358
490,2003.11.01.20.11.44,False,0.20159487521599706,-0.1141961181640625,0.0841623197370842,0.43199999999999994,-0.6065,0.14187350917602687,1.0385,3.0376951064869857,2.1294019461094558,0.038102567597334165,1.1641244417621581,3.541776567782221
491,2003.11.01.20.21.44,False,0.1302412592048795,-0.106566064453125,0.08532848629701785,0.47350000000000003,-0.5885,0.13677540041424968,1.0619999999999998,3.4699323572594185,1.6583607568894045,0.05901992212254858,1.177040921071392,4.092790847378922
492,2003.11.01.20.31.44,False,0.14832757100729427,-0.11238635253906251,0.08299160940603523,0.48950000000000005,-0.624,0.13974594320523911,1.1135000000000002,3.495538739269026,2.1791859916552085,0.01943233600840575,1.166280164055175,4.08526693723941
493,2003.11.01.20.41.44,False,0.2343728389179896,-0.113747216796875,0.08150893318672497,0.42400000000000004,-0.5489999999999999,0.13995540613572316,0.973,3.0233102551825484,1.7295919774754371,0.04577928796617704,1.1599210523735,3.513215016894211
494,2003.11.01.20.51.44,False,0.2091360191394946,-0.113555517578125,0.08200160857392412,0.432,-0.57,0.14008209386584966,1.002,3.081716626686381,2.0175988812816747,0.07202747779935659,1.1628960812587164,3.5855934759570722
495,2003.11.01.21.01.44,False,0.23742361004701384,-0.11394450683593749,0.08245737155470487,0.40549999999999997,-0.5565,0.14065926226151132,0.962,2.8747880426902324,1.8738068156980674,0.05330157891072293,1.161318086424048,3.342502415339232
496,2003.11.01.21.11.44,False,0.24235478921897236,-0.1145285888671875,0.08233656723332071,0.44299999999999995,-0.571,0.14106691679475275,1.0139999999999998,3.1352184933153215,1.9163560918489684,0.028318593747293515,1.1606328842399325,3.643857771796381
497,2003.11.01.21.21.44,False,0.16575296954957247,-0.11433781738281248,0.08169843330440965,0.513,-0.5725,0.14053753587017237,1.0855000000000001,3.6378006320495717,1.8696247506550558,0.0680893871428212,1.1583953126896107,4.21678905475243
498,2003.11.01.21.31.44,False,0.11391686127493361,-0.117701953125,0.08278767198390527,0.5155000000000001,-0.6325,0.14395106199013677,1.148,3.5928054569222705,2.2161407669779942,0.04735980369667457,1.154201540488943,4.154944006988711
499,2003.11.01.21.41.44,False,0.20793311899950956,-0.1136770751953125,0.0837118130767908,0.4455,-0.5834999999999999,0.14118636319439054,1.029,3.155917696450472,1.876048301055476,-0.006730671006085754,1.1648742243444512,3.6793678426388134
500,2003.11.01.21.51.44,False,0.13620456643603074,-0.12132165527343748,0.08240090215202493,0.502,-0.5894999999999999,0.14668721861213213,1.0915,3.3992368913520057,2.2003975255612964,0.06283887031502991,1.1501060383505761,3.905869415276853
501,2003.11.01.22.01.44,False,0.249772798063439,-0.1141268310546875,0.08060568292297313,0.358,-0.6055,0.13972190124498868,0.9635,2.5573055615944096,1.7739566943412064,0.01549659591269711,1.1577736074024818,2.9604568763312233
502,2003.11.01.22.11.44,False,0.0055974642215042,-0.11507795410156252,0.08352653542747182,0.5845,-0.6675,0.14221771351597084,1.252,4.0828980357662275,2.4416950623546443,0.06795012212010551,1.1617465854849742,4.750586444397045
503,2003.11.01.22.21.44,False,0.24403244110717814,-0.11220822753906251,0.08172324969821068,0.42000000000000004,-0.5625,0.13882915500566975,0.9824999999999999,3.0249464380031554,1.6583850421276223,0.026130504414870474,1.163468768553461,3.5208121101943526
504,2003.11.01.22.31.44,False,0.14346858415466252,-0.11394978027343752,0.08188426995887993,0.525,-0.6214999999999999,0.1403309989408536,1.1465,3.7355456459625858,2.1690027681201367,-0.01894527149264559,1.1624491192659847,4.343924811273111
505,2003.11.01.22.41.44,False,0.19300227738709608,-0.11579216308593751,0.08228105114338491,0.33299999999999996,-0.6105,0.14208503708670944,0.9435,2.345915686934615,1.7112972393944808,0.005360429235368582,1.1582577522014477,2.71917208803982
506,2003.11.01.22.51.44,False,0.17305645195690644,-0.113694970703125,0.08336339883188279,0.47250000000000003,-0.6125,0.14099429809140773,1.085,3.34138298265626,2.4005376196918955,-0.0011975776965461975,1.1634965038146952,3.8927167622887398
507,2003.11.01.23.01.44,False,0.19131235810345693,-0.1136824951171875,0.08282578048905448,0.475,-0.6445000000000001,0.14065904572047755,1.1195,3.3721679301503373,1.8398446209949197,0.03762996712473962,1.161795641409988,3.921704901711144
508,2003.11.01.23.11.44,False,0.2056457960404091,-0.1141325927734375,0.08263698856966631,0.3555,-0.653,0.14091937246367464,1.0085000000000002,2.5231057104136294,1.591905266302466,0.037322527127670736,1.161234644456545,2.931678699267585
509,2003.11.01.23.21.44,False,0.18242583107775928,-0.11364731445312501,0.08380350607724577,0.46599999999999997,-0.64,0.14121193625030637,1.1059999999999999,3.295947971336977,2.073901480369281,0.014503526625672399,1.1643345183625327,3.8402758912697337
510,2003.11.01.23.31.44,False,0.17551061475877822,-0.1135151123046875,0.08258767315688632,0.513,-0.602,0.1404066876165455,1.115,3.644056845293544,2.060578245595864,0.02070415494195596,1.162708922475345,4.245198528630218
511,2003.11.01.23.41.44,False,0.17349803508156597,-0.10977988281250001,0.08232305489837925,0.47250000000000003,-0.619,0.1373183664865934,1.0915000000000001,3.4748493756608343,1.600886731606718,0.02793322601494394,1.1690856376116598,4.0821406963226305
512,2003.11.01.23.51.44,False,0.00900934082558924,-0.10797268066406249,0.08089353500489563,0.5845,-0.7030000000000001,0.13501672927636,1.2875,4.336526625752932,2.3100289714216125,0.020339795600472617,1.1691752832995772,5.0753583700931015
513,2003.11.03.09.53.55,False,0.24856352666075493,-0.11440493164062501,0.08000112837268786,0.4465,-0.6234999999999999,0.13964464374266533,1.0699999999999998,3.177749673733797,1.8104636786083779,0.034489088084694815,1.1566791232224203,3.6826886350885744
514,2003.11.03.10.01.44,False,0.2515815461668484,-0.11460537109374999,0.08017067743436185,0.4195,-0.5775,0.1399036076199584,0.9970000000000001,2.986457187806743,1.9008174927036983,0.06360018571674603,1.1552811036020163,3.4542181490300834
515,2003.11.03.10.11.44,False,0.23721250903578878,-0.11420583496093749,0.07951169683882997,0.425,-0.5349999999999999,0.1392164581150629,0.96,3.0481098094545134,1.417268740411024,0.020098814519546482,1.1546942276135699,3.5218788867122446
516,2003.11.03.10.21.44,False,0.24334370009773093,-0.114795849609375,0.08027372200455776,0.40149999999999997,-0.5515,0.14013198981769415,0.9530000000000001,2.8532694157074774,1.693146648166441,0.048779372650326426,1.156162619250971,3.3023090561135016
517,2003.11.03.10.31.44,False,0.24363655362222214,-0.1141638671875,0.08026553190123228,0.387,-0.5660000000000001,0.13962483394463396,0.953,2.755377327945781,1.9067237440087954,0.04739434649069675,1.1569056038074605,3.195786541595277
518,2003.11.03.10.41.44,False,0.2480306685082097,-0.113623681640625,0.08017599710556181,0.3795,-0.5505,0.1391091189804386,0.9299999999999999,2.7246524350570684,1.7931690835508065,-0.0027887315477905517,1.1585600317661144,3.159036710575741
519,2003.11.03.10.51.44,False,0.2191438982574651,-0.11472084960937501,0.08097701901019118,0.43100000000000005,-0.542,0.14045266507724008,0.973,3.0529810657418386,1.9298781127585776,0.06503977487102859,1.1579221664250552,3.5413780428348733
520,2003.11.03.11.01.44,False,0.23686114916576267,-0.113618310546875,0.07975131335129598,0.432,-0.5575,0.13889287842699993,0.9895,3.091637725112288,1.8226875320550877,0.07200873841103703,1.1561557372746425,3.5867826396191482
521,2003.11.03.11.11.44,False,0.15347373135021813,-0.11371706542968751,0.0807940950559064,0.505,-0.5774999999999999,0.13956625690865512,1.0825,3.591415312983874,2.2843752644399435,0.08217427091936562,1.1579206256086878,4.174304523351707
522,2003.11.03.11.21.44,False,0.17329459007533715,-0.11416416015625,0.0807615308171141,0.47500000000000003,-0.548,0.1399230755093657,1.0230000000000001,3.36393576904062,2.0154998065206713,0.11474414844335004,1.1554330991588886,3.904504876740276
523,2003.11.03.11.31.44,False,0.16527600703127232,-0.11389597167968749,0.08107218656851312,0.47250000000000003,-0.6435,0.13986816661582638,1.1159999999999999,3.3551678964645433,2.441678145627206,0.08917386662393177,1.156513528147773,3.8916100605742687
524,2003.11.03.11.41.44,False,0.2212100661992908,-0.11407666015625,0.07893687788673306,0.47,-0.5925,0.13878520525726418,1.0625,3.359671303475036,1.930235489844784,0.012655593145917615,1.1547173107100779,3.893373155061478
525,2003.11.03.11.51.44,True,-0.0005890983725647114,-0.114632763671875,0.0812863904484881,0.6485,-0.72,0.14057059822099321,1.3685,4.608468761812423,2.3714299347127246,0.06910136915051429,1.157874067002683,5.338102078574126
526,2003.11.03.12.01.44,False,0.2528844372257474,-0.11416650390625001,0.08097684141996248,0.39949999999999997,-0.5660000000000001,0.13999938173158147,0.9655,2.8485409293867354,1.4289115018126752,0.018837804876049816,1.1597544871722907,3.3057431256544016
527,2003.11.03.12.11.44,False,0.24265679251282107,-0.1148122314453125,0.07839956588984567,0.4015,-0.5675,0.13909401780910424,0.969,2.8666463099292834,1.7037861090523605,0.045828264792151595,1.1526455320664097,3.3134126141540956
528,2003.11.03.12.21.44,False,0.18813147651481715,-0.11427897949218752,0.0803024355541227,0.475,-0.5845,0.13974498298957372,1.0594999999999999,3.3785131522533565,2.2763733665507537,0.07991541609003971,1.1578364394570926,3.921619906647626
529,2003.11.03.12.31.44,False,0.2510894469641331,-0.11623068847656251,0.08123712563723036,0.4115,-0.6115,0.14186546797121452,1.0230000000000001,2.8922965552904656,1.9152477280521065,0.00787874841140191,1.1553867611881081,3.345345689457922
530,2003.11.03.12.41.44,False,0.22519720134426857,-0.11638124999999999,0.07978836517603967,0.4355,-0.5505,0.14115572721365455,0.986,3.075690434001306,1.7034090765605372,0.03363525345430814,1.1534510203351673,3.552098911313619
531,2003.11.03.12.51.44,False,0.2558177827907499,-0.11482282714843749,0.08019960989354288,0.426,-0.6105,0.1401144432796031,1.0365,3.0210369642571644,1.8875058591216263,0.04956048797146279,1.155395756589996,3.500473448120503
532,2003.11.03.13.01.44,False,0.1881005278565393,-0.11437871093750002,0.08179157555447208,0.45899999999999996,-0.5685,0.14067342107308936,1.0274999999999999,3.245002557665643,2.1165344476149204,0.10528629502570315,1.157774332050666,3.764021641925378
533,2003.11.03.13.11.44,False,0.21355120634678332,-0.11480007324218751,0.08002438848837672,0.471,-0.592,0.13997496218773903,1.063,3.350377308950028,2.039908231422944,0.06761934130794248,1.154330493535455,3.8728991277365097
534,2003.11.03.13.21.44,False,0.24727367915122017,-0.11406655273437499,0.07916200639229651,0.40049999999999997,-0.548,0.1388944475814432,0.9485,2.8728654499262265,1.851364182303552,0.03110561621297951,1.153897904523234,3.319502730184986
535,2003.11.03.13.31.44,False,0.17458971546203184,-0.11535229492187501,0.08009963232973483,0.4945,-0.597,0.14049556696654686,1.0915,3.502378574195734,2.3254901371646963,0.06713441937546777,1.1558872930266406,4.057746542478821
536,2003.11.03.13.41.44,False,0.10969191346133433,-0.11412802734375,0.0803202103891617,0.5309999999999999,-0.5640000000000001,0.13961603696144292,1.095,3.7830753657550282,1.8737548370083297,0.11526506973143108,1.1566428006183926,4.386306064767946
537,2003.11.03.13.51.44,False,0.2376803061135741,-0.11407192382812498,0.08071197397340057,0.4665,-0.571,0.13979896102484568,1.0375,3.316900816291295,1.9148270457825438,0.02390019611089205,1.1593863313933712,3.854702192177614
538,2003.11.03.14.01.44,False,0.10092148424598191,-0.1146047607421875,0.08092306486857806,0.5295,-0.6335,0.14037519325005277,1.1629999999999998,3.743906876457637,2.2923103280772605,0.09084536858279742,1.157424951933124,4.348276487990773
539,2003.11.03.14.11.44,False,0.21174120266917484,-0.1142353759765625,0.08031741571911788,0.43700000000000006,-0.5445,0.13970281582249858,0.9815,3.115285516928415,1.6970965174179775,0.0862884770369399,1.1558989383014537,3.6090844189120426
540,2003.11.03.14.21.44,False,0.2237964608688981,-0.1134612548828125,0.0791864088268813,0.441,-0.5385,0.1384093479082186,0.9795,3.1803307164143373,1.6916429195923177,0.06916745623503158,1.1571755721515924,3.682770905032979
541,2003.11.07.14.51.44,False,0.21870450661329316,-0.11563942871093749,0.07786119496493438,0.38549999999999995,-0.52,0.13943936396877943,0.9055,2.7574189631339614,1.409198006579691,0.044183241971252396,1.1498186332305447,3.174437708482783
542,2003.11.07.15.01.44,False,0.2369342597675521,-0.11483142089843751,0.07904260649374342,0.39649999999999996,-0.5505,0.13942016247092487,0.947,2.838299485610807,1.3911095774664446,0.043860751331942845,1.1537556804410078,3.278302425495786
543,2003.11.07.15.11.44,False,0.2214653547830765,-0.11479389648437499,0.078014306259382,0.33299999999999996,-0.6015,0.13883587950479578,0.9345,2.39623384961238,1.4001917697047253,0.009262800619915294,1.1515643517030307,2.760461336322746
544,2003.11.07.15.21.44,False,0.1898563980088377,-0.115848486328125,0.07793001142800451,0.40900000000000003,-0.571,0.1396512104949184,0.98,2.9279857193547767,1.7957915133015492,0.10565725599656192,1.1481584300797563,3.362219789129554
545,2003.11.07.15.31.44,False,0.24413371713735033,-0.114262890625,0.0777542041012351,0.39649999999999996,-0.614,0.13825672903584973,1.0105,2.8642088593153217,1.3043855643367777,0.0327002833418268,1.1518868501374708,3.301031156185167
546,2003.11.07.15.41.44,False,0.23631940755026154,-0.1137777099609375,0.07753524804654688,0.355,-0.5235,0.137728477820029,0.8785,2.5702068538177234,1.3908792346380259,0.03763150210407741,1.1527349009625616,2.9676331025908507
547,2003.11.07.15.51.44,False,0.23336139823241864,-0.114519384765625,0.07761372858068859,0.355,-0.5285,0.13835343700478708,0.8835,2.570510230041639,1.367960461506133,0.04522889177286406,1.1508402612560897,2.9570398326199117
548,2003.11.07.16.01.44,False,0.2210567746848418,-0.11357490234374999,0.0777857454809829,0.393,-0.525,0.1376894976665279,0.9179999999999999,2.851244579115137,1.2399026771900226,0.05773169315307383,1.1524150680476586,3.2875981482838625
549,2003.11.07.16.11.44,False,0.24919735431844053,-0.11376970214843748,0.07931092011533233,0.381,-0.5835,0.13871722019447774,0.9645,2.7388739719703947,1.3248912976418583,0.04036141791885428,1.1548100868257811,3.166308849614296
550,2003.11.07.16.21.44,False,0.21538616878771122,-0.11478132324218751,0.07751763400456071,0.342,-0.543,0.13854756587742467,0.885,2.46318699541943,1.5144708161846712,0.05119742892626673,1.1488021965527795,2.8333165656973733
551,2003.11.07.16.31.44,False,0.23524121996629083,-0.11373671875,0.07872719550135576,0.4185,-0.5725,0.13837317115100017,0.9909999999999999,3.0210276392514057,1.669931457963775,0.0835154100082645,1.153008425510551,3.4854032333751532
552,2003.11.07.16.41.44,False,0.23136406776165352,-0.11323173828125001,0.07750048803660312,0.387,-0.5615,0.13724824799911528,0.9484999999999999,2.8152582876862677,1.2897105880784503,0.0470153381537918,1.1531621231232716,3.248790630657645
553,2003.11.07.16.51.44,False,0.20805675850443217,-0.11549570312499999,0.07696086893854386,0.3675,-0.585,0.13881279900140692,0.9525,2.646581097073768,1.5585009777320984,0.07074703128192059,1.146089171668931,3.033679707620625
554,2003.11.07.17.01.44,False,0.21195049711576475,-0.1142317138671875,0.07800478744789795,0.4405,-0.5725,0.13835258325681551,1.013,3.171728146449821,1.4445577782046781,0.06868044970135248,1.1519328901512207,3.659962156184016
555,2003.11.07.17.11.44,False,0.2154267477698696,-0.1108483642578125,0.0781179201501727,0.3745,-0.5225,0.13561299631196455,0.897,2.767157714901745,1.3819138938483104,0.07338686981201069,1.158229360630616,3.2040491117647
556,2003.11.07.17.21.44,False,0.21749842448398365,-0.1150719482421875,0.07830192448247128,0.39949999999999997,-0.536,0.13920776957196662,0.9355,2.865666230237032,1.5482197107634104,0.058842313211698416,1.1504429859738645,3.2997318555704593
557,2003.11.07.17.31.44,False,0.22956871281650992,-0.11419482421875,0.0785800616229121,0.3735,-0.542,0.138642839496916,0.9155,2.6883477255462718,1.2052030753061223,0.03935336556333813,1.1534776931242967,3.1043295612894544
558,2003.11.07.17.41.44,False,0.23353685526089163,-0.1133481201171875,0.07958948604783339,0.40800000000000003,-0.553,0.1385316131492311,0.9610000000000001,2.9416903844263933,1.5521387652470149,0.059118332084720074,1.156437135342899,3.4038728320988723
559,2003.11.07.17.51.44,False,0.2035978438856038,-0.11555620117187501,0.07790598093571985,0.364,-0.5515,0.13938632036925813,0.9155,2.6133465791323722,1.5662318356010276,0.0623060117512722,1.1490029640166897,3.0017638857256816
560,2003.11.07.18.01.44,False,0.2159625012112933,-0.114223876953125,0.07731006030342692,0.376,-0.538,0.13797266202837571,0.914,2.71506028103794,1.303089209231214,0.059983419433424695,1.1507885987613742,3.1305301664488328
561,2003.11.07.18.11.44,False,0.19855076681924205,-0.114001220703125,0.0770331404393083,0.359,-0.509,0.13762205210900302,0.868,2.6126079084995886,1.2107337708153438,0.06937374987697678,1.1484151373019085,2.9985586254675822
562,2003.11.07.18.21.44,False,0.2102863670755744,-0.1150032958984375,0.07769274718864125,0.4185,-0.5725,0.1388324879421488,0.9910000000000001,3.0120269029555784,1.5911798519914,0.08350540880244339,1.149034595779992,3.462649014372422
563,2003.11.07.18.31.44,False,0.2492188252872679,-0.1144523193359375,0.07856104682624493,0.38449999999999995,-0.5505,0.1388433943990955,0.9349999999999999,2.7673001536535606,1.3321569608919233,0.031565198349534605,1.1540116861197995,3.1946714442964397
564,2003.11.07.18.41.44,False,0.256428286722662,-0.11378051757812499,0.07966798990901003,0.391,-0.569,0.13892075228235112,0.96,2.8159467651609833,1.614404648536433,0.038324163066453566,1.1563831852900899,3.2549955242403654
565,2003.11.07.18.51.44,False,0.22412170318013447,-0.11549365234375,0.07857082210087774,0.371,-0.581,0.13972173245849023,0.952,2.6551124473739534,1.5615214236094204,0.06082585563186886,1.1512663608820146,3.056844293409688
566,2003.11.07.19.01.44,False,0.2505936958621765,-0.1140369873046875,0.07852455759338971,0.3685,-0.5565,0.13848908882743624,0.925,2.654815190518941,1.4040698072546118,0.03573967148578358,1.1540519631572044,3.066867242691484
567,2003.11.07.19.11.44,False,0.2392128404803313,-0.114342236328125,0.07734052984601365,0.365,-0.581,0.1380633104545133,0.946,2.642060658381988,1.5194910398055166,0.042855395818036,1.1505402504187874,3.0410930005212577
568,2003.11.07.19.21.44,False,0.2109956003271382,-0.1152598388671875,0.07999194504814075,0.4445,-0.551,0.1403172781797926,0.9955,3.1671082218363114,1.501003091678728,0.06590639447700146,1.1558053726361908,3.6609799300761168
569,2003.11.07.19.31.44,False,0.22040114981055658,-0.1132219482421875,0.07815554566623197,0.354,-0.5435,0.13761929669424078,0.8975,2.573325588104048,1.4001461906303851,0.06057591394413785,1.1521715528785574,2.964135972276476
570,2003.11.07.19.41.44,False,0.2138021612056215,-0.11436691894531249,0.07866148209588589,0.3295,-0.532,0.13884171427134567,0.8614999999999999,2.370423535410837,1.1972619846510488,0.004875487443117266,1.1540620043797483,2.737107432164274
571,2003.11.07.19.51.44,False,0.21482442415635605,-0.11512666015625,0.07958988867030042,0.4185,-0.5545,0.1399826990193898,0.9730000000000001,2.9881382783117236,1.4666477115371004,0.08087707777667627,1.1532311291371649,3.4467256978896454
572,2003.11.07.20.01.44,False,0.19342677125789964,-0.115167822265625,0.07819876106081136,0.427,-0.5505,0.13924274182902796,0.9774999999999999,3.067789513585601,1.4817426266429625,0.07128641257687823,1.1492789663428287,3.524766642836738
573,2003.11.07.20.11.44,False,0.19947535671498895,-0.1140804443359375,0.07901682295434216,0.34099999999999997,-0.5105,0.1388017992700893,0.8515,2.452718771288625,1.2454519438045488,0.06986963338696014,1.1545316389092997,2.834412613973002
574,2003.11.07.20.21.44,False,0.18467362150376032,-0.1154115966796875,0.0794057780544811,0.47850000000000004,-0.535,0.14012720813949336,1.0135,3.413994893888372,1.499694536131226,0.05646726539068951,1.1533326892399072,3.9379632929772246
575,2003.11.07.20.31.44,False,0.2109964992332637,-0.11434814453125,0.07868542179107343,0.34450000000000003,-0.5555000000000001,0.1388297947629175,0.9,2.478511111543038,1.3295680323912507,0.0645152310927594,1.1514429408220168,2.8557034118445346
576,2003.11.07.20.41.44,False,0.2181801599574007,-0.1143029296875,0.07951098426345071,0.332,-0.5529999999999999,0.13927411218264396,0.885,2.384885527569193,1.4509997016700495,0.02387785490335003,1.1551997139992722,2.7541672274606634
577,2003.11.07.20.51.44,False,0.22390228836144155,-0.11511076660156248,0.0790232826583999,0.40549999999999997,-0.5765,0.13966498137367078,0.982,2.903131889437672,1.7042114490244953,0.0893640516299988,1.1500729206678968,3.3390452066643883
578,2003.11.07.21.01.44,False,0.25176842762112556,-0.114369140625,0.07819152372341304,0.3625,-0.575,0.13855190523924954,0.9375,2.6170047073099036,1.4285830087226983,0.02867651988283485,1.1527805968604206,3.0165814229423047
579,2003.11.07.21.11.44,False,0.18303176460327747,-0.1140899658203125,0.07911949224467957,0.404,-0.5055000000000001,0.13886225289621437,0.9095,2.910273956063989,1.523549564370164,0.12108770914058167,1.1516542834121588,3.3511222411998647
580,2003.11.07.21.21.44,False,0.21216908596898876,-0.115015234375,0.07900915129623913,0.4175,-0.5235000000000001,0.13954548742958484,0.9410000000000001,2.9900720784016297,1.6652575677168167,0.07757288670891294,1.151946647368678,3.4453134894578232
581,2003.11.07.21.31.44,False,0.2583940601674132,-0.11433984375,0.07915405890645402,0.40900000000000003,-0.5665,0.13909880946135983,0.9755,2.936506751881008,1.5751938771649465,0.03681731947728919,1.1542960947127918,3.3914978571703265
582,2003.11.07.21.41.44,False,0.21937810206162012,-0.1134691162109375,0.07971743345872775,0.381,-0.5245,0.13869010585426322,0.9055,2.7466612100973196,1.508245372293055,0.0830583855519543,1.1546244996830395,3.1716082698031847
583,2003.11.07.21.51.44,False,0.225520715200223,-0.1145403076171875,0.07942882122982972,0.34299999999999997,-0.5675,0.13940401440741573,0.9105000000000001,2.4623732578256314,1.168476156898862,0.0287182273605995,1.1558702896006143,2.8452638535419044
584,2003.11.07.22.01.44,False,0.2215714368370813,-0.1137741943359375,0.07998754618708459,0.332,-0.5965,0.13910236212927352,0.9285000000000001,2.386253329530546,1.4081907111032281,0.015246017818801881,1.1578877539869383,2.7633493145404175
585,2003.11.07.22.11.44,False,0.2255432573317313,-0.1137742919921875,0.07861413448743129,0.3965,-0.558,0.1383143980436753,0.9545,2.8599900379561083,1.5099308174135988,0.09421964624548759,1.1514057196406355,3.2960919899973407
586,2003.11.07.22.21.44,False,0.21138372871093247,-0.11528681640624999,0.0790358673508293,0.365,-0.5569999999999999,0.13979647650616694,0.9219999999999999,2.6049451704159248,1.221835739203235,0.06562525729089552,1.1525616039574453,3.0057440098750243
587,2003.11.07.22.31.44,False,0.21777693890916766,-0.11381867675781249,0.07939011718707488,0.35050000000000003,-0.5355000000000001,0.13879537477226694,0.886,2.521614224285399,1.2382406963541102,0.05216599782474611,1.1544557389728518,2.913151428227007
588,2003.11.07.22.41.44,False,0.2117388464885791,-0.11379189453124999,0.07924727738782722,0.3785,-0.515,0.13868653478070325,0.8935,2.7284426839902656,1.5120944000398069,0.074955443183715,1.1538826493533796,3.148684142058122
589,2003.11.08.10.22.19,False,0.20292580099926327,-0.1129854248046875,0.07808976910994386,0.3245,-0.5765,0.1373777971414103,0.901,2.3554122569822287,1.1057645636735962,0.030713634391290146,1.155118796831772,2.723216526986932
590,2003.11.08.10.31.44,False,0.19983134817701997,-0.1159627685546875,0.07820435817005934,0.34950000000000003,-0.603,0.13989009036078387,0.9525,2.500099960894667,1.392657700356068,0.05709670307116606,1.148587318940883,2.870506514567954
591,2003.11.08.10.41.44,False,0.18887486099608364,-0.11421940917968751,0.07778764739637077,0.4565,-0.5565,0.1382196050820968,1.013,3.2902605716470514,1.3092490887806467,0.07817270000456374,1.1522561931801103,3.7991884787266463
592,2003.11.08.10.51.44,False,0.2147113033496415,-0.11429003906249999,0.07701823734788368,0.33699999999999997,-0.609,0.13784411473067582,0.946,2.4425324141249685,1.1989416629431915,0.013679341172618341,1.1504193518168124,2.812036273771233
593,2003.11.08.11.01.44,False,0.2209966818303532,-0.113907177734375,0.07777302155567387,0.34550000000000003,-0.575,0.13796090957492518,0.9205000000000001,2.4989421294498384,1.2593836908960276,0.04980624278033111,1.1513576289597582,2.880675267043083
594,2003.11.08.11.11.44,False,0.1416388090740323,-0.114517529296875,0.0784755100124084,0.3075,-0.504,0.13886574683717862,0.8115000000000001,2.211077869312131,1.0975988860099877,0.10813908886860185,1.1510508514380682,2.5465495177031077
595,2003.11.08.11.21.44,False,0.19860765775687023,-0.11475710449218748,0.0785376310640703,0.4345,-0.581,0.1390973593928243,1.0155,3.1153735972705543,1.531056977539028,0.07837084844214176,1.148724613731566,3.5830212724849764
596,2003.11.08.11.31.44,False,0.18386598506449925,-0.114697314453125,0.07805512849974042,0.4235,-0.548,0.13876673113301058,0.9715,3.046867971975753,1.12150109734144,0.06216935573034324,1.150840362166658,3.51025628698942
597,2003.11.08.11.41.44,False,0.16024194420337384,-0.11426884765624999,0.07899588310136674,0.31,-0.5209999999999999,0.138953616374729,0.831,2.2321038228734347,1.176035506765988,0.07323712144419177,1.1519589737669604,2.570581952490963
598,2003.11.08.11.51.44,False,0.14014129178695578,-0.11452111816406249,0.07744201615719565,0.29800000000000004,-0.503,0.13827650247344056,0.801,2.1527850120529943,0.9262510993733479,0.056409251435737974,1.1513295293888812,2.479960117968106
599,2003.11.08.12.01.44,False,0.16142813685217966,-0.11402158203124999,0.07701093863345498,0.3125,-0.5135,0.13764362051345824,0.826,2.269179634721427,1.1305310756005205,0.07451292155998912,1.147957509416387,2.605557129813715
600,2003.11.08.12.11.44,False,0.21599206916152558,-0.114129345703125,0.07735553507845222,0.35050000000000003,-0.6205,0.137928297424222,0.971,2.54024500743993,1.1846293240435912,0.03826637548442464,1.1509234339705243,2.9242353179096803
601,2003.11.08.12.21.44,False,0.19215315036295316,-0.1138988037109375,0.07744813643528772,0.3235,-0.5725,0.1377995470997786,0.896,2.344642372186042,1.2589161791365169,0.04199083388631273,1.1495424048896246,2.6972846196857576
602,2003.11.08.12.31.44,False,0.24817427962731564,-0.11400527343750001,0.07714231914686635,0.38549999999999995,-0.5640000000000001,0.13769360627964683,0.9495,2.796683142932881,1.3370118360516328,0.0010574062564229457,1.1509517039557746,3.2202478545922695
603,2003.11.08.12.41.44,False,0.17643248918469806,-0.1141105712890625,0.07834243644282186,0.35550000000000004,-0.5015000000000001,0.13845424202903428,0.857,2.5602067996701177,1.0573901299501487,0.08938675320677257,1.1514949068998752,2.9519857153654216
604,2003.11.08.12.51.44,False,0.24762615994023718,-0.114118408203125,0.07823832558762595,0.388,-0.5369999999999999,0.13839415685558018,0.9249999999999999,2.7959457021723146,1.354642542815566,0.017343078002243526,1.1530803561396397,3.2295469535035872
605,2003.11.08.13.01.44,False,0.16393510758032254,-0.11362683105468752,0.07669723329587877,0.42700000000000005,-0.493,0.13712775530186763,0.92,3.1049432403667767,1.0625140484633189,0.06629720260552147,1.1499545941424087,3.5768686467729047
606,2003.11.08.13.11.44,False,0.2389060364337895,-0.11414147949218749,0.07810221960259882,0.3855,-0.5954999999999999,0.13832674621195754,0.981,2.783304861267526,1.3848105046828763,0.044266270127702345,1.1512695127514658,3.20673921869668
607,2003.11.08.13.21.44,False,0.20751538732968527,-0.1136984375,0.0769366722342269,0.353,-0.5485,0.13732236767960215,0.9015000000000001,2.5623991615178308,0.9294849492011215,0.02215340125582297,1.1522125828738716,2.9562620252302994
608,2003.11.08.13.31.44,False,0.18520033440761197,-0.11389140625,0.07816821945109724,0.32999999999999996,-0.558,0.13819073231952567,0.8879999999999999,2.378066429764665,1.1526501917501855,0.06375199362795582,1.1523389398304777,2.7464793486416634
609,2003.11.08.13.41.44,False,0.12636283974685147,-0.1141932373046875,0.07691182317230431,0.5165,-0.6225,0.13772783253422308,1.139,3.740794913551799,1.394776663470065,0.04478510658437031,1.1504745141326884,4.308762554968794
610,2003.11.08.13.51.44,False,0.17365286501045102,-0.11402126464843751,0.0776641402584822,0.322,-0.5105,0.13799377701481508,0.8325,2.3288913389598704,0.9997280479380979,0.047096697459262996,1.1521073508394308,2.686096148122414
611,2003.11.08.14.01.44,False,0.2127370757826867,-0.114130126953125,0.07666938711380125,0.354,-0.585,0.1375445955211949,0.9390000000000001,2.5739204054681233,1.2799252398899625,0.06897633385736648,1.1466273460218783,2.951206262449981
612,2003.11.08.14.11.44,False,0.1594994902010788,-0.11421374511718749,0.07696674903703545,0.41500000000000004,-0.502,0.1377734081080413,0.917,2.994483857863231,1.100559214742109,0.09065904887503634,1.1489479393258883,3.4489116541577527
613,2003.11.08.14.21.44,False,0.20017776048864971,-0.11389797363281248,0.07577244636204758,0.3085,-0.52,0.13682470756352744,0.8285,2.2527380867649525,1.0602135055099575,-0.0018138956962765462,1.1494507069266913,2.5905665258013264
614,2003.11.08.14.31.44,False,0.20327433406993406,-0.1138334228515625,0.07673018790785285,0.34750000000000003,-0.5265,0.13733280765068334,0.8740000000000001,2.5188173328889665,0.978052012885892,0.036503126247884404,1.1502069132053871,2.9060184976611505
615,2003.11.08.14.41.44,False,0.2368640271306634,-0.11394006347656252,0.07819985352454853,0.35250000000000004,-0.5765,0.13822215256919948,0.929,2.545221024460738,1.186718360662181,0.009042270321845833,1.1539659818933945,2.9399616774579695
616,2003.11.08.14.51.44,False,0.24328526267649053,-0.1141757568359375,0.07809682079331048,0.376,-0.607,0.13836472370953623,0.9830000000000001,2.7047530989974993,1.438266559334176,-0.009010156137291132,1.1539655639320276,3.1274808367732376
617,2003.11.08.15.01.44,False,0.1756852488205427,-0.11385869140624999,0.07748653564117297,0.321,-0.515,0.13775400579259034,0.8360000000000001,2.3274444816268467,0.9673411572778619,0.04439534209966209,1.1518345435707613,2.6831425509238542
618,2003.11.08.15.11.44,False,0.23198087218950425,-0.11378354492187501,0.07665492207882975,0.405,-0.5445,0.13723511228526672,0.9495,2.9433028107688335,1.3303634818066534,0.03836029859678366,1.1496958307358345,3.3888457451261127
619,2003.11.08.15.21.44,False,0.19294833063436784,-0.11381635742187501,0.07643645956723455,0.3215,-0.5565,0.13714325263344496,0.878,2.3412472534726456,1.1023547820605728,0.04102205967636751,1.1491547904070702,2.692279473188254
620,2003.11.08.15.31.44,False,0.13686636196051627,-0.113678173828125,0.07712027995880746,0.28200000000000003,-0.5309999999999999,0.1374162546299346,0.813,2.052831058550776,1.0099755428189119,0.042614013545514015,1.1506771045210495,2.3617398148436157
621,2003.11.08.15.41.44,False,0.1909449646402745,-0.11416230468750001,0.07799676682569556,0.36650000000000005,-0.5325,0.13829984482573443,0.899,2.6403896829348987,1.0747715897075378,0.06768794501573067,1.1513226166696167,3.0463904666561588
622,2003.11.08.15.51.44,False,0.21599661204576603,-0.11353637695312499,0.07814209167953058,0.3525,-0.509,0.13786623989761954,0.8615,2.5506290608161084,1.1587785097646957,0.03679927455625159,1.153376220544382,2.945804521892476
623,2003.11.08.16.01.44,False,0.18420212991522567,-0.11365725097656248,0.07748958056538877,0.47250000000000003,-0.5555,0.13758601652596206,1.028,3.4270911708638043,1.3543720448106784,0.06280511937473737,1.1517856896940506,3.9504137649852726
624,2003.11.08.16.11.44,False,0.17681048193484278,-0.11396340332031249,0.07673366438145496,0.354,-0.504,0.1374166775623033,0.8580000000000001,2.5754616567346265,0.9916134435365518,0.06417547123549833,1.1493537614193183,2.9606252786554053
625,2003.11.08.16.21.44,False,0.24041601023824766,-0.113800732421875,0.07760061404386351,0.398,-0.5615,0.1377673598322908,0.9595,2.8831712167607884,1.2579351567866341,0.018795232584547062,1.1526010657876125,3.3271129649339763
626,2003.11.08.16.31.44,False,0.19652441533186898,-0.113938720703125,0.07803974327872468,0.3835,-0.5005000000000001,0.13812788532745363,0.884,2.771372701086842,1.059085808831655,0.053984607753120126,1.152378172470553,3.1969572663890125
627,2003.11.08.16.41.44,False,0.20518664793250846,-0.113766162109375,0.07773335142336944,0.365,-0.5369999999999999,0.1378369159006891,0.902,2.6442554068541213,1.1889637740161985,0.05597441562520809,1.1498955197479006,3.0430702192658923
628,2003.11.08.16.51.44,False,0.15601647135762337,-0.11354733886718751,0.07715977896303462,0.29300000000000004,-0.5569999999999999,0.13731552811768505,0.8500000000000001,2.1325005713036016,0.9812114309858662,0.02254152873550278,1.1517626016991345,2.457445228530423
629,2003.11.08.17.01.44,False,0.18750859127753877,-0.1140499755859375,0.07649287140051378,0.321,-0.5005,0.13734767460023095,0.8215,2.3343353323104106,0.9088225181109884,0.01340111492344619,1.151059648674856,2.688720873787364
630,2003.11.08.17.11.44,False,0.19151365678816656,-0.113730078125,0.07722803415630593,0.435,-0.585,0.13751013638208393,1.02,3.155599403713963,1.2167199862606495,0.08239296459460205,1.1500396356666471,3.6341752977690667
631,2003.11.08.17.21.44,False,0.20669646960504773,-0.11388745117187499,0.07787634874452923,0.344,-0.5225,0.13800457010663225,0.8665,2.4931971913181803,1.057015817067768,0.03878396323426842,1.1519040516280983,2.8715387784196675
632,2003.11.08.17.31.44,False,0.18480913306475683,-0.1138677001953125,0.07711156401861081,0.315,-0.5920000000000001,0.13757471130015414,0.907,2.289099266875079,1.4588414295020207,0.0341783107848166,1.1501040409189232,2.6332229747375884
633,2003.11.08.17.41.44,False,0.17174718044960896,-0.10416787109375,0.07745140720785186,0.34299999999999997,-0.5005,0.13014209628532702,0.8434999999999999,2.6706541447927177,1.1042977158896712,0.06978156008432547,1.165774875680412,3.1340179168917333
634,2003.11.08.17.51.44,False,0.17849038117161026,-0.1139208251953125,0.07589429355839222,0.2955,-0.558,0.1369306278507353,0.8534999999999999,2.156401197514616,1.1982672745247966,0.03193327953836486,1.1471406766915315,2.474872987696176
635,2003.11.08.18.01.44,False,0.17395929376165298,-0.11424904785156251,0.07685349082324593,0.3185,-0.5495,0.13773463807354486,0.868,2.3041268692278973,1.0456768810673553,0.04958669231033856,1.149522236527142,2.6530546851346353
636,2003.11.08.18.11.44,False,0.17847520556100838,-0.11424445800781251,0.07585784724774203,0.398,-0.499,0.13717534931105846,0.897,2.8908980692512403,1.0005790009263715,0.06188981609156544,1.1478738098351557,3.3279219928510404
637,2003.11.08.18.21.44,False,0.22929417772408428,-0.11336767578125,0.07698466396589732,0.355,-0.52,0.13711175097472952,0.875,2.579477770136741,1.1640196961338316,0.03548400002759599,1.151053844723898,2.976662955106372
638,2003.11.08.18.31.44,False,0.1738697824831148,-0.10324348144531251,0.07788569896570188,0.398,-0.6014999999999999,0.12969913509125733,0.9994999999999999,3.1032031692980198,1.1199537363135956,0.004311996167699705,1.1704556150227603,3.65076296494715
639,2003.11.08.18.41.44,False,0.1970255854374907,-0.113804736328125,0.07705308545203968,0.398,-0.515,0.13747760311734525,0.913,2.88350746230505,1.2143188048085611,0.08094663989241169,1.1492448565725213,3.3238368863684915
640,2003.11.08.18.51.44,False,0.18807900734820737,-0.11379106445312498,0.07639338564002757,0.3185,-0.515,0.13708329635028638,0.8335,2.322577323453856,0.8395946525460771,0.03259028156956704,1.1512396266211873,2.67448067995124
641,2003.11.08.19.01.44,False,0.14764789014089158,-0.1139461181640625,0.0773126253825349,0.2845,-0.498,0.13772411395006384,0.7825,2.0668332909650653,1.0574519806167375,0.039204089128962095,1.1514018494596872,2.379256207799761
642,2003.11.08.19.11.44,False,0.17727401560871292,-0.11431149902343749,0.07765552842945606,0.355,-0.4935,0.13822519064735816,0.8485,2.570380673251412,1.093027709599403,0.08956452691351645,1.1504388983243086,2.95619915512707
643,2003.11.08.19.21.44,False,0.2110218966939298,-0.1111343994140625,0.0775973040991984,0.35850000000000004,-0.5445,0.13561929480459478,0.903,2.643096484598817,1.1046165636225962,0.048133264402197395,1.154476157168046,3.0540820034970855
644,2003.11.08.19.31.44,False,0.1461757246490989,-0.11494409179687501,0.07760078159498526,0.299,-0.5785,0.1387431747273448,0.8775000000000001,2.153800137787664,0.9986788633962338,0.04065023699752667,1.1509430500985842,2.4798382558910292
645,2003.11.08.19.41.44,False,0.17586752763460833,-0.11457302246093751,0.07772437724781958,0.3,-0.5605,0.13848005853919568,0.8605,2.166983123948545,1.1139314870666333,-0.014644069467555495,1.1523006279946837,2.4965113620175954
646,2003.11.08.19.51.44,False,0.21685980279127243,-0.1136451171875,0.07639117382333466,0.3565,-0.5235,0.13697947300519608,0.8799999999999999,2.593139266790833,1.047599423234979,0.03714320382062898,1.1506634000112352,2.9882837039928
647,2003.11.08.20.01.44,False,0.17279325731526374,-0.1131515625,0.07602536390800299,0.314,-0.5469999999999999,0.13637161814045398,0.861,2.29701912958119,1.157138056662908,0.06680551009944921,1.147200875035153,2.6381764730488366
648,2003.11.08.20.11.44,False,0.17170923660348247,-0.1137507080078125,0.07844550117091949,0.459,-0.6515,0.13822793435933745,1.1105,3.3112979744917608,1.6547382204721544,0.08535248963291489,1.1539744722252052,3.826561925142077
649,2003.11.08.20.21.44,False,0.15959939792877076,-0.1143953369140625,0.07677878756870475,0.3145,-0.48750000000000004,0.13781436160684218,0.802,2.2759317023318317,0.902271022768383,0.033211278043446646,1.149968222753992,2.620888796888992
650,2003.11.08.20.31.44,False,0.1592677162934814,-0.11454528808593749,0.07663693764834037,0.29300000000000004,-0.5469999999999999,0.13786627788958505,0.8400000000000001,2.1205112407786104,1.1002805435400607,0.010435711150020115,1.1490077977254567,2.438532165476303
651,2003.11.08.20.41.44,False,0.1477054151940958,-0.114124267578125,0.07492100336436705,0.3015,-0.499,0.13657518586723785,0.8005,2.2051361079041127,1.0466300139168254,0.052240025480966866,1.1452712955618012,2.5274041528639026
652,2003.11.08.20.51.44,False,0.19981464848019043,-0.1135837890625,0.07726238126923052,0.34199999999999997,-0.5710000000000001,0.137429015075287,0.913,2.488025454489782,1.2090435488409286,0.06280144390183025,1.1493599779235102,2.8600526586781125
653,2003.11.08.21.01.44,False,0.17863684229156312,-0.1141379638671875,0.07711492199219909,0.361,-0.497,0.1378004818983579,0.8580000000000001,2.6171454081901726,0.9812786918204892,0.05516602424943522,1.1502886460393946,3.012170339453685
654,2003.11.08.21.11.44,False,0.1973049430865087,-0.1140291748046875,0.07508928201820751,0.3245,-0.542,0.1365831573430734,0.8665,2.3742379771287316,1.1984341364766213,0.05245624384107049,1.1459394049736122,2.721845841286642
655,2003.11.08.21.21.44,False,0.15648213825839358,-0.1142280517578125,0.07535695392610986,0.3255,-0.4955,0.13688173105789678,0.821,2.375187449000288,0.9505155418037847,0.06907903463476736,1.1470021225963354,2.725948521647293
656,2003.11.08.21.31.44,False,0.1754359701364291,-0.11417004394531251,0.07652150216845342,0.3415,-0.509,0.13748730782821422,0.8505,2.4804683926417783,1.0480748083113203,0.08139730022115146,1.1474234953999716,2.848552078660926
657,2003.11.08.21.41.44,False,0.17687318164161064,-0.11440827636718749,0.07628986710937488,0.30300000000000005,-0.526,0.13755459130598385,0.829,2.2000748955843967,0.9862811626735271,0.022219442218942488,1.1492117593464894,2.5300207713880525
658,2003.11.08.21.51.44,False,0.2259394111921204,-0.1140436279296875,0.07699397557554402,0.381,-0.5165,0.13764042539500754,0.8975,2.7603382827042298,1.2784453597339627,0.044643815319660995,1.1500797167421137,3.1785697876330765
659,2003.11.08.22.01.44,False,0.18790654033661985,-0.11390058593749999,0.07704415665374545,0.33199999999999996,-0.499,0.1375406470902373,0.831,2.407296966861214,0.9747162572670578,0.04769954719929672,1.1513202460131988,2.776099183604393
660,2003.11.08.22.11.44,False,0.13419587327790028,-0.1142446044921875,0.07603103917169463,0.281,-0.5555,0.1372801093311556,0.8365,2.0459968751922433,0.9275533202354789,0.03056576537129798,1.1485906385921814,2.3505195882675514
661,2003.11.08.22.21.44,False,0.23032715507859464,-0.1144840087890625,0.07644968762094023,0.397,-0.581,0.13771118499117757,0.978,2.882344963004136,1.4215849208635403,0.04358796299597918,1.1480346651674327,3.309313453665753
662,2003.11.08.22.31.44,False,0.17709719160984366,-0.11393674316406249,0.07635661438366902,0.3135,-0.498,0.13719415250824202,0.8115,2.2814362232535403,1.092737388482576,0.045806831043304505,1.1492088048222913,2.6244074172621934
663,2003.11.08.22.41.44,False,0.18848985307986266,-0.1136205078125,0.0771515453954397,0.33199999999999996,-0.5705,0.1373913534112433,0.9025000000000001,2.4120470049103933,1.1800917365655694,0.08203137389040441,1.1486520428939768,2.7733262544961717
664,2003.11.08.22.51.44,False,0.16574108076386657,-0.11416784667968749,0.07532782929996414,0.3175,-0.515,0.13682480487414936,0.8325,2.314935210638734,0.8612088268982809,0.0403006531674589,1.1471905065615169,2.658869793536371
665,2003.11.08.23.01.44,False,0.16380217563697813,-0.1141297607421875,0.07745201032889898,0.44799999999999995,-0.5105,0.1379982375439933,0.9585,3.2242934707466295,1.3407217894572008,0.09680336610322446,1.1486646337681417,3.7156804441800215
666,2003.11.08.23.11.44,False,0.18238742339514535,-0.11391284179687498,0.07757430588671502,0.34550000000000003,-0.5335000000000001,0.13785435855609596,0.879,2.498368565314901,1.0410824509219252,0.07905138070146053,1.1502455719349711,2.8778596564312746
667,2003.11.08.23.21.44,False,0.21846866675454768,-0.11332185058593751,0.07700407850979592,0.381,-0.536,0.13704005054160612,0.917,2.768102661476771,1.285963985755576,0.09565843621654546,1.149211698385502,3.1864980193013173
668,2003.11.08.23.31.44,False,0.08528871788755832,-0.11384333496093751,0.07600665335802059,0.261,-0.5565,0.1369282571112851,0.8175,1.90360520311311,0.8421826696290775,0.04781791151984754,1.1488487141092196,2.1881507217341127
669,2003.11.08.23.41.44,False,0.1733665580651807,-0.1138690673828125,0.0770627439215747,0.314,-0.486,0.1375506075025886,0.8,2.274291778539063,0.928408992918911,0.007894256149889268,1.1522484205102603,2.625644377377771
670,2003.11.08.23.51.44,False,0.09985845703224916,-0.13377526855468752,0.07662976520088818,0.40049999999999997,-0.602,0.15478719245420464,1.0025,2.629306845100394,1.2827916826119954,0.04158059762445751,1.1260595035003176,2.976590618068868
671,2003.11.09.00.01.44,False,0.07108478365517035,-0.08776430664062501,0.07700902509652606,0.404,-0.508,0.11766060892386668,0.9119999999999999,3.5200280665242483,1.0765150349448662,0.03592622810085615,1.196039485211283,4.225836170289455
672,2003.11.09.00.11.44,False,0.1743136791863084,-0.11400141601562501,0.07625466761402859,0.321,-0.603,0.13720383080248638,0.9239999999999999,2.330152090766966,1.1084470805972229,0.04825761857043362,1.1486789216313618,2.682169901656945
673,2003.11.09.00.21.44,False,0.14268811450647712,-0.11449335937499999,0.07587433605355892,0.29900000000000004,-0.502,0.13741593387956563,0.8009999999999999,2.172957407710201,1.0109432543238819,0.055008863632398375,1.1470465675080075,2.494469459073989
674,2003.11.09.00.31.44,False,0.20950080692391743,-0.11436833496093751,0.07591208240466726,0.36,-0.5555000000000001,0.13729928072841918,0.9155000000000001,2.626183347714555,1.2479113915701734,0.058318032782674764,1.1467279301851492,3.0089982526295973
675,2003.11.09.00.41.44,False,0.10005220064930143,-0.11428288574218749,0.07590710721877161,0.276,-0.5135,0.1372241740322836,0.7895,2.0069528221666832,0.9095276073875489,0.07795136853462287,1.1475985725192206,2.3051242973858717
676,2003.11.09.00.51.44,False,0.21953347402753687,-0.11389462890624999,0.07652477152413974,0.376,-0.5589999999999999,0.13727962976807717,0.935,2.7310724619832714,1.299937915285153,0.05886728092059754,1.1480464765613667,3.1401585486659473
677,2003.11.09.01.01.44,False,0.22410530720239435,-0.11344973144531251,0.07768905375957047,0.3345,-0.5325,0.13753524895529828,0.867,2.4356885900457392,1.1388808027283446,0.011972899124850889,1.1532980958698764,2.8060694486323916
678,2003.11.09.01.11.44,False,0.144223601170907,-0.1138546630859375,0.07661742281674919,0.45999999999999996,-0.5175,0.13727339516071452,0.9775,3.3360927073057747,1.4151675962931698,0.11021049318173962,1.1484321592564046,3.843407852387486
679,2003.11.09.01.21.44,False,0.10765567821830746,-0.1146071044921875,0.07528426673147295,0.281,-0.4955,0.13716884468785814,0.7765,2.047921560914279,0.9350395508576048,0.0708771530877896,1.1455983899809103,2.3464586928586826
680,2003.11.09.01.31.44,False,0.18420850515056164,-0.1139842529296875,0.07787091208089297,0.34450000000000003,-0.48350000000000004,0.1380964256798578,0.828,2.488090981832046,1.0043224013683751,0.04753803631954523,1.1509749114408887,2.867894027689904
681,2003.11.09.01.41.44,False,0.19395534327499864,-0.1135640380859375,0.07739634766563307,0.358,-0.5369999999999999,0.13746447467000522,0.8949999999999999,2.599825558081996,1.1028404219876629,0.07030655243407963,1.1520309388922003,2.998109497709302
682,2003.11.09.01.51.44,False,0.17056160989436486,-0.11424721679687502,0.07659779297720973,0.441,-0.5215,0.1376020529019509,0.9625,3.1865091703017043,1.3047262752498288,0.08667417542874709,1.1476055917315808,3.6694783948541163
683,2003.11.09.02.01.44,False,0.15803063161029085,-0.1136482177734375,0.0765286197005927,0.3165,-0.505,0.1370548172126286,0.8215,2.303643400748375,1.0132751261968596,0.08448916848876398,1.1481785519701102,2.647664248638365
684,2003.11.09.02.11.44,False,0.21384832526576353,-0.1143034912109375,0.07567481201946591,0.365,-0.5745,0.13712758539458514,0.9395,2.6530999971345306,1.1995890091487702,0.06103981089832036,1.1468572968965765,3.0484266003247433
685,2003.11.09.02.21.44,False,0.1960599205176103,-0.11389387207031249,0.07599436444827548,0.4455,-0.5405,0.13696453132103825,0.986,3.234512675271053,1.5032798598226056,0.055059611977761755,1.1480831955020365,3.7229005121080814
686,2003.11.09.02.31.44,False,0.21284635442459887,-0.1145961181640625,0.07619244257757302,0.348,-0.536,0.13765305733948313,0.8840000000000001,2.526864920612141,1.015211900047592,0.027695311768625774,1.148213235613545,2.9020176541936085
687,2003.11.09.02.41.44,False,0.20682466910776565,-0.1136988037109375,0.07656049057706714,0.3345,-0.498,0.13711767585401163,0.8325,2.4366642033931614,1.0327029168256108,0.029810276577997,1.1503101774174074,2.8049944453988904
688,2003.11.09.02.51.44,False,0.17221487343000907,-0.11382509765625,0.07566135837137711,0.338,-0.4995,0.1367122042701319,0.8375,2.466365858825964,0.8720956868863479,0.068346952879113,1.147274283986907,2.8340721163797298
689,2003.11.09.03.01.44,False,0.202301752497745,-0.11382753906250001,0.07699467177336511,0.3345,-0.558,0.1374745246328022,0.8925000000000001,2.4247641520681995,1.391339405023352,0.07385426919795232,1.148514735517728,2.789838820977155
690,2003.11.09.03.11.44,False,0.19732193079315902,-0.114335302734375,0.07683062530691906,0.3285,-0.5800000000000001,0.1377931073444604,0.9085000000000001,2.3836425638328516,1.1053786578565097,0.03719903876872424,1.1497889266991006,2.740898366598473
691,2003.11.09.03.21.44,False,0.18349520584343781,-0.113933544921875,0.07541903670138818,0.327,-0.5165,0.13668798787070385,0.8435,2.3871986938276897,1.0910426814219014,0.06476701821932679,1.14630057954786,2.739709894184415
692,2003.11.09.03.31.44,False,0.181416685268933,-0.11410205078125002,0.07692236753775289,0.4225,-0.5345,0.1376490643039008,0.957,3.0590761324491678,1.3421832467122918,0.10280802204482697,1.1487914687155127,3.5203482287232477
693,2003.11.09.03.41.44,False,0.18476647392848816,-0.11320009765625,0.07679303381117561,0.35650000000000004,-0.5125,0.1368089452312513,0.869,2.603767161311528,1.0389852549527783,0.08460556100647097,1.1490928721556695,2.9931105450097384
694,2003.11.09.03.51.44,False,0.15886625398522192,-0.11626628417968748,0.07612986114806468,0.3295,-0.531,0.1390469620649866,0.8605,2.3688046832344822,0.939996977069955,0.04555087913299126,1.1460992528743386,2.717613007588162
695,2003.11.09.04.01.44,False,0.22958059184425905,-0.11340424804687499,0.07620565766499687,0.328,-0.5555,0.13668142848308878,0.8835,2.389839082622049,1.3335887033476044,0.02967781203040163,1.1492547547035274,2.753831457166868
696,2003.11.09.04.11.44,False,0.15506134797438043,-0.11201315917968749,0.07618734902585839,0.27949999999999997,-0.5445,0.13548462320262808,0.8240000000000001,2.057586622278571,0.8568505425422228,0.007554552349228196,1.1532092609415308,2.374040389027454
697,2003.11.09.04.21.44,False,0.2024132494202439,-0.11428798828125,0.0762953339157274,0.35250000000000004,-0.542,0.13744520665134574,0.8945,2.557165122170371,1.1928814006355464,0.08179241956078913,1.1482455896054105,2.9409378464044407
698,2003.11.09.04.31.44,False,0.22873286104469281,-0.1141827392578125,0.07806082374406956,0.3795,-0.579,0.13835736451676656,0.9585,2.74303702242705,1.4817037173936698,0.0601960887276034,1.151657493949857,3.158929922873289
699,2003.11.09.04.41.44,False,0.18406139363047908,-0.11405185546874999,0.07679690897684503,0.376,-0.504,0.13752600153349,0.88,2.723661896122551,0.9400381271038591,0.05494422345749292,1.149873627961263,3.1378322845596482
700,2003.11.09.04.51.44,False,0.1963929576321321,-0.11435224609375,0.07586078726930869,0.34299999999999997,-0.5185,0.13726258862142432,0.8614999999999999,2.497987749057225,1.1240373074361574,0.06183446085079479,1.146372564056127,2.864088051037884
701,2003.11.09.05.01.44,False,0.17683873567767888,-0.1144291015625,0.07611479571623729,0.3305,-0.4995,0.13747274240356475,0.8300000000000001,2.400504363350273,0.9707661031985715,0.05875978934759947,1.147503389330188,2.75636323668673
702,2003.11.09.05.11.44,False,0.2230620219737956,-0.11395461425781252,0.07708309589055573,0.38,-0.5615,0.13760890151242278,0.9415,2.7531995024982723,1.212817540387225,0.05606641336971376,1.1496749741410286,3.1704909889006148
703,2003.11.09.05.21.44,False,0.16911794053238083,-0.11406892089843751,0.07693409825114902,0.3945,-0.509,0.13762252777734085,0.9035,2.8565819238656918,1.1855281286538633,0.10385283385945097,1.1478049658218044,3.285607633501721
704,2003.11.09.05.31.44,False,0.16655222498703653,-0.11349885253906249,0.07768582878480648,0.308,-0.5794999999999999,0.1375552491730868,0.8875,2.2393680572814256,1.2064268658403492,0.05459945586677076,1.1511557874768954,2.5776844324305213
705,2003.11.09.05.41.44,False,0.16420240339044712,-0.11400673828124999,0.07751304216400579,0.4385,-0.48950000000000005,0.13788151234439128,0.9280000000000002,3.169508513767278,0.9702178212216661,0.03783734599089587,1.1525893851897782,3.6598030745264336
706,2003.11.09.05.51.44,False,0.17715428523397064,-0.11387236328125,0.07735868765035245,0.3225,-0.5665,0.1376975668849756,0.889,2.3371154778688057,1.2735725462100347,0.064577595139451,1.149905949249424,2.690571051818493
707,2003.11.09.06.01.44,False,0.20128976818573824,-0.114365380859375,0.07562808409272917,0.33699999999999997,-0.546,0.13714101206817148,0.883,2.4546411432003454,1.0899390966046312,0.06328933190781452,1.1474610107937608,2.8182574474500113
708,2003.11.09.06.11.44,False,0.18218091176090828,-0.11421813964843751,0.07597719845941084,0.315,-0.552,0.13722818826829747,0.867,2.2904605106538467,1.2613574584969744,0.04646251803682456,1.1460983039112569,2.628432471791306
709,2003.11.09.06.21.44,False,0.19304305191379134,-0.11388867187500001,0.07672455413973997,0.39049999999999996,-0.6205,0.13736058892211245,1.0110000000000001,2.832118462395268,1.1263610965113502,0.06716619697283276,1.1497900234191516,3.262584426282399
710,2003.11.09.06.31.44,False,0.20789927798189328,-0.1137837890625,0.07637807351532766,0.3235,-0.5005,0.13706520709875175,0.824,2.3492258303809574,1.0981617199737588,0.0017386455956469246,1.150093450807719,2.7072443345172994
711,2003.11.09.06.41.44,False,0.14148013581048163,-0.11880458984374999,0.07762031887612719,0.3285,-0.5409999999999999,0.14200961256565758,0.8694999999999999,2.314592470373369,1.0901730123112192,0.04833770767457095,1.1455139408786779,2.653673160302798
712,2003.11.09.06.51.44,False,0.18695782022414942,-0.1136766845703125,0.07617199653687567,0.4125,-0.4945,0.1368644387171708,0.907,3.004051934816723,1.1118327853882333,0.051025111945243465,1.149260532191008,3.4589634028262077
713,2003.11.09.07.01.44,False,0.18125044166807391,-0.1143791748046875,0.07697591584081467,0.348,-0.5385,0.1379013360414426,0.8865000000000001,2.522614788370164,1.0084294181684916,0.07233354214251432,1.1499258853786511,2.9015979968140684
714,2003.11.09.07.11.44,False,0.19478591979408516,-0.11272817382812499,0.07682599506395041,0.355,-0.5225,0.13644397039572415,0.8775,2.60244544574351,1.124333760372842,0.08887694358493164,1.1502643144829168,2.9931391313344182
715,2003.11.09.07.21.44,False,0.20331487655299996,-0.113849560546875,0.07767099397312194,0.39549999999999996,-0.621,0.13783856785562265,1.0165,2.867948683993831,1.103675621518676,0.056564328086395166,1.1519396642910265,3.304966077880543
716,2003.11.09.07.31.44,False,0.18099618890721242,-0.11429853515624999,0.07669788725994554,0.31999999999999995,-0.5665,0.13767997524510833,0.8865,2.321891760885202,1.473989116383347,0.04215577541124381,1.1471058188596048,2.664911996733008
717,2003.11.09.07.41.44,False,0.15731033953221335,-0.113885498046875,0.07856102748801141,0.3005,-0.5055000000000001,0.138368865807033,0.8059999999999999,2.1712561516792945,1.0088702351212402,0.04067045797537064,1.1537353224589215,2.5053124837758127
718,2003.11.09.07.51.44,False,0.18364897199282876,-0.113881103515625,0.07570717496719569,0.37350000000000005,-0.5015000000000001,0.13678471219324634,0.875,2.7236841564255982,1.0530299777671177,0.07292402951183757,1.1480003274693025,3.1318642055159147
719,2003.11.09.08.01.44,False,0.18109726618145205,-0.113909423828125,0.07771151993607286,0.3995,-0.51,0.13792503878441137,0.9095000000000001,2.886326364629487,1.109566719555059,0.09767733930591066,1.1511202444976258,3.3292195674137943
720,2003.11.09.08.11.44,False,0.14640937506148755,-0.115479931640625,0.07710579831688483,0.3125,-0.5395000000000001,0.13887164992772014,0.852,2.248599040955,1.104871149986478,0.054313163365038164,1.1469264928237226,2.580015496440172
721,2003.11.09.08.20.39,False,0.17435410591150663,-0.11422587890625001,0.07676048446048214,0.316,-0.5165,0.1376566046344928,0.8325,2.290377919175012,0.8966067152779831,0.03547974352964744,1.1514598661825208,2.640621645346134
722,2003.11.09.08.25.58,False,0.22096540125279435,-0.1144682373046875,0.07784374477919492,0.376,-0.585,0.1384453207702515,0.9610000000000001,2.7080236073526818,1.0850460040753935,0.024444304077861308,1.151861579651827,3.123893775668491
723,2003.11.09.08.35.58,False,0.18947424774224325,-0.11435783691406248,0.0764099018434568,0.34299999999999997,-0.502,0.13756000360835066,0.845,2.49057484011865,1.154147863369734,0.07450250820883238,1.1473679675343793,2.8592917187641733
724,2003.11.09.08.45.58,False,0.12899509347001126,-0.11550500488281248,0.07728404599599138,0.29300000000000004,-0.4855,0.13900979971367322,0.7785,2.1032486539318667,0.9544856692484489,0.03510493260055697,1.1494098695209933,2.4195373974938863
725,2003.11.09.08.55.58,False,0.18774379796620294,-0.114327978515625,0.07665144243466882,0.4335,-0.531,0.13767375087636607,0.9645,3.137172338392017,1.2026623517069153,0.06663681046971434,1.1496793785256196,3.613113717295693
726,2003.11.09.09.05.58,False,0.22337948498405974,-0.113877685546875,0.07840022665988898,0.365,-0.5640000000000001,0.13828653396730228,0.929,2.638133628589377,1.3381651773639582,0.08824062710237607,1.1516488732476455,3.038925543556222
727,2003.11.09.09.15.58,False,0.18421090552164654,-0.11535681152343752,0.0778717817237089,0.36750000000000005,-0.5309999999999999,0.13919778490789947,0.8985,2.634320010493816,1.1972866824221744,0.08057570765809026,1.148637504506806,3.0304997360210786
728,2003.11.09.09.25.58,False,0.1787821286261192,-0.11358557128906249,0.07595278697346977,0.40800000000000003,-0.5165,0.13666126245577376,0.9245000000000001,2.9827908767860145,1.1521821981743297,0.08159327716466333,1.1480361091382496,3.426655860485062
729,2003.11.09.09.35.58,False,0.1820780539869834,-0.11422414550781251,0.07869179040243084,0.3125,-0.548,0.13873163457500481,0.8604999999999999,2.250567684134274,1.274918812779636,0.04846529070874134,1.1524122507990948,2.5950472318973072
730,2003.11.09.09.45.58,False,0.12167535011959374,-0.11529560546875,0.07603081682465934,0.28700000000000003,-0.522,0.13813022301292982,0.8089999999999999,2.078337112993501,0.8214753005113218,0.05049875919502646,1.1472504555473988,2.3839043904066193
731,2003.11.09.09.55.58,False,0.20298002410389043,-0.11397434082031249,0.0766472602344217,0.40049999999999997,-0.5369999999999999,0.13738767257913148,0.9375,2.9047199302154016,1.2322898878612132,0.06727817852089699,1.1487197041591193,3.34382886025396
732,2003.11.09.10.05.58,False,0.17570448762293878,-0.114225537109375,0.07659978533709291,0.424,-0.5189999999999999,0.1375635318606032,0.943,3.0674607863792778,1.2154940647063583,0.08011910937351435,1.1477921807024334,3.5293888493656382
733,2003.11.09.10.15.58,False,0.1453141317221583,-0.11483757324218752,0.07789061499425345,0.49950000000000006,-0.5455,0.13879258322895055,1.045,3.583679382003983,1.6908146862174638,0.07096222414520581,1.1496805028913588,4.131315221142892
734,2003.11.09.10.25.58,False,0.18114594998002992,-0.11378330078124999,0.07740344156906612,0.43100000000000005,-0.5335000000000001,0.1376446939313999,0.9645,3.1206770247326183,1.1572839097415337,0.07194277671573075,1.1510370977905025,3.598758541215615
735,2003.11.09.10.35.58,False,0.22156799319906467,-0.11377333984374999,0.07625848664878962,0.376,-0.5465,0.13699491236297878,0.9225,2.738758209322468,1.3264855101206674,0.059676862193068954,1.1485000869232531,3.1494912581125867
736,2003.11.09.10.45.58,False,0.14189717826479914,-0.11516796875000002,0.07686741398920208,0.322,-0.5125,0.13849040269312135,0.8345,2.3203690358568756,0.9845560977415919,0.07755190865341385,1.1476675843527524,2.6655888765507796
737,2003.11.09.10.55.58,False,0.2349999970479522,-0.1141836181640625,0.07604174538504066,0.386,-0.536,0.13721878521316105,0.922,2.8052888239262184,1.2700841338633366,0.03523767602107206,1.147934707110655,3.2260863458374405
738,2003.11.09.11.05.58,False,0.17303012195056844,-0.11382622070312501,0.07613959193534581,0.30000000000000004,-0.5165,0.13696963948904983,0.8165,2.18732425550148,1.1151395369451227,0.04318664592216317,1.1481936163661053,2.5132131709340344
739,2003.11.09.11.15.58,False,0.16695570169146995,-0.11493181152343751,0.07563882219190796,0.292,-0.5225,0.13759879321763152,0.8145,2.119238674119593,1.0860607005403176,0.016337251073237653,1.1474239020413473,2.433515337131877
740,2003.11.09.11.25.58,False,0.1904989504265907,-0.11428459472656251,0.07776795887591781,0.4285,-0.5055000000000001,0.13824702037261777,0.934,3.0948832283286567,1.160179025614784,0.04025889816762264,1.1522961902623137,3.569924253941368
741,2003.11.09.11.35.58,False,0.21017614323733363,-0.11376662597656251,0.07763027838321092,0.377,-0.5225,0.13774492209548406,0.8995,2.7313548645957066,1.240287371322331,0.0659942220805753,1.1511890891158025,3.1478139816533757
742,2003.11.09.11.45.58,False,0.16641109280946254,-0.1152957275390625,0.07652885729786232,0.4295,-0.541,0.13840938859837526,0.9705,3.092751926996231,1.2701058203408744,0.08235377562679635,1.14620268274968,3.5512084026547326
743,2003.11.09.11.55.58,False,0.18129774002509108,-0.114145068359375,0.07614251720846224,0.338,-0.48950000000000005,0.13723676212947122,0.8275,2.45809059833317,1.0372780524415683,0.06370649639022588,1.1486724355483995,2.8264795502172353
744,2003.11.09.12.05.58,False,0.16232125088546862,-0.11416874999999999,0.07597951781309847,0.354,-0.7115,0.13716425431442175,1.0655000000000001,2.574471479215675,1.3878399603572942,0.048609902351304295,1.1475425360508358,2.9582914225981805
745,2003.11.09.12.15.58,False,0.16671312687570267,-0.1153974853515625,0.07542736105942363,0.36350000000000005,-0.518,0.13788299664824816,0.8815,2.62801024472593,1.1369772049292362,0.09591540767224335,1.143923750585877,3.0122925041442534
746,2003.11.09.12.25.58,False,0.22553203928609267,-0.1136677001953125,0.07649325946306793,0.371,-0.5529999999999999,0.13704334783903988,0.9239999999999999,2.699904525917346,1.2374143533661117,0.05011596001715825,1.149254244868685,3.1077718960913567
747,2003.11.09.12.35.58,False,0.16442229703633782,-0.1140156005859375,0.07622913371788621,0.326,-0.5589999999999999,0.13718165041443867,0.885,2.370533163142319,0.9525246793337949,0.0621041028962385,1.148146351961847,2.7251855219678234
748,2003.11.09.12.45.58,False,0.13445287055276156,-0.11497509765625,0.07680897849926144,0.303,-0.625,0.13829615900355044,0.928,2.1903053536507784,1.2716825839696746,0.051306471041670784,1.1458537555950956,2.510200069038988
749,2003.11.09.12.55.58,False,0.14787035428893652,-0.11377548828125,0.07595886092144288,0.29500000000000004,-0.591,0.1368305884741276,0.886,2.152693207160049,1.0997187230121632,0.06060262085350551,1.1480686111257752,2.472996157456481
750,2003.11.09.13.05.58,False,0.20548173748741644,-0.11408088378906252,0.07637824861861736,0.387,-0.515,0.13735440053829445,0.902,2.803549223724488,1.3414254087573827,0.07440187506684737,1.1472493542950422,3.224325102463804
751,2003.11.09.13.15.58,False,0.12767854041249072,-0.11540270996093752,0.07590740102034743,0.289,-0.571,0.1381546627414371,0.86,2.08595453110318,1.09410454940972,0.05194743325844255,1.1462734697149477,2.3937082367415927
752,2003.11.09.13.25.58,False,0.19631939861011544,-0.11461567382812501,0.07695954986900619,0.45899999999999996,-0.5860000000000001,0.13807589453346625,1.045,3.3120220926974806,1.7334513102385656,0.06276846097542241,1.148314227735924,3.808344177071469
753,2003.11.09.13.35.58,False,0.214823826016188,-0.1130978759765625,0.07684561601529011,0.34299999999999997,-0.5295,0.1367699252248576,0.8725,2.503240727067184,1.085090951799829,0.05171942809140587,1.1519381617991358,2.8888537540689065
754,2003.11.09.13.45.58,False,0.18391823942184005,-0.1150090576171875,0.07576030100088316,0.403,-0.5665,0.13774866907377048,0.9695,2.9213121894292966,1.4164927970415628,0.08572123935433193,1.1444581865390435,3.346089186882093
755,2003.11.09.13.55.58,False,0.2050644871589702,-0.1143585693359375,0.07571634311893058,0.3355,-0.53,0.13717606638981006,0.8654999999999999,2.4384180571757264,1.1579689523347811,0.056636294292874464,1.147016114970231,2.802108677588186
756,2003.11.09.14.05.58,False,0.20744735427217037,-0.110412939453125,0.0761426333091586,0.3195,-0.5680000000000001,0.1342163342885433,0.8875,2.3829232226145125,1.3208403773043944,0.05249508838103031,1.1527816720608652,2.753834728429899
757,2003.11.09.14.15.58,False,0.13805713739419057,-0.11529084472656251,0.07430051993374082,0.321,-0.5225,0.13718593480760022,0.8435,2.3331411896405303,1.0590674509628697,0.1020506576915198,1.1417557031119339,2.667736361055653
758,2003.11.09.14.25.58,False,0.1990267739543614,-0.11501635742187499,0.07576618372898625,0.359,-0.5125,0.13775146873575617,0.8714999999999999,2.601109212835892,1.206270052396909,0.06584177219910783,1.146751987750031,2.9846417089326476
759,2003.11.09.14.35.58,False,0.21388936760007815,-0.1138912841796875,0.07546846589566866,0.3785,-0.52,0.13664915345059947,0.8985000000000001,2.7633131716872015,1.3046999036779172,0.07390281383688334,1.1461189523397635,3.1710668954228134
760,2003.11.09.14.45.58,False,0.2119804640130885,-0.11503623046875001,0.07663179807988905,0.3855,-0.5615,0.13824312790898294,0.9470000000000001,2.783843310905131,1.312110314883041,0.07352762912911878,1.147174702330597,3.1967436687804947
761,2003.11.09.14.55.58,False,0.20861439839665308,-0.11328505859374999,0.07656271453462538,0.3825,-0.5505,0.13676029518155086,0.933,2.79165117291592,1.2006182371365015,0.076944954109888,1.148130411566413,3.2089021649502767
762,2003.11.09.15.05.58,False,0.20771250723698942,-0.11407102050781251,0.07613187610152553,0.34299999999999997,-0.5660000000000001,0.13718023011335978,0.909,2.4975642133403184,1.1016237583561521,0.05068597237486895,1.1489161757927278,2.8717189698956127
763,2003.11.09.15.15.58,False,0.22970826514253906,-0.114275146484375,0.07560707341724383,0.354,-0.521,0.13704612272079625,0.875,2.579044739433156,1.4104259304172015,0.047841761780609685,1.1467447755101334,2.9600040157227125
764,2003.11.09.15.25.58,False,0.2114174191756628,-0.11459289550781251,0.07640815792073705,0.3335,-0.5589999999999999,0.13774656045002726,0.8925,2.4212050280460313,1.1315680130744377,0.040558646374844604,1.1480148979452354,2.779541370882379
765,2003.11.09.15.35.58,False,0.21420304361882125,-0.11384531249999999,0.07603574937122405,0.375,-0.52,0.1369253892985679,0.895,2.731309200889532,1.229610266154776,0.06627214680578646,1.1479895634530397,3.1385407275702013
766,2003.11.09.15.45.58,False,0.1904727103935257,-0.11464687500000001,0.07687268772529625,0.44899999999999995,-0.5529999999999999,0.13804512245080186,1.002,3.2445488381670753,1.221474948506755,0.04910035666202828,1.1489622203678471,3.7334792116767233
767,2003.11.09.15.55.58,False,0.2433506063868215,-0.11378420410156251,0.07659520184139088,0.3675,-0.5835,0.13718600773125528,0.9510000000000001,2.675419049634143,1.3412409493386375,0.029743620992888367,1.1497830544267247,3.0785783095956654
768,2003.11.09.16.05.58,False,0.21362873658801612,-0.11458718261718749,0.0760679281951763,0.35650000000000004,-0.536,0.13755751686382073,0.8925000000000001,2.5905985480881224,1.0919110158401226,0.04923450256205611,1.147760538922597,2.974172533413107
769,2003.11.09.16.15.58,False,0.13307787284937755,-0.1152568115234375,0.07581796746195502,0.28800000000000003,-0.5345,0.1379845359036272,0.8225,2.085788559963099,1.1587312808434431,0.04252403446392415,1.145833963598415,2.390665409521267
770,2003.11.09.16.25.58,False,0.17688925711504938,-0.11447353515625,0.07644711714779537,0.3165,-0.524,0.137673224702877,0.8405,2.2959143473255623,1.1892429308652392,0.058824816740855004,1.148489003015336,2.63852130833675
771,2003.11.09.16.35.58,False,0.19376212304043,-0.11432060546875,0.07676552416224751,0.371,-0.5660000000000001,0.13774156985709257,0.937,2.6810740774176085,1.2069185372564175,0.10614024917828789,1.1475933266958078,3.0834662949606217
772,2003.11.09.16.45.58,False,0.1418999342674659,-0.1154063232421875,0.07610206024761967,0.30400000000000005,-0.5045000000000001,0.13826473399504066,0.8085000000000001,2.19593787212042,1.1899589777830042,0.0648520689457774,1.1451263212279825,2.5164928628898116
773,2003.11.09.16.55.58,False,0.18122370445107017,-0.11382490234375,0.0770065301865552,0.40149999999999997,-0.515,0.13745365133893833,0.9165,2.9171502153239386,1.0744724567338728,0.09161424946640602,1.149844384299407,3.3559522457846946
774,2003.11.09.17.05.58,False,0.13520478533906,-0.11372939453125,0.07661169436531057,0.29200000000000004,-0.5469999999999999,0.13714782032946327,0.839,2.125231826932808,1.0960118956563694,0.08285294200674569,1.1479586383468203,2.4423590788615
775,2003.11.09.17.15.58,False,0.17969799958292293,-0.11481369628906249,0.07697063133238279,0.3675,-0.5615,0.13824875685947083,0.929,2.6633965367501102,1.0511905821120986,0.08002656908213854,1.1490066896641804,3.0572216882008423
776,2003.11.09.17.25.58,False,0.18151261205606967,-0.11374050292968751,0.07698454799662126,0.409,-0.5209999999999999,0.13739891009037714,0.9299999999999999,2.9774866104009696,1.3670114588151345,0.1189023633096522,1.1471311239386077,3.4151567100807325
777,2003.11.09.17.35.58,False,0.21821375041960162,-0.11406835937499998,0.0769675272495699,0.35050000000000003,-0.526,0.13763671359692198,0.8765000000000001,2.540398950582772,1.0912754404513962,0.03911021614211016,1.150255898730669,2.92737609528211
778,2003.11.09.17.45.58,False,0.1987345201951562,-0.11482509765625,0.07695361314363106,0.3355,-0.5675,0.13824955056562616,0.903,2.423261436786647,1.279280982917204,0.076799923818919,1.147539769922208,2.783539721007431
779,2003.11.09.17.55.58,False,0.15973860131970047,-0.1139378173828125,0.07572930958254008,0.32,-0.508,0.13684631681150927,0.828,2.3376010321161917,0.9721174000130908,0.07578262884390018,1.1471381683461885,2.682038108016378
780,2003.11.09.18.05.58,False,0.19103911514651484,-0.1137565185546875,0.07532768977557744,0.3195,-0.5335000000000001,0.13647366968581243,0.853,2.335422700151405,1.2093483450974294,0.05537038083246735,1.14711858937698,2.684089918319101
781,2003.11.09.18.15.58,False,0.10350584423977782,-0.11467084960937499,0.0758649749525353,0.27849999999999997,-0.536,0.1375283482036493,0.8145,2.0246820981816898,1.0004488521938073,0.07434565570912884,1.1453735652920942,2.3192080425369306
782,2003.11.09.22.02.15,False,0.13605003243564573,-0.11273981933593749,0.07714427301465729,0.271,-0.563,0.13662206221202006,0.8340000000000001,1.9829620088010043,1.081543197343195,0.03511365918376712,1.1524843429562606,2.285967617881917
783,2003.11.09.22.05.58,False,0.11255046418850345,-0.11423439941406249,0.07598008257426578,0.465,-0.471,0.13723480676240615,0.9359999999999999,3.3800971228032166,1.2482482084032047,0.09753878441672224,1.1460779091441151,3.8789489671281423
784,2003.11.09.22.15.58,False,0.12705484216776886,-0.1147255615234375,0.07606760579414495,0.2835,-0.5189999999999999,0.13767001645688637,0.8025,2.055333604451297,0.874985353671349,0.04244796930089401,1.1489845749290355,2.363271029222993
785,2003.11.09.22.25.58,False,0.19338181652496095,-0.1140293701171875,0.07579558571831735,0.32599999999999996,-0.492,0.13694778923869166,0.8180000000000001,2.376380603988745,1.228646557179892,0.048235241568664655,1.1468964443607887,2.7279452482841346
786,2003.11.09.22.35.58,False,0.15341355056380285,-0.11389499511718748,0.07706694308163499,0.305,-0.508,0.13754955180591777,0.8130000000000001,2.217321503254306,1.062545627555263,0.06417965557781619,1.1505197256593354,2.5511168937870585
787,2003.11.09.22.45.58,False,0.20556854844243927,-0.114415576171875,0.0759318196675098,0.344,-0.5640000000000001,0.1373462351993731,0.908,2.5063673952039824,1.344951724957947,0.08483555177999032,1.1465688965577159,2.8724090944921277
788,2003.11.09.22.55.58,False,0.21551688828578625,-0.1144759033203125,0.07662450401004715,0.35150000000000003,-0.5569999999999999,0.13779239175677174,0.9085000000000001,2.549973230278596,1.1486068469289914,0.04969356421210986,1.148302375304544,2.9288455244850944
789,2003.11.09.23.05.58,False,0.1147145898613624,-0.1136792724609375,0.07609131421874213,0.271,-0.527,0.13683001930009725,0.798,1.9802587557843023,0.977807455540636,0.06390166291213005,1.149121983260582,2.2757463221844603
790,2003.11.09.23.15.58,False,0.16745301521639583,-0.1137613037109375,0.07667403223965841,0.2965,-0.5185,0.13720778004637402,0.815,2.156311747526498,1.042426801052385,0.037622922575442384,1.1495215079733607,2.481666861172139
791,2003.11.09.23.25.58,False,0.17490364821059284,-0.1133651123046875,0.07673988958259007,0.3055,-0.504,0.13692091501581594,0.8095,2.22521479237267,1.0513727010227485,0.04305555383704043,1.151565608200393,2.565840051088629
792,2003.11.09.23.35.58,False,0.19075650038125486,-0.1141717529296875,0.0765605215908085,0.38949999999999996,-0.646,0.13749469533349254,1.0355,2.835161460787675,1.4822455042391738,0.0641359583667231,1.1481905300100341,3.2537539230676207
793,2003.11.09.23.45.58,False,0.11956464104303699,-0.11417946777343749,0.07600881567967828,0.267,-0.565,0.1371919765481518,0.832,1.9440931073693588,1.0196123311032308,0.023441589427827935,1.1486325880754091,2.23460442557229
794,2003.11.09.23.55.58,False,0.20116472980031547,-0.11394294433593749,0.07555478480337403,0.3675,-0.565,0.13674915487157538,0.9325,2.6863314685022055,1.2485334509284365,0.08363790445712456,1.1454462862110926,3.07799969213379
795,2003.11.10.00.05.58,False,0.1975164480545047,-0.11524609375,0.07683427659553689,0.35650000000000004,-0.5285,0.13855041775421542,0.885,2.5691162032626105,0.9432634129082655,0.020332315768195518,1.149544996113806,2.955775176826368
796,2003.11.10.00.15.58,False,0.16570550438702436,-0.1142510498046875,0.07716950318070265,0.416,-0.5075000000000001,0.13790297004911345,0.9235,3.0023868375788103,1.1733516224143143,0.09293800028606608,1.1490812106895412,3.4611682432043223
797,2003.11.10.00.25.58,False,0.2169470300138785,-0.11383801269531252,0.07546493383610109,0.3415,-0.5700000000000001,0.136613070364564,0.9115,2.4977555886254517,1.2303170612920558,0.04731534042952744,1.1466577169700218,2.8655659021527775
798,2003.11.10.00.35.58,False,0.19823045531809108,-0.114524462890625,0.07746998375328366,0.35150000000000003,-0.554,0.1382963382910541,0.9055,2.530957150238158,0.9987485132575249,0.03772716916870067,1.151566993964674,2.9208707651139965
799,2003.11.10.00.45.58,False,0.19679735573975204,-0.11416984863281249,0.07620345791149177,0.382,-0.5175000000000001,0.1372950780031117,0.8995000000000001,2.7765390589879875,1.2189153843985472,0.08649644503778878,1.1469755744677612,3.189485915399207
800,2003.11.10.00.55.58,False,0.13425908242118145,-0.11426716308593751,0.07572910212734707,0.3075,-0.477,0.13710846620481248,0.7845,2.239236691731635,0.8494356026483052,0.06908460241343245,1.147485932523408,2.5733177588179434
801,2003.11.10.01.05.58,False,0.11463472430554089,-0.11379392089843751,0.0753634936978051,0.277,-0.493,0.13651219088412597,0.77,2.0276963765941876,0.8177613304710238,0.053948187658964655,1.148136793531115,2.3297705005032086
802,2003.11.10.01.15.58,False,0.18866113654924127,-0.11408872070312501,0.07593877918825798,0.3295,-0.516,0.13707622155645102,0.8454999999999999,2.4010382295332366,0.9793056731890382,0.053262668372887505,1.148004528591267,2.758080183214175
803,2003.11.10.01.25.58,False,0.18005460549925073,-0.113744970703125,0.07638888858381226,0.3025,-0.538,0.1370497689200324,0.8405,2.2058214822921345,1.0011959877471477,0.03350490998365521,1.149514343870225,2.536710486701499
804,2003.11.10.01.35.58,False,0.2153384284588002,-0.113797998046875,0.07617505076767941,0.365,-0.5165,0.13697216731369705,0.8815,2.662848393647237,1.3070895357617762,0.06060623193676654,1.1476406092673168,3.057230581457601
805,2003.11.10.01.45.58,False,0.2020688013859171,-0.11395615234375,0.07672756934164944,0.3785,-0.569,0.13740008332523312,0.9475,2.758054769597409,1.0217206084355395,0.06571180622761816,1.1510900509103263,3.1729136649369805
806,2003.11.10.01.55.58,False,0.22571419341868315,-0.1142776123046875,0.07736174651075625,0.42500000000000004,-0.5985,0.1380395800303933,1.0235,3.0682043783876365,1.376167221855681,0.0455695499804171,1.1508604715303195,3.538248073731194
807,2003.11.10.02.05.58,False,0.19034962424372648,-0.1140673583984375,0.07632106897061391,0.3515,-0.493,0.13727601169296286,0.8445,2.5559830591738244,1.1219305577656398,0.0612899564775837,1.1481471975855162,2.938186696143884
808,2003.11.10.02.15.58,False,0.09507410869242205,-0.1139387451171875,0.0760001260857757,0.253,-0.4945,0.13698994554157984,0.7474999999999999,1.8437171022741587,0.7527009241728251,-0.009019876095526819,1.1504437164453396,2.123190961878957
809,2003.11.10.02.25.58,False,0.19494536257596135,-0.11364892578125,0.07560848824073832,0.3185,-0.47450000000000003,0.13653088742300187,0.7929999999999999,2.329542925112901,1.058728463940264,0.017352585937800074,1.1486056389001416,2.6773715936083473
810,2003.11.10.02.35.58,False,0.19652401596544145,-0.1140291015625,0.07731828760958427,0.3345,-0.5409999999999999,0.13780780261378467,0.8755,2.4231978417837645,0.9489793501973258,0.03420414804192393,1.1520253789345611,2.793980326228538
811,2003.11.10.02.45.58,False,0.22108815824561995,-0.11408801269531249,0.07688414368794226,0.3335,-0.5615,0.13760979801791168,0.895,2.4211087912854694,1.1420331454326806,0.033610518817136566,1.1505599556063784,2.7868992058346413
812,2003.11.10.02.55.58,False,0.2011490275770434,-0.11397880859374998,0.07529458056317379,0.3245,-0.514,0.13664949580544733,0.8385,2.3677927983427214,1.104379616348705,0.046230453078695166,1.147380107969992,2.7219213508919697
813,2003.11.10.03.05.58,False,0.16332993547158037,-0.11404035644531249,0.07545385531268274,0.3135,-0.5285,0.13675985801990817,0.8420000000000001,2.288227972390087,0.9124222073877475,0.03647278332512431,1.1467955243861825,2.626830952507147
814,2003.11.10.03.15.58,False,0.16494497412985376,-0.1141390869140625,0.0763341544111829,0.2895,-0.5335,0.1373359992188729,0.823,2.106974900778049,1.0713347717011599,0.022775443567109616,1.1487374128180718,2.4208908600856156
815,2003.11.10.03.25.58,False,0.17388988228924834,-0.113978955078125,0.07671238972033606,0.29300000000000004,-0.5005,0.13743347328748565,0.7935,2.1277097163020193,1.0373749127099403,0.007260308680469728,1.1507857858230301,2.4511767227997123
816,2003.11.10.03.35.58,False,0.197213956455777,-0.11371918945312501,0.07520366095114381,0.41400000000000003,-0.5895,0.1363753114613997,1.0035,3.021885614944745,1.2786236050041717,0.07136631323340506,1.14576430855744,3.470104905589274
817,2003.11.10.03.45.58,False,0.22411453362852168,-0.1138842041015625,0.07614390846073908,0.3295,-0.536,0.13701786082625567,0.8654999999999999,2.4047524470208392,1.2472098635170772,0.04800322731253197,1.1483116415502335,2.7614338629116255
818,2003.11.10.03.55.58,False,0.17002427483505994,-0.1136544921875,0.0754428816754405,0.2905,-0.514,0.13643871127407659,0.8045,2.1282104927874124,0.8249162479317469,0.008387590023342172,1.1503119489803304,2.4487899518871767
819,2003.11.10.04.05.58,False,0.2322816982649023,-0.11439501953125,0.07725555549853674,0.361,-0.6155,0.1380686980039924,0.9765,2.616124068577697,1.2905368229722844,0.030784685534096388,1.150274478717498,3.007768332052229
820,2003.11.10.04.15.58,False,0.1636308972211678,-0.1139242431640625,0.07632114252374242,0.3125,-0.552,0.13716677645463582,0.8645,2.275286883410403,1.186245373390641,0.07920268930199592,1.1479529350135889,2.6135813224179207
821,2003.11.10.04.25.58,False,0.12396033013177576,-0.1145314697265625,0.07513760534629174,0.278,-0.524,0.13701675747597652,0.802,2.023340026302199,0.8544661811883969,0.03410816607624455,1.1465108081017292,2.3230198161793765
822,2003.11.10.04.35.58,False,0.2253236394029482,-0.113795947265625,0.07567707972012394,0.34199999999999997,-0.543,0.13668817662657895,0.885,2.5000460357183303,1.1264819521941771,0.040536481470833934,1.14839677009641,2.8723221310700993
823,2003.11.10.04.45.58,False,0.16283540070961555,-0.11457031250000001,0.07722463237389476,0.31,-0.5835,0.13818193811978935,0.8935000000000001,2.2423718478193404,1.000752062356287,0.030588028156378292,1.150762673842154,2.581017512020375
824,2003.11.10.04.55.58,False,0.17919942887450058,-0.11369956054687502,0.07566041692262815,0.304,-0.5015000000000001,0.136600188176757,0.8055,2.22619434456802,0.9723801405477921,0.030967603575335123,1.148991909695718,2.5574231860267247
825,2003.11.10.05.05.58,False,0.2278899107921254,-0.114193896484375,0.07599488322277535,0.3625,-0.542,0.13720888848761986,0.9044999999999999,2.6282255591707213,1.1345183566845796,0.016068704437034054,1.1494793515638997,3.0303714769297994
826,2003.11.10.05.15.58,False,0.13145772663019406,-0.113846240234375,0.07572799759504503,0.30000000000000004,-0.46299999999999997,0.1367664152027397,0.763,2.191835000796603,1.0022862878204872,0.06314782989806535,1.147795806507519,2.51685027246343
827,2003.11.10.05.25.58,False,0.19387982519478691,-0.11403918457031251,0.07710800389507064,0.432,-0.5325,0.13767728519082734,0.9645,3.1286843440641503,1.2920614447568552,0.06690233406397894,1.1496936666597017,3.606599018953202
828,2003.11.10.05.35.58,False,0.13586349869412928,-0.11373076171874999,0.07536511032185153,0.2845,-0.596,0.1364755381655502,0.8805,2.0865757541373577,1.0649172760742807,0.040053886660534985,1.146668252896091,2.391182216376323
829,2003.11.10.05.45.58,False,0.2203406779403954,-0.11416513671874999,0.07555346713941555,0.34550000000000003,-0.521,0.13693288566237571,0.8665,2.517264683058949,1.042282062718041,0.03045707792312441,1.148453096231545,2.8955258039030425
830,2003.11.10.05.55.58,False,0.15032480512920632,-0.1140037841796875,0.07559769492101558,0.3115,-0.47950000000000004,0.1368195468655532,0.791,2.2754230138887293,1.0070154495237633,0.07336141543172373,1.146958903331354,2.610639728286786
831,2003.11.10.06.05.58,False,0.07621042016590118,-0.11413271484375,0.07544650585089091,0.26849999999999996,-0.46499999999999997,0.1368676590536486,0.7335,1.958643234769378,0.7827915724907002,0.08737945676287814,1.1473114281905685,2.249159338488478
832,2003.11.10.06.15.58,False,0.21290305462852244,-0.114133837890625,0.07480675217657355,0.34199999999999997,-0.49550000000000005,0.13649259607952022,0.8375,2.498852390988557,1.2069476547901994,0.04190563779114935,1.1454127201734834,2.866037062575528
833,2003.11.10.06.25.58,False,0.20171187271748964,-0.114220361328125,0.07504019721535585,0.359,-0.47350000000000003,0.1366962430577085,0.8325,2.617771657240725,1.0101854298378212,0.02057184458263499,1.1475769676133485,3.0087063581875624
834,2003.11.10.06.35.58,False,0.15661647697927383,-0.11394729003906251,0.07521752935875997,0.3,-0.48450000000000004,0.13656125236512762,0.7845,2.196702470106123,0.8748828654495904,0.033715796136261494,1.1481440369421714,2.5221953012506915
835,2003.11.10.06.45.58,False,0.11702450523878549,-0.114052685546875,0.07422042799525891,0.28200000000000003,-0.48850000000000005,0.13610332116541246,0.7705,2.071452854912525,0.8801874739880673,0.05112277548386792,1.1439682242390892,2.369970119421671
836,2003.11.10.06.55.58,False,0.17858844539530766,-0.11412756347656249,0.07394592493994925,0.315,-0.53,0.13602599659937328,0.845,2.3157499351597792,0.8769707410077334,0.013561273824642945,1.1457435844183852,2.653247448699485
837,2003.11.10.07.05.58,False,0.19690591729714124,-0.114273388671875,0.07395202321331346,0.3665,-0.558,0.1361595663803954,0.9245000000000001,2.684984275004802,1.0801887612252246,0.04689930493350745,1.1435291295263263,3.0743424595786664
838,2003.11.10.07.15.58,False,0.19118737873176295,-0.11398686523437501,0.07288950360263294,0.339,-0.5065,0.13535847957343072,0.8455,2.496829752437278,0.992290030231221,0.03515161188662669,1.1426998022791517,2.8575685794347434
839,2003.11.10.07.25.58,False,0.12405193049449659,-0.11446804199218749,0.07500125568881777,0.2775,-0.5235000000000001,0.13687511847832515,0.8009999999999999,2.0233136227735584,0.7137229710852611,0.02539606462710492,1.1477499188312053,2.324823907856962
840,2003.11.10.07.35.58,False,0.1712800709528715,-0.1136281982421875,0.07439331220410143,0.3235,-0.5115000000000001,0.1358539784870951,0.835,2.3825037294356495,1.048661420014009,0.055870493688014736,1.1450811597369979,2.7274891033224304
841,2003.11.10.07.45.58,False,0.18097424219518693,-0.11438078613281251,0.07612806866449881,0.3235,-0.507,0.1374136763368897,0.8305,2.3507549104213057,1.0136038397941756,0.036573345095473844,1.1484188862445366,2.7011834054122303
842,2003.11.10.07.55.58,False,0.1953588056720701,-0.1142041015625,0.07506091024519454,0.399,-0.569,0.1366891425341333,0.968,2.90742316571173,1.1783224200751667,0.06306755679715195,1.1462688673643986,3.340300567198101
843,2003.11.10.08.05.58,False,0.17595884393167222,-0.113781591796875,0.07441481041758786,0.31599999999999995,-0.544,0.13599284737914652,0.86,2.3216403179808998,1.1516507826930784,0.05104648616929238,1.1447771394051087,2.659295674657169
844,2003.11.10.08.15.58,False,0.1450071886090274,-0.1139517822265625,0.0740682329079154,0.2895,-0.5655,0.13594740906782676,0.855,2.1226534327991406,0.877654307137649,0.02126558680612311,1.1465135991378141,2.4376857917220853
845,2003.11.10.08.25.58,False,0.11704217913921566,-0.113716943359375,0.07393237754250948,0.298,-0.47850000000000004,0.1357008804274644,0.7765,2.1883654614020713,0.8216276699210503,0.06470346028336162,1.1444358816457538,2.5110864788207796
846,2003.11.10.08.35.58,False,0.15458207675201535,-0.11429274902343751,0.07425485239100842,0.2855,-0.529,0.13634917257498372,0.8145,2.091377708275704,1.057745092585863,0.02128955106794883,1.14482619983756,2.3958504187562513
847,2003.11.10.08.45.58,False,0.17519616157708628,-0.11357478027343751,0.07565520582807399,0.386,-0.49550000000000005,0.1364919342357337,0.8815,2.819522359686735,0.9494607017969807,0.07510132175917263,1.1474140033744091,3.2396577925724523
848,2003.11.10.08.55.58,False,0.1648720360103934,-0.1139825927734375,0.07516546230814306,0.419,-0.482,0.13658038033632502,0.901,3.0500287406108217,1.3104340670774923,0.06716582728816545,1.1463023709938271,3.507555286895257
849,2003.11.10.09.05.58,False,0.06662193267227146,-0.12378935546875001,0.0741359774244096,0.2735,-0.5175000000000001,0.14429646308834326,0.791,1.907813963056721,0.9666533156843862,0.021937079514859605,1.1316762645988128,2.159672259385416
850,2003.11.10.09.15.58,False,0.07477745139464032,-0.11421455078125001,0.07456051332003343,0.2315,-0.508,0.13643845685765074,0.7395,1.692563264409955,0.8184580034645468,0.007801148428289705,1.1465703170043238,1.9431563483196777
851,2003.11.10.09.25.58,False,0.17243617551754736,-0.1206774658203125,0.07568561599953563,0.349,-0.5469999999999999,0.14245009812061557,0.8959999999999999,2.423900682850655,1.4656652163118182,0.04237814774548968,1.1382391602531174,2.75721179857148
852,2003.11.10.09.35.58,False,0.09938149188814294,-0.1137354736328125,0.07357037473933387,0.259,-0.48450000000000004,0.13550277224537116,0.7435,1.9090089986163412,0.7950293550977277,-0.008842514879876421,1.1470696050852633,2.191827744901851
853,2003.11.10.09.45.58,False,0.1550110861911625,-0.1140268798828125,0.07552203622836517,0.28550000000000003,-0.5075000000000001,0.1368088270982899,0.7929999999999999,2.0824452796460653,0.9899361457442841,0.03269092689080258,1.148418172026646,2.394548034840652
854,2003.11.10.09.55.58,False,0.15856168649559044,-0.114653759765625,0.07632102825602868,0.3185,-0.647,0.13775716717089947,0.9655,2.3107588383900612,1.1798110751481263,0.03864569834848246,1.1478801965419743,2.6530773207555605
855,2003.11.10.10.05.58,False,0.17313945769515654,-0.113812548828125,0.07496196833155616,0.3235,-0.49550000000000005,0.13630217736031314,0.819,2.3730344404973334,0.9222000528331458,0.05185059514067945,1.148170819181526,2.7249119162952735
856,2003.11.10.10.15.58,False,0.21953287255576437,-0.11417841796875,0.07520663120153336,0.3295,-0.5405,0.13674616681855084,0.8700000000000001,2.408022033597824,1.2256223517464702,0.0363415656312734,1.1465270273856247,2.761550040268616
857,2003.11.10.10.25.58,False,0.1845189969650387,-0.1139461181640625,0.07418711000005503,0.309,-0.5429999999999999,0.1359903625469061,0.852,2.2775299455023092,1.0723794847141161,0.03171732328184685,1.1450977020765647,2.6053112711409314
858,2003.11.10.10.35.58,False,0.09519104844461967,-0.1145001953125,0.07514457156757504,0.271,-0.5994999999999999,0.13697905708922375,0.8704999999999999,1.9776171039779025,0.9690456391803053,0.06378503988134474,1.1454698693438186,2.2657208929821127
859,2003.11.10.10.45.58,False,0.07149698978828656,-0.118497998046875,0.0746197575302624,0.2675,-0.4855,0.1400355411417753,0.7529999999999999,1.9036016838941379,0.8679681062861577,0.03737312266990674,1.1397439736966006,2.1699257498297055
860,2003.11.10.10.55.58,False,0.12263127735706258,-0.1124420166015625,0.07512914252625422,0.2625,-0.521,0.1352747944241997,0.7835000000000001,1.9413271761457516,0.76263980202003,0.015220626450116188,1.150957213516584,2.237250157044796
861,2003.11.10.11.05.58,False,0.1966504295579436,-0.11410253906250001,0.07541063747272064,0.3365,-0.6515,0.13679573694971753,0.988,2.4576874630854073,1.343304657585874,0.02169316186241984,1.1482805229434887,2.8229711138233053
862,2003.11.10.11.15.58,False,0.15477369457932677,-0.115974755859375,0.08003633995794933,0.31000000000000005,-0.5760000000000001,0.14096753725421918,0.886,2.1937885509789146,0.8671057830377771,0.007636036542433982,1.15577574685405,2.5373293826407943
863,2003.11.10.11.25.58,False,0.16854448934200034,-0.1144903564453125,0.07617545334252811,0.3115,-0.519,0.13753674351119394,0.8305,2.260441046618398,0.7417238885091981,0.025237525155049047,1.149820960065838,2.601936431991034
864,2003.11.10.11.35.58,False,0.1872464144845386,-0.11333515625000001,0.07501976704411956,0.3845,-0.5125,0.13596278986236882,0.897,2.822731784929986,1.1870958421456326,0.08769989292774327,1.1470556479265168,3.243252135047446
865,2003.11.10.11.45.58,False,0.14320669864296098,-0.1152895751953125,0.07487079505113424,0.29200000000000004,-0.5275000000000001,0.1375005721629643,0.8195,2.118377677221698,1.0251356863086714,0.02414002442664018,1.1443739023497623,2.4262683064133563
866,2003.11.10.11.55.58,False,0.12160424182937524,-0.1141877197265625,0.07438996041845425,0.277,-0.509,0.136304541687743,0.7859999999999999,2.029908249196973,0.8574763402593275,0.041067312859297864,1.145614823554554,2.3268776172911667
867,2003.11.10.12.05.58,False,0.13802011827686778,-0.11400771484374998,0.07330632647251184,0.3075,-0.5045000000000001,0.13557462530635617,0.812,2.266461919174346,0.8861868970670024,0.04483440144258745,1.143435600601975,2.5923953399174393
868,2003.11.10.12.15.58,False,0.16036482360611765,-0.1139510498046875,0.07336051485042905,0.314,-0.4835,0.13555196319385915,0.7975,2.314278058479065,0.8360457838333477,0.024191699117268445,1.1438348522827535,2.648901146304012
869,2003.11.10.12.25.58,False,0.1307728563242898,-0.11794946289062502,0.07539287671098943,0.348,-0.48,0.13998644009890077,0.828,2.473578406894254,0.8855970143578418,0.06857431803108067,1.1420224707190707,2.8254820624743857
870,2003.11.10.12.35.58,False,0.2192472519638466,-0.1137599365234375,0.07534662780872753,0.41400000000000003,-0.529,0.13646931945968166,0.9430000000000001,3.0287233426906157,1.225110091712136,0.04731656103259041,1.1487105041030432,3.483975940457598
871,2003.11.10.12.45.58,False,0.1947160018932999,-0.1140627197265625,0.07556680808712471,0.3345,-0.5115000000000001,0.13685081203224495,0.8460000000000001,2.446471204413191,0.9189821613037725,0.041619555477065306,1.147255451667092,2.8045966015312427
872,2003.11.10.12.55.58,False,0.11976579331166604,-0.11452380371093751,0.07701059009038992,0.277,-0.5705,0.13802065950016698,0.8474999999999999,2.003766922793271,0.9156373522461734,0.019944812107842363,1.1512951315308593,2.308660103437391
873,2003.11.10.13.05.58,False,0.21100812318648393,-0.1137256591796875,0.075351765072907,0.33099999999999996,-0.5385,0.13643420569428688,0.8694999999999999,2.4252908424234345,0.9115859758676441,0.0224662582710468,1.1497053163600441,2.7889023462504383
874,2003.11.10.13.15.58,False,0.1403455082942351,-0.113753515625,0.07583509590286265,0.2785,-0.5625,0.13673278996139004,0.841,2.0336875373987304,0.9144848637231764,0.023298281171259375,1.1490314890624012,2.3386700089144075
875,2003.11.10.13.25.58,False,0.15166693103876677,-0.11373486328124999,0.07545370036344509,0.322,-0.488,0.13650325282170478,0.81,2.3577381465470477,0.9172674072484779,0.07726340437428303,1.1466764825252298,2.704293817940825
876,2003.11.10.13.35.58,False,0.17847192779378585,-0.11436359863281251,0.07414787516922917,0.316,-0.548,0.13632149206436206,0.8640000000000001,2.314028119790095,0.915874897893904,0.0009681778044244652,1.1459623362531781,2.6541030579084945
877,2003.11.10.13.45.58,False,0.15983848702213238,-0.1141408447265625,0.07543026543271451,0.29900000000000004,-0.516,0.13684434093274145,0.8150000000000001,2.1809424567856066,0.9195170636355705,0.0329450873227945,1.1468647471644244,2.5032427250464675
878,2003.11.10.13.55.58,False,0.18936997035491288,-0.11427724609374998,0.07533433305631876,0.3245,-0.5275000000000001,0.13688874984984314,0.8520000000000001,2.3669855405584497,0.8996440139316386,0.009651548672002042,1.148461410023731,2.7204753725501125
879,2003.11.10.14.05.58,False,0.1317544114946082,-0.1135595947265625,0.07544164795412396,0.2955,-0.46399999999999997,0.1363716911403376,0.7595000000000001,2.1652087560158786,0.8393915931373717,0.051322971464059355,1.1480012594550026,2.4870787846808353
880,2003.11.10.14.15.58,False,0.18876762945575243,-0.11454704589843749,0.07458910409965247,0.3365,-0.543,0.13671088205831727,0.8795,2.45948747399422,1.0810365462483058,0.06068918635817917,1.1446074049378168,2.816155450320424
881,2003.11.10.14.25.58,False,0.17708801649634331,-0.11341750488281249,0.07667710551295778,0.3005,-0.5575,0.136917025495841,0.858,2.195041588754313,0.9769219518921557,0.027382451379111335,1.1518209250945883,2.527964306756402
882,2003.11.10.14.35.58,False,0.216497752535185,-0.1144239013671875,0.07552836867274249,0.376,-0.5505,0.13711721080483036,0.9265,2.736947352415596,0.9893985864250412,0.01444628698259323,1.1487604477554463,3.1469860984441613
883,2003.11.10.14.45.58,False,0.1806777617038095,-0.11297521972656249,0.0743890662282988,0.332,-0.51,0.13531213401365838,0.8420000000000001,2.4504628680040073,1.052450559727485,0.06886601577169194,1.1458591323896306,2.81215378031753
884,2003.11.10.14.55.58,False,0.0756433995001653,-0.12124892578125,0.07572075823825347,0.27849999999999997,-0.508,0.14296391715724938,0.7865,1.9589309063756826,0.8639485923179566,0.029696218594018386,1.1389946418417978,2.2320893578433787
885,2003.11.10.15.05.58,False,0.19569978368530067,-0.1108814453125,0.07534581692756477,0.3125,-0.5445,0.13413460169759178,0.8570000000000001,2.331849054275218,0.8152679868640818,0.01945143306533536,1.153862728336139,2.693491851033942
886,2003.11.10.15.15.58,True,-0.00952154744354905,-0.1433740234375,0.07588179214846108,0.265,-0.5834999999999999,0.16263873248012595,0.8484999999999999,1.6475868803482823,1.1122464570314852,0.06990511665720871,1.1139592777693532,1.8383087068039476
887,2003.11.10.15.25.58,False,0.18729314003068143,-0.1142123779296875,0.07695893535714263,0.3195,-0.5225,0.13772612029570874,0.8420000000000001,2.3158200232661477,0.986979221625208,0.0213297004774822,1.1512977036466634,2.667677880077306
888,2003.11.10.15.35.58,False,0.15670824338801342,-0.1134864990234375,0.07694255129142658,0.3185,-0.558,0.13712364758932544,0.8765000000000001,2.320879733431798,0.9034525027145803,0.06074491092693854,1.1515917099860182,2.673680967274313
889,2003.11.10.15.45.58,False,0.1699614435513102,-0.115035986328125,0.07583727305853431,0.3125,-0.508,0.13778968631440353,0.8205,2.2697461046760057,0.8417130708702032,0.01191120826365923,1.1485533743457088,2.6058381874594456
890,2003.11.10.15.55.58,False,0.2056246623181806,-0.11343630371093749,0.07679765263710847,0.3675,-0.536,0.13701158131296465,0.9035,2.6777393230284856,0.9615769626190891,0.04738889907280582,1.151634353362355,3.0874924628285503
891,2003.11.10.16.05.58,False,0.20633709651736598,-0.11385954589843748,0.0757478544515563,0.3285,-0.5665,0.13677585727152525,0.895,2.39917772987999,1.006391343225015,0.03252970386673145,1.1495075939457833,2.760091914500359
892,2003.11.10.16.15.58,False,0.21929905130585753,-0.11389863281250001,0.07605229352317304,0.377,-0.5834999999999999,0.13696637570149023,0.9605,2.7483951155326674,1.146484123086731,0.041077594749198275,1.1498968223051698,3.163596127168801
893,2003.11.10.16.25.58,False,0.15654823104018234,-0.113170654296875,0.07650131334353373,0.277,-0.5245,0.13661294310342584,0.8015,2.026365873422984,1.0047035706466978,0.02248193939224964,1.1507716710868148,2.332938211628287
894,2003.11.14.11.02.17,False,0.06508721568679077,-0.11418576660156249,0.07224134094809713,0.2345,-0.49950000000000006,0.13513875814489032,0.734,1.7352453717618115,0.6599308613816297,-0.004007816265909952,1.1438483175645806,1.9848612329661321
895,2003.11.14.11.12.17,False,0.14976323296829508,-0.1165569091796875,0.07233037881716006,0.339,-0.52,0.13721991261496558,0.859,2.463476701091334,0.8803218056822815,0.05489546829228392,1.1386061409469197,2.808821076632295
896,2003.11.14.11.22.17,False,0.157220968659184,-0.116491015625,0.07365015503159551,0.3185,-0.52,0.1378390414567437,0.8385,2.3069708817924512,0.9465042869219338,0.004213681265247484,1.1424076655313606,2.637552362430996
897,2003.11.14.11.32.17,False,0.20473579743210402,-0.1155255859375,0.07307122661835186,0.35150000000000003,-0.5565,0.13673061294772904,0.908,2.561235406072886,0.9619974820653852,-0.001088883139053835,1.1429174452308248,2.9332736047375394
898,2003.11.14.11.42.17,False,0.11823973455331283,-0.1159050048828125,0.07319493461929817,0.277,-0.5045,0.13712898058792372,0.7815000000000001,2.0096251943848005,0.9840198945837781,0.016623816093254223,1.1401616729479869,2.2959671298009234
899,2003.11.14.11.52.17,False,0.17628564202693564,-0.114490771484375,0.0730282368546751,0.40900000000000003,-0.5335,0.135841681676774,0.9425000000000001,2.998979541779584,1.1057757213567319,0.06223746761390247,1.141394499752518,3.430757050216034
900,2003.11.14.12.02.17,False,0.15228866843421218,-0.11465771484375001,0.07333890292078776,0.3075,-0.4955,0.13614331170849875,0.8029999999999999,2.25014314289696,0.8162603322819755,0.02241777363129112,1.1437165255224566,2.5774547719957877
901,2003.11.14.12.12.17,False,0.204614480656872,-0.114765234375,0.07496173059335641,0.349,-0.519,0.13709423682156066,0.868,2.539287512845021,1.0495431137455264,0.038555521636002364,1.1464132932768978,2.915383054452903
902,2003.11.14.12.22.17,False,0.16832615603651863,-0.115296630859375,0.07322410534964727,0.327,-0.491,0.13661244406391398,0.8180000000000001,2.387299464149717,0.8866559700025356,0.0015430402351459607,1.143322292468533,2.732389379022516
903,2003.11.14.12.32.17,False,0.09222588573443846,-0.114648486328125,0.0740444187798856,0.25,-0.5225,0.13651268098893293,0.7725,1.8296126536894883,0.7856352312767916,0.003265781210814783,1.1459931358476914,2.0976466015241653
904,2003.11.14.12.42.17,False,0.11531313714601088,-0.11409167480468749,0.07426889849198592,0.2625,-0.541,0.13615983599430126,0.8035000000000001,1.9258636438406342,0.7870499898131675,-0.008494492498249132,1.1479326647880965,2.212351691845371
905,2003.11.14.12.52.17,False,0.15854142517356234,-0.11488947753906249,0.0748571955816797,0.31,-0.5269999999999999,0.13714009103443425,0.837,2.2554070051163895,0.913932512195293,0.030342086643223076,1.1457521785081697,2.587397976468301
906,2003.11.14.13.02.17,False,0.18329132138333248,-0.11356960449218749,0.07429410508934994,0.393,-0.493,0.1357295007029736,0.886,2.895202619571351,0.7622617395918438,0.02313733044653269,1.1480377351399715,3.3243501852844624
907,2003.11.14.13.12.17,False,0.14394093618204634,-0.1151459716796875,0.07413640192956633,0.2905,-0.5605,0.13696112925947862,0.851,2.118953134663961,0.8915340102265579,-0.018062141357103625,1.1463347214027482,2.4299710862428068
908,2003.11.14.13.22.17,False,0.2116163793429544,-0.11525178222656249,0.07474888972585442,0.359,-0.5165,0.13738380736890504,0.8755,2.6085515115087254,1.0912385049376323,0.02553213857910402,1.1456247055062203,2.992478274740143
909,2003.11.14.13.32.17,False,0.17412262761074587,-0.11399443359375,0.07457214739326573,0.293,-0.5569999999999999,0.136235255947935,0.85,2.1509055457648554,0.9669573440901067,-0.003845543843289891,1.1481595251299153,2.4693484942660846
910,2003.11.14.13.42.17,False,0.11126460616533551,-0.11440063476562501,0.07425723520219918,0.2575,-0.542,0.13640799297952222,0.7995000000000001,1.8867172477142578,0.9832809897511301,-0.01352585619823592,1.1474297294223197,2.165469399245614
911,2003.11.14.13.52.17,False,0.13359575673622526,-0.1151996826171875,0.07414897637969506,0.278,-0.498,0.13700795976625119,0.776,2.0292160697023465,0.9064210715076204,-0.00618017903171415,1.1453611988549908,2.3240957887247635
912,2003.11.14.14.02.17,False,0.15660054634409998,-0.11334140625000001,0.07437439087009479,0.2915,-0.5725,0.13557898098647064,0.8640000000000001,2.1490263295902645,0.98768441450345,-0.038785504492628804,1.149547755496898,2.470947214284753
913,2003.11.14.14.12.17,False,0.21058811868173483,-0.11384201660156248,0.07586099448021667,0.40049999999999997,-0.5445,0.13681222306518026,0.9450000000000001,2.923540284681777,1.0195060395176179,0.028661111161146814,1.1502557517370124,3.365552104183219
914,2003.11.14.14.22.17,False,0.1379954872728787,-0.1147880126953125,0.07419082291197221,0.2865,-0.504,0.13668739288804385,0.7905,2.0965350452621534,0.7510363057599247,0.004101622603459466,1.1464345604407258,2.403216913955939
915,2003.11.14.14.32.17,False,0.15863932194623032,-0.1139435546875,0.07354487327116635,0.443,-0.5835,0.13564022038351176,1.0265,3.25127744094857,1.149096062203532,0.04921609227881159,1.1445678973381348,3.7296638952850882
916,2003.11.14.14.42.17,False,0.05346037020278316,-0.117766552734375,0.0739139695892286,0.2425,-0.48450000000000004,0.1390406182069851,0.7270000000000001,1.7428055276710743,0.5145687023498049,-0.012286637905931309,1.1434051265789096,1.9927789689412614
917,2003.11.14.14.52.17,False,0.1268107821306037,-0.114622705078125,0.0740077262262232,0.27999999999999997,-0.47,0.13645669530783205,0.75,2.047745009030972,0.8792256926701933,0.011042715951386239,1.145989584222937,2.3499303711251116
918,2003.11.14.15.02.17,False,0.05913574416040113,-0.07765449218750001,0.07538159316419588,0.3255,-0.5245,0.11181817376890865,0.85,3.231715451367068,0.9753795186896257,0.05448407191916525,1.2051320737248772,3.9948752937883674
919,2003.11.14.15.12.17,False,0.1811650152456289,-0.1142511962890625,0.0730624845203636,0.32,-0.526,0.13564261019520074,0.8460000000000001,2.354613982080936,0.9245534257971959,-0.002863668369931381,1.1444610372167805,2.6977233505888347
920,2003.11.14.15.22.17,False,0.07345525808075992,-0.1151690673828125,0.07368716726264238,0.2685,-0.492,0.13674379110572554,0.7605000000000001,1.9629999241321556,0.7487686733658756,0.04394854795581665,1.1437223736820634,2.2454483183603386
921,2003.11.14.15.32.17,False,0.03541433621011336,-0.146475390625,0.07267621972992835,0.365,-0.616,0.163917591044889,0.981,2.211248315701132,0.994411959486434,-0.015178903425793039,1.1082522644469976,2.4483622723069507
922,2003.11.14.15.42.17,False,0.13897003564768362,-0.11423234863281251,0.0737139682075492,0.3125,-0.47850000000000004,0.13597853649814923,0.7909999999999999,2.2946815893409784,0.9047912232074751,0.04921226285942938,1.1440726449229388,2.627042267103752
923,2003.11.14.15.52.17,False,0.03825168865581452,-0.1304708251953125,0.07436243333931337,0.28200000000000003,-0.5349999999999999,0.15027026691677486,0.817,1.8781348834057663,0.8451345750436614,-0.031989518324373384,1.1268846414767582,2.1166622592231747
924,2003.11.14.16.02.17,False,0.14031839323159112,-0.1161872802734375,0.07532835518882164,0.2855,-0.5125,0.13847258145179397,0.798,2.0607981859923292,0.8411026297525668,-0.01958350194752289,1.1478592651506498,2.365612591991924
925,2003.11.14.16.12.17,False,0.14440217449045067,-0.1159646240234375,0.07452206367214746,0.4675,-0.514,0.137850487517147,0.9815,3.3798452540129142,1.0997785022719002,-0.003765816753078674,1.1458991302945898,3.874310054581103
926,2003.11.14.16.22.17,False,0.15515882486259686,-0.094293212890625,0.07559231625914309,0.2885,-0.4655,0.121779451246597,0.754,2.4468191689955168,0.7330935234607998,0.008555839396193532,1.182259368050096,2.917935810228861
927,2003.11.14.16.32.17,False,0.1932531393695348,-0.111649560546875,0.07593627140854282,0.3345,-0.487,0.13514349068298678,0.8215,2.4760234004130615,0.7319201125687831,-0.004711017972585087,1.1554718479445603,2.8670246000319164
928,2003.11.14.16.42.17,False,0.20303891386061068,-0.1147459716796875,0.07600050010028894,0.392,-0.587,0.13763867257828208,0.979,2.8450002684978752,1.0039036989587193,-0.02621345136958036,1.1506346687407076,3.2753864610579666
929,2003.11.14.16.52.17,False,0.17570912024759794,-0.1150924560546875,0.07553641534660123,0.4235,-0.546,0.13767958542202152,0.9695,3.0756727216339703,0.9060176434354552,0.02457739003634666,1.148419169987342,3.5322925368590266
930,2003.11.14.17.02.17,False,0.19775506480045413,-0.11453859863281249,0.07453422005436541,0.3855,-0.527,0.1366634199310881,0.9125,2.8172610643996796,0.874902141391692,-0.004010407142799315,1.1476399488945317,3.235124623569093
931,2003.11.14.17.12.17,False,0.14044490050361325,-0.11006962890625,0.07701676681630323,0.28300000000000003,-0.5825,0.1344723381398895,0.8655,2.106517461464905,0.9239837769323196,-0.025613120151988238,1.1601424634166988,2.4481009023470195
932,2003.11.14.17.52.14,False,0.2378723543832476,-0.11422583007812499,0.0769326993529959,0.404,-0.5800000000000001,0.13772559233999387,0.984,2.932830014427783,1.2032560603754328,0.0069045174449813285,1.1521967525250005,3.3794348325893195
933,2003.11.14.17.58.46,False,0.11624354314416263,-0.1147044677734375,0.07575792298829544,0.2645,-0.513,0.1374718021763629,0.7775000000000001,1.9237473356987183,0.8168609944264951,-0.00641643062970196,1.1500457246563842,2.2125457816364316
934,2003.11.14.18.08.46,False,0.161874665551702,-0.11445402832031251,0.07693617465463942,0.29500000000000004,-0.5495000000000001,0.1379112330150188,0.8445,2.1376097919743806,0.839731199364016,-0.001617412495714926,1.1527449189071408,2.464922459456997
935,2003.11.14.18.18.46,False,0.21756640226981167,-0.11448176269531252,0.07521071555044054,0.34550000000000003,-0.5115000000000001,0.13698428955523217,0.857,2.52028748696221,1.0281441713570592,0.024438197094719616,1.1475669027385633,2.892807983625735
936,2003.11.14.18.28.46,False,0.14872824005503543,-0.11510634765625,0.07578722317641964,0.293,-0.5395,0.13783051801823237,0.8325,2.1225212627162353,0.796260185645393,-0.011425305990307506,1.1493951706272463,2.4407386265416173
937,2003.11.14.18.38.46,False,0.10532760755451276,-0.114332080078125,0.07523465417799594,0.26,-0.5025,0.13687071149595473,0.7625,1.89814432326427,0.8753793058548909,-0.00904586955947787,1.1486809661227708,2.180915985051275
938,2003.11.14.18.48.46,False,0.20551334199242538,-0.114105126953125,0.0765733072265016,0.42400000000000004,-0.532,0.13743114844686707,0.956,3.084442176511015,1.1417605980762404,0.010692769602401744,1.1528891309180427,3.556891298778959
939,2003.11.14.18.58.46,False,0.13820277119546298,-0.11536494140625,0.07585952493698583,0.28400000000000003,-0.486,0.13808751653445286,0.77,2.05467006502117,0.8540053468957101,-0.005251705691049345,1.1487730651568433,2.361241673486615
940,2003.11.14.19.08.46,False,0.22702111041241474,-0.113980712890625,0.07832809519006939,0.387,-0.5529999999999999,0.13830460621758572,0.94,2.7954192298807072,1.255775431363832,0.05859844088989785,1.1538427932836086,3.227178496959675
941,2003.11.14.19.18.46,False,0.1438502053499145,-0.1139517333984375,0.075867800291373,0.271,-0.5235000000000001,0.13690764655197757,0.7945,1.9783333704617365,0.8438040993647786,-0.0026994749853165943,1.1509054195242632,2.2772334012221944
942,2003.11.14.19.28.46,False,0.0657457156985386,-0.11517416992187499,0.0764976337076674,0.239,-0.5125,0.13827162513654076,0.7515000000000001,1.7276252134115786,0.8530322259475087,-0.04898523093931755,1.152097235704648,1.990712246442654
943,2003.11.14.19.38.46,False,0.18613984948120793,-0.11421381835937501,0.07619358866379422,0.3115,-0.5165,0.13730250291067206,0.8280000000000001,2.266807296766791,0.8572821273518454,-0.0039369170628285165,1.1526134076800576,2.6138311351226386
944,2003.11.14.19.48.46,False,0.17717037715509,-0.1137150390625,0.07778786573076815,0.3065,-0.5565,0.137779181923641,0.863,2.2240411811925505,0.8957376871391669,0.00430652478804051,1.1549431745642216,2.5688936926918444
945,2003.11.14.19.58.46,False,0.1827735804603549,-0.115078662109375,0.07593700240883974,0.321,-0.5385,0.13789198170484707,0.8595,2.325027926046369,0.9275853928455473,0.0011039605354991391,1.1492185209611905,2.673625604962507
946,2003.11.14.20.08.46,False,0.19279975639648422,-0.11427180175781251,0.0757388435803054,0.316,-0.5335,0.1371040303732057,0.8495,2.3052435982872197,0.9219712109039764,-0.015741614085051994,1.151759034961627,2.654846147490146
947,2003.11.14.20.18.46,False,0.17365033667389396,-0.114290673828125,0.07630731113465317,0.305,-0.499,0.13743186737085497,0.804,2.2171193194235475,0.9749483678810278,-0.027461422740902526,1.1521492903788504,2.55559837314403
948,2003.11.14.20.28.46,False,0.16416210196220127,-0.115308447265625,0.07658441646405054,0.3075,-0.525,0.1384362608544786,0.8325,2.22171699201954,0.835342447421024,0.022400861968879214,1.1495231265865418,2.5534592844071877
949,2003.11.14.20.38.46,False,0.18539660492109328,-0.11429614257812501,0.07664940900179276,0.3065,-0.49550000000000005,0.13763610626086387,0.802,2.224863672330298,1.0095716180204062,0.0171761350969898,1.150551500865241,2.5606351293146057
950,2003.11.14.20.48.46,False,0.2274313431042123,-0.1138344970703125,0.07673089191526222,0.3405,-0.5575,0.13729306053862558,0.8979999999999999,2.4788723898091294,1.1204031200577422,0.006080161611589309,1.1527162639822102,2.8582290455804524
951,2003.11.14.20.58.46,False,0.19019010370861955,-0.1151889892578125,0.07653706343000438,0.332,-0.5309999999999999,0.13832186170285726,0.863,2.3946009540327515,0.8877947780064439,-0.02319296444975614,1.1516802102777253,2.7611284961469336
952,2003.11.14.21.08.46,False,0.20160372086545686,-0.1144146240234375,0.0761563092417643,0.349,-0.5395,0.1374540399082479,0.8885000000000001,2.5341451491876654,0.8949390815287228,-0.03354704589076925,1.15220752622667,2.9225998184215145
953,2003.11.14.21.18.46,False,0.2266817575266717,-0.11128955078125,0.07617548118827341,0.34750000000000003,-0.525,0.13491529423555318,0.8725,2.580860230830494,1.0481861169985778,0.018540792493228347,1.1555100876720483,2.9889344514505836
954,2003.11.14.21.28.46,False,0.16779669631603028,-0.10360102539062499,0.07608500506373209,0.32,-0.4845,0.12883504583687946,0.8045,2.5198832594639793,0.7823754137523407,-0.03715612322958833,1.1696096654040562,2.960438197177675
955,2003.11.14.21.38.46,False,0.165422077962115,-0.1030973388671875,0.07697090276123769,0.37,-0.515,0.1289159940196,0.885,2.8804891257086522,0.9105840513675068,0.04242380431094373,1.1691565614067314,3.370945150092905
956,2003.11.14.21.48.46,False,0.2149255836994266,-0.1098793212890625,0.07715142318120674,0.4015,-0.5675,0.13431295722532738,0.9690000000000001,3.0048206985911903,1.1132166709692393,0.036988253796430365,1.1591399443463029,3.4926223141588637
957,2003.11.14.21.58.46,False,0.18836378948301435,-0.114663037109375,0.07541395601146883,0.32699999999999996,-0.5115,0.13724946521696862,0.8385,2.381942611997677,0.8783502973922719,-0.009554187753112252,1.149956370048939,2.739576048519498
958,2003.11.14.22.08.46,True,-0.016547012997960353,-0.16764150390625002,0.07636801718078384,0.321,-0.6205,0.18536205136277148,0.9415,1.9920425761791656,1.1551905344757012,0.026301346227781578,1.101767755395131,2.236744245735888
959,2003.11.14.22.18.46,False,0.19299824282943767,-0.11219616699218748,0.07695555867096449,0.3295,-0.476,0.136085961161453,0.8055000000000001,2.4218859599286144,0.8696985994612765,-0.000989568196687842,1.1557818010679504,2.80267999051278
960,2003.11.14.22.28.46,False,0.1677388383328186,-0.11571728515624999,0.07635842191382947,0.309,-0.526,0.13865791806324285,0.835,2.222985082645481,1.009273830004548,-0.02745803243920517,1.1497952103093017,2.5572555717869125
961,2003.11.14.22.38.46,False,0.16348510633235802,-0.11099602050781249,0.07552351263524994,0.27849999999999997,-0.543,0.13431979357108234,0.8215,2.0765670394890883,0.9215742795264601,-0.0017314228897143992,1.154917719138111,2.4012739004185533
962,2003.11.14.22.48.46,False,0.04717200499659813,-0.13592426757812498,0.075307349517335,0.3075,-0.5725,0.15562611190173264,0.88,1.980364510386444,0.9078555340288585,0.029965426918591404,1.122708138062776,2.224105274751183
963,2003.11.14.22.58.46,False,0.19481571354349536,-0.1017325439453125,0.07646478034744601,0.3395,-0.47250000000000003,0.12764164054912766,0.812,2.664757466160765,0.996914934433542,0.02931994266743506,1.1697740818970153,3.1187778972387328
964,2003.11.14.23.08.46,False,0.112928251116163,-0.10976547851562501,0.07642316725699114,0.26,-0.5135000000000001,0.1338077362387594,0.7735000000000001,1.9476588477834214,0.6576160975678751,0.03021640645098827,1.1587456513264511,2.259652047866487
965,2003.11.14.23.18.46,False,0.2047972305963604,-0.11020952148437502,0.07771613167858885,0.347,-0.4895,0.134914360834676,0.8365,2.5781956585545744,0.9979992494313186,0.02153735304507339,1.159222960240258,2.992824503254129
966,2003.11.14.23.28.46,False,0.1834882484176813,-0.116251953125,0.07737315926007085,0.3285,-0.603,0.13964683163350428,0.9315000000000001,2.352579763113006,1.2752471644206969,-0.03227357266272747,1.151290783558726,2.708498510666468
967,2003.11.14.23.38.46,False,0.19827170099585967,-0.10863425292968751,0.07689111379733868,0.33699999999999997,-0.52,0.13318369166466393,0.857,2.5501402425420143,0.856418208825448,-0.01052456662118239,1.161562919327261,2.9722217873781753
968,2003.11.14.23.48.46,False,0.1230613217145965,-0.1140512451171875,0.07593556052203032,0.2785,-0.552,0.13702892244888842,0.8305,2.0323845291070537,0.9083241737986492,-0.04927032846978888,1.152377423365273,2.3420984325894514
969,2003.11.14.23.58.46,False,0.05359022519614587,-0.11807497558593749,0.07693484021087182,0.2405,-0.5565,0.14093215996369185,0.7969999999999999,1.7128550772683186,0.6851232940832932,-0.03337522228674751,1.1492863343640456,1.969302534675105
970,2003.11.15.00.08.46,False,0.1765871752674571,-0.1112392578125,0.07547289591623557,0.355,-0.448,0.13447242289232475,0.8029999999999999,2.6459237330580274,0.8233792086263241,0.0315208813121716,1.154054133655411,3.0599421387740238
971,2003.11.15.00.18.46,False,0.18802648534732463,-0.10630751953125,0.07622248600796495,0.3075,-0.5529999999999999,0.13094940713803183,0.8605,2.360438640981947,0.8919669280316715,0.0006131743420567529,1.1643707407426038,2.753368708604085
972,2003.11.15.00.28.46,False,0.1638519108713895,-0.11344155273437502,0.07621985337476195,0.30300000000000005,-0.581,0.1367031255384802,0.884,2.215853522910965,0.9850416355220633,-0.038860171169167845,1.1535995811173598,2.5581521361103974
973,2003.11.15.00.38.46,False,0.1988507820680424,-0.1131645263671875,0.07806521575323758,0.3785,-0.509,0.13749898112261005,0.8875,2.752786551071239,0.9533186713807695,0.0483349892684234,1.1552446486359882,3.1808924532509453
974,2003.11.15.00.48.46,False,0.1887511450587514,-0.11190527343750001,0.07689487648018396,0.3135,-0.542,0.13580858937311063,0.8554999999999999,2.310462843798049,0.8686336721868755,0.02823896850640832,1.1559492473820938,2.673391570316035
975,2003.11.15.00.58.46,False,0.17764102977528407,-0.11419951171875001,0.07665380885913545,0.3125,-0.492,0.13756052945670522,0.8045,2.2669642449308833,0.9163228137924821,0.016747411036557577,1.1514490052452229,2.614192431822974
976,2003.11.15.01.08.46,False,0.20185335885713224,-0.1085436279296875,0.07496227513864201,0.3735,-0.6105,0.1320041512583461,0.984,2.847332296912499,0.8805591294718673,0.021182383848069402,1.1569551113381955,3.3026750787099655
977,2003.11.15.01.18.46,False,0.1228413738565014,-0.11226594238281251,0.0762694810574989,0.271,-0.502,0.13575269494102055,0.773,1.9960859538618982,0.7347802546917444,0.03408579865126098,1.1532921110496872,2.303688045090196
978,2003.11.15.01.28.46,False,0.23341992907518622,-0.11094020996093751,0.07803494480303584,0.4015,-0.585,0.1356869677161998,0.9865,2.9703095322152095,1.2131114298527503,0.010122447785583775,1.1590661126470443,3.4476316972115884
979,2003.11.15.01.38.46,False,0.1133922796200163,-0.08593544921875,0.07731817514694991,0.34299999999999997,-0.47750000000000004,0.11747335922232756,0.8205,3.0512017716525754,0.8019224756935737,0.011897680455313536,1.1985578488053614,3.6975326320078783
980,2003.11.15.01.48.46,False,0.17477340577492467,-0.109109375,0.07754375214952491,0.31,-0.503,0.13392278194275675,0.813,2.322467619894111,0.7452435131074582,0.01643846704219854,1.1615441493292562,2.7029700794711995
981,2003.11.15.01.58.46,False,0.15202641026862085,-0.12002109375,0.07751177259445255,0.40149999999999997,-0.609,0.14287463061327535,1.0105,2.7918694539207203,0.9019130161526336,0.004474098712439268,1.147341716902642,3.2033688216105833
982,2003.11.15.02.08.46,False,0.19899747268982265,-0.1068405517578125,0.07718187165556017,0.36,-0.5135000000000001,0.1319228598017923,0.8735,2.7507171595358497,0.9547213746111058,0.0324154223949473,1.1642867587263708,3.211424746014263
983,2003.11.15.02.18.46,False,0.15616529246336547,-0.10784299316406251,0.0778480837902569,0.4165,-0.4895,0.1330893261129626,0.9059999999999999,3.1539089210284863,1.0317917909619334,0.05984170661900358,1.1624226997381453,3.675605766353384
984,2003.11.15.02.28.46,False,0.1678387057338142,-0.1127805908203125,0.07742676331660385,0.34550000000000003,-0.47350000000000003,0.1368430799276524,0.819,2.5245621525490387,0.8861103512845647,0.06709353689087202,1.1552031154791007,2.9175713628322972
985,2003.11.15.02.38.46,False,0.18224045310158254,-0.10735571289062501,0.07719734972457307,0.30400000000000005,-0.5405,0.13232440091521486,0.8445,2.2941141517313337,0.9139904913361745,-0.015283687451568388,1.1648204453010589,2.67094239758657
986,2003.11.15.02.48.46,False,0.14076421802815542,-0.113066259765625,0.0756429905512462,0.26849999999999996,-0.5215000000000001,0.13606025346413692,0.79,1.974154916262886,0.8234958973872388,-0.016480129840062682,1.1526443455270177,2.274316872038781
987,2003.11.15.02.58.46,False,0.21390939402925335,-0.11146386718750001,0.07688737028464329,0.348,-0.535,0.13545632201103952,0.883,2.5846580532476757,0.8756426840583937,0.018104830677207338,1.1568304390581625,2.997099630152178
988,2003.11.15.03.08.46,False,0.09646876360311041,-0.12614072265625,0.07559757456625596,0.33699999999999997,-0.593,0.14711886418943637,0.9299999999999999,2.2660127627987787,1.0295535319810685,0.0012508325589390568,1.133451598500326,2.5647895815379904
989,2003.11.15.03.18.46,False,0.2059132076072443,-0.11358813476562499,0.0769039058073709,0.383,-0.5175000000000001,0.13718579902721967,0.9005,2.7884654252550956,0.8805416327678983,0.033229231651260405,1.1535921840391707,3.2200970608984654
990,2003.11.15.03.28.46,False,0.18612992587542726,-0.103201708984375,0.07562545308446489,0.31,-0.5660000000000001,0.12829530682043047,0.876,2.4388827008997875,0.854346389751748,0.011801441537007332,1.1672163725563114,2.8548856025005462
991,2003.11.15.03.38.46,False,0.20297116843461166,-0.111524853515625,0.07629582123298204,0.3275,-0.6234999999999999,0.13515698522702663,0.9510000000000001,2.425679269624643,1.1048909158005156,-0.024605199946998862,1.1557451267519019,2.806557220223458
992,2003.11.15.03.48.46,False,0.10723866394889647,-0.1193341064453125,0.07757658827608191,0.30000000000000004,-0.509,0.14233807053683015,0.809,2.1015283526237822,0.7191784888273691,0.0013614930891167852,1.1471571630728108,2.410228527776736
993,2003.11.15.03.58.46,False,0.1676498692581152,-0.114911962890625,0.07661231370459076,0.30600000000000005,-0.4965,0.1381306438294214,0.8025,2.2131065695283794,0.9392122283233231,0.027134199298751452,1.1514984182112444,2.5497047201082936
994,2003.11.15.04.08.46,False,0.21476687063256245,-0.11186484375000001,0.07586825971413941,0.35050000000000003,-0.5515000000000001,0.13523793402832932,0.902,2.5923304262327265,0.8591622105242687,0.024618647367466807,1.1542576465607968,2.9996955553220976
995,2003.11.15.04.18.46,False,0.0962127769165888,-0.11386354980468749,0.07551374197493625,0.2515,-0.582,0.13664669595977458,0.8334999999999999,1.84050656556226,0.9517369511398595,-0.005342042517815065,1.1493445412077032,2.1153803148272896
996,2003.11.15.04.28.46,False,0.15268314435356845,-0.11411103515625001,0.07666552709321509,0.2905,-0.575,0.13748934504139484,0.8655,2.112723884477849,0.9057849276020975,-0.01644537458339238,1.153241965327987,2.4373238826724597
997,2003.11.15.04.38.46,False,0.17282358951463028,-0.1067655029296875,0.07563438705082269,0.2915,-0.4635,0.13099433612916345,0.755,2.2329151906697287,0.7872434816845639,0.005387995776307426,1.1617714681342415,2.597881822991802
998,2003.11.15.04.48.46,False,0.1705141354547018,-0.11460979003906249,0.07747365234971818,0.30400000000000005,-0.505,0.13834223259485445,0.809,2.195279339496686,0.8541778030840677,0.019765976336168844,1.153737530506651,2.5336308342215403
999,2003.11.15.04.58.46,False,0.14474802410111415,-0.1096748046875,0.07586238294365952,0.2845,-0.49950000000000006,0.133447816539844,0.784,2.1354669205384083,0.7433442267486812,0.03781239255046992,1.156378406114639,2.4713450608946603
1000,2003.11.15.05.08.46,False,0.2029898694649635,-0.11463974609375,0.07717830307857829,0.33199999999999996,-0.509,0.13820314052706553,0.841,2.3992387619333195,1.0584330005224496,0.010664289497279544,1.1519119188949525,2.764123196648363
1001,2003.11.15.05.18.46,False,0.18610075584363944,-0.11313244628906251,0.07645520515796622,0.299,-0.5225,0.13658191749352303,0.8214999999999999,2.1850529344581435,0.875109833414907,-0.004300376902622445,1.1545677638109018,2.5264188198504027
1002,2003.11.15.05.28.46,False,0.21778984106647692,-0.113369189453125,0.0759381413750819,0.34950000000000003,-0.5245,0.1364863143322881,0.874,2.5607272403473935,0.8895800114499819,0.004502517967843545,1.1528085874403313,2.9535558270162
1003,2003.11.15.05.38.46,False,0.18493820669031852,-0.11360139160156249,0.07462891649429654,0.311,-0.526,0.13593926671434964,0.8370000000000001,2.2879184871652494,0.9434860733783736,0.008219716596779643,1.1483418501396239,2.6272337046450063
1004,2003.11.15.05.48.46,False,0.19191698258924067,-0.11292756347656249,0.07488945270481197,0.32999999999999996,-0.4795,0.13552872022803547,0.8094999999999999,2.432905971431798,0.8050099169121103,0.007054342997152598,1.1502702734838357,2.8001454514721322
1005,2003.11.15.05.58.46,False,0.1821811965533197,-0.11544804687499999,0.07542288896295479,0.3755,-0.544,0.1379222455974311,0.9195,2.716617294133788,1.1179846350180247,0.06404974625222921,1.145334094510245,3.1139524730976764
1006,2003.11.15.06.08.46,False,0.1287960055063554,-0.114578271484375,0.07460217944184439,0.278,-0.541,0.13674069512566742,0.819,2.0304400752862657,0.7648028952213095,-0.01698733113777732,1.1483461797286854,2.3332001602576486
1007,2003.11.15.06.18.46,False,0.21781279105298224,-0.1133252685546875,0.07586492181071208,0.399,-0.5345,0.13640569828915144,0.9335,2.922484398891932,0.96378800280376,0.02287579691664749,1.1514934625897402,3.36725934319674
1008,2003.11.15.06.28.46,False,0.09317412218714949,-0.11526923828124999,0.07532723452706246,0.276,-0.4665,0.13771700443061324,0.7424999999999999,2.0049061775681976,0.6739313332887806,0.026509714324225837,1.148370060921458,2.3016829562308114
1009,2003.11.15.06.38.46,False,0.2000210099517543,-0.1128248779296875,0.07481824689732075,0.344,-0.49550000000000005,0.1354174431625904,0.8395,2.538718769875387,0.7772568216259046,-0.0031560745999441113,1.1513352998789177,2.9249959310713995
1010,2003.11.15.06.48.46,False,0.2258011198008325,-0.11384848632812501,0.07554149017754971,0.361,-0.5369999999999999,0.13664767146975165,0.898,2.638705445923233,1.1289988570334248,0.04349312310081188,1.1493223513878341,3.034310492953498
1011,2003.11.15.06.58.46,False,0.212533569494751,-0.1109350341796875,0.07627084465992176,0.359,-0.554,0.1347254006822664,0.913,2.6682549793926276,0.9048358553339859,0.003536812103579121,1.1562722107738554,3.0928536442894083
1012,2003.11.15.07.08.46,False,0.2299162490816944,-0.11218798828125,0.0759516402058454,0.398,-0.5505,0.13554005574276368,0.9485,2.931061156841624,1.169723681816346,0.004882593754180518,1.1534480930472737,3.39249732619409
1013,2003.11.15.07.18.46,False,0.18516563387258017,-0.112442138671875,0.07555978428723503,0.32,-0.492,0.1355066957828262,0.812,2.361787162014449,0.7052657001488585,0.007155554250776502,1.1526431490678115,2.7241784144305115
1014,2003.11.15.07.28.46,False,0.13055331918057145,-0.09398791503906251,0.07662754265367511,0.3015,-0.5175000000000001,0.12244938052246565,0.819,2.5777527391154234,0.7656845768223364,-0.044179049256805956,1.1885297271938073,3.1086355047251426
1015,2003.11.15.07.38.46,False,0.18682166467446254,-0.11219140625000001,0.07421227896470382,0.327,-0.488,0.13457275240071526,0.8150000000000001,2.429771229184399,0.7199189015024778,0.010683369067522494,1.1518558468011464,2.798914702420037
1016,2003.11.15.07.48.46,False,0.1977460432529896,-0.10598823242187501,0.07630938976044077,0.387,-0.5435000000000001,0.13082479421150028,0.9305000000000001,2.9681323968300584,1.0873037907970518,0.0481178004463118,1.1620773137881222,3.4551295056290754
1017,2003.11.15.07.58.46,False,0.20414008569447933,-0.1153876220703125,0.07485180001763309,0.377,-0.587,0.13757035129354978,0.9640000000000001,2.7294725683210723,0.9704669812844822,0.018789881017484508,1.1472915731310487,3.136796969892095
1018,2003.11.15.08.08.46,False,0.18433294393143784,-0.11326650390625,0.07463788683828108,0.32999999999999996,-0.5605,0.13569715341923766,0.8905,2.426256493862331,0.8455833265613648,0.05399883386307328,1.1480640087975524,2.7900998691796737
1019,2003.11.15.08.18.46,False,0.18972336727238714,-0.11399985351562503,0.07500587420239208,0.3065,-0.5309999999999999,0.1365171382842265,0.8375,2.2440163915096702,1.0379041650027228,0.019008019743179623,1.1483134347646884,2.5775804311795776
1020,2003.11.15.08.28.46,False,0.20498716580988058,-0.11273061523437501,0.0746750456879001,0.381,-0.543,0.13527799219388448,0.924,2.816928924620793,0.873679918307867,-0.007874149614286438,1.1506610647905902,3.249358693764753
1021,2003.11.15.08.38.46,False,0.14770801382964238,-0.11471440429687502,0.07459965380950309,0.31,-0.514,0.1368696185977613,0.8240000000000001,2.265764725116833,0.8891661473047978,0.04773489107636346,1.1446276470132744,2.593144232811164
1022,2003.11.15.08.48.46,False,0.15460825585272242,-0.08740273437500001,0.07466431279452329,0.3,-0.4995,0.11685740831724364,0.7995,2.7007422948033293,0.8078669512829801,0.020572917355367423,1.189742405701709,3.257603187205345
1023,2003.11.15.08.58.46,False,0.19687826917815487,-0.11238935546875001,0.07733874960707524,0.317,-0.5325,0.13648809296976003,0.8495,2.3226896564625736,0.9581088752885312,0.01613133748312384,1.1567525523577409,2.6883133438894933
1024,2003.11.15.09.08.46,False,0.1440371103963481,-0.11678288574218748,0.07350198045104438,0.4055,-0.49449999999999994,0.13800860853400104,0.8999999999999999,2.904934110714083,0.9512913434096724,0.051898740780220234,1.1414893323087965,3.3213214584584927
1025,2003.11.15.09.18.46,False,0.10419644244616755,-0.1201530029296875,0.07697582846519185,0.293,-0.5405,0.14270398773557363,0.8335,2.053923312780129,1.0657691813041321,-0.013101121385195418,1.1437456860977064,2.3491891256339716
1026,2003.11.15.09.28.46,False,0.15560102878127813,-0.1129008544921875,0.0752104164284439,0.2905,-0.492,0.13571067635506165,0.7825,2.1407153956473994,0.6003635613485632,0.018890672010457635,1.152110605138564,2.470583313781466
1027,2003.11.15.09.38.46,False,0.12163884820453008,-0.1143105712890625,0.07408011435886591,0.276,-0.496,0.13624551923217315,0.772,2.0229540078112254,0.9052062613220586,0.03455363240761643,1.1451935469182541,2.317670807290427
1028,2003.11.15.09.48.46,False,0.12600182828574014,-0.1134722412109375,0.0752717801229888,0.2635,-0.5005,0.1361934901668964,0.764,1.933859428483411,0.6714323576992935,-0.01395807296133382,1.1516886357555034,2.2276921587605747
1029,2003.11.15.09.58.46,False,0.1865825296210487,-0.11455786132812498,0.07508430777700208,0.3565,-0.5175,0.13702591392792096,0.874,2.586641358448378,0.7921744062765297,0.044255440050530045,1.1464149997975401,2.973814026728774
1030,2003.11.15.10.08.46,False,0.19507128733860168,-0.11352177734374999,0.07424945778071382,0.3245,-0.5725,0.13568542190000507,0.897,2.3885416842900753,0.9279226262016671,-0.0010088691825229194,1.1482914822911452,2.7455022656773553
1031,2003.11.15.10.18.46,False,0.12162433151142893,-0.108331787109375,0.07482002177482158,0.2585,-0.5065,0.13180693387634593,0.765,1.96804858450037,0.6928037016032322,0.018614869507103636,1.1584320454582546,2.285493200319885
1032,2003.11.15.10.28.46,False,0.14708914830915815,-0.11567648925781251,0.07524103192108221,0.3005,-0.5435,0.13802635142423236,0.844,2.1768096798454595,0.9412253602931857,0.029091224021664253,1.146000229481915,2.494758797540122
1033,2003.11.15.10.38.46,False,0.19498405314752915,-0.10976005859375,0.0753304722421771,0.3185,-0.4905,0.1332427835254499,0.8089999999999999,2.3948180062003703,0.8212636569681278,-0.00703384329985393,1.157093868143309,2.779529561437496
1034,2003.11.15.10.48.46,False,0.03137283526132928,-0.12976601562499998,0.07451965212329564,0.271,-0.613,0.14972987538221555,0.8839999999999999,1.8088306065758328,0.9624763829883412,0.0045414371660619955,1.1274247620253997,2.0391757591642037
1035,2003.11.15.10.58.46,False,0.08858448816169007,-0.1232,0.0741972068881128,0.3175,-0.47250000000000003,0.14382643075049995,0.79,2.1915338820705683,0.7238161696230061,0.037080362144632506,1.13411439920004,2.4844696425087767
1036,2003.11.15.11.08.46,False,0.22510881240286346,-0.1104091796875,0.07603073027674773,0.3295,-0.565,0.13415023613647692,0.8945000000000001,2.4602605929029773,1.1063919999995064,-0.004628831372571547,1.1567808874963106,2.8513580116157464
1037,2003.11.15.11.18.46,False,0.1504849460790087,-0.11717128906250002,0.07433314541355383,0.31899999999999995,-0.5385,0.13876716157738092,0.8574999999999999,2.293911603170625,0.7605344560732612,-0.015072849607871298,1.144684054619163,2.6264714763104067
1038,2003.11.15.11.28.46,False,0.1524103829021911,-0.11533383789062501,0.07478443794881853,0.2955,-0.5795,0.13748889087099175,0.875,2.146214341328822,1.1593890153581559,0.010570416980570329,1.1459621046450723,2.4616356170472677
1039,2003.11.15.11.38.46,False,0.18186507672539165,-0.114468017578125,0.07646889881891668,0.316,-0.5505,0.1376742524734857,0.8665,2.2960897406254475,0.8424573934395916,0.014109700413793107,1.151795421358478,2.644360156179922
1040,2003.11.15.11.48.46,False,0.21774798052024508,-0.1128468994140625,0.07548297121439257,0.33799999999999997,-0.524,0.13580867156444454,0.8620000000000001,2.4886930290889033,0.9821782946107003,0.00189447229488846,1.1515973342330654,2.86935445479127
1041,2003.11.15.11.58.46,False,0.1854474257115074,-0.11426594238281249,0.07752855006765702,0.36,-0.487,0.13811098208269112,0.847,2.6046308745535183,0.894074985582056,0.03246682009316815,1.1542672299691443,3.008818383360232
1042,2003.11.15.12.08.46,False,0.10797538861565692,-0.11992133789062498,0.077490233198507,0.298,-0.5515,0.14278454578528774,0.8494999999999999,2.0746225089153922,1.0562854225609049,-0.021357275248862138,1.145097359349366,2.3748778803201622
1043,2003.11.15.12.18.46,False,0.14255002033822972,-0.11761765136718749,0.07694740765064584,0.314,-0.5615,0.14055213615876616,0.8755,2.2289902785336038,0.818185097237822,0.007295646310238414,1.148232003807148,2.5595301040045575
1044,2003.11.15.12.28.46,False,0.14117848621778362,-0.11471984863281251,0.07520002504348819,0.2915,-0.5435000000000001,0.13719494056131498,0.835,2.1237078218628724,0.8398227145140247,0.03368550975218998,1.1477588109102475,2.4382375801903184
1045,2003.11.15.12.38.46,False,0.12358596844997405,-0.116471875,0.07650925709663765,0.2865,-0.5409999999999999,0.13935885273432264,0.8274999999999999,2.059100279905202,0.6645878198315287,0.011738448712778796,1.1495724593970005,2.3668881028812327
1046,2003.11.15.12.48.46,False,0.1635199033320069,-0.11336503906249999,0.07761014935583686,0.2915,-0.5005,0.1374076810124082,0.792,2.1209695710961878,0.7980091400663363,-0.0020102465415566366,1.155718083901652,2.4519406937832873
1047,2003.11.15.12.58.46,False,0.19156088065885868,-0.11574226074218749,0.0777378072927879,0.35750000000000004,-0.536,0.13943889926249528,0.8935,2.5552230230745585,0.9053402427622048,0.007039907364123323,1.152237579691674,2.9490424134134585
1048,2003.11.15.13.08.46,False,0.20541528927438918,-0.114443994140625,0.07542155594007288,0.354,-0.51,0.1370781128323465,0.864,2.588269959978139,0.8421879333626043,0.012811524103923945,1.1492037687203924,2.9715933761487507
1049,2003.11.15.13.18.46,False,0.1769462742444871,-0.113850048828125,0.07792027898185053,0.354,-0.5005000000000001,0.13797426827337603,0.8545,2.5659508370006927,0.8156570705057078,-0.018826766498727353,1.1569017147190819,2.96844973536413
1050,2003.11.15.13.28.46,False,0.1988650472085689,-0.11091352539062499,0.0772271051161591,0.337,-0.581,0.13527974477687102,0.9179999999999999,2.496188280065195,0.8233081110260181,-0.006821227068878259,1.1594275390603013,2.901727217325
1051,2003.11.15.13.38.46,False,0.12209012462617375,-0.1189844970703125,0.07670453797202492,0.31999999999999995,-0.482,0.14156706729849414,0.8019999999999999,2.254457015041325,0.7278460884924529,0.010116070093132526,1.146635723565812,2.5846399500473263
1052,2003.11.15.13.48.46,False,0.11172731977944395,-0.11537033691406251,0.07624950178229006,0.26749999999999996,-0.486,0.13829661448888536,0.7535000000000001,1.9323084474626173,0.7173384063762489,-0.003915752787972801,1.1502577174398916,2.2228659470892866
1053,2003.11.15.13.58.46,False,0.18016061163644387,-0.1135542236328125,0.07697753088355953,0.3135,-0.5615,0.13721792761089474,0.875,2.2846193049418426,0.8088275756092898,0.017474111479452357,1.1552298801021963,2.6393923957587626
1054,2003.11.15.14.08.46,False,0.20627852330808172,-0.11237219238281251,0.07669862259547752,0.37849999999999995,-0.509,0.13607453447713314,0.8875,2.7819510650784833,0.8717473301871699,0.006830561663371941,1.1559928955916001,3.220720781681873
1055,2003.11.15.14.18.46,False,0.19679712420547824,-0.11453159179687501,0.076308709539115,0.34450000000000003,-0.5275000000000001,0.13765353957308646,0.8720000000000001,2.502813960308856,0.6321429251764443,0.021543568773397297,1.1511727242299536,2.8810971891373267
1056,2003.11.15.14.28.46,False,0.17209532085400586,-0.11512233886718751,0.07583507279463249,0.316,-0.5335,0.13788139897389623,0.8494999999999999,2.286086571492085,0.9690348027656317,0.025400861515316966,1.1485570071439495,2.6283177477125195
1057,2003.11.15.14.38.46,False,0.19310882894731995,-0.1131234619140625,0.07606231118315637,0.365,-0.48350000000000004,0.13635309708082877,0.8485,2.668573246037788,0.8046001521898594,0.033742721361693526,1.1522147063716626,3.0839248181229304
1058,2003.11.15.14.48.46,False,0.09643320180213322,-0.1001079833984375,0.07576337844562683,0.44899999999999995,-0.508,0.12606711560865436,0.957,3.677972721832879,1.012942278235933,0.036893460711345805,1.173163649020472,4.365559509928071
1059,2003.11.15.14.58.46,False,0.143377892002312,-0.11399765625,0.07589399014907491,0.28800000000000003,-0.542,0.1369784728039229,0.8300000000000001,2.10168136804847,0.6480168159373767,0.010375131005566937,1.1517119245606535,2.4218185852198864
1060,2003.11.15.15.08.46,False,0.07058452575902707,-0.12001616210937499,0.07623407824884731,0.272,-0.516,0.1422109469105665,0.788,1.910478979211747,0.8140956576103995,0.028018961869166446,1.1419936995637903,2.1827047068598064
1061,2003.11.15.15.18.46,False,0.18772742317512725,-0.11239689941406249,0.07676078661783642,0.354,-0.503,0.13614138031883238,0.857,2.600251890893685,0.7511833773461192,0.0092811931401756,1.1565653897607742,3.0074211107617383
1062,2003.11.15.15.28.46,False,0.1220524674644684,-0.116013671875,0.07540546109542863,0.277,-0.515,0.13837261550795996,0.792,1.9986804096413129,0.7969875172182168,-0.008999600332090914,1.1475636401384597,2.2944083235959294
1063,2003.11.15.15.38.46,False,0.1984486636904776,-0.1146979248046875,0.07659816499684315,0.377,-0.5635,0.1379383279959421,0.9405,2.72127275306013,0.9754638552472936,-0.033256823086774856,1.153366393979689,3.143530726821795
1064,2003.11.15.15.48.46,False,0.10769390603013185,-0.11121025390625,0.07692128521850049,0.266,-0.5395000000000001,0.1352593926506478,0.8055,1.9677887971369579,0.817286078195754,-0.04557853532486281,1.1599106795348009,2.283767914397112
1065,2003.11.15.15.58.46,False,0.06539342861612563,-0.12005288085937502,0.07669673360268849,0.2735,-0.549,0.1424626418304706,0.8225,1.9213496290963095,0.6909779666601608,0.023751481521514777,1.1442767547135293,2.1987277839239665
1066,2003.11.15.16.08.46,False,0.18838071525712385,-0.11188459472656251,0.07671792879715353,0.316,-0.5325,0.13571845113756145,0.8485,2.3283362089635586,1.0342804418994012,0.048048092416850055,1.154279310781822,2.6878621155837097
1067,2003.11.15.16.18.46,False,0.19115807086283548,-0.11112004394531251,0.07714506386299,0.3785,-0.5065,0.13532709787674552,0.885,2.799822067363655,0.8194702057280541,0.010079912740877287,1.1581272566881162,3.2486156561656996
1068,2003.11.15.16.28.46,False,0.12905366636407323,-0.116863623046875,0.0774002459242728,0.2915,-0.5275000000000001,0.14017606711453362,0.819,2.0829809273951563,0.7285347487512295,0.012077315547447688,1.1504067985266695,2.3960075393959652
1069,2003.11.15.16.38.46,False,0.1688024919481909,-0.11066596679687499,0.07636819941587997,0.2955,-0.47150000000000003,0.13453038834417924,0.767,2.20050690963617,0.7337436817340446,-0.005411276721358868,1.1580810846222498,2.5536037634691007
1070,2003.11.15.16.48.46,False,0.1848116832718371,-0.11452087402343752,0.07630126373257706,0.33199999999999996,-0.4785,0.13761944993554168,0.8105,2.410610346756293,0.7592079882482803,-0.0031120566535915925,1.151701390345819,2.7770442211756396
1071,2003.11.15.16.58.46,False,0.06965675073860778,-0.11488671875,0.07550472545518581,0.2365,-0.5065000000000001,0.1374998362342797,0.7430000000000001,1.718478218813067,0.6567918860369706,-0.013359135756598547,1.1500373266051587,1.9770040099504338
1072,2003.11.15.17.08.46,False,0.1918212784477783,-0.11320886230468749,0.07655247079373756,0.3005,-0.56,0.13668768904208353,0.8604999999999999,2.1981000725586366,1.016831431111751,0.005108682124045208,1.1530994533135641,2.5348856649104343
1073,2003.11.15.17.18.46,False,0.11495874761247571,-0.1139097412109375,0.07653503805450904,0.2635,-0.5335,0.13724826815242808,0.7969999999999999,1.921120694025282,0.7278480510319716,-0.004445345317412192,1.1531575497062954,2.214662610601634
1074,2003.11.15.17.28.46,False,0.1670926512180847,-0.11551215820312499,0.07607393341973517,0.311,-0.558,0.13832898279043038,0.869,2.2476080787620756,0.9032940469561608,0.0052931456118248486,1.14875695804198,2.5822425577173433
1075,2003.11.15.17.38.46,False,0.13097455049806905,-0.11159167480468749,0.07628098878927453,0.27,-0.5045000000000001,0.1352355585369287,0.7745,1.99674623568977,0.7104166302408483,0.013631151782995496,1.1551630406174782,2.3079854668333737
1076,2003.11.15.17.48.46,False,0.13708296382954488,-0.1138753662109375,0.07695515698476574,0.27349999999999997,-0.5329999999999999,0.1374504484429595,0.8065,1.9888973467648872,0.8380816145441088,-0.021581024253782798,1.154199428782429,2.2962218438865403
1077,2003.11.15.17.58.46,False,0.0800779346766014,-0.11589978027343749,0.07546282667996214,0.2465,-0.493,0.13831263384128922,0.7395,1.7774317599525338,0.6007312751165776,0.006339936339119873,1.1473690040258675,2.0408164922603405
1078,2003.11.15.18.08.46,False,0.18013604229172903,-0.11410366210937499,0.07507082883199087,0.3165,-0.494,0.13660428077345738,0.8105,2.316496512248615,0.7785669175408709,-0.0015179401891327292,1.1494357721386752,2.6628297257663505
1079,2003.11.15.18.18.46,False,0.13388864546545565,-0.113681396484375,0.07666749565795511,0.27449999999999997,-0.5065,0.13714046518938378,0.781,1.9990887562776045,0.7719610647428852,-0.0013708517956522413,1.154169303165072,2.3085249397140206
1080,2003.11.15.18.28.46,False,0.16725536839665306,-0.1149376953125,0.07698985974316666,0.30400000000000005,-0.5225,0.13835842155415523,0.8265,2.194383469429591,0.8014799637557302,-0.01847063033335489,1.152822438345312,2.530688963477042
1081,2003.11.15.18.38.46,False,0.15298645672873346,-0.1132115478515625,0.07674592479408687,0.2915,-0.519,0.13679018242040306,0.8105,2.1290487573081043,0.7277978422984348,0.023812536429193495,1.1538935693818733,2.457882912814635
1082,2003.11.15.18.48.46,False,0.1817446720277942,-0.11415673828125,0.07605393673279198,0.3235,-0.5285,0.13718404177211002,0.8520000000000001,2.3605859799513436,0.7509134830161361,0.029251049189563116,1.1503754599806806,2.7143809953992566
1083,2003.11.15.18.58.46,False,0.15592351599133636,-0.11515339355468751,0.07668324576702482,0.3175,-0.4895,0.13836203456513213,0.8069999999999999,2.292972790292298,0.6404174235319806,0.025377519094459088,1.1518901120145157,2.642379945103462
1084,2003.11.15.19.08.46,False,0.15108690836410094,-0.11402326660156249,0.07541779001944092,0.2885,-0.532,0.1367250247998928,0.8205,2.1074957573477144,0.7214627348910172,-0.0028865220083047587,1.1511617365161957,2.4274199611423946
1085,2003.11.15.19.18.46,False,0.1604839327453234,-0.11386481933593749,0.07510396535546432,0.293,-0.5015000000000001,0.13642966987611446,0.7945,2.1441133318908445,0.7594997017087066,0.0045280927543586875,1.1494626562004204,2.467222057114015
1086,2003.11.15.19.28.46,False,0.1460633157760841,-0.11494750976562501,0.07547150771222799,0.28800000000000003,-0.4945,0.1375249478527885,0.7825,2.090871758978304,0.6425665885839162,-0.00959550309161124,1.1505076675870036,2.407568411828693
1087,2003.11.15.19.38.46,False,0.15143953855939307,-0.11370393066406251,0.0765246337191437,0.293,-0.585,0.13706811080468942,0.878,2.1373353770122154,0.7421637683656754,-0.010257338300828197,1.1541447060441112,2.46688719755184
1088,2003.11.15.19.48.46,False,0.15523382668539049,-0.11404235839843749,0.07539426745809841,0.299,-0.571,0.13673451587432728,0.87,2.1858595786856294,0.814909423376448,-0.03743336303249688,1.151452579075626,2.5173392812693463
1089,2003.11.15.19.58.46,False,0.13069896047422602,-0.1146970458984375,0.07633516180984046,0.2835,-0.6465,0.13779805052701205,0.9299999999999999,2.0574267035906626,0.8367200160638826,-0.007152064321592865,1.151337398726557,2.368760318151705
1090,2003.11.15.20.08.46,False,0.19914194639012445,-0.11410341796875001,0.07572586718891264,0.33199999999999996,-0.509,0.13697079491668512,0.841,2.418200306628076,0.6662299512517815,-0.0030085556453596698,1.1518633232659106,2.790130768065569
1091,2003.11.15.20.18.46,False,0.16453879533276006,-0.1142985107421875,0.07669728818149721,0.29900000000000004,-0.5055000000000001,0.13766353189314234,0.8045,2.169181534266834,0.7672978858453128,0.013465902625658704,1.1525201999068166,2.5015836830038767
1092,2003.11.15.20.28.46,False,0.1660521900270382,-0.11527001953124999,0.0763749260360786,0.325,-0.6054999999999999,0.13828796954467865,0.9305,2.350029549325037,0.7482322696908403,-0.023567011112292483,1.1522434980418392,2.707858590396413
1093,2003.11.15.20.38.46,False,0.1718660216269055,-0.11399208984375,0.07639279500303008,0.29800000000000004,-0.542,0.13724064471176717,0.8400000000000001,2.169473494509131,0.8749127429431811,0.01100464735208282,1.152193750627601,2.5003470177472686
1094,2003.11.15.20.48.46,False,0.17720072896073757,-0.1144927734375,0.07566740298649535,0.4305,-0.519,0.13727699076336036,0.9495,3.119332726106149,0.9088609361833995,0.02060388533508767,1.1494195460964107,3.593284064447386
1095,2003.11.15.20.58.46,False,0.20018747591725783,-0.114454541015625,0.07509993041046625,0.34550000000000003,-0.494,0.1369130558750707,0.8395,2.5219519883112733,0.8738578635684942,0.020807541495509143,1.1480899115169003,2.8966835872815757
1096,2003.11.15.21.08.46,False,0.17180340163720587,-0.11438688964843749,0.07559973046004945,0.304,-0.508,0.1371326423740689,0.812,2.209061726291101,0.6437282598785647,-0.009988729937992668,1.1512366357642643,2.5469302087785293
1097,2003.11.15.21.18.46,False,0.20522761366835401,-0.1135637451171875,0.0771837114733977,0.3845,-0.551,0.13732678535536233,0.9355,2.8084062193498522,0.9972818005576292,-0.01084265453270049,1.1544956449192791,3.2381298877813505
1098,2003.11.15.21.28.46,False,0.20592650445294253,-0.114953955078125,0.07527811241342924,0.3845,-0.5640000000000001,0.13742520229950206,0.9485,2.790563464513764,0.8640778330608201,0.022574475516839172,1.1491964286869534,3.2104503404351297
1099,2003.11.15.21.38.46,False,0.19460953595807318,-0.11389450683593749,0.07607113700069354,0.326,-0.514,0.1369835948319316,0.8400000000000001,2.375845511675344,0.7759162121367407,0.0022658029919684127,1.1534835121307192,2.7439768519272802
1100,2003.11.15.21.48.46,False,0.21111254635373644,-0.11412741699218751,0.07556633821105116,0.40399999999999997,-0.5469999999999999,0.1368995420047506,0.9509999999999998,2.9376963124619575,1.011428750519912,-0.007277838322017723,1.1511812007401794,3.3890898653959742
1101,2003.11.15.21.58.46,False,0.1479673472066073,-0.11484179687499999,0.07670730588047897,0.2915,-0.5105,0.13811504162760796,0.802,2.1076179929492325,0.6658864890625005,-0.009802802974705194,1.1528160648687091,2.431140252277471
1102,2003.11.15.22.08.46,False,0.17456577939678464,-0.11404929199218751,0.07493096205382216,0.29900000000000004,-0.5115000000000001,0.13647528837295192,0.8105,2.1897777990919787,0.802694191715438,0.005676241876539689,1.1489732907124552,2.516427481226705
1103,2003.11.15.22.18.46,False,0.12992229558777435,-0.11422666015625,0.07559519103912253,0.271,-0.5155000000000001,0.13698822372762237,0.7865,1.9777514847652604,0.6066341785789018,-0.005588010689538089,1.150731853544023,2.276073451378501
1104,2003.11.15.22.28.46,False,0.20264159701522355,-0.11445566406250002,0.07583691162171914,0.3295,-0.52,0.13731272891598006,0.8494999999999999,2.3982800801765625,0.7881310393000258,0.008682852573294469,1.1504327428426389,2.7597192798182824
1105,2003.11.15.22.38.46,False,0.19740788855844937,-0.11349443359375001,0.07545917573804736,0.3845,-0.5005000000000001,0.13634424236082326,0.8850000000000001,2.8051957000224528,0.797086120189618,0.016031457288671315,1.1504570866379678,3.237534982127592
1106,2003.11.15.22.48.46,False,0.17263442416163222,-0.11402895507812501,0.07586520398520463,0.305,-0.5225,0.13698337033694352,0.8275,2.223040065888859,0.7590705741767849,-0.02308805504277144,1.1531967798213503,2.5652298343321918
1107,2003.11.15.22.58.46,False,0.14415311101300932,-0.115049658203125,0.07551639587083095,0.2865,-0.5615,0.13763404590927336,0.848,2.082273012013766,0.8452879865476213,-0.024250168374165222,1.1502832740614917,2.3948318570869347
1108,2003.11.15.23.08.46,False,0.18131552644693616,-0.11397202148437499,0.07446241618494576,0.321,-0.476,0.1361562677258734,0.797,2.3544389330746176,0.8278842517012726,-0.011862088136369357,1.1494482569812687,2.7082168643918356
1109,2003.11.15.23.18.46,False,0.1179546244944516,-0.11418828125,0.07488899009854835,0.2695,-0.548,0.1365746775226978,0.8174999999999999,1.9709886978362043,0.7899790696074946,0.0010197716232322983,1.149177086457198,2.266229508437527
1110,2003.11.15.23.28.46,False,0.19723775668922583,-0.11541489257812501,0.07563002247977549,0.3625,-0.5115000000000001,0.13800215779618286,0.874,2.622305511484461,0.9512887642467647,0.009988047780228507,1.1489430761199255,3.0151513216834895
1111,2003.11.15.23.38.46,False,0.1784578598874758,-0.11382619628906251,0.0748924361665219,0.3175,-0.5735,0.13627617860354735,0.891,2.331328817396403,0.8087994445886901,-0.03287466136012193,1.1513773112080452,2.6835120607689804
1112,2003.11.15.23.48.46,False,0.1457592745778909,-0.1148615478515625,0.07573052159778867,0.288,-0.499,0.13759186329860018,0.7869999999999999,2.0935515555828497,0.62479865125821,0.005193185190506811,1.1506284708722863,2.408783612146296
1113,2003.11.15.23.58.46,False,0.16612963255203955,-0.11531899414062499,0.07742435510147336,0.3215,-0.5795,0.13891331291173442,0.901,2.3101831711273015,0.9178608211294521,-0.012413787386329827,1.153095040297812,2.6653475094313688
1114,2003.11.16.00.08.46,False,0.17537478956885627,-0.113992431640625,0.07643103356219638,0.3,-0.548,0.13725897127996603,0.8480000000000001,2.188971876717993,0.8043123609282687,-0.0002298950134599024,1.152979190728156,2.521275886422198
1115,2003.11.16.00.18.46,False,0.1792087778193362,-0.114118701171875,0.07516198230964002,0.306,-0.5505,0.13666454739372774,0.8565,2.2384482805821015,0.9919651273106636,0.028477130013307865,1.1478763658369822,2.5697954681202706
1116,2003.11.16.00.28.46,False,0.16687297948231183,-0.11516269531250001,0.07639778610578091,0.3185,-0.503,0.13821987934792554,0.8215,2.297590963244248,0.724186600865204,0.015127723074837146,1.150693424954894,2.6474069566563383
1117,2003.11.16.00.38.46,False,0.1814354177527327,-0.112978369140625,0.07570490451937895,0.306,-0.4945,0.13602186217391282,0.8005,2.2487977625867472,0.7664766877734182,0.007343187068993228,1.1523865159590712,2.593983945103963
1118,2003.11.16.00.48.46,False,0.1803520254263391,-0.114905078125,0.07585872230341353,0.32999999999999996,-0.48950000000000005,0.13769261560336976,0.8195,2.3936120002025234,0.7011764245922909,-0.021028493305649033,1.1513785810521773,2.75664184820158
1119,2003.11.16.00.58.46,False,0.10695946971274262,-0.11685454101562501,0.07586732838056937,0.27449999999999997,-0.585,0.139325666738573,0.8594999999999999,1.96797382972568,0.9367185837300189,-0.022111839465891226,1.1477636557648518,2.2589075267916976
1120,2003.11.16.01.08.46,False,0.17354543275587142,-0.1102430908203125,0.07624321591382238,0.294,-0.4895,0.13410791587592852,0.7835,2.1995268754546586,0.6892895481723544,-0.00425088896066716,1.158721705755748,2.553485117691702
1121,2003.11.16.01.18.46,False,0.12925771852365908,-0.11083349609374998,0.07511580110869218,0.2675,-0.49450000000000005,0.13395631648851952,0.762,1.9993708064583653,0.6037603270727703,0.026300462217809076,1.154712207627882,2.3116058526145205
1122,2003.11.16.01.28.46,False,0.1472581785433319,-0.1133864990234375,0.07738346653037328,0.28300000000000003,-0.509,0.13730392824971704,0.792,2.061986032254522,0.7179478662900147,-0.011051945537775443,1.156948445272524,2.3888565608212446
1123,2003.11.16.01.38.46,False,0.09719545518529604,-0.109723681640625,0.07555022564556026,0.248,-0.47850000000000004,0.13328753876960628,0.7265,1.863744408448643,0.6857800087854209,-0.014075415805957506,1.158275913818517,2.160747123522447
1124,2003.11.16.01.48.46,False,0.20539879442808023,-0.10670390625000001,0.07616847935683321,0.3275,-0.504,0.13124877246146488,0.8314999999999999,2.5201663945484745,0.9890639949963094,-0.013950885091714226,1.1633736708946048,2.943673818764072
1125,2003.11.16.01.58.46,False,0.18589214947702037,-0.115631005859375,0.07525292840894615,0.3335,-0.5165,0.13797276303704767,0.85,2.41439578674623,0.8988991584664079,-0.019246258004223048,1.1493681869375556,2.7762363432938217
1126,2003.11.16.02.08.46,False,0.16879243722819626,-0.11270002441406252,0.07556997584061059,0.29300000000000004,-0.5235000000000001,0.13572080666775016,0.8165,2.156217985710218,0.7807087084653328,-0.012024271148931284,1.1529162165867346,2.4878649558560433
1127,2003.11.16.02.18.46,False,0.180295310596096,-0.10629567871093751,0.07615563242141796,0.3285,-0.487,0.1309487477981611,0.8155,2.5359594620976873,0.62125082107697,-0.02439022714816304,1.1655599314019822,2.9685336787759735
1128,2003.11.16.02.28.46,False,0.12920231593801457,-0.114603564453125,0.07632742630015196,0.278,-0.546,0.13770847270390432,0.8240000000000001,2.0173430900124,0.8928478899258243,-0.03358799342608034,1.1523256667403114,2.32522348718359
1129,2003.11.16.02.38.46,False,0.18455798746356572,-0.11154655761718751,0.07582615104669618,0.347,-0.5015000000000001,0.13494372997765772,0.8485,2.57356423048297,0.779495876734503,-0.030862259954633993,1.1565123952614353,2.982757800520278
1130,2003.11.16.02.48.46,False,0.14095231941709752,-0.11367290039062501,0.07538646567036231,0.2835,-0.541,0.13641366102990474,0.8245,2.076448429214232,0.7191324148984173,0.02526320347678781,1.1509896608028436,2.390828721418501
1131,2003.11.16.02.58.46,False,0.20526686371022207,-0.1139886474609375,0.07695706910901637,0.35550000000000004,-0.61,0.13754601416073492,0.9655,2.5817611998725853,0.8893173026598726,-0.001042352578999546,1.154242417095249,2.980895862906956
1132,2003.11.16.03.08.46,False,0.14133169085889363,-0.1152569091796875,0.0765949469376927,0.3305,-0.4555,0.13839478264823313,0.7859999999999999,2.391158075743999,0.7072596838727496,0.04920369149798058,1.1503639572577795,2.750213346118282
1133,2003.11.16.03.18.46,False,0.17402215735267706,-0.1137559326171875,0.07567264363540867,0.337,-0.6435,0.13664697799465939,0.9805,2.4663614041277584,0.8041858210858308,-0.03215825293718834,1.1521511026786526,2.8415309865053278
1134,2003.11.16.03.28.46,False,0.19190165078352572,-0.11275490722656249,0.0755593008726283,0.3295,-0.524,0.13577503908229047,0.8534999999999999,2.427263425017971,0.8122685686641027,-0.033103921077338505,1.1539800490754035,2.8044001699865513
1135,2003.11.16.03.38.46,False,0.168961808087163,-0.1151412353515625,0.07696366238132528,0.3075,-0.571,0.1385048417829041,0.8785000000000001,2.21624317669432,1.0306174954156695,-0.025406851771285655,1.1525576306894831,2.555379406929209
1136,2003.11.16.03.48.46,False,0.18036613073911606,-0.11559968261718749,0.07709252574832337,0.403,-0.514,0.13896403590597267,0.917,2.8889489871555782,0.9068104797351897,0.046134853625246525,1.151121929089654,3.327602113048379
1137,2003.11.16.03.58.46,False,0.09676643447578448,-0.11503579101562501,0.07558648970025678,0.2575,-0.5275,0.13766299807499394,0.7849999999999999,1.8689382408606265,0.7068810163965842,-0.014835796136742834,1.1503315752579661,2.1504207207261614
1138,2003.11.16.04.08.46,False,0.19081012180748713,-0.11400815429687501,0.07700876965453582,0.3275,-0.542,0.13759000905014643,0.8694999999999999,2.3788695081277997,0.8436898711486824,-0.021932848936944756,1.155503493474857,2.749249323719143
1139,2003.11.16.04.18.46,False,0.14238066514030584,-0.11244765625,0.0752958266864536,0.277,-0.51,0.13536369294163378,0.7869999999999999,2.04574739104582,0.7462984338842811,-0.034845048860636156,1.1546450193979123,2.3639490397104317
1140,2003.11.16.04.28.46,False,0.05576043042031231,-0.1205981689453125,0.07691702447609135,0.2555,-0.5235000000000001,0.14304242102931658,0.779,1.7915911162891998,0.7283320424419961,-0.017970327261343875,1.1453163885468425,2.05238156952326
1141,2003.11.16.04.38.46,False,0.18475302113057768,-0.1133869140625,0.07538002392234754,0.34450000000000003,-0.497,0.13618319852930216,0.8415,2.526189466444752,0.7079595150039897,-0.0272594765859173,1.152721828595448,2.9169222135260737
1142,2003.11.16.04.48.46,False,0.1153803023739145,-0.11468173828125,0.07647185724730732,0.27949999999999997,-0.643,0.1378593046897486,0.9225000000000001,2.0255029010220635,1.0493299981744781,-0.0520840705156464,1.1533538280380753,2.3373381938008664
1143,2003.11.16.04.58.46,False,0.14276349661161697,-0.1177465576171875,0.07615164301094483,0.3115,-0.4895,0.1402259769446761,0.801,2.22241360933707,0.6753726730208647,-0.004861976200435542,1.1483169256644163,2.5520763465316927
1144,2003.11.16.05.08.46,False,0.1015391885223963,-0.11356992187500001,0.07627171065490859,0.2565,-0.492,0.13681878154159693,0.7485,1.8739555295887684,0.5906901126643589,-0.032679678732413966,1.1552293146500752,2.1652575707996955
1145,2003.11.16.05.18.46,False,0.10444472411889294,-0.1183065673828125,0.07678046966924687,0.28200000000000003,-0.5715,0.14103875742331765,0.8535,1.9938143322369353,0.788822184940539,-0.02284037965696963,1.148292222227579,2.2891797464902437
1146,2003.11.16.05.28.46,False,0.11296688734866767,-0.1263521484375,0.07524564874523021,0.41100000000000003,-0.5445,0.14711275824447834,0.9555000000000001,2.7410604232940132,0.7961542932854817,-0.011872250101845356,1.1354708003147203,3.1039481455408664
1147,2003.11.16.05.38.46,False,0.16359275734854273,-0.1155675048828125,0.07648077441234377,0.3025,-0.5209999999999999,0.13858648982263547,0.8235,2.183711371318038,0.8575511427360267,-0.025054933683620866,1.151023010003962,2.5133710228073047
1148,2003.11.16.05.48.46,False,0.18142384314189264,-0.112735791015625,0.07647673836744914,0.40900000000000003,-0.5245,0.13623869819881124,0.9335,3.000386196393417,0.7426477560267342,-0.012169893659185277,1.157047840669527,3.4754458012167815
1149,2003.11.16.05.58.46,False,0.20974576172758214,-0.11441259765625,0.07654907514557041,0.35550000000000004,-0.5385,0.13767409892646934,0.894,2.5807322021019,1.0061390705568884,-0.022128425556784632,1.1536681530754969,2.979956386823169
1150,2003.11.16.06.08.46,False,0.19642664275409277,-0.1149814453125,0.07702977799865214,0.34950000000000003,-0.5225,0.13841236499069076,0.872,2.519695283781232,0.8421682323618185,-0.0064564842035481785,1.1538863960930956,2.9100442954232335
1151,2003.11.16.06.18.46,False,0.17852244790804284,-0.1149431884765625,0.07624968192461835,0.3235,-0.532,0.13794232488263541,0.8554999999999999,2.341946496675967,0.745660695254639,0.0067641107808585,1.1513859878313306,2.696990843284769
1152,2003.11.16.06.28.46,False,0.15742431732168372,-0.11590449218750001,0.07580070741190122,0.3015,-0.5235000000000001,0.13850094348807124,0.825,2.1783764528490615,0.8368819763246353,-0.023970696600130514,1.1490257658279623,2.5026091236676358
1153,2003.11.16.06.38.46,False,0.1870635634511264,-0.1133984375,0.07732855854229076,0.40149999999999997,-0.532,0.13727303780680256,0.9335,2.916257633743971,0.8482293081972925,-0.02441188582677721,1.1583417320269827,3.384421448592949
1154,2003.11.16.06.48.46,False,0.18114919405936647,-0.1142702880859375,0.07590244041072519,0.3105,-0.585,0.13719795087121267,0.8955,2.2652093304664604,0.99719318147826,0.01156329931657036,1.1500129011634788,2.604193591855352
1155,2003.11.16.06.58.46,False,0.1653607106427113,-0.1142597900390625,0.07810489089999606,0.3055,-0.5369999999999999,0.13841485221445482,0.8424999999999999,2.2066856103975487,0.6591702159160735,-0.001432313083509626,1.1575984349729014,2.5548769796711897
1156,2003.11.16.07.08.46,False,0.1814349720972494,-0.113228271484375,0.07614879192246382,0.45899999999999996,-0.5345,0.13646736707026175,0.9935,3.3575660228535895,1.019924623027306,0.016078213487220785,1.1542631486490484,3.8796764591972663
1157,2003.11.16.07.18.46,False,0.1643479893805474,-0.11460256347656249,0.07616338070630208,0.2955,-0.499,0.13761137807291351,0.7945,2.146554994793899,0.8197261339774633,-0.009052301032916451,1.1517723069497485,2.472665558698504
1158,2003.11.16.07.28.46,False,0.15829938095814283,-0.11468369140625,0.0766674695739336,0.311,-0.587,0.13796033206136066,0.898,2.25600455152992,0.7177722922642877,-0.004642963472704232,1.1531637565483754,2.6009424632521334
1159,2003.11.16.07.38.46,False,0.18997213682284808,-0.114058154296875,0.07591672912072676,0.42000000000000004,-0.5225,0.13703137651258698,0.9425,3.060269780853126,0.9943579162307947,-0.012814402090629421,1.1516143636527054,3.527001111785867
1160,2003.11.16.07.48.46,False,0.19313783407711554,-0.1141922607421875,0.0771292960111727,0.3405,-0.4905,0.13781598138741538,0.831,2.4642369051901447,0.7829945959568805,0.016548007261506917,1.153756185276984,2.8471305415740074
1161,2003.11.16.07.58.46,False,0.16636322432869932,-0.115022216796875,0.07515350689657323,0.304,-0.575,0.1374078309728946,0.879,2.211331547079546,0.8761348163420617,5.555373256373435e-05,1.148714199279343,2.540754800625157
1162,2003.11.16.08.08.46,False,0.169138192092191,-0.11469428710937499,0.07624922829902744,0.3075,-0.4945,0.13774276054818776,0.802,2.2280416259794302,0.7484384488380964,0.01400016043652722,1.150983802061916,2.5658523805228115
1163,2003.11.16.08.18.46,False,0.13865706960392676,-0.113783154296875,0.07636652998245781,0.277,-0.5185,0.13704075372638036,0.7955,2.0222097641669894,0.6765224940659018,-0.03458243331867823,1.1552112941424408,2.3357182630376077
1164,2003.11.16.08.28.46,False,0.15085792464177883,-0.1150375,0.07424695469825918,0.317,-0.497,0.13693360946330918,0.8140000000000001,2.309429375760525,0.8242460306520516,0.03983408087045007,1.1446179293619911,2.646913343620561
1165,2003.11.16.08.38.46,False,0.09736209936113849,-0.11396340332031249,0.07651501149708258,0.26,-0.565,0.13728231466137109,0.825,1.8921266067817806,0.7082244856088435,-0.006574423372563715,1.1534467016254646,2.1832542444550995
1166,2003.11.16.08.48.46,False,0.1807091613421557,-0.11424169921875,0.07434324487084505,0.316,-0.554,0.13632438412162765,0.8699999999999999,2.307474694235558,0.8087477565038019,0.01168962528386523,1.1475598213516143,2.652968107732985
1167,2003.11.16.08.58.46,False,0.2089541268449917,-0.11483212890625,0.07521989298344522,0.349,-0.5445,0.13729256909990123,0.8935,2.5441517367328226,0.8783724639619928,0.004580143177044931,1.1488045950065802,2.921521448081461
1168,2003.11.16.09.08.46,False,0.1843761718046465,-0.113386865234375,0.07673198599622713,0.31,-0.5385,0.13693843444828063,0.8485,2.2567284412829776,0.8052459181594864,0.007510439759055614,1.1545497498434287,2.608919316736125
1169,2003.11.16.09.18.46,False,0.1117728651846408,-0.113226025390625,0.0753864135127223,0.25,-0.509,0.13604678499618078,0.759,1.8356641216833847,0.809631409492777,-0.0052052572778087235,1.1514857010072033,2.1149675292128425
1170,2003.11.16.09.28.46,False,0.1964255214313933,-0.11533193359374999,0.07530371255399021,0.4105,-0.5505,0.13776530847388974,0.961,2.9685412679173915,1.0569729251823394,-0.005788134464058247,1.1492114796589028,3.4170570854350064
1171,2003.11.16.09.38.46,False,0.19811943328751885,-0.1133040771484375,0.07517610815303885,0.3235,-0.6074999999999999,0.13601544032915885,0.9309999999999999,2.373604987328731,1.1363859913396224,-0.015926575294910688,1.1503886184663241,2.7345975843456807
1172,2003.11.16.09.48.46,False,0.18955429380416922,-0.113815234375,0.07525006739843898,0.3225,-0.575,0.1364701188247646,0.8975,2.3595444438896633,1.0158641065129985,-0.0256816351550326,1.150922841502101,2.718206853453549
1173,2003.11.16.09.58.46,False,0.1841877338769491,-0.11501965332031251,0.075539348233167,0.348,-0.497,0.137640313226248,0.845,2.5329546080318783,0.710604794296759,0.013516257395122647,1.149172687727277,2.90880063133148
1174,2003.11.16.10.08.46,False,0.17332423425583882,-0.1141482177734375,0.07409892949287032,0.31,-0.5165,0.13611270196223646,0.8265,2.278403589671079,0.8772727864516456,0.011590141927520302,1.1462500285426256,2.611180872829397
1175,2003.11.16.10.18.46,False,0.20447938724649012,-0.113683935546875,0.07507778740361573,0.387,-0.515,0.13626882452344152,0.902,2.834690084027038,0.9205294614473727,0.003395901558709089,1.150635277355986,3.2644730188312487
1176,2003.11.16.10.28.46,False,0.1213938303079305,-0.1148176513671875,0.07533813014490096,0.27849999999999997,-0.5625,0.13736177464817906,0.841,2.0265430301485075,0.7036956927159486,0.004066700110161271,1.1499261298807633,2.3307527845161857
1177,2003.11.16.10.38.46,False,0.18306353190875163,-0.11373552246093752,0.07513776312096834,0.3225,-0.532,0.13635104502720022,0.8545,2.3590181118333144,0.7886073960470683,0.03723796293157374,1.14981159162142,2.7188788979071203
1178,2003.11.16.10.48.46,False,0.1809258053075054,-0.114465234375,0.07568659226588927,0.322,-0.49550000000000005,0.13725042086293088,0.8175000000000001,2.355313749520219,0.6770179874136251,0.0022134889561757527,1.1507257646678002,2.705984940756352
1179,2003.11.16.10.58.46,False,0.1366578960302659,-0.11513642578125,0.07684349455022918,0.277,-0.5725,0.13844342765303266,0.8494999999999999,1.9974139678861107,1.0241483055541853,-0.01567962985777828,1.1518836028271204,2.302400816019878
1180,2003.11.16.11.08.46,False,0.18982734408224133,-0.114076904296875,0.07622154615095358,0.364,-0.499,0.13721524300629329,0.8630000000000001,2.6447800527078265,0.6990358451617271,0.015162946269526117,1.1519708082557454,3.0503045079047046
1181,2003.11.16.11.18.46,False,0.1961333633141446,-0.11344096679687501,0.07498537295816463,0.3335,-0.5565,0.13600946259359625,0.89,2.450188622570404,0.8359552652652642,-0.02848841446307438,1.152491779201196,2.824942677837302
1182,2003.11.16.11.28.46,False,0.18450186199577673,-0.11506137695312499,0.07561382818348678,0.3195,-0.5369999999999999,0.13771919401474425,0.8565,2.3178078502498014,0.8019393652987501,0.011248256886207708,1.1497649730416388,2.6660761241242366
1183,2003.11.16.11.38.46,False,0.1994986452176511,-0.11380432128906251,0.0756538046720769,0.34400000000000003,-0.5569999999999999,0.13667050996531388,0.901,2.5104434666633577,0.7458355739425442,-0.02074674425975659,1.1535937250926538,2.898493676666061
1184,2003.11.16.11.48.46,False,0.20290397530539422,-0.1133290771484375,0.07517336298928343,0.33299999999999996,-0.5505,0.1360176454976147,0.8835,2.4416728441857547,0.9373440487501619,-0.02370862004066683,1.1523190531737015,2.8164317927337663
1185,2003.11.16.11.58.46,False,0.21076388601477614,-0.114162060546875,0.07587290957703634,0.387,-0.5385,0.1370889206368464,0.9255000000000001,2.8261385973984323,0.8529553726482477,0.006644670489520967,1.1505692825344715,3.250383909912603
1186,2003.11.16.12.08.46,False,0.1742259966505733,-0.114004638671875,0.07495853373338976,0.30000000000000004,-0.5325,0.1364568902769406,0.8325,2.2006799647025503,0.6609323465727084,-0.012855893090079317,1.1515418719955661,2.533118167310799
1187,2003.11.16.12.18.46,False,0.21009710796997372,-0.1139499755859375,0.0752701552765733,0.386,-0.5775,0.13658499120787387,0.9635,2.82782528036826,1.047516651493737,-0.010526720689043232,1.150318566717352,3.2522798085909024
1188,2003.11.16.12.28.46,False,0.20336626407626662,-0.1149878173828125,0.07711154371464521,0.3635,-0.5445,0.13846673033273071,0.908,2.6249000212130253,0.8645755822351568,0.002038252864170016,1.1535916316304118,3.0282187579834954
1189,2003.11.16.12.38.46,False,0.20225750548085175,-0.11384785156249999,0.07712263175992412,0.4345,-0.593,0.13753021760856068,1.0274999999999999,3.146435436962149,1.1044728814613303,0.012856006510175847,1.1535811355753096,3.637036871965103
1190,2003.11.16.12.48.46,False,0.20285120671047008,-0.11337072753906252,0.07586205752955198,0.32799999999999996,-0.557,0.13643767474764307,0.885,2.4015254964107933,0.7995332982804819,0.0015308926385380964,1.1514001027543461,2.766734145893321
1191,2003.11.16.12.58.46,False,0.1938847493135602,-0.1143674560546875,0.07666569517726918,0.3675,-0.5385,0.1377053880520236,0.9059999999999999,2.6627948269460875,0.8727871040877575,-0.018144734499897505,1.1530759369330843,3.074516121117669
1192,2003.11.16.13.08.46,False,0.1848218237658224,-0.1141581787109375,0.07484490102693737,0.32199999999999995,-0.5715,0.13653438656765185,0.8935,2.3623346981916953,0.8718173509099947,-0.01646568190102582,1.1494230943014188,2.713435979443923
1193,2003.11.16.13.18.46,False,0.19372987863721952,-0.1126642822265625,0.0760717703695488,0.438,-0.5800000000000001,0.13599100518425083,1.018,3.2107838670482947,1.0613127934833748,0.019447625654204534,1.1537475137304776,3.7161033728664448
1194,2003.11.16.13.28.46,False,0.1513088542183071,-0.11429189453125001,0.07497995085819892,0.2915,-0.51,0.13672620544006087,0.8015,2.128704714786881,0.7035236904884203,0.014606502235503872,1.149131326994707,2.4485653512581083
1195,2003.11.16.13.38.46,False,0.16515171897604308,-0.114691455078125,0.07506187600848684,0.2965,-0.5445,0.13708528225043287,0.841,2.1656941457264063,0.919297606775471,-0.023986107523556562,1.149727173154326,2.4892470390670356
1196,2003.11.16.13.48.46,False,0.1193887199030288,-0.1204273193359375,0.07483378028216227,0.3275,-0.4945,0.14178553624289938,0.8220000000000001,2.272397890874723,0.5960288341448827,-0.005800895291484603,1.141716476740224,2.592896672666062
1197,2003.11.16.13.58.46,False,0.21034736281289157,-0.1125561767578125,0.07592912244400524,0.371,-0.5385,0.13584883610762852,0.9095,2.729342892294307,0.6329341401934199,0.002961892912974655,1.1556364059926527,3.165996105359201
1198,2003.11.16.14.08.46,False,0.20752668477085412,-0.1126504638671875,0.07467939224641576,0.3355,-0.514,0.13520667035813505,0.8494999999999999,2.4789732130605424,0.806121332775739,0.0055581635236101315,1.1505619708579387,2.8548456799671214
1199,2003.11.16.14.18.46,False,0.07636936601945787,-0.11896896972656251,0.07497974365829121,0.266,-0.5309999999999999,0.1406279426703576,0.7969999999999999,1.881141321765265,0.7359426497112911,0.016516999975770715,1.1425667528536896,2.149925449911494
1200,2003.11.16.14.28.46,False,0.16255922789384913,-0.11629807128906249,0.0764093320479457,0.333,-0.503,0.13917325085581833,0.8360000000000001,2.3768468959387565,0.6903805799326741,-4.037972307172413e-06,1.1505740688854076,2.738445261697217
1201,2003.11.16.14.38.46,False,0.16503301387479602,-0.105597998046875,0.07590402497341009,0.28700000000000003,-0.502,0.13029402704102916,0.7889999999999999,2.221261185467138,0.7985966459247451,0.025497388091133437,1.163275433454994,2.592819975573197
1202,2003.11.16.14.48.46,False,0.1855802788209105,-0.105276025390625,0.0774205964229679,0.354,-0.52,0.13094951516549003,0.874,2.7253419370743655,0.815567129780113,0.02655532383857217,1.1675834285105728,3.193490973639433
1203,2003.11.16.14.58.46,False,0.0890316885940956,-0.12543823242187502,0.07683329877005148,0.3405,-0.5615,0.1471276267307709,0.902,2.278792866370387,0.7624963276213268,-0.006256721347270016,1.1383533731543345,2.5904081780899304
1204,2003.11.16.15.08.46,False,0.14611442954822712,-0.11952893066406249,0.07829375761663415,0.33799999999999997,-0.5705,0.14288843076506497,0.9085000000000001,2.375586053112257,1.0062636800991378,-0.006733848931813244,1.1491737175695862,2.729756846354424
1205,2003.11.16.15.18.46,False,0.1626583914114268,-0.11060166015625,0.07741692646106915,0.30500000000000005,-0.5875,0.13505670723993857,0.8925000000000001,2.260606570023543,0.8165876612215275,-0.019834178021206277,1.1609717221241607,2.627359235271844
1206,2003.11.16.15.28.46,False,0.2073538586428602,-0.1149517822265625,0.07677462738060736,0.365,-0.5465,0.138240952851326,0.9115,2.63921348886836,0.8935684543393929,0.007382483374839939,1.1527229369783023,3.0439535110373956
1207,2003.11.16.15.38.46,False,0.10121592352609021,-0.113964599609375,0.0769116854210212,0.248,-0.542,0.13749021999180147,0.79,1.804181101395863,0.8244018855526429,-0.01287644609259091,1.154011828674093,2.0817371048553293
1208,2003.11.16.15.48.46,False,0.15972747725844455,-0.113624658203125,0.0787311401471573,0.3115,-0.5235,0.13823871767522156,0.835,2.2541686446903944,0.8995768972241314,-0.03660104485537053,1.1600342096104463,2.6139013491786462
1209,2003.11.16.15.58.46,False,0.09125407535689078,-0.115484033203125,0.07696473456932171,0.2575,-0.554,0.13878512149145,0.8115,1.8546222064197349,0.7660945694876682,-0.01777344687780279,1.1520014596035004,2.1367731397331697
1210,2003.11.16.16.08.46,False,0.06535999630697797,-0.113981005859375,0.07646953587408388,0.249,-0.592,0.1372655696332034,0.841,1.813090508520549,0.8152984443256079,-0.06051388835903758,1.1547140699201899,2.094412760627144
1211,2003.11.16.16.18.46,False,0.158177562269812,-0.11491711425781251,0.07748946180145708,0.316,-0.6054999999999999,0.13860343821314602,0.9215,2.2786384063729033,0.8573809238162895,-0.025523934494820735,1.1541623886447372,2.6300832483865717
1212,2003.11.16.16.28.46,False,0.2043994624109669,-0.11415390624999999,0.07677441938309326,0.3355,-0.5725,0.13758018927048238,0.9079999999999999,2.434225887551608,0.8837984981573068,-0.0021570863437093656,1.152411840054715,2.80705977367741
1213,2003.11.16.16.38.46,False,0.1903575933576953,-0.11441511230468751,0.07833819696227831,0.35650000000000004,-0.5395000000000001,0.1386694175601709,0.8960000000000001,2.5698103786138704,0.924942977554986,0.05749879347484145,1.1544552375654873,2.9673221337040587
1214,2003.11.16.16.48.46,False,0.21482890113821684,-0.11408757324218749,0.07683533557319909,0.3565,-0.525,0.1375515344670492,0.8815,2.590666608966516,0.9583955702391445,-0.0019637912569649718,1.1535928887291549,2.989798686065961
1215,2003.11.16.16.58.46,False,0.1447033851739899,-0.11773242187499999,0.07631517916954107,0.315,-0.5545,0.14030305754494185,0.8695,2.245827452601503,0.843986845793401,-0.005755546900037769,1.1463579379102158,2.574477800159676
1216,2003.11.16.17.08.46,False,0.1667941641173124,-0.11287009277343751,0.0764081329755403,0.327,-0.52,0.1363319691074592,0.847,2.39568044510878,0.8490491223354804,-0.061613313133541195,1.1564893609101048,2.7745357015498895
1217,2003.11.16.17.18.46,False,0.159024364642045,-0.10600869140625,0.0769602105228708,0.2905,-0.5529999999999999,0.13121083568977127,0.8435,2.2258634654242595,0.6760471117660865,-0.013961589766062274,1.166968911907538,2.6038503651763714
1218,2003.11.16.17.28.46,False,0.1780963741197208,-0.1059960693359375,0.07479171955617911,0.28800000000000003,-0.4995,0.12991225681244462,0.7875,2.2335430417956332,0.8070570124838705,0.015001250326244681,1.1610303212089277,2.6003653975463257
1219,2003.11.16.17.38.46,False,0.02653910160157602,-0.135469921875,0.07619084300535363,0.2855,-0.5225,0.15563078420789156,0.808,1.8901723024548431,0.8000946641227205,0.008288826591041397,1.1254681056194928,2.1358359935899927
1220,2003.11.16.17.48.46,False,0.14963201198022202,-0.10842058105468749,0.07796565837418884,0.28049999999999997,-0.4995,0.1336657559938665,0.78,2.1059857508906767,0.6076487053821835,0.007076072368735515,1.1635448905539967,2.4545458752092033
1221,2003.11.16.17.58.46,False,0.1804818866545308,-0.11416123046875001,0.0776181339992082,0.3145,-0.5225,0.13806031551673864,0.837,2.2773666320652888,1.0389645179177518,-0.023953560419936817,1.1556479023312187,2.632465059618734
1222,2003.11.16.18.08.46,False,0.10673991019644513,-0.113788330078125,0.07760521662470182,0.2725,-0.5455000000000001,0.13774318008146452,0.8180000000000001,1.9782559423122765,0.8017386802071889,-0.04297006517980199,1.1570721514309645,2.289044748852802
1223,2003.11.16.18.18.46,False,0.15939278200763934,-0.11343146972656251,0.07788527517874265,0.28900000000000003,-0.4985,0.13760832261533026,0.7875,2.099577931776108,0.8709345790287681,0.0007101091147585547,1.1560905762861153,2.4278368687572733
1224,2003.11.16.18.28.46,False,0.2012698139371662,-0.11532150878906251,0.07830827724665254,0.4405,-0.5675,0.1393989017601054,1.008,3.1569966272204164,1.0697980974142465,0.03104110284858461,1.1536996141154412,3.6435588135710546
1225,2003.11.16.18.38.46,False,0.21226586706635014,-0.11366904296875,0.07762861426233628,0.381,-0.548,0.13765349331293197,0.929,2.7647389656548205,0.9369941055959683,-0.005951362229428537,1.1546970192996202,3.19387413984467
1226,2003.11.16.18.48.46,False,0.1637528285005403,-0.11330187988281248,0.07634639933837833,0.2905,-0.5005,0.13663731717095184,0.791,2.1246297681324164,0.7220434400345312,-0.001326678024964511,1.1543126680853526,2.454310311481764
1227,2003.11.16.18.58.46,False,0.22774921231568995,-0.11305520019531251,0.07702981719813193,0.39049999999999996,-0.5529999999999999,0.13683321018538835,0.9435,2.853445311218942,1.129336545166471,0.027624133620271753,1.1543372033936938,3.299069329190597
1228,2003.11.16.19.08.46,False,0.1977839711880614,-0.10945800781250001,0.07662589634985578,0.35550000000000004,-0.516,0.1336848791430715,0.8714999999999999,2.658457314265375,0.7883537532307265,0.008164599544947113,1.1602117602268835,3.0835276159266676
1229,2003.11.16.19.18.46,False,0.20488164076641435,-0.115534521484375,0.0760539683453417,0.3355,-0.5775,0.13833119660294527,0.913,2.4116649275543294,1.0427534920994312,-0.0003285864850416983,1.1502945427124445,2.7766136175589913
1230,2003.11.16.19.28.46,False,0.17343352223602937,-0.11441918945312499,0.07564328386631362,0.2965,-0.521,0.13720026983900263,0.8175,2.1578483844429672,0.8920821566530832,-0.018456295180221235,1.1507528206891315,2.4861317629616524
1231,2003.11.16.19.38.46,False,0.14849022831604652,-0.12078430175781252,0.0760576133928197,0.34299999999999997,-0.6095,0.14274525818487963,0.9525000000000001,2.3760673603025984,1.113994482268284,-0.017332458700162687,1.1430333636617527,2.713130169480781
1232,2003.11.16.19.48.46,False,0.08703172295710415,-0.11285244140625,0.07637393877572574,0.267,-0.5455,0.13631166696032462,0.8125,1.9563204985972464,0.8791689888426892,-0.08304506766315037,1.157401984921794,2.2664392148249854
1233,2003.11.16.19.58.46,False,0.2028220549644142,-0.115025634765625,0.0758502631475301,0.34199999999999997,-0.5495,0.1378038713009615,0.8915,2.4758079502830457,0.9144425470376978,0.001924591248392114,1.1501629696505065,2.852095865306816
1234,2003.11.16.20.08.46,False,0.057581848406229486,-0.11975524902343751,0.076208914201791,0.26,-0.52,0.14195272637494277,0.78,1.8391739618066676,0.7049158771357615,0.00042879432069623663,1.144425304216898,2.104945839615465
1235,2003.11.16.20.18.46,False,0.18336289958458368,-0.11271816406249999,0.07617020341829134,0.311,-0.5285,0.1360636363181509,0.8394999999999999,2.2857578098925853,0.6930578685986364,0.002939230387082435,1.1540235760139197,2.637681332195219
1236,2003.11.16.20.28.46,False,0.13874791302618283,-0.1178300048828125,0.07498555618226072,0.315,-0.5005,0.1396680661909836,0.8155,2.2612250508406158,0.787933592198625,0.025166480442086737,1.1435914714756676,2.585543910090126
1237,2003.11.17.10.18.56,False,0.22274031740570704,-0.1147292236328125,0.0818203154382098,0.399,-0.6565,0.1409189036524729,1.0554999999999999,2.830153263372096,1.3583038964377243,0.02432768583818042,1.161242455738416,3.286382571808023
1238,2003.11.17.10.22.30,False,0.1820541579599359,-0.114777392578125,0.08228901057356092,0.3355,-0.587,0.14122797358741054,0.9225,2.373879326571797,1.1428608432430134,-0.008175083195740621,1.1640960476916846,2.76358320766583
1239,2003.11.17.10.32.30,False,0.16707339183246983,-0.1206548095703125,0.08174536472766769,0.36750000000000005,-0.6495,0.14575773375840395,1.017,2.5344362515189225,1.3953722009777638,0.02140151293261878,1.152097385645866,2.92283438242338
1240,2003.11.17.10.42.30,False,0.21475664375775877,-0.11483544921875,0.08077698694613256,0.3405,-0.5665,0.14040723153124515,0.907,2.4251371317040755,1.109113844782456,0.018050723680352723,1.1594936227874726,2.8120142811219884
1241,2003.11.17.10.52.30,False,0.2026136384015395,-0.117715380859375,0.08142503462837937,0.3735,-0.5774999999999999,0.1431372678653142,0.951,2.608789164795329,1.1387024862782584,0.033252846443954154,1.1554176395341385,3.0141224278373446
1242,2003.11.17.11.02.30,False,0.2299360266187072,-0.11551052246093749,0.08161095405604325,0.38449999999999995,-0.609,0.14143208777217953,0.9935,2.7176239923988326,1.2005867679388877,0.011993168717304555,1.1614758690981093,3.1559087707396953
1243,2003.11.17.11.12.30,False,0.1843665317845254,-0.11680996093749998,0.08200999356130964,0.35750000000000004,-0.5175000000000001,0.14272630306424647,0.875,2.5048918721242943,1.1041528474220166,0.025450203034907373,1.1582796559677875,2.9012989696184985
1244,2003.11.17.11.22.30,False,0.2341686937337133,-0.1143480224609375,0.07991890886698064,0.403,-0.5894999999999999,0.13951395038785097,0.9924999999999999,2.8887411224411887,1.1337501151048666,0.034942352402289864,1.1575326221721616,3.344474577409037
1245,2003.11.17.11.32.30,False,0.20005469803619952,-0.11136433105468752,0.0792343408881064,0.3365,-0.5125,0.13669052486236616,0.849,2.4624585088951427,0.9446245540886891,0.030690396574192605,1.1613155138280944,2.860928951343241
1246,2003.11.17.11.42.30,False,0.2201936874370991,-0.1144788330078125,0.08058606098047595,0.4185,-0.571,0.1399990370833474,0.9895,2.9911523657702297,1.0527044246955066,0.00777040216309453,1.1600315596886772,3.472158585789132
1247,2003.11.17.11.52.30,False,0.2127342562388096,-0.114733056640625,0.08088943350645302,0.376,-0.5934999999999999,0.14038403745740663,0.9695,2.6763713030064133,1.025226731103784,0.01595499846451787,1.1607016357053723,3.1070870307666345
1248,2003.11.17.12.02.30,False,0.1683916421350481,-0.0969621826171875,0.07981314510855493,0.328,-0.521,0.12610286663992643,0.849,2.6168306772961247,1.0645509480788669,0.004794550829393153,1.1882343116056233,3.1146311000245803
1249,2003.11.17.12.12.30,False,0.13452058710438797,-0.11203681640624999,0.08237414487073597,0.309,-0.5835,0.13906644740053642,0.8925,2.2220261995387744,0.9879435957515572,0.03291549904335846,1.166196380439236,2.591382408776057
1250,2003.11.17.12.22.30,False,0.12496313732771847,-0.092504638671875,0.08069667812636626,0.371,-0.5854999999999999,0.12363892921191208,0.9564999999999999,3.054791872647078,0.9380722550300369,0.011016551799237034,1.1952436278316418,3.6674544577773593
1251,2003.11.17.12.32.30,False,0.19044958219587216,-0.11339299316406248,0.08178361978408849,0.34299999999999997,-0.598,0.13980918636924838,0.941,2.4525850368766378,1.098220297763241,0.011654368805733673,1.164592384818964,2.8562373786838036
1252,2003.11.17.12.42.30,False,0.2241482735625659,-0.1145556640625,0.08167967548478211,0.3845,-0.6055,0.14069417204860524,0.99,2.732943279177209,1.1173038517815113,0.020658706068171426,1.162561399544126,3.1771385952930213
1253,2003.11.17.12.52.30,False,0.14393017912018247,-0.1128080078125,0.0822445271837073,0.305,-0.537,0.139606238252928,0.842,2.184366569270754,0.9772930380473104,-0.015266274496310704,1.1668552101760847,2.548670905918727
1254,2003.11.17.13.02.30,False,0.1555642291988728,-0.113721826171875,0.08115285017065946,0.441,-0.4955,0.1397088859152693,0.9365,3.155363121303579,0.8657021324719361,0.022401674512248015,1.1637043833257956,3.6729578924706443
1255,2003.11.17.13.12.30,False,0.21764548295520325,-0.11482167968750001,0.08211453908984344,0.3825,-0.551,0.14116251167960103,0.9335,2.7094626746423893,1.1742318814500114,0.027050662867596668,1.1614109417065315,3.146918192458319
1256,2003.11.17.13.22.30,False,0.16414550287469248,-0.113128662109375,0.08206961838180413,0.32599999999999996,-0.5700000000000001,0.13976281066209473,0.8959999999999999,2.33200753605598,0.9313418626114855,0.018000921366509017,1.1652802590033033,2.7172716118847067
1257,2003.11.17.13.32.30,False,0.19806654709529153,-0.1135736083984375,0.08137101164921735,0.4065,-0.532,0.13971553927202632,0.9385,2.910256040287556,0.9962485296972858,0.04335169076878887,1.1625721044580848,3.3823094940280174
1258,2003.11.17.13.42.30,False,0.19482178978062326,-0.1110978515625,0.07977864653895232,0.4065,-0.5505,0.1367822343550802,0.957,2.9718659392223215,1.0903877729842866,0.05936861717059472,1.161712575306378,3.4527109386503434
1259,2003.11.17.13.52.30,False,0.21336401259225618,-0.114176025390625,0.08150765198040287,0.4325,-0.5820000000000001,0.14028423082515734,1.0145,3.0821733059100422,0.9964404065953272,0.01815735116043857,1.1623559210730807,3.5830607674920265
1260,2003.11.17.14.02.30,False,0.18839445672044663,-0.1132353515625,0.0810400646118203,0.391,-0.532,0.13924734198730815,0.923,2.808291941626539,0.9731958690991214,0.05425034376296828,1.1623991194528034,3.2645712201861867
1261,2003.11.17.14.12.30,False,0.2056119805355595,-0.1170649658203125,0.08200772659956979,0.4135,-0.637,0.14293682072799638,1.0505,2.898995909269435,1.6087238056059263,0.074752056612315,1.1576569397928993,3.3570011387052787
1262,2003.11.17.14.22.30,False,0.2057251288592467,-0.110591455078125,0.08231718993728313,0.38349999999999995,-0.5874999999999999,0.13788522214168664,0.971,2.7851221921789158,1.2576881034407212,0.051597582519608574,1.1670728012326723,3.2519228967628866
1263,2003.11.17.14.32.30,False,0.18231300682351104,-0.11748124999999998,0.08239687607186383,0.387,-0.5215000000000001,0.14350762796884659,0.9085000000000001,2.704319958761655,1.041476113418194,0.014224515996272565,1.1602932561953643,3.139425386144447
1264,2003.11.17.14.42.30,False,0.16475642912474492,-0.1169081298828125,0.08124947165594283,0.333,-0.603,0.1423699390163866,0.936,2.338903249581414,1.0855510998174909,0.0017663890792900712,1.1579815402426918,2.708407943202923
1265,2003.11.17.14.52.30,False,0.1915745541238511,-0.1144609619140625,0.08128983536078815,0.443,-0.538,0.14039007251479774,0.9810000000000001,3.1550843471211985,1.0325460439617953,0.027378297021817155,1.1622550814498573,3.6674011709473744
1266,2003.11.17.15.02.30,False,0.2222994399200926,-0.11449379882812499,0.08060234813190414,0.35050000000000003,-0.563,0.14002280650569182,0.9135,2.505403149494975,1.174985089129975,0.040189907409976605,1.1586669037863428,2.9018224489436264
1267,2003.11.17.15.12.30,False,0.20357056313632038,-0.11503044433593751,0.08136251535684738,0.392,-0.515,0.14089671113094038,0.907,2.7796472190716717,1.0722179656119784,0.010704455127456507,1.1610177293318937,3.22761167788249
1268,2003.11.17.15.22.30,False,0.22562666813325394,-0.1137498046875,0.0812024129002542,0.3795,-0.5845,0.1397648616560455,0.964,2.7160261812794104,1.1946066284236534,0.05470510095231125,1.16109807481312,3.154298309815382
1269,2003.11.17.15.32.30,False,0.2204343796418653,-0.11496540527343752,0.08041687361923035,0.36250000000000004,-0.5885,0.14030184580035027,0.9510000000000001,2.584451588610881,1.1154632387548642,0.007003323083166153,1.1592414047784,2.9951410406549863
1270,2003.11.17.15.42.30,False,0.1677046839395776,-0.11127319335937502,0.0813123268237882,0.317,-0.5375000000000001,0.13782755055723983,0.8545,2.3009884620121177,0.9190123288004384,0.023144179891965884,1.165181995961746,2.680712378669132
1271,2003.11.17.15.52.30,False,0.2360681482812652,-0.11583525390625,0.08183907813058583,0.38949999999999996,-0.5705,0.14184456265295803,0.96,2.7459749173652583,1.3160220184705609,-0.004128156780490397,1.1614302668694187,3.1901584075268286
1272,2003.11.17.16.02.30,False,0.1851118686421408,-0.112457763671875,0.08226622087120872,0.35250000000000004,-0.6455,0.139335866474796,0.998,2.529972094430761,1.2472585359462531,0.00242092989613623,1.1675266497324044,2.9533718567544636
1273,2003.11.17.16.12.30,False,0.20202954170446452,-0.1151448974609375,0.0813734370041528,0.4395,-0.5615,0.14099704057234413,1.001,3.1170047553059104,1.173652429983211,0.05349206070776151,1.1595738187221667,3.6151973490287497
1274,2003.11.17.16.22.30,False,0.07960019181325606,-0.1283286865234375,0.0821662619043099,0.366,-0.7395,0.152467830398398,1.1055,2.41331958980379,1.2547014590880323,0.0016071749204626257,1.1449302921611624,2.7651698787139978
1275,2003.11.17.16.32.30,False,0.09139009833872902,-0.1213318115234375,0.079769919083543,0.2945,-0.538,0.14525128552126826,0.8325,2.0386327237826416,0.9527852728097073,0.05592095255220107,1.1479264199673436,2.3422492976634652
1276,2003.11.17.16.42.30,False,0.14030485548627147,-0.1108060302734375,0.08221601112010507,0.3235,-0.685,0.1380300655791668,1.0085,2.3453138954121293,1.2520044569644155,-0.020439362221067424,1.1700137155183234,2.74500602447055
1277,2003.11.17.16.52.30,False,0.1877808279462745,-0.11554616699218749,0.08071780155959857,0.4235,-0.536,0.14095438613835282,0.9595000000000001,2.9966459956131226,1.0317460862835643,0.04542514052890939,1.1596090758195174,3.472878490032314
1278,2003.11.17.17.02.30,False,0.1464813972333518,-0.1149686767578125,0.08398941768810567,0.4625,-0.64,0.14237985115910023,1.1025,3.246666977213387,1.4426346569925297,0.009444055529570661,1.166070606967828,3.7857209799442306
1279,2003.11.17.17.12.30,False,0.1865162029447634,-0.1108185302734375,0.08423039874770685,0.41100000000000003,-0.6495,0.13922720288115836,1.0605,2.953213711529789,1.5096708954650455,0.02385907007962109,1.1712951236624112,3.4594112805132298
1280,2003.11.17.17.22.30,False,0.12497758949373272,-0.11298283691406252,0.08522327239170312,0.482,-0.631,0.14152106303339806,1.113,3.4054385089103745,1.5009804134091267,-0.007107790842430517,1.1714363880564007,3.989157348487751
1281,2003.11.17.17.32.30,False,0.08672221648105505,-0.12064973144531249,0.08331126827413173,0.3075,-0.6835,0.1466536382349577,0.9910000000000001,2.105808068201332,1.2311842572598288,-0.009725160213575024,1.1567306384830278,2.438113695775283
1282,2003.11.17.17.42.30,False,0.19150060548030262,-0.115631396484375,0.08238138506052975,0.3675,-0.5335000000000001,0.14197655805837783,0.901,2.588369882673498,1.0298462278668332,0.0108927633062587,1.1628143005183131,3.0097766136276136
1283,2003.11.17.17.52.30,False,0.167171447690808,-0.11725822753906251,0.08512449512971959,0.36250000000000004,-0.6105,0.14492036762464153,0.9730000000000001,2.503624738258183,1.2779299516453126,0.007300038812412268,1.1651335106922267,2.9183450533324233
1284,2003.11.17.18.02.30,False,0.1606757210694318,-0.10782968750000001,0.08317805800517675,0.437,-0.565,0.13624900953740166,1.002,3.2247359971723917,1.2661764827557391,0.046840218569835404,1.17492831717492,3.794192515654159
1285,2003.11.17.18.12.30,False,0.19056308239626524,-0.1172341796875,0.08383148524884833,0.43700000000000006,-0.61,0.14413239219102392,1.047,3.028368927917504,1.2673912707748136,0.018458462796228696,1.1623456175974347,3.5181772077469464
1286,2003.11.17.18.22.30,False,0.06717830120119861,-0.1144662353515625,0.08469441490375204,0.47650000000000003,-0.723,0.1423937401645195,1.1995,3.3464174873638832,1.4020325121284314,0.009883678304820447,1.1671064366755128,3.9055574360989933
1287,2003.11.17.18.32.30,False,0.17531182837800807,-0.11351484375000001,0.08378749182480788,0.359,-0.6425000000000001,0.14108912209421137,1.0015,2.545498348321207,1.1724570251750075,0.01618561884017027,1.166286684769151,2.9692115503573113
1288,2003.11.17.18.42.30,False,0.1050861542715874,-0.115702001953125,0.08454586903772204,0.404,-0.7350000000000001,0.1433021345202958,1.1390000000000002,2.8188174454046306,1.340948962017892,0.006988921345436499,1.1661233733055876,3.2871619851114264
1289,2003.11.17.18.52.30,False,0.14297397049801064,-0.11359931640624998,0.0835307170539829,0.4005,-0.7255,0.141005851954336,1.126,2.838505898322107,1.269665747748479,0.019640437602410795,1.1654586963510805,3.307377112799859
1290,2003.11.17.19.02.30,False,0.200345381147086,-0.114035400390625,0.08408219381202615,0.39049999999999996,-0.6165,0.14168283923172176,1.007,2.756480055196378,1.2309767955278859,0.013634905396893195,1.166458208107961,3.215623904959933
1291,2003.11.17.19.12.30,False,0.15463633713333008,-0.115533251953125,0.0851894960637119,0.3745,-0.6679999999999999,0.1435454264964063,1.0425,2.608566069269429,1.2945599242642651,0.014713824892747501,1.1669415702785955,3.043921769208101
1292,2003.11.17.19.22.30,False,0.18231759829638916,-0.112824462890625,0.08335227810022744,0.40900000000000003,-0.675,0.14027750100380237,1.084,2.919216362695378,1.1559423590810582,0.020539074104362978,1.1682990554476933,3.412145328621068
1293,2003.11.17.19.32.30,False,0.12333346613507734,-0.13048525390625,0.08389256857718155,0.4615,-0.591,0.15539563780777166,1.0525,2.954064088890054,1.439014859644054,0.024956855436227394,1.1457051892783194,3.380521987875257
1294,2003.11.17.19.42.30,False,0.14091152145283303,-0.109980810546875,0.0844551751826114,0.47,-0.56,0.13868358791079863,1.03,3.4012351550254007,1.1956128025833759,0.03895981136353822,1.1740742671851452,3.994846821921234
1295,2003.11.17.19.52.30,False,0.08735071514472093,-0.12010041503906249,0.08697442522221038,0.5065,-0.652,0.14834183077613394,1.1585,3.4271504393232375,1.6285777869156735,0.031291123251809876,1.1634627524338557,3.990345055532324
1296,2003.11.17.20.02.30,False,0.16316473657521452,-0.1136447021484375,0.08428865668035987,0.426,-0.5445,0.14149108445139985,0.9705,3.0129599851156224,1.1892563691720248,0.040623797315294065,1.166908604695595,3.515377512339138
1297,2003.11.17.20.12.30,False,0.143399961189965,-0.1153527587890625,0.08466030082501541,0.353,-0.6735,0.1430916708562637,1.0265,2.4672236241574623,1.1289104859953123,0.01208161821856766,1.167064919199016,2.879427215223127
1298,2003.11.17.20.22.30,False,0.11566000192709869,-0.11517026367187501,0.08391170274586482,0.415,-0.724,0.14249690002489102,1.139,2.9124014513007523,1.3265110064208412,0.003904964065328774,1.167138057775743,3.3991656942325945
1299,2003.11.17.20.32.30,False,0.11162641982587374,-0.1139974365234375,0.08562049952350073,0.3115,-0.614,0.14257077127810275,0.9255,2.1843251904544854,0.9648244075310684,0.031725884094235435,1.1699538931288638,2.555668331710252
1300,2003.11.17.20.42.30,False,0.16539287033874184,-0.1140260986328125,0.08493660345689186,0.359,-0.5640000000000001,0.14218541691825132,0.923,2.524919656052428,1.0697853174018717,0.032679021943535065,1.1694868616332013,2.952859194926008
1301,2003.11.17.20.52.30,False,0.17174454673847228,-0.11495146484375002,0.08327110228660772,0.444,-0.631,0.1419530665373565,1.0750000000000002,3.1253336328063224,1.007655921293891,0.0562596289173557,1.163382184091025,3.633587355956384
1302,2003.11.17.21.02.30,False,0.1467096084606479,-0.121645654296875,0.08428861586979793,0.3795,-0.5675,0.1480655180212411,0.9470000000000001,2.569983915006854,1.0405227761207592,0.029408922909407508,1.1576717870342514,2.9774423487577826
1303,2003.11.17.21.12.30,False,0.09568810111860893,-0.09950732421875,0.0845121460285215,0.454,-0.5435000000000001,0.13097216043007381,0.9975,3.4945199620327125,1.0890023457152098,0.025348779825691253,1.1932021372793455,4.177650943527076
1304,2003.11.17.21.22.30,False,0.11017062029668068,-0.11408007812500001,0.08460947400813362,0.505,-0.5405,0.14203204920247947,1.0455,3.561755280866307,1.267730145397095,0.06080012022226701,1.1674978335784894,4.160088581029056
1305,2003.11.17.21.32.30,False,0.12619997833010455,-0.11100805664062499,0.0860410560307797,0.477,-0.6359999999999999,0.14045421976279004,1.113,3.3963169176451165,1.4802673203226635,0.050886299139313515,1.174795480875331,3.9912110106007903
1306,2003.11.17.21.42.30,False,0.1599620629272427,-0.112045361328125,0.08506033892936724,0.4575,-0.5885,0.14068135804212117,1.0459999999999998,3.2498670618761407,1.2946552848008666,0.04498945956841384,1.1719657631685232,3.8081871149178723
1307,2003.11.17.21.52.30,False,0.1843609833585031,-0.11179843750000001,0.08451493953853313,0.4395,-0.5905,0.1401571030092268,1.0299999999999998,3.1370420418850786,1.3456160396109205,0.011540613808811006,1.1716787825852255,3.675928327829074
1308,2003.11.17.22.02.30,False,0.16308417844162754,-0.11219020996093751,0.08523460489932846,0.398,-0.5894999999999999,0.14090232439910544,0.9875,2.8244715532967586,1.068811137549463,-0.02391776846626227,1.1740687336270679,3.3160582689113953
1309,2003.11.17.22.12.30,False,0.1351213757958991,-0.11463234863281249,0.08389060483054847,0.33799999999999997,-0.5965,0.1420500396548468,0.9345000000000001,2.3795741641479013,1.036348038179579,0.05489594854882891,1.1649139325355504,2.77171942050985
1310,2003.11.17.22.22.30,False,0.20365906287568775,-0.1145271728515625,0.0826913781960815,0.4015,-0.5965,0.14126009985608873,0.9980000000000001,2.839145186515342,1.0262735108739922,0.02050448553917251,1.1651034819119188,3.307773784642251
1311,2003.11.17.22.32.30,False,0.16609568024520688,-0.11340673828125,0.08262387796975482,0.383,-0.5435000000000001,0.14031676276055896,0.9265000000000001,2.729541852237001,0.9459390693154341,0.06331810129611595,1.165311389798062,3.1807789638704147
1312,2003.11.17.22.42.30,False,0.16901945069519314,-0.11380471191406251,0.08393703489858226,0.364,-0.5445,0.14141074303352624,0.9085,2.574465967057028,1.0136709462273634,0.019071074995189802,1.167917221441568,3.006779455177432
1313,2003.11.17.22.52.30,False,0.12385396390552128,-0.1095218994140625,0.08250648761459597,0.4845,-0.549,0.13717573256774127,1.0335,3.54823699666835,1.2065637559484497,0.06692900757803993,1.1702398756542904,4.1592777180432545
1314,2003.11.17.23.02.30,False,0.015145871453248638,-0.1410923095703125,0.08157173657310271,0.309,-0.5605,0.16346604115127608,0.8695,1.9377035486185001,0.9253874254553964,0.04009743230156261,1.1307777667380399,2.2004741380012574
1315,2003.11.17.23.12.30,False,0.17981815624261382,-0.11552158203125,0.08317145926806924,0.4235,-0.5640000000000001,0.14234859218352458,0.9875,2.97378196648856,1.026341810761451,0.049454104680592775,1.1618618012677229,3.456082277460494
1316,2003.11.17.23.22.30,False,0.14678501133199762,-0.11478291015625,0.08357377831633034,0.3305,-0.6005,0.1419852990360573,0.9309999999999999,2.327760165245227,1.0031942266718343,-0.016166088304511824,1.1661185878750246,2.7144875999574616
1317,2003.11.17.23.32.30,False,0.18725419451044178,-0.1131283447265625,0.0831317636046213,0.3735,-0.5545,0.14040708815996694,0.928,2.661308299756039,1.147156551147722,0.03904781229790788,1.1659395114864886,3.1042655940685817
1318,2003.11.17.23.42.30,False,0.15421885573971528,-0.11520126953124998,0.08335566175970903,0.33199999999999996,-0.603,0.14219590448797625,0.9349999999999999,2.3347286429821286,1.1491596557636266,-0.011875330629595063,1.1645484657026108,2.718631137008864
1319,2003.11.17.23.52.30,False,0.18217270632838672,-0.11607065429687499,0.0831326565387368,0.3695,-0.542,0.1427734099062128,0.9115,2.583551069710862,1.122754368927886,0.012041763474072403,1.1621015547228861,3.001099573890267
1320,2003.11.18.00.02.30,False,0.17000972426560507,-0.11565209960937499,0.08489363493213795,0.397,-0.5605,0.1434658143878874,0.9575,2.767865027486439,1.1133990725511898,-0.009976280712332749,1.167523803487723,3.2316287310568486
1321,2003.11.18.00.12.30,False,0.1798786660100612,-0.11471086425781249,0.08347631460485712,0.40800000000000003,-0.5555,0.14186923841576482,0.9635,2.876878041702563,1.0192886714236382,0.039697938087440876,1.164039478940977,3.348981080529117
1322,2003.11.18.00.22.30,False,0.20359907895400275,-0.114356103515625,0.08376727321175075,0.405,-0.6045,0.14175613967072015,1.0095,2.8570092224009462,1.151701939322153,0.016911891379419324,1.1665485821965702,3.3332449262032453
1323,2003.11.18.00.32.30,False,0.17345959682709233,-0.11422939453125,0.08233889494296398,0.382,-0.516,0.14081225223876226,0.898,2.7124136220507964,0.8602447931464503,0.026322537325342687,1.1644720234220234,3.15846154588498
1324,2003.11.18.00.42.30,False,0.14399221183457978,-0.11241777343750001,0.08565130540450125,0.436,-0.5345,0.1413359972549093,0.9705,3.0926557791266527,1.0975777083166818,0.044390786383640066,1.1719652197306776,3.625486752537497
1325,2003.11.18.00.52.30,False,0.13746401040399614,-0.113309326171875,0.08306690834317121,0.398,-0.5295000000000001,0.14049959466691295,0.9275,2.8341983883047,0.898459867017946,0.10452928186322974,1.1639183358616567,3.3010177064459425
1326,2003.11.18.01.02.30,True,-0.015849109898272817,-0.15335695800781252,0.08502004116160874,0.3075,-0.631,0.17644250941296719,0.9385,1.8862674048237844,0.8678522814328335,0.016168542265461813,1.1264256891729507,2.1555032919267894
1327,2003.11.18.01.12.30,False,0.13972663258448892,-0.10833479003906249,0.08573604295875673,0.436,-0.626,0.1382218059408541,1.062,3.1637778583242793,1.1098736568438081,-0.010855678193202177,1.1799992597323183,3.735325197289522
1328,2003.11.18.01.22.30,False,0.11872073633471081,-0.11310385742187501,0.08293676061532523,0.292,-0.5794999999999999,0.14025353350469674,0.8714999999999999,2.0821969743202846,0.8367482117451706,0.0101385603742928,1.16617308122756,2.4282320102776853
1329,2003.11.18.01.32.30,False,0.17713750954124913,-0.11553090820312499,0.08414257397176257,0.4065,-0.5785,0.14293060777756345,0.9849999999999999,2.8455105624030868,0.9928999028597756,0.027189338542198578,1.1645621179882084,3.3144335723706853
1330,2003.11.18.01.42.30,False,0.17577049063710898,-0.113230712890625,0.08399238362783748,0.375,-0.6045,0.14098780251991733,0.9795,2.661790728385279,1.0129672710289932,-0.002452448412134875,1.1697602581700437,3.1141208680399455
1331,2003.11.18.01.52.30,False,0.17818200561637593,-0.113235595703125,0.08451817342112886,0.388,-0.56,0.14129997722498044,0.948,2.745566960817845,1.048068422578507,0.017427120518529876,1.169404834362056,3.210662105615964
1332,2003.11.18.02.02.30,False,0.19310360791716324,-0.11359543457031249,0.08485918131068478,0.40800000000000003,-0.571,0.1417921941925161,0.9789999999999999,2.876829139690667,1.2396251341781976,0.0406492795199813,1.1692603977310798,3.363526853085361
1333,2003.11.18.02.12.30,False,0.16382380873265173,-0.1156155029296875,0.08498304221206128,0.3675,-0.596,0.14349184961035644,0.9635,2.5605352350300503,1.0583783191731713,0.0002910142439572008,1.1671336763616804,2.9882569863099007
1334,2003.11.18.02.22.30,False,0.17033127584984992,-0.115151318359375,0.08351833120050446,0.4495,-0.5674999999999999,0.14225498746029838,1.017,3.161027065933433,0.9828067796864528,0.0024683206487717195,1.1655128690025958,3.6852263332968995
1335,2003.11.18.02.32.30,False,0.16305393403348983,-0.11211442871093749,0.08375746611203769,0.34950000000000003,-0.591,0.13994992594962904,0.9405000000000001,2.5008327365956147,0.9826919029081227,0.004530741604591111,1.170351505846991,2.9276786105377974
1336,2003.11.18.02.42.30,False,0.19644299367819235,-0.1147837890625,0.08491599511198793,0.42,-0.5994999999999999,0.14277970861501213,1.0194999999999999,2.9403342450939283,1.276404900162897,0.00601034844702325,1.1670541014009101,3.4312271836070902
1337,2003.11.18.02.52.30,False,0.1411989412031286,-0.11441308593749999,0.08377629349129506,0.3305,-0.581,0.14180659534704348,0.9115,2.331057982128729,0.8709719864179033,0.01846455985946896,1.1663892096864754,2.7187183410553057
1338,2003.11.18.03.02.30,False,0.17493261901514062,-0.1130286865234375,0.08476312555986729,0.404,-0.575,0.14128244069285995,0.9789999999999999,2.859395388305978,0.947650410122352,0.03197147339264704,1.170768529903412,3.347533970996707
1339,2003.11.18.03.12.30,False,0.1572246859186579,-0.1159460205078125,0.08442590184342139,0.38,-0.537,0.14342886297446594,0.917,2.649902050218291,0.9585904444830076,0.03318127420957908,1.1657314047978555,3.0891903558372205
1340,2003.11.18.03.22.30,False,0.1285172096679198,-0.114139306640625,0.08386096038872431,0.4605,-0.52,0.1416349302415755,0.9805,3.2519094167263076,0.8303447669923878,0.05741943713426122,1.1663905206601903,3.793111848541524
1341,2003.11.18.03.32.30,False,0.13297753091341502,-0.115074267578125,0.08427765644891977,0.348,-0.5469999999999999,0.14263652550544914,0.895,2.4397552328248175,0.9877035759825297,0.051235040556781145,1.1653920488307339,2.8434257529998357
1342,2003.11.18.03.42.30,False,0.1429683751092008,-0.1187406982421875,0.08410808844249812,0.354,-0.5565,0.14551462967049195,0.9105000000000001,2.432649070777284,0.9701496328266717,0.009834601241656651,1.1615738506082738,2.825674857298215
1343,2003.11.18.03.52.30,False,0.18558539485083858,-0.11393056640625,0.08406379454457322,0.3795,-0.603,0.14158707172759813,0.9825,2.680106674331567,1.149367712022261,-0.007605139346245207,1.1678271161926803,3.129917210755531
1344,2003.11.18.04.02.30,False,0.1583907472190475,-0.11454194335937501,0.08433330504849937,0.371,-0.536,0.14223933274514738,0.907,2.6083812826200954,1.0393715088905973,0.031486575646829426,1.166155230677684,3.0420637894607276
1345,2003.11.18.04.12.30,False,0.196036881719309,-0.1159724609375,0.08448169212989205,0.40049999999999997,-0.608,0.14348197408578062,1.0085,2.7911515413981887,1.2854320685364455,0.03235844067799212,1.1638933620208185,3.2485931983721086
1346,2003.11.18.04.22.30,False,0.19052040312162466,-0.1139393798828125,0.08334828287787197,0.372,-0.5735,0.14117522121267467,0.9455,2.634914663824535,1.0137611592445863,-0.006027454095611724,1.1668063590190516,3.0741468375989767
1347,2003.11.18.04.32.30,False,0.18801414142905398,-0.11524680175781249,0.08298525606063964,0.3795,-0.5345,0.14201556680715333,0.9139999999999999,2.6719181586471636,1.0486647536254292,0.007747415695518777,1.1623359154132662,3.105727300454298
1348,2003.11.18.04.42.30,False,0.16370254882623952,-0.11116352539062499,0.08493162760477668,0.421,-0.575,0.13992100255560994,0.9959999999999999,3.0114333286462984,1.1516389396752782,0.05769978804698334,1.172019365943809,3.5303704740607467
1349,2003.11.18.04.52.30,False,0.1462137895601746,-0.1121210205078125,0.08196430679854566,0.327,-0.525,0.13891179389709135,0.8520000000000001,2.3540137829935945,0.8112624124504744,0.037898968431981137,1.1658057687524732,2.744307303516575
1350,2003.11.18.05.02.30,False,0.1634908043902773,-0.11460837402343749,0.08093514734077983,0.365,-0.4995,0.14030961130899985,0.8645,2.599691167937402,0.7926319351890185,0.05416570839056614,1.159649279080051,3.0149949784717087
1351,2003.11.18.05.12.30,False,0.15718278246126255,-0.11136840820312499,0.08451455614526673,0.344,-0.5665,0.1398419656813652,0.9105,2.456859051967032,0.9484967747230673,0.016799848891897277,1.1721127678954506,2.878217274604131
1352,2003.11.18.05.22.30,False,0.19711082897467136,-0.113540869140625,0.08114687928708887,0.399,-0.5445,0.13957925044249142,0.9435,2.8558785100778885,0.983246785472538,0.039674577928990915,1.1626776233449494,3.324455243353893
1353,2003.11.18.05.32.30,False,0.14844697016950342,-0.114819091796875,0.08236069831682721,0.3175,-0.5545,0.14130364568475393,0.872,2.249732521335217,0.9200397153275466,0.015111654713709188,1.1634852567247334,2.617257142670221
1354,2003.11.18.05.42.30,False,0.0900099750111667,-0.09551169433593751,0.08318463265818832,0.391,-0.504,0.12744676726648013,0.895,3.199699433488589,0.9323400467508531,0.014382507007392038,1.1962198936745385,3.8681242300125493
1355,2003.11.18.05.52.30,False,0.18302284390543166,-0.11435407714843751,0.08189526240821782,0.3625,-0.603,0.14066323228623517,0.9655,2.5770180945410344,0.8961882642112051,0.0075184361876039114,1.1638018470290306,2.9991746923019003
1356,2003.11.18.06.02.30,False,0.19968041780950957,-0.11444953613281249,0.08250373839745884,0.40549999999999997,-0.5725,0.1410973471688851,0.978,2.869287153780778,0.8913461798316951,0.03222465052064944,1.163817671676689,3.3417056096615716
1357,2003.11.18.06.12.30,False,0.1545356632501484,-0.1152287353515625,0.0833348870581197,0.34199999999999997,-0.6014999999999999,0.14220767314385419,0.9435,2.405220761894187,0.8890615559992723,0.015471306233871074,1.1660251905949266,2.803739087892467
1358,2003.11.18.06.22.30,False,0.18733037363156047,-0.11481181640625,0.08323540314989508,0.4065,-0.612,0.14181143972011734,1.0185,2.8653013379572685,1.111801474951621,-0.015464753265660552,1.1659618808697823,3.3420786837621406
1359,2003.11.18.06.32.30,False,0.17628376344598745,-0.11394907226562499,0.08423268720886695,0.38949999999999996,-0.5505,0.14170241055144908,0.94,2.7493837063506703,1.0963957747174222,0.010377015168493027,1.167935887105013,3.2108318039877077
1360,2003.11.18.06.42.30,False,0.19808021300853834,-0.115012255859375,0.08231773800968487,0.3825,-0.5445,0.14143584015874422,0.927,2.7046113853606872,1.0223625411790274,0.021990479672632072,1.1630514386707782,3.1460650250809037
1361,2003.11.18.06.52.30,False,0.16941972532990185,-0.1139511962890625,0.08274284172113448,0.35,-0.5700000000000001,0.14082504303373858,0.92,2.485328899191164,1.037315383570042,0.07795062397249272,1.1620811861250278,2.888027535389698
1362,2003.11.18.07.02.30,False,0.16482136773018896,-0.11453320312500001,0.08207278898127943,0.3395,-0.5105,0.14090615489044778,0.85,2.4106316948939233,0.8775850981239213,0.039238071588784,1.1632506052359801,2.803476576826424
1363,2003.11.18.07.12.30,False,0.13020513716527637,-0.1149548095703125,0.08155105441637546,0.316,-0.5375,0.14094881402755216,0.8534999999999999,2.242204948020015,0.8768350980627739,-0.041927846583246005,1.1640346536233936,2.6109462090731723
1364,2003.11.18.07.22.30,False,0.19702092419308392,-0.114062060546875,0.08339000659832373,0.4,-0.5615,0.14129856699540855,0.9615,2.828829412893875,1.1556473097463478,0.0337939031667287,1.165235823789629,3.296984467751624
1365,2003.11.18.07.32.30,False,0.18041682470704135,-0.11392624511718749,0.08103141226750327,0.3395,-0.5615,0.13980954658998343,0.901,2.425477527640817,0.9283748295172329,0.04291137366039235,1.1616254220288038,2.818299534329535
1366,2003.11.18.07.42.30,False,0.1797103010317025,-0.1154806396484375,0.08097827124725886,0.37,-0.5105,0.1410472856219972,0.8805,2.6220695702315076,1.0001823448747977,0.05849788660755474,1.1573169300687258,3.0356302718852852
1367,2003.11.18.07.52.30,False,0.15930973044098595,-0.11436149902343751,0.08012311807670647,0.3185,-0.577,0.13964713839828974,0.8955000000000001,2.2821701654338074,0.8735624530722517,-0.003229166041145967,1.1604997838197106,2.6478856116794294
1368,2003.11.18.08.02.30,False,0.1532153660531641,-0.1140852294921875,0.08392564352893447,0.35,-0.5495000000000001,0.141629677690199,0.8995,2.471191386682325,0.8676126069931394,0.00945417711487833,1.1670349633964254,2.8838637424372937
1369,2003.11.18.08.12.30,False,0.16953804675508677,-0.114602294921875,0.08315500433911663,0.34650000000000003,-0.5445,0.14159262615655904,0.891,2.445309049262189,1.0586630955399532,0.010996072310376219,1.1641905227160647,2.846788763475888
1370,2003.11.18.08.22.30,False,0.1873992346223689,-0.1138200439453125,0.08285840220196085,0.448,-0.563,0.140785873062175,1.0110000000000001,3.1819966982307024,1.028770152877669,0.017232535924297965,1.1657608349824427,3.7094925371846657
1371,2003.11.18.08.32.30,False,0.18348170492308769,-0.1174145263671875,0.08351510311177908,0.398,-0.5615,0.14411075896675263,0.9595,2.7657756775645814,0.9685551286150154,0.02331931581359554,1.161978140639142,3.2158681937531863
1372,2003.11.18.08.42.30,False,0.03041680406602887,-0.081838818359375,0.08238666334351236,0.4175,-0.485,0.11834060772515598,0.9025,3.7353512162593665,0.8493296011520013,-0.0006896754464535682,1.2160565228912574,4.595372645524634
1373,2003.11.18.08.52.30,False,0.1752638811559285,-0.1113169677734375,0.08204237727749444,0.427,-0.532,0.13828509545305961,0.959,3.090319388228698,0.9838054660487978,0.023873989540216866,1.1686689877964123,3.6118603286533606
1374,2003.11.18.09.02.30,False,0.1634520943178393,-0.1150718994140625,0.08435509259260791,0.3725,-0.5760000000000001,0.14268130318471953,0.9485,2.6107114768398145,0.9455979194582651,-0.003693295366004014,1.167406092755875,3.047759624432209
1375,2003.11.18.09.12.30,False,0.13094870108043177,-0.11577023925781249,0.08375369164473837,0.3345,-0.5800000000000001,0.1428903341295889,0.9145000000000001,2.3403307763783046,0.8562772619308283,0.03802411498273279,1.1628826744859369,2.721891672104694
1376,2003.11.18.09.22.30,False,0.1652927558229565,-0.114576904296875,0.08222319544987597,0.34750000000000003,-0.5275000000000001,0.1410268475263623,0.875,2.463997053077008,0.7886463805273429,0.009532100619303154,1.1638039914328906,2.8674914862223178
1377,2003.11.18.09.32.30,False,0.13492585253128275,-0.114815185546875,0.08345840607015134,0.32999999999999996,-0.535,0.14194326378645503,0.865,2.325416484431149,0.7813575700155284,-0.0029895354482427933,1.1662023491571607,2.7118654972463716
1378,2003.11.18.09.42.30,False,0.14437697928850673,-0.1152079345703125,0.08329062924231137,0.481,-0.5505,0.14216530221670404,1.0315,3.3836864660357504,0.9470543265963585,0.024129566303918163,1.1658490677078173,3.944781103706963
1379,2003.11.18.09.52.30,False,0.13608450639425274,-0.1145726318359375,0.08302651005126355,0.3355,-0.542,0.14149307444365047,0.8775,2.3709935039683203,0.7346192874602839,-0.005300603881358598,1.1672074548398288,2.7668821441267673
1380,2003.11.18.10.02.30,False,0.1482013869747642,-0.1147765869140625,0.08249376984599271,0.33099999999999996,-0.575,0.14135048212276138,0.906,2.341266788425919,0.8202175118673785,-0.00881391716911819,1.1649389726875365,2.728244272707337
1381,2003.11.18.10.12.30,False,0.13268333034608826,-0.11560009765625,0.08441382811529799,0.48250000000000004,-0.5980000000000001,0.14314050424649866,1.0805,3.369943588624173,1.149996628900444,0.05037685163313162,1.1650002092046035,3.9261058147316956
1382,2003.11.18.10.22.30,False,0.03615720601344641,-0.113772900390625,0.08319045445923101,0.609,-0.5800000000000001,0.1409473004640524,1.189,4.315619236987944,1.2026545658741676,0.04034564682158485,1.1675409212095254,5.043249842228807
1383,2003.11.18.10.32.30,False,0.14644247694384616,-0.11459970703125,0.08145887748061215,0.30900000000000005,-0.5395000000000001,0.1406013952192701,0.8485,2.1970386892131932,0.7299803222997807,0.010552170936396097,1.161798830404195,2.5528888047753004
1384,2003.11.18.10.42.30,False,0.18252353010163402,-0.11532102050781251,0.08245227995734716,0.492,-0.603,0.14176564227912075,1.095,3.470967533517512,1.2930038560365062,0.026541982438506216,1.1622114572130846,4.0334576153268165
1385,2003.11.18.10.52.30,False,0.1900884872016767,-0.11382500000000001,0.08178457615094957,0.391,-0.5665,0.14016300397018708,0.9575,2.7893000250523556,0.83458357188205,0.006230973255617309,1.1650465365173654,3.2489156595661717
1386,2003.11.18.11.02.30,False,0.1441266237073523,-0.11403142089843749,0.08107101621932208,0.30600000000000005,-0.488,0.13991725844250857,0.794,2.186647049585135,0.7583834638566069,0.005055920828607174,1.1621279939907077,2.541485044349514
1387,2003.11.18.11.12.30,False,0.19185261966018258,-0.115897021484375,0.08156133084177133,0.376,-0.5529999999999999,0.14172549796318318,0.929,2.6501227804499896,0.929694452274473,-0.0040004184066609345,1.1603193841606203,3.0761225151295033
1388,2003.11.18.11.22.30,False,0.20124825718173284,-0.11504328613281249,0.08216506669166229,0.4155,-0.569,0.14137459059289817,0.9845,2.9386821608187343,0.9856986241356374,0.036714054535478144,1.1629855794493342,3.4178084989781885
1389,2003.11.18.11.32.30,False,0.17637787952671352,-0.1142497314453125,0.08187748118352187,0.34650000000000003,-0.5335000000000001,0.14055953535371862,0.8800000000000001,2.465295385684609,0.9017399995611999,0.008916365254288648,1.1636417636315042,2.868812825507454
1390,2003.11.18.11.42.30,False,0.17115783593859302,-0.1154903076171875,0.08383418759703751,0.393,-0.63,0.14271121196179254,1.023,2.7539955870706505,1.0761873605836954,0.0017092815764560747,1.1657319634507397,3.2103445674287023
1391,2003.11.18.11.52.30,False,0.1317439130729301,-0.114424609375,0.08339052596115154,0.491,-0.631,0.14158800833944346,1.1219999999999999,3.467147322581404,1.1260951404433355,0.054872073387871007,1.1649716277250408,4.039299318506851
1392,2003.11.18.12.02.30,False,0.17642396519586112,-0.11334531250000002,0.08244753321004802,0.43200000000000005,-0.6565,0.140161712189348,1.0885,3.0804061390419153,1.0134562322615253,0.01983304400570618,1.165489643961802,3.5913872743026802
1393,2003.11.18.12.12.30,False,0.1627143662482829,-0.11530695800781249,0.08384938121019411,0.4245,-0.665,0.1425710609174075,1.0895,2.9770579560633488,1.1638162874395928,0.02068914588006176,1.16532028116126,3.470012891792722
1394,2003.11.18.12.22.30,False,0.13113285893213844,-0.1139048583984375,0.0837335524716406,0.3235,-0.585,0.141373864237762,0.9085000000000001,2.287581103292232,0.8755206119009316,0.022257047439337804,1.166292298094972,2.66831435202259
1395,2003.11.18.12.32.30,False,0.17583632287410483,-0.11471882324218749,0.08256543355752705,0.474,-0.5545,0.14134225223393893,1.0285,3.353521697997702,1.1176385535757967,0.03559551908865664,1.1642377112720488,3.9045702539455935
1396,2003.11.18.12.42.30,False,0.16205974868723994,-0.114942724609375,0.08421964793340274,0.41500000000000004,-0.6615,0.1424966419889348,1.0765000000000002,2.91157177450111,1.1340901625462338,-0.011726566408267573,1.1680223970851698,3.40075698836176
1397,2003.11.18.12.52.30,False,0.012843580338111726,-0.11462138671875,0.08448996531079135,0.6455,-0.625,0.1423991828965373,1.2705000000000002,4.532111347426334,1.259343667964199,0.030859536180021643,1.1686845598345634,5.297179246465379
1398,2003.11.18.13.02.30,False,0.19810596232320593,-0.11465083007812502,0.0825308672728727,0.3685,-0.587,0.14126917175798182,0.9554999999999999,2.608236491734387,0.9794704322473486,0.026267133120034078,1.162709568501199,3.0332134466815095
1399,2003.11.18.13.12.30,False,0.1602986219338886,-0.11389631347656251,0.0823352163470726,0.34550000000000003,-0.5455,0.1405406086464888,0.891,2.46196495914983,0.6952318047822794,0.00641291531957397,1.1656582871501038,2.8695779787338767
1400,2003.11.18.13.22.30,False,0.1817793777084561,-0.1134665771484375,0.08314729291074681,0.371,-0.5555000000000001,0.14067059959138967,0.9265000000000001,2.6361679320725315,0.9532181983707295,0.02084808958842177,1.1673700368971396,3.0775179124315706
1401,2003.11.18.13.32.30,False,0.19859792626494843,-0.1138637451171875,0.0806589965447159,0.3945,-0.543,0.13954207207430427,0.9375,2.827216031416584,0.8732940165639145,0.0186785525580239,1.1610364816166827,3.2824103969305067
1402,2003.11.18.13.42.30,False,0.17701083235172949,-0.11477226562500001,0.08251693323132422,0.392,-0.5515000000000001,0.1413573642685187,0.9435,2.767097473502126,0.889938871205411,0.00575965772267485,1.1651440897080259,3.224251588030529
1403,2003.11.18.13.52.30,False,0.1744972473134136,-0.11445300292968749,0.08299793705069797,0.4005,-0.659,0.14138342386033484,1.0594999999999999,2.8328337982545717,0.8829545098766503,0.009512423072108603,1.1667379699791525,3.3051639956581274
1404,2003.11.18.14.02.30,False,0.12957675885936792,-0.1143180908203125,0.08177697154922292,0.308,-0.5875,0.14056747686974974,0.8955,2.193250520693493,0.6884987152723814,0.002905446479919517,1.1642775980561506,2.5522366049313243
1405,2003.11.18.14.12.30,False,0.1761947379185883,-0.11513215332031249,0.08012522362449048,0.36,-0.5065,0.14028442730437451,0.8665,2.566625963259354,0.67478256438168,0.003255626493764106,1.1597787733685934,2.9765643072527994
1406,2003.11.18.14.22.30,False,0.19929504093146,-0.1145039794921875,0.08179087610100517,0.4395,-0.651,0.14072188201241248,1.0905,3.1216335304983165,0.9974566416487392,0.03293732513793596,1.162500718855997,3.6292272046097005
1407,2003.11.18.14.32.30,False,0.16846960089318874,-0.11386044921875,0.08222886264529614,0.353,-0.535,0.14045122351615558,0.888,2.5126427207246804,0.8298928055959074,-0.013552874796433665,1.1662524260034175,2.930683839934148
1408,2003.11.18.14.42.30,False,0.13260349808370453,-0.11608461914062498,0.08168389452760105,0.30300000000000005,-0.609,0.14194909350330553,0.9120000000000001,2.1364093354672944,0.8562230070892898,0.0010495305715127166,1.1597309651464833,2.477155619421216
1409,2003.11.18.14.52.30,False,0.17521575103772846,-0.11431911621093749,0.08332164048406973,0.358,-0.5675,0.14147041390823667,0.9255,2.5259188376863415,0.8912113904593759,0.011641143138392837,1.1664093635212665,2.947380428970079
1410,2003.11.18.15.02.30,False,0.1583623491183329,-0.11398203125,0.08392228896344744,0.347,-0.5895,0.1415590398931839,0.9365000000000001,2.448171454088134,0.9097691667650862,0.01756843717750557,1.1680469143219776,2.8604055813080422
1411,2003.11.18.15.12.30,False,0.14986860144792574,-0.115604248046875,0.0823643586904528,0.494,-0.624,0.14195486227358373,1.1179999999999999,3.4809441309111637,1.2656508130173418,0.003598242783209915,1.164508255050532,4.05336478997893
1412,2003.11.18.15.22.30,False,0.13254420171843462,-0.1142810791015625,0.08208741827884936,0.3165,-0.5409999999999999,0.14071648564554912,0.8574999999999999,2.245254746734452,0.6052319735150509,-0.00460113133335361,1.1654043061228747,2.618771635094075
1413,2003.11.18.15.32.30,False,0.14100994783069132,-0.1149456298828125,0.08172760372430395,0.311,-0.5445,0.1410574691145816,0.8554999999999999,2.201974234327852,0.6425154549936578,0.018835482621276524,1.1632971742361473,2.562433941805711
1414,2003.11.18.15.42.30,False,0.09420030441872362,-0.11592651367187501,0.08136161418296947,0.28049999999999997,-0.652,0.14164411335260557,0.9325,1.9780664835123658,0.7426857832829081,-0.027317311899363827,1.1616660333670608,2.2985324915545053
1415,2003.11.18.15.52.30,False,0.1509362714261115,-0.1144410888671875,0.08243322332808484,0.4455,-0.681,0.14104347949472074,1.1265,3.161119884575516,0.9387010799302724,0.0030779808181017757,1.1655876916438626,3.6841237394514996
1416,2003.11.18.16.02.30,False,0.1940402628781117,-0.11574641113281249,0.08206734815511804,0.42100000000000004,-0.63,0.1419123471137404,1.051,2.9660315718023673,0.9130323515258867,0.010997857227349257,1.161666797500621,3.4460242240775196
1417,2003.11.18.16.12.30,False,0.14653056366681877,-0.11516169433593751,0.0823517778173185,0.3355,-0.618,0.14159498409687285,0.9535,2.369396328914295,0.7834500613557849,0.004886143168599192,1.1636716240065268,2.7572214712456935
1418,2003.11.18.16.22.30,False,0.14154377901813875,-0.11452788085937501,0.08139501511544944,0.332,-0.6945,0.14051899990857647,1.0265,2.3599691386867616,0.973092421737189,-0.020262698642803726,1.1631384859790663,2.7462694466801247
1419,2003.11.18.16.32.30,False,0.06940199753442555,-0.11400625,0.08312525119581965,0.5015,-0.784,0.141100714805174,1.2854999999999999,3.559155496710485,1.331726855566755,0.02290565635296883,1.1665237208629788,4.150331007482597
1420,2003.11.18.16.42.30,False,0.1324595348251959,-0.11523837890625001,0.08309590448800017,0.40549999999999997,-0.7115,0.14209421227016464,1.117,2.8565687720821256,0.9985037113219948,0.005609028263770071,1.1651183903729216,3.3270894951118564
1421,2003.11.18.16.52.30,False,0.17361269452411932,-0.1145217529296875,0.08230807446368624,0.4635,-0.6285,0.14104124927224385,1.0919999999999999,3.2895810118721895,1.044574628428324,0.01742204470297468,1.1661456238676344,3.8343317960728465
1422,2003.11.18.17.02.30,False,0.1378257294116486,-0.11366003417968751,0.08266036706464086,0.491,-0.575,0.14055514115257978,1.066,3.4956809574988528,0.9183190174065816,0.023704402862787202,1.1660434199999408,4.074965036714046
1423,2003.11.18.17.12.30,False,0.1354982406366243,-0.11481628417968749,0.08260906956316488,0.32,-0.5409999999999999,0.14145647667336764,0.861,2.260917742864552,0.804486000164083,-0.0038828050105126927,1.1642092251525316,2.632793343347534
1424,2003.11.18.17.22.30,False,0.13274700237160764,-0.1225951416015625,0.08185587132369883,0.35550000000000004,-0.6275,0.14755555542667173,0.9830000000000001,2.390606743185581,0.9943617044268585,-0.00724594236875861,1.1521745200442972,2.7458383164289644
1425,2003.11.18.17.32.30,False,0.16708194869527482,-0.1142509765625,0.08233723025456499,0.33699999999999997,-0.587,0.14084391114737907,0.9239999999999999,2.3887244707325506,0.8726221749700649,-0.011675900755574372,1.164882457991549,2.783604346596964
1426,2003.11.18.17.42.30,False,0.09764218852167272,-0.1136114013671875,0.08456517814361517,0.3895,-0.7335,0.141647234844808,1.123,2.7500407753051066,1.2384847687754146,-0.04341400034360512,1.171549543801667,3.220816633677936
1427,2003.11.18.17.52.30,False,0.17378277821353166,-0.1148087646484375,0.08261002303458626,0.44699999999999995,-0.608,0.14145184988559778,1.055,3.1628052796565607,0.8293633489234469,0.04460504899897085,1.1640272172557729,3.680817108582427
1428,2003.11.18.18.02.30,False,0.04992217036572455,-0.11422932128906249,0.08428652366667519,0.4785,-0.759,0.141965957389243,1.2375,3.370319396154221,1.2162983135238128,0.04939380963200618,1.1680099232337748,3.936592929908916
1429,2003.11.18.18.12.30,False,0.16389479084634206,-0.1150011474609375,0.08386572030003095,0.4105,-0.613,0.1423386385818196,1.0235,2.8855231560939743,0.9303587103797022,-0.02004401747145048,1.1687253432407816,3.3718913058370408
1430,2003.11.18.18.22.30,False,0.18154403506847372,-0.1129389404296875,0.08312592980882663,0.402,-0.5605,0.14024773073055322,0.9624999999999999,2.8644106869271395,0.9585537815091576,0.03553653621193985,1.1690462373774362,3.3498524527081566
1431,2003.11.18.18.32.30,False,0.1608114269695704,-0.1146988525390625,0.08504010668062509,0.4235,-0.6639999999999999,0.14278856205523785,1.0875,2.9674437863973413,1.1574296738521208,0.004285612145144559,1.1687627056980028,3.4675636696087264
1432,2003.11.18.18.42.30,False,0.18469052795842306,-0.11368173828125001,0.08332757856997286,0.3735,-0.5800000000000001,0.14095240056727887,0.9535,2.653175938236452,0.9155114117680692,-0.0028038958362475476,1.1694501280402259,3.1025316375989567
1433,2003.11.18.18.52.30,False,0.18975392877405234,-0.1146071533203125,0.08257549324045137,0.4275,-0.6174999999999999,0.14126462753761568,1.045,3.0257022432789222,1.0619226708726086,0.04722953605452058,1.1649482393569643,3.5249689521262777
1434,2003.11.18.19.02.30,False,0.055956837753454836,-0.116737158203125,0.08565432132586492,0.4495,-0.748,0.14481799002817938,1.1975,3.0943073730604587,1.2592033960758235,-0.02014334643835117,1.1696909997714617,3.6159938721580414
1435,2003.11.18.19.12.30,False,0.16632171541065294,-0.1145677490234375,0.08498177901385975,0.398,-0.6125,0.14265075286418913,1.0105,2.7922234934281356,0.8174330442446665,-0.00023153550408231663,1.169190038764595,3.2639651729913517
1436,2003.11.19.09.06.09,True,-0.038931852734226946,-0.11129826660156251,0.08744948225000745,0.6675,-0.7444999999999999,0.14154434825551196,1.4120000000000001,4.716732206107492,2.1474494227831054,0.08500754444613307,1.1776321230341502,5.554660138743033
1437,2003.11.19.09.12.30,True,-0.029232345209153965,-0.11501220703125001,0.0887446398050706,0.7715000000000001,-0.702,0.14527698033851105,1.4735,5.314857846548394,2.2993731810883964,0.09544273318593624,1.1740078990887877,6.23592079069105
1438,2003.11.19.09.22.30,False,0.08777614737941508,-0.1148767333984375,0.08702870255770818,0.4235,-0.735,0.14412700535117212,1.1585,2.9402257967130323,1.3355184631860992,-0.017940547476109858,1.1724237815384804,3.444133422268479
1439,2003.11.19.11.04.17,True,-0.0312865846655741,-0.1132487548828125,0.08896325823269369,0.6445000000000001,-0.9375,0.1440137108024976,1.5819999999999999,4.476382336084184,2.896764431786852,0.03846743096456793,1.1791300821883923,5.28050294080756
1440,2003.11.19.11.06.07,True,-0.023493919868381785,-0.11403276367187501,0.08694117749938868,0.6105,-0.7825,0.1433988034535802,1.3929999999999998,4.258226275862002,1.5328341124899563,0.031155232214966286,1.173001085508615,4.993010815602753
1441,2003.11.19.11.16.07,True,-0.050682974816010806,-0.11458791503906252,0.08968157480577947,0.7105,-0.7655,0.14551391614446027,1.476,4.880320030148399,2.591613668522568,0.09476281102414909,1.1758100598012253,5.739364859050481
1442,2003.11.19.11.26.07,False,0.011932536132819194,-0.114218115234375,0.08755067776529979,0.483,-0.879,0.14391963621701118,1.3619999999999999,3.3620050913948525,2.2616745285887667,-0.053303855059619015,1.173286991212243,3.9421038965189314
1443,2003.11.19.11.36.07,True,-0.04310722037998549,-0.1153154052734375,0.08901512290296523,0.7104999999999999,-0.7384999999999999,0.14567820919890262,1.449,4.879621285973226,2.3058911767437205,0.08286383168223274,1.1758783990310238,5.736710476554007
1444,2003.11.19.11.46.07,True,-0.014267378754272864,-0.11396259765625,0.08936983471447171,0.624,-0.746,0.14482952483745368,1.37,4.3072613970394755,2.029492751734938,0.025850184558995022,1.1790336047033037,5.0786240668536955
1445,2003.11.19.11.56.07,True,-0.013275751242845302,-0.114110107421875,0.08817731661136806,0.6739999999999999,-0.802,0.14421058977290516,1.476,4.671812817118097,2.1829739323861834,0.02354582938798097,1.1771058742738743,5.499701931203761
1446,2003.11.19.12.06.07,True,-0.027322372596224276,-0.11526025390625,0.0888717457849994,0.586,-0.8095,0.1455448853082013,1.3955,4.024502524781794,1.7814128674899408,0.061393698151638476,1.1736742515338443,4.7234414546645125
1447,2003.11.19.12.16.07,True,-0.015934382584743,-0.114018212890625,0.08879313930820248,0.724,-0.9470000000000001,0.14451499472369547,1.6710000000000003,5.010425605954305,2.223289894875454,0.01651336642606609,1.1756904067339662,5.891666377140489
1448,2003.11.19.12.26.07,True,-0.010369817711944895,-0.1148022216796875,0.08787472286025105,0.5885,-0.8145,0.1445866974512378,1.403,4.071680717784948,1.6799303396594611,0.008713654873779026,1.1756443955414517,4.786269540849981
1449,2003.11.19.12.36.07,True,-0.004874613076218393,-0.116521044921875,0.0883497698984847,0.498,-0.8945,0.14623076671488644,1.3924999999999998,3.410000429795002,2.693546387652983,-0.05630541752262116,1.1752536975078507,4.005534275305244
1450,2003.11.19.12.46.07,True,-0.027853938091198627,-0.114280908203125,0.0880647785624307,0.621,-0.9045000000000001,0.14427644394375144,1.5255,4.306408645418601,2.701100156994413,0.014753126501668313,1.175173120953092,5.060706424581712
1451,2003.11.19.12.56.07,True,-0.019857696465628072,-0.11430644531249998,0.08530705075647094,0.6715,-0.778,0.142631557443565,1.4495,4.71407841282029,1.9704257343781086,0.053339835137943076,1.1694790742805112,5.512278105240004
1452,2003.11.19.13.06.07,True,-0.0009521415123759924,-0.1156573974609375,0.08804309140169543,0.5345,-0.9875,0.14535581089044808,1.5219999999999998,3.6746799668855035,2.758018796030941,-0.028608371699978798,1.1744449993408375,4.317586375593119
1453,2003.11.19.13.16.07,True,-0.023511909278882803,-0.11447260742187498,0.08711472383653168,0.5955,-0.8105,0.14385101521395313,1.4060000000000001,4.142812106220198,2.2868645280261313,0.04787985934367601,1.172763389793574,4.857475562360771
1454,2003.11.19.13.26.07,True,-0.03545894145111306,-0.114872998046875,0.08857344545068235,0.84,-0.9450000000000001,0.14505542155252282,1.7850000000000001,5.791034730278367,4.095686952284614,0.04665448486006364,1.176979921283185,6.816361674542122
1455,2003.11.19.13.36.07,False,0.0349498141272061,-0.1150408935546875,0.08708121795091166,0.5165,-0.9335,0.14429672590125334,1.4500000000000002,3.5824279212797756,2.0238522389047002,0.005835573634643636,1.171357792909494,4.195125706562541
1456,2003.11.19.13.46.07,True,-0.005871091209131651,-0.114331640625,0.08765230866313381,0.547,-0.9315,0.1440669811920092,1.4785,3.7979836830366067,2.6257984393404294,-0.03197173766560465,1.1759346967008677,4.46639099158152
1457,2003.11.19.13.56.07,True,-0.03937274687244663,-0.114293994140625,0.08777704543222217,0.603,-0.929,0.1441117330843935,1.532,4.184643417356716,2.6725649663886233,-0.04533654584460475,1.1769878558353009,4.925745319580605
1458,2003.11.19.14.06.07,True,-0.04727309985670891,-0.115905517578125,0.08769686580916551,0.63,-0.74,0.14534558373707246,1.3699999999999999,4.3375883973042555,2.0292355028828,0.11659778023788597,1.171168859689188,5.0805287701117
1459,2003.11.19.14.16.07,False,0.0026431759123575205,-0.113841943359375,0.08649736528650911,0.5625,-0.8095,0.14297612204733173,1.372,3.9370203734656233,1.6352088134790046,-0.0032571717772884104,1.1739607045882394,4.620591042569129
1460,2003.11.19.14.26.07,False,0.009396647576594641,-0.11428708496093751,0.08683492536901259,0.591,-0.696,0.14353472563422667,1.287,4.1194583510408656,1.5822110930146778,0.02541448610718824,1.1719526930728712,4.825807542095426
1461,2003.11.19.14.36.07,True,-0.03729317839008728,-0.1151478759765625,0.09003818813503842,0.764,-0.8765000000000001,0.14617083551276833,1.6404999999999998,5.22626792436009,2.8969869748989243,0.045470741690378125,1.1794551788256933,6.165642483121461
1462,2003.11.19.14.46.07,False,0.022543580492367488,-0.11372001953125001,0.08693676445686434,0.526,-0.9355,0.14315204240824195,1.4615,3.6761499683571683,1.9249000303899853,-0.02002229261420264,1.1746196319967046,4.316394501863236
1463,2003.11.19.14.56.07,True,-0.023481305900887484,-0.11474113769531252,0.08772561936074011,0.7104999999999999,-0.7969999999999999,0.14444229030724118,1.5075,4.913290177717114,2.2576713605984944,0.03587043414738202,1.1733938510404955,5.768332364259119
1464,2003.11.19.15.06.07,False,0.0013381184187897244,-0.11572812499999999,0.08607710620312872,0.5625,-0.8154999999999999,0.14423782044216482,1.3780000000000001,3.9075976295813306,1.9574150054021864,0.03946776162873605,1.1687738855599763,4.565452826967077
1465,2003.11.19.15.16.07,True,-0.036321443386800434,-0.11486989746093751,0.08807934090876975,0.72,-0.9035,0.14475867195523293,1.6235,4.9725485746131675,2.5800520527196955,-0.002289638785057089,1.1769799383133495,5.853220159616434
1466,2003.11.19.15.26.07,True,-0.036321443386800434,-0.1146810302734375,0.08651618271130501,0.736,-0.9239999999999999,0.1436603148050256,1.6600000000000001,5.1285947262875915,2.569922900500618,-0.004004655434855604,1.174635750394458,6.0232765196430105
1467,2003.11.19.15.36.07,False,0.03521875184661072,-0.11551386718750001,0.08634778951160156,0.5135,-0.764,0.14422914667092923,1.2774999999999999,3.5562499550470976,1.3452348601868076,0.015632155724799358,1.1698211450142602,4.161743146669334
1468,2003.11.19.15.46.07,True,-0.061635350774994824,-0.115023974609375,0.08878426530878059,1.775,-1.8599999999999999,0.14531851295396744,3.635,12.28136829296906,49.93397438312054,0.5524319814192836,1.1811929925138365,14.488413348196401
1469,2003.11.19.15.56.07,True,-0.02728302688315265,-0.11499116210937499,0.08662816739619593,0.631,-0.868,0.14398473172382933,1.499,4.371597754551553,2.320624863481994,-0.03104035014473679,1.1721762613266185,5.126220425475498
1470,2003.11.19.16.06.07,True,-0.061159862042568514,-0.116026220703125,0.0869861764448756,0.7325,-0.802,0.1450214950180868,1.5345,5.055595300720187,2.7012229839868698,0.1386855491459989,1.1684473495531318,5.9055426841121745
1471,2003.11.19.16.16.07,True,-0.015815950121652156,-0.11410546875,0.08646220283132452,0.6715,-0.7825,0.14317357216200455,1.454,4.702914923716113,2.276303726306589,0.036912024092490635,1.172035053384499,5.510549818554349
1472,2003.11.19.16.26.07,True,-0.030270330435472892,-0.11424218749999998,0.08657932938675046,0.7605,-0.8360000000000001,0.14335638011333904,1.5965,5.307770322775505,2.5676259024738015,0.00791515522203393,1.1733521096184771,6.2258220148689905
1473,2003.11.19.16.36.07,True,-0.041353063293905756,-0.1157149658203125,0.08691661310766158,0.615,-0.712,0.14473085230557028,1.327,4.250539262957921,2.311001240285709,0.12579432084659964,1.1701800078488591,4.973332139026272
1474,2003.11.19.16.46.07,True,-0.006200231324922978,-0.11460051269531249,0.08780496376761673,0.5860000000000001,-0.718,0.14437386561284793,1.304,4.059966092683415,1.9146803650577504,0.03059276769059667,1.17301900428508,4.761598587265471
1475,2003.11.19.16.56.07,True,-0.03549009615746457,-0.1144039794921875,0.08936197173423334,0.748,-0.857,0.14517353128750798,1.605,5.152800916108087,2.888154668296532,0.05587243105236206,1.176803650075186,6.063857775433636
1476,2003.11.19.17.06.07,True,-0.061159862042568514,-0.11549511718750001,0.08772636370699208,0.6655,-0.8255,0.14503674854723048,1.491,4.588741015069429,2.691590423885093,0.12519018534177775,1.1719893745637995,5.3778981915131645
1477,2003.11.19.17.16.07,True,-0.04118617193634799,-0.1149753173828125,0.08890141109782629,0.6885,-1.1305,0.14534425885404698,1.819,4.746692497984165,3.8655917403586684,-0.03295743602653221,1.1786235027508605,5.593910508766269
1478,2003.11.19.17.26.07,True,-0.039540115834099554,-0.11427468261718751,0.08887138542986925,0.729,-0.9005,0.1447714140739892,1.6295,5.035237859893144,3.112527409016093,0.06182211924832579,1.1777301571849639,5.930205563532732
1479,2003.11.19.17.36.07,False,0.010411168237621227,-0.11545666503906249,0.08728473446933735,0.536,-0.78,0.14474950785276175,1.3159999999999998,3.7057592929356673,1.4734816771098806,-0.007052449790804263,1.173110689163686,4.345415360907236
1480,2003.11.19.17.46.07,True,-0.050682974816010806,-0.11467238769531249,0.08818724487976579,0.742,-0.7665,0.14466653189640974,1.5085,5.136558596601798,2.7191071211853877,0.09513271813646706,1.175033695331879,6.032899867909267
1481,2003.11.19.17.56.07,True,-0.04279999978318838,-0.114135205078125,0.08993517584726636,0.7275,-0.808,0.14531943775518177,1.5354999999999999,5.005117306501839,2.7834981289987675,0.06914263137885035,1.1788094160103681,5.900329024508825
1482,2003.11.19.18.06.07,True,-0.022191651328410167,-0.113868701171875,0.08882212303769618,0.6335,-0.874,0.1444150485479496,1.5075,4.388199775532044,2.3178403674403123,0.04479005505999552,1.1771437107862082,5.165707611542905
1483,2003.11.19.18.16.07,True,-0.020066025443392088,-0.1143872802734375,0.08966113189707096,0.659,-0.8265,0.14536064123887082,1.4855,4.5347500885677565,2.048275929046436,0.04226663726187959,1.1770796150667713,5.337355792557767
1484,2003.11.19.18.26.07,True,-0.04508685059366446,-0.11456359863281249,0.08844647524796698,0.6895,-0.9105,0.1447376167462277,1.6,4.764821945503634,2.5980317958171457,0.07151628675099303,1.175329939683436,5.599975783171155
1485,2003.11.19.18.36.07,True,-0.021805369353422477,-0.1145664306640625,0.08897585459049598,0.609,-0.7775000000000001,0.14506328130291907,1.3865,4.20002827277562,2.3374776530156467,0.037050363167179155,1.1772598241445509,4.944389147179834
1486,2003.11.19.18.46.07,True,-0.05598276176536332,-0.1142573486328125,0.09170450134629905,0.8875,-0.8975,0.14650868496141672,1.7850000000000001,6.057611487880207,3.7676085070375906,0.10779000007857258,1.1833825788092036,7.16847466288174
1487,2003.11.19.18.56.07,True,-0.009055161926762478,-0.1147734130859375,0.09014261263003431,0.5895,-0.857,0.1459426422480698,1.4465,4.041969610802054,2.0929890415763057,0.016326819762421226,1.1771179500390803,4.757369776333745
1488,2003.11.19.19.06.07,True,-0.03071936957939403,-0.1153257080078125,0.08934442375256657,0.63,-0.845,0.14588955192410352,1.4749999999999999,4.322034358236518,2.3420908329393275,-0.008031853696759884,1.175569300627068,5.0803329879579415
1489,2003.11.19.19.16.07,True,-0.05878723803773489,-0.1145974365234375,0.09041707462619335,0.702,-0.868,0.1459756013687379,1.5699999999999998,4.815771320482222,3.2921798904652695,0.11731437215888257,1.1794197709021574,5.679829475765477
1490,2003.11.19.19.26.07,True,-0.05499710673095348,-0.109035107421875,0.09014339751514996,0.7344999999999999,-0.9005,0.14148553289346857,1.635,5.240332771211944,3.299577492904044,0.08033572230681726,1.1886615342133933,6.240426105474514
1491,2003.11.19.19.36.07,True,-0.0323972260281985,-0.111856103515625,0.09047423524422113,0.7030000000000001,-0.897,0.14387504104766274,1.5999999999999999,4.884123712586435,2.7170295469764048,0.014571805685352414,1.1846073384741809,5.785221467690966
1492,2003.11.19.19.46.07,True,-0.03878825692497456,-0.13859462890625002,0.09008832591579177,0.608,-0.99,0.1658785819089235,1.5979999999999999,3.7111088200218605,2.815700978991137,-0.024222123548689477,1.1492940312296498,4.277168146596819
1493,2003.11.19.19.56.07,True,-0.042236605588557574,-0.1182947021484375,0.09118987296542287,0.7055,-0.9375,0.14937311344692747,1.6430000000000002,4.700165687806084,3.9771685862730695,-0.009356926085045304,1.1756433852037118,5.524476236470724
1494,2003.11.19.20.06.07,True,-0.03317311500418674,-0.1145646240234375,0.08890874607302761,0.7444999999999999,-0.8705,0.14501679210780205,1.615,5.146725297474335,2.569815832975225,0.03667073207808943,1.1774972021821308,6.061971579015115
1495,2003.11.19.20.16.07,True,-0.041356444764231615,-0.1139748779296875,0.0894884427606886,0.5825,-0.9495,0.14491267809489256,1.532,4.020868764417193,2.7338144794793897,-0.054703499771735685,1.1790115052729457,4.740191517733116
1496,2003.11.19.20.26.07,True,-0.030831622548180282,-0.114405859375,0.09000434881988517,0.732,-0.95,0.14557157978157387,1.682,5.032047554211342,3.3540019345180445,0.0379810159798477,1.1810302565638005,5.942139503166972
1497,2003.11.19.20.36.07,True,-0.03700330455931844,-0.1154553955078125,0.08823055474587774,0.6859999999999999,-0.8240000000000001,0.1453176726941634,1.51,4.725703851626008,2.0941006741008494,0.06825236354595567,1.1716878155645507,5.536741459080423
1498,2003.11.19.20.46.07,True,-0.012388076913677826,-0.11392226562499999,0.08818064437436329,0.5845,-0.8985000000000001,0.14406729833365717,1.483,4.06069616320757,2.248245382668308,0.04385109325891046,1.1745195220753266,4.769187967842768
1499,2003.11.19.20.56.07,True,-0.02242005018319282,-0.1113332275390625,0.08816971572704907,0.6275,-1.013,0.1420178782548303,1.6404999999999998,4.421061413595796,2.11855365548239,-0.026715449737607835,1.181253509108862,5.222963788972442
1500,2003.11.19.21.06.07,True,-0.010517649075296842,-0.11377465820312499,0.09041374874021828,0.5845,-0.9045000000000001,0.1453500229299023,1.489,4.019269505988147,2.2536778448827715,0.009977183101529556,1.180947051745485,4.743212214400661
1501,2003.11.19.21.16.07,False,0.05601704844693778,-0.1147102783203125,0.0886919283632378,0.4235,-0.858,0.1450039925753106,1.2814999999999999,2.92122070936018,2.0237127894667486,-0.05487346510016773,1.1763064166888244,3.435920897777141
1502,2003.11.19.21.26.07,True,-0.030270330435472892,-0.11426994628906251,0.08905438530144533,0.724,-0.9390000000000001,0.144885336111701,1.663,5.002131693831139,2.841036262826271,0.03452151575514963,1.177598516056734,5.8878551300818796
1503,2003.11.19.21.36.07,True,-0.03819589621054509,-0.1149816650390625,0.09273457366936963,0.5955,-0.741,0.14772560077933883,1.3365,4.0319144155785835,2.267202648586461,0.10588863631837568,1.1804929420724477,4.758343930712419
1504,2003.11.19.21.46.07,True,-0.02606392857219919,-0.11471826171874999,0.09006527572348788,0.553,-0.9510000000000001,0.14586653557272544,1.504,3.8009593060960642,2.8877126152865653,-0.07089560173117851,1.1805021659984642,4.48314824483333
1505,2003.11.19.21.56.07,True,-0.03171920897860503,-0.11410385742187498,0.08947625869915857,0.6125,-0.9165,0.1450231677658163,1.529,4.223376740644115,2.8225454443585347,-0.025644159246780294,1.1774032465993445,4.972642025671778
1506,2003.11.19.22.06.07,True,-0.03434911940804253,-0.11980378417968748,0.08851760452398422,0.635,-0.7835,0.14971267005708444,1.4184999999999999,4.3991717956510685,1.4381161131814522,0.04181320743228642,1.1698277295928756,5.19816047138569
1507,2003.11.19.22.16.07,False,0.015528687799556296,-0.1135412109375,0.0898239515477579,0.5455000000000001,-0.892,0.14478513805963947,1.4375,3.7678480506061316,1.9587934557568287,0.04469478672530186,1.1777373828402493,4.43744123711935
1508,2003.11.20.11.50.35,True,-0.02830688486633859,-0.11333811035156251,0.0917955511202575,0.6345000000000001,-0.99,0.14588215606315152,1.6245000000000003,4.373514039449493,2.8035189431481866,0.02604736291854869,1.1823812921778651,5.163670034832034
1509,2003.11.20.11.54.03,True,-0.02539565181991077,-0.11595849609375,0.09097152544228973,0.6045,-0.798,0.14745333441210523,1.4025,4.101053797877372,1.699616488622337,-0.005867117933091692,1.1779508902685372,4.829706906798197
1510,2003.11.20.11.59.03,False,0.031043276339782433,-0.11511142578125,0.09082574808333146,0.48,-0.7335,0.1466740809532867,1.2134999999999998,3.2772448556148515,1.2092407636025584,-0.017370015538862353,1.1792707662736384,3.863516527898912
1511,2003.11.20.12.04.03,False,0.09451269861001266,-0.1158108642578125,0.08969830919439056,0.487,-0.6174999999999999,0.1465401611540567,1.1045,3.327812582526363,1.113109223993777,0.06357235741464179,1.1728563402894934,3.900540274059079
1512,2003.11.20.12.09.03,False,0.0034438298813982415,-0.1152214111328125,0.09210385534711492,0.5525,-0.773,0.14752589668029997,1.3255000000000001,3.7656932442290505,1.7911876021369522,0.00033428995697690894,1.1811072740788675,4.43747930131148
1513,2003.11.20.12.14.03,True,-0.029287639016419842,-0.11610708007812501,0.09245883172672664,0.724,-0.8255,0.14847131841097538,1.5495,4.9017528253491776,2.267922985504643,0.04767014977855645,1.1803955716646333,5.776187308399393
1514,2003.11.20.12.19.03,False,0.038549452943490436,-0.11641774902343749,0.09242397127539417,0.5860000000000001,-0.6145,0.14868747534217236,1.2005000000000001,3.937725969356955,1.1818528070664238,0.047633360467708864,1.180134881517026,4.64816703083633
1515,2003.11.20.12.24.03,True,-0.018863402693703457,-0.11401713867187499,0.09345522647681104,0.6225,-0.869,0.147445949524519,1.4915,4.228132554466879,2.181407365143626,0.04566282939807871,1.1838928169183376,5.002765328539047
1516,2003.11.20.12.29.03,True,-0.03397929116834919,-0.1152177978515625,0.09357872343586962,0.642,-0.929,0.14845648998791183,1.571,4.3459565552279456,2.7165255297956152,0.03225777190981244,1.181861905884403,5.1320812510639655
1517,2003.11.20.12.34.03,True,-0.005694318676456422,-0.1150227783203125,0.09281368882065624,0.5735,-0.917,0.14784722596022215,1.4905,3.884884722309334,1.558265625700407,-0.03885779744411963,1.18282725168978,4.593116128837745
1518,2003.11.20.12.39.03,True,-0.017300569392889265,-0.11532092285156251,0.09263295821916084,0.5445,-1.0050000000000001,0.14796384608674218,1.5495,3.6865203520833405,2.477977435938791,-0.07653772223959579,1.1823701522093315,4.356259783408163
1519,2003.11.20.12.44.03,False,0.03752147889461521,-0.11449523925781249,0.09270142733451804,0.5015,-0.835,0.14735085163350403,1.3365,3.4115403513892346,1.3401668376734928,0.006491896079832692,1.181854648346918,4.028671918114272
1520,2003.11.20.12.49.03,False,0.0417818942915098,-0.1154672119140625,0.09360076907777373,0.542,-0.703,0.1486975836954349,1.245,3.649138029432365,1.688075249943119,0.032957825768469264,1.181567275523584,4.309795694854488
1521,2003.11.20.12.54.03,True,-0.022698752516876475,-0.1147419677734375,0.09164560666232333,0.725,-0.802,0.14689720029391476,1.527,4.935116666488057,1.7750556418944958,0.0013423049023816537,1.1827579112473998,5.837176453895738
1522,2003.11.20.12.59.03,True,-0.011515802574384115,-0.11602797851562499,0.09342964020849573,0.5854999999999999,-0.808,0.1489943648106625,1.3935,3.9392328627327164,1.7536599970760864,-0.005181330306908987,1.1819386531800415,4.652195792536397
1523,2003.11.20.13.04.03,False,0.004946735352206244,-0.11489230957031252,0.09312419221422068,0.5735,-0.847,0.14793501830750527,1.4204999999999999,3.8849686702470203,1.6899059531267526,-0.006269875942947912,1.1821082861673826,4.589109417895001
1524,2003.11.20.13.09.03,True,-0.01774419377469949,-0.114607568359375,0.093726858784438,0.585,-0.8935,0.14808477832394568,1.4785,3.964472051357769,2.4406265122123236,-0.022713895555539487,1.1847735122013856,4.691492907820906
1525,2003.11.20.13.14.03,True,-0.030650759501380964,-0.1146796630859375,0.09325606458399395,0.7695,-0.8240000000000001,0.14785490620527908,1.5935,5.213692739663005,2.2360112119463884,0.06264383567450399,1.1835810925437826,6.167220472480361
1526,2003.11.20.13.19.03,True,-0.040755911238725795,-0.1144447265625,0.09484469613703107,0.6835,-0.9605,0.14866289387286147,1.6440000000000001,4.597293239491364,2.585056243351015,-0.03593558621963683,1.1879803519366923,5.461622486906226
1527,2003.11.20.13.24.03,True,-0.01904145331447582,-0.1139592529296875,0.09380601981875308,0.767,-0.7105,0.1476609884115066,1.4775,5.212635734764884,2.0132298030007596,0.07875298389703057,1.1845347911928923,6.168246897271136
1528,2003.11.20.13.29.03,False,0.03196578776998227,-0.11458525390625,0.09362708091710872,0.504,-0.7849999999999999,0.14800386489708933,1.2890000000000001,3.40852458498739,1.2486040471374007,0.004495853989988629,1.1835364779839437,4.032966124113571
1529,2003.11.20.13.34.03,False,0.0166820682931903,-0.11453542480468751,0.09353858239805585,0.537,-0.863,0.1479253527423432,1.4,3.641500824684308,1.8397925091240896,-0.021223772386013442,1.1840404565453855,4.307444313250966
1530,2003.11.20.13.39.03,True,-0.01883529535881623,-0.11506298828125,0.09459412176710053,0.5945,-0.8915,0.14899105534152768,1.486,4.002048295877624,2.0137293504124827,-0.04380652939646435,1.1860681049001014,4.742080742399448
1531,2003.11.20.13.44.03,False,0.018630492821715916,-0.11544091796875,0.09366956957548331,0.537,-0.8165,0.148696546385203,1.3535,3.6238643025059556,1.5297100499152343,0.008012277501285716,1.1830243728958307,4.283583589661401
1532,2003.11.20.13.49.03,True,-0.020961680031368668,-0.11403913574218749,0.09341924147037584,0.6665,-0.8665,0.14745635778320323,1.5330000000000001,4.5327203511794005,2.030080592193924,0.04485823673580041,1.1826170801108677,5.353310536125675
1533,2003.11.20.13.54.03,False,0.050539915462834206,-0.1151450439453125,0.09400734862357053,0.532,-0.6775,0.1487015787972779,1.2095,3.5925491399868648,1.4425742052212667,0.007818172199058015,1.1831571783654762,4.246162383234001
1534,2003.11.20.13.59.03,False,0.005338702647750382,-0.11485761718750001,0.09266781050172546,0.5529999999999999,-0.8875,0.1476324215867243,1.4405000000000001,3.7492530638956088,1.9210540153873228,-0.016075836959780127,1.1825447515940708,4.431885197227205
1535,2003.11.20.14.04.03,False,0.0079132234844147,-0.11474672851562501,0.09314467322289796,0.5285,-0.7455,0.1478335832714777,1.274,3.567172609247673,1.3040820991192188,-0.03592656207833472,1.183262880865279,4.224384843729828
1536,2003.11.20.14.09.03,False,0.042524665523518745,-0.11519023437499998,0.09440863889577403,0.41100000000000003,-0.9655,0.14898105920952998,1.3765,2.7590330241549488,1.6860098607989067,-0.07515432726703558,1.1849159063484982,3.2691117076691736
1537,2003.11.20.14.14.03,False,0.054209574419301076,-0.1153638671875,0.092911303946412,0.5409999999999999,-0.6625,0.1481700502272314,1.2035,3.661251666159436,1.488498353355832,0.02978225369255426,1.1805472739248244,4.319648512022686
1538,2003.11.20.14.19.03,False,0.09043767426467797,-0.11561564941406251,0.09147578640069032,0.43100000000000005,-0.7124999999999999,0.14746976328321637,1.1435,2.908430637007551,0.972786586729462,-0.016309525146190613,1.1791674669108105,3.4338698349562113
1539,2003.11.20.14.24.03,True,-0.03679707792869635,-0.11452973632812499,0.09385478208833974,0.6005,-0.895,0.14812385616663504,1.4955,4.0778369294238725,2.0263757876166295,-0.05964223109916364,1.1855656884556067,4.8261290367687595
1540,2003.11.20.14.29.03,False,0.003181846190017934,-0.11455676269531251,0.09284218516819508,0.5675,-0.8394999999999999,0.147551405357492,1.407,3.8629797119994813,1.552954114097795,0.0009900927142171834,1.1816993373253515,4.557700728645959
1541,2003.11.20.14.34.03,False,0.000739723087959665,-0.1141904052734375,0.0940433190632695,0.5760000000000001,-0.7315,0.1479684484092036,1.3075,3.9091267836448953,1.4439640620955405,0.020263551662875363,1.184499038513319,4.626751275099355
1542,2003.11.20.14.39.03,True,-0.010725681410938659,-0.11691311035156252,0.09206933846870259,0.6845,-0.647,0.14885386975157916,1.3315000000000001,4.596272168540182,1.1953941227453666,0.024494379891732605,1.1783463879152656,5.416972324535155
1543,2003.11.20.14.44.03,False,0.060243419953584176,-0.115444873046875,0.09451607997060119,0.41500000000000004,-0.8180000000000001,0.1492417913500113,1.233,2.7828248302521508,1.4027447594732068,-0.046666556083978086,1.184711490807853,3.295916395737135
1544,2003.11.20.14.49.03,False,0.038389021942349943,-0.1142208251953125,0.09337713000097725,0.4845,-0.8115,0.1475928791302204,1.2959999999999998,3.2846012778601033,1.4041425822991909,-0.004732238767012635,1.1834987868713558,3.8865920665927014
1545,2003.11.20.14.54.03,False,0.014546257414278396,-0.11440124511718751,0.09347837684090728,0.4795,-0.964,0.1477618486197227,1.4435,3.259244866948639,2.183373896842704,-0.05103993980353275,1.1849289416606448,3.8576145314313433
1546,2003.11.20.14.59.03,False,0.064343706155501,-0.11494194335937499,0.09488497701944448,0.4245,-0.8300000000000001,0.14906995718787697,1.2545000000000002,2.8488665518637832,1.3560714188772223,-0.04679854942211446,1.186140082536503,3.3787268598597464
1547,2003.11.20.15.04.03,False,0.014179937897038197,-0.1140087646484375,0.09585437845929426,0.5395,-0.8455,0.14898970013853163,1.385,3.6312674620162904,2.2792939420395757,-0.027910412258645975,1.188379792950694,4.31138210307852
1548,2003.11.20.15.09.03,False,0.04417378758138035,-0.1144313232421875,0.09297888322643998,0.531,-0.7005,0.14749362473960134,1.2315,3.5887461975699657,1.1303471958993225,-0.0005976507244000225,1.182629483609476,4.247876510723305
1549,2003.11.20.15.14.03,False,0.03438152538016459,-0.1162506591796875,0.09306020040297908,0.472,-0.7325,0.14897041983928005,1.2045,3.165681238843029,0.9383517618869359,-0.018822378710725972,1.180960430357475,3.7392585573103205
1550,2003.11.20.15.19.03,False,0.07035097998612228,-0.11447084960937501,0.0926486887236917,0.421,-0.798,0.14734050681584643,1.2189999999999999,2.860843647383596,1.320982578040776,-0.02571395515243295,1.1818239253304537,3.379709937734116
1551,2003.11.20.15.24.03,False,0.022932588933670783,-0.1140533447265625,0.09452544701552373,0.529,-0.874,0.14818283931645906,1.403,3.5701814186985654,1.744681967509659,0.00426352584271204,1.1850732834041264,4.230863873190207
1552,2003.11.20.15.29.03,True,-0.01661404272571443,-0.1152528564453125,0.09375258051927032,0.604,-0.8005,0.14860054759570074,1.4045,4.064952052719104,1.529157068123233,0.011970402805556215,1.1824046491405311,4.8062970424453635
1553,2003.11.20.15.34.03,True,-0.017519945458030595,-0.11478869628906249,0.09565836073818387,0.6405000000000001,-0.8545,0.1494528020834338,1.495,4.289982087112625,1.9809616077054728,0.006097555745982138,1.1867099262623144,5.088876206167557
1554,2003.11.20.15.39.03,False,0.04947415985556014,-0.1146589111328125,0.0950763388607547,0.471,-0.79,0.14901980256271224,1.2610000000000001,3.1534972009353877,1.448559161820015,-0.016312511593853624,1.1859509828561752,3.743200852530837
1555,2003.11.20.15.44.03,False,0.030762863168686816,-0.11484201660156251,0.09533519668957914,0.5175000000000001,-0.742,0.14927605910318525,1.2595,3.4816324265477983,1.3804937778229946,0.010379506539469894,1.1847102252666923,4.120652825192259
1556,2003.11.20.15.49.03,False,0.07804743899738253,-0.1145787841796875,0.09617412668645002,0.41900000000000004,-0.7865,0.14959961588913256,1.2055,2.7995356791121813,1.3272985778002306,-0.012424655578318622,1.1865188753043672,3.3221042979971758
1557,2003.11.20.15.54.03,False,0.02895275834033617,-0.115199365234375,0.09610052118641299,0.5549999999999999,-0.6895,0.15006273751407417,1.2445,3.7081564806471254,1.4587696298909236,-0.005601977716056854,1.186152301987358,4.395727002455813
1558,2003.11.20.15.59.03,False,0.009110962669100386,-0.1148771728515625,0.0958886690090871,0.541,-0.8105,0.14966278966791363,1.3515000000000001,3.624060883145658,1.5794764028444406,-0.046782433114557105,1.189645354743816,4.308484323971143
1559,2003.11.20.16.04.03,False,0.005100242360339791,-0.11420590820312501,0.09648017487820577,0.5700000000000001,-0.7629999999999999,0.1495294671959801,1.333,3.818003767807685,1.6364038422356315,-0.019562926786383928,1.1900916741169096,4.5406388188872056
1560,2003.11.20.16.09.03,True,-0.02766843325511692,-0.11426794433593751,0.09683956825102166,0.6174999999999999,-0.8594999999999999,0.14979876299700245,1.4769999999999999,4.130693988078643,2.0435010073808653,-0.03290784235270663,1.1910124494643266,4.918756965657204
1561,2003.11.20.16.14.03,False,0.04952726135801355,-0.1158775634765625,0.09838371262450879,0.499,-0.723,0.1520496895680184,1.222,3.291473187082,1.3618472811759403,0.0014662666666672205,1.1892922438595086,3.9082723977963645
1562,2003.11.20.16.19.03,True,-0.006087243446500801,-0.1144940185546875,0.09606837701006182,0.5800000000000001,-0.7495,0.14948649887527582,1.3295000000000001,3.887323303899173,1.6237423792750239,-0.031179800252262226,1.1886722624117638,4.618742692864284
1563,2003.11.20.16.24.03,False,0.04625915911644096,-0.1150030517578125,0.09678495847775875,0.4655,-0.7569999999999999,0.1503465640336892,1.2225,3.093661236420618,1.7862003303542315,-0.04034952795746668,1.1880709786359673,3.6764087266737815
1564,2003.11.20.16.29.03,False,0.1273507682163949,-0.11544438476562499,0.09507518492597769,0.40800000000000003,-0.6775,0.14958819774538784,1.0855000000000001,2.7321388234546524,1.309916829516197,-0.028534515250337955,1.1871558837820664,3.2412713654864582
1565,2003.11.20.16.34.03,False,0.043511954384686136,-0.11391618652343749,0.09565390108657651,0.5115000000000001,-0.78,0.14879392193371838,1.2915,3.4454835431595363,1.575549151258194,0.0019279754494820264,1.1870140082558454,4.08789430804746
1566,2003.11.20.16.39.03,True,-0.027410572519317777,-0.1163051513671875,0.09703132559191444,0.6675,-0.753,0.15149306593193945,1.4205,4.432821288858902,1.8051615966024261,0.02121988122755221,1.1851807246047192,5.247674267350666
1567,2003.11.20.16.44.03,True,-0.027774959599730198,-0.115995361328125,0.09709675627612013,0.6075,-0.7495,0.1512935743046004,1.3570000000000002,4.030250573726805,1.604473128362586,0.05925695411683329,1.187110490226202,4.780968620533075
1568,2003.11.20.16.49.03,False,0.07938846222774443,-0.11339575195312501,0.09538790245888498,0.436,-0.726,0.14823167490716338,1.162,2.9373961735010408,1.239587143343667,-0.012525309873501617,1.18952772364005,3.495887089729287
1569,2003.11.20.16.54.03,False,0.0023711023107869655,-0.1147986083984375,0.09764821549676804,0.5855,-0.7375,0.15072770976320088,1.323,3.888347129035409,1.8476905000402981,0.04212032918753215,1.1881859051349803,4.618698274341094
1570,2003.11.20.16.59.03,False,0.008471052998774597,-0.11458562011718748,0.0970073008669674,0.565,-0.8275,0.15017916809623086,1.3925,3.7612298938898068,1.6944859074698444,-0.001220766858488766,1.1899942024770684,4.476238502548851
1571,2003.11.20.17.04.03,False,0.010003753475156252,-0.11417829589843748,0.09668159134836087,0.547,-0.826,0.14963936130359096,1.3729999999999998,3.6650700364114814,2.2101364008521527,-0.0334709282816686,1.1892146162758217,4.354320348611802
1572,2003.11.20.17.09.03,False,0.033262177200944265,-0.114656591796875,0.09553447581357484,0.481,-0.8704999999999999,0.14929198409218505,1.3515,3.2157133327709477,1.778124776143263,-0.03878303884526408,1.187015547677034,3.8198533707021287
1573,2003.11.20.17.14.03,False,0.07420224117994068,-0.11531181640625,0.09683488012729628,0.5055000000000001,-0.6545000000000001,0.1505984170564521,1.1600000000000001,3.3689912543714295,1.302790378241307,-0.015164751176178713,1.187746516225326,3.9961873414562294
1574,2003.11.20.17.19.03,False,0.09747081936102664,-0.114663720703125,0.09860799413332658,0.475,-0.7004999999999999,0.1512699324459821,1.1755,3.138670903678231,1.6082802560181935,0.018134928704322897,1.1905267619481612,3.737306788948927
1575,2003.11.20.17.24.03,False,0.01900479184577364,-0.11459812011718751,0.09801422431472351,0.532,-0.753,0.15083471691458414,1.2850000000000001,3.530574142404702,1.5371238280084425,-0.004074861339825735,1.1921971442121788,4.207504168350526
1576,2003.11.20.17.29.03,False,0.018833662569695542,-0.11476127929687499,0.09502159661838452,0.546,-0.7310000000000001,0.1490301116039813,1.2770000000000001,3.676376391698512,1.6786318302910206,0.05002612307583643,1.1848741546796253,4.351136732936691
1577,2003.11.20.17.34.03,False,0.04580777787131962,-0.11518200683593752,0.09500210213656096,0.471,-0.7925,0.14933477512923224,1.2635,3.1603303727812135,1.585850580994292,-0.022966194899548393,1.1840080873082732,3.739838736860269
1578,2003.11.20.17.39.03,True,-0.030844981030812235,-0.11386257324218749,0.09739773009570998,0.6605000000000001,-0.7310000000000001,0.14986806256726531,1.3915000000000002,4.421483462155253,1.835527112737727,-0.03956133201075411,1.1934788559117888,5.270190293396203
1579,2003.11.20.17.44.03,False,0.06937104679387662,-0.1150294921875,0.09677601708908265,0.47950000000000004,-0.713,0.15035540785863538,1.1925,3.1850153890227064,1.4458207373762306,0.047527225128908106,1.187101565011957,3.78301125119947
1580,2003.11.20.17.49.03,False,0.0836143199233037,-0.1138437255859375,0.09681613248810422,0.48949999999999994,-0.6825,0.1494960160656652,1.172,3.267563378286903,1.772982502239031,0.0528984762968812,1.1858089562435032,3.8790040776316705
1581,2003.11.20.17.54.03,False,0.020170312673848834,-0.1145951416015625,0.09697005194220723,0.5445,-0.7675000000000001,0.15013366181008433,1.3119999999999998,3.6321941778204954,1.637538791179864,0.003254044713462967,1.1890920854489506,4.3167374108503305
1582,2003.11.20.17.59.03,False,0.02320910572284829,-0.11415981445312501,0.0984600857297295,0.5345,-0.8055,0.15077222433977566,1.34,3.545711236142341,1.5549519912693266,0.03399497166758463,1.1901966233463486,4.219707129138193
1583,2003.11.20.18.04.03,True,-0.011360534937393751,-0.1151482666015625,0.09995700051761867,0.5994999999999999,-0.8704999999999999,0.1524951697498892,1.4699999999999998,3.932167307241633,1.8768643263033442,0.010837208514987165,1.1917774273119424,4.685949794285232
1584,2003.11.20.18.09.03,False,0.0003229987037884907,-0.11462421874999999,0.09888745946969904,0.5515,-0.874,0.15142885286014435,1.4255,3.640835744675883,1.9903585203197829,-0.04821084442124518,1.1936287658408595,4.34630945745344
1585,2003.11.20.18.14.03,False,0.08632811713479283,-0.11534736328125,0.09835181085617613,0.4225,-0.786,0.1516166259029868,1.2085,2.7868967557675006,1.641660315311325,0.005559942212905456,1.1885547607921652,3.3122417350177815
1586,2003.11.20.18.19.03,True,-0.017080067653935327,-0.1134214599609375,0.0976840635393289,0.6174999999999999,-0.8435,0.14972149006809382,1.4609999999999999,4.131364331809944,1.9990189738815154,0.023024828791781627,1.191317185375838,4.918345738137894
1587,2003.11.20.18.24.03,False,0.03625354345414167,-0.1148349365234375,0.0980318872454269,0.4455,-0.8385,0.15101832440653454,1.284,2.953453680487148,1.6717336592693925,-0.06562946987865859,1.191882918003721,3.518083316812871
1588,2003.11.20.18.29.03,True,-0.0251431868622215,-0.1137649169921875,0.10032046663265046,0.651,-0.7895000000000001,0.15170880557570493,1.4405000000000001,4.2964220605325565,1.8938748048016443,0.006345553748025524,1.1941423990047637,5.127932288441365
1589,2003.11.20.18.34.03,True,-0.02150297025986181,-0.1147304931640625,0.0980287094724703,0.6459999999999999,-0.8400000000000001,0.15095008578365116,1.486,4.309052344120367,2.0355120129291393,0.043234912323590495,1.1890617507555281,5.11355457669432
1590,2003.11.20.18.39.03,False,0.05576185301352399,-0.114313818359375,0.09607248206070766,0.5295,-0.7105,0.1493643512447473,1.24,3.5539241932513037,1.8451037922015239,0.03111931364218877,1.1872446318086975,4.2160429225978575
1591,2003.11.20.18.44.03,True,-0.02252642469179922,-0.11535937500000001,0.09761208854882725,0.626,-0.7435,0.15115009587186823,1.3695,4.1518943089844145,2.05140134393138,0.015802466433639768,1.1898175187185718,4.935523074864664
1592,2003.11.20.18.49.03,True,-0.007348879626951521,-0.11390354003906251,0.09809789627984054,0.6785000000000001,-0.6859999999999999,0.15034555804210079,1.3645,4.512897892717828,1.9254384356376724,0.05365719221664566,1.1912574687390836,5.376050901713241
1593,2003.11.20.18.54.03,False,0.08319611833994911,-0.114727783203125,0.09919972120579437,0.48950000000000005,-0.6725,0.15172341653648402,1.162,3.230402398967702,1.48327660581081,0.047108018691034675,1.1894493009174005,3.8401195462421125
1594,2003.11.20.18.59.03,True,-0.013949414160526197,-0.11433027343750002,0.09870075042811136,0.599,-0.764,0.15107154395829908,1.363,3.9786565838758916,1.731680235525622,-0.014343149575902655,1.1924359194351875,4.739717524810576
1595,2003.11.20.19.04.03,False,0.002449224620955426,-0.11417126464843749,0.0983170035549193,0.6005,-0.712,0.1506923994151712,1.3125,3.9782273322371644,1.661780999623585,0.05116077190824196,1.1892939730323158,4.735649376608612
1596,2003.11.20.19.09.03,True,-0.02140500600192141,-0.11487875976562499,0.09661508156803009,0.6505,-0.747,0.1501381063309317,1.3975,4.301507325923666,1.7545598241182665,0.039031528881451456,1.1865572566837095,5.112863369432256
1597,2003.11.20.19.14.03,True,-0.03792218206749731,-0.11538486328125,0.09950735534737659,0.6885,-0.923,0.1523833935183726,1.6115,4.521366763133942,2.228862357236135,-0.0458974467237514,1.1942211403409313,5.397924674685129
1598,2003.11.20.19.19.03,False,0.025336115228339118,-0.11466491699218749,0.10106612591670511,0.5285,-0.8545,0.1528891854722132,1.383,3.4707559369705905,2.0855305737333287,0.036107568572394264,1.194652811957165,4.141392044394451
1599,2003.11.20.19.24.03,True,-0.02967680078885504,-0.11438437500000001,0.09893429609304188,0.614,-0.796,0.15126765003844433,1.41,4.071777527023761,2.090367125334769,0.06591900879752609,1.1911178521127566,4.845650087309552
1600,2003.11.20.19.29.03,True,-0.03697562092272322,-0.11421105957031251,0.09846118510408067,0.6555,-0.729,0.15082820734641972,1.3845,4.351626414265805,1.80580554899363,0.07811815556230381,1.1882986851828998,5.169230697425844
1601,2003.11.20.19.34.03,False,0.007103683728973076,-0.11433564453125,0.09934918096770551,0.579,-0.79,0.15150062116428306,1.369,3.8314452759717414,1.9115058398955296,0.00906532676608656,1.1913049844747887,4.560777340942617
1602,2003.11.20.19.39.03,False,0.060063123945197416,-0.11448264160156249,0.10051622297352107,0.5105,-0.7115,0.15236639965981513,1.222,3.3488475876025654,1.4376632364292599,0.019082871528836535,1.194247218947468,4.000150930289023
1603,2003.11.20.19.44.03,True,-0.03580532739698883,-0.1163060791015625,0.10185825040445048,0.7835000000000001,-0.867,0.154616549095303,1.6505,5.078064766780079,2.3641264987067796,0.012315983096824046,1.1951933084437578,6.065692172941125
1604,2003.11.20.19.49.03,True,-0.008629779981148666,-0.114352197265625,0.10040016397343429,0.6020000000000001,-0.8494999999999999,0.15220483007461094,1.4515,3.949272109022565,2.167788645325223,0.0034017615388220283,1.1940777760132657,4.718574683810356
1605,2003.11.20.19.54.03,False,0.00872461460826579,-0.115022802734375,0.09775676452039193,0.5705,-0.78,0.1509852976760172,1.3505,3.78228559650391,1.8292876769000999,0.023887175704647507,1.1894250303362823,4.497858259491535
1606,2003.11.20.19.59.03,False,0.018124520948431866,-0.1144604736328125,0.09882770594549682,0.5395000000000001,-0.7845,0.15123222451607465,1.324,3.567543242864012,1.585766411029594,0.028470871189630122,1.1928475566533887,4.255458946725449
1607,2003.11.20.20.04.03,False,0.004175058370991858,-0.114332666015625,0.09898023176493234,0.6065,-0.6895,0.15124677091243147,1.296,3.9958450049893792,1.8126505968728117,0.0490035721942174,1.191674143001819,4.76738237919996
1608,2003.11.20.20.09.03,True,-0.0031137713446534043,-0.1151763427734375,0.10135090049435272,0.552,-0.889,0.15343403173844017,1.441,3.6011203649955172,2.245095251371045,-0.021092459315942325,1.1965508497999426,4.30804716712783
1609,2003.11.20.20.14.03,False,0.028574036032114614,-0.11478718261718751,0.10133938817383002,0.503,-0.8215,0.15315502019634697,1.3245,3.2802375760374782,1.7605234340291829,-0.028313714553953474,1.1955031815921835,3.923894167307449
1610,2003.11.20.20.19.03,True,-0.040180853383201875,-0.114209375,0.10352887853144299,0.6825,-0.8155,0.15415490560612585,1.498,4.431676970063493,2.6721280343471956,0.051675972061131226,1.1986480530591839,5.311331259315198
1611,2003.11.20.20.24.03,True,-0.02960235024166169,-0.1139842529296875,0.09986097205958058,0.808,-0.7785,0.15156430425864703,1.5865,5.309989487525196,2.316442622021542,0.051095803440664334,1.1937472695390587,6.349876134212819
1612,2003.11.20.20.29.03,True,-0.024796881439511642,-0.11444733886718748,0.10063491587230741,0.6225,-0.7555000000000001,0.15242187083263176,1.3780000000000001,4.073124869769713,1.9500156490707101,0.00043968327899505683,1.1956728534524208,4.8767964611362125
1613,2003.11.20.20.34.03,True,-0.026511088832015806,-0.1141952392578125,0.10375343184277966,0.7615000000000001,-0.775,0.15429371711145035,1.5365000000000002,4.940188514870169,2.1007171163196805,-0.0015257933517151788,1.2011810804514842,5.9344982214830155
1614,2003.11.20.20.39.03,True,-0.040492121241388235,-0.11390266113281251,0.10581500994490445,0.7264999999999999,-0.9045,0.15548096663762895,1.631,4.67886872108866,2.7623535559800767,-0.008305030708478137,1.205206543674841,5.636824343876796
1615,2003.11.20.23.40.19,True,-0.05714406029313146,-0.11396572265624999,0.10706431107749712,0.837,-1.218,0.15637266392074944,2.055,5.348563919848271,6.146091873795645,-0.06866096166624375,1.2125102887046773,6.485923264242061
1616,2003.11.20.23.44.03,True,-0.053922271480844164,-0.115043359375,0.10689828039410113,1.0485,-1.2675,0.1570497294308283,2.316,6.687933746466303,6.817005516709126,-0.04142350160628459,1.210119597451706,8.087549998331408
1617,2003.11.20.23.54.03,True,-0.04379379334779909,-0.1148645751953125,0.11109091317284828,1.0925,-1.3515,0.15981152450654362,2.444,6.844197329615799,7.308394498816552,0.03387743512782666,1.21984018589037,8.346416818827608
1618,2003.11.21.00.04.03,True,-0.07535982491336668,-0.11525244140625,0.10826173108982068,0.7969999999999999,-1.107,0.15813995209684567,1.904,5.037934331739397,5.853568123589434,-0.15867033854933552,1.2146709127226596,6.119954629450202
1619,2003.11.21.00.14.03,True,-0.054383971573906065,-0.11390009765625,0.10676950955187915,0.7264999999999999,-1.1720000000000002,0.15614947385915715,1.8985,4.65137775375581,5.303142217268812,-0.0571938315643581,1.2106067448492617,5.631400404375641
1620,2003.11.21.00.24.03,True,-0.04808817556295586,-0.11516789550781249,0.10899216943270013,1.25,-1.2280000000000002,0.1585682130573202,2.4779999999999998,7.87157927452561,7.331088824181372,0.046656536196423515,1.2154994263601222,9.575737946298517
1621,2003.11.21.00.34.03,True,-0.04064214320261195,-0.11432773437499999,0.10602862184530037,1.079,-1.2570000000000001,0.15595076299438065,2.3360000000000003,6.9286307459421,6.343838272776197,0.052916356888918166,1.208815189152518,8.371793217758999
1622,2003.11.21.00.44.03,True,-0.04625641338697173,-0.11389296875,0.10962152203917157,1.1484999999999999,-1.1755,0.15808782752657624,2.324,7.265255284554422,6.809982378330434,0.055349639512423936,1.2181123927324133,8.8497108353948
1623,2003.11.21.00.54.03,True,-0.06506117494973962,-0.113591162109375,0.11070301046957293,1.4489999999999998,-1.1804999999999999,0.15861312654885268,2.6295,9.098277174488087,9.26118485487309,0.15477729605626606,1.2228404587946429,11.116719811840035
1624,2003.11.21.01.04.03,True,-0.06713973099238435,-0.114469873046875,0.1056777208961402,0.8254999999999999,-1.1385,0.15580176663322237,1.964,5.31223859113613,5.177172504586265,-0.09867539209132957,1.2086164744981858,6.416950755933762
1625,2003.11.21.01.14.03,True,-0.04622476313183299,-0.117035009765625,0.10902943266675497,1.057,-1.2,0.15995200216485528,2.2569999999999997,6.616096807052903,5.778265057251131,0.03620694241289189,1.2087215365168367,7.996866163630063
1626,2003.11.21.01.24.03,True,-0.06982431896114849,-0.1151770751953125,0.11228442961139601,1.2345000000000002,-1.3014999999999999,0.16085565055839496,2.536,7.678712570481407,8.5586547779719,0.11876098620311695,1.2194389061523991,9.363386282009554
1627,2003.11.21.01.34.03,True,-0.057895733608885336,-0.11477785644531249,0.11011312565116368,1.0415,-1.3355000000000001,0.15906363665198375,2.377,6.549131937071412,7.138132217455358,0.08057775982257212,1.215102500470179,7.956682975894786
1628,2003.11.21.01.44.03,True,-0.06553930415024134,-0.11343322753906249,0.11247282951696556,1.4735,-1.4380000000000002,0.15974567624820502,2.9115,9.21772834014963,10.822090905410036,0.1775123567552254,1.2265659229558197,11.305520001837497
1629,2003.11.21.01.54.03,True,-0.06024214314735499,-0.11406689453124999,0.10713580512400346,1.116,-1.084,0.15651341190407367,2.2,7.134001228162205,6.750850053818237,0.23889436845557127,1.209909908817345,8.630440787342007
1630,2003.11.21.02.04.03,True,-0.04575969746566366,-0.11453874511718751,0.10749102580300268,0.7945,-1.1935,0.15708942543994614,1.988,5.061072740808687,5.323927670404543,0.04521776221497817,1.2083344582982576,6.114977413533396
1631,2003.11.21.02.14.03,True,-0.040492121241388235,-0.1141486572265625,0.10880649331754141,1.26,-1.321,0.15770206953201735,2.581,7.989592673356276,7.572137046690141,0.00895373079819781,1.2166294129020012,9.720581316678558
1632,2003.11.21.02.24.03,True,-0.054392861701596296,-0.1147326904296875,0.10971803104350046,1.3145,-1.3355000000000001,0.1587605444061534,2.65,8.248531116528993,8.379201173663734,-0.04701676954404278,1.217914771945943,10.058215548263709
1633,2003.11.21.02.34.03,True,-0.06506117494973962,-0.114344921875,0.11065985290260377,1.095,-1.3125,0.15913010578856787,2.4074999999999998,6.874343989939277,7.341770005664465,0.1267611573378647,1.2172428453286617,8.369356688977145
1634,2003.11.21.02.44.03,True,-0.04285686006176681,-0.114432080078125,0.10966581650615176,1.233,-1.2525,0.15850893836803182,2.4855,7.768438642384213,8.218915595175392,0.003457740083151882,1.2167211718849638,9.453265542128461
1635,2003.11.21.02.54.03,True,-0.04575969746566366,-0.1146187255859375,0.10934319380057277,0.8105,-1.096,0.15841597429707022,1.9064999999999999,5.114441826187972,4.682163931891321,0.04495947980737945,1.2104885721631027,6.191449740880107
1636,2003.11.21.03.04.03,True,-0.045640171703019594,-0.11435205078125,0.11047375855770883,1.0805,-1.1669999999999998,0.15900279221506958,2.2475,6.79098054277596,6.241694281611832,-0.007841194304054583,1.218819706178674,8.278111918278569
1637,2003.11.21.03.14.03,True,-0.05840122238213308,-0.114128173828125,0.1115810880989006,1.0335,-1.4304999999999999,0.15961071494026496,2.464,6.476108364781222,7.780957057862076,0.08873613843428559,1.2205156638735284,7.906529355525502
1638,2003.11.21.03.24.03,True,-0.04622476313183299,-0.11487421875,0.10888755228055717,1.034,-1.091,0.1582949026222135,2.125,6.540716673528738,6.036829707342301,0.04448443052953857,1.2145605810118816,7.942037323446341
1639,2003.11.21.03.34.03,True,-0.0674224332145631,-0.114682861328125,0.11009524547421268,1.0635,-1.174,0.1589779968248755,2.2375,6.687153878029061,6.643473702100564,0.15309107898360597,1.2157696040292314,8.130674061040066
1640,2003.11.21.03.44.03,True,-0.04335147759094349,-0.11439970703125002,0.11005435389612053,0.963,-1.2695,0.15874652891706062,2.2325,6.064418775633633,5.7141458545515125,-0.017512769769274135,1.2162088700029126,7.375886042618644
1641,2003.11.21.03.54.03,True,-0.04818492752006742,-0.1147169189453125,0.11353032299147667,1.2955,-1.4125,0.16139778504684585,2.708,8.024976108944651,8.35230441790461,0.05427863845649292,1.2228999948865238,9.812122004062303
1642,2003.11.21.04.04.03,True,-0.05204944396920286,-0.114489111328125,0.11461582732866044,1.295,-1.3595000000000002,0.1620030494182945,2.6545,7.990586044091177,7.988647327143272,-0.01363000792356741,1.2267066304519099,9.802798801793747
1643,2003.11.21.04.14.03,True,-0.05550629129414231,-0.119723974609375,0.11387735998481568,1.274,-1.388,0.16525573345842756,2.662,7.716862111888082,8.222599411323241,0.020778238181985494,1.2185739675038398,9.407318019774795
1644,2003.11.21.04.24.03,True,-0.07584492439723067,-0.11458115234374999,0.11245360133225013,0.9690000000000001,-1.3424999999999998,0.16054487007261664,2.3114999999999997,6.036182028561706,7.1876729277555205,-0.1440520608084156,1.2228680678814128,7.381172263436713
1645,2003.11.21.04.34.03,True,-0.04461488088520327,-0.11446486816406251,0.11403961955689573,1.079,-1.3405,0.16157836706167178,2.4194999999999998,6.678114881400559,7.279667549418172,-0.012569398519523465,1.2248049541926078,8.17938601352465
1646,2003.11.21.04.44.03,True,-0.06790216055067044,-0.1149729736328125,0.11086192277007023,1.1705,-1.129,0.15972298094765727,2.2995,7.330232614432319,7.006219758007277,0.13320333571269274,1.2170964529267239,8.921860405050737
1647,2003.11.21.04.54.03,True,-0.056982278611786175,-0.114227392578125,0.11359263617644964,1.072,-1.262,0.16109373551049772,2.334,6.654777205128971,7.153709199031105,0.0815139212712057,1.2256843500009333,8.157889091328324
1648,2003.11.21.05.04.03,True,-0.0674224332145631,-0.11466337890625,0.1129222647306599,1.2645,-1.2905,0.16093368367516858,2.555,7.857684866240568,7.113551159984789,0.12318493692470969,1.2221966163014628,9.603194847297328
1649,2003.11.21.05.14.03,True,-0.06506117494973962,-0.11391162109375,0.1124450061340996,1.1829999999999998,-1.0855000000000001,0.16007041799102423,2.2685,7.391546985628726,7.111065256395642,0.258390199650674,1.218355741009349,9.005188598090273
1650,2003.11.21.05.24.03,True,-0.08316094009659014,-0.11508449707031249,0.11422442143355518,1.0645,-1.4525000000000001,0.16214703337199915,2.517,6.5649394485827415,8.28274899663037,-0.10763482631064161,1.2256753568964198,8.04639455286086
1651,2003.11.21.05.34.03,True,-0.0674224332145631,-0.114639990234375,0.11308276835010184,1.4745,-1.5065,0.16102826188223834,2.981,9.156054952421487,9.39981931251926,0.13440046020260243,1.2224923021156797,11.193316859375901
1652,2003.11.21.05.44.03,True,-0.04003093289045412,-0.1144987548828125,0.1130560712459143,1.084,-1.3719999999999999,0.1609143911389013,2.456,6.725929667867492,7.999844715061014,0.028990616025109175,1.2233941168663176,8.230767892839706
1653,2003.11.21.05.54.03,True,-0.06506117494973962,-0.1142554931640625,0.11309819905386684,1.1119999999999999,-1.101,0.16076542025693447,2.213,6.914246974773231,8.462440973911573,0.32234748171824457,1.2235489692405013,8.462929996881416
1654,2003.11.21.06.04.03,True,-0.07584492439723067,-0.11462395019531249,0.11338152806135614,1.089,-1.7005,0.16122677268874147,2.7895,6.756775535357937,8.56196363154655,-0.12992136451986738,1.2239420961044543,8.27384856323735
1655,2003.11.21.06.14.03,True,-0.0768161085553597,-0.1143933837890625,0.1144887073621415,0.9440000000000001,-1.25,0.1618474913229659,2.194,5.825248005442637,6.2769873493909,-0.08900634604361876,1.2252872413746903,7.139096873226434
1656,2003.11.21.06.24.03,True,-0.06506117494973962,-0.1137729736328125,0.11387423634238852,1.146,-1.3210000000000002,0.16097175494337718,2.467,7.121748587990744,7.576643860831875,0.1833796653065156,1.2245420190714484,8.720881616913438
1657,2003.11.21.06.34.03,True,-0.07057095822576764,-0.14501716308593748,0.1123278012986918,1.205,-1.4395,0.1845509562977914,2.6445,6.6527996244559375,7.7627371956044025,0.05016475586985749,1.1772024939261279,7.874062312491544
1658,2003.11.21.06.44.03,True,-0.0816917910372853,-0.1147380126953125,0.11439439827086656,1.029,-1.625,0.16202760344280545,2.654,6.346672833571421,9.32782033465473,-0.21399172197124772,1.2281734688663324,7.804330440152377
1659,2003.11.21.06.54.03,True,-0.05827083225356122,-0.1143296630859375,0.11537122384113518,1.405,-1.2535,0.1624247852288717,2.6585,8.648432618430219,7.536252387504263,0.06628134913613164,1.2281016225491903,10.621653071550437
1660,2003.11.21.07.04.03,True,-0.05569026602510441,-0.11574814453125,0.11534220372010498,1.2429999999999999,-1.1560000000000001,0.16340584880407996,2.399,7.609014461480005,7.258143470963846,0.05223189404365495,1.2236089428218393,9.307900837094977
1661,2003.11.21.07.14.03,True,-0.04379379334779909,-0.114811279296875,0.11306267064665365,1.322,-1.697,0.16113628996376578,3.019,8.20757768161944,11.465760547148228,0.00518906715239445,1.225110258385055,10.054545811133195
1662,2003.11.21.07.24.03,True,-0.0655067663480493,-0.1150528076171875,0.11370642344840509,1.4340000000000002,-1.2770000000000001,0.16176000635189236,2.711,8.866262084190282,8.931628822527847,0.0866165771921894,1.224225992479878,10.855763347956184
1663,2003.11.21.07.34.03,True,-0.05503494799695452,-0.11612951660156251,0.11401490403984041,1.133,-1.409,0.1627477586505769,2.542,6.946365666453946,6.916523494723184,0.007408176001094259,1.219449561902235,8.469519408781458
1664,2003.11.21.07.44.03,True,-0.05887484402516452,-0.1134517822265625,0.11421079134333233,1.072,-1.2295,0.16098361348619178,2.3015,6.659482313787787,6.293051249561406,0.09103177446547811,1.2244866288094918,8.157705012305549
1665,2003.11.21.07.54.03,True,-0.06506117494973962,-0.11422197265624999,0.11258596096572973,1.189,-1.2485,0.1603835737402013,2.4375,7.41056614505607,7.574545505990756,0.12361941554467394,1.2210882489175185,9.049087995495631
1666,2003.11.21.08.04.03,True,-0.07584492439723067,-0.11454626464843748,0.11158257140565812,0.9570000000000001,-1.338,0.15991148936538307,2.295,5.984574392279216,7.437159639019933,-0.17315151810886098,1.2219253367987033,7.312945975752805
1667,2003.11.21.08.14.03,True,-0.0674224332145631,-0.1146624755859375,0.11394821196372806,1.409,-1.311,0.16165324826258226,2.7199999999999998,8.716275205984905,9.100856166110258,0.1443683979474363,1.2262707031704854,10.688306137165346
1668,2003.11.21.10.29.21,True,-0.059431897878673645,-0.11213642578125,0.12596675248040604,1.7005,-1.5795,0.1686597596789433,3.2800000000000002,10.105207637627032,11.544796037483053,0.036995757366045386,1.2574769091831868,12.693341730354717
1669,2003.11.21.10.38.36,True,-0.0633623987551506,-0.1136710693359375,0.12335322407609903,1.2545,-1.472,0.16774144510127587,2.7264999999999997,7.479946842158229,10.406458212540667,-0.04441805769824914,1.2496195076572534,9.346968505172475
1670,2003.11.21.10.48.36,True,-0.08804612110734977,-0.114734619140625,0.12626017880755605,1.21,-1.6175,0.17061412832925332,2.8274999999999997,7.090152749696575,11.264393406077492,-0.13501251155721067,1.2542206243492537,8.894026855587338
1671,2003.11.21.10.58.36,True,-0.08903382676662253,-0.11531394042968751,0.12791310952358131,1.608,-1.9945,0.1722330781248157,3.6025,9.33541347488048,15.829506595878893,-0.20984395880621654,1.263971517281814,11.800097654756748
1672,2003.11.21.11.08.36,True,-0.0860747148798564,-0.1149218994140625,0.12110829772423529,1.057,-1.4645000000000001,0.16696404360458533,2.5215,6.3229441789145024,8.47658861322713,-0.1444771438579484,1.2409633222435168,7.853712928577167
1673,2003.11.21.11.18.36,True,-0.07432658002432047,-0.1148789794921875,0.1235185806361394,1.505,-1.5185,0.1686844232762421,3.0235000000000003,8.9280691632308,13.39493829285411,0.30635097485861396,1.2470519666071809,11.131022179950762
1674,2003.11.21.11.28.36,True,-0.07394536298611298,-0.1142366943359375,0.12407899056495138,1.5425,-1.578,0.168658346426566,3.1205,9.145417092408284,12.336007100139973,-0.05645303314701698,1.2532873982256696,11.46159997170339
1675,2003.11.21.11.38.36,True,-0.07578076429837277,-0.1146831298828125,0.12623042604828993,1.8319999999999999,-1.8685,0.17055902767359293,3.7005,10.76894115085429,16.43334863434943,0.20969729828992326,1.253788049469354,13.48878052488794
1676,2003.11.21.11.48.36,True,-0.06383937819801533,-0.1146314453125,0.12124296818739505,1.0485,-1.3345,0.16685424530358345,2.383,6.284028678006138,8.120588834852601,-0.036987796123175966,1.2398954573806256,7.791451052302142
1677,2003.11.21.11.58.36,True,-0.060883874536130866,-0.1155059326171875,0.1254563939641922,1.46,-1.8375,0.17054525776505397,3.2975000000000003,8.548086012570733,14.481172267966361,0.04615942716252633,1.2513445163609438,10.705683779844994
1678,2003.11.21.12.08.36,True,-0.07578076429837277,-0.1143786865234375,0.12665003400826388,1.7160000000000002,-1.409,0.1706538443506596,3.125,10.063610460042334,11.981835535258629,0.24277807868717818,1.2545619647507082,12.622248008355918
1679,2003.11.21.12.18.36,True,-0.07626614868043247,-0.11468940429687499,0.13184313777587725,1.472,-1.8765,0.1747943150360004,3.3485,8.388845426197022,12.347999828286422,0.12763886673325003,1.2626277845528515,10.615402391231925
1680,2003.11.21.12.28.36,True,-0.068059111449286,-0.1161475341796875,0.12408053244742392,1.1745,-1.461,0.16997262892134357,2.6355,6.904347885806006,8.952115805015389,0.0775154760524677,1.241331166177543,8.5761652893292
1681,2003.11.21.12.38.36,True,-0.05972322088154258,-0.11479311523437499,0.1287339539350019,1.1905000000000001,-1.7245,0.17249186669190034,2.915,6.902021167117769,10.284859341300951,-0.02728909206186266,1.2542599425612033,8.656739669084308
1682,2003.11.21.12.48.36,True,-0.06566318718959308,-0.11438466796874999,0.13441254607867115,1.8395000000000001,-1.8079999999999998,0.17653258013123452,3.6475,10.370516168939993,13.542166886524335,0.07479559569387438,1.2685238190013228,13.199874690661922
1683,2003.11.21.12.58.36,True,-0.057773067845587334,-0.11521162109375,0.1269992658498821,1.5099999999999998,-1.6795,0.17147735132181713,3.1895,8.831215500679892,11.41417558659228,0.011496229170222732,1.2519890280973662,11.043087847222942
1684,2003.11.21.13.08.36,True,-0.06317648520379904,-0.1141498779296875,0.12958965778443238,1.4075,-1.406,0.17269990201968877,2.8135,8.184788795842435,9.834374684694808,0.06422991836028952,1.2552149080995005,10.25534876877675
1685,2003.11.21.13.18.36,True,-0.08804612110734977,-0.114386328125,0.1317002145215287,1.47,-1.6920000000000002,0.17446293081659406,3.162,8.376406703829328,12.780464846505788,-0.16888592608090144,1.2660710803227773,10.632441091742432
1686,2003.11.21.14.58.36,True,-0.08903382676662253,-0.11560380859375,0.1295514670303165,1.1035,-1.6735000000000002,0.1736575380702986,2.777,6.348235741637131,8.59780153692563,-0.17302338095450553,1.2547633642353209,7.968734021000687
1687,2003.11.21.15.08.36,True,-0.08804612110734977,-0.11482043457031249,0.13149714067235752,1.488,-1.721,0.17458602066289694,3.2089999999999996,8.517068570498385,10.421465904835584,-0.11270238739510931,1.2606205380174131,10.737649229461187
1688,2003.11.21.15.18.36,True,-0.08952818102348603,-0.11502004394531251,0.12586659994602314,1.1195,-1.73,0.17052521730349102,2.8495,6.551094841664225,10.217198667946471,-0.22135246926792443,1.2510863598920179,8.203147130899174
1689,2003.11.21.15.28.36,True,-0.08903382676662253,-0.11521230468749999,0.12359370999209407,1.1804999999999999,-1.588,0.168966685794381,2.7685,6.98989007468371,9.235977968060254,-0.19102385901586466,1.2478796108617813,8.715635071741973
1690,2003.11.21.16.40.54,True,-0.07675186157804459,-0.113096435546875,0.12671647108587902,1.361,-1.5939999999999999,0.16985537084889174,2.955,8.016956634264291,9.57095934620796,0.3772585116579829,1.24505973590267,9.979491855442246
1691,2003.11.21.16.46.56,True,-0.0611168443714355,-0.11665393066406249,0.12723219016031587,1.1965,-1.2719999999999998,0.17263010738413892,2.4684999999999997,6.932519996728704,6.466804170447284,0.009104431095523564,1.2418673644385703,8.608767262258077
1692,2003.11.21.16.56.56,True,-0.08903382676662253,-0.11734267578125,0.12597454645327516,1.283,-1.4925,0.17217541929896635,2.7755,7.43424761402448,8.45006292299777,-0.14421384820805214,1.2434857022677446,9.254818892438745
1693,2003.11.21.17.06.56,True,-0.0782109735883918,-0.11699104003906252,0.12826585625609135,1.2975,-1.401,0.17361189709585256,2.6985,7.4699984070660514,7.387063687884112,0.11806534321813875,1.2451264661053068,9.302198777568051
1694,2003.11.21.17.16.56,True,-0.08903382676662253,-0.11520578613281249,0.13186001970086056,1.401,-1.714,0.17512446752533745,3.115,7.976334909646914,8.849727329227514,-0.13947284274988983,1.2533330735885921,10.006084007218886
1695,2003.11.21.17.26.56,True,-0.058985879343294356,-0.1157504150390625,0.12868077086844376,1.2134999999999998,-1.404,0.17309454205549837,2.6175,7.018806266947197,6.608294065826252,0.04070584729576055,1.2444789911768535,8.731146731771585
1696,2003.11.21.17.36.56,True,-0.05509468507544979,-0.11460661621093748,0.12981615069419095,1.3305,-1.389,0.17317905532322375,2.7195,7.687314201427785,7.589912601125109,0.02997216534762555,1.2502886028692597,9.609469008409341
1697,2003.11.21.17.46.56,True,-0.07578076429837277,-0.11431774902343751,0.13056708287525914,1.4100000000000001,-1.271,0.17356508189084152,2.681,8.142092977465428,8.311882310135422,0.28593265662869644,1.2478109116095308,10.153411340098918
1698,2003.11.21.17.56.56,True,-0.08903382676662253,-0.11645024414062499,0.12639703758869977,0.9325000000000001,-1.6829999999999998,0.17187403438715662,2.6155,5.4080724849017265,6.899565368878164,-0.17577848603059482,1.2413495979963682,6.7202407881410995
1699,2003.11.21.18.06.56,True,-0.05352867566362618,-0.11467287597656249,0.12956571980551929,0.935,-1.306,0.17305008538852934,2.2409999999999997,5.400191675849724,5.676409176413575,0.02343633030088512,1.2445917426307704,6.722387844335774
1700,2003.11.21.18.16.56,True,-0.08804612110734977,-0.114286865234375,0.12949216257753982,0.8765000000000001,-1.569,0.1727460419202777,2.4455,5.062191362437192,5.811827843411709,-0.12469381156107613,1.2472693612939794,6.319425250392393
1701,2003.11.21.18.26.56,True,-0.0782109735883918,-0.11557202148437501,0.1279529753571918,1.1975,-1.2374999999999998,0.17242855579918356,2.435,6.9675589435518175,5.753093576237279,0.12530794231716527,1.2406641146002522,8.638184068093882
1702,2003.11.21.18.36.56,True,-0.055566068803603375,-0.1148623291015625,0.1321525002544355,1.177,-1.2925,0.1751503179459351,2.4695,6.678442717292546,6.889930883935264,0.032092741876416545,1.2554534285556338,8.40924495966125
1703,2003.11.21.18.46.56,True,-0.07824222709091766,-0.114928662109375,0.12788666724428485,1.0915,-1.5635,0.17195221790029508,2.6550000000000002,6.348043420312083,6.410328980342371,-0.053894816593886875,1.245184189514406,7.904311967163187
1704,2003.11.21.18.56.56,True,-0.06383946433543242,-0.11603461914062499,0.1306831862872121,1.333,-1.517,0.17479186519453116,2.85,7.6095352841208985,5.9510609523374125,0.05804139112607842,1.2394348288480037,9.441143057898483
1705,2003.11.21.19.06.56,True,-0.06566318718959308,-0.1142406494140625,0.12983902427539462,1.0705,-1.544,0.1729652343014259,2.6144999999999996,6.184838262216224,6.8495912190150845,0.07463131778089457,1.2480998917129953,7.720966228560831
1706,2003.11.21.19.16.56,True,-0.06135917647600364,-0.114036181640625,0.12962226815520472,1.228,-1.3565,0.17267645823387645,2.5845000000000002,7.106445042193999,6.804443019153823,0.05631087298601128,1.2493804945535696,8.882722107060872
1707,2003.11.21.19.26.56,True,-0.08903382676662253,-0.1158654296875,0.13108109616650296,1.3515000000000001,-1.443,0.17497413162289271,2.7945,7.728281278354938,6.617211499609055,-0.13006784095813567,1.24852622856646,9.6472313863103
1708,2003.11.21.19.36.56,True,-0.07046315468203135,-0.11490517578125001,0.12772451424410974,1.295,-1.4355,0.1718225378307027,2.7305,7.533641541008407,6.970041914118696,0.09293535997315201,1.2441572675185328,9.375344259724612
1709,2003.11.21.19.46.56,True,-0.07578076429837277,-0.11398864746093751,0.12941911716439458,1.1745,-1.1585,0.172485822088485,2.333,6.8614751434425365,5.715293147065432,0.12245963611644886,1.2443367429344523,8.521575952985602
1710,2003.11.21.19.56.56,True,-0.07578076429837277,-0.11449384765625001,0.12893709982217139,1.105,-1.1435,0.17245739848759944,2.2485,6.419241139249703,5.362661393589221,0.24064554107275943,1.236343527881663,7.9314549382824655
1711,2003.11.21.20.06.56,True,-0.0690197529270059,-0.114255908203125,0.1280287872110155,1.0405,-1.383,0.171618193503611,2.4234999999999998,6.050114602683232,6.536126024903654,0.08674678497718044,1.243999111889368,7.535626916376308
1712,2003.11.21.20.16.56,True,-0.058512182600694684,-0.11463759765625,0.1290494433007725,1.095,-1.3285,0.172626705280939,2.4234999999999998,6.3379442402978,5.642216841235926,0.04641753879682976,1.2426085498301154,7.8782369767382505
1713,2003.11.21.20.26.56,True,-0.06903620059802917,-0.11571123046875,0.12864143160463698,0.9239999999999999,-1.2215,0.17304352220668315,2.1455,5.337195016333473,5.329287393444278,-0.037901061121600375,1.241943781595006,6.6298014864462065
1714,2003.11.21.20.36.56,True,-0.07626614868043247,-0.1148928466796875,0.1261327999741946,1.2305000000000001,-1.1925,0.17062088827385413,2.423,7.2179108236344796,4.856582032102747,0.1303594696354065,1.2351260911776816,8.914685121889717
1715,2003.11.21.20.46.56,True,-0.05962484999818052,-0.1143816650390625,0.1313143120308924,0.952,-1.4809999999999999,0.1741740925178265,2.433,5.46217568040231,5.316407340217822,-0.019176395416706404,1.2477332126974514,6.816948514110024
1716,2003.11.21.20.56.56,True,-0.0782109735883918,-0.11543439941406253,0.12783097863703513,1.422,-1.157,0.17224083224543413,2.579,8.274203607427555,6.074818883520557,0.12909604887728432,1.2374089557917445,10.234577324448175
1717,2003.11.21.21.06.56,True,-0.06566318718959308,-0.11435483398437502,0.12748199258832157,1.156,-1.0875,0.17126411637835165,2.2435,6.758707925623751,5.167203936650546,0.07283109591348905,1.244871275040512,8.408923405319834
1718,2003.11.21.21.16.56,True,-0.06019773727332067,-0.11499316406250001,0.12979980403115116,0.831,-1.141,0.17343208417055114,1.972,4.790602815842109,4.414961013545299,-0.005756467926121375,1.2390524948537915,5.936092546569033
1719,2003.11.21.21.26.56,True,-0.08656706636466494,-0.1164821533203125,0.13373832586069323,0.9824999999999999,-1.5345,0.1773669026120167,2.5170000000000003,5.550653759715431,6.484344378930069,-0.08243441281674531,1.2478562927089172,6.9228845721134045
1720,2003.11.21.21.36.56,True,-0.06757927795826402,-0.113784375,0.13100296596454963,1.0805,-1.3145,0.17352031254530303,2.395,6.2255337568200275,5.416562583070675,0.08114240268255635,1.2474111519048838,7.766536505784913
1721,2003.11.21.21.46.56,True,-0.06640278902913122,-0.1159137451171875,0.1450778150139861,1.7335,-1.9175,0.18572157263326677,3.6510000000000002,9.320428983877893,12.187400781211208,0.02496444299795218,1.276258395971734,11.899328001084402
1722,2003.11.21.21.56.56,True,-0.06640278902913122,-0.1154664794921875,0.14840468285925384,1.6765,-1.8824999999999998,0.18805535169285148,3.559,8.912945977749132,13.761089929289566,0.015800709273309767,1.2889923817996003,11.489359068018398
1723,2003.11.21.22.06.56,True,-0.08660025536465188,-0.114854736328125,0.1483247180040385,2.0835,-1.9795,0.18762245954517706,4.063,11.073066191532243,14.959470120867666,0.21236302749866398,1.29312523748832,14.328629621950343
1724,2003.11.21.22.16.56,True,-0.08022530555467955,-0.1136940185546875,0.14488176090227403,1.488,-1.8385,0.1842252433406174,3.3265000000000002,8.039295748323022,9.107432780405404,0.0938242851167587,1.2714171539866372,10.238034992032079
1725,2003.11.21.22.26.56,True,-0.09455567550434663,-0.115069189453125,0.14615852779209582,1.9755,-2.191,0.1860599729006061,4.166499999999999,10.584940324029395,15.027744265484607,-0.07896828731402568,1.2847106056722428,13.614615140543833
1726,2003.11.21.22.36.56,True,-0.09905065461837603,-0.114409912109375,0.1434291271238599,1.4565000000000001,-1.9835,0.18353360084712772,3.4400000000000004,7.945855475703896,11.827610085810253,-0.11130146223716937,1.2794956687213217,10.162060285842877
1727,2003.11.21.22.46.56,True,-0.08857308581249212,-0.11517802734374999,0.14673345493186207,1.946,-1.5895000000000001,0.1865649464441267,3.5355,10.418490043303745,12.035241204958655,0.3271882372578212,1.2817484556784315,13.357684318644747
1728,2003.11.21.22.56.56,True,-0.08906712823285101,-0.11511635742187501,0.14426285845932948,1.6665,-1.6589999999999998,0.1845806612015669,3.3255,8.99992631409735,12.579484753332036,0.12857881432099894,1.2785435649903913,11.52530079741445
1729,2003.11.21.23.06.56,True,-0.07578076429837277,-0.1144455810546875,0.1377652630686118,1.5475,-1.5034999999999998,0.17910896829849077,3.051,8.637520567133912,7.924224813918428,0.20598507207810118,1.2595849150971206,10.880457265996828
1730,2003.11.21.23.16.56,True,-0.05652266179002163,-0.114379736328125,0.13912695162042288,1.428,-1.4245,0.18013135139909967,2.8525,7.902836618033327,6.226209947008169,0.03897494507450035,1.2588762080245133,9.963908497521277
1731,2003.11.21.23.26.56,True,-0.073994626374,-0.115599169921875,0.14877013544223183,2.0655,-1.7934999999999999,0.1884157951990567,3.859,10.968115869104437,11.46171597134467,0.057776560642450514,1.2795548643753876,14.033507285764161
1732,2003.11.21.23.36.56,True,-0.0634364562598031,-0.1141349609375,0.14676027953980902,2.007,-1.943,0.18592563645757648,3.95,10.778165410031004,10.15304751437399,0.019063007822347086,1.2750505673818213,13.753675156142181
1733,2003.11.21.23.46.56,True,-0.0690197529270059,-0.114313427734375,0.14131762507415263,1.6635,-1.8545,0.18176451922282777,3.518,9.151612847669048,8.7932389448262,0.09091822659796821,1.2656393572553517,11.583851992455951
1734,2003.11.21.23.56.56,True,-0.09905065461837603,-0.11499794921875,0.1442706579259206,1.3075,-2.528,0.18450308830897416,3.8355,7.077357348179718,11.616124289290141,-0.172975104167842,1.2728550877842824,9.014971813796482
1735,2003.11.22.00.06.56,True,-0.05867691284845378,-0.1139197021484375,0.1400574069938789,1.1949999999999998,-1.57,0.18053900257465322,2.7649999999999997,6.617571576754502,6.524953531872691,-0.0275310119467619,1.256505786534761,8.315195214713036
1736,2003.11.22.00.16.56,True,-0.09905065461837603,-0.114285107421875,0.14899844210468666,1.4035,-2.5425,0.18780418810174881,3.946,7.461096007677503,12.126117833771321,-0.20046542497822928,1.281023092647931,9.565332618316644
1737,2003.11.22.00.26.56,True,-0.10005326139081883,-0.1157546630859375,0.14522166804496495,1.0695000000000001,-1.8485,0.18573471800502228,2.918,5.756791211968446,8.098378275338906,-0.2538576457847104,1.2718135419834096,7.3221695944315925
1738,2003.11.22.00.36.56,True,-0.0734223933223731,-0.11465769042968749,0.14795584133111708,1.8395000000000001,-1.65,0.1871870984217874,3.4895,9.810830711106341,9.207591421597323,0.06480964225818286,1.277549950455949,12.540000830328882
1739,2003.11.22.00.46.56,True,-0.09402598047771749,-0.11121293945312499,0.14875174155491333,1.6139999999999999,-1.6675,0.18576641457507503,3.2815000000000003,8.688754895604008,9.208196345139154,0.2723928793980682,1.2780148292336035,11.0953377310216
1740,2003.11.22.00.56.56,True,-0.08857308581249212,-0.11293251953125,0.15002614253241975,1.7225,-1.553,0.18783477140365062,3.2755,9.172512967657925,7.42807383964961,0.21732965656458708,1.2729489063296056,11.674072686408897
1741,2003.11.22.01.06.56,True,-0.08610788143221493,-0.1142859130859375,0.1449163715131005,1.2905,-1.3239999999999998,0.18456048367777134,2.6144999999999996,6.994910703394368,5.546542332685881,0.16012693989177118,1.2607771788106805,8.819595128248398
1742,2003.11.22.01.16.56,True,-0.09905065461837603,-0.1142510009765625,0.15173470215855295,1.4085,-2.1470000000000002,0.18994572320097575,3.5555,7.41544367834166,10.451815665558442,-0.3000156453913926,1.286752086264769,9.541864826135656
1743,2003.11.22.01.26.56,True,-0.08660025536465188,-0.1133848388671875,0.14704953707767326,1.4455,-1.5785,0.1856879865308157,3.024,7.781922549195596,7.521815472458779,0.1641290592031567,1.270841575068389,9.890809665248934
1744,2003.11.22.01.36.56,True,-0.09905065461837603,-0.1142364990234375,0.15395894255942844,1.9485000000000001,-2.794,0.19172325220654002,4.7425,10.175888405189864,16.314296777342783,-0.2691233850852487,1.2920402168610177,13.150379930676104
1745,2003.11.22.01.46.56,True,-0.08316062339614183,-0.11245754394531252,0.14942650119003853,1.5419999999999998,-1.567,0.18702736107566542,3.109,8.258579607373688,6.837159226963309,0.07408875278135192,1.274941992069814,10.519528848879357
1746,2003.11.22.01.56.56,True,-0.08857308581249212,-0.11730014648437498,0.1531323297198579,2.1585,-1.903,0.1929179744874821,4.0615,11.228795099510087,16.935091912396764,0.2866251559590445,1.28586957074887,14.48139597913081
1747,2003.11.22.02.06.56,True,-0.09555219567689788,-0.114689453125,0.16363146705732826,2.439,-2.36,0.19982260283174036,4.7989999999999995,12.19856851750794,21.29822044004319,-0.0816436815712667,1.321944044367414,16.146073637510785
1748,2003.11.22.02.16.56,True,-0.08906712823285101,-0.11507722167968751,0.15536357652354427,2.5389999999999997,-2.3415,0.19335271407074056,4.8805,13.147227636840569,17.871320251746265,0.26235614915145605,1.3021936067671005,17.110704910135546
1749,2003.11.22.02.26.56,True,-0.07780494411749739,-0.11408442382812499,0.1691322828334073,3.069,-3.888,0.20406649935240243,6.957,15.009050264528419,44.14706603468719,-0.046211506014967346,1.3475785509389404,20.251946639823913
1750,2003.11.22.02.36.56,True,-0.08610788143221493,-0.114243017578125,0.1644474070769445,2.8885,-2.8015,0.20023973265838724,5.6899999999999995,14.407879639538397,32.85956080208179,0.7444480132784899,1.3268925600908172,19.171400648354496
1751,2003.11.22.02.46.56,True,-0.09905065461837603,-0.114363623046875,0.16121164123932252,2.3024999999999998,-2.8515,0.19765974942191755,5.154,11.630662942366378,23.097658555601395,-0.09404779277736963,1.3129774571697608,15.309578376356697
1752,2003.11.22.02.56.56,True,-0.10005326139081883,-0.1168301513671875,0.15706481180400084,1.666,-1.9394999999999998,0.19575156328548465,3.6055,8.510585450095412,12.570063430824252,-0.2767040737536183,1.2947504007421071,11.022444275446116
1753,2003.11.22.03.06.56,True,-0.0870929625432757,-0.11322531738281252,0.18187313736114827,3.7085,-3.4805,0.2142398975454941,7.189,17.308262176795957,52.94627549712685,0.36629563705155266,1.3866504291138548,24.000829802498156
1754,2003.11.22.03.16.56,True,-0.09905065461837603,-0.11444453125,0.1607585521349034,1.9129999999999998,-2.992,0.19734736576147482,4.905,9.705567517027973,17.20431668945056,-0.6697977799399851,1.306810972059537,12.682599196561732
1755,2003.11.22.03.26.56,True,-0.10005326139081883,-0.1158277099609375,0.17245202133813384,2.6475,-3.7125000000000004,0.2077486792706129,6.36,12.774912291186315,42.475851667778905,-0.6153840600664344,1.347680124262171,17.20560102949224
1756,2003.11.22.03.36.56,True,-0.0870929625432757,-0.11325100097656252,0.15123826427839632,1.9995,-2.057,0.1889424384365257,4.0565,10.574425777520117,9.829610760572141,0.13402714055669104,1.2810819941328164,13.55072412086511
1757,2003.11.22.03.46.56,True,-0.09905065461837603,-0.11464431152343749,0.1528342199072873,2.0705,-2.234,0.19105597698782933,4.3045,10.83858627521898,13.731837850331878,-0.1168331685003365,1.2872036780242668,13.959363368917238
1758,2003.11.22.03.56.56,True,-0.10005326139081883,-0.1160848388671875,0.15310895444125722,1.527,-2.3754999999999997,0.192141104697105,3.9025,7.948689209613377,10.76842544153683,-0.3336033873344264,1.2831849758236875,10.199145345760234
1759,2003.11.22.04.06.56,True,-0.08024201266499853,-0.11507805175781251,0.16018812863438425,2.2225,-2.1615,0.19723903165323825,4.3839999999999995,11.273306569875745,17.274587444575374,-0.04089504925062108,1.3073813975058208,14.736801893007211
1760,2003.11.22.04.16.56,True,-0.08610788143221493,-0.1144578125,0.1640185317341996,3.452,-2.7735000000000003,0.20001136558264396,6.2255,17.25874451074896,33.333811368530334,0.21599074303178267,1.329821356880406,22.952326028614383
1761,2003.11.22.04.26.56,True,-0.09207026662698281,-0.1154180419921875,0.14967561008631688,1.8505,-2.163,0.18902308567076856,4.0135000000000005,9.765139615401862,11.281317028453898,-0.07080875164189894,1.274238261931657,12.46646046773825
1762,2003.11.22.04.36.56,True,-0.08959325151202102,-0.1145946044921875,0.1532773776342364,1.7970000000000002,-2.0,0.19138402632672738,3.797,9.396749833199259,10.451137120780107,-0.06135471523153033,1.2843061212240814,12.064145995396673
1763,2003.11.22.04.46.56,True,-0.09905065461837603,-0.11468408203125,0.15222743859678778,1.8860000000000001,-2.2135,0.19059438172061605,4.0995,9.891943280895894,10.142577868945153,-0.09251432697515045,1.279744966315938,12.660001283707246
1764,2003.11.22.04.56.56,True,-0.07302725758632556,-0.11574655761718751,0.14911263037273736,1.632,-1.887,0.18877112665794618,3.5189999999999997,8.64734352673872,7.48835731450749,0.053222171166160466,1.2703765762435828,10.984941741185974
1765,2003.11.22.05.06.56,True,-0.08660025536465188,-0.11474460449218751,0.151399187637359,3.197,-2.2840000000000003,0.1899771456567088,5.481,16.815608836978615,21.007342569119707,0.3266081202520026,1.2849763382505193,21.612175450643214
1766,2003.11.22.05.16.56,True,-0.08610788143221493,-0.11443657226562501,0.15560506631639562,2.141,-2.1145,0.19316653901928507,4.2555,11.07635565780335,11.20511034688369,0.12330981210038733,1.2835377459958086,14.219625438430363
1767,2003.11.22.05.26.56,True,-0.08610788143221493,-0.114432421875,0.1488241978584361,1.5295,-1.471,0.18773627976045587,3.0004999999999997,8.13935053346836,5.197581737584765,0.11751409614802735,1.2637895376463169,10.287675269752372
1768,2003.11.22.05.36.56,True,-0.08660025536465188,-0.11346059570312501,0.15977363838762376,2.5084999999999997,-2.5865,0.19596377574582863,5.095000000000001,12.798622745697898,16.234438938187303,0.14330213760637117,1.2926660479695653,16.543193597868473
1769,2003.11.22.05.46.56,True,-0.09253480037192963,-0.11250563964843749,0.16899045003359714,2.798,-3.237,0.2030201519440047,6.035,13.771001614106298,24.253694047467455,0.10831516889711079,1.3279537179860594,18.290057117822837
1770,2003.11.22.05.56.56,True,-0.07731851895963027,-0.11388444824218749,0.1582462768263994,1.758,-2.2925,0.19496575534877586,4.0504999999999995,9.010350739238756,11.742300096467456,-0.03409822921617633,1.294138678195399,11.66346278817884
1771,2003.11.22.06.06.56,True,-0.08610788143221493,-0.11371140136718749,0.1605495379728785,2.252,-1.7309999999999999,0.19673971720985567,3.983,11.468837344156352,9.294873952644217,0.20826077357785733,1.287599585807538,14.773010656721432
1772,2003.11.22.06.16.56,True,-0.08022530555467955,-0.11397482910156251,0.1517749384552064,1.5005000000000002,-1.522,0.18980843681599224,3.0225,7.915287294171064,5.120721962777088,0.09415476114661121,1.268553442620488,10.037859873159867
1773,2003.11.22.06.26.56,True,-0.08610788143221493,-0.114329541015625,0.16083249855673615,2.213,-1.6495,0.19732809611325258,3.8625,11.224580937302278,9.356868089229376,0.23379548131939631,1.2883385115160566,14.47118099878788
1774,2003.11.22.06.36.56,True,-0.06789696455555516,-0.11465881347656251,0.14856676020979737,0.914,-1.3940000000000001,0.18767026003471388,2.308,4.871738135819832,3.7562888732276307,0.0002500232794021423,1.2594540155269827,6.135153841369366
1775,2003.11.22.06.46.56,True,-0.10005326139081883,-0.11555920410156251,0.1690558599913966,2.4635,-2.86,0.20479856058310686,5.3235,11.985031087048638,21.08648724552405,-0.12006163595749504,1.3184105573981304,15.819351268448326
1776,2003.11.22.06.56.56,True,-0.10005326139081883,-0.11568012695312499,0.15526361727429627,1.8384999999999998,-2.6405000000000003,0.1936244469929094,4.479,9.484288843221409,14.516007574689551,-0.13662924832555484,1.287255924809994,12.218372337659815
1777,2003.11.22.07.06.56,True,-0.09854985976524788,-0.114062646484375,0.15480192996278969,1.583,-2.245,0.19228633281339785,3.828,8.227236047826702,8.238226098347965,-0.11065047963619393,1.2780433716038886,10.512448765158215
1778,2003.11.22.07.16.56,True,-0.09905065461837603,-0.11469199218749998,0.14857785202820656,1.166,-1.512,0.18769867737178358,2.678,6.211792820586947,4.642511645619937,-0.0906880852644442,1.2664656563293555,7.86706360857975
1779,2003.11.22.07.26.56,True,-0.09405792086397446,-0.11528518066406251,0.14816599751109116,1.0670000000000002,-1.666,0.18773428299503447,2.733,5.683797419035782,5.50693309977931,-0.07427778123262882,1.2672335802316366,7.202623166227813
1780,2003.11.22.07.36.56,True,-0.06971932145765236,-0.1141629150390625,0.15107642121461098,1.986,-2.0605,0.18936464049150245,4.0465,10.480167837812504,8.781588950989832,-0.008681809651495263,1.2730200265205318,13.346889508973753
1781,2003.11.22.07.46.56,True,-0.0782916984953298,-0.11487207031249999,0.15170182750848915,1.2365,-1.787,0.19028981669062323,3.0235,6.492401409068035,6.57240411767548,-0.03451946842765088,1.2660674671905054,8.219780860197748
1782,2003.11.22.07.56.56,True,-0.10005326139081883,-0.115374072265625,0.14887036055063552,1.0745,-1.5405,0.18834433078772111,2.615,5.704824524232129,4.89048683789713,-0.11259229589057657,1.263980098094837,7.210908899678708
1783,2003.11.22.08.06.56,True,-0.09555219567689788,-0.1143494873046875,0.15164092536729282,1.339,-1.782,0.1899259648257224,3.1210000000000004,7.049988326795281,6.403972070344393,-0.08134841051890407,1.277197115304955,9.004506168094618
1784,2003.11.22.08.16.56,True,-0.08610788143221493,-0.113921435546875,0.14923596482598314,1.488,-1.5575,0.18774844272392227,3.0455,7.924686106692725,7.528209568762639,0.14890426790233377,1.2737874741170678,10.094486129189864
1785,2003.11.22.08.26.56,True,-0.08660025536465188,-0.11482524414062499,0.14587757340168495,1.649,-1.466,0.1856477957230984,3.1149999999999998,8.883648648388387,6.297109075450035,0.14120280275888902,1.261357839322839,11.207043376706503
1786,2003.11.22.08.36.56,True,-0.06609363365736487,-0.11384978027343749,0.1516596794689284,1.4609999999999999,-1.6469999999999998,0.18964202848224462,3.1079999999999997,7.684909091727174,7.320100456174498,0.03776614733939544,1.2761486361905645,9.813720141629071
1787,2003.11.22.08.46.56,True,-0.07003316147225724,-0.1154448974609375,0.15122337239255745,1.6785,-1.7029999999999998,0.1902558636145142,3.3815,8.819832339638726,7.430774043054851,0.04174925686833138,1.2751682383308647,11.246998436566571
1788,2003.11.22.08.56.56,True,-0.05993423486102378,-0.11543237304687501,0.13948345284738778,0.979,-1.078,0.18105343006665586,2.057,5.408878289368737,3.18456189811843,0.042357595422735365,1.248027212594248,6.749303763318219
1789,2003.11.22.09.06.56,True,-0.10005326139081883,-0.11557546386718748,0.14512480713210762,0.9994999999999999,-1.65,0.18552356122143554,2.6494999999999997,5.3886924655777255,5.456249983011007,-0.20315218018354494,1.261520372314223,6.7953645307690325
1790,2003.11.22.09.16.56,True,-0.09905065461837603,-0.11450390624999998,0.15407961195592612,1.3855,-2.1045,0.1919679622122848,3.4899999999999998,7.217656600377763,9.435543210101455,-0.21011175225460516,1.2869003222759345,9.286416673409335
1791,2003.11.22.09.26.56,True,-0.06667180747417245,-0.11462531738281251,0.14860977006526582,1.6745,-1.687,0.18768479394422927,3.3615000000000004,8.924972505881552,7.338329987510898,0.037474624725020486,1.2714813593541698,11.344526878541103
1792,2003.11.22.09.36.56,True,-0.06663697649731826,-0.11405341796875001,0.1418013296744814,1.0935,-1.349,0.1819820105075919,2.4425,6.01876325035,4.5467766581323,-0.03472290665558288,1.2557212383288172,7.552907387078561
1793,2003.11.22.09.46.56,True,-0.0970495065877206,-0.1150176025390625,0.14141134055083243,1.2515,-1.536,0.1822979749725768,2.7874999999999996,6.869097300667577,5.429309334712581,-0.09985150544989205,1.2577650855295266,8.637798613847995
1794,2003.11.22.09.56.56,True,-0.08218085982020451,-0.114794287109375,0.1448632857378649,1.178,-1.2854999999999999,0.1848429490246864,2.4635,6.370078773646306,4.2301893990694595,0.09614460236256409,1.2539597982442574,7.990495421455121
1795,2003.11.22.10.06.56,True,-0.07778829343069715,-0.11399914550781248,0.1566444144864409,2.3305,-2.274,0.193738652449618,4.6045,12.021358373213019,15.315567869107126,0.08534394076836091,1.2928497846116622,15.545328884520025
1796,2003.11.22.10.16.56,True,-0.08610788143221493,-0.11365947265625001,0.15564347039939047,2.0265,-1.9335,0.19272713429134003,3.96,10.515856665041955,11.998055361090893,0.21418125803244206,1.2900056496689465,13.563616002180215
1797,2003.11.22.10.26.56,True,-0.07633003848906528,-0.11508591308593749,0.15253042446132703,1.8649999999999998,-1.7005,0.19108032728416965,3.5655,9.78848337932714,9.03110729823155,0.06556088807953266,1.277817398740918,12.495435895521034
1798,2003.11.22.10.36.56,True,-0.06705161370404988,-0.1132028564453125,0.1467944083454225,1.5110000000000001,-1.882,0.1853771809050499,3.393,8.150088083029448,8.237737016687374,0.03946619978068154,1.2667462312113473,10.32526895873238
1799,2003.11.22.10.46.56,True,-0.07973724336724497,-0.11336699218749999,0.14554807953676652,1.35,-1.499,0.18449494486218276,2.849,7.315268488438571,5.424010948687897,0.08981793727276048,1.2603591027935304,9.223035130143693
1800,2003.11.22.10.56.56,True,-0.08857308581249212,-0.11564377441406251,0.15075982639767033,2.0445,-2.0455,0.1900056868324782,4.09,10.76165642872286,10.133651895593356,0.2265595078966974,1.2716029805563442,13.684013831997806
1801,2003.11.22.11.06.56,True,-0.06544568636048231,-0.11462583007812499,0.15010211015640232,1.6505,-2.0765000000000002,0.18886594927084294,3.727,8.743647548470383,8.386929622554916,0.009504085801822562,1.266528314385635,11.07772522284617
1802,2003.11.22.11.16.56,True,-0.06683845821738321,-0.11406716308593749,0.15146645118960161,1.514,-1.6285,0.1896166217676674,3.1425,7.982684726505715,5.603876090261134,0.0021972296058834287,1.272408771192938,10.156762205717477
1803,2003.11.22.11.26.56,True,-0.09405792086397446,-0.1129226806640625,0.14720843268651068,1.2654999999999998,-2.1350000000000002,0.18553942100845716,3.4005,6.82402083345021,5.850775015484231,-0.07318558970117452,1.2614288781125387,8.609854633877589
1804,2003.11.22.11.36.56,True,-0.07030045832758391,-0.11465656738281249,0.14883642840087807,1.366,-1.4535,0.1878811223039566,2.8195,7.274624778049029,4.4884782582129485,-0.023756576445044753,1.2607110510283408,9.171593378195357
1805,2003.11.22.11.46.56,True,-0.06741724073379796,-0.11457446289062499,0.15150556079634647,1.0825,-1.63,0.18995092615441023,2.7125,5.702719682791489,3.4718777658546593,0.0048558977637770916,1.2574874298618917,7.174280452694293
1806,2003.11.22.11.56.56,True,-0.07126413478751847,-0.11571994628906249,0.1551641040283721,1.4235,-1.8699999999999999,0.19356556585148083,3.2935,7.3517903326782985,6.508953452945132,-0.018730433388748413,1.2699993176728452,9.335912130909986
1807,2003.11.22.12.06.56,True,-0.08414171365874978,-0.1126391845703125,0.15068999068002054,1.035,-1.5015,0.18813732515317727,2.5365,5.504168964371622,3.6080945406048524,0.08400066641067752,1.2599849280408635,6.935033688857136
1808,2003.11.22.12.16.56,True,-0.0692383650711692,-0.1138091064453125,0.15348680696475975,1.616,-1.825,0.19108445046812986,3.441,8.455411226984443,5.508215413530085,-0.017936410003032918,1.2668167462622362,10.711124960399868
1809,2003.11.22.12.26.56,True,-0.06907114960522653,-0.1151372802734375,0.15196452225198787,0.9045000000000001,-1.195,0.1906792581722448,2.0995,4.759909186328495,2.528814418057895,0.04090556357782003,1.2565962333493805,5.978420653337411
1810,2003.11.22.12.36.56,True,-0.0890988532442456,-0.11465744628906249,0.14611636952211887,0.8775,-1.3075,0.18573387795278506,2.185,4.724225972764856,3.0121527192147353,-0.05540979919590595,1.2501272054911472,5.9057995543408195
1811,2003.11.22.12.46.56,True,-0.08857308581249212,-0.11291767578125,0.14626618085350326,1.2014999999999998,-1.2000000000000002,0.18478200440363707,2.4015,6.5131332681801855,3.638184096094743,0.10919460028010118,1.257189020426243,8.188142564730404
1812,2003.11.22.12.56.56,True,-0.07003316147225724,-0.1152531494140625,0.1479848651284591,0.9655,-1.1205,0.1875745713490307,2.086,5.1589409476202,2.6739223755717587,0.041547051882906805,1.2523985529462958,6.461616671079491
1813,2003.11.22.13.06.56,True,-0.0692383650711692,-0.11446066894531248,0.15282087103346886,1.4809999999999999,-1.9815,0.1909359883379052,3.4625,7.736968798630326,5.236881450655137,-0.014696974127478269,1.263800644966546,9.7794532403871
1814,2003.11.22.13.16.56,True,-0.0692383650711692,-0.1141414794921875,0.14818274212722526,0.885,-1.3135,0.1870589691428829,2.1985,4.731332262901537,2.723746031180074,-0.02400744304738127,1.255471664270675,5.940051193399661
1815,2003.11.22.13.26.56,True,-0.0550836105714293,-0.114662890625,0.150636059237736,1.0085,-1.1059999999999999,0.18931702583153578,2.1145,5.321412189136755,2.237762916386583,0.04004873015909464,1.252790917121894,6.667336904981701
1816,2003.11.22.13.36.56,True,-0.07584461089465544,-0.1142904052734375,0.1490957991183072,1.0105,-0.886,0.18786687445033992,1.8965,5.381734285035238,2.6079652048052013,0.08013075659263169,1.2567088455259197,6.762746688452906
1817,2003.11.22.13.46.56,True,-0.04569051698057003,-0.1145288818359375,0.14177817021392497,0.813,-1.222,0.1822589680439338,2.035,4.4619566832304915,2.3116833731665443,0.03618006480417011,1.2447416588154216,5.553839745196404
1818,2003.11.22.13.56.56,True,-0.06200294957416197,-0.11913137207031249,0.14627899970130664,0.8255,-1.173,0.18868827936351426,1.9985,4.373240266524261,2.314581854738096,0.02069774657787263,1.2425886922087854,5.431475476427957
1819,2003.11.22.14.06.56,True,-0.0551338900022873,-0.113778125,0.14385798345527984,0.728,-1.3719999999999999,0.18341477480919727,2.0999999999999996,3.9758087910777995,2.243952282598114,-0.025789925002033975,1.2472508899813457,4.959032295822409
1820,2003.11.22.14.16.56,True,-0.0595728901590884,-0.1137044921875,0.1445661587763685,0.7250000000000001,-1.2585000000000002,0.18392612682024911,1.9835,3.9418924200668832,2.5849670382162793,0.003926837619512383,1.2470518035482865,4.916310330501764
1821,2003.11.22.14.26.56,True,-0.05322014913357731,-0.1145784423828125,0.14401330480217336,0.8045,-1.0105,0.18403654021847685,1.815,4.378816497235297,2.098570428043477,0.03929447156310695,1.2428562610683995,5.4387757312216785
1822,2003.11.22.14.36.56,True,-0.047219563149135446,-0.1141655029296875,0.1419533910651799,0.8215,-1.08,0.18216637685311815,1.9015,4.5128807558749005,2.1197330782550106,-0.010727137541237377,1.2440037910936341,5.614606565055036
1823,2003.11.22.14.46.56,True,-0.07030045832758391,-0.11457841796875,0.14717663115542984,1.129,-1.333,0.1865241300081369,2.4619999999999997,6.043040556235467,2.912842635709566,-0.009783311655892312,1.2522218075292546,7.57128233425238
1824,2003.11.22.14.56.56,True,-0.058019418725909655,-0.1149097412109375,0.14331430990811034,0.8815,-0.986,0.18369373067670475,1.8675,4.798739606979316,2.162403845011103,0.05132024280057014,1.2435944999288302,5.967684921454495
1825,2003.11.22.15.06.56,True,-0.059828090702870984,-0.11466206054687501,0.14349062256896067,0.9045000000000001,-1.0194999999999999,0.1836767802311432,1.924,4.928306980930532,2.115483978126854,0.06474394534744748,1.2450597250289008,6.135905430077857
1826,2003.11.22.15.16.56,True,-0.06670489044233474,-0.118223681640625,0.14498499172516358,0.7775000000000001,-1.2015,0.18710908000068735,1.9789999999999999,4.146892153428932,2.27395835704983,-0.01596842442085588,1.2420578808585978,5.147278456493366
1827,2003.11.22.15.26.56,True,-0.07584461089465544,-0.1169765869140625,0.14250389024923749,1.0365,-1.2685,0.18438911632355742,2.305,5.620973370660542,2.7984727249593404,0.05986671176671522,1.2422867446066843,6.987334252214593
1828,2003.11.22.15.36.56,True,-0.0389994851590042,-0.11410605468749999,0.1409775909564972,0.7675000000000001,-0.9989999999999999,0.18136948030090708,1.7665,4.231672132652986,1.9870494710032602,0.021509246592859365,1.2418276473139112,5.254969254390389
1829,2003.11.22.15.46.56,True,-0.06899711530820152,-0.11312673339843748,0.1454725370741974,1.0815000000000001,-1.079,0.18428328722988868,2.1605,5.87096540665608,2.4318419146321624,0.07891354893472532,1.2475022670053906,7.322259991813931
1830,2003.11.22.15.56.56,True,-0.051615861792217,-0.115415771484375,0.13930575903392228,0.736,-0.961,0.1809065153513339,1.697,4.069833450357455,1.7924821984937727,0.049500417001131974,1.2370112719363089,5.03364889933453
1831,2003.11.22.16.06.56,True,-0.04540224937564519,-0.11389665527343751,0.1403708589391071,0.847,-1.189,0.18076624692532706,2.036,4.685953445193212,2.4230607770223407,0.01809316835079169,1.2435552182075509,5.826917791843227
1832,2003.11.22.16.16.56,True,-0.03977005155287694,-0.1142163330078125,0.13548846618287583,0.9335,-1.0295,0.17720788045979563,1.9629999999999999,5.267343653341259,2.049096922520054,0.010615350260268467,1.2375966904454154,6.518744009596357
1833,2003.11.22.16.26.56,True,-0.032024909939251445,-0.1154944091796875,0.13922520024139906,0.6845,-1.04,0.18089613636235985,1.7245,3.7858178014397703,1.8381544134076515,0.05373083943581544,1.2359321066207465,4.678445538492241
1834,2003.11.22.16.36.56,True,-0.047426813842641136,-0.114494580078125,0.14119050048655374,0.8280000000000001,-1.0535,0.1817809112948784,1.8815,4.555294965441497,2.228536681464925,0.04727177994794447,1.2450963507756159,5.671817765243404
1835,2003.11.22.16.46.56,True,-0.04430128034658143,-0.11477895507812501,0.13870906472474231,0.77,-1.0655000000000001,0.18004056901066096,1.8355000000000001,4.275214809975798,1.9082679662902762,-0.00826894221170298,1.239941285200755,5.301548859249003
1836,2003.11.22.16.56.56,True,-0.059834800272726474,-0.1152904541015625,0.13661381866655156,0.7265,-1.3145,0.17876979325125397,2.041,4.060511714939986,2.361495332751472,-0.04511681995611258,1.2371502344692746,5.0244762901740945
1837,2003.11.22.17.06.56,True,-0.041078121686479396,-0.11448815917968752,0.13699439020396426,0.7045,-1.1440000000000001,0.1785364922172803,1.8485,3.9451312089960657,2.1360189843522335,-0.024177814309234526,1.2399887129668596,4.892112026791155
1838,2003.11.22.17.16.56,True,-0.05036665350563363,-0.1144374267578125,0.13233498864853896,0.6885,-1.1055000000000001,0.17495285574223235,1.794,3.9346097544617074,2.1793703000821867,-0.04058588894722448,1.234952033587231,4.858816475160742
1839,2003.11.22.17.26.56,True,-0.040197748522021515,-0.11537587890625,0.13467503204788794,0.7004999999999999,-1.013,0.17733903732246456,1.7134999999999998,3.948898365681954,1.9093737464575171,0.008654299152595687,1.2326139604274142,4.867041283471671
1840,2003.11.22.17.36.56,True,-0.03742197276771597,-0.1147464111328125,0.13481087988037416,0.7055,-0.9875,0.17703427811487388,1.693,3.985132550920423,1.8550388595402758,-0.007046928355430707,1.2341530133297711,4.918273235255947
1841,2003.11.22.17.46.56,True,-0.05134881846205419,-0.1137700927734375,0.13616936252304432,0.8300000000000001,-0.9375,0.17744344906556822,1.7675,4.675422142546333,1.9391164921395654,0.06119681085538802,1.2368087284273566,5.783551788582686
1842,2003.11.22.17.56.56,False,0.0012033186914086613,-0.11528674316406251,0.1358459667217896,0.5825,-0.935,0.17817214756441085,1.5175,3.267589971837024,1.77842666508695,0.019990327298630158,1.2368509222679176,4.041616805027013
1843,2003.11.22.18.06.56,True,-0.03929537757594903,-0.11430646972656251,0.13612026187015852,0.7875000000000001,-0.9524999999999999,0.17775592288605738,1.74,4.430106159293368,2.192364570041266,0.023519232275563372,1.2393090980044985,5.4902826575963815
1844,2003.11.22.18.16.56,True,-0.010422430423310924,-0.1139087646484375,0.13591470615783846,0.6445,-0.9695,0.1773379919468916,1.6139999999999999,3.632786309500475,1.8014759329781413,-0.014619242435901333,1.2368880099174446,4.493723870036101
1845,2003.11.22.18.26.56,False,0.0006715010436193491,-0.11487822265625,0.1387886091613202,0.5820000000000001,-0.8945000000000001,0.18016503597053354,1.4765000000000001,3.230571852035574,1.9737386795213387,-0.026034071802443257,1.2405923953971705,4.007258040494729
1846,2003.11.22.18.36.56,True,-0.01577034178519665,-0.1138075927734375,0.13690829828625126,0.642,-0.9095,0.17804107378025716,1.5515,3.6017226652394685,1.8592801968612886,-0.028494524422004584,1.2414139827544646,4.471664386574618
1847,2003.11.22.18.46.56,True,-0.013453175172375764,-0.11391523437500001,0.13812151701554432,0.6125,-0.9655,0.17903815632509862,1.5779999999999998,3.420917174707771,1.9862715027024698,-0.03490396966285313,1.2427577159834042,4.25122022046056
1848,2003.11.22.18.56.56,True,-0.003122641421215766,-0.11550517578125,0.13714847763879964,0.6020000000000001,-0.9705,0.17930970605562035,1.5725000000000002,3.356043002814366,2.0206991317723912,-0.012191811750669869,1.2393316302447333,4.15935232894135
1849,2003.11.22.19.06.56,True,-0.010052391286799911,-0.11491818847656249,0.1359612590597406,0.6285000000000001,-0.917,0.17802361345888568,1.5455,3.5288975768858033,1.7650456491302484,-0.022784534935155927,1.2383701182086684,4.370265261678199
1850,2003.11.22.19.16.56,True,-0.02801470836397557,-0.1146364013671875,0.13794297173706227,0.642,-1.0145,0.17936184300878258,1.6565,3.5787329673745023,2.172252140719775,-0.043865527892952796,1.2422331429595568,4.446050809951171
1851,2003.11.22.19.26.56,True,-0.018674202053932443,-0.11576901855468752,0.1386827215408014,0.676,-0.9485,0.18065351889848982,1.6245,3.7419653766574132,1.9269641290944124,0.030057144298428852,1.2372384547266728,4.629703460587514
1852,2003.11.22.19.36.56,True,-0.040939052305078105,-0.1145790283203125,0.13693076869047627,0.7375,-0.9155,0.17854531302499826,1.653,4.129916249470828,1.9203663799480073,0.023966940776407902,1.2382979797131888,5.113035608041431
1853,2003.11.22.19.46.56,False,0.011433437253499212,-0.11472558593750001,0.1325593174485095,0.5675,-0.8435,0.17531160605467622,1.411,3.236823579734844,1.749167024101229,0.01918105095559268,1.2324597634648442,3.9891255401083336
1854,2003.11.22.19.56.56,True,-0.0688790335352294,-0.1154075927734375,0.13793723371237132,0.9375,-1.2805,0.17984971735639757,2.218,5.216412364898303,2.525761408036379,-0.04774958849285404,1.2433995495543924,6.486028453520786
1855,2003.11.22.20.06.56,True,-0.04645393316142421,-0.1146329833984375,0.13912397659141124,0.9775,-1.222,0.1802670297903699,2.1995,5.422410575600711,2.2322432336374467,-0.011586643862912301,1.2416056440717087,6.73248163216805
1856,2003.11.22.20.16.56,True,-0.0032223528699041326,-0.11382890625,0.13361740460071317,0.6020000000000001,-0.984,0.17553154366909357,1.586,3.428489252080932,1.454717407662133,-0.015177294179685552,1.2347552575789016,4.233285593935632
1857,2003.11.22.23.14.58,True,-0.045290264126446544,-0.1035261962890625,0.13726310092809493,0.7010000000000001,-0.852,0.1720843485978087,1.553,4.078541437403688,1.6685392789198992,0.000719798926938145,1.2529595836997443,5.1128732405499235
1858,2003.11.22.23.16.56,True,-0.01621310273787635,-0.118451416015625,0.13947224481689827,0.6125,-0.9604999999999999,0.18299940807898218,1.573,3.357700942657784,1.5389911287817362,0.0027270212969719293,1.234330758017645,4.146891397300798
1859,2003.11.22.23.26.56,True,-0.033524999131476885,-0.106315625,0.14052422749591134,0.6639999999999999,-0.8985000000000001,0.1763830300034971,1.5625,3.7699966466732935,1.7802292649060583,-0.01217842201540905,1.2529452278019382,4.727375081134423
1860,2003.11.22.23.36.56,True,-0.05154643113795998,-0.114607763671875,0.1403002646603233,0.754,-0.929,0.18116553952629266,1.683,4.165678262038634,1.6099396928396899,-0.03158153271908086,1.2425867344731265,5.174210256169186
1861,2003.11.22.23.46.56,True,-0.04934955214725123,-0.11553073730468749,0.138168207075271,0.7994999999999999,-0.9595,0.1801053655345981,1.759,4.439538394887159,1.9258547282992198,-0.007715201496859003,1.239730749964275,5.503828986316585
1862,2003.11.22.23.56.56,True,-0.02357860592479477,-0.1062091064453125,0.13962321523956642,0.6545000000000001,-0.841,0.17554202357728868,1.4955,3.7143940341012125,1.4188336077938537,-0.007750429272007933,1.2503477356532842,4.637736791173726
1863,2003.11.23.00.06.56,True,-0.051397853688293194,-0.115995751953125,0.14483512818428085,0.7284999999999999,-0.9645,0.18555961727334885,1.693,3.935619447480563,1.6585101126490942,-0.007731913547338001,1.2447739025451656,4.898958163788685
1864,2003.11.23.00.16.56,True,-0.04831853871219449,-0.113669482421875,0.13797140880207692,0.8155,-0.857,0.1787665260772489,1.6724999999999999,4.5616622702784015,1.7730998614631934,0.04934423870355009,1.2387265694684992,5.650766853737331
1865,2003.11.23.00.26.56,True,-0.05076268011607632,-0.11442958984375001,0.14433959594705342,0.7375,-0.8885,0.1842100201365618,1.626,4.005389059560062,1.8291380128219377,-0.028221074028425202,1.2487511195494796,5.001276430648067
1866,2003.11.23.00.36.56,True,-0.032655616905299945,-0.11440737304687501,0.14172256404064032,0.7090000000000001,-0.9139999999999999,0.18213824327800449,1.623,3.891809277175795,1.672608372557101,-0.0041218034529808215,1.2423975886656646,4.835370299077295
1867,2003.11.23.00.46.56,True,-0.026875423654068697,-0.1133752197265625,0.14160126700385064,0.6995,-0.968,0.1814014505819405,1.6675,3.8560060256067032,1.659017087792336,-0.0061198920586680835,1.2444791974373133,4.798732948493597
1868,2003.11.23.00.56.56,True,-0.007888693791642809,-0.1142794189453125,0.14320505508773412,0.6125,-0.9279999999999999,0.18321784411881914,1.5405,3.343835380748071,1.7572465293475528,-0.020752879132977863,1.2474356634649686,4.170917847057427
1869,2003.11.23.01.06.56,True,-0.048021129291285214,-0.11444028320312499,0.14352001210005988,0.748,-1.0350000000000001,0.18356343311183965,1.783,4.077710040792384,1.7684139181744571,0.006008937598103399,1.246360896297571,5.08226704664923
1870,2003.11.23.01.16.56,True,-0.03313299482462018,-0.115411279296875,0.14314570291314893,0.6479999999999999,-0.9205,0.18388561177275503,1.5684999999999998,3.5188285311646643,1.7464522383708498,-0.03430885819343218,1.2453592528034982,4.383281750013799
1871,2003.11.23.01.26.56,False,0.0028971203333193474,-0.11431091308593751,0.14183280899571224,0.602,-0.8594999999999999,0.18216744932251444,1.4615,3.305796678614306,1.5459315808290808,0.014455853057386118,1.2418389833176264,4.104769689610525
1872,2003.11.23.01.36.56,True,-0.07258675161308703,-0.11474985351562501,0.1419648688474375,0.742,-0.925,0.18254254148841628,1.667,4.064604019098482,1.9484947427642108,-0.051959395275084634,1.2484096315625273,5.073817146837305
1873,2003.11.23.01.46.56,True,-0.0017938025670897195,-0.114528173828125,0.14001754958195597,0.635,-0.923,0.18089312625417941,1.5579999999999998,3.513457488844365,1.5670262237471104,0.03326921228666771,1.238197175722553,4.349620351942871
1874,2003.11.23.01.56.56,True,-0.005979262401331065,-0.11286435546875001,0.14126820397618645,0.64,-1.0085,0.18082582048654658,1.6484999999999999,3.539713815879315,1.8392520178307392,0.009842388459722573,1.2440886079686644,4.4033620263336495
1875,2003.11.23.02.06.56,True,-0.04957472716274902,-0.11382568359374999,0.14333536609041336,0.7455,-0.9525,0.18303600547114468,1.698,4.079044055491389,1.7680069991415226,0.03440983327515869,1.2466473254160282,5.083802796775524
1876,2003.11.23.02.16.56,True,-0.05238407980202042,-0.1146468994140625,0.1446864333802033,0.8234999999999999,-0.979,0.1846042408281541,1.8024999999999998,4.46750437688973,1.753538883097443,0.004058314629847522,1.2433764545694297,5.549842790221575
1877,2003.11.23.02.26.56,True,-0.013579851115354313,-0.116541552734375,0.13979542079720408,0.6675,-0.9924999999999999,0.1820019824521949,1.6600000000000001,3.6693537552423914,1.6296648269960707,0.027313015888487273,1.236749636370451,4.537926349842875
1878,2003.11.23.02.36.56,True,-0.05191484823593617,-0.1146141357421875,0.1453480709692004,0.869,-1.2814999999999999,0.18512062202626478,2.1505,4.697006617433334,1.8326978492238175,0.0014110632648713269,1.2464164760362206,5.853768661906404
1879,2003.11.23.02.46.56,True,-0.060334704110873494,-0.1159218505859375,0.1438315496588756,0.7765,-0.9365,0.18474106661661607,1.713,4.209225978242732,1.7501578110029539,-0.005008431296772798,1.2436597311178035,5.233051675850717
1880,2003.11.23.02.56.56,True,-0.04008107940246497,-0.1141853759765625,0.14258153136169102,0.7224999999999999,-0.8815,0.1826737514473612,1.604,3.949506293966901,1.6237290197013232,0.03571898205309906,1.2423330134403863,4.907610844122507
1881,2003.11.23.03.06.56,True,-0.04222946930991278,-0.112804248046875,0.14204901247356,0.825,-0.9305,0.18139262143770357,1.7555,4.5544451179157,1.9896629797219516,0.02564503377399425,1.2467992576351055,5.676838503040267
1882,2003.11.23.03.16.56,True,-0.01708814441997686,-0.11557441406249999,0.139992196819208,0.6285000000000001,-0.8995,0.18154380970474354,1.528,3.4632542567704276,1.478253127480147,-0.03478991393479538,1.2391583366155134,4.2909250485394885
1883,2003.11.23.03.26.56,True,-0.0004157610833717129,-0.1140349853515625,0.1421095811859561,0.6140000000000001,-0.9775,0.18221328237706969,1.5915000000000001,3.375168698410553,1.6071725011895621,-0.011039287768942911,1.2438972458839839,4.196175434457059
1884,2003.11.23.03.36.56,True,-0.050411978835546156,-0.11409477539062499,0.142387157948554,0.7815,-1.0095,0.18246587008195905,1.791,4.288118209549216,1.7073100375807098,0.0024250602898114246,1.2438887081002254,5.332564952866314
1885,2003.11.23.03.46.56,True,-0.056089604447715935,-0.11584035644531249,0.14616939736386986,0.7755,-0.9755,0.18652281919822628,1.751,4.16732401977936,1.6448738442108244,0.010489117419759088,1.2446550024134888,5.1835296523080885
1886,2003.11.23.03.56.56,True,-0.04733483794490945,-0.114715869140625,0.14492312975191246,0.72,-0.952,0.18483293992814243,1.672,3.8979894541505526,1.8415925127446364,0.05368276794462979,1.2452093599895493,4.853288420212753
1887,2003.11.23.04.06.56,True,-0.05463272733305913,-0.1142658447265625,0.1448289392010902,0.774,-0.9814999999999999,0.18448181898705318,1.7555,4.193346855529864,1.749128087925277,-0.010704885432667394,1.246735838611311,5.228678856354777
1888,2003.11.23.04.16.56,True,-0.044806695623202386,-0.114272412109375,0.14189387637025697,0.759,-0.9085,0.18219461648512653,1.6675,4.160517993434198,1.9362063377580938,0.040761195484090434,1.2426347563518387,5.171795056531909
1889,2003.11.23.04.26.56,True,-0.0322409757492953,-0.11494833984375,0.140016627727882,0.709,-0.879,0.18116778975037084,1.588,3.9241460596928124,1.6002010992016098,0.007301328334023312,1.239885612839506,4.861127635584854
1890,2003.11.23.04.36.56,True,-0.017758824708521748,-0.1143407470703125,0.14060238039156817,0.6495,-1.025,0.18123972079046985,1.6745,3.5872704798658734,1.472525117150823,-0.023325933288814812,1.2406879715927768,4.449674323540771
1891,2003.11.23.04.46.56,True,-0.00638792024710233,-0.1157477294921875,0.14348813651573422,0.6165,-0.907,0.1843700835273254,1.5235,3.3464084257859987,1.7014775103797612,0.006882758878849752,1.2437880634635783,4.161649970412633
1892,2003.11.23.04.56.56,True,-0.02131342559117977,-0.11400712890625,0.13961945043380664,0.6495,-0.9325,0.18025385239599667,1.582,3.602167759860169,1.7248846806958897,-0.04529780746839926,1.2426329919303716,4.476377564595413
1893,2003.11.23.05.06.56,True,-0.04158357880069907,-0.1143945556640625,0.14131465520388276,0.7495,-0.9045,0.1818194347593715,1.654,4.127651725671104,1.8101896893944849,-0.007704427202251656,1.2444371717957887,5.134831462383188
1894,2003.11.23.05.16.56,True,-0.06011893755328235,-0.1157252197265625,0.14602044615200782,1.016,-1.084,0.1863280468689123,2.1,5.435717192925569,2.0922676217284932,0.03380177709735615,1.2459790508316968,6.781468032548177
1895,2003.11.23.05.26.56,True,-0.042499553999617135,-0.114566650390625,0.14334952860991212,0.7344999999999999,-0.9410000000000001,0.18351326711274019,1.6755,4.001434749069672,1.6338965053491838,0.017694663488406932,1.2424901858090647,4.97221731656928
1896,2003.11.23.05.36.56,True,-0.0229554731702446,-0.1138260498046875,0.144137463401241,0.675,-0.9375,0.18368489649028819,1.6124999999999998,3.6787184085728493,1.665675342890455,-0.024600295562161055,1.245281184882834,4.579899623930317
1897,2003.11.23.05.46.56,True,-0.030960592115324093,-0.11549086914062501,0.14399206014666657,0.692,-1.1035,0.1845953950459328,1.7955,3.751443024871199,1.8662979372652448,-0.002395812208043556,1.2461179306823504,4.6738471043530865
1898,2003.11.23.05.56.56,True,-0.05228673866610689,-0.1144251953125,0.14356582416120922,0.757,-1.0055,0.18359083994313333,1.7625000000000002,4.124269797548078,1.7740625577836031,-5.6804559928082775e-05,1.2457507097542255,5.137589663295426
1899,2003.11.23.06.06.56,True,-0.031512501060168674,-0.11400124511718751,0.14639725383502916,0.702,-1.0705,0.18556398226313298,1.7725,3.788580268382886,1.8393238819320628,0.041768330891239706,1.245788779713778,4.7171488889663635
1900,2003.11.23.06.16.56,True,-0.058377818824215444,-0.11596748046875001,0.14284429773831847,0.8494999999999999,-0.99,0.18399347873311314,1.8395,4.627050764776008,1.9275830547715072,0.031151083407897198,1.242086718231055,5.7425893575712
1901,2003.11.23.06.26.56,True,-0.03762939091118234,-0.11435517578124998,0.14558136486483458,0.718,-0.9119999999999999,0.18513511831303486,1.63,3.8839610857097835,1.851559328214754,0.017874621278511083,1.2494282695745547,4.8510163333077365
1902,2003.11.23.06.36.56,True,-0.006664767836215391,-0.113799951171875,0.14192200178755748,0.6605,-1.012,0.18192071999846735,1.6724999999999999,3.6278460665579444,1.8727865325905144,0.039149034420987903,1.2440637952637683,4.514440736632105
1903,2003.11.23.06.46.56,True,-0.020677781832109332,-0.11538002929687499,0.1440350725534612,0.663,-1.0645,0.18456607032813696,1.7275,3.59113644918215,1.725649830296652,0.005763707654646035,1.244457909567052,4.469606826292826
1904,2003.11.23.06.56.56,True,-0.057144526615068414,-0.11417514648437499,0.14375025021698182,1.0365,-0.996,0.18359957661773413,2.0325,5.636404498784437,2.0019830851140004,0.049360351482026575,1.2464258134699442,7.029814586803936
1905,2003.11.23.07.06.56,True,-0.04387879643393766,-0.113356884765625,0.1413029090893817,0.853,-0.9305,0.1811591296495007,1.7835,4.708440271181648,1.973392832542927,0.036058662538861246,1.2451796066698715,5.862875375851784
1906,2003.11.23.07.16.56,True,-0.012083945599798196,-0.11471596679687501,0.13732031641622322,0.6715,-0.9630000000000001,0.1789355202269325,1.6345,3.7556068329011048,1.7191860955246074,0.01218189678665998,1.2358817247467981,4.640116509708097
1907,2003.11.23.07.26.56,True,-0.03619221505427572,-0.114096044921875,0.13691242874708054,0.6835,-0.996,0.17822313225794884,1.6795,3.836884667877264,1.756253151603647,-0.03328174191717316,1.2406836513912198,4.760042509711446
1908,2003.11.23.07.36.56,True,-0.00969783775361932,-0.11420681152343751,0.13814288730109758,0.663,-1.007,0.17923926070893925,1.67,3.6994675083326465,1.9792157300984492,-0.006571375713259698,1.242402202084412,4.596086047005276
1909,2003.11.23.07.46.56,True,-0.03789591810046378,-0.11549853515625,0.14078554068191934,0.72,-0.9875,0.18210235720729423,1.7075,3.9560984282220106,1.9714957260126749,0.017185966525914108,1.2412213294068182,4.910134632575608
1910,2003.11.23.07.56.56,True,-0.04752803328565658,-0.1140845703125,0.14211575934405152,1.079,-1.056,0.18224243212174251,2.135,5.917373603254041,2.2029401153624453,0.0562536435707565,1.2464925084261687,7.377397682354177
1911,2003.11.23.08.06.56,True,-0.04842135443147666,-0.1092806884765625,0.14029556472260754,0.886,-0.991,0.17786324718366672,1.877,5.0115184754526805,1.99093490778768,0.0334715590540415,1.2486190244164495,6.262371714425087
1912,2003.11.23.08.16.56,True,-0.054204169816614356,-0.11507805175781251,0.14274711455179295,0.9355,-1.0045,0.18335738454692874,1.9400000000000002,5.096372539019221,1.9682486945082074,0.03292946992943666,1.2434507240423365,6.340430096775149
1913,2003.11.23.08.26.56,True,-0.050920205449792366,-0.11415302734375,0.14165083812232032,1.066,-1.0154999999999998,0.18192423053626067,2.0815,5.852388285821631,2.3751784796036053,0.05517442604655362,1.24418415725312,7.28644418754382
1914,2003.11.23.08.36.56,True,-0.058723718361381905,-0.1143806396484375,0.14367843214252532,0.911,-0.9790000000000001,0.18366195260363177,1.8900000000000001,4.962849950389429,1.7923016029336263,0.0582542806597783,1.2441821277568792,6.173966977658649
1915,2003.11.23.08.46.56,True,-0.057934117407423935,-0.11612351074218749,0.14092241710645798,0.8265,-0.919,0.18260415780851724,1.7455,4.527270518627728,1.8467465909126592,0.005706109438595378,1.240754731394691,5.6165646134706115
1916,2003.11.23.08.56.56,True,-0.0029863655732818017,-0.11406801757812499,0.13469212667161676,0.646,-0.873,0.1765035102503453,1.5190000000000001,3.660131989750389,1.6077281429138925,0.02326021351978406,1.2358422304283323,4.523045411114553
1917,2003.11.23.09.06.56,True,-0.040076436208271504,-0.114162744140625,0.13685540071918328,0.868,-0.9275,0.17822162938771446,1.7954999999999999,4.87178073549427,1.7583639852058623,0.02522006576222878,1.2389105554847106,6.035660447279204
1918,2003.11.23.09.16.56,True,-0.06230630485057209,-0.11602099609375,0.13860286750682435,0.7725,-1.2195,0.18075399271788137,1.992,4.273742596642938,2.182163949271388,-0.038919863779928746,1.241850837934451,5.307336383740381
1919,2003.11.23.09.26.56,True,-0.03838888621465486,-0.114031396484375,0.14078133156630832,0.786,-1.139,0.1811704283006976,1.925,4.3389985513632565,2.047327578396149,0.014110614302049792,1.242355557143108,5.390977710345176
1920,2003.11.23.09.36.56,True,-0.0431085034719193,-0.1137025390625,0.1413202365244446,0.8155,-0.931,0.18138392317678836,1.7465,4.501879382045176,1.8897689146547716,0.03629066018887774,1.2449281882662597,5.603281686046756
1921,2003.11.23.09.46.56,True,-0.06397714213746108,-0.1158134033203125,0.1434223309211697,0.775,-0.88,0.18435879364755053,1.655,4.217676477856662,1.8238111211631636,0.05559523118135539,1.2413853079763693,5.232114196529484
1922,2003.11.23.09.56.56,True,-0.028693058253668968,-0.11449111328125,0.14458579356167794,0.7105,-0.9915,0.1844389307446775,1.702,3.8585419414598183,1.6959055621484769,0.02529828322587755,1.2456304401490264,4.804413722066602
1923,2003.11.23.10.06.56,True,-0.006469781800295116,-0.11347810058593749,0.14068207591928805,0.658,-1.0815,0.18075756248043867,1.7395,3.642498313620378,1.7855613826006285,0.0020769583847096837,1.2409816617112137,4.519907143685978
1924,2003.11.23.10.16.56,True,-0.0635000695169251,-0.1160988037109375,0.14268621615760618,0.8234999999999999,-0.9179999999999999,0.1839715886659911,1.7414999999999998,4.49072195851601,1.7871206933882378,0.049298007042630515,1.2398188152797096,5.562899119687964
1925,2003.11.23.10.26.56,True,-0.05062019036574761,-0.11449567871093749,0.14184007761587408,0.8935,-0.8925000000000001,0.18229032596134126,1.786,4.9126507047012895,1.870742907395444,0.03780217161738916,1.245489232841438,6.114951985791041
1926,2003.11.23.10.36.56,True,-0.04243973342611085,-0.11383691406249999,0.1421297203019105,0.8705,-0.874,0.18210648688651243,1.7445,4.775886894497416,1.816512003559016,0.002628044715699663,1.2433219487314269,5.938383811130441
1927,2003.11.23.10.46.56,True,-0.05009077964806563,-0.10909016113281249,0.14195443466557361,0.895,-1.163,0.17905923056457493,2.058,5.050088318930621,2.005764587235706,-0.026216448541435372,1.2505471523388063,6.3212139313346505
1928,2003.11.23.10.56.56,True,-0.03402513327055179,-0.1142815185546875,0.14088150546822126,0.7165,-0.886,0.1814120083621163,1.6025,3.9560948067968313,1.6733320072919926,-0.00038858283212132405,1.2428196936442513,4.915655860812407
1929,2003.11.23.11.06.56,True,-0.029607506633727687,-0.13599951171875002,0.140393868015166,0.7155,-1.2574999999999998,0.19617150864252272,1.9729999999999999,3.6867495576814084,2.196045776662294,0.024871562477266466,1.2177831749964958,4.504266947195335
1930,2003.11.23.11.16.56,True,-0.0525582556656774,-0.1149094970703125,0.13872772644998738,0.736,-1.2355,0.1801423703563763,1.9715,4.083393598475924,2.213425657313218,-0.03139556600614605,1.2425624988843624,5.074144550537582
1931,2003.11.23.11.26.56,True,-0.06315229151793167,-0.11415593261718751,0.14388919556295632,0.98,-1.0215,0.18367921647721602,2.0015,5.344576841500176,2.236384951521041,0.06937397641421647,1.247649436030263,6.662587277157675
1932,2003.11.23.11.36.56,True,-0.042843518045696305,-0.11446723632812499,0.140290312206372,0.7825,-0.8925000000000001,0.18107621799488582,1.675,4.322743086176937,1.9478144980510068,0.03490415259703898,1.241339698470114,5.365269641236999
1933,2003.11.23.11.46.56,True,-0.047050542645908355,-0.11550778808593751,0.13835708978691375,0.8240000000000001,-0.8885000000000001,0.18024099925645126,1.7125,4.575956631366902,1.8492982474425772,0.0080558062471391,1.239373913923255,5.670235790803467
1934,2003.11.23.11.56.56,True,-0.028471364283140788,-0.11449531250000002,0.14221476942688605,0.6970000000000001,-1.2255,0.18258756541796362,1.9225,3.824606193701102,2.1964614113384062,0.04003614942749979,1.2407340922279055,4.742630404235424
1935,2003.11.23.12.06.56,True,-0.01473180335782509,-0.11463205566406251,0.13981120555027482,0.6535,-0.968,0.18080097004685405,1.6215000000000002,3.6133131841400665,1.94773650490415,-0.02302056157729862,1.2420809511463649,4.488494559570254
1936,2003.11.23.12.16.56,True,-0.027473094267160936,-0.114379931640625,0.14319185567116466,0.6895,-0.9755,0.18327988084744862,1.665,3.772666881602758,1.9556073468955217,0.021997193062463144,1.2460272808488897,4.6981508629507225
1937,2003.11.23.12.26.56,True,-0.014658911020182575,-0.11459533691406251,0.13790126993048846,0.6285000000000001,-0.884,0.17931928392852486,1.5125000000000002,3.5039898313121176,1.5631571546301806,-0.029737934160092107,1.2373780135593817,4.3361087437793016
1938,2003.11.23.12.36.56,True,-0.059135820188040755,-0.11506540527343749,0.14253414151582144,0.935,-0.9445,0.18320865629590946,1.8795,5.1178156982196565,1.9649096596934985,0.04797792662809157,1.2433322137681966,6.360892632893725
1939,2003.11.23.12.46.56,True,-0.05570605200258716,-0.11532822265624999,0.14279881732840582,0.9764999999999999,-0.972,0.18357546720131407,1.9485000000000001,5.295198552322502,2.0322002051224346,0.027154588897494013,1.244555528147377,6.596237390057864
1940,2003.11.23.12.56.56,True,-0.04192318660753047,-0.11429999999999998,0.13966721001761434,0.7815000000000001,-1.0585,0.1804883173521828,1.8399999999999999,4.3288572721679515,1.77852628940013,0.005530476170154801,1.2427967992789162,5.380120964622549
1941,2003.11.23.13.06.56,True,-0.04975735577728946,-0.1157072021484375,0.14275868202313047,0.7250000000000001,-0.978,0.18377481564436604,1.703,3.950283109901724,1.888226842844975,0.0035259951537556893,1.2445376643666224,4.914276248400166
1942,2003.11.23.13.16.56,True,-0.05154833856478691,-0.1150114990234375,0.1431184987472049,0.7384999999999999,-1.1400000000000001,0.18361298672228604,1.8784999999999998,4.026856270638491,2.0641063486598163,0.007201193112382937,1.2438382223784399,5.00713817301907
1943,2003.11.23.13.26.56,True,-0.05245687264274723,-0.1142316162109375,0.13977846210599704,0.757,-0.8045,0.18052101011166016,1.5615,4.197268983428855,1.520705476133751,0.04816540405305696,1.238143584418541,5.1941294669943865
1944,2003.11.23.13.36.56,True,-0.04125854953288011,-0.1143615966796875,0.14099864523501351,0.735,-1.017,0.181564417170702,1.7519999999999998,4.047967821405039,1.608501718558153,0.03843503492110418,1.2389811001208582,5.015423823581628
1945,2003.11.23.13.46.56,True,-0.036561737453638665,-0.11528037109375,0.14227900291327175,0.6955,-0.9525,0.18313865850001326,1.648,3.7889434879802644,1.5116154522743397,0.0406509597909836,1.238914245799675,4.697191680598307
1946,2003.11.23.13.56.56,True,-0.01976519825473877,-0.11391259765625,0.13917810516187096,0.6875,-1.155,0.17985502390049185,1.8425,3.8208257048844665,1.9174927853568224,0.02433169598942294,1.241902494546678,4.745542680288028
1947,2003.11.23.14.06.56,True,-0.040076436208271504,-0.1143800048828125,0.13944724471929193,0.8394999999999999,-1.0270000000000001,0.18036681067520344,1.8664999999999998,4.6667664824996145,1.8523377929384282,0.026446485119933208,1.2420209488045775,5.792671997993336
1948,2003.11.23.14.16.56,True,-0.04978140579194801,-0.1148123779296875,0.14295974309685155,0.752,-1.003,0.18336834021589746,1.755,4.106571771540221,1.8428758859412548,0.03980630458766837,1.2426723550335121,5.100589768449608
1949,2003.11.23.14.26.56,True,-0.037410905133411054,-0.1146315185546875,0.1399440458847604,0.7255,-0.886,0.1809083553803231,1.6115,4.01588229834732,1.8189585416663143,0.025002099057344816,1.242570417054292,4.988120197692229
1950,2003.11.23.14.36.56,True,-0.04895463756617213,-0.11434555664062501,0.14454095429143626,0.774,-1.085,0.18432290209369212,1.859,4.2045339961790615,1.8629073131835177,0.027577894636614978,1.2461573835387374,5.238666012763024
1951,2003.11.23.14.46.56,True,-0.04810645555965953,-0.1156422607421875,0.14021549966360344,0.736,-0.9435,0.18175560461813414,1.6795,4.053012365283669,1.8230314123224836,-0.01001007279078819,1.2428167238843901,5.035294791410927
1952,2003.11.23.14.56.56,True,-0.0022053188439898896,-0.114792529296875,0.13657129969014548,0.6435,-0.858,0.17841653251300196,1.5015,3.604701033518356,1.6690801028481927,0.01694631984288818,1.238220087509978,4.465152818520464
1953,2003.11.23.15.06.56,True,-0.017915596009519974,-0.114976318359375,0.143483768515127,0.6885,-1.1485,0.18388164874047955,1.8370000000000002,3.7467825178489655,1.8086303258982257,0.015736897411945196,1.2421997299684069,4.653428610381219
1954,2003.11.23.15.16.56,True,-0.047580706910686166,-0.1153890869140625,0.1397471214216233,0.714,-0.9655,0.18123158445004428,1.6795,3.94497971002804,1.6669273021025743,0.07278610643523134,1.2356310479485098,4.873489976695081
1955,2003.11.23.15.26.56,True,-0.038842150889071614,-0.11422109375,0.13833329681087936,0.702,-0.8260000000000001,0.17939499328776987,1.528,3.9139282563257334,1.6446410547798727,0.05327155500729713,1.2378913444041513,4.844915377699252
1956,2003.11.23.15.36.56,True,-0.043461773252710834,-0.11474394531250001,0.1408703046666137,0.8265,-0.9915,0.18169229524639213,1.818,4.552260734850073,1.7456485053208115,0.0018728316312511895,1.2407321395162816,5.647991027421403
1957,2003.11.23.15.46.56,True,-0.0022053188439898896,-0.1149949951171875,0.1406337762265651,0.6665,-0.9470000000000001,0.18167182812713933,1.6135,3.6714352095045912,1.6924154815312358,0.013785649014298917,1.2413623438057697,4.557103401531843
1958,2003.11.23.15.56.56,True,-0.019893165318271122,-0.11424111328125,0.13844230902789278,0.6445,-0.828,0.17950111733760651,1.4725,3.5870274169947063,1.536734869027058,0.06278843824715805,1.23819787314695,4.442417970622772
1959,2003.11.23.16.06.56,True,-0.03830289155955058,-0.1132606201171875,0.13730075809343292,0.728,-0.9445,0.1779901499983035,1.6725,4.089246156374929,1.6038035680940443,0.007657916068728071,1.2399883048445532,5.070743926871069
1960,2003.11.23.16.16.56,True,-0.010021466309481974,-0.11560029296874999,0.13995202897382447,0.657,-0.9315,0.18152454213102087,1.5885000000000002,3.620005254524436,1.6031943725883875,0.010821620386296606,1.239652521636979,4.487280457277128
1961,2003.11.23.16.26.56,True,-0.0409991866649726,-0.11432744140625001,0.1352542998424435,0.808,-0.989,0.17710110902351753,1.797,4.558103496474937,1.7849129055386648,0.019092639561638158,1.2358845300553298,5.635778500554071
1962,2003.11.23.16.36.56,True,-0.04250837006197494,-0.11386071777343751,0.13812370634406956,0.8445,-0.994,0.17900930622310085,1.8384999999999998,4.717310630789511,1.657474733899703,0.0009248653649279329,1.2409583656684222,5.85411317090536
1963,2003.11.23.16.46.56,True,-0.013113882031388635,-0.11571450195312499,0.13452291674903272,0.632,-0.79,0.17744527190864395,1.4220000000000002,3.561406676200521,1.3717713263865523,0.006245642573424097,1.2326595806834764,4.390399856845464
1964,2003.11.23.16.56.56,False,0.00019133084056388583,-0.114490673828125,0.13607297696047504,0.62,-0.873,0.17783637847596995,1.4929999999999999,3.486063186853717,1.7954695121619895,0.03035746055158277,1.239994888048528,4.32298679024022
1965,2003.11.23.17.06.56,True,-0.0178783411381761,-0.114262451171875,0.1347800871383403,0.6639999999999999,-0.979,0.17669986849528624,1.643,3.758980698081217,1.6914905847258606,-0.01210819445246819,1.2373467031594838,4.650467222107496
1966,2003.11.23.17.16.56,True,-0.030979432064356716,-0.11568134765624999,0.1394408965574963,0.698,-0.9604999999999999,0.1811861053056698,1.6585,3.850531217762259,1.4963213021066322,0.0035014121879499713,1.239198463498838,4.772058392245775
1967,2003.11.23.17.26.56,True,-0.03405336878937437,-0.1144262939453125,0.1367152701843225,0.6945,-0.8205,0.17828214214470822,1.5150000000000001,3.8963922067930272,1.6623954339620268,0.034866849380800445,1.241358105742514,4.83524721640487
1968,2003.11.23.17.36.56,True,-0.007382456344220079,-0.1147999267578125,0.13686351943286007,0.6445000000000001,-0.8105,0.17865004371668972,1.455,3.6089939635133517,1.5106360139068133,0.01903024712401374,1.237948304515185,4.467210324527841
1969,2003.11.23.20.01.11,True,-0.00729142934049698,-0.11344287109375001,0.13332871147952097,0.642,-0.9415,0.17506138255649709,1.5835000000000001,3.6669261263470263,1.5500971350382517,0.014219302680299677,1.2357816126959396,4.531484486317169
1970,2003.11.23.20.01.24,True,-0.005115474912460338,-0.114154931640625,0.13328940123789335,0.603,-1.0070000000000001,0.1754926931038383,1.6099999999999999,3.4357005909448812,1.5167334489591195,-0.024981459257388466,1.2378327855433797,4.252884159641763
1971,2003.11.23.20.11.24,True,-0.00786591404705983,-0.11632939453125,0.1320363124961629,0.601,-0.7875000000000001,0.17598118765747833,1.3885,3.413213762136352,1.2772972117254229,0.009648600418829084,1.2290269941146028,4.193370388506929
1972,2003.11.23.20.21.24,True,-0.0013998024266780318,-0.1142382568359375,0.13386429020110524,0.6155,-0.9035,0.17598456318118938,1.5190000000000001,3.4964999884524888,1.5117412461202178,0.01670546621149486,1.2330458870157557,4.311148761432039
1973,2003.11.23.20.31.24,True,-0.025806752790066723,-0.1138943359375,0.13360701175514456,0.6725,-0.8765000000000001,0.1755676740983384,1.549,3.8292081291691797,1.4178145073810864,0.004451909154170238,1.2364033043577447,4.734128485196225
1974,2003.11.23.20.41.24,True,-0.0267510915926652,-0.114118798828125,0.13422870030280343,0.6845,-0.857,0.17618373334766912,1.5415,3.883069622633079,1.482734427766872,0.014155807610041444,1.2342756018969556,4.793130349665676
1975,2003.11.23.20.51.24,False,8.439414940331069e-05,-0.113723046875,0.13208996137707613,0.5785,-0.763,0.17430057168436475,1.3415,3.318701859893256,1.2090511223196714,0.016042425461435646,1.2334917417348155,4.093569354712303
1976,2003.11.23.21.01.24,True,-0.009168407629171593,-0.1187537353515625,0.13398513036418375,0.5825,-0.9510000000000001,0.17906984561202705,1.5335,3.2535701110997057,1.6843625600111305,-0.010127870960276692,1.2291401113203941,3.9992563545755058
1977,2003.11.23.21.11.24,True,-0.028389831901496243,-0.114180078125,0.13392479076431396,0.6655,-0.769,0.17599413178378515,1.4344999999999999,3.781467672525127,1.3807013406588138,0.07867656901395867,1.2305008985668882,4.653028864012283
1978,2003.11.23.21.21.24,True,-0.005188323259996297,-0.11390734863281252,0.13149319386921499,0.6114999999999999,-0.9325000000000001,0.17397307100378534,1.544,3.515469107052935,1.530921174595552,0.004552712535191348,1.2327662508983714,4.333576688760968
1979,2003.11.23.21.31.24,True,-0.03457385204521468,-0.11368269042968748,0.13064602761049451,0.6625,-1.0765,0.1731849732826295,1.7389999999999999,3.8231382775132055,1.52166586766849,-0.04092218882951158,1.2339241420629052,4.717469237012456
1980,2003.11.23.21.41.24,False,0.0029628030847765885,-0.11401008300781251,0.13203970631675688,0.6114999999999999,-0.9045,0.17445233814764138,1.516,3.5064232970888662,1.6858805062952067,0.01605499944343346,1.2334740935797925,4.325262869619123
1981,2003.11.23.21.51.24,True,-0.054905740138175285,-0.11586486816406252,0.13106699580920034,0.7365,-0.7615000000000001,0.17496059909990735,1.498,4.204804931578661,1.36904194330139,0.0509573471524158,1.2275479299784013,5.162998980971173
1982,2003.11.23.22.01.24,True,-0.04859352220588309,-0.101083251953125,0.13398909313906204,0.742,-0.978,0.16803274468001622,1.72,4.381696730917792,1.5449287321280831,-0.007644662479208598,1.2521725747833754,5.4763066145747645
1983,2003.11.23.22.11.24,False,0.013169058386884647,-0.1131096923828125,0.12963414923515024,0.535,-0.869,0.17204731234227993,1.404,3.108646511854111,1.4708310207368536,-0.010850679883798321,1.2331547963073821,3.8335462951908177
1984,2003.11.23.22.21.24,True,-0.02206453390684382,-0.11399392089843749,0.12848826666905439,0.6445000000000001,-0.8089999999999999,0.17178047593344076,1.4535,3.7448064124027844,1.4154406159896409,0.05580669047238351,1.2283844873805494,4.600865263186289
1985,2003.11.23.22.31.24,True,-0.002259875844417558,-0.1144556640625,0.12842742137055077,0.599,-0.8105,0.1720420770919526,1.4095,3.477877521741819,1.3652258473857373,-0.003865346857662428,1.2304527510832926,4.280994015677481
1986,2003.11.23.22.41.24,True,-0.004622214546228243,-0.11468037109375,0.1314085689525869,0.607,-0.9019999999999999,0.174415312010696,1.509,3.4801037690196024,1.4717233406040076,-0.006925340684171775,1.2311584553735946,4.284502798979621
1987,2003.11.23.22.51.24,True,-0.02647443500733726,-0.115112646484375,0.13076633592408404,0.631,-0.8195,0.17422130950688308,1.4505,3.619315344114825,1.2615349011326447,-0.03374894713796929,1.233596655658117,4.465643137774174
1988,2003.11.23.23.01.24,True,-0.01431962724509006,-0.11404990234375001,0.13071107953055028,0.647,-0.8765000000000001,0.17348697609164546,1.5235,3.7271615536996103,1.6307550659761967,-0.0160939540636418,1.2351749776314616,4.603900896494155
1989,2003.11.23.23.11.24,True,-0.03270693595675889,-0.11332297363281252,0.125919272905956,0.6665,-0.7835000000000001,0.16941504707658656,1.45,3.924612832527868,1.3501465299111741,-0.000763182348390172,1.2289905371074226,4.821330939606032
1990,2003.11.23.23.21.24,True,-0.010422430423310924,-0.1139042236328125,0.12868646741788997,0.632,-0.812,0.17187353657895776,1.444,3.6746856029878394,1.4289283970228883,0.0010712630101107033,1.2323616437179408,4.529270688002039
1991,2003.11.23.23.31.24,True,-0.0040947086629293805,-0.114027490234375,0.1264598875926633,0.581,-0.8775,0.17028865335119242,1.4585000000000001,3.408455802915972,1.4587369028662827,-0.010300897634095144,1.229603497530836,4.191148314077294
1992,2003.11.23.23.41.24,True,-0.005188323259996297,-0.1136375244140625,0.1280892515833813,0.607,-0.8835,0.17124823584105825,1.4905,3.546736147262175,1.4227743478706882,0.004622454600706252,1.2311001126401329,4.366218311066917
1993,2003.11.23.23.51.24,True,-0.03784318391049191,-0.1140912353515625,0.12855929744971206,0.6995,-0.874,0.1718949819826079,1.5735000000000001,4.0613486790180335,1.6242298583770745,0.009630560666922864,1.2325572115608256,5.006491031838081
1994,2003.11.24.00.01.24,False,0.027206737490580002,-0.11411064453125,0.12774471251310213,0.519,-0.857,0.1713017694378888,1.376,3.029604624475103,1.2606612013589493,-0.00473504443862154,1.230340653729238,3.7274593974198744
1995,2003.11.24.00.11.24,True,-0.009059489608013171,-0.1143182861328125,0.1273772470999162,0.5715,-0.8395,0.17116936471624294,1.411,3.3339174471223467,1.500526687433334,-0.03229279184035519,1.2293864078403374,4.09972964395528
1996,2003.11.24.00.21.24,True,-0.04139911162391041,-0.1143314697265625,0.12470470828390419,0.6715,-0.8205,0.16919803967388325,1.492,3.9723616854903945,1.336230808631413,0.004255490800569138,1.2273129160080165,4.87467186829398
1997,2003.11.24.00.31.24,False,0.01087893832160991,-0.1141221435546875,0.12347837880114981,0.5345,-0.8105,0.1681652957313181,1.3450000000000002,3.178412265366786,1.2327526117568066,0.0021367827054751664,1.2233876852393155,3.8884324037525317
1998,2003.11.24.00.41.24,True,-0.00729142934049698,-0.11333015136718749,0.12648741482594486,0.62,-0.825,0.16985496520482102,1.445,3.637510877359845,1.3420810745154936,0.025395503771488775,1.2281869716371108,4.468255905568288
1999,2003.11.24.00.51.24,True,-0.019979567631146167,-0.1142244140625,0.1259496731968615,0.6395,-0.886,0.17004585401884442,1.5255,3.761605354780054,1.3222991373374327,-0.014763129615036955,1.2273106094138195,4.6166478230708226
2000,2003.11.24.01.01.24,True,-0.00626163925972445,-0.11682548828125,0.12719844841828812,0.5615,-0.8105,0.17274850872669356,1.3719999999999999,3.250643920407029,1.3720185605289075,-0.008286509171392037,1.2250300122261368,3.981575412602801
2001,2003.11.24.01.11.24,False,0.002834472365468188,-0.114111669921875,0.128499873528286,0.5775,-0.825,0.17186508395488548,1.4024999999999999,3.358401003544542,1.311199327408887,0.010065032586922937,1.2301014404195902,4.131266046839472
2002,2003.11.24.01.21.24,True,-0.004768874115613331,-0.11476584472656248,0.1277192285741441,0.587,-0.879,0.17172290468978457,1.466,3.417272358820231,1.4082894190484687,-0.023854115760926477,1.2316233008155173,4.209102526554417
2003,2003.11.24.01.31.24,True,-0.014549147495622528,-0.1144313232421875,0.12858739632800095,0.6385000000000001,-0.8654999999999999,0.17216504887296175,1.504,3.6958571536109943,1.3735078152008549,-0.014739506035166328,1.230404020924817,4.550601780356458
2004,2003.11.24.01.41.24,True,-0.013073806300571533,-0.1142447509765625,0.12893813789582148,0.6225,-0.8445,0.17229333756889634,1.467,3.6135009705731624,1.4157054181163677,-0.004412222172157523,1.2321083543387155,4.452179721440687
2005,2003.11.24.01.51.24,True,-0.01183842516512068,-0.1144631591796875,0.12386272089600248,0.6114999999999999,-0.884,0.16869204326395504,1.4955,3.6141387815025725,1.3877371176278737,-0.010214744456183757,1.2272552873980282,4.438048581648246
2006,2003.11.24.02.01.24,True,-0.015088468466847416,-0.113933349609375,0.12374890566676106,0.6054999999999999,-0.8714999999999999,0.16823942075996956,1.4769999999999999,3.597218915642846,1.3560945327110225,-0.0222545335643421,1.2255743914553945,4.409113636940733
2007,2003.11.24.02.11.24,True,-0.0019925782529657265,-0.11491428222656253,0.12585429283310404,0.5955,-0.808,0.17045650864670908,1.4035000000000002,3.4852005636716186,1.4027266896007062,0.030170295562088677,1.2283294939280571,4.281649855332081
2008,2003.11.24.02.21.24,True,-0.005550012980732988,-0.1149991943359375,0.12417203660477731,0.5905,-0.8205,0.16927231212467225,1.411,3.48046993580658,1.2255706773212731,0.009029832363530502,1.224864287309684,4.2642038223670315
2009,2003.11.24.02.31.24,False,0.00715383379713197,-0.11449895019531249,0.12466788013876148,0.547,-0.8145,0.169297583628905,1.3615,3.2315733079812916,1.2443599553269609,-0.0035929181752325456,1.2257653072935684,3.961006103166631
2010,2003.11.24.02.41.24,True,-0.04542799757378457,-0.11361333007812502,0.12724464058959525,0.808,-0.9510000000000001,0.1706482184730802,1.759,4.755457032610799,1.7332535771312325,0.04326261918888186,1.229286802492561,5.841616397022436
2011,2003.11.24.02.51.24,True,-0.013010376649531197,-0.11430791015625,0.1248982380690332,0.604,-0.8105,0.16934366261347342,1.4145,3.5535850336588917,1.171680053469037,0.04255014815078988,1.2245691293483807,4.3553566678639735
2012,2003.11.24.03.01.24,True,-0.00013285596000467415,-0.1137678466796875,0.12430531833184874,0.5605,-0.8145,0.1685675334612842,1.375,3.3278992648366263,1.356494361002556,0.04918977737700441,1.2260376623887401,4.078990102263426
2013,2003.11.24.03.11.24,True,-0.04484870319793277,-0.1145683837890625,0.12601589971953348,0.6885,-0.9275,0.17033461248720605,1.616,4.04945692543702,1.459912042501721,-0.0032659882017923303,1.2287453797526462,4.974153611185529
2014,2003.11.24.03.21.24,True,-0.0409991866649726,-0.11319362792968751,0.12595986887444116,0.9424999999999999,-1.045,0.16938181751312703,1.9874999999999998,5.573527314063334,1.8651963803422493,0.008182342667399787,1.2296278140509218,6.851678167934994
2015,2003.11.24.03.31.24,True,-0.0009152244656600583,-0.1145515625,0.12776498842696377,0.569,-0.9019999999999999,0.17163517602130388,1.4709999999999999,3.31776855749741,1.356759337533937,-0.024797576835532572,1.2296334398913156,4.079411529878046
2016,2003.11.24.03.41.24,True,-0.01954509414140415,-0.1149064453125,0.12907201797926154,0.651,-0.967,0.17284428230577786,1.6179999999999999,3.7592464196533446,1.4485673639575314,-0.021747953728687396,1.2323687039877502,4.63356175374126
2017,2003.11.24.03.51.24,True,-0.008201331018593994,-0.11272470703125001,0.12533515642827447,0.6405000000000001,-0.87,0.168589378255934,1.5105,3.796270160024645,1.5769860529445419,0.017238326990201086,1.2281224945046678,4.66259637164654
2018,2003.11.24.04.01.24,True,-0.044602113150581824,-0.1142735107421875,0.13020983481424103,0.6975,-0.8425,0.17327458818500535,1.54,4.031609022225603,1.2520857996723427,0.021429783180444584,1.2306276333615598,4.961059210931591
2019,2003.11.24.04.11.24,True,-0.04762438768943311,-0.1145806640625,0.12983675496777722,0.6935,-1.1155,0.17319018338858744,1.809,4.003101523935075,1.855021768434837,-0.03301989262299079,1.2344460774823383,4.94175730005602
2020,2003.11.24.04.21.24,True,-0.043728453386247756,-0.1132068603515625,0.1305618326044598,0.708,-1.05,0.17284322690555837,1.758,4.107702052207219,1.8974001241966056,-0.013033186512456297,1.235946863392762,5.073963761794494
2021,2003.11.24.04.31.24,True,-0.023288944519454846,-0.1086609130859375,0.12612532524912726,0.6054999999999999,-0.974,0.16649516422088512,1.5795,3.6386605831023253,1.6198726725241057,-0.03176227156610978,1.2373628523853906,4.5026703659515235
2022,2003.11.24.04.41.24,True,-0.057651628860945325,-0.11526115722656251,0.12726262404146427,1.0645,-0.8815,0.171729414330755,1.946,6.197781788802001,1.7353010425530102,0.06265381674462808,1.2268521676672997,7.6039100202595
2023,2003.11.24.04.51.24,False,0.0022626226609143707,-0.1126605712890625,0.12911619204909705,0.5640000000000001,-0.867,0.17136854942224827,1.431,3.294472529764397,1.287843428622506,0.008854854784749486,1.2325622658410427,4.060572110236136
2024,2003.11.24.05.01.24,True,-0.051690007304696306,-0.1151046142578125,0.12892872224370766,0.7749999999999999,-0.8300000000000001,0.17284420520786972,1.605,4.501296555364929,1.728878530968251,0.056381707480356404,1.2321497581387477,5.548905807379983
2025,2003.11.24.05.11.24,True,-0.02613241365657548,-0.1144773193359375,0.1305339466292713,0.675,-1.044,0.17364360399374962,1.719,3.888041739722153,1.6711449903977704,-0.007234847917242851,1.233392898039306,4.795393971835345
2026,2003.11.24.05.21.24,True,-0.017944398270800632,-0.11371220703125,0.12710426099929018,0.641,-0.8494999999999999,0.1705562527869418,1.4905,3.761024888303973,1.4156113345746397,0.03615782496957439,1.2301450496912287,4.6265524326953145
2027,2003.11.24.05.31.24,True,-0.013000151735139798,-0.11415505371093751,0.12719680119031715,0.608,-0.89,0.1709224068043495,1.498,3.5587627953452947,1.3941307168553556,-0.018779535322414977,1.230417063311768,4.378451201279182
2028,2003.11.24.05.41.24,True,-0.0474889603081724,-0.1125988037109375,0.12975977087142243,0.7215,-0.9019999999999999,0.17182321080222018,1.6235,4.195449907294217,1.5139668462492692,0.025024824392555045,1.2335134660208276,5.1758453440225765
2029,2003.11.24.05.51.24,True,-0.0173130121927918,-0.11410480957031251,0.12979672116417684,0.619,-0.9215,0.17284703705240334,1.5405,3.577778555863907,1.4413120356117721,-0.016518680824521167,1.2326405915305245,4.410663255878893
2030,2003.11.24.06.01.24,True,-0.033957348033934576,-0.1136912353515625,0.13020543123490652,0.6759999999999999,-0.9985,0.17287862603244342,1.6745,3.912624599428547,1.7671869273318488,0.0043737350057274586,1.233902821618523,4.827518511365088
2031,2003.11.24.06.11.24,True,-0.02286910850030288,-0.11362983398437501,0.1277779766256607,0.636,-0.9155,0.17102330152715486,1.5515,3.7213082738713403,1.5433728124448636,-0.036412195462515125,1.232519454881192,4.585944455843402
2032,2003.11.24.06.21.24,True,-0.04563560804267297,-0.116946484375,0.12999817337132322,0.6945,-0.8775,0.1748666959585778,1.572,3.9806949056123284,1.495776194963364,0.013000511718241493,1.2292852424029859,4.893317768728195
2033,2003.11.24.06.31.24,True,-0.023273229482204116,-0.1138600830078125,0.1305279701615215,0.647,-0.8325,0.17324242425662623,1.4795,3.7256860937380027,1.3975774471518974,0.08863738109539579,1.229119469313193,4.58255445417117
2034,2003.11.24.06.41.24,True,-0.021735452885409456,-0.11417927246093751,0.12875460705873537,0.6385,-1.0485,0.17210361442258695,1.687,3.716915343354571,1.5901690473239554,-0.045090482205685525,1.2330023032517796,4.580420649201147
2035,2003.11.24.06.51.24,True,-0.012487892931464462,-0.11422990722656251,0.12688837502262898,0.613,-0.7995,0.1707529008488453,1.4125,3.589854296886806,1.2662451539722794,0.016386174736524834,1.2267780796208343,4.403979774148551
2036,2003.11.24.07.01.24,True,-0.022512989559402286,-0.114487158203125,0.12978901167152596,0.6234999999999999,-1.0255,0.17308302937647732,1.649,3.604329080612647,1.505496450698201,-0.031631545363580885,1.2326906156929522,4.443113680066674
2037,2003.11.24.08.01.24,True,-0.037516412025167534,-0.11703234863281248,0.12949711765666974,0.625,-0.922,0.17454576409130645,1.5470000000000002,3.5807409026607813,1.5028204248487937,-0.05498599475878228,1.2337946496819043,4.417889065056187
2038,2003.11.24.08.11.24,True,-0.02141755296476988,-0.114411181640625,0.12991638135108524,0.6565000000000001,-0.792,0.17312685832815655,1.4485,3.7875518693330132,1.4114428090622857,0.035260567698658186,1.2326697228022907,4.669986883632831
2039,2003.11.24.08.21.24,True,-0.013000151735139798,-0.11388603515625,0.12763753629183086,0.607,-0.863,0.17108028036740183,1.47,3.5525820344856873,1.3621698529202027,-0.02592129491033227,1.2324330451012213,4.37756051796887
2040,2003.11.24.08.31.24,True,-0.013725740219986293,-0.11457302246093751,0.13134227479346156,0.5955,-0.7995,0.17429709303887742,1.395,3.41904144811227,1.0873248822607768,0.05134462723504248,1.229619043215826,4.203184324002436
2041,2003.11.24.08.41.24,True,-0.017545347516165655,-0.11421879882812501,0.13135439599493237,0.6114999999999999,-0.7845,0.17408207441155996,1.396,3.5165654157940756,1.2219823278913333,0.05785351872364416,1.2301722474510672,4.325507155351579
2042,2003.11.24.08.51.24,True,-0.01351674965710059,-0.11453012695312499,0.13068381100634013,0.6385000000000001,-0.8340000000000001,0.17378046780035064,1.4725000000000001,3.6748896567224043,1.451329101488478,-0.013946447132619975,1.2351708314992051,4.539062925989581
2043,2003.11.24.09.01.24,True,-0.021260362175066105,-0.11482817382812499,0.13001625873974035,0.652,-0.8665,0.17348590313993328,1.5185,3.7598344435957927,1.3371875059067855,0.048023301562334225,1.2303499006788252,4.6255063984713605
2044,2003.11.24.09.11.24,True,-0.024945346608405083,-0.11542307128906251,0.12767917592404066,0.658,-0.8215,0.1721251635204967,1.4795,3.832217956345633,1.3764697377395598,0.011011799860655749,1.2288073570032967,4.707660320575216
2045,2003.11.24.09.21.24,True,-0.0014000342011344369,-0.11463388671875,0.12863224518382546,0.581,-0.8205,0.17231518955060568,1.4015,3.3776622866125545,1.3191288164020731,0.04144938351876808,1.2285328595585074,4.148414743581082
2046,2003.11.24.10.02.30,True,-0.0026627406158464817,-0.11638747558593751,0.1305284741846213,0.5825,-0.776,0.1749079296712363,1.3585,3.329544448022097,1.2782564363994537,0.00838105742103856,1.228173564324221,4.0894166291027965
2047,2003.11.24.10.11.24,True,-0.008827871819171107,-0.11427004394531251,0.1271362189774512,0.609,-0.7495,0.17097121557227452,1.3585,3.555445435751637,1.3705922680321114,0.04306446945972154,1.2287677328930013,4.370272679311942
2048,2003.11.24.10.21.24,True,-0.003325151424025341,-0.11350732421875001,0.12716661861708414,0.6054999999999999,-0.8360000000000001,0.17047600817136052,1.4415,3.552331274736972,1.3143116471280436,0.014982690679362691,1.2291173473517192,4.3662301543885444
2049,2003.11.24.10.31.24,True,-0.00296064257836004,-0.1154025634765625,0.1271311938636807,0.542,-0.8495,0.1717247282364388,1.3915000000000002,3.1541722109748234,1.3206381317047313,0.04280373750574115,1.228922721624448,3.8767133006160437
2050,2003.11.24.10.41.24,True,-0.02267623881519054,-0.11513410644531251,0.13004404118303242,0.621,-0.891,0.1737020158104723,1.512,3.5733579192875577,1.2845845119556172,0.07234160155361496,1.229017239800355,4.3921163994748635
2051,2003.11.24.10.51.24,True,-0.03121634236009241,-0.11697968750000001,0.13187887230853235,0.6725000000000001,-0.7885,0.17630138904372933,1.461,3.8033134733927634,1.2443835125354266,0.014050221512984113,1.2303015009457705,4.682650937254287
2052,2003.11.24.12.53.55,True,-0.000954769903642072,-0.11445815429687499,0.13338677080816808,0.6055,-0.847,0.17577351573702638,1.4525000000000001,3.4498295708147517,1.3799326773829907,0.01189492423872045,1.2356893684033798,4.262835966756694
2053,2003.11.24.12.57.32,True,-0.026127879363806117,-0.11491076660156249,0.13214417888133906,0.6645,-0.8445,0.17513402972034817,1.5090000000000001,3.789182423907349,1.3785687188475277,0.06306773931074307,1.2289785412776517,4.65773647206742
2054,2003.11.24.13.07.32,True,-0.039910681225069244,-0.1151542236328125,0.13226209816615447,0.6859999999999999,-0.958,0.17538052303102536,1.644,3.9082750482684228,1.3966129491618475,0.05574661014798563,1.2326330260551899,4.8178912764964075
2055,2003.11.24.13.17.32,True,-0.014991463021811202,-0.1146134033203125,0.1326738979393559,0.6605,-0.892,0.17533762027042518,1.5525,3.762528610390338,1.596736161749058,0.03654256731795682,1.2339844353333778,4.644879208627165
2056,2003.11.24.13.27.32,True,-0.007517494390333002,-0.11505878906250001,0.13266358401974299,0.593,-0.9605,0.1756288943492893,1.5535,3.376246867589322,1.4997850448417895,0.05826210216291276,1.2326789805950094,4.161864193404348
2057,2003.11.24.13.37.32,True,-0.05329463015485214,-0.114641357421875,0.1337318705991244,0.7015,-0.7815,0.17615628297401392,1.4829999999999999,3.9776138353810584,1.5176031298847596,0.09003651039959898,1.2338767924694516,4.908752966633811
2058,2003.11.24.13.47.32,True,-0.028269315600998768,-0.113859765625,0.13266113367647736,0.6615,-0.8240000000000001,0.1748443421345919,1.4855,3.7847505428644705,1.2372085203604062,0.06168518728055901,1.2335515804424189,4.668149392206205
2059,2003.11.24.13.57.32,True,-0.008259204062714964,-0.11442421875,0.12909878363083238,0.609,-0.768,0.17252425025309576,1.377,3.5287422405829325,1.2655868966618757,0.030934421823329283,1.2292574830168779,4.338011666905787
2060,2003.11.24.14.07.32,True,-0.011085356846107564,-0.1148638671875,0.1293552424789221,0.608,-0.7969999999999999,0.1730032985817352,1.405,3.517279772433646,1.1055838522985637,0.01297194384649411,1.2281386485103598,4.31841089263383
2061,2003.11.24.14.17.32,True,-0.056966877744167976,-0.11392282714843749,0.1320514485440707,0.6875,-0.8095,0.17440816316841165,1.497,3.9375894241838427,1.43224726953218,0.13082292198479367,1.2280102195115208,4.836319512559009
2062,2003.11.24.14.27.32,True,-0.037985366748977234,-0.11506137695312499,0.1341251832161352,0.6775,-0.8225,0.17672144792820949,1.5,3.8335252359675365,1.287144718041803,0.06090440398049268,1.235211994814784,4.735242289736595
2063,2003.11.24.14.37.32,True,-0.05349388415849421,-0.115115380859375,0.13426485891546228,0.7175,-0.8045,0.17687104060369027,1.522,4.062357141730443,1.450774264915597,0.057823762043306276,1.2339805884528205,5.011187349638931
2064,2003.11.24.14.47.32,True,-0.011877778173902453,-0.1145122314453125,0.13366995246278457,0.6445000000000001,-1.0230000000000001,0.17603114378850865,1.6675,3.659397874546757,1.478546879916295,0.03750081143760872,1.2334438482448564,4.514496020587501
2065,2003.11.24.14.57.32,True,-0.01329577785540248,-0.115626708984375,0.1332004058069673,0.619,-0.835,0.17639725812981996,1.454,3.5081526175440185,1.4809520813075392,0.04578457414949044,1.2318292123774561,4.321751358890758
2066,2003.11.24.15.07.32,True,-0.009098410419654646,-0.1150094970703125,0.13183894783018396,0.604,-0.8280000000000001,0.17497103935926403,1.432,3.4522169187665885,1.3056617983465486,0.050881727329927295,1.229841739405203,4.245644096249416
2067,2003.11.24.15.17.32,True,-0.037659727009420774,-0.115679638671875,0.1305483781897928,0.6835,-0.8605,0.17444218558381924,1.544,3.915854598221813,1.4488281674939931,0.021999485935991908,1.231871227362513,4.8247216246835425
2068,2003.11.24.15.27.32,True,-0.01689501944293481,-0.11478837890624999,0.13398835130653663,0.6675,-0.8925,0.17645505838997097,1.56,3.775979158911073,1.3296625969274731,0.022299679497731796,1.2341968673101613,4.662463855797414
2069,2003.11.24.15.37.32,False,0.003418958612205536,-0.11528432617187498,0.13476502804780047,0.5700000000000001,-0.7985,0.1773503348276157,1.3685,3.2160466994673604,1.4405372329514439,0.005711168319206525,1.236713639800565,3.9769428233000084
2070,2003.11.24.15.47.32,True,-0.0018726760431164724,-0.1151546630859375,0.13408084489877653,0.5905,-0.962,0.17675123562664335,1.5525000000000002,3.338008808548313,1.2348525326035196,0.026864560812045406,1.233546533206157,4.118642146099866
2071,2003.11.24.15.57.32,False,0.0166151616608754,-0.1147941650390625,0.13578730107287387,0.5435,-0.889,0.1778220928761779,1.4325,3.060621772771717,1.2276486710838035,0.021168019844027258,1.2341436218053794,3.776170634049243
2072,2003.11.24.16.07.32,True,-0.026844849345030397,-0.1149000244140625,0.13007651359006248,0.676,-0.859,0.17356221891916873,1.5350000000000001,3.8952203168814625,1.3369849095094768,0.022638291157874826,1.231164287359137,4.795542105763433
2073,2003.11.24.16.17.32,True,-0.0021269443633751273,-0.115508056640625,0.13462655732848416,0.5715,-0.846,0.17739253402002286,1.4175,3.2214857018169996,1.137044047004462,0.018499621012473218,1.2317959974726422,3.968255146015725
2074,2003.11.24.16.27.32,True,-0.0352217834292512,-0.1142597900390625,0.13725694472331035,0.6950000000000001,-0.8255,0.17859894645299085,1.5205,3.8930463805988715,1.371452624795801,0.04960658682571977,1.237513266053162,4.81716852774394
2075,2003.11.24.16.37.32,True,-0.022859276569266784,-0.1147289794921875,0.13421598711643723,0.6819999999999999,-0.9195,0.17657108031316304,1.6015000000000001,3.8590947637685797,1.6539564249139365,0.012171839192642378,1.2364746729791458,4.773861094106456
2076,2003.11.24.16.47.32,True,-0.021141128731896774,-0.11490712890625,0.13014721214677394,0.6579999999999999,-0.835,0.17363798783928103,1.4929999999999999,3.7845465420092568,1.2220186897285465,0.03830511757856766,1.2272263570047026,4.646300335581632
2077,2003.11.24.16.57.32,True,-0.0051495111196048216,-0.1147749267578125,0.13695157255120835,0.608,-0.907,0.17869239769589035,1.5150000000000001,3.4041984223878337,1.3750185429721453,0.042261803787406696,1.23559170235949,4.205233970860294
2078,2003.11.24.17.07.32,True,-0.02514154767880772,-0.114615234375,0.13656859909426122,0.6435,-0.8620000000000001,0.1783040473375151,1.5055,3.609567987499038,1.2174182349054776,0.0833914559241268,1.2311463116104293,4.443808386289405
2079,2003.11.24.17.17.32,True,-0.0001595962394183026,-0.11524426269531249,0.131712015433276,0.593,-0.7815,0.17501908715914605,1.3744999999999998,3.393547819797554,1.2897852618250552,0.018268126600984896,1.2323187219805176,4.181214850844175
2080,2003.11.24.17.27.32,True,-0.0009900886390245,-0.1141336181640625,0.13521695950088133,0.5825,-0.8215,0.17696393159892648,1.4040000000000001,3.283691685861429,1.193259337410002,0.043618437296843775,1.2344452603678961,4.055658171859543
2081,2003.11.24.17.37.32,True,-0.018644911577177292,-0.11427016601562501,0.1344028919222373,0.6359999999999999,-0.8215,0.17642643172251635,1.4575,3.6093810858376516,1.2929279646480358,0.06788171535395045,1.2317852098872373,4.444148800551547
2082,2003.11.24.17.47.32,True,-0.0027733668024880753,-0.11428393554687499,0.13136739439666828,0.5945,-0.7825,0.1741583177990222,1.377,3.412227040397444,1.2938459399420719,0.03372838867462222,1.2297863953018888,4.196698241928518
2083,2003.11.24.17.57.32,True,-0.013350423145971457,-0.11358427734375001,0.13105431329793177,0.646,-0.8205,0.1734581881778492,1.4665,3.7230670932470242,1.3356140779787866,0.035950560930129785,1.2321388982114851,4.587777346022921
2084,2003.11.24.18.07.32,True,-0.0489416744793123,-0.11435895996093748,0.1321180798087096,0.692,-0.779,0.17475544628755854,1.471,3.966214078076164,1.1399906392509838,0.05206114909827643,1.2299323765449026,4.877032657474834
2085,2003.11.24.18.17.32,False,0.0027765584549926947,-0.11471904296874999,0.12934878129680294,0.604,-0.9435,0.1729355049369924,1.5474999999999999,3.491834038655295,1.5699276779774691,0.020959649511021097,1.231870926719374,4.3017816238162885
2086,2003.11.24.18.27.32,True,-0.0013250010690567526,-0.11446171875,0.13349002266471782,0.6080000000000001,-0.8045,0.17587483532003317,1.4125,3.4493608063372694,1.329523626128558,0.005252533493563661,1.234638629574624,4.260404336758235
2087,2003.11.24.18.37.32,True,-0.006916925546738728,-0.114112548828125,0.13102901121952842,0.6045,-0.7705,0.1738041265974959,1.375,3.476526141884481,1.2610196792778283,0.029698324236290062,1.2294059152074204,4.274494375782314
2088,2003.11.24.18.47.32,True,-0.010468845750629008,-0.1142125,0.12894383626606618,0.5885,-0.8115,0.1722791756986037,1.4000000000000001,3.4138646537335022,1.3145548499831103,0.0648025984927988,1.2297838701030726,4.1987376684246644
2089,2003.11.24.18.57.32,True,-0.00870689086698584,-0.11526816406249998,0.13089120753906874,0.5860000000000001,-0.813,0.1744352617667819,1.399,3.368218471659914,1.3883875866211457,0.056393720590941776,1.2314086345955317,4.1454588720422905
2090,2003.11.24.19.07.32,True,-0.005897032789294987,-0.1141764404296875,0.1275026246013538,0.592,-0.8069999999999999,0.17116512363303082,1.399,3.4590215445096324,1.1638477413051906,0.00013575628995286283,1.227751477144461,4.246760332780362
2091,2003.11.24.19.17.32,True,-0.018552304349771842,-0.1142107177734375,0.1302190967767602,0.636,-0.908,0.1732398344006238,1.544,3.675786684667935,1.3435746032436962,0.06368367538420222,1.2297011324238856,4.519004738004922
2092,2003.11.24.19.27.32,False,0.0004389568229820062,-0.11472016601562499,0.13420772409332773,0.597,-0.9715,0.17658459689792852,1.5685,3.382051123651066,1.4692754332503024,0.030041418332333855,1.2338152305517038,4.172427181902508
2093,2003.11.24.19.37.32,True,-0.018560179003750288,-0.114417578125,0.12966526759581054,0.6515,-0.7845,0.17294371048745927,1.436,3.7633240731394384,1.1940499068343446,0.005948797985209475,1.2316243952610146,4.63607195929524
2094,2003.11.24.19.47.32,True,-0.01409144196160883,-0.11398896484375,0.1310800458326128,0.6214999999999999,-0.8585,0.1737254825095011,1.48,3.5781923385064482,1.2871287024479416,0.03815964969033441,1.2307055482546718,4.403549520817188
2095,2003.11.24.19.57.32,True,-0.015033490475815148,-0.1152719482421875,0.13430504005855992,0.6375,-0.8165,0.17699568381037556,1.454,3.603148553320115,1.1535290503394724,0.023913308093870704,1.2327299326765913,4.441626070096784
2096,2003.11.24.20.07.32,True,-0.013491121523945604,-0.11539509277343751,0.13567116126679735,0.635,-0.8545,0.17812505337821669,1.4895,3.5605090457295256,1.300743169115795,0.013365713230202445,1.2338159566511875,4.394504895687354
2097,2003.11.24.20.17.32,True,-0.010480708022078566,-0.11391191406250001,0.1324900150601071,0.5920000000000001,-0.8334999999999999,0.1747316066886664,1.4255,3.392143920444087,1.0797780403499861,0.05501471361722969,1.2294180988797017,4.170022331623773
2098,2003.11.24.20.27.32,True,-0.008881845256878185,-0.114739453125,0.13379235850884807,0.624,-0.829,0.17626231387503616,1.453,3.5390624337961407,1.1361197768691067,0.017043538853396958,1.2340523897015692,4.367580994575425
2099,2003.11.24.20.37.32,True,-0.007070567677405548,-0.11402473144531251,0.13522343119024133,0.6234999999999999,-0.874,0.17689228350907982,1.4975,3.5208223097636093,1.3646120176774739,0.04072930942659306,1.2344972569304091,4.346914267620935
2100,2003.11.24.20.47.32,True,-0.007710991483618979,-0.11383063964843751,0.13240727573509156,0.5820000000000001,-0.7909999999999999,0.17461239790544697,1.373,3.3346883714437086,1.1599706041373992,0.04998275020784272,1.2310463058766699,4.104672387297528
2101,2003.11.24.20.57.32,False,0.0007575086891589144,-0.11481047363281251,0.13301578024947963,0.5515,-0.8460000000000001,0.17571966854697368,1.3975,3.134871399223477,1.1591825398909226,0.041566125906995405,1.2316700783335741,3.8620599402078657
2102,2003.11.24.21.07.32,True,-0.03281542345421207,-0.11452722167968751,0.13570815185191754,0.6775,-0.8525,0.17760580120867472,1.5299999999999998,3.807818636431768,1.2006121467554083,0.05340950568187512,1.2336581838210523,4.699338006958742
2103,2003.11.24.21.17.32,True,-0.019279749504750976,-0.10559262695312499,0.13113976579889527,0.569,-0.758,0.16844424865355823,1.327,3.3861430701052946,1.0032396131064296,0.0477544502025464,1.2381201220266385,4.194293798913306
2104,2003.11.24.21.27.32,True,-0.006335118796057082,-0.11313730468750001,0.13551245675370938,0.608,-0.941,0.17653491623323725,1.549,3.4451749212389755,1.2609406889149732,0.010292781168012813,1.2377072999525396,4.2638098979905905
2105,2003.11.24.21.37.32,True,-0.03982645032758825,-0.1139115234375,0.1376277225054655,0.696,-0.9035,0.17868211698385017,1.5995,3.8934941963502236,1.417617278623947,0.07753785144049713,1.2359186392580463,4.812331634236234
2106,2003.11.24.21.47.32,True,-0.0422824742203598,-0.107620556640625,0.13244919309227168,0.6515,-0.864,0.17068791256094418,1.5154999999999998,3.826260652524721,1.0058956361354205,0.03652615811459411,1.2383393994702776,4.739431652137315
2107,2003.11.24.21.57.32,True,-0.03651269263188983,-0.1133705078125,0.13313649067811034,0.6725,-0.9465,0.17488266720090484,1.619,3.8523325215622384,1.3127108632475615,0.06428944468909767,1.2320338146682304,4.745908046766081
2108,2003.11.24.22.07.32,True,-0.010792438602264864,-0.11427460937499999,0.13442006669426065,0.5885,-0.8415,0.17644115007009542,1.43,3.3335916247045336,0.963869834578605,0.04420759631361422,1.230317289154564,4.102036314785352
2109,2003.11.24.22.17.32,True,-0.009780004271243703,-0.11425185546875001,0.13287206063887602,0.5800000000000001,-0.7749999999999999,0.17524986697754655,1.355,3.3115009463823517,1.0320160930222317,0.04991221884308747,1.2325065984340329,4.081087931344895
2110,2003.11.24.22.27.32,True,-0.022523363115471096,-0.11455573730468752,0.13899436082343253,0.6595,-0.8654999999999999,0.18012841773943528,1.525,3.6592005793398092,1.2063220033920694,0.05826873413293549,1.2363900519050535,4.524888919767408
2111,2003.11.24.22.37.32,True,-0.02199230236071792,-0.11463735351562501,0.13739336309521624,0.649,-0.796,0.17894849533503387,1.4449999999999998,3.6315419745318067,1.1723388987765442,0.06422035386983405,1.2332446930797443,4.47661779194117
2112,2003.11.24.22.47.32,True,-0.017703623079727726,-0.11490095214843751,0.13867401277486202,0.6565000000000001,-0.7775000000000001,0.18009253154546784,1.4340000000000002,3.645608720196103,0.916950627847458,0.006799979367074271,1.237458607449415,4.511270677065989
2113,2003.11.24.22.57.32,True,-0.015477760176481614,-0.11465847167968751,0.13481339965416184,0.6445000000000001,-0.957,0.1769885164225439,1.6015000000000001,3.641024443027522,1.099690628607625,0.007053798129463239,1.2353396727528856,4.49802573549458
2114,2003.11.24.23.07.32,True,-0.02368562430645027,-0.11364311523437501,0.138450376228006,0.6419999999999999,-0.8274999999999999,0.1791237992514167,1.4695,3.582511074480946,1.0511698669937453,0.04226887010092345,1.2360971699154466,4.4290631689108375
2115,2003.11.24.23.17.32,True,-0.03565288245054288,-0.1150160888671875,0.13817473434271985,0.6799999999999999,-0.856,0.17978102763127007,1.536,3.78181360537204,1.0479918494521137,0.07404506892368451,1.2338090433530358,4.6659725772079685
2116,2003.11.24.23.27.32,True,-0.02141547963937185,-0.12217128906249998,0.13937603027712203,0.582,-0.802,0.1854512963276604,1.384,3.1403181848779136,0.8685371325491684,0.0273802662894403,1.2307222756836982,3.8657855014001283
2117,2003.11.24.23.37.32,True,-0.02595042957696314,-0.1132527099609375,0.14129292272981053,0.6655,-0.8714999999999999,0.18108036181382275,1.537,3.6747264690108805,1.0889032350176917,0.06615037335872076,1.2408457819980516,4.56033223040403
2118,2003.11.24.23.47.32,True,-0.010377228737926791,-0.1123503662109375,0.14072490676882882,0.603,-0.9055,0.18007275215173846,1.5085000000000002,3.34499151435075,1.0223600125903527,0.035774235147668816,1.2401965538075932,4.149023396919633
2119,2003.11.24.23.57.32,True,-0.014926516123950573,-0.11510834960937502,0.14030207630437339,0.618,-0.851,0.18148239848017322,1.4689999999999999,3.4059637055034675,1.051628248109936,0.03741061427515563,1.237967416865697,4.216660403676713
2120,2003.11.25.10.47.32,True,-0.05825693703847801,-0.11402741699218749,0.1464036243287768,0.7615000000000001,-0.858,0.18557326080539988,1.6195,4.103111951221807,0.9346496938889646,0.008745369022597671,1.244259340273971,5.10526338934341
2121,2003.11.25.10.57.32,True,-0.018874050092015704,-0.1148306884765625,0.14707637609923557,0.642,-0.8420000000000001,0.18660061435586806,1.484,3.436346668408782,0.7098936074866842,0.010946433030340215,1.2410133987645713,4.265393313591485
2122,2003.11.25.11.07.32,True,-0.019801792870936086,-0.11506347656250002,0.14878515284805477,0.635,-0.8215,0.18809900867791746,1.4565,3.3772447157255456,0.8021007835193046,-0.007446774344816158,1.2448524238203085,4.20410557385807
2123,2003.11.25.11.17.32,True,-0.0058196616079094765,-0.11453950195312501,0.14794042495073367,0.5900000000000001,-0.7929999999999999,0.18710377417583485,1.383,3.1521257847288506,0.7714251049782086,0.009947950538824947,1.2422453108157365,3.91552777795932
2124,2003.11.25.11.27.32,True,-0.02668492776049136,-0.1143216064453125,0.1510634885897872,0.668,-0.8255,0.18946246406512152,1.4935,3.5173054173353213,0.9243475072197485,-0.015219872884352944,1.249710125543671,4.398135955710331
2125,2003.11.25.11.37.32,True,-0.01186439588371524,-0.11471728515625,0.15022896738990196,0.607,-0.912,0.1890236713841361,1.5190000000000001,3.2107329971095275,0.883288312393421,-0.01698608160225252,1.2467450679476952,4.002947096482306
2126,2003.11.25.11.47.32,True,-0.027194427552258427,-0.1148717041015625,0.1547963174168429,0.703,-0.8434999999999999,0.19279186078443647,1.5465,3.6487210408953565,0.7204508759872814,0.006365867935957073,1.2445870159798407,4.540993979870429
2127,2003.11.25.11.57.32,True,-0.02111142186754411,-0.11497919921875,0.15139274248782475,0.653,-0.791,0.19011613632896718,1.4440000000000002,3.434261377691132,0.7886864828512186,-0.012836447098751218,1.2467999448585696,4.281894533917093
2128,2003.11.25.12.07.32,True,-0.05098224835737386,-0.11422204589843749,0.15322562940531725,0.7495,-0.7845,0.1911549196167584,1.534,3.9004947572527793,0.6356964616759728,0.015435269761464218,1.244591477575772,4.855619019214986
2129,2003.11.25.12.17.32,True,-0.02987292360427296,-0.11428215332031251,0.1557266986905677,0.702,-0.8875,0.19319459027417207,1.5895,3.632333271101314,0.7146907972807763,-0.0018638889528367645,1.2468265607875102,4.528915730876546
2130,2003.11.25.12.27.32,True,-0.0008944351281007235,-0.1129114990234375,0.15548941172432001,0.5655,-0.8300000000000001,0.19220956126630806,1.3955000000000002,2.9399780078264452,0.6505774799902924,-0.02482181410826979,1.2482676493595424,3.670196885941956
2131,2003.11.25.12.37.32,True,-0.056779594267246325,-0.11460065917968751,0.15383478759066385,0.7605,-0.802,0.19185069147454736,1.5625,3.9676041728962925,0.7522222585891045,8.039366314865383e-05,1.2461472303838217,4.943687792773808
2132,2003.11.25.12.47.32,True,-0.043555648122196144,-0.114785546875,0.15434670423836133,0.736,-0.8434999999999999,0.19237610341214034,1.5795,3.8276199315200294,0.7434848702336843,-0.02164642104448017,1.2461462738603415,4.769694455343084
2133,2003.11.25.12.57.32,True,-0.031920989942942346,-0.115581298828125,0.1575471843271224,0.6715,-0.9595,0.1954353062960461,1.631,3.4310666392264784,0.7998966265176795,-0.04447632505674643,1.2516610971087967,4.29482518041606
2134,2003.11.25.13.07.32,True,-0.04345954569458654,-0.1142969482421875,0.15854814602179113,0.7435,-0.8935,0.19548160283427496,1.637,3.7919547002645,0.6794228475970439,-0.0161950872898082,1.2469535432522925,4.729350049270008
2135,2003.11.25.13.17.32,True,-0.011706759365510688,-0.1149805419921875,0.1539170352882675,0.6405000000000001,-0.802,0.19214895203853558,1.4425,3.3308937664453264,0.6798247771787971,0.009154503080637151,1.245396171012207,4.148390270084213
2136,2003.11.25.13.27.32,True,-0.03215217139894477,-0.1142371337890625,0.15506197839962846,0.719,-0.9035,0.1926471752071037,1.6225,3.7357382067385974,0.7772006089551238,0.013115288053076723,1.2464144141040034,4.655972457306279
2137,2003.11.25.13.37.32,True,-0.02134928971762229,-0.1186020263671875,0.15410034858641558,0.598,-0.8095,0.19445749586859964,1.4075,3.080435955457018,0.6629130493626065,-0.01525252481016028,1.2434295212804378,3.830420967164932
2138,2003.11.25.13.47.32,True,-0.045099182801085935,-0.115024951171875,0.1549974203129329,0.7285,-0.808,0.1930380018271789,1.5365,3.77090665688868,0.7877377516557196,-0.005694817128800838,1.248620542475358,4.708882395424814
2139,2003.11.25.13.57.32,True,-0.03155268205676032,-0.114520703125,0.15505366091230474,0.636,-0.8714999999999999,0.1927666148868125,1.5074999999999998,3.294226302927437,0.7834721606382664,-0.05303891627558288,1.250725731762425,4.120249359918246
2140,2003.11.25.14.07.32,True,-0.03921221219457505,-0.1150313720703125,0.1584603307557424,0.703,-0.8885000000000001,0.195837685714363,1.5915,3.5896093157674063,0.8654039471737784,-0.029691802106984175,1.2517439490813,4.493272210136238
2141,2003.11.25.14.17.32,True,-0.024744270737798613,-0.11459296875,0.15816582673472723,0.647,-0.907,0.195336467892575,1.5539999999999998,3.3074258235886873,0.7488001133900366,-0.04786361180878634,1.2515169529335157,4.140082135442532
2142,2003.11.25.14.27.32,True,-0.023393573181008542,-0.11480585937500001,0.1546103593894583,0.6519999999999999,-0.8065,0.19259111354288605,1.4585,3.395707652267693,0.6816855118303891,-0.0444746528262965,1.2513059024430906,4.248776288812253
2143,2003.11.25.14.37.32,True,-0.020620708356213546,-0.1145379150390625,0.15343876512945948,0.6005,-0.841,0.1915051388912664,1.4415,3.134161122438617,0.6906035799497168,-0.05039027170048173,1.2505667791663027,3.919580289956232
2144,2003.11.25.14.47.32,True,-0.03498221503336629,-0.1140430908203125,0.15473094632889633,0.6935,-0.8145,0.1922405187809356,1.508,3.59698240423985,0.6790384310380124,-0.009794794525374143,1.2464445536381157,4.484252548896004
2145,2003.11.25.14.57.32,True,-0.04504362259594952,-0.11479128417968751,0.15329318940703018,0.741,-0.9315,0.19154943868496485,1.6724999999999999,3.8562644581725403,0.8633653083352919,-0.021108831980739286,1.2490563339828746,4.818687662308783
2146,2003.11.25.15.07.32,True,-0.025028852003929236,-0.11536918945312499,0.1591367223229968,0.6759999999999999,-0.819,0.1966026797080862,1.495,3.4310567704396364,0.7005707750640167,-0.01711312498778991,1.2505694061094064,4.292209776083175
2147,2003.11.25.15.17.32,True,-0.021122029154994615,-0.11457475585937499,0.1622796099774696,0.6945,-0.9525,0.19869908030928932,1.647,3.4803165740420097,0.6740352677952854,0.0012561423685989465,1.2506209186445902,4.35552748565096
2148,2003.11.25.15.27.32,True,-0.022827516089337196,-0.11406281738281251,0.16167287665920105,0.68,-0.9299999999999999,0.19790768898487487,1.6099999999999999,3.438861959402271,0.6701029771811151,-0.023290495648088255,1.2519162019866976,4.304833601879189
2149,2003.11.25.15.37.32,True,-0.027966380336105212,-0.11403928222656251,0.16201832445618802,0.6775,-0.8995,0.19817368248425066,1.577,3.4085582136308954,0.5992405185779508,-0.042508562198536104,1.2510311400789889,4.265616013883538
2150,2003.11.25.15.47.32,True,-0.029892602556369496,-0.11449658203125,0.1629303622415857,0.629,-0.9179999999999999,0.1992360489555829,1.5470000000000002,3.1617981819289245,0.7765033305394828,-0.052736831755254406,1.2563472464138963,3.971212490515428
2151,2003.11.25.15.57.32,True,-0.020025167045609527,-0.11509907226562499,0.1604871203088976,0.659,-0.846,0.19756083948751918,1.505,3.328142453196405,0.7115133578409922,-0.013218748197595458,1.2512895455040773,4.165066916164718
2152,2003.11.25.16.07.32,True,-0.008569003083166438,-0.11438974609375,0.16426877056925754,0.6214999999999999,-0.847,0.2002358537871444,1.4685000000000001,3.1054452289882652,0.6687835031009681,-0.005140211994796389,1.2513724334039402,3.8858966856808896
2153,2003.11.25.23.13.21,True,-0.05970539126349783,-0.1134953125,0.18067730346250344,0.8009999999999999,-0.9775,0.21343750554943938,1.7785,3.741206506543856,0.5746903215950494,-0.055917117007017576,1.2594577969193883,4.713647324926608
2154,2003.11.25.23.19.56,True,-0.05516179890662698,-0.11513239746093751,0.18890287834762953,0.808,-1.001,0.22137486601253725,1.8090000000000002,3.6437216678236437,0.6678182976678204,-0.07821232533563947,1.2643056384813627,4.607589448235492
2155,2003.11.25.23.29.56,True,-0.02508847561996652,-0.11547185058593751,0.17627863989935597,0.6545000000000001,-1.0594999999999999,0.21082146771201457,1.714,3.1035410643416856,0.5721978706409094,-0.03355333299142213,1.2564049507402615,3.89939915665709
2156,2003.11.25.23.39.56,True,-0.030368369113172422,-0.1150765869140625,0.18689922057457134,0.78,-0.9595,0.2195519102288881,1.7395,3.562731100207448,0.6052573426437511,0.016692133563198944,1.2567796336345556,4.475835145713003
