reading,filename,is_anomaly,anomaly_score,mean,std,max,min,rms,peak_to_peak,crest_factor,kurtosis,skewness,shape_factor,impulse_factor
1,2003.10.22.12.06.24,False,0.11790588346016662,-0.090846240234375,0.0934732544674671,0.4075,-0.64,0.13035408567014134,1.0475,3.1258491058629803,0.5912506604372332,0.006074094594478564,1.2165347880079604,3.8027560489937597
2,2003.10.22.12.09.13,False,0.09194357398808128,-0.0919236083984375,0.09305777375078528,0.45499999999999996,-0.571,0.13080555369467495,1.0259999999999998,3.481521827880475,0.5639971798927985,-0.01386225776596252,1.216144597917181,4.233573979184742
3,2003.10.22.12.14.13,False,0.09855504769559542,-0.09418811035156249,0.09293391590323166,0.375,-0.6105,0.13231961902379405,0.9855,2.834818756275718,0.5700666376430901,0.03635531542366646,1.210475314461029,3.4312010946162523
4,2003.10.22.12.19.13,False,0.12998497896866518,-0.092957421875,0.09444512915275216,0.33699999999999997,-0.6180000000000001,0.132525948430887,0.9550000000000001,2.541967121711207,0.46458713048116107,-0.016090974933049347,1.2153731629888656,3.0896494908069947
5,2003.10.22.12.24.13,False,0.13512400417507808,-0.09359689941406249,0.09348719572013328,0.4515,-0.575,0.13229401746691707,1.0265,3.414141911489964,0.4007474564524347,0.0011261109347728924,1.2147915861970855,4.146768960201736
6,2003.10.22.12.29.13,False,0.19049738814998285,-0.0930177490234375,0.09491711903564616,0.40900000000000003,-0.5405,0.13289901009205562,0.9495,3.074078289444911,0.456477293382338,0.023891958056177512,1.2139110825522148,3.731688852607311
7,2003.10.22.12.34.13,False,0.11624000547482827,-0.0930478271484375,0.09364562340507901,0.349,-0.552,0.13201768507286274,0.901,2.641528439901429,0.3414907085742669,0.014947199373930582,1.211280868773276,3.20019841071049
8,2003.10.22.12.39.13,False,0.030786536214417737,-0.0931722900390625,0.0937323016484288,0.4985,-0.5745,0.1321711838658754,1.073,3.7820033110318643,0.7437907506089552,0.007758493058927264,1.2143973992933257,4.590224703409698
9,2003.10.22.12.44.13,False,0.09528697026997568,-0.0936595458984375,0.09233791430368612,0.3395,-0.6335,0.13152900282162502,0.9729999999999999,2.581474607216926,0.4719211668875658,0.018103563108326268,1.2100175728653138,3.1233666880641513
10,2003.10.22.12.49.13,False,0.13346200618861342,-0.0930468505859375,0.09377747856619376,0.4505,-0.5960000000000001,0.13211365001482814,1.0465,3.409200530282291,0.6017341710503983,0.03369724800211135,1.2136860551208315,4.137942554565045
11,2003.10.22.12.54.13,False,0.08527373391414395,-0.0939593994140625,0.09204784834096594,0.34299999999999997,-0.5640000000000001,0.13153433717055196,0.907,2.61069019766578,0.36375123765767037,-0.005498545589333052,1.2118844832310887,3.1636006984730134
12,2003.10.22.12.59.13,False,0.14662631916241609,-0.09369233398437499,0.09389004402845832,0.35,-0.614,0.13264126292146067,0.964,2.640861743034077,0.4875432351223812,0.01841802374683641,1.2120480787518375,3.2007655168231626
13,2003.10.22.13.04.13,False,0.11569989689222593,-0.0929434814453125,0.09235376733019765,0.39049999999999996,-0.664,0.13103018187698406,1.0545,2.98323237187562,0.6057441225651774,-0.01366807186472484,1.2126864678694016,3.616275047678668
14,2003.10.22.13.09.13,False,0.14395179559549098,-0.0943854248046875,0.09359013506871634,0.41500000000000004,-0.6174999999999999,0.132922373320052,1.0325,3.121316990567916,0.5996383951159914,0.007023715107275341,1.2130725972469147,3.7864943247745475
15,2003.10.22.13.14.13,False,0.1764307656959378,-0.09282919921875002,0.09375251660074094,0.364,-0.569,0.13193938851855197,0.933,2.7595474043217747,0.44720740306221063,0.004935159668511435,1.213809168714834,3.3494846309552297
16,2003.10.22.13.19.13,False,0.10725909781073073,-0.0917309814453125,0.09368464712067048,0.45499999999999996,-0.6275,0.13112465187470568,1.0825,3.4688983187255396,0.561191229466784,0.029953683959013135,1.2136424936364847,4.210916323879593
17,2003.10.22.13.24.13,False,0.12551012074757212,-0.09336296386718751,0.09351531718543726,0.4015,-0.5945,0.13214791067917858,0.996,3.038363390120691,0.49200369654389076,0.04669027987018305,1.209526153959595,3.6749677491984176
18,2003.10.22.13.29.13,False,0.11604938453099367,-0.093579052734375,0.09356492091814375,0.3405,-0.525,0.1323338610346893,0.8654999999999999,2.5718721553508734,0.43587036891263464,0.016191009081667967,1.2125835938847571,3.119021661668106
19,2003.10.22.13.34.13,False,0.1314397300642044,-0.0929068115234375,0.09435216217930836,0.33799999999999997,-0.5700000000000001,0.13242061418853684,0.9079999999999999,2.5509754168570824,0.40391061515518456,-0.010276253665977293,1.2150180306586653,3.099488225488356
20,2003.10.22.13.39.13,False,0.1586214201344464,-0.0928848876953125,0.09438330655697463,0.36350000000000005,-0.5295,0.13242541305190292,0.893,2.743592061208484,0.3791573903811527,0.016765969747908414,1.2136154692670997,3.32938407118154
21,2003.10.22.13.44.13,False,0.1465253778477763,-0.09248898925781252,0.0938703989072043,0.3895,-0.6485000000000001,0.13178145761518184,1.038,2.953869854531356,0.49587037136692325,0.038310313874202674,1.2123328186741276,3.581086921115573
22,2003.10.22.13.49.13,False,0.14671605032339785,-0.0927368896484375,0.09369893084720549,0.3465,-0.581,0.13184495954928638,0.9275,2.628655935328931,0.4571371765961081,-0.006570535190646529,1.2156288505480861,3.1953284877356722
23,2003.10.22.13.54.13,False,0.13358623524047025,-0.09300161132812498,0.09399752696758201,0.46399999999999997,-0.531,0.13223153839327945,0.995,3.517863729031199,0.5159484841280777,0.0009413884258335052,1.213836808826068,4.266423699592445
24,2003.10.22.13.59.13,False,0.19940237228508612,-0.0925982177734375,0.09485682738470863,0.38949999999999996,-0.6174999999999999,0.1325683098623836,1.007,2.934625824025467,0.49311985156295,0.017984712535798912,1.2156398356031517,3.5687318177362846
25,2003.10.22.14.04.13,False,0.16782009074272874,-0.0918515869140625,0.0957050615754641,0.404,-0.5515,0.1326556747081873,0.9555,3.0470444183945666,0.4466574479238421,0.009373475774822717,1.2173807061284858,3.7085754567777247
26,2003.10.22.14.09.13,False,0.18389052099872577,-0.09229453125,0.09483006195600598,0.4295,-0.548,0.13233666311824083,0.9775,3.248513145194387,0.46056332022686663,0.022178873636391514,1.2150707824453926,3.9456866631130922
27,2003.10.22.14.14.13,False,0.1466800770253474,-0.0928013916015625,0.09499046119538514,0.371,-0.582,0.13280613797968432,0.953,2.7926707253683176,0.5583695096686896,-0.013742413940835687,1.2178433987265187,3.4015293880149367
28,2003.10.22.14.19.13,False,0.1844387614005214,-0.09291625976562501,0.09531160578701209,0.402,-0.5375000000000001,0.13311265104047612,0.9395,3.0198450221790933,0.5073622167683993,0.02805961253793412,1.2151611089150618,3.669614695799329
29,2003.10.22.14.24.13,False,0.16815448977131459,-0.09314875488281249,0.09475242808008615,0.4455,-0.6014999999999999,0.13287269537910906,1.0470000000000002,3.3573151390637648,0.5028430305291252,0.01924761263850002,1.214038138093808,4.074964199793406
30,2003.10.22.14.29.13,False,0.16527159802269625,-0.09332387695312501,0.09414241086699796,0.3585,-0.5660000000000001,0.13256740462352445,0.9245,2.699203341863245,0.42634954369262057,0.01243595208540973,1.2128985973447117,3.2759401834955533
31,2003.10.22.14.34.13,False,0.1990754887263167,-0.0929107421875,0.09425892517252822,0.41000000000000003,-0.5735,0.13235592478676778,0.9835,3.096527686755217,0.46242213918837627,0.02432778606586339,1.214754463399978,3.7619956049256973
32,2003.10.22.14.39.13,False,0.1954003233115208,-0.0929923583984375,0.09404028420580571,0.392,-0.6214999999999999,0.13225938677240942,1.0135,2.9668791491000572,0.4828365573477582,0.013459088722878416,1.2159879929546855,3.607002127460859
33,2003.10.22.14.44.13,False,0.1201763612282497,-0.0924777587890625,0.09511713088541535,0.4225,-0.6995,0.13266490774239714,1.1219999999999999,3.1856356049129113,0.6383704864794371,-0.014215550715203477,1.2184220361726017,3.880919995079082
34,2003.10.22.14.49.13,False,0.17272046302247346,-0.0932682373046875,0.09386865241057551,0.4285,-0.581,0.13233148612842338,1.0095,3.2400635614398676,0.45357982360686044,-0.004768788237683954,1.2143209009638019,3.9338016500209925
35,2003.10.22.14.54.13,False,0.1300608222799145,-0.092501318359375,0.09398623862317104,0.45199999999999996,-0.6725,0.13187742127073712,1.1245,3.4261199371563325,0.5223407642559008,0.007210902500862242,1.2149515316297852,4.1630522582035105
36,2003.10.22.14.59.13,False,0.16729058136251052,-0.09285424804687499,0.09301219161358164,0.393,-0.5995,0.13143987066013457,0.9925,2.9795717492411655,0.45173393046383814,0.019125434477501098,1.2126385965176965,3.615411766912314
37,2003.10.22.15.04.13,False,0.1347765747511624,-0.09216982421875,0.0942689355408507,0.3345,-0.5980000000000001,0.1318444485483224,0.9325000000000001,2.5377832058920813,0.5004095074783013,0.0135459454611719,1.214134142337034,3.080915919253907
38,2003.10.22.15.09.13,False,0.16673201020623823,-0.0925222412109375,0.09379875656408118,0.383,-0.5275000000000001,0.1317586765087757,0.9105000000000001,2.906825715024188,0.44844996211295185,-0.005931199356891782,1.214935962011142,3.5316087987627887
39,2003.10.22.15.14.13,False,0.06536822644068252,-0.09223588867187499,0.09379512889210984,0.491,-0.6385000000000001,0.13155012555352136,1.1295000000000002,3.7335102946515093,0.5291076064017151,0.008912520086331076,1.2154466312138084,4.538017170449175
40,2003.10.22.15.19.13,False,0.1720664077024791,-0.0925892333984375,0.09387874686683648,0.381,-0.525,0.13186042285550914,0.9059999999999999,2.8873011342698707,0.42045846616889415,0.015803280461250804,1.2139362381940102,3.5056475461266814
41,2003.10.22.15.24.13,False,0.12718929150412767,-0.0931439453125,0.09313145251296957,0.431,-0.5165,0.1317206617871432,0.9475,3.267444505579613,0.3857035239528719,0.005757435683704809,1.2134188740611873,3.9659830252914485
42,2003.10.22.15.29.13,False,0.14783415239587605,-0.0923885498046875,0.09639242240871346,0.403,-0.6625,0.13352827251109162,1.0655000000000001,3.0176531901661963,0.6040573400941209,-0.010968824168387337,1.2184330460552677,3.6769441433188303
43,2003.10.22.15.37.48,False,0.05174883405183894,-0.09154860839843751,0.09392545298868066,0.3175,-0.535,0.1311639053706884,0.8525,2.4214998271556256,0.4370201782309029,-0.010333814433805886,1.2163092168701306,2.9451325149845413
44,2003.10.22.15.44.13,False,0.19209528197582515,-0.0935099609375,0.09460705444949329,0.40549999999999997,-0.585,0.1330227336331702,0.9904999999999999,3.0505827929070435,0.5005896948409885,-0.002535538024135817,1.2147429184809782,3.7054888443101808
45,2003.10.22.15.54.13,False,0.022789783717595657,-0.0932654541015625,0.096186989063998,0.3605,-0.7725,0.133989363643652,1.133,2.691786250760223,0.6035411999645621,-0.036755062764926225,1.2205824910038263,3.285078645767964
46,2003.10.22.16.04.13,False,0.18019276905934212,-0.09292949218749999,0.09393470997273966,0.4345,-0.563,0.1321415810272185,0.9975,3.286220489608162,0.5074798693114937,-0.001829040265551394,1.215300936475317,3.9942904078211106
47,2003.10.22.16.14.13,False,0.15583440612734462,-0.09330224609375,0.09448777286148306,0.375,-0.692,0.13279659512078323,1.0670000000000002,2.825855758064713,0.500700119258481,-0.005195844326120919,1.2172788178914997,3.4398473016082
48,2003.10.22.16.24.13,False,0.16727358666547165,-0.093307666015625,0.0950860452383335,0.372,-0.5885,0.13322292525998408,0.9604999999999999,2.7915002025969633,0.5435428494909293,0.026093447434233797,1.215005504266026,3.3916410006719344
49,2003.10.22.16.34.13,False,0.1627754630867802,-0.09287783203125,0.09283097740218357,0.3895,-0.5945,0.13132425796551905,0.984,2.9626436172592627,0.4335613440511217,-0.006889529997975399,1.2135306788095948,3.596874181870144
50,2003.10.22.16.44.13,False,0.15900235765681198,-0.092446533203125,0.09299388099086292,0.372,-0.6225,0.13113466116095826,0.9945,2.8334565403727523,0.5454929607419334,0.0023430502863129006,1.2137954304398502,3.440705761542765
51,2003.10.22.16.54.13,False,0.19693883242667587,-0.09294167480468751,0.09405157780573462,0.398,-0.5640000000000001,0.13223472398257316,0.962,3.011346551544595,0.5543436571698446,0.012305627967868505,1.214778079537112,3.6572344517584034
52,2003.10.22.17.04.13,False,0.17913225998670268,-0.09311237792968749,0.09424333147596704,0.37,-0.5815,0.13248885055160153,0.9515,2.789494614435483,0.515575748415144,0.0069688899954055885,1.2155489942062752,3.39137242132425
53,2003.10.22.17.14.13,False,0.19877320666382353,-0.09274162597656249,0.09438240574729048,0.389,-0.5545,0.1323296623162895,0.9435,2.943025461608613,0.4802461975198382,0.010819089484074828,1.214931570702967,3.575365813494341
54,2003.10.22.17.19.38,False,0.07448032979285646,-0.0912762939453125,0.09401146964806248,0.40049999999999997,-0.748,0.13103728626877642,1.1484999999999999,3.0610758171964285,0.531188255890314,-0.01512799877439882,1.2176900570462679,3.7253872584037673
55,2003.10.22.17.24.13,False,0.17339523961072806,-0.09248173828124999,0.09369238030468016,0.41100000000000003,-0.558,0.13165574499364646,0.9690000000000001,3.1225751983386085,0.4845629113270091,-0.004981630923092685,1.2146099517424793,3.792428139285314
56,2003.10.22.17.34.13,False,0.15794371111178995,-0.091488037109375,0.09537248012498559,0.386,-0.653,0.13217262844328634,1.039,2.9211535437280545,0.6172949216935808,0.015698323216775233,1.2159073427039302,3.5515828698255527
57,2003.10.22.17.44.13,False,0.16893998524148818,-0.09326984863281249,0.09386935754321696,0.3615,-0.5985,0.13233293218818498,0.96,2.7284158797224247,0.49802189332938074,0.012218254438503903,1.2134371029058026,3.311504772697746
58,2003.10.22.17.54.13,False,0.0771343015970587,-0.09331564941406251,0.09323790825093789,0.342,-0.505,0.13192116087914274,0.847,2.5925888048909123,0.353496397146027,0.02616161140262011,1.2130540596433672,3.144884485525546
59,2003.10.22.18.04.13,False,0.020067879282769763,-0.09312092285156251,0.09335300429381627,0.505,-0.6639999999999999,0.13185877458613937,1.169,3.829815670147835,0.7667410095845488,0.007875957367882292,1.2162173873287496,4.657891740415938
60,2003.10.22.18.14.13,False,0.026055296437365705,-0.09289790039062501,0.09275329516866343,0.32799999999999996,-0.49950000000000006,0.13128101153954863,0.8275,2.5006365358101768,0.4327281503190983,0.03040788479575818,1.2118739652681572,3.029448546959877
61,2003.10.22.18.24.13,False,0.11693878965051074,-0.09242937011718749,0.09304349233309767,0.41000000000000003,-0.5225,0.13115408612198534,0.9325,3.126526815290438,0.5752282441124426,0.030363799208530218,1.2129938886321021,3.792340583847527
62,2003.10.22.18.34.13,False,0.15000887598695056,-0.09243095703124998,0.09540530548524306,0.37250000000000005,-0.6615,0.13284142514868907,1.034,2.8018773239561434,0.6273171601859162,0.005592310669505345,1.2155248311161058,3.406561446893887
63,2003.10.22.18.44.13,False,0.160598955866454,-0.09272231445312501,0.09433504134912618,0.349,-0.635,0.13227956876634345,0.984,2.6376725688582097,0.5440338810724015,0.009586188035366552,1.216534955318619,3.2092477081689896
64,2003.10.22.18.54.13,False,0.15272220721917268,-0.092354638671875,0.09420309964073577,0.361,-0.6479999999999999,0.13193041472684963,1.009,2.7348448487485184,0.5835026565786796,0.025753677719665125,1.2133858058508802,3.31883744135297
65,2003.10.22.19.04.13,False,0.1971912284631568,-0.09285275878906252,0.09427230340397935,0.4,-0.603,0.13233717400829578,1.003,3.019866873061009,0.4522258625221598,0.0026170988295243576,1.2151280996849048,3.670327158620137
66,2003.10.22.19.14.13,False,0.10982643670999248,-0.0919375,0.09446036410494052,0.444,-0.5215000000000001,0.13183010062430733,0.9655,3.369683609061787,0.4266104468152141,-0.005469173652013649,1.218046068525906,4.1034867693966905
67,2003.10.22.19.24.13,False,0.16288852333185472,-0.0934488525390625,0.09455461267549797,0.3735,-0.569,0.13295233736668718,0.9425,2.803577500849678,0.40176697795835903,0.019081062639788652,1.2121745802139259,3.3993478267389783
68,2003.10.22.19.34.13,False,0.11915908259270014,-0.0927209228515625,0.09668847293702088,0.381,-0.714,0.13396795655565324,1.0950000000000002,2.8424289362188064,0.6256922148185384,0.0070994523062171445,1.2173892329456502,3.4606280323364267
69,2003.10.22.19.44.13,False,0.10795829311672012,-0.09214580078125001,0.09436648301766784,0.349,-0.5565,0.13190935182742997,0.9055,2.6461305445990466,0.4429066829570856,0.04913899401594547,1.2113305925277484,3.2052285619643635
70,2003.10.22.19.54.13,False,0.1443346602032104,-0.092077587890625,0.09443568896279686,0.34299999999999997,-0.5665,0.13189776215529508,0.9095,2.6007946423613824,0.4545841220195237,-7.354257761239824e-05,1.2158402329794251,3.1619940269524927
71,2003.10.22.20.04.13,False,0.09598923337474308,-0.093190234375,0.09642478207148256,0.4105,-0.6995,0.13410308062319548,1.1099999999999999,3.057916226468895,0.7404485170947359,-0.01611976773746182,1.218315130123461,3.7265800714123913
72,2003.10.22.20.14.13,False,0.13858878795253105,-0.0935765869140625,0.09456447941841777,0.431,-0.6775,0.13303966386002553,1.1085,3.237381074159703,0.6280999903320037,-0.010919244622436906,1.2153171168854957,3.934680561267034
73,2003.10.22.20.24.13,False,0.1454605871839536,-0.09312055664062502,0.09562024804169228,0.46299999999999997,-0.5760000000000001,0.13347832370035698,1.0390000000000001,3.465515762495517,0.5028006096645043,0.006689713892319281,1.216465048115222,4.216466455790765
74,2003.10.22.20.34.13,False,0.18271432694984935,-0.0927472900390625,0.09623757872313266,0.381,-0.6140000000000001,0.13366569630042152,0.9950000000000001,2.844845100795618,0.551806560994726,0.002476329663775188,1.216793859435886,3.462817939839322
75,2003.10.22.20.44.13,False,0.1158168607109864,-0.0923405029296875,0.09465411972597224,0.449,-0.5469999999999999,0.13224811681482618,0.996,3.387223655972424,0.4575949117458262,0.05428465664059226,1.2133875795223577,4.1114600769765675
76,2003.10.22.20.54.13,False,0.1675817006950877,-0.0933251708984375,0.09440599451717016,0.4175,-0.5345,0.1327537992768955,0.952,3.145961027814601,0.4933083626716217,0.03343984571818227,1.2147714297566252,3.821243190542637
77,2003.10.22.21.04.13,False,0.18802372764359065,-0.09325803222656248,0.09461996437681547,0.4105,-0.5589999999999999,0.13285990986717852,0.9695,3.085667867304635,0.5119698254138672,-0.005838190115346369,1.215489335742197,3.751732214181153
78,2003.10.22.21.14.13,False,0.18754509969265487,-0.0928576904296875,0.09598357956262132,0.408,-0.5820000000000001,0.1335536932795468,0.99,3.0491417930317963,0.469547280606168,-0.0015802866238274604,1.217148749677282,3.712650146104653
79,2003.10.22.21.24.13,False,0.18390943212871314,-0.0927937744140625,0.0943984965971629,0.386,-0.5335,0.1323850779104246,0.9195,2.9162393526238843,0.40114989865095074,0.004597996897207829,1.2158819421881588,3.5455837069721325
80,2003.10.22.21.34.13,False,0.15909703811426396,-0.09309658203124999,0.09550696400621206,0.3775,-0.5734999999999999,0.13337600402774108,0.951,2.8302992192169967,0.42588635201002134,0.03111436671039237,1.2155103975686024,3.440262154392835
81,2003.10.22.21.44.13,False,0.15946990449670284,-0.09325966796874999,0.09603354520360072,0.42200000000000004,-0.6435,0.13386968419339676,1.0655000000000001,3.150781829401546,0.5275306533131678,-0.012653243172441691,1.2176197128487698,3.836619759362164
82,2003.10.22.21.54.13,False,0.06974635202680857,-0.092455859375,0.09429409923168035,0.3235,-0.537,0.13206655996120312,0.8605,2.446357100869019,0.37067407447105905,0.032092533915013544,1.2127553248126213,2.9687154127219735
83,2003.10.22.22.04.13,False,0.15696636983395318,-0.0927928466796875,0.09542206823487268,0.45899999999999996,-0.642,0.13310687320914993,1.101,3.4473617534710366,0.5454786363027209,0.018626045592741357,1.216146973441664,4.192763123379193
84,2003.10.22.22.14.13,False,0.18236304204242093,-0.09253916015625,0.09477035494533216,0.40800000000000003,-0.5605,0.1324628980271867,0.9685,3.07447027079562,0.42620801755022764,0.024478474792644266,1.215667059824582,3.739922981836935
85,2003.10.22.22.24.13,False,0.1698675970023079,-0.092705615234375,0.0948512658484006,0.36,-0.6335,0.13263474401977066,0.9935,2.7136098587734434,0.43490679248085207,0.00991266358829795,1.2148823241732565,3.2969066642912885
86,2003.10.22.22.34.13,False,0.1350840730245917,-0.092602197265625,0.09493978306891963,0.442,-0.6054999999999999,0.13262672279108884,1.0474999999999999,3.3332724606750337,0.699178424901739,0.01699344397404349,1.2165060182635612,4.054663102552151
87,2003.10.22.22.44.13,False,0.16710254216913561,-0.0931486083984375,0.09604930749853677,0.425,-0.6275,0.13381074113349672,1.0525,3.1781292573142306,0.6157003399516003,0.015535187636755652,1.215274712689484,3.8616422731556925
88,2003.10.22.22.54.13,False,0.11790515428096449,-0.09341303710937501,0.09462431105288868,0.414,-0.701,0.13297259044274531,1.1149999999999998,3.1133783784972713,0.7039422655326648,0.022061752808899594,1.2142274836223204,3.78036177131507
89,2003.10.22.23.04.13,False,0.144754149283094,-0.0921716064453125,0.09288062290795335,0.3615,-0.5715,0.13086227163459407,0.933,2.763072325842013,0.48140583011212756,0.01605234695159586,1.2141115679316141,3.354489469060904
90,2003.10.22.23.14.13,False,0.18998661693275964,-0.09303435058593751,0.09453709679240323,0.3745,-0.629,0.1326421067120972,1.0035,2.8252384755109365,0.5067218827312188,0.0151964197535475,1.2148692103231593,3.4316835468406883
91,2003.10.22.23.24.13,False,0.044557392423590914,-0.092440087890625,0.0939055382014625,0.5055000000000001,-0.575,0.13178358888531727,1.0805,3.8273882631702634,0.5810420719642346,-0.004974980146087332,1.21576908010488,4.65789468484704
92,2003.10.22.23.34.13,False,0.1956703687804891,-0.092700537109375,0.09505165694105039,0.40800000000000003,-0.6054999999999999,0.13278084159250841,1.0135,3.0742984824786617,0.5147123478175668,0.01477653206200107,1.2169197264089524,3.7407508753350722
93,2003.10.22.23.44.13,False,0.18042464634687755,-0.0923341796875,0.09613707259377277,0.4345,-0.5954999999999999,0.13330555917878972,1.0299999999999998,3.2665485495021653,0.5303011265171962,0.0062315631445550934,1.216593973254829,3.9734847674185407
94,2003.10.22.23.54.13,False,0.18820159466710734,-0.09289113769531251,0.0962338981728691,0.393,-0.62,0.13375764896835618,1.013,2.935719748334498,0.5658840742805331,0.013365580585691244,1.2165356601189823,3.5722988365855364
95,2003.10.23.00.04.13,False,0.16913804286464157,-0.09314965820312501,0.09623215453885803,0.3785,-0.5715,0.13393711228837235,0.9500000000000001,2.8224503937103274,0.46365809835224314,0.009311101726590118,1.215963652064187,3.432874598807294
96,2003.10.23.00.14.13,False,0.1791328696931032,-0.09240812988281251,0.09604787828613878,0.4185,-0.599,0.13329053882546837,1.0175,3.1419242315707265,0.5053674092654259,0.025117370155415403,1.2176124109602586,3.8251419132357904
97,2003.10.23.00.24.13,False,0.17390294343756896,-0.0933892578125,0.0948829161307157,0.4285,-0.531,0.13313933341862588,0.9595,3.218506394079886,0.47543878913588644,0.014700197097550969,1.214346383878329,3.9083472791186202
98,2003.10.23.00.34.13,False,0.11302615828986462,-0.09286923828125002,0.09597528209964122,0.43200000000000005,-0.6345,0.1335557854687979,1.0665,3.237594907678644,0.611806008467658,-0.03066472043599873,1.2204253922254606,3.9508592211971507
99,2003.10.23.00.44.13,False,0.16954100903369163,-0.09282705078125,0.09656628014530036,0.4295,-0.6335,0.13395049243858648,1.063,3.201856683442364,0.5060092958846081,0.006065926175134486,1.2176628391473967,3.900173762818693
100,2003.10.23.00.54.13,False,0.18021960853964886,-0.092379150390625,0.09561046254447855,0.431,-0.5515,0.13295677865032696,0.9824999999999999,3.2373561152505643,0.5057264239396551,0.015341069957669207,1.2171221895065862,3.9415824761015443
101,2003.10.23.01.04.13,False,0.07229704329688269,-0.092729443359375,0.09569797491845625,0.492,-0.663,0.13326277705381198,1.155,3.687397846596907,0.585595220275664,-0.008092582625153765,1.217437069062336,4.490630537804606
102,2003.10.23.01.14.13,False,0.15105454093287263,-0.0928688720703125,0.0941765130145141,0.38349999999999995,-0.536,0.13226960901575224,0.9195,2.8977297350993556,0.4243618396932294,0.04149320391213915,1.2137359001899206,3.5176548270956607
103,2003.10.23.01.24.13,False,0.12411698898195733,-0.09283532714843751,0.09675331675036164,0.4125,-0.5895,0.13409601159045845,1.002,3.066786053922011,0.6110229850820936,-0.018656267410952103,1.2200072649309903,3.7443275677581145
104,2003.10.23.01.34.13,False,0.1863058512710863,-0.092708837890625,0.09433700630558932,0.405,-0.6054999999999999,0.132274503081221,1.0105,3.0587950411655216,0.6016472789776324,0.011869924884965613,1.215089059063971,3.718054655469345
105,2003.10.23.01.44.13,False,0.15404341697533475,-0.0932293701171875,0.09592123274853478,0.36750000000000005,-0.5954999999999999,0.13377125944679957,0.963,2.7503891275257564,0.5780833951262809,0.02100957779142621,1.2146626286076012,3.339949116277464
106,2003.10.23.01.54.13,False,0.18686025941020962,-0.09241394042968751,0.09495514594361668,0.41600000000000004,-0.6495,0.13251182203838083,1.0655000000000001,3.1409794054154823,0.5376441843796917,-0.003601971555396471,1.2160681688465176,3.8186342687235384
107,2003.10.23.02.04.13,False,0.18022003787707436,-0.0924971923828125,0.09564141200686706,0.42700000000000005,-0.6295,0.13306502339628828,1.0565,3.2110777240854986,0.517714186747172,0.024522855134108287,1.217015149611747,3.9074509716727963
108,2003.10.23.02.14.13,False,0.1345515933276608,-0.0920349609375,0.09739450281647269,0.3825,-0.5765,0.13400723062209996,0.9590000000000001,2.8551105103896135,0.5092932066393687,0.01387403473805578,1.2178095972446539,3.4769162414300006
109,2003.10.23.02.24.13,False,0.18561065399845067,-0.0929835205078125,0.09546849471224461,0.4305,-0.5640000000000001,0.13327548152208613,0.9944999999999999,3.2338739010206505,0.5027585096088054,0.028728162966454862,1.215272480622394,3.9291845611140888
110,2003.10.23.02.34.13,False,0.09422368702202233,-0.0927882568359375,0.09743325459597466,0.4135,-0.631,0.1345537033264698,1.0445,3.0730869027658754,0.5974025783610903,-0.027603386071860567,1.2201392795421395,3.749605674603277
111,2003.10.23.02.44.13,False,0.17898727973392486,-0.09251687011718751,0.09576925962442503,0.42,-0.5700000000000001,0.13316736035034266,0.99,3.1534633059726986,0.5204388069244659,0.031215031230667854,1.2153982431432238,3.8329510005853944
112,2003.10.23.02.54.13,False,0.17773457068593773,-0.09234716796875,0.0939748455714791,0.3785,-0.5765,0.13175950154113397,0.9550000000000001,2.8676059906734555,0.43071591621433125,0.021593017177430285,1.2139128135176014,3.481621673560003
113,2003.10.23.03.04.13,False,0.11014224961423402,-0.092585693359375,0.0959570633390161,0.46099999999999997,-0.6445000000000001,0.13334612460310785,1.1055000000000001,3.455970934182406,0.4528367894101082,0.014968010720812738,1.2185189094178992,4.211612043621402
114,2003.10.23.03.14.13,False,0.14904432090296288,-0.0938046142578125,0.09478074970115356,0.3945,-0.631,0.13336066022813142,1.0255,2.958295243660168,0.4026291051951092,0.03284967393678451,1.211820686853096,3.5849071451466816
115,2003.10.23.03.24.13,False,0.12849638701123195,-0.09262985839843751,0.09527843593449692,0.3855,-0.6885,0.13289241958155756,1.074,2.901064413965237,0.6618870043651723,-0.015119913795473295,1.2175408850508722,3.5320837373458502
116,2003.10.23.03.34.13,False,0.17495786901992555,-0.09284965820312499,0.09480270792105905,0.4115,-0.5285,0.1327104757936741,0.9400000000000001,3.092750935729317,0.41967794914278667,0.00961395221838033,1.2163684725667834,3.764049958085429
117,2003.10.23.03.44.13,False,0.10048650051590247,-0.0931160888671875,0.09543369719754984,0.3905,-0.746,0.13333918307849763,1.1365,2.9297325148864646,0.6413556348307305,-0.01629143101781391,1.2161736997678085,3.5629040129667655
118,2003.10.23.03.54.13,False,0.1145613843737664,-0.0924663330078125,0.09568589404401148,0.4265,-0.5675,0.13307540160223905,0.994,3.2022743025012317,0.5758815923442377,-0.039301846698272754,1.2191140342421636,3.904675705960001
119,2003.10.23.04.04.13,False,0.19001113110648127,-0.09335122070312499,0.09432254344951606,0.3855,-0.5640000000000001,0.13271408354524633,0.9495,2.906688586644613,0.476950683084274,-0.0032164108884194277,1.2153602441175697,3.5321446960280163
120,2003.10.23.04.14.13,False,0.19074174166622537,-0.09302001953125,0.09502569676713316,0.39549999999999996,-0.6435,0.1329787484264474,1.039,2.9721447702764023,0.5456222758234779,-0.006942588661301664,1.2160497907622538,3.6146352313045567
121,2003.10.23.04.24.13,False,0.18120774381748977,-0.09192521972656251,0.09449749400905928,0.40549999999999997,-0.6094999999999999,0.13184515752971904,1.0150000000000001,3.0741461790047664,0.46249072477164965,0.0003198462609758472,1.217152128399312,3.7423389072549598
122,2003.10.23.04.34.13,False,0.19439389901024495,-0.0929235107421875,0.09401526109789164,0.41400000000000003,-0.6214999999999999,0.13218858965341013,1.0355,3.1305230705518823,0.48475538627101966,0.0026344255052788692,1.21404811474466,3.800996481645318
123,2003.10.23.04.44.13,False,0.08019193067149821,-0.09255673828125,0.09534934500307149,0.472,-0.687,0.13288649138066633,1.1589999999999998,3.552598316587396,0.6464488929793668,-0.009573015362539792,1.2180139860410302,4.327061767479806
124,2003.10.23.04.54.13,False,0.19502619206426364,-0.09266025390624999,0.09533441865291283,0.398,-0.5700000000000001,0.13295002887895493,0.968,2.9928107942433577,0.4507708765329268,0.0176465823425433,1.216988856757867,3.642406434384264
125,2003.10.23.05.04.13,False,0.17870914477277383,-0.09277390136718751,0.09520647266449417,0.437,-0.6054999999999999,0.13294149093856417,1.0425,3.288719080596665,0.578240338250104,0.020548369728261136,1.2154435675281785,3.9967176667018407
126,2003.10.23.05.14.13,False,0.1635247954181177,-0.09250988769531251,0.09562573347946654,0.36750000000000005,-0.5760000000000001,0.13305373907838297,0.9435,2.7630980469498176,0.5733656192600365,0.02078295382399771,1.2166793769257036,3.3618726742060057
127,2003.10.23.05.24.13,False,0.19095301902201245,-0.0928652587890625,0.09508442353378013,0.424,-0.6174999999999999,0.1329140210153319,1.0415,3.18949835686822,0.5639401813492753,0.0030418633676402157,1.2172850984375505,3.8826898484310606
128,2003.10.23.05.34.13,False,0.08023573289319197,-0.09282819824218749,0.09519509157833997,0.46399999999999997,-0.579,0.1329764881061537,1.0430000000000001,3.4842154317996132,0.47784397614936025,0.0672898458042245,1.2114953062023666,4.222216933126308
129,2003.10.23.05.44.13,False,0.16398755040124074,-0.093125634765625,0.09566097478980001,0.4235,-0.5295000000000001,0.1335104649218375,0.9530000000000001,3.1675122546521357,0.4919377184563678,0.019332065016433128,1.2161009987175786,3.8533335209124537
130,2003.10.23.05.54.13,False,0.16444056221358677,-0.09274714355468751,0.09489740130300967,0.3835,-0.537,0.1327033242017436,0.9205000000000001,2.890896237402648,0.3927346008567272,0.029934726730192804,1.2163074989110045,3.5159969055002573
131,2003.10.23.06.04.13,False,0.1886244203125496,-0.09283369140625,0.09540332576322189,0.433,-0.642,0.1331285895739508,1.075,3.247443269208185,0.5910114374671407,-0.0007370204707935089,1.216352247898745,3.951365435043153
132,2003.10.23.06.14.13,False,0.10588863390997372,-0.092751123046875,0.09575378346633628,0.4495,-0.6495,0.1333192725833704,1.099,3.3761091558184035,0.5713599740088979,-0.03218603580981437,1.2185318052811933,4.111366870030048
133,2003.10.23.06.24.13,False,0.06484197822954674,-0.09300478515625,0.09670209126673715,0.36,-0.6545,0.13417371333324363,1.0145,2.6796300759278386,0.5377910298231636,-0.0400367907897438,1.2187106752758545,3.2661488128439147
134,2003.10.23.06.34.13,False,0.186381540843296,-0.0926078125,0.09569177962211214,0.3895,-0.6345000000000001,0.1331722796244022,1.024,2.927131817431901,0.42611015491201276,0.005342887262217256,1.2164982052891982,3.5601471152980384
135,2003.10.23.06.44.13,False,0.16848153237879432,-0.09270908203125,0.09609326753748883,0.386,-0.6605,0.1335332188752146,1.0465,2.8944763633109236,0.5475399348336376,0.02264881013605242,1.2160301958897053,3.5186405853057905
136,2003.10.23.06.54.13,False,0.18662501486131688,-0.09217158203125,0.09514121250005379,0.4065,-0.5700000000000001,0.13247371573984212,0.9765,3.0665328847563424,0.6164501095431265,0.00895766894696512,1.2158498905078092,3.728982999427834
137,2003.10.23.07.04.13,True,-0.024392382303203064,-0.0924682373046875,0.09304587458325247,0.542,-0.5445,0.1311808059946926,1.0865,4.134890937599226,0.5064040312217621,0.02942371185871802,1.2145205240930508,5.021159001239368
138,2003.10.23.07.14.13,False,0.08764710623312233,-0.09275424804687499,0.09550673376639884,0.35150000000000003,-0.526,0.1331478742964523,0.8775,2.6354191071705397,0.4052208679412921,0.05072507330350787,1.2137789782577628,3.200542766678378
139,2003.10.23.07.24.13,False,0.1780124895366338,-0.09312331542968749,0.096182009797532,0.40900000000000003,-0.6074999999999999,0.1338779052630789,1.0165,3.051564270535466,0.5189487119133807,-0.0022278304577311348,1.217999783643506,3.717263003128132
140,2003.10.23.07.34.13,False,0.18419049198330595,-0.092911181640625,0.0942754388249589,0.43,-0.5700000000000001,0.132369595759152,1.0,3.245431362744104,0.5821636309402531,0.026096915150176626,1.2148759672307963,3.944026803064692
141,2003.10.23.07.44.13,False,0.13065720738914444,-0.0930114990234375,0.09623712859690645,0.40449999999999997,-0.7224999999999999,0.1338453671532334,1.1269999999999998,3.0184363331638724,0.6075073171069847,0.020461263448839424,1.2163126164915403,3.672503636956149
142,2003.10.23.07.54.13,False,0.1596339358330089,-0.09228681640625,0.0948830533421446,0.35150000000000003,-0.58,0.13237572020918287,0.9315,2.6536679856232315,0.42433785818524283,0.023649210242732262,1.214497657378932,3.223278708869878
143,2003.10.23.08.04.13,False,0.18286040172933882,-0.092920166015625,0.09522824621200535,0.4175,-0.6005,0.13305477076756583,1.018,3.135866364329688,0.4772429225550432,-0.01089955703847837,1.217904693450862,3.819955552324915
144,2003.10.23.08.14.13,False,0.05738806597934132,-0.09251755371093749,0.0971315897623304,0.4495,-0.6859999999999999,0.13414922884570255,1.1355,3.355573606789638,0.6281836234194704,-0.009381215595146982,1.2208126665889973,4.095296068331043
145,2003.10.23.08.24.13,False,0.14871335211009384,-0.0927013427734375,0.09509613729607165,0.443,-0.5505,0.13281287492660043,0.9934999999999999,3.3316484984392014,0.4670054317550847,0.03739067043479288,1.2129822117926095,4.042231124960695
146,2003.10.23.08.34.13,False,0.11415465553883408,-0.0925450927734375,0.09540105985506978,0.409,-0.731,0.1329170907761425,1.1400000000000001,3.0807852556750372,0.5678527528714887,-0.016753728650331572,1.2177068207148047,3.7500404055267427
147,2003.10.23.08.44.13,False,0.15992574384034658,-0.09259853515625,0.09524870932283333,0.4285,-0.554,0.13285909937488266,0.9824999999999999,3.2311923842414343,0.5093402010694557,-0.02242633546896072,1.2182288832922907,3.934828646591904
148,2003.10.23.08.54.13,False,0.17400165146983937,-0.09333176269531249,0.09608462378506413,0.41500000000000004,-0.5715,0.13395898228419606,0.9865,3.0899130795840875,0.5198461626513331,0.02507451209061757,1.2155708967688317,3.75727023287128
149,2003.10.23.09.04.13,False,0.18619074011405268,-0.09307512207031249,0.09522137247634044,0.4065,-0.5429999999999999,0.1331636724892077,0.9495,3.053680981043229,0.453769512678702,0.024818475352114348,1.2134633011216085,3.7050097336041237
150,2003.10.23.09.14.13,False,0.1363305622780303,-0.09279970703125,0.09445803518654924,0.371,-0.504,0.13241727130495176,0.875,2.8049019012678986,0.34507191301195594,0.017788699046927117,1.2137735579872555,3.403762319008004
151,2003.10.23.09.24.13,False,0.1548942738577978,-0.093134912109375,0.0969167043423191,0.433,-0.6425,0.13442634739072937,1.0755,3.220042267776491,0.5580604596181589,0.017111600706563597,1.2157058387598445,3.91498609394153
152,2003.10.23.09.34.13,False,0.16920949128044865,-0.0928688720703125,0.09643344064880859,0.41600000000000004,-0.5985,0.13389281157089175,1.0145,3.0984549243187183,0.3810220542484539,0.008207391782352441,1.216900774986576,3.771351368372104
153,2003.10.23.09.44.13,False,0.1647801221798892,-0.09288884277343751,0.0961489402974104,0.3785,-0.5920000000000001,0.1336965516682435,0.9704999999999999,2.831372402583126,0.39235855350975646,0.007998878651829343,1.2172388818199977,3.4463934707143227
154,2003.10.23.09.54.13,False,0.18357060262096964,-0.093125146484375,0.09645657738706216,0.404,-0.5795,0.13408846377918027,0.9835,3.01359645858808,0.5008961080954084,0.00871458217564183,1.2159066987350342,3.6641706637375524
155,2003.10.23.10.04.13,False,0.105920886693743,-0.09335058593749998,0.09470403273428776,0.33199999999999996,-0.5934999999999999,0.13298044525549985,0.9255,2.495563572944844,0.5179023314434943,-0.02241502762409741,1.2168886562945262,3.0369720283851667
156,2003.10.23.10.14.13,False,0.05934273319775529,-0.0930225341796875,0.09530826614859136,0.5045000000000001,-0.6315,0.1331945611645877,1.1360000000000001,3.782783083353623,0.6151692693702693,0.02027253940204843,1.2153783546842845,4.598660985458595
157,2003.10.29.14.39.46,False,0.21152027474186624,-0.1131349853515625,0.1140354521075134,0.414,-0.6825,0.16063762485376554,1.0964999999999998,2.5751268281239867,0.384680771143189,0.007118826731077122,1.2123460698262827,3.1220814706674584
158,2003.10.29.14.49.46,False,0.10335875085994595,-0.11371152343749999,0.11141974596970011,0.553,-0.6725,0.15920241500311433,1.2255,3.4739052326309867,0.42713169168000964,0.00846610896873907,1.2103839519419397,4.204652085156265
159,2003.10.29.14.59.46,False,0.1346490301843853,-0.114507373046875,0.11295901433806475,0.52,-0.778,0.1608488777286117,1.298,3.232857868833343,0.6073564314704423,-0.027275387600950666,1.2148257398270261,3.9273541740858118
160,2003.10.29.15.09.46,False,0.0798564061786795,-0.11278515624999999,0.11115993730487841,0.49949999999999994,-0.7655000000000001,0.15836440086927045,1.2650000000000001,3.151875046753493,0.36049796260043565,0.004664116548636703,1.2104541830420847,3.816223652836469
161,2003.10.29.15.19.46,False,0.07866564510429863,-0.113024853515625,0.11178945679588628,0.35650000000000004,-0.7005,0.15898216963889955,1.057,2.2411721377579763,0.28878486185155117,-0.018821323196419493,1.2123135277774608,2.7171101595501357
162,2003.10.29.15.29.46,False,0.10580898829548468,-0.1149447998046875,0.1121081554553222,0.4685,-0.7875,0.160564483116508,1.256,2.9134638708911105,0.6565150263160435,0.00578052832717146,1.2097503747456004,3.524828918139895
163,2003.10.29.15.39.46,False,0.19336782158894622,-0.11373752441406249,0.11308315718793555,0.464,-0.6825,0.1603927341197694,1.1465,2.896274790317373,0.35856169507742486,0.028125878523077325,1.2103716364730808,3.504398127546808
164,2003.10.29.15.49.46,False,0.15450044938397378,-0.11302092285156251,0.1138891674430759,0.45899999999999996,-0.8655,0.1604567043199922,1.3245,2.86181233713792,0.5597720302514737,-0.010345451178210553,1.2140209826504074,3.4739620232618433
165,2003.10.29.15.59.46,False,0.16965871006474575,-0.11457160644531252,0.11317015621467036,0.5115,-0.719,0.16104917120911139,1.2305,3.171907317237776,0.3916314058253383,-0.01698143882879961,1.2121883718265423,3.846687918372135
166,2003.10.29.16.09.46,False,0.1966479841198137,-0.11284487304687502,0.11359334918348415,0.45899999999999996,-0.7565,0.16013088688494087,1.2155,2.8676428251228745,0.4115096321015297,-0.002064515411614819,1.2154763694127007,3.485075664021177
167,2003.10.29.16.19.46,False,0.14575557317482368,-0.11318818359374999,0.11223052457615501,0.438,-0.6225,0.15940161136297573,1.0605,2.7476617015979823,0.36638005480287084,0.0409655384488829,1.2094926780808004,3.3232958611993513
168,2003.10.29.16.29.46,False,0.21584966224218932,-0.114894482421875,0.11300202183326538,0.47750000000000004,-0.6985,0.1611556629800203,1.176,2.9611979137505013,0.4208493057533216,0.002313535159182853,1.2112854032159537,3.5872345477320566
169,2003.10.29.16.39.46,False,0.20973753156545671,-0.112364404296875,0.11302171014220988,0.4565,-0.6825000000000001,0.15937795367784047,1.139,2.864454209547544,0.430205274831569,0.005497444477901864,1.212923107873801,3.4742699221656768
170,2003.10.29.16.49.46,False,0.09928922264886231,-0.11285576171875,0.11146849145215765,0.46,-0.851,0.15862962640219133,1.311,2.899969438805999,0.4276873263294996,0.0012798617596498202,1.210404770446967,3.510092251965851
171,2003.10.29.16.59.46,False,0.16239424777664696,-0.11448488769531251,0.11303755074011916,0.3845,-0.7044999999999999,0.16089023928410506,1.089,2.3898960662097624,0.33296231116880537,-0.014701839654802082,1.2121296886779325,2.896840817358725
172,2003.10.29.17.09.46,False,0.1939700937616285,-0.1132417236328125,0.11282782880624453,0.4565,-0.6595,0.15985634058169407,1.116,2.85881499345468,0.331654706274946,-0.007232555213203202,1.2120154528834786,3.465072517379193
173,2003.10.29.17.19.46,False,0.17655946844900683,-0.1125544921875,0.11250358906596533,0.492,-0.696,0.1591527816317241,1.188,3.0955566611483727,0.4196657610635879,-0.011057858400854631,1.2139025363763465,3.756861660790101
174,2003.10.29.17.29.46,False,0.1913706936214537,-0.1143405029296875,0.11261811838511027,0.48950000000000005,-0.7215,0.16049439566517404,1.2109999999999999,3.0489879763447174,0.5539800243027575,0.006804053281568385,1.2111953003268432,3.6932990011056317
175,2003.10.29.17.39.46,False,0.1778560618057759,-0.1133505859375,0.11117444911091115,0.41600000000000004,-0.6565000000000001,0.15877233084112066,1.0725,2.6203747218519338,0.3656111053692044,-0.010957559433516064,1.210990964219112,3.1732151649739655
176,2003.10.29.17.49.46,False,0.2132790382253153,-0.11387373046874999,0.11442408470538028,0.41900000000000004,-0.6715,0.16143920948911483,1.0905,2.5972168993906877,0.46892773813126354,-0.018719400732575026,1.2146977530024061,3.1543259123431318
177,2003.10.29.17.59.46,False,0.10738298329796281,-0.11425842285156249,0.11219021893130793,0.5065,-0.6285000000000001,0.16013641933177092,1.135,3.162798175786188,0.4142289366756504,0.04273243870543638,1.2094151879332182,3.8251782652360786
178,2003.10.29.18.09.46,False,0.221105692834014,-0.11328083496093751,0.11288718801685557,0.447,-0.7335,0.15993007318634356,1.1804999999999999,2.795514976308063,0.4338076213632709,-0.008034759695299822,1.2142743048851463,3.3943050553742937
179,2003.10.29.18.19.46,False,0.18375334391547032,-0.11364658203125,0.11344035670016328,0.5335,-0.7115,0.16057705235798062,1.2449999999999999,3.3187328756636583,0.5064409606617277,-0.008933820950567585,1.2143902932324644,4.030525009055428
180,2003.10.29.18.29.46,False,0.19616171096873297,-0.113867236328125,0.1120409027475784,0.432,-0.751,0.15974793349273775,1.1829999999999998,2.702804519129207,0.5378832665467308,-0.02553912530370412,1.2146073511960611,3.283681251405606
181,2003.10.29.18.39.46,False,0.2053359801229115,-0.11337927246093751,0.11538417553167607,0.4575,-0.6970000000000001,0.16177338489472975,1.1545,2.8277863957956293,0.4845321168481169,-0.011882857125953966,1.2166245896096484,3.4403985131570636
182,2003.10.29.18.49.46,False,0.2147446746173849,-0.11350871582031251,0.11378357398638528,0.4675,-0.6445,0.16072544739714736,1.112,2.90893419082475,0.399146090783316,0.015584367081262193,1.2121302743864875,3.525922092150163
183,2003.10.29.18.59.46,False,0.219747575242084,-0.1144819091796875,0.113811033083716,0.4355,-0.7165,0.16142967619674234,1.1520000000000001,2.6998843294844432,0.43645997633377576,-0.026988058081534417,1.2143765230502763,3.278067742273866
184,2003.10.29.19.09.46,False,0.18447217251960502,-0.1132822509765625,0.11377240568386987,0.47,-0.7595000000000001,0.16055666563297755,1.2295,2.923768553263958,0.6251231256064202,-0.005712134297410264,1.2137788693353324,3.5494995639181868
185,2003.10.29.19.19.46,False,0.16319808200081048,-0.1122016845703125,0.11225582916078107,0.398,-0.7130000000000001,0.15871700108916112,1.111,2.5069806055880344,0.4361347844876977,-0.013804399665126055,1.2138493062060194,3.043260443854857
186,2003.10.29.19.29.46,False,0.2155626321132898,-0.11368723144531251,0.11306785054391005,0.4665,-0.7344999999999999,0.16034951598347807,1.201,2.911624074651172,0.44349542871447145,-0.009068793717910197,1.2118515349408359,3.52845878688613
187,2003.10.29.19.39.46,False,0.13560638571063888,-0.11321486816406251,0.11191705972434643,0.382,-0.8115,0.15919512919923073,1.1935,2.399451677786425,0.4603817866262845,-0.0063636123624029985,1.2115480620238883,2.9072570217750924
188,2003.10.29.19.49.46,False,0.20550766099829038,-0.11380959472656249,0.11362998999424916,0.4455,-0.6234999999999999,0.16082851133849174,1.069,2.770504635596464,0.37338215369443417,0.016347588762006184,1.2123379097267666,3.358563695552044
189,2003.10.29.19.59.46,False,0.1693409068646991,-0.11434809570312499,0.1131616935851939,0.5125,-0.6910000000000001,0.16088628935909408,1.2035,3.18423802954055,0.5296441303083788,0.011461499729932512,1.2112650390466653,3.8572474287203753
190,2003.10.29.20.09.46,False,0.12055259259315698,-0.11315927734375,0.11350018926482872,0.3845,-0.653,0.16027949606564082,1.0375,2.3982635722935024,0.28190854554567957,-0.020186617627054742,1.2159813990767196,2.916331154398435
191,2003.10.29.20.19.46,False,0.17585460945403136,-0.11320747070312501,0.11184834652096554,0.389,-0.7605,0.15914348724497823,1.1495,2.4427525288029224,0.41978482188806,-0.007566946579218514,1.2123506966809967,2.961864156134857
192,2003.10.29.20.29.46,False,0.17685213741845185,-0.114777880859375,0.11312497271303334,0.488,-0.7605,0.1611583814271813,1.2485,3.0277375764510435,0.5013484481942114,-0.007159659910723805,1.2117900341528482,3.6690352661488417
193,2003.10.29.20.39.46,False,0.18354879582087819,-0.1131384033203125,0.11369709210884067,0.509,-0.6885,0.16040226297159935,1.1975,3.173468412960419,0.46199456967129304,0.02870898274806541,1.2130440921979155,3.8495133191350925
194,2003.10.29.20.49.46,False,0.2294685059586743,-0.11331123046875,0.11366666011921726,0.4625,-0.7145,0.16050462198754806,1.177,2.8840109302669097,0.47947464857189037,-0.008607302101812497,1.2145713864266512,3.5020730233596504
195,2003.10.29.20.59.46,False,0.1905390673745213,-0.114202197265625,0.11214179023987783,0.40549999999999997,-0.6944999999999999,0.16006031421004802,1.1,2.533430946525386,0.47749567329887643,0.003366652730501735,1.2105647981214487,3.066882420226538
196,2003.10.29.21.09.46,False,0.2275304203579095,-0.1132311767578125,0.1131281890985982,0.4285,-0.6995,0.16006837934646628,1.1280000000000001,2.6757477855068474,0.4281328804821485,-0.01769432427541506,1.2145643703422953,3.250320922997373
197,2003.10.29.21.19.46,False,0.21720237276427012,-0.1132089111328125,0.11398789009188286,0.463,-0.681,0.16066141791294264,1.144,2.884460864452633,0.37310481307526255,0.003236798562294077,1.21192878644128,3.4951870116822756
198,2003.10.29.21.29.46,False,0.22855283789117553,-0.1138109130859375,0.11432572886062559,0.4285,-0.6815,0.16132787525614972,1.1099999999999999,2.6569195930539076,0.42315514249035546,0.004624756126463346,1.2138609576486705,3.2246103090092255
199,2003.10.29.21.39.46,False,0.20341115051893666,-0.113565966796875,0.11324782596518339,0.449,-0.7495,0.16039832791873646,1.1985000000000001,2.7947450373178793,0.3866666394786715,0.026622263257852066,1.2110835337919292,3.386062177671029
200,2003.10.29.21.49.46,False,0.20725011486969158,-0.11303981933593751,0.11409744253691195,0.40900000000000003,-0.692,0.16061752043756827,1.101,2.5449864897958747,0.39076799035674337,-0.016397610990069138,1.2146511971145342,3.092170464223564
201,2003.10.29.21.59.46,False,0.18004039510528486,-0.1144173583984375,0.11373703375980239,0.5225,-0.6775,0.1613378541044565,1.2,3.2325238944139256,0.5323008163787821,-0.01951916426238439,1.2142153211871114,3.92628281648505
202,2003.10.29.22.09.46,False,0.14810708779793796,-0.11286987304687499,0.11165531231845537,0.42,-0.753,0.15877472774661902,1.173,2.6458060481332035,0.4004132763822654,0.012915137387281207,1.209645719956598,3.2002436546352775
203,2003.10.29.22.19.46,False,0.19766692436399907,-0.11336398925781249,0.11258933267793489,0.399,-0.7655000000000001,0.15977565071726285,1.1644999999999999,2.4962524227278227,0.4614267892857411,-0.00850079114412922,1.2129633912637783,3.028769117119621
204,2003.10.29.22.29.46,False,0.18891844656743845,-0.1138056396484375,0.11270918933739751,0.492,-0.6435,0.16017594453071343,1.1355,3.0725722626948757,0.40257121571324994,0.001186048760317273,1.2113109935410016,3.7216597367726836
205,2003.10.29.22.39.46,False,0.19423734015548139,-0.11321520996093751,0.11441031032670362,0.4895,-0.659,0.1609618432685691,1.1485,3.0417736502428596,0.4351525109440446,0.012752351849460376,1.2155458735249804,3.697303680520836
206,2003.10.29.22.49.46,False,0.19063966785945524,-0.1129338134765625,0.11428632954709456,0.432,-0.6825,0.16067858844767166,1.1145,2.6885198064539946,0.31754188798974003,0.005320445086115056,1.2134009987681096,3.2622788470761925
207,2003.10.29.22.59.46,False,0.01073915392282443,-0.114323291015625,0.11349895493459396,0.6885,-0.725,0.1611052293215562,1.4135,4.2571354210173675,0.5206098042203542,0.012411147579723098,1.2124323145190492,5.164606780099495
208,2003.10.29.23.09.46,False,0.22478195767635678,-0.1129267822265625,0.11405664369861762,0.4265,-0.714,0.1605067306931664,1.1405,2.6556123375010294,0.4784628681451084,0.0016891189505814277,1.214378556398645,3.225132991903223
209,2003.10.29.23.19.46,False,0.1917392747925759,-0.11384721679687501,0.11324042209744309,0.503,-0.6895,0.1605836178485444,1.1925,3.13289377842465,0.43231030346475663,0.017303244995568182,1.2115031436738688,3.795277133295124
210,2003.10.29.23.29.46,False,0.22125127553901852,-0.1142234375,0.11399951680418102,0.486,-0.719,0.16139123148413814,1.205,3.0108573531751004,0.50667402596473,0.007126510527752707,1.2134058163566874,3.6535469708997823
211,2003.10.29.23.39.46,False,0.20737559549586487,-0.11348505859375,0.11335806695561915,0.439,-0.679,0.1604060260644644,1.1179999999999999,2.7356627076441793,0.5727643741416819,0.023596814437584115,1.2126326079711878,3.3176887764993754
212,2003.10.29.23.49.46,False,0.13882136385028043,-0.1127949462890625,0.11279535999517781,0.48350000000000004,-0.6045,0.15952180754818204,1.088,3.0301927717245327,0.3191832726534729,0.018757932027228252,1.2126338923529572,3.6749200283458343
213,2003.10.29.23.59.46,False,0.20489180065361018,-0.1134964111328125,0.11443662158826778,0.4515,-0.7264999999999999,0.16117874675180782,1.178,2.8006695522731944,0.3944843338774895,0.028483769128606277,1.212235802621755,3.3952313977500044
214,2003.10.30.00.09.46,False,0.1840971399381346,-0.1123843994140625,0.11406696572704413,0.43,-0.6275,0.16014143370945616,1.0575,2.688160351575098,0.3771745157941342,0.025389853100790914,1.2125810947536741,3.2588012043903927
215,2003.10.30.00.19.46,False,0.19384120045747388,-0.1137764404296875,0.11532017677953205,0.5065,-0.7444999999999999,0.16200068079790678,1.2510000000000001,3.1281527354447483,0.458409562712069,0.01297162095344698,1.2136520992792135,3.7963847204655905
216,2003.10.30.00.29.46,False,0.19012857654488996,-0.1143725830078125,0.11284402755527898,0.47000000000000003,-0.6479999999999999,0.16067502306907813,1.1179999999999999,2.930217593138758,0.40856268952211616,0.01664600346528483,1.209695242344481,3.5438124042283894
217,2003.10.30.00.39.46,False,0.1930360933611241,-0.11340888671874999,0.11197889215786277,0.4435,-0.6479999999999999,0.15937984198096036,1.0915,2.7758487461586254,0.35615811046550827,0.0012533145388865519,1.2112012001675916,3.3641625366677657
218,2003.10.30.00.49.46,False,0.13328831585916784,-0.11330485839843751,0.11083255215504552,0.382,-0.675,0.15851478294081345,1.057,2.4097237128088618,0.35024151550569527,-0.021659834049763904,1.2115445689631286,2.919552846629422
219,2003.10.30.00.59.46,False,0.21807363670324514,-0.11389616699218749,0.11348595267590084,0.436,-0.648,0.16079843012809347,1.084,2.7139110026921176,0.4274812635328571,0.0006167294791942449,1.2109606330787686,3.2855568064310896
220,2003.10.30.01.09.46,False,0.22701490979946293,-0.11326894531250001,0.11332365741258016,0.4625,-0.692,0.16022973487738212,1.1545,2.8852018616147688,0.42443224222177567,0.01620261715392759,1.2118998925333124,3.4969997405352533
221,2003.10.30.01.19.46,False,0.21952579939989098,-0.113294873046875,0.11266143175357907,0.47,-0.6555,0.15977970972771646,1.1255,2.937085335031851,0.4188187503740246,0.006104916446317511,1.2119682183476312,3.560417116366901
222,2003.10.30.01.29.46,False,0.1384664582628216,-0.1137849609375,0.112684797105118,0.3795,-0.791,0.16014778072015773,1.1705,2.3695006013156004,0.3755699387904139,-0.012493078213677707,1.2108529301169402,2.8691542995118153
223,2003.10.30.01.39.46,False,0.20282606968545197,-0.11321022949218751,0.11302867888627412,0.4175,-0.7105,0.15997732998203257,1.1280000000000001,2.608828414804999,0.45158995301466787,-0.02574071863304528,1.215706218164259,3.171623564942399
224,2003.10.30.01.49.46,False,0.2189390094543437,-0.113193359375,0.1138845373286981,0.486,-0.6885,0.16058321014420956,1.1745,3.0230038876876524,0.4362235470331244,0.008638651499391602,1.2133813955697257,3.6687899297245816
225,2003.10.30.01.59.46,False,0.16869289200772508,-0.11442009277343751,0.11231253175153633,0.40549999999999997,-0.7275,0.16033290959734364,1.133,2.5268123205710142,0.4650078249958749,-0.04033179366839573,1.214556878219795,3.0693067971710732
226,2003.10.30.02.09.46,False,0.2033832299092651,-0.11317363281249998,0.11464548671007493,0.4345,-0.627,0.16110360710351765,1.0615,2.695612450650887,0.38874018395775245,-0.005897281266677924,1.2142947686316585,3.2733617952598673
227,2003.10.30.02.19.46,False,0.20545865948380526,-0.11332319335937499,0.11366459468099865,0.404,-0.687,0.1605109460974039,1.0910000000000002,2.5171752964952026,0.35932136520532176,-0.008131040224736034,1.2125240703802604,3.052108844591297
228,2003.10.30.02.29.46,False,0.22811339802280617,-0.11367031250000001,0.11374983407111683,0.4295,-0.6625000000000001,0.16081099997120538,1.092,2.6704431460257423,0.406505620918717,-0.008569200034691521,1.213731903783534,3.241170907848731
229,2003.10.30.02.39.46,False,0.19551164973855778,-0.11314338378906251,0.11318583886249534,0.40249999999999997,-0.6845,0.160043579407162,1.087,2.513972320116687,0.36126743866824373,0.014790117303869803,1.2120472351088103,3.0475726344707375
230,2003.10.30.02.49.46,False,0.19803077770113214,-0.11244638671875001,0.11341587151247834,0.4165,-0.7315,0.15971845558061404,1.1480000000000001,2.607229120096468,0.3971426590968632,-0.000695899099176632,1.2136900970973175,3.1646418314655476
231,2003.10.30.02.59.46,False,0.1981519815551041,-0.11495273437499999,0.11451304249892424,0.45399999999999996,-0.642,0.1622595315883032,1.096,2.797104729959119,0.39637758057131434,0.020333377672236023,1.2118588060650644,3.390274542555272
232,2003.10.30.03.09.46,False,0.18945628291948707,-0.11307741699218751,0.11268911325859647,0.4245,-0.6054999999999999,0.15964635805154043,1.03,2.656512737891151,0.39910115756217746,0.008085828590743973,1.2117254290472417,3.2200653172499623
233,2003.10.30.03.19.46,False,0.18039402766960355,-0.11295820312499999,0.11386691892719933,0.5045,-0.6825000000000001,0.1603964972882673,1.187,3.1409942786260396,0.4760039181311164,0.025675134892668854,1.2124235287595764,3.810668562706058
234,2003.10.30.03.29.46,False,0.21865084176902516,-0.11450563964843749,0.1133798759101978,0.426,-0.6785,0.16115573591202037,1.1045,2.6431113441208565,0.4874976045546615,0.012414884690394838,1.2114426203746038,3.2020941876560816
235,2003.10.30.03.39.46,False,0.20905327774331456,-0.113412060546875,0.11349678976748823,0.491,-0.653,0.16045804351045462,1.144,3.059921056551767,0.4378171076628288,0.01188045572274734,1.2125112740277415,3.710218583596724
236,2003.10.31.00.09.46,False,0.19736765952924862,-0.11227614746093749,0.11431207156709769,0.4335,-0.6479999999999999,0.1602388536018816,1.0815000000000001,2.703170980227285,0.37489340318595055,0.0167262315105781,1.2143305251250347,3.283106573743358
237,2003.10.31.00.19.46,False,0.14685293878672756,-0.11300466308593751,0.11553179096371621,0.5495,-0.741,0.16161489379598087,1.2905,3.4010500529852674,0.5598131360666325,0.01609430569501276,1.2146980107904506,4.130966456075699
238,2003.10.31.00.29.46,False,0.18544769770623454,-0.11535537109374999,0.1138323083883213,0.4465,-0.769,0.16207442175525794,1.2155,2.757587310584414,0.4822854263202683,-0.02966387478724135,1.2141251239047872,3.3474497862610484
239,2003.10.31.00.39.46,False,0.2170531071824361,-0.11339416503906252,0.11439992150427625,0.4575,-0.6519999999999999,0.16108534491277307,1.1095,2.8382234256431844,0.3891905831040252,0.00036847090346985045,1.2145828832071106,3.4483476097168047
240,2003.10.31.00.49.46,False,0.07972425044389297,-0.11238767089843749,0.11519123507647402,0.5640000000000001,-0.643,0.1609423010594298,1.2069999999999999,3.504463683506998,0.3772639975999199,0.037100405313991086,1.2135818267836413,4.252901249240746
241,2003.10.31.00.59.46,False,0.11903506292045607,-0.1138157470703125,0.11614732374460214,0.5895,-0.6795,0.16262368585902143,1.2690000000000001,3.633211086707653,0.45859144972319066,0.02481907527678892,1.214290291250065,4.410032926884931
242,2003.10.31.01.09.46,False,0.18610564133946672,-0.11345419921875,0.11494448287443146,0.4945,-0.7689999999999999,0.16150800356648712,1.2635,3.061588383589886,0.5022548158185425,0.0037567669700990713,1.2149629034995915,3.7197308158894913
243,2003.10.31.01.19.46,False,0.1988176882305569,-0.1131585205078125,0.11529374500187371,0.44899999999999995,-0.669,0.16155400417811422,1.1179999999999999,2.779892131092865,0.3876718980451943,-0.0013021698862784523,1.2153322520696637,3.3780269601239725
244,2003.10.31.01.29.46,False,0.16312029491948737,-0.115122705078125,0.11389492373688051,0.38849999999999996,-0.6955,0.16194553780530668,1.084,2.3971567034679087,0.4068712706201192,-0.029868988721390835,1.214083502365734,2.910792812186675
245,2003.10.31.01.39.46,False,0.20219793452586293,-0.113458349609375,0.11375507371614664,0.419,-0.636,0.16066837015338398,1.0550000000000002,2.6077237608129646,0.40937184632132495,-0.02434109434086079,1.2148805820719444,3.1681003750407783
246,2003.10.31.01.49.46,False,0.15433192796538026,-0.11352722167968751,0.11441741985519116,0.5515,-0.6495,0.16118723992711925,1.201,3.421249928034155,0.4608793370311941,-0.004760955036762686,1.2149764264716056,4.157116086986221
247,2003.10.31.01.59.46,False,0.039709529513655695,-0.114259130859375,0.11604270834814912,0.664,-0.6835,0.1628626408394882,1.3475000000000001,4.0840525572991115,0.5424750975147408,0.009368757809073168,1.2146409027817762,4.960170348994023
248,2003.10.31.02.09.46,False,0.2271435766417474,-0.11324924316406251,0.11423072131660414,0.44999999999999996,-0.7035,0.16086020414058902,1.1535,2.7956861496459986,0.3985242798752542,-0.007890960669255757,1.2141787301310325,3.3948587454449246
249,2003.10.31.02.19.46,False,0.2121829538479118,-0.11310026855468751,0.11262202407415138,0.47750000000000004,-0.6825,0.15961402522399742,1.16,2.9900271473262148,0.47573477250102947,9.889270868400184e-05,1.2121186466382663,3.6241937918388505
250,2003.10.31.02.29.46,True,-0.0028345970305766466,-0.11482939453124999,0.11168422542716369,0.3345,-0.624,0.1601892254423087,0.9585,2.0881743894074365,0.2515400848289262,0.0015040065366897651,1.209207382032712,2.525029651044154
251,2003.10.31.02.39.46,False,0.18981367055817866,-0.11361818847656249,0.11380044173613077,0.49550000000000005,-0.6935,0.16081182658115326,1.189,3.0827044352062742,0.5509354529893451,-0.017901159140348902,1.2152609055261607,3.7463376820215775
252,2003.10.31.02.49.46,False,0.18099139901046957,-0.113212890625,0.11490729511516021,0.4565,-0.597,0.16131506314430621,1.0535,2.8295962370104686,0.410836813858529,0.0261005749196481,1.2134568961800252,3.4336726356162925
253,2003.10.31.02.59.46,False,0.19434679771701935,-0.1137105224609375,0.11539192940879134,0.47,-0.6495,0.16201317486639072,1.1195,2.900751918581289,0.419174123310045,-0.0018040971973110383,1.2158134207581195,3.5268505861211663
254,2003.10.31.03.09.46,False,0.17444569915138108,-0.11353937988281251,0.11459452656283896,0.5235,-0.67,0.16131874271789212,1.1935,3.24208561672486,0.3617115271740461,0.011623702949721329,1.2135189925378036,3.9353461476545037
255,2003.10.31.03.19.46,False,0.19760748417044294,-0.11320598144531249,0.1140728632335537,0.487,-0.636,0.1607169163693261,1.123,3.029485088851172,0.42254592802849844,0.01713301514457194,1.21345030075614,3.6762163368682996
256,2003.10.31.03.29.46,False,0.18359690705829262,-0.11450505371093751,0.11232507426669264,0.477,-0.654,0.16040329055188535,1.131,2.978146077402415,0.3659881612635625,-0.02246533068205011,1.211481891043031,3.607747506258092
257,2003.10.31.03.39.46,False,0.2319904768434486,-0.11327873535156249,0.11389412472526866,0.4555,-0.693,0.16064608959099796,1.1484999999999999,2.8369923672686923,0.41832949890847093,-0.01354060807886853,1.214525619272939,3.4455262658886854
258,2003.10.31.03.49.46,False,0.18329434719970034,-0.1131253662109375,0.11521449587949316,0.44799999999999995,-0.6319999999999999,0.16147289111746307,1.0799999999999998,2.7733034491067112,0.3859727936096009,-0.010170253631551263,1.2156760163183762,3.371473261469488
259,2003.10.31.03.59.46,False,0.18537039748684164,-0.1139455078125,0.1148722847721189,0.4165,-0.7985,0.16180422584192117,1.215,2.5727176546190673,0.4694734907564797,0.008774511151742454,1.2127321536047717,3.1205166309998393
260,2003.10.31.04.09.46,False,0.1018171121015613,-0.1128948486328125,0.11470023052804615,0.5765,-0.774,0.16094605790830419,1.3505,3.5859510254824434,0.6073066572288153,-0.0027139090927590865,1.2151302243534556,4.356840523163398
261,2003.10.31.04.19.46,False,0.18823449591308355,-0.11376538085937499,0.11277808396891537,0.4615,-0.6114999999999999,0.16019471714037742,1.073,2.8805515814519387,0.3314686968674849,0.011811792036529385,1.211983021553975,3.491194808942244
262,2003.10.31.04.29.46,False,0.12468128402313666,-0.11516120605468749,0.11362183059144067,0.3795,-0.652,0.16178278383845202,1.0315,2.344491719252339,0.3417903466337606,-0.021131320850823577,1.212084232223119,2.842019462381964
263,2003.10.31.04.39.46,True,-0.044744671803699676,-0.11349191894531252,0.1165990526167125,0.6495,-0.796,0.16271822658378243,1.4455,3.995449885794426,0.967759221045948,0.00779390296766002,1.21896314678155,4.869392897069808
264,2003.10.31.04.49.46,False,0.18549881464703616,-0.11354489746093749,0.11462392322860052,0.51,-0.719,0.16134583872258806,1.229,3.1622173804988574,0.5074199009741562,-0.006857082478128049,1.2152241018164527,3.8423695295134244
265,2003.10.31.04.59.46,False,0.22436759257909733,-0.1145473876953125,0.11420837471374345,0.47450000000000003,-0.7515,0.16175735450027473,1.226,2.9349209383761603,0.4428912849105864,0.006201299525403194,1.2131549417604965,3.5610357075827617
266,2003.10.31.05.09.46,False,0.21107013963372578,-0.113294677734375,0.11464540348096552,0.4175,-0.7005,0.1611876447961596,1.1179999999999999,2.589094111436511,0.3886972039715493,-0.00779134229971779,1.214722094823403,3.145222721294875
267,2003.10.31.05.19.46,False,0.13165415047494944,-0.11311987304687501,0.11578425530128492,0.4505,-0.7065,0.1618916044569575,1.157,2.7813848288811047,0.6245696281667601,-0.022630108841473533,1.2178665403264057,3.3878279690170174
268,2003.10.31.05.29.46,False,0.11591109120482557,-0.1144299560546875,0.11494596274735294,0.48850000000000005,-0.891,0.1621977413613574,1.3795,3.0126937326295966,0.5192227686980759,-0.020105141705352315,1.2155913607007611,3.6617620330544867
269,2003.10.31.05.39.46,False,0.211259572048469,-0.11317336425781249,0.11318017289988033,0.4175,-0.725,0.16007228310442953,1.1425,2.6072675151793128,0.38132350055478903,0.0007237218769559448,1.2117439966105896,3.159546676657449
270,2003.10.31.05.49.46,False,0.17594247406262337,-0.113328173828125,0.11467229497022507,0.45899999999999996,-0.83,0.16122566982177586,1.289,2.8451300358213767,0.5067653898001787,3.690553686284438e-05,1.2152124912532343,3.4582897711846146
271,2003.10.31.05.59.46,False,0.22909658028837626,-0.11440659179687501,0.11357347604756743,0.453,-0.6825,0.16121411785188022,1.1355,2.81285515364876,0.5248930922255184,-0.0028264623979420735,1.212945550617077,3.410366573239288
272,2003.10.31.06.09.46,False,0.21693967295146876,-0.11384379882812501,0.11296942198734566,0.42600000000000005,-0.7090000000000001,0.1603846006562902,1.135,2.6573749000020888,0.37410496794155534,-0.006891465521416647,1.2115384720120201,3.219699178064535
273,2003.10.31.06.19.46,False,0.22898692782294072,-0.1133742431640625,0.1141903552320215,0.4515,-0.7384999999999999,0.16092300855282438,1.19,2.8070070679570196,0.49348011156185123,0.012145881320973079,1.2140140079373936,3.407278242445946
274,2003.10.31.06.29.46,False,0.1847937573576287,-0.1147791015625,0.11469234700383817,0.4885,-0.702,0.16226166797192193,1.1905000000000001,3.0118051017317065,0.511487095968898,0.02966845015770786,1.211010138373084,3.646960370229892
275,2003.10.31.06.39.46,False,0.1756157883612126,-0.11352763671874999,0.11516184394792497,0.477,-0.7875,0.16171336211458348,1.2645,2.9503006386787547,0.5590309879528341,-0.007211652540060213,1.21588838828555,3.5870626345985306
276,2003.10.31.06.49.46,False,0.21840129376894246,-0.11417248535156249,0.11453887130453261,0.45299999999999996,-0.741,0.16172409694346251,1.194,2.8021497437309453,0.48082495460916896,0.009361182649557473,1.2115190123732575,3.3950431540578987
277,2003.10.31.06.59.46,False,0.16045366128079175,-0.1143006103515625,0.11535333146558811,0.47,-0.7945,0.16240692956642017,1.2645,2.894227196510239,0.6079946696481602,-0.004772497472393061,1.2149940311386882,3.5163395884171704
278,2003.10.31.07.09.46,False,0.22521810992870311,-0.11335556640625,0.11521589931629715,0.45299999999999996,-0.6859999999999999,0.16163894765883707,1.139,2.801055902693637,0.4661345686367413,0.010991062809244646,1.2145797479180724,3.402445650278906
279,2003.10.31.07.19.46,False,0.1992337500712022,-0.113081591796875,0.11569655004139517,0.45299999999999996,-0.7275,0.1617929159290214,1.1804999999999999,2.7983644711293527,0.4198468614059716,0.005030072368427604,1.2151959616686083,3.4009816795805228
280,2003.10.31.07.29.46,False,0.20354231037204829,-0.11455483398437499,0.11379220479602463,0.43100000000000005,-0.6885,0.16147411205254913,1.1195,2.6671527846030068,0.41308487335038535,0.032090632143783354,1.210792861099152,3.2297652115116287
281,2003.10.31.07.39.46,False,0.11889602466949067,-0.1128506591796875,0.11482069393964142,0.497,-0.7484999999999999,0.1610069097803447,1.2454999999999998,3.083498116222125,0.6227091371222928,-0.023383120557445524,1.2180679061913453,3.758189709728053
282,2003.10.31.07.49.46,False,0.18203007354441308,-0.1139036376953125,0.11580946378336172,0.504,-0.7030000000000001,0.16244490014769225,1.2069999999999999,3.100451151932645,0.5150310055754193,0.017595415740924297,1.2136056826657833,3.763168608349989
283,2003.10.31.07.59.46,False,0.1799714368521892,-0.114271484375,0.11361441291538404,0.46399999999999997,-0.8215,0.16114571317055087,1.2854999999999999,2.8807964687619005,0.4746465794195962,0.006189591858386895,1.2117627221355047,3.4902550159136103
284,2003.10.31.08.09.46,False,0.19154517750322586,-0.11286232910156252,0.11336869442776407,0.481,-0.6759999999999999,0.15998128388144922,1.157,3.0049875858431427,0.511743487258858,-0.00964300294828205,1.2157603586620118,3.654048348681956
285,2003.10.31.08.19.46,False,0.16104865427897236,-0.11307661132812499,0.114516854909476,0.5345,-0.7555000000000001,0.16094670818214724,1.29,3.3227532871465977,0.5403356130152381,-0.002520722525284181,1.2146494034584991,4.035020858807322
286,2003.10.31.08.29.46,False,0.13767060348591104,-0.11532929687500001,0.11584026143122514,0.40249999999999997,-0.7725,0.16346453491491264,1.175,2.4613450076768366,0.46935509111541696,-0.013303546221514778,1.214431410517184,2.9890799422267675
287,2003.10.31.08.39.46,False,0.20325800506816188,-0.1135014892578125,0.11482093479869904,0.4285,-0.737,0.16146261553208374,1.1655,2.6551669232131747,0.4390962996103205,0.029899788957969475,1.212290570603462,3.2183045260123153
288,2003.10.31.08.49.46,False,0.20941940748086207,-0.113421875,0.11466534248334923,0.4165,-0.6699999999999999,0.16128596145955781,1.0865,2.5849181294915846,0.49047314133210507,0.004791024879320478,1.2134376872064088,3.136367957017412
289,2003.10.31.08.59.46,False,0.21916293056562275,-0.1145123779296875,0.11483527449385378,0.461,-0.7115,0.16218383135061562,1.1724999999999999,2.8465815333175213,0.39302452702764157,0.004849282519921566,1.2139815901315787,3.4538461228377075
290,2003.10.31.09.09.46,False,0.22566185291843716,-0.1143939208984375,0.11416092997943932,0.471,-0.6715,0.16161636290044615,1.1425,2.9114694002445214,0.4379271172418655,0.02034311600893205,1.2116847007168603,3.527771652399151
291,2003.10.31.09.19.46,False,0.19343951265210496,-0.113605615234375,0.11403745775442477,0.4715,-0.7290000000000001,0.16097213762045245,1.2005000000000001,2.929103065819225,0.5997508680718151,-0.03320210335023144,1.2156187529421465,3.5606619142911207
292,2003.10.31.09.29.46,False,0.19850745329656871,-0.114257177734375,0.11544877915099314,0.41500000000000004,-0.743,0.16244067465170725,1.158,2.5523227404897395,0.4537271883526115,0.003373100594587934,1.2130734417193967,3.0964867195742407
293,2003.10.31.09.39.46,False,0.23351127246591985,-0.11397478027343749,0.1147471276180972,0.47,-0.714,0.16173904545112364,1.1840000000000002,2.9048830138389725,0.49563628074649735,0.005237454466477545,1.2130524777288327,3.5241425643767603
294,2003.10.31.09.49.46,False,0.23163334083150322,-0.113491650390625,0.11435085735501,0.4775,-0.6970000000000001,0.16111067666415618,1.1744999999999999,2.9639737928594774,0.4405399474092342,-0.0005728466896068483,1.2147172196781075,3.600418171925438
295,2003.10.31.09.59.46,False,0.17811140163850014,-0.11482985839843751,0.11376397707586097,0.4625,-0.8155,0.16164331159209744,1.278,2.8634323458039335,0.4494696053034055,-0.0002614749195869303,1.2129840360221755,3.473112037800462
296,2003.10.31.10.09.46,False,0.18478524962793774,-0.11387521972656249,0.11549050873396878,0.476,-0.6665000000000001,0.16220078901228607,1.1425,2.9346196801793587,0.459893939973103,-0.014827981483441261,1.2168052688569522,3.570862290551335
297,2003.10.31.12.05.51,False,0.20570824158882323,-0.11346596679687498,0.11483082872129038,0.443,-0.6615,0.16144240988062641,1.1045,2.7460130286544584,0.5653822591404178,0.0011044992609045051,1.2149522022981185,3.3359816138098797
298,2003.10.31.12.11.44,False,0.19213202397313273,-0.115001513671875,0.1140451949092025,0.438,-0.791,0.1619684216097787,1.229,2.705692838253211,0.4400531535118464,-0.01587366760617308,1.21332384880923,3.282852392233809
299,2003.10.31.12.21.44,False,0.19392248446236798,-0.1144731201171875,0.11482652084163378,0.4215,-0.6445000000000001,0.16214899589646337,1.0659999999999998,2.5991985444262715,0.3693239557099124,0.01587290710527569,1.2126292419613516,3.151922629683922
300,2003.10.31.12.31.44,False,0.18361404643776613,-0.1148156494140625,0.11466578625558266,0.4285,-0.6605,0.1622715680252257,1.089,2.63924264649916,0.3107000196906342,-0.012687927319702783,1.2138627654663319,3.2038819850706837
301,2003.10.31.12.41.44,False,0.13823157918547774,-0.1150749755859375,0.1167820353878263,0.4325,-0.6825,0.16395480939716095,1.115,2.6383210560763226,0.5110185475483167,-0.016573282155965912,1.2161423750253362,3.208465927248697
302,2003.10.31.12.51.44,False,0.2068774129478343,-0.11487531738281251,0.11401952689761294,0.47250000000000003,-0.7665,0.16186281851856754,1.2389999999999999,2.9208556224801057,0.46502207060356615,-0.006852821467186635,1.2127329252807653,3.541605689598022
303,2003.10.31.13.01.44,False,0.16504809870300247,-0.116203076171875,0.11364877112148143,0.4275,-0.626,0.16254595721750736,1.0534999999999999,2.6277449177693133,0.40204441504612376,0.0013217996734753942,1.2110834257820993,3.1834556590830445
304,2003.10.31.13.11.44,False,0.1406316343549664,-0.1160036376953125,0.1137099389037769,0.492,-0.78,0.1624485543188945,1.272,3.0299752830262547,0.48727160030609906,-0.01630673721067512,1.2120321654868946,3.6720467928722926
305,2003.10.31.13.21.44,True,-0.0595332993878136,-0.1142208984375,0.11462448065924005,0.6995,-0.825,0.1618263418632871,1.5245,4.332519610899024,0.8130270477292716,0.019680619189867212,1.2119560540112049,5.247506193237186
306,2003.10.31.13.31.44,False,0.14402039001207267,-0.11416611328125001,0.11167103311810178,0.40149999999999997,-0.669,0.159705565714721,1.0705,2.5156005716153054,0.3394952503982118,0.0021978693996457955,1.209592918280422,3.0418625026512247
307,2003.10.31.13.41.44,False,0.19319642430491685,-0.1129108642578125,0.11329398212272944,0.4905,-0.713,0.15996054726286302,1.2035,3.0668628581627075,0.4912846838024323,0.02627209674800119,1.2125116365810347,3.7181134769163586
308,2003.10.31.13.51.44,False,0.16177012037230987,-0.113963427734375,0.11478309887988303,0.536,-0.636,0.16175444164603056,1.172,3.3164216765555574,0.449843595722472,0.001025151798560971,1.2144766024976463,4.027069388550421
309,2003.10.31.14.01.44,False,0.12744139128385795,-0.11397365722656251,0.11366824785632272,0.364,-0.7715000000000001,0.16097199712552535,1.1355,2.2604636113668763,0.43536653967529015,-0.03182243133338742,1.2139231005121116,2.744273916021415
310,2003.10.31.14.11.44,False,0.1399771414027326,-0.1142743896484375,0.11418023697057904,0.5395000000000001,-0.7875,0.16154724344529467,1.327,3.3397786627020403,0.5362912346260276,0.024999645811125973,1.2119948069160342,4.047676063620605
311,2003.10.31.14.21.44,False,0.16137141780487563,-0.1144417724609375,0.113375968565743,0.38949999999999996,-0.7909999999999999,0.16109514529142338,1.1804999999999999,2.415794173999239,0.391229685082378,-0.0026191366128656083,1.2113277403467206,2.9266185660958115
312,2003.10.31.14.31.44,False,0.18810174616606695,-0.114715478515625,0.11266855769929994,0.4785,-0.6895,0.1607993579567729,1.1680000000000001,2.976615028789583,0.3816908664816614,0.005449946388865871,1.2097277197939107,3.6006263747374154
313,2003.10.31.14.41.44,False,0.1552995143968341,-0.113351513671875,0.1148041068670954,0.4065,-0.662,0.1613447470546694,1.0685,2.5194272209183115,0.37961838765503053,-0.03519351072871548,1.216079706163647,3.0638385543231643
314,2003.10.31.14.51.44,False,0.19058325524138364,-0.11286711425781248,0.114249364940347,0.47250000000000003,-0.754,0.16060843146131226,1.2265,2.941350818221096,0.4726662185699839,-0.018287733643595476,1.216036184154641,3.5768311364698633
315,2003.10.31.15.01.44,False,0.2170496369526092,-0.11384843750000001,0.11545686282170467,0.4615,-0.7275,0.16216191399197977,1.189,2.848228679445751,0.45586410171607117,0.009695268662058143,1.213872001934933,3.456412848703854
316,2003.10.31.15.11.44,False,0.16380843283602686,-0.115734716796875,0.11313404808349213,0.4675,-0.653,0.16185409757820912,1.1204999999999998,2.8909512002363593,0.42221781659933577,-0.0013009828555310653,1.209089057471982,3.4950946647312735
317,2003.10.31.15.21.44,False,0.19551849843889857,-0.1147128173828125,0.11451203801750562,0.442,-0.6225,0.16208758643357324,1.0645,2.727327703653159,0.44590336799351604,0.02481900921994043,1.211198946220096,3.30334626306726
318,2003.10.31.15.31.44,False,0.180663496846533,-0.11289741210937498,0.11429523049755724,0.448,-0.7555000000000001,0.16066585142570922,1.2035,2.790617557118165,0.36906668161011513,-0.021696764347278085,1.2157622186305086,3.3919234486829115
319,2003.10.31.15.41.44,False,0.20218315976963602,-0.11525627441406251,0.11325294108125086,0.431,-0.7224999999999999,0.16159119265928829,1.1535,2.668260654437128,0.4307745000524048,0.003948520444520837,1.2101868546420373,3.2291046201900584
320,2003.10.31.15.51.44,False,0.2062112558653676,-0.11403044433593751,0.11448210422666413,0.492,-0.7190000000000001,0.1615986606011497,1.211,3.0432526987593587,0.5280202337037807,0.016637301958621262,1.2126037112474746,3.690580364529233
321,2003.10.31.16.01.44,False,0.14694703985442048,-0.1139059814453125,0.11383685723607226,0.5760000000000001,-0.6970000000000001,0.16104437431242086,1.2730000000000001,3.580525690036992,0.5754295537899303,-0.0016629572756750577,1.2143416790741433,4.348062137197342
322,2003.10.31.16.11.44,False,0.20830748966226081,-0.11478962402343748,0.11438322672154205,0.42000000000000004,-0.6875,0.16206417317975264,1.1075,2.594426210114171,0.47722046934381535,-0.0005382188748761455,1.2128256121387815,3.1460712916063427
323,2003.10.31.16.21.44,False,0.12607267706506475,-0.11414020996093749,0.11433178703994304,0.601,-0.674,0.1615654296795051,1.2750000000000001,3.726961575892732,0.42441530411024675,0.006129406204797205,1.2135263435544892,4.522409783752474
324,2003.10.31.16.31.44,False,0.17152031551411984,-0.11443583984375,0.11341928814619626,0.42700000000000005,-0.6905,0.16112027031007675,1.1175000000000002,2.6516120007129116,0.4371971109401873,0.03219834817809533,1.208709163049046,3.2049091655834543
325,2003.10.31.16.41.44,False,0.05385310443969615,-0.11561904296875,0.11537803647155039,0.6094999999999999,-0.7105,0.16334448373415394,1.32,3.737524887758698,0.5791001344680999,-0.01944638035866961,1.2158328012262172,4.541733647115649
326,2003.10.31.16.51.44,False,0.21229074662050135,-0.11422700195312499,0.1143896864586639,0.48450000000000004,-0.657,0.16166986740601683,1.1415,2.998907857391888,0.4072740142561768,0.010931492754921085,1.2133354646809782,3.6380885607824895
327,2003.10.31.17.01.44,False,0.1397779514740995,-0.11400620117187502,0.11527085564591648,0.5775,-0.724,0.16213517260977584,1.3015,3.5643277489963605,0.5705200225809526,0.005398008926647838,1.2137587482124168,4.325797071272233
328,2003.10.31.17.11.44,False,0.1463391014208199,-0.11516743164062501,0.11583980965227236,0.48,-0.753,0.16335787627734621,1.233,2.940925565577661,0.5016888119041107,-0.028156609407090742,1.2167558249215191,3.577311846235844
329,2003.10.31.17.21.44,False,0.17589139891907912,-0.11427646484375001,0.11386250884556534,0.3955,-0.6565,0.16132225804007294,1.052,2.4522521225630274,0.34645624451361945,0.014350884258023701,1.211726005377848,2.97147440536157
330,2003.10.31.17.31.44,False,0.18287226330638462,-0.11419965820312501,0.11546702949085028,0.4385,-0.7324999999999999,0.16241114753985297,1.1709999999999998,2.696233145835774,0.5443482356150002,-0.022000403520563042,1.2164736173643065,3.282082793186733
331,2003.10.31.17.41.44,False,0.1856886513223323,-0.1154005859375,0.11353097110308205,0.437,-0.64,0.16189482113767442,1.077,2.697812138844423,0.3415676785615669,0.004211533558270045,1.2127253863056338,3.272065504578355
332,2003.10.31.17.51.44,False,0.2201606957691543,-0.1142284912109375,0.11453815381026716,0.4605,-0.747,0.16177059416791043,1.2075,2.847908742839495,0.5164235880233077,-0.017337015944949213,1.2143283231973347,3.45794187630647
333,2003.10.31.18.01.44,False,0.16386534926430318,-0.11407587890625,0.11497054267123633,0.4955,-0.632,0.16196663209411133,1.1275,3.05457871690245,0.4525868457768458,-0.010200795869782899,1.2157838529022769,3.71416844952982
334,2003.10.31.18.11.44,False,0.11336584796948046,-0.11553759765625,0.1122391475258552,0.393,-0.7375,0.1610985380328268,1.1305,2.4362646959324588,0.5822626422281671,-0.007962723309482323,1.2091181232694719,2.947680876650384
335,2003.10.31.18.21.44,False,0.2254513397107747,-0.11442072753906249,0.11482152797962834,0.4405,-0.712,0.16210599914677462,1.1524999999999999,2.7160382292751577,0.42425451575282636,-0.010697690442522164,1.214745435096729,3.2993015763227866
336,2003.10.31.18.31.44,False,0.17226376554257838,-0.114190234375,0.11416571735128835,0.51,-0.692,0.1614807461483328,1.202,3.15478122437842,0.5210090205802658,0.032752143263238984,1.2117856524933226,3.82422134237396
337,2003.10.31.18.41.44,False,0.16888813269016834,-0.115104248046875,0.11531356390706507,0.4065,-0.6885,0.1629449155897562,1.0950000000000002,2.494435822027636,0.37571140644604295,-0.02266052164000167,1.2142795584852966,3.0289722551076737
338,2003.10.31.18.51.44,False,0.18765717204236654,-0.1140207763671875,0.11483076008803396,0.4955,-0.7175,0.16182940372416266,1.213,3.0637349747362914,0.5719811011585321,-0.019793498850348066,1.215670147015721,3.723893745344413
339,2003.10.31.19.01.44,False,0.1260285589460855,-0.11379702148437498,0.11319267786489318,0.4375,-0.6385000000000001,0.16051732713348354,1.076,2.723351095906089,0.3042820462786249,-0.044163547590774094,1.2160742734819143,3.3125106319193693
340,2003.10.31.19.11.44,False,0.2043889695859113,-0.114812890625,0.11399703548208295,0.481,-0.748,0.16180469806876502,1.2289999999999999,2.973047503960924,0.4871146550712042,-0.009362642482844078,1.2133076749437548,3.607168298202586
341,2003.10.31.19.21.44,False,0.22271462519665408,-0.1138396728515625,0.11261930312369538,0.47,-0.665,0.16014099449491923,1.135,2.934472648052826,0.4109568027901469,0.001965877079541342,1.2116295848891419,3.555611397714334
342,2003.10.31.19.31.44,False,0.006614059738012212,-0.11401474609375,0.11329071877331476,0.6955,-0.7190000000000001,0.16073306701184892,1.4144999999999999,4.332205942857198,0.6236396042317811,0.0021009134680957655,1.2135226003983175,5.257393549762922
343,2003.10.31.19.41.44,False,0.16895400116751086,-0.1152072998046875,0.11449983200514582,0.5005,-0.7444999999999999,0.16243382507190096,1.2449999999999999,3.080864380764062,0.5423460650714718,0.005901509862724783,1.212080684648451,3.734363838526721
344,2003.10.31.19.51.44,False,0.11453494795295471,-0.1145271484375,0.1149613932025425,0.56,-0.7495,0.162278650346407,1.3094999999999999,3.4535955852524154,0.6552167081140741,-0.014736919838182969,1.2144290276269891,4.193326599055173
345,2003.10.31.20.01.44,False,0.20530759201865867,-0.11374208984375,0.11406143069365197,0.487,-0.746,0.16108973031762858,1.233,3.023743839255048,0.5010673967646528,-0.017374727461742942,1.214781721411124,3.6731030946097123
346,2003.10.31.20.11.44,False,0.1984648468080436,-0.11472834472656249,0.11405941150088202,0.399,-0.72,0.16178922400015072,1.1189999999999998,2.4648240848493925,0.4146546883509912,0.0007291424553970381,1.2125909511697972,2.9892553367941095
347,2003.10.31.20.21.44,False,0.21458185526957163,-0.11404438476562499,0.11540329405147134,0.4275,-0.742,0.16225282092956042,1.1695000000000002,2.6375782110242927,0.44338357877697065,0.0005172151043711729,1.2135703206045023,3.2004032282655333
348,2003.10.31.20.31.44,False,0.18674788857307612,-0.1144348388671875,0.11395496706651254,0.404,-0.6555,0.1615031412001272,1.0594999999999999,2.501891211525364,0.3526022456936153,-0.010017123013751756,1.2125266355562005,3.033422244941055
349,2003.10.31.20.41.44,False,0.16054458236907226,-0.11466267089843751,0.11417581272939739,0.5355,-0.6455,0.16181474888889028,1.181,3.3109781167496184,0.4319196541409287,-0.007249843035838209,1.2144402148849474,4.021093201152601
350,2003.10.31.20.51.44,False,0.211806867634811,-0.113632373046875,0.11482263066376355,0.426,-0.7775000000000001,0.16154573868451141,1.2035,2.6371939812819782,0.5007774292398002,0.003039386898860347,1.2134546324076338,3.200084897955036
351,2003.10.31.21.01.44,False,0.2190817760166588,-0.11416179199218751,0.11480969580951528,0.4905,-0.702,0.16191077971471074,1.1925,3.0295059368763444,0.41020852557660414,0.009843218442277122,1.2135239007703311,3.6763787726018693
352,2003.10.31.21.11.44,False,0.13873053400200486,-0.1150318115234375,0.1168901237757353,0.436,-0.675,0.164003358234182,1.111,2.6570478254979553,0.38700129187282695,-0.01442169458026768,1.2157278782805987,3.2304297674015743
353,2003.10.31.21.21.44,False,0.18064140436050452,-0.113415869140625,0.11502913986969998,0.5225,-0.6759999999999999,0.1615455633797984,1.1985000000000001,3.233922949379865,0.5002920091047225,0.009499745367083442,1.2152823197643863,3.930075420947093
354,2003.10.31.21.31.44,False,0.19235755962019963,-0.113485791015625,0.11328207158204917,0.45799999999999996,-0.7264999999999999,0.16035463566802943,1.1844999999999999,2.855842561934163,0.48394058309754073,-0.03799694829233479,1.2162297749268411,3.473434041844583
355,2003.10.31.21.41.44,False,0.17021398512174163,-0.1154595947265625,0.11391739380745766,0.4455,-0.769,0.16220344294076894,1.2145,2.7432907008972993,0.5448546162708108,-0.010068638324349509,1.2122279995404104,3.3259248064146787
356,2003.10.31.21.51.44,False,0.21259030400517714,-0.11376027832031249,0.1146252526098524,0.4125,-0.7275,0.1615006555892421,1.1400000000000001,2.5541644290024013,0.44489033259018806,-0.004546507749452219,1.2140995849021678,3.101010643425961
357,2003.10.31.22.01.44,False,0.20652766983757648,-0.114198583984375,0.1131802198692754,0.443,-0.659,0.1607875561327919,1.1019999999999999,2.7555446604970397,0.41956328155046974,0.016907854035713394,1.209962221149842,3.334039804387038
358,2003.10.31.22.11.44,False,0.2132924041609799,-0.114944287109375,0.11435719772133943,0.4465,-0.7230000000000001,0.16214184621604283,1.1695,2.753741179924188,0.4983226718815028,-0.005967322597320556,1.2127842763246592,3.3396983100575337
359,2003.10.31.22.21.44,False,0.16850867379027407,-0.11427690429687498,0.11341974915659414,0.47750000000000004,-0.7995,0.16101229683489415,1.2770000000000001,2.9648682848342753,0.5894183309289138,-0.02817086568270908,1.2133839029055649,3.59771093642036
360,2003.10.31.22.31.44,False,0.1689659685317299,-0.1142429931640625,0.11477287072316117,0.40249999999999997,-0.7484999999999999,0.1619500657186848,1.151,2.4840423032879615,0.5713773525691963,-0.023317841727128516,1.2138067489202111,3.01541719423679
361,2003.10.31.22.41.44,False,0.18566549342089272,-0.11457822265625,0.11615150024295876,0.45999999999999996,-0.742,0.1631581785777808,1.202,2.8204057861724587,0.4948471731036037,-0.0041736171611139105,1.214365050874729,3.425030164511819
362,2003.10.31.22.51.44,False,0.12862474223425452,-0.11367116699218749,0.11365137334618755,0.5775,-0.7495,0.16074921544843151,1.327,3.5942596489619505,0.4723964036344257,-0.020777419555789406,1.2153356587961657,4.367946655110679
363,2003.10.31.23.01.44,False,0.22340832002598604,-0.11416147460937501,0.1146269974929065,0.4665,-0.6625,0.16178291870287295,1.129,2.883070745310025,0.39799417724161823,-0.0011669554686638147,1.2138574967586013,3.499695817587213
364,2003.10.31.23.11.44,False,0.019132950704814466,-0.11519030761718749,0.1159646150431683,0.5505,-0.8485,0.16345528531875278,1.399,3.3711268426850447,0.6824681193705784,-0.01775105971415851,1.2145188125245165,4.092924326749068
365,2003.10.31.23.21.44,False,0.22644878134332996,-0.11419980468749999,0.11361718833734319,0.47150000000000003,-0.692,0.1611084964260987,1.1635,2.9209615215411624,0.536776023679784,0.011233899256079798,1.212556283911299,3.54359580715611
366,2003.10.31.23.31.44,False,0.1667549926269168,-0.1146878173828125,0.11558577797290903,0.487,-0.658,0.16284358173435293,1.145,2.9967889275887134,0.5310445908074934,0.014692364199941445,1.213688972084348,3.6367093346471338
367,2003.10.31.23.41.44,False,0.2070856478921248,-0.115199560546875,0.11352353047530911,0.464,-0.6825,0.1617475152300984,1.1465,2.8729116776789865,0.38431886054371645,-4.955355031111778e-05,1.2109802451558962,3.4770981532164535
368,2003.10.31.23.51.44,False,0.21573118013801218,-0.11378884277343751,0.11345524628384393,0.4615,-0.646,0.1606905442977959,1.1075,2.8701595143267418,0.3830734862433842,0.012649684205632,1.2122576561784668,3.479597823235891
369,2003.11.01.00.01.44,False,0.21120826862748115,-0.1145507568359375,0.11494285325713709,0.45899999999999996,-0.736,0.1622849617878239,1.195,2.8251385031018503,0.40007486102549605,0.006668190819085701,1.211412983285528,3.423327204308653
370,2003.11.01.00.11.44,False,0.11262401565109259,-0.115184912109375,0.11413520246377304,0.5895,-0.6859999999999999,0.16216801477286824,1.2755,3.641295723653684,0.593282639085936,0.005819370508197992,1.2136857728614705,4.418184325031357
371,2003.11.01.00.21.44,False,0.20191978573766778,-0.11436093750000001,0.11444710863001574,0.475,-0.7765,0.16180710898646178,1.2515,2.9382180185826243,0.5644584743469467,0.01401613276584921,1.2130586228211269,3.5635706335849835
372,2003.11.01.00.31.44,False,0.07977987684352328,-0.1147374755859375,0.11324018929421198,0.474,-0.9115,0.16121823825926512,1.3855,2.938811040833616,0.6562760227036264,-0.03003976226618205,1.2128404869457063,3.564662948734521
373,2003.11.01.00.41.44,False,0.11194621384949766,-0.1155296875,0.11368518500468638,0.571,-0.7284999999999999,0.1620969140826895,1.2995,3.5235196601933003,0.44278600273552393,-0.007352951322848057,1.212323015295867,4.271509922966596
374,2003.11.01.00.51.44,False,0.16436454872800543,-0.11408957519531249,0.11369545198367666,0.3915,-0.641,0.16107408036011467,1.0325,2.4299695878204943,0.3497323380099826,-0.009511672400253069,1.212903221611909,2.9474289673738676
375,2003.11.01.01.01.44,False,0.1415925111250746,-0.114218896484375,0.11477752999169076,0.5369999999999999,-0.7725,0.1619356911813053,1.3094999999999999,3.313430699103079,0.4816581672263405,-0.013052538297708952,1.2164933281172194,4.031793357739029
376,2003.11.01.01.11.44,False,0.19473992501444315,-0.115011181640625,0.11329337014112409,0.4455,-0.775,0.16144180930438773,1.2205,2.7562059654269433,0.48998664910514744,-0.01457749194945028,1.2126936976954865,3.3428494489890417
377,2003.11.01.01.21.44,False,0.12227141133963815,-0.11444152832031249,0.11410284873454643,0.43000000000000005,-0.7749999999999999,0.1616159799243671,1.205,2.659553887191347,0.5117676302257232,-0.05157164894256716,1.2164659857643874,3.2358126261268803
378,2003.11.01.01.31.44,False,0.2049802268696393,-0.1138593994140625,0.11471296330828315,0.48450000000000004,-0.7665,0.16162956439669623,1.251,2.9949379206566666,0.5096353250228896,0.0008880820978327229,1.21444487924681,3.638709080624653
379,2003.11.01.01.41.44,False,0.19075179415982546,-0.11515788574218751,0.11251700454113282,0.4165,-0.7775,0.16100973291408668,1.194,2.5837269772918807,0.44662146093999944,-0.006735693501115837,1.2115833955176252,3.13050130643078
380,2003.11.01.01.51.44,False,0.14840344738932076,-0.1142450927734375,0.11377470672041039,0.5395,-0.73,0.16124148294998064,1.2694999999999999,3.35082767610396,0.5017501222513183,-0.028926994356597725,1.2157912857580877,4.07258361836278
381,2003.11.01.02.01.44,False,0.2216702523164481,-0.11376591796875002,0.11385566428055885,0.4885,-0.6910000000000001,0.1609670116110069,1.1795,3.035809618137961,0.4667777437485623,0.01052922402903484,1.212539150405993,3.6808257413595484
382,2003.11.01.02.11.44,False,0.1496842380863483,-0.1141603515625,0.1149972601010614,0.4545,-0.8445,0.1620539057521006,1.299,2.8012160585828494,0.5501887920016761,-0.01779579294714563,1.2136455440098557,3.4004361381226254
383,2003.11.01.02.21.44,False,0.16110615406930334,-0.11365395507812501,0.11435983190558645,0.5225,-0.6935,0.16123957344043974,1.2160000000000002,3.239637981750133,0.6060475482691969,-0.005472515144689138,1.2131219217821019,3.930192125692007
384,2003.11.01.02.31.44,False,0.19451942446400777,-0.1136402587890625,0.11544031893474965,0.4185,-0.7165,0.16199624238448423,1.135,2.5817875886706303,0.4209664598239462,-0.011264518239121035,1.2156420249653401,3.13899459913106
385,2003.11.01.02.41.44,False,0.1989756955928083,-0.1150955322265625,0.11235365665411584,0.471,-0.641,0.16085621675296197,1.1119999999999999,2.92137880923469,0.42835108443858316,0.005480097435813858,1.210758605276804,3.5390150891832253
386,2003.11.01.02.51.44,False,0.18207173527372916,-0.11353925781249999,0.1143286100164717,0.4185,-0.6895,0.16113926054115707,1.108,2.5960984649813605,0.41106244382583634,0.041778839488794704,1.2108063204589155,3.143542010762774
387,2003.11.01.03.01.44,False,0.14968776377069187,-0.114201220703125,0.11384791206273684,0.581,-0.6995,0.16127101545700206,1.2805,3.5904611524283236,0.4696265101609165,0.0007799944969464332,1.2132246314950812,4.358407782788462
388,2003.11.01.03.11.44,False,0.2146189013155222,-0.11495246582031249,0.11463843789677702,0.42700000000000005,-0.724,0.16235167661846245,1.151,2.628858003804451,0.438995954890566,-0.0040571115570575194,1.21279400882876,3.188444002279618
389,2003.11.01.03.21.44,False,0.14270817837082217,-0.1143731201171875,0.1136227329822721,0.376,-0.8055,0.1612288287019521,1.1815,2.330676578792789,0.4570939821732465,-0.00622427708859768,1.211989470378152,2.8250624943172324
390,2003.11.01.03.31.44,False,0.18157979579087985,-0.11321738281250002,0.11425550578114442,0.526,-0.7224999999999999,0.16085417287916032,1.2485,3.273817575293277,0.4759685297088714,-0.0020168263046453612,1.2151884219977431,3.977644264886182
391,2003.11.01.03.41.44,False,0.17606672322754024,-0.11548254394531249,0.11348738604913443,0.47650000000000003,-0.724,0.16191442842859705,1.2005,2.9449197920435455,0.5076729153659354,0.009295902533838557,1.2095217309846236,3.5612524966322834
392,2003.11.01.03.51.44,False,0.21988363997843535,-0.1131225830078125,0.11311612912481699,0.4395,-0.752,0.15997999168108284,1.1915,2.7491893472285645,0.4327178377614631,-0.0002387310126209653,1.2128156478144692,3.334201227795974
393,2003.11.01.04.01.44,False,0.20432674017636276,-0.11428515624999999,0.1133484051509489,0.4565,-0.6615,0.16097210603895745,1.1179999999999999,2.831740531161583,0.4358541034929475,0.02665630835124536,1.2100454441549173,3.427241218713255
394,2003.11.01.04.11.44,False,0.06413212273109481,-0.11466689453125,0.11292047330217798,0.597,-0.73,0.16094353939281825,1.327,3.70207117536696,0.6882505695762313,-0.016576888645163584,1.2131675248766107,4.493759151545028
395,2003.11.01.04.21.44,False,0.23135232763969577,-0.11356325683593749,0.11434095375997445,0.4345,-0.7055,0.1611706614881958,1.1400000000000001,2.6945210012315064,0.44060333853324307,0.0036185342601869246,1.21474950496762,3.2735998027775155
396,2003.11.01.04.31.44,False,0.2310557622762276,-0.114303271484375,0.11472927483762183,0.476,-0.6775,0.16196519658236858,1.1535000000000002,2.9410881029059794,0.44104587797248374,0.0033830033852923005,1.2129659794496468,3.566200498481664
397,2003.11.01.04.41.44,False,0.1575908036996071,-0.11441513671875,0.11521317235854464,0.40149999999999997,-0.6875,0.16237993918294025,1.089,2.473577726219207,0.3346603766825649,0.017277605768216034,1.212146026746249,2.99801903378885
398,2003.11.01.04.51.44,False,0.19598735252689437,-0.113435546875,0.11384719544770329,0.47350000000000003,-0.649,0.1607250933077127,1.1225,2.941656949812864,0.3554375834618093,0.0025170050492929075,1.2128285501938798,3.5682191052655754
399,2003.11.01.05.01.44,False,0.18999358244182885,-0.11364277343750001,0.11428489898420331,0.457,-0.813,0.16117086318571333,1.27,2.835591832728401,0.5118029667019892,-0.02353566146153518,1.214405789269687,3.4435237955040088
400,2003.11.01.05.11.44,False,0.13162507427691156,-0.11571706542968749,0.11452618224150629,0.43,-0.78,0.16281911430103263,1.21,2.6420324713022048,0.5228045460383801,-0.03732170952828149,1.2153129549103878,3.2106691357902024
401,2003.11.01.05.21.44,False,0.1656711898880594,-0.1140740478515625,0.11361029102230794,0.3785,-0.669,0.16100476778942582,1.0474999999999999,2.3514653389105558,0.3942788874382457,-0.022439029862605642,1.2139727999803827,2.8544936588941647
402,2003.11.01.05.31.44,False,0.17148485237752176,-0.1137738037109375,0.11298448650810636,0.4165,-0.6625,0.16035143937505997,1.079,2.5987033942098514,0.29886692735286857,0.021626408421054864,1.210544515930673,3.145842370476183
403,2003.11.01.05.41.44,False,0.1804976393555317,-0.114912060546875,0.1147171624689256,0.5055000000000001,-0.708,0.16238702505040423,1.2135,3.1098537134356703,0.49095118405839866,-0.00229663081321331,1.2122357008883822,3.7707284764511932
404,2003.11.01.05.51.44,False,0.136692435530681,-0.11347758789062501,0.11271165564252196,0.4415,-0.87,0.15996221877675992,1.3115,2.7631297731817748,0.5625629545668038,-0.026272793518995606,1.2129749285459412,3.3506267671084533
405,2003.11.01.06.01.44,False,0.20554238299080602,-0.1133435791015625,0.11352925884405221,0.397,-0.6835,0.16044422397492786,1.0805,2.472490948328785,0.42079605804398645,-0.008375560786697156,1.2133143871537453,3.0008870644809607
406,2003.11.01.06.11.44,False,0.18808319423530118,-0.1149460205078125,0.11407762870105054,0.44799999999999995,-0.6385000000000001,0.1619494491534662,1.0865,2.764187795027497,0.3590800436238055,0.024372615518840145,1.2118329853874343,3.3503594378070582
407,2003.11.01.06.21.44,False,0.20714182363694406,-0.11366098632812499,0.11264649458497605,0.46599999999999997,-0.636,0.16003463416694275,1.1019999999999999,2.913379161950081,0.4120079920166617,0.008552760545717002,1.211878815433064,3.530233588560945
408,2003.11.01.06.31.44,False,0.22419506093057223,-0.113593603515625,0.112713504894316,0.4405,-0.6930000000000001,0.16003379421600344,1.1335,2.7523034913285516,0.5005252837003993,0.0035346141338513624,1.212529016860257,3.337299403882308
409,2003.11.01.06.41.44,False,0.20062227622979156,-0.1147365966796875,0.11362407136647429,0.498,-0.712,0.1614893426040108,1.21,3.082116627372821,0.4371522162820669,0.003897106778901494,1.2126477760189949,3.7382051070012996
410,2003.11.01.06.51.44,False,0.17934925133306479,-0.1141731201171875,0.11241525834386451,0.4445,-0.6605000000000001,0.16023473778260683,1.105,2.777082633714601,0.33357535426723506,0.015632433769821055,1.2095246783398008,3.358342350472305
411,2003.11.01.07.01.44,False,0.22377684057829017,-0.1138696533203125,0.1130311753106586,0.4295,-0.6970000000000001,0.16045171586947332,1.1265,2.676649550557666,0.4869678351671458,-0.007514325106695783,1.21264443832264,3.245853330456998
412,2003.11.01.07.11.44,False,0.1811518146419806,-0.11527365722656249,0.11362304524428343,0.4225,-0.6395,0.16188428278909636,1.0619999999999998,2.615604107608271,0.4123692967315955,0.013625415538342019,1.210386522945757,3.165007965904938
413,2003.11.01.07.21.44,False,0.03661884323119102,-0.11358095703125001,0.11304480118959057,0.5615,-0.851,0.16026740740438689,1.4125,3.507931790973802,0.6635819165322228,-0.03262429551579281,1.2137883315811857,4.256808710562742
414,2003.11.01.07.31.44,False,0.22318424614820476,-0.11419389648437499,0.1139471953714433,0.426,-0.7065,0.16132864611180037,1.1325,2.6412944018727234,0.3846111630077025,0.006733929477589367,1.2124581533883212,3.202207476681882
415,2003.11.01.07.41.44,False,0.2237699639049487,-0.1146885986328125,0.11370239149248049,0.438,-0.6935,0.1615031744840062,1.1315,2.7161732858186336,0.3999203467400778,0.007412702957926032,1.2116788122919184,3.290923449140112
416,2003.11.01.07.51.44,False,0.12632172568090017,-0.11425522460937501,0.11226557670650986,0.402,-0.592,0.16018592513692276,0.994,2.509502765075455,0.34345810296698254,0.015239354548097911,1.2099992473426708,3.036513438021445
417,2003.11.01.08.01.44,True,-0.00877961072574407,-0.113661328125,0.11533170149968591,0.592,-0.9225000000000001,0.16192961766945627,1.5145,3.65636933022021,0.8056118550937894,0.012469462637666746,1.2138085560519225,4.438024593262459
418,2003.11.01.08.11.44,False,0.1708448958097193,-0.1151097412109375,0.11426500935083309,0.40249999999999997,-0.7875,0.16221880522698945,1.19,2.4840094961178063,0.39703741786727087,-0.018063911036871043,1.2126027793039946,3.0117792677325204
419,2003.11.01.08.21.44,False,0.16921575793029908,-0.11455949707031249,0.11218106720468468,0.40800000000000003,-0.6154999999999999,0.1603550750630602,1.0234999999999999,2.5430131447851725,0.3608555325412155,-0.016829399587402566,1.211704475413236,3.081428488328053
420,2003.11.01.08.31.44,False,0.10171023091701137,-0.11411103515624998,0.1127754583472064,0.5925,-0.657,0.16045688238266426,1.2495,3.7089324612084384,0.4562057105421442,0.018288748338290268,1.2113134068932407,4.487701043001598
421,2003.11.01.08.41.44,False,0.2268176016068274,-0.11415761718749998,0.11345128441433164,0.4355,-0.665,0.16095596347020275,1.1005,2.7048855037862922,0.46371720718038234,-0.010655083958464876,1.213611160416816,3.2829105469372863
422,2003.11.01.08.51.44,False,0.2164222713287307,-0.1144693359375,0.1126607178628867,0.458,-0.6859999999999999,0.16061563548660737,1.1440000000000001,2.844882709482709,0.4550345351902001,-0.02875938990076495,1.2133761707851058,3.4523121543275233
423,2003.11.01.09.01.44,False,0.21701139727425178,-0.11305769042968751,0.11334569039570458,0.4295,-0.7365,0.16011529877383388,1.166,2.681692114925426,0.5081123778766816,0.0005983648537555841,1.2131195544177367,3.2534135576778827
424,2003.11.01.09.11.44,False,0.18503819144195804,-0.11518930664062499,0.11250147408715869,0.449,-0.757,0.16102658437572237,1.206,2.789040055673259,0.389668887574949,-0.009622265757111951,1.2114140297938105,3.3785482449933326
425,2003.11.01.09.21.44,False,0.13712828957522527,-0.113789990234375,0.11305056872621098,0.404,-0.635,0.1604129916360335,1.0390000000000001,2.5185645123642977,0.3118984910994911,0.03104909138852412,1.2100787102103747,3.0476498947506014
426,2003.11.01.09.31.44,False,0.1877277270909315,-0.114267431640625,0.11191878630428521,0.42100000000000004,-0.739,0.1599502253968073,1.1600000000000001,2.6299400543359943,0.41259538064055956,-0.03483353242939638,1.2120008222760243,3.1879508093216478
427,2003.11.01.09.41.44,False,0.1667438916145712,-0.1152208740234375,0.11201160315281122,0.458,-0.702,0.16071300695456314,1.1600000000000001,2.85565136450562,0.3694677090801226,0.017000891662093724,1.2089849563550397,3.451484914011562
428,2003.11.01.09.51.44,False,0.1568735924369386,-0.11435146484375,0.11414530605530859,0.503,-0.663,0.16158727309320853,1.1660000000000001,3.108553273881231,0.5727439665132448,0.034472310293370584,1.2115238120758391,3.7669241866651575
429,2003.11.01.10.01.44,False,0.18154410981662805,-0.11376970214843748,0.112724986289968,0.4175,-0.8045,0.16017127051537122,1.222,2.6051693598532086,0.4192169066203657,-0.00821721061459739,1.213577365860845,3.162169007416902
430,2003.11.01.10.11.44,False,0.21681879980100044,-0.1146830810546875,0.11307497540741701,0.4505,-0.7225,0.16106664901348025,1.173,2.789737593176588,0.4072811654159807,0.005190731166100583,1.211113949563066,3.3802848467396847
431,2003.11.01.10.21.44,False,0.11674340454995713,-0.113579541015625,0.11122154007849432,0.515,-0.6395,0.15897914560777865,1.1545,3.2300114810625473,0.36189008935802014,0.02047663518534662,1.2115663622691175,3.915471549494475
432,2003.11.01.10.31.44,False,0.20439851477854276,-0.11389831542968748,0.1130300334862814,0.4505,-0.619,0.16047674631284162,1.0695000000000001,2.8068066267082616,0.4770788017068115,0.0005736655814751173,1.212062672465454,3.402192970504198
433,2003.11.01.10.41.44,False,0.0654027376876094,-0.11493183593749999,0.11124109134833174,0.526,-0.7835000000000001,0.1599551048417632,1.3094999999999999,3.2912197288688474,0.6248381866452966,-0.02143383927470131,1.2094311966853366,3.980459754377538
434,2003.11.01.10.51.44,False,0.14279394992453187,-0.1138403564453125,0.11297442051274334,0.5640000000000001,-0.7055,0.16039985005253538,1.2694999999999999,3.515001052539268,0.44092151807561963,0.0056831578616402065,1.2115359414836386,4.258987163806269
435,2003.11.01.11.01.44,False,0.1854081804031409,-0.1141130126953125,0.11308345624123828,0.45899999999999996,-0.7705,0.16066562381701832,1.2294999999999998,2.854392445337438,0.6062761537699815,-0.015865549933211785,1.2140472992301898,3.4658270774386315
436,2003.11.01.11.11.44,False,0.15153113772772037,-0.11577390136718752,0.11273133648782344,0.4245,-0.7725,0.1616091520995066,1.197,2.622501219396947,0.5569156973910712,-0.02473682530866198,1.2115792767146227,3.1784423754933924
437,2003.11.01.11.21.44,False,0.20416844735360262,-0.11400439453125,0.112391896671316,0.442,-0.635,0.16009441156136028,1.077,2.7615154616882123,0.39178816056545984,0.012262551231884269,1.2103311944042454,3.342176467632506
438,2003.11.01.11.31.44,False,0.07234994170862141,-0.114014990234375,0.1111850477460887,0.3565,-0.719,0.1592678758330986,1.0755,2.2384097509667145,0.34218202226709327,-0.03854675286954322,1.2123060353941106,2.7136177873280247
439,2003.11.01.11.41.44,False,0.19027807090385818,-0.11506596679687497,0.11209443799694564,0.421,-0.6555,0.16066113248357836,1.0765,2.622201620177387,0.3931313950082318,-0.02698328369136206,1.213028393719518,3.180440901917491
440,2003.11.01.11.51.44,False,0.20878784493233699,-0.114281787109375,0.11466921239020386,0.4905,-0.729,0.16190650647443589,1.2195,3.0234692553533105,0.4004401690770212,0.004749298725978735,1.2136030411075596,3.6706233198309306
441,2003.11.01.12.01.44,False,0.15819331279746152,-0.1141198486328125,0.1156411850363406,0.5065,-0.758,0.1624952096850557,1.2645,3.1101316041821403,0.5096097385211733,-0.004558302429059011,1.2150181540293208,3.779270857769819
442,2003.11.01.12.11.44,False,0.19621199224086766,-0.11507499999999998,0.11232121536696552,0.436,-0.7204999999999999,0.16081701009385235,1.1564999999999999,2.710726993737672,0.4853395230952777,-0.018044863965204043,1.2106494073935956,3.2818310745204355
443,2003.11.01.12.21.44,False,0.09535420494630875,-0.11414301757812499,0.11326135964276601,0.477,-0.9145,0.1608161627949114,1.3915,2.9674245017864758,0.651220798478056,-0.026648234741539614,1.2132764342823883,3.599960832632657
444,2003.11.01.12.31.44,False,0.18173086059197935,-0.11384194335937498,0.11064131446099174,0.4175,-0.714,0.15875990131460221,1.1315,2.6281663007627873,0.4278359443550608,-0.013248424924283086,1.2104632648769147,3.18205700754024
445,2003.11.01.12.41.44,False,0.19740428015732758,-0.11453032226562498,0.11230875293580822,0.42400000000000004,-0.74,0.16041439633151877,1.1640000000000001,2.641347941019104,0.42705969329022575,-0.007449242542236389,1.2099296436708071,3.195738083206999
446,2003.11.01.12.51.44,False,0.21690431169630875,-0.11387431640625001,0.1127172227528512,0.469,-0.6725,0.1602350615426421,1.1415,2.926510748218955,0.4740660390410276,-0.003571804275051802,1.2111245427813122,3.544537299284919
447,2003.11.01.13.01.44,False,0.1701534055831731,-0.11412536621093751,0.11317061219047522,0.45299999999999996,-0.697,0.16073843124963244,1.15,2.8206975821463063,0.49311577644669224,-0.04850269489104298,1.215448740186631,3.4277221464540357
448,2003.11.01.13.11.44,False,0.19741270150401302,-0.11511105957031248,0.11421019549118422,0.444,-0.7705,0.1621597917465713,1.2145000000000001,2.738972332179059,0.41725151255746806,-0.014931741256673074,1.2130344461130194,3.322327118961691
449,2003.11.01.13.21.44,False,0.10278627998641665,-0.113704931640625,0.11294374389923907,0.603,-0.6859999999999999,0.16026992693102554,1.2890000000000001,3.763186462687167,0.4664789742729587,0.01916947225510287,1.2121130114819245,4.561355580188765
450,2003.11.01.13.31.44,False,0.08793000702276887,-0.11407463378906249,0.11306368398945897,0.4235,-0.8865000000000001,0.1606267632444328,1.31,2.638094528388972,0.6828157680688238,-0.021647160054472463,1.2131754814440825,3.2000280263947305
451,2003.11.01.13.41.44,False,0.20407978893182854,-0.1152443603515625,0.11340144179701239,0.435,-0.748,0.16168541349119747,1.1829999999999998,2.693576177197497,0.46626340958114154,0.0003456737368095149,1.211880916127034,3.2642041123186165
452,2003.11.01.13.51.44,False,0.22674010341180129,-0.11429638671875,0.11412649082792878,0.46499999999999997,-0.7265,0.16154104098351604,1.1915,2.8812085357928137,0.4907775362016702,-0.00819122952604856,1.2134814020072642,3.49537381561293
453,2003.11.01.14.01.44,False,0.17526028136425098,-0.11387509765625001,0.11392874557273064,0.5015,-0.7595,0.16109486123627642,1.261,3.1183617353087447,0.5923713460370448,0.011327201644697244,1.213703712909607,3.7831101936163654
454,2003.11.01.14.11.44,False,0.19033788900865672,-0.11519885253906251,0.11314678195638406,0.426,-0.7045,0.1614763288958025,1.1305,2.639269735888198,0.44739436645660047,-0.03348202676320988,1.2119304456483957,3.1983024796832504
455,2003.11.01.14.21.44,False,0.02738747968869515,-0.1140978271484375,0.11232831116173211,0.6165,-0.7969999999999999,0.1601182805069145,1.4135,3.8535640591507154,0.5332771279866217,0.022616228454260735,1.2109834335427752,4.665080861003037
456,2003.11.01.14.31.44,False,0.2008982279053801,-0.1142429931640625,0.1145751886948723,0.439,-0.764,0.16181184219872252,1.2029999999999998,2.715120501467969,0.5662760180724875,-0.0031940587081582894,1.2137965464116975,3.2952673972692734
457,2003.11.01.14.41.44,False,0.2159314868712896,-0.11458974609375,0.11307739829980781,0.449,-0.714,0.16099547694897715,1.163,2.790373642972858,0.40798156597719304,-0.00311355218079882,1.2112993696422474,3.3796833171494027
458,2003.11.01.14.51.44,False,0.13255645792072857,-0.11405546875,0.11212820985257155,0.5735,-0.7165,0.15995325860715942,1.29,3.594988381432839,0.4666485811184149,0.0039032485929697347,1.2109596003627088,4.352194115766373
459,2003.11.01.15.01.44,False,0.15801329135236675,-0.1136754150390625,0.11230497069642217,0.515,-0.675,0.15980696122870997,1.19,3.229060614645313,0.3720134504101067,0.020006446794354683,1.2114245634544922,3.910916047203699
460,2003.11.01.15.11.44,False,0.06496356611596044,-0.114491455078125,0.11173067781345472,0.5445,-0.7715,0.15998677177999648,1.3159999999999998,3.400194546117616,0.6251208558141481,0.029666549683954203,1.2091448119488246,4.112625517176644
461,2003.11.01.15.21.44,False,0.13886046097451882,-0.1144490478515625,0.11054427435265565,0.4675,-0.756,0.15912476749311225,1.2235,2.9320975154503763,0.479550392390963,-0.0029271915936202953,1.2089293655060134,3.5452505319228225
462,2003.11.01.15.31.44,False,0.16690827574608036,-0.1141183837890625,0.11245123162213272,0.38349999999999995,-0.663,0.16022210489188962,1.0465,2.391399391513305,0.3987755645447759,-0.02471074296062866,1.2134725680148082,2.902412897604221
463,2003.11.01.15.41.44,False,0.18869775692372598,-0.11483195800781251,0.11347526710192987,0.437,-0.6425000000000001,0.1614565074521829,1.0795,2.710385463772397,0.46739620123429715,0.023517849467312727,1.2102166112412132,3.2790377532724766
464,2003.11.01.15.51.44,False,0.21840126267814436,-0.1139686767578125,0.11397904008167858,0.4905,-0.714,0.16118858731008925,1.2045000000000001,3.0431609347196034,0.49097344910788276,0.0064688376079377235,1.212211433455641,3.6889431880670465
465,2003.11.01.16.01.44,False,0.1933023656068184,-0.1138834716796875,0.11428529075978838,0.5269999999999999,-0.708,0.1613574023284738,1.2349999999999999,3.262971664767449,0.458115212416631,0.0019843894979006474,1.2128622037141141,3.9581728134354095
466,2003.11.01.16.11.44,False,0.19783929087550156,-0.11534199218749999,0.11389481959929612,0.476,-0.742,0.16212274545379973,1.218,2.9386988257980056,0.4832059561374582,-0.024740439693716462,1.2134777658184905,3.5653416182304394
467,2003.11.01.16.21.44,False,0.15392462131297135,-0.11407321777343749,0.11237619462689785,0.5175,-0.7645,0.16013036357648047,1.282,3.2329884119811805,0.4716051756412529,-0.02262630127087148,1.2133667305600002,3.922610010344898
468,2003.11.01.16.31.44,False,0.13353340856116291,-0.113937060546875,0.11207047139503748,0.4085,-0.616,0.15982776207794705,1.0245,2.5556001020855463,0.3859074798704192,0.028193785160238502,1.208755756393638,3.0891594984891655
469,2003.11.01.16.41.44,False,0.18459548935107378,-0.11545048828125001,0.11509966781603347,0.4305,-0.7255,0.16304286331225487,1.1560000000000001,2.642039777602914,0.49244461742312584,0.012355237839717807,1.2122825637054573,3.2026383967241148
470,2003.11.01.16.51.44,False,0.16346342329674407,-0.1140587646484375,0.11090321635552924,0.47150000000000003,-0.7655000000000001,0.15910563676345993,1.237,2.9564676910714542,0.40137750300368813,-0.007621978633531618,1.2109592922528623,3.581569832752349
471,2003.11.01.17.01.44,False,0.22044600918465013,-0.11415600585937502,0.11358467728526442,0.47750000000000004,-0.7529999999999999,0.16105591608704836,1.2305,2.961649851139697,0.4796586591078431,0.011143107168297691,1.2131223971092395,3.594170180042175
472,2003.11.01.17.11.44,False,0.167798832398232,-0.1153050537109375,0.11445250534685206,0.502,-0.687,0.16247641861984552,1.189,3.0884034643563836,0.5122946160863555,0.016507545636735302,1.211335650070296,3.7416267737345734
473,2003.11.01.17.21.44,False,0.19158074756945942,-0.1140999755859375,0.11308636132558943,0.4955,-0.7155,0.16065791135237195,1.2109999999999999,3.0831230472625175,0.4518632633950672,0.013500641307564957,1.211174191037581,3.7344192193936916
474,2003.11.01.17.31.44,False,0.1456296544289356,-0.11361457519531251,0.11323954713839927,0.392,-0.6545,0.16042339689661678,1.0465,2.44377456512329,0.2647008056190385,-0.019670575159372653,1.2143720851991788,2.967570192616651
475,2003.11.01.17.41.44,False,0.15960464830593435,-0.1154626953125,0.11249129888369058,0.4225,-0.7004999999999999,0.161223756046383,1.123,2.625414813368419,0.3389694863950088,-0.005417314023614513,1.2101298321720844,3.1755784954706705
476,2003.11.01.17.51.44,False,0.17646183781837027,-0.11342062988281248,0.11161939432324225,0.4065,-0.7055,0.15914459443805712,1.112,2.5552996035128994,0.3503498802801368,-0.018919099590133392,1.2125026541793211,3.0981431049986554
477,2003.11.01.18.01.44,False,0.22598175313194813,-0.11395305175781249,0.11293784865055244,0.45399999999999996,-0.723,0.16044467586969133,1.177,2.8322218161474737,0.48906644340103056,-0.012853986062981153,1.21383851757159,3.4374064776934836
478,2003.11.01.18.11.44,False,0.17021876532907354,-0.11471374511718749,0.11436494267240022,0.47250000000000003,-0.7275,0.16200832938299659,1.2000000000000002,2.9225552376876576,0.45172893011628523,-0.04429504936327533,1.216223094793818,3.5525270123833037
479,2003.11.01.18.21.44,False,0.14091637240346028,-0.115852685546875,0.11225171065513256,0.442,-0.7555000000000001,0.1613234186221111,1.1975,2.734409576603542,0.4551546834582849,-0.04154502141671458,1.2102800283361717,3.310003662200855
480,2003.11.01.18.31.44,False,0.21048502643852157,-0.11417106933593749,0.11270303665447584,0.409,-0.714,0.16043787933291465,1.123,2.545806027153786,0.4307925300330495,0.0007352532123648993,1.211945785344215,3.0859289518419635
481,2003.11.01.18.41.44,False,0.22192907359439756,-0.1144917236328125,0.11318287598048721,0.46,-0.681,0.16100016223889574,1.141,2.8618152481490498,0.5213379846678765,0.00015582948354235862,1.2116502162669922,3.466678753813315
482,2003.11.01.18.51.44,False,0.1520476810690498,-0.113672216796875,0.11113647154202021,0.4175,-0.659,0.15898066175773656,1.0765,2.6229686026486467,0.39400193620648283,0.007592750071610627,1.2090771987843572,3.1719164577599273
483,2003.11.01.19.01.44,False,0.21520832911271842,-0.114034521484375,0.11359306310077771,0.45399999999999996,-0.63,0.16096617348131054,1.084,2.8214383297420262,0.44797445623771104,-0.0041327355932539445,1.2138247412392285,3.424360173436251
484,2003.11.01.19.11.44,False,0.20265515510969,-0.11485000000000001,0.11319804569947499,0.44199999999999995,-0.6445000000000001,0.16127465803615332,1.0865,2.744004071903194,0.386795158410304,0.01867501925518817,1.210563257101883,3.321200327912927
485,2003.11.01.19.21.44,False,0.20169099744399482,-0.1142626220703125,0.11378874739043175,0.5005,-0.6845,0.16126661547099602,1.185,3.104180576413755,0.519134136045249,-0.013393534390662584,1.214063491084973,3.7685974005778826
486,2003.11.01.19.31.44,False,0.20359750940660581,-0.11366728515624999,0.11299874285159377,0.41,-0.663,0.16028970528572023,1.073,2.552006070771419,0.3680683748858202,-0.004551721028131754,1.2125786067173254,3.0961647737685403
487,2003.11.01.19.41.44,False,0.12660899823963206,-0.11573173828125,0.11268443150714477,0.524,-0.726,0.1615403286527653,1.25,3.2358085919442425,0.49268052519781924,0.005205594441281292,1.209497152881508,3.9162289141113567
488,2003.11.01.19.51.44,False,0.22435752843182816,-0.1144103271484375,0.1140238687845091,0.4835,-0.6985,0.16153639736208816,1.182,2.9930270844535247,0.46338007591259966,0.013485385744557168,1.2121603778145449,3.6280625958572195
489,2003.11.01.20.01.44,False,0.19510276710862934,-0.11404953613281249,0.11238196415502096,0.453,-0.79,0.1601277610753638,1.2429999999999999,2.829445431066011,0.4967692317747845,0.005965309264084938,1.211150283492195,3.4267972630737327
490,2003.11.01.20.11.44,False,0.2278041097268808,-0.1147066650390625,0.11353392315958752,0.4525,-0.675,0.1613988274541766,1.1275,2.8056701547804224,0.46491456616591886,0.009223441939733172,1.2128740511985665,3.4016397447983353
491,2003.11.01.20.21.44,False,0.1680413825662978,-0.11387937011718749,0.11272054144649954,0.477,-0.8105,0.16024835583429142,1.2874999999999999,2.9709162919274847,0.42778777115517164,-0.018922017297669347,1.2133092114229274,3.607238294954602
492,2003.11.01.20.31.44,False,0.18563608342962107,-0.11442978515625002,0.11462788480959757,0.5309999999999999,-0.7505,0.16198516787007708,1.2815,3.274055472695746,0.5131251395965957,-0.0008076820970901767,1.2133645738573189,3.9733786593755247
493,2003.11.01.20.41.44,False,0.1882256497622407,-0.11516330566406249,0.11325835187076791,0.43200000000000005,-0.6835,0.1615343512006236,1.1155,2.677107498270118,0.46695815089860315,-0.03495212537038489,1.2119228583673038,3.244187693201069
494,2003.11.01.20.51.44,False,0.11944722544714381,-0.113918017578125,0.11130913652499569,0.5325,-0.642,0.15927439864951076,1.1745,3.350481311010123,0.43752204910846326,0.008048249784048177,1.2112324949178213,4.056234652628838
495,2003.11.01.21.01.44,False,0.1721162647759164,-0.1135989013671875,0.11289870933464692,0.47850000000000004,-0.7835000000000001,0.160167394413065,1.262,2.9864641743861644,0.5802491808807646,0.0221961213393794,1.2118297567467087,3.6191773502505455
496,2003.11.01.21.11.44,False,0.07852830628719654,-0.11434499511718749,0.11314157954637095,0.5820000000000001,-0.7675,0.16086908398768962,1.3495,3.6207688435699272,0.6545525847907927,-0.010378109659353566,1.2128542906446818,4.390948880777708
497,2003.11.01.21.21.44,False,0.21603299178850888,-0.113648046875,0.1132997900325205,0.48350000000000004,-0.7105,0.16048848219329692,1.194,3.009462989906906,0.4713278476173173,0.016260076364838606,1.211503653564559,3.647353680589813
498,2003.11.01.21.31.44,False,0.2194914009296116,-0.11398041992187499,0.11345388644775961,0.4385,-0.758,0.16083161831784892,1.1965,2.7269625627307397,0.4734563100492528,-0.014099782827389,1.2140015179319987,3.3104033048713575
499,2003.11.01.21.41.44,False,0.11363193568585717,-0.11576005859375,0.11365537915139369,0.5555000000000001,-0.7424999999999999,0.16223445677132606,1.298,3.4243115158305337,0.5919961963080957,-0.007994576511279489,1.2131745456705527,4.154301467199865
500,2003.11.01.21.51.44,False,0.21302472663482175,-0.114546337890625,0.11198892391360601,0.47350000000000003,-0.73,0.16020239673834172,1.2035,2.9533408463474498,0.4815093953578693,0.0036261379656217715,1.2112580719596764,3.5775379936422973
501,2003.11.01.22.01.44,False,0.07362827276208694,-0.11395932617187499,0.11361409111526549,0.5055000000000001,-0.9775,0.16093032947125036,1.483,3.1523592772088067,0.6119591778288289,0.0049543170019163,1.2122263226866226,3.8186750178718776
502,2003.11.01.22.11.44,False,0.1543842573815441,-0.11515922851562499,0.11449093198107463,0.52,-0.7145,0.16239678330146168,1.2345,3.206042976799684,0.47742676634543146,0.01385020752787194,1.2108067435498553,3.8807093893759363
503,2003.11.01.22.21.44,False,0.18283240459997618,-0.11352197265625,0.11423750417869544,0.44699999999999995,-0.67,0.16105826540529852,1.117,2.777459938538887,0.4331365280885642,-0.03395160956583005,1.2164076199634581,3.3781201450989897
504,2003.11.01.22.31.44,False,0.22309564558803213,-0.113969189453125,0.11364161261432988,0.4675,-0.6825,0.16094835155049553,1.15,2.9059585872450855,0.44283704735397045,-0.026473853985822797,1.213089289031868,3.5247684686300516
505,2003.11.01.22.41.44,False,0.1062599403102229,-0.114540966796875,0.1133979648306046,0.5285,-0.7765,0.16119166373824467,1.3050000000000002,3.284746822388482,0.7014668231546695,-0.012640014216698452,1.2134654566707486,3.9834132985890136
506,2003.11.01.22.51.44,False,0.20299790897373216,-0.11353217773437499,0.11449228995774124,0.40900000000000003,-0.6925,0.16125706075343818,1.1015000000000001,2.539281618033721,0.40085184585795597,0.01230427505467603,1.2138272801450212,3.0813639334189844
507,2003.11.01.23.01.44,False,0.21175168710157966,-0.11377521972656249,0.11432311822351987,0.47350000000000003,-0.7545,0.1613067904806963,1.228,2.9399428857626453,0.45175302220060165,-0.015343524488949102,1.2151918572794147,3.5710919033432074
508,2003.11.01.23.11.44,False,0.19482035581681567,-0.11537529296875,0.11355236530697128,0.4175,-0.6904999999999999,0.16188925214425395,1.108,2.578254815148103,0.412444744523085,0.018756720525675875,1.21145863354687,3.12366322377172
509,2003.11.01.23.21.44,False,0.17850155117824207,-0.11350041503906251,0.11546200536995493,0.492,-0.7364999999999999,0.1619156272333442,1.2285,3.0342542677595716,0.4807559494257325,-0.017017542423647444,1.216184243567816,3.6913643024412774
510,2003.11.01.23.31.44,False,0.13536764875211788,-0.11389140625,0.11118320094883172,0.437,-0.653,0.1591756595923286,1.09,2.745222688464703,0.4129508609778574,0.03904896420137237,1.2077291760157318,3.315537631943272
511,2003.11.01.23.41.44,False,0.1204762555704742,-0.11510063476562499,0.1126794096817248,0.5115,-0.7444999999999999,0.16108727849453944,1.256,3.168468656435154,0.5483640673455432,-0.0009254470969957407,1.2101983710233837,3.834410104783739
512,2003.11.01.23.51.44,False,0.15958923895564137,-0.11375634765625,0.11270551400603356,0.476,-0.8385,0.16014215045354063,1.3145,2.973996109053026,0.48838418394868444,-0.008381180338683954,1.211904901332078,3.6039978070804546
513,2003.11.03.09.53.55,False,0.13902504725547937,-0.11390083007812499,0.11260947485628378,0.47850000000000004,-0.7789999999999999,0.16017486440645953,1.2574999999999998,2.989342395053629,0.7088599231398347,0.002673952223803987,1.2114146923654479,3.620483989329869
514,2003.11.03.10.01.44,False,0.20196045984436184,-0.113590869140625,0.11211274974801788,0.4665,-0.7484999999999999,0.15961749920423002,1.2149999999999999,2.921147269133146,0.4593726575655068,-0.015405916322808196,1.2123947400337194,3.5422986366300666
515,2003.11.03.10.11.44,False,0.14672106121990364,-0.1147520751953125,0.11271321973198514,0.519,-0.6485,0.16086401561072017,1.1675,3.2233208356062573,0.5720790965901701,0.005685379247361251,1.2126394775617189,3.909309317042233
516,2003.11.03.10.21.44,False,0.18246268529075116,-0.11382265625000001,0.11180454911040974,0.46499999999999997,-0.708,0.15956427969840808,1.173,2.9133432622036164,0.5707019975725092,-0.0045993619420969245,1.2103594429892433,3.5263460662022466
517,2003.11.03.10.31.44,False,0.036864834591845086,-0.1147798828125,0.11163178404748825,0.5875,-0.7775000000000001,0.16011713777241007,1.365,3.674274311256772,0.647919567245355,-0.015560505062172672,1.210480494859432,4.44693505154822
518,2003.11.03.10.41.44,False,0.1964538236587528,-0.113663330078125,0.11226840273215458,0.438,-0.7815000000000001,0.15977305548360032,1.2195,2.738580374250367,0.450191388049376,-0.026156234951468085,1.213365570418391,3.323901263523158
519,2003.11.03.10.51.44,False,0.11436000989653816,-0.11469438476562502,0.11133626543349581,0.5065,-0.7215,0.15985200328912297,1.228,3.1759449562116804,0.4245390122823798,-0.002120461851792904,1.2089329732474057,3.837233601063434
520,2003.11.03.11.01.44,False,0.15083334828631745,-0.1140266357421875,0.11011818109285268,0.453,-0.6819999999999999,0.15852598010093305,1.135,2.857548454934282,0.4214856932826414,0.014970823868906438,1.2075736813862947,3.4507126928249345
521,2003.11.03.11.11.44,True,-0.0030974967163581724,-0.11423498535156248,0.11270465869444571,0.6395,-0.759,0.16048598784073037,1.3985,4.0048243952533555,0.802139644294078,-0.008003490539087783,1.2137514441137158,4.855587259379632
522,2003.11.03.11.21.44,False,0.1710446174732299,-0.11435319824218751,0.11367507819705566,0.5225,-0.692,0.1612505308927241,1.2145000000000001,3.2352520107879,0.48686907939618895,0.03628714768988273,1.211071996318422,3.9179992345111696
523,2003.11.03.11.31.44,False,0.18960750175895286,-0.11459433593750001,0.11200217163626539,0.436,-0.752,0.16024705170864045,1.1880000000000002,2.718477068857501,0.47356185798014305,0.00834421983670264,1.2099311173030174,3.28974934137347
524,2003.11.03.11.41.44,False,0.11162983049110065,-0.11429384765624999,0.1095742669959818,0.391,-0.657,0.1583518156729417,1.048,2.4679208145785902,0.3927129435192702,0.0007191602306334736,1.2077026896628977,2.9809560795845873
525,2003.11.03.11.51.44,False,0.19946363523544297,-0.1139918701171875,0.11155955877605644,0.4565,-0.6935,0.15950659688722799,1.15,2.8641260234873123,0.4761116668561278,-0.005590309079268946,1.2107391828498404,3.4674731968405657
526,2003.11.03.12.01.44,False,0.07213832139012888,-0.11351860351562501,0.11257423714329187,0.5945,-0.7605,0.15988980054392715,1.355,3.7219178965054613,0.5587074501095288,0.019391584752841255,1.2115349599806409,4.508519196915945
527,2003.11.03.12.11.44,False,0.16824831937491375,-0.114641162109375,0.11234459985460084,0.498,-0.653,0.1605273902753267,1.151,3.1025007113491685,0.4358064383229403,-0.009057436471235799,1.2109308732988437,3.756813748834287
528,2003.11.03.12.21.44,False,0.14438841020194965,-0.11431911621093749,0.1107914600028083,0.437,-0.6295,0.15921241392205426,1.0665,2.7392504798355723,0.3437024388031211,0.0021749743900222156,1.2095279698297379,3.315162300880673
529,2003.11.03.12.31.44,False,0.11894094980878678,-0.1161534423828125,0.11270237563146598,0.4395,-0.8089999999999999,0.16185012549244998,1.2485,2.7195409287401957,0.517851456490048,-0.012947386598754248,1.2099751166417767,3.289061133379646
530,2003.11.03.12.41.44,False,0.1208263489176184,-0.11620073242187501,0.11146261140854295,0.4065,-0.7285,0.16105072549159605,1.135,2.5233535331729335,0.41361427632332304,0.003617833812835795,1.2072362422294787,3.04652049799026
531,2003.11.03.12.51.44,False,0.21712257973169702,-0.11425280761718751,0.1121131575595561,0.442,-0.6825,0.16008293889884284,1.1245,2.768619519332841,0.4332151431627518,0.008218939538663442,1.2106629450617516,3.3501106229682307
532,2003.11.03.13.01.44,False,0.07391674651637226,-0.114338525390625,0.11025513674535303,0.53,-0.729,0.15885088876076614,1.259,3.3349958778387916,0.5409030752011572,0.03287799806296563,1.2079417462046067,4.0290341051608936
533,2003.11.03.13.11.44,False,0.158975909240056,-0.1146671875,0.11150238728615475,0.40049999999999997,-0.6839999999999999,0.15994873941250362,1.0844999999999998,2.502794027989866,0.5235034948070265,-0.007280610977387545,1.2103100986916355,3.0292974177045355
534,2003.11.03.13.21.44,False,0.025143299839714306,-0.1137808349609375,0.11168637615926388,0.5845,-0.819,0.1594588629103723,1.4035000000000002,3.662491320857389,0.6490411376114449,0.0156772486830142,1.210404062831903,4.434024707320197
535,2003.11.03.13.31.44,False,0.12557439530965353,-0.11570646972656248,0.11001714683075747,0.4395,-0.675,0.15967066551812042,1.1145,2.7468778192408267,0.3398609506708057,-0.011955417833705512,1.2070413203975612,3.316940308416264
536,2003.11.03.13.41.44,False,0.1315027513898055,-0.114339111328125,0.11200716193181748,0.5155,-0.747,0.16006781532302922,1.2625,3.214980972235558,0.48336689691823986,0.027651590770694904,1.2094086449143897,3.8895246846430034
537,2003.11.03.13.51.44,False,0.09300052513128743,-0.11437763671875001,0.11070915365474804,0.569,-0.7444999999999999,0.15919076377471275,1.3135,3.580236093542786,0.5395790639009408,-0.014708054326503265,1.2102687207524196,4.330893857057607
538,2003.11.03.14.01.44,False,0.15251272334332577,-0.1148287109375,0.11103938767390731,0.44099999999999995,-0.6970000000000001,0.1597463018691807,1.138,2.763812255267457,0.4418858149746172,0.009697006618711422,1.2076048476154582,3.337054836413089
539,2003.11.03.14.11.44,False,0.15544302923853703,-0.1137549072265625,0.11286233594246467,0.515,-0.7955,0.16026722086851453,1.3105,3.2059171028466924,0.4744898237520594,-0.008404090690994032,1.2132432695143902,3.890557385803387
540,2003.11.03.14.21.44,False,0.11293488153770648,-0.11395412597656251,0.11071256203942659,0.52,-0.681,0.15888739797111015,1.201,3.275116275997752,0.44173198904865907,0.018926125065791208,1.2095973623737222,3.9611511409764906
541,2003.11.07.14.51.44,False,0.04486932753539086,-0.11609265136718751,0.11155341887066567,0.5885,-0.7095,0.1610061367636044,1.298,3.657518673196342,0.4527857108467117,0.007139232885301917,1.207918070177408,4.417421368029677
542,2003.11.07.15.01.44,False,0.0514938036154714,-0.1153156494140625,0.11207381711778863,0.5955,-0.7655000000000001,0.16081603249110005,1.3610000000000002,3.7056459551559375,0.6122854535438553,0.008700282406741165,1.2104418252468765,4.485001852960892
543,2003.11.07.15.11.44,False,0.12111314291468017,-0.1140309814453125,0.11231168180563003,0.53,-0.653,0.16006771717870105,1.1829999999999998,3.3088541432214735,0.46814712389471613,0.04059678420184595,1.2104386061887147,4.005935488741578
544,2003.11.07.15.21.44,False,0.11662551940587862,-0.1169803955078125,0.1104335184708003,0.4795,-0.6675,0.1608760913376885,1.147,2.981245626025711,0.3788532624160601,-0.001391355404772232,1.207747839574762,3.6005862421797037
545,2003.11.07.15.31.44,False,0.12221547311252862,-0.1143016845703125,0.11331899546621779,0.4465,-0.869,0.16096544967763343,1.3155000000000001,2.773584615383271,0.5825512824430576,0.013838691228308723,1.2103653267549421,3.357185974838647
546,2003.11.07.15.41.44,False,0.1281049076864762,-0.11353859863281252,0.11074670671923018,0.4935,-0.718,0.1586157490098909,1.2115,3.114020740712035,0.45341953679890556,0.003496917429028408,1.2100841321209626,3.7681430226748116
547,2003.11.07.15.51.44,False,0.18752005314462916,-0.11463701171874999,0.11189917692730716,0.4235,-0.747,0.16019900247710278,1.1705,2.6450325495768148,0.49096598575373585,-0.005043374520132784,1.2107267435226663,3.20171175005529
548,2003.11.07.16.01.44,False,0.20906572089937003,-0.11441162109375,0.11202042530519196,0.4345,-0.702,0.160125399533812,1.1365,2.710826592086927,0.48172209851256786,-0.016931647482810817,1.2119238931969438,3.2860139638809986
549,2003.11.07.16.11.44,False,0.19346155876459015,-0.11411806640625,0.1118441885266957,0.449,-0.734,0.15979253707410324,1.1829999999999998,2.810847644958569,0.5648576074983565,0.0020186412123985933,1.2113373642685845,3.404619810199046
550,2003.11.07.16.21.44,False,0.1702562471769034,-0.11451816406250001,0.11087776901768852,0.435,-0.63,0.1594015981571367,1.065,2.7300171753286415,0.42496981248197274,0.006747760760054199,1.2097542797721759,3.3023567379693874
551,2003.11.07.16.31.44,False,0.17150740852205387,-0.1136384521484375,0.11059008886352324,0.42700000000000005,-0.647,0.15857618091079678,1.0739999999999998,2.695509820581944,0.4294152787076009,0.008572745603665489,1.209979129376634,3.260398624860547
552,2003.11.07.16.41.44,False,0.050111429502454174,-0.11315014648437499,0.1126958046599196,0.508,-0.8725,0.1597003271894293,1.3805,3.1821132885993917,0.6862991474540854,-0.02940281975496848,1.2152505019625748,3.8662349467723476
553,2003.11.07.16.51.44,False,0.1375621705230901,-0.11592587890625,0.11153662969587369,0.4575,-0.6655,0.16087045402498015,1.123,2.84466046488315,0.4718534951433324,0.005828523319717967,1.2079423888566567,3.4364831819503494
554,2003.11.07.17.01.44,False,0.14551231149324084,-0.11422260742187498,0.11277538655002617,0.5555,-0.7155,0.16051562206157222,1.271,3.46237672924517,0.5061262092302734,0.021916774103700257,1.211336362276379,4.193640464989004
555,2003.11.07.17.11.44,False,0.20601313887897754,-0.11448601074218749,0.11239950174083298,0.4405,-0.72,0.16044351261896017,1.1604999999999999,2.744726354018625,0.5457408623796058,-0.0013527364678224945,1.2127137603782923,3.3287041475075254
556,2003.11.07.17.21.44,False,0.14768051269168597,-0.11548266601562501,0.11211384280625147,0.497,-0.6545000000000001,0.16095438217184715,1.1515,3.0910901940407935,0.4374906810743773,0.0038065148880621364,1.2098078761746238,3.7392873422301673
557,2003.11.07.17.31.44,False,0.11727033206004911,-0.1144227783203125,0.11135629382753373,0.435,-0.808,0.15967303735566668,1.2429999999999999,2.725984612878805,0.48281742105356007,0.015372326863641084,1.2087494422931182,3.294893461810652
558,2003.11.07.17.41.44,False,0.1538838046709617,-0.1140560302734375,0.11144249906739984,0.4685,-0.6655,0.15946944726746778,1.134,2.942300529379855,0.49722771188060433,0.02820250929794113,1.209270446409388,3.555988434835599
559,2003.11.07.17.51.44,False,0.0838735653490672,-0.1148511474609375,0.11044439282551055,0.538,-0.6479999999999999,0.15933966392814397,1.186,3.3773863635525565,0.5013462416870214,0.00040020719537883255,1.2095445113949295,4.083843806915242
560,2003.11.07.18.01.44,False,0.13272038807506187,-0.1136218017578125,0.10962925056109213,0.481,-0.7005,0.15789418601214603,1.1815000000000002,3.050709062317328,0.4659382467890332,0.026239675063666142,1.2064527983593272,3.6795076282470403
561,2003.11.07.18.11.44,False,0.17058423904538644,-0.1139744873046875,0.11119948900633372,0.4775,-0.6705,0.15923694582660708,1.148,2.9989542106935527,0.4206959130719774,0.01688567576039824,1.210242764192839,3.6294049227725846
562,2003.11.07.18.21.44,False,0.11220870197893007,-0.1154912353515625,0.11189655304010841,0.514,-0.719,0.16081541206224773,1.233,3.198695469316786,0.5364048291380938,0.0002709179107007204,1.2099121173206635,3.8692754623531074
563,2003.11.07.18.31.44,False,0.18268841680003894,-0.11398808593750001,0.1122882240484118,0.40800000000000003,-0.7815,0.16001908249216068,1.1895,2.5519580822286536,0.5139593669674669,0.003844571884294463,1.2111246774104827,3.0897637298312635
564,2003.11.07.18.41.44,False,0.1958106127668085,-0.113686474609375,0.11181494615370613,0.4165,-0.6595,0.15946877375599772,1.076,2.6137355793192603,0.46801186961009567,0.0027253403113597545,1.211022581167223,3.165155677324747
565,2003.11.07.18.51.44,False,0.13614343535104378,-0.11511723632812498,0.11151999646276864,0.47750000000000004,-0.6910000000000001,0.16028427953749902,1.1685,2.9751811731211184,0.6034953590966359,0.005557944853987007,1.2092689406926183,3.5982008823857567
566,2003.11.07.19.01.44,False,0.10514186397422276,-0.11377434082031249,0.11025828415764255,0.485,-0.5945,0.15843766434643275,1.0795,3.064104316837378,0.38469920475145214,0.010734780732586572,1.2081496899018824,3.7009514864015807
567,2003.11.07.19.11.44,False,0.10764843293206738,-0.113745556640625,0.10970773087355074,0.4395,-0.813,0.1580395283183223,1.2525,2.779307771835694,0.5470532108088653,-0.0197660197072581,1.2090747680366423,3.360780818236545
568,2003.11.07.19.21.44,False,0.18508342639642028,-0.115307666015625,0.11242843021541767,0.46599999999999997,-0.681,0.16105807384713716,1.1469999999999998,2.8932973975421925,0.48063513102545685,0.007611958403309381,1.210083806894659,3.5011617867536913
569,2003.11.07.19.31.44,False,0.10099238936010368,-0.113732373046875,0.11112740583150227,0.436,-0.897,0.15901622680187405,1.333,2.7402379681661,0.5888666023633404,-0.029057848495965752,1.213314526583475,3.325516390317104
570,2003.11.07.19.41.44,False,0.1476335216811573,-0.11386403808593751,0.11221902579615681,0.431,-0.8555,0.15988374389251336,1.2865000000000002,2.702658612801816,0.5094584969911606,-0.011014792604379585,1.2111667774695922,3.272265808977479
571,2003.11.07.19.51.44,False,0.03811324051460441,-0.11486005859374998,0.11083746005259379,0.5665,-0.7665,0.15961761545278702,1.333,3.5529191928909856,0.5608746985879032,0.015946609724867444,1.2090566053796918,4.2953283082713565
572,2003.11.07.20.01.44,False,0.14661632589853774,-0.1145111328125,0.11079225859315041,0.4505,-0.7375,0.15933878460296855,1.1880000000000002,2.82805605745246,0.5126725877196063,-0.006161499156150758,1.208153237595059,3.4165635210013647
573,2003.11.07.20.11.44,False,0.19153638235479886,-0.113937158203125,0.11182694231944582,0.399,-0.69,0.15965019726670904,1.089,2.498804899883303,0.43092663025914835,-0.018261591715475547,1.2125762748567177,3.030015880907171
574,2003.11.07.20.21.44,False,0.10168422349101258,-0.1159230712890625,0.11157623270920891,0.386,-0.713,0.1609000366455814,1.099,2.3974874568892703,0.39307626413346153,-0.0024293674041155284,1.2080024792492439,2.896466228669584
575,2003.11.07.20.31.44,False,0.1205456567698856,-0.11495712890624998,0.1111092480574245,0.47,-0.5954999999999999,0.15988723729555449,1.0655000000000001,2.9407126798920733,0.41005234782830113,0.029594673823689535,1.2073115658302744,3.5501540745685416
576,2003.11.07.20.41.44,False,0.0321818128637017,-0.1138073974609375,0.11445208471176947,0.6114999999999999,-0.8089999999999999,0.16140882423196484,1.4205,3.794455237434799,0.6963461616680524,0.0079192126549151,1.2129569963558287,4.6014969010463656
577,2003.11.07.20.51.44,False,0.09437196480541765,-0.11483737792968751,0.11197517511144356,0.475,-0.8434999999999999,0.16039577230796975,1.3184999999999998,2.962551356978354,0.5769167206404577,0.02078973802726272,1.2085460718585197,3.58042025663204
578,2003.11.07.21.01.44,False,0.17341830718366025,-0.11457109374999999,0.11127845212775943,0.442,-0.7130000000000001,0.1597232720576921,1.155,2.76712543091043,0.4198916966390178,0.008832273840353795,1.2099553472580737,3.348068487018289
579,2003.11.07.21.11.44,False,0.12715685747469946,-0.113260498046875,0.11226633700802993,0.5115000000000001,-0.801,0.15948248933479423,1.3125,3.208566056904183,0.5089509256538978,0.009868664921071406,1.2124861248282772,3.8898554463956927
580,2003.11.07.21.21.44,False,0.13165227679443198,-0.11629609375,0.11135546592814588,0.472,-0.698,0.16101429964745517,1.17,2.9306388236850522,0.3662175305179476,-0.013826967197533659,1.209762547393244,3.545630574807225
581,2003.11.07.21.31.44,False,0.14691957858822563,-0.11401123046874999,0.1099414838243675,0.45499999999999996,-0.6615,0.1583933723248372,1.1165,2.8751793500563356,0.42117199436695185,0.01299397832709422,1.2080223821410003,3.4726606145229453
582,2003.11.07.21.41.44,False,0.10246669841070943,-0.113845849609375,0.11044550413413992,0.514,-0.8175,0.1586232228754137,1.3315000000000001,3.2404697414059367,0.5341175395718061,-0.007196414861789811,1.2121773204601602,3.927967560510253
583,2003.11.07.21.51.44,False,0.1353839848750869,-0.1151507080078125,0.11218989847685848,0.48450000000000004,-0.7595000000000001,0.1607710828815244,1.2440000000000002,3.012292493381196,0.4848218243100293,0.013558947975759367,1.2089409276398801,3.6419542730931855
584,2003.11.07.22.01.44,False,0.18370140228382953,-0.11402524414062501,0.11101498396272179,0.464,-0.6825,0.15914279525551256,1.1465,2.913679176819326,0.4355077484386638,0.00257603084164854,1.210414830176112,3.5273250831270113
585,2003.11.07.22.11.44,False,0.16360162166551978,-0.11424189453125001,0.11143387704766264,0.43100000000000005,-0.675,0.15959783558735777,1.106,2.69936406773342,0.4252936145382107,0.016216902319603127,1.2089815687755503,3.2643012558070756
586,2003.11.07.22.21.44,False,0.17354421242082751,-0.11494948730468749,0.11174731421023887,0.42500000000000004,-0.647,0.1603185678399489,1.072,2.6532064540038274,0.44470578223404966,0.01232059623496649,1.2099094259367948,3.2096439966863173
587,2003.11.07.22.31.44,False,0.12506494801314422,-0.11385795898437501,0.11130394746082353,0.5045,-0.6799999999999999,0.159233279570204,1.1844999999999999,3.167972052514473,0.4475111722470644,0.013597872791367,1.2096113805513797,3.832331006418025
588,2003.11.07.22.41.44,False,0.14746317400291659,-0.1138222900390625,0.11004173368587629,0.4455,-0.6545000000000001,0.15833067879551083,1.1,2.8168720364611177,0.41775942333097915,0.023498879063244438,1.206593628670658,3.3976947371438877
589,2003.11.08.10.22.19,False,0.15910277167457226,-0.1122070556640625,0.11059490732631416,0.46499999999999997,-0.6545,0.1575540536757167,1.1195,2.952245270740676,0.3575607264883036,-0.0014599184959764805,1.212182339309962,3.578191207375374
590,2003.11.08.10.31.44,False,0.10084935509279302,-0.11579179687499999,0.11229443574403114,0.526,-0.652,0.16131066117340714,1.178,3.265922644216304,0.43788267047975227,0.020744064802878822,1.2090586665203022,3.948346033611701
591,2003.11.08.10.41.44,False,0.11902458436704133,-0.114628662109375,0.11153065456917258,0.5285,-0.7395,0.15994903346001355,1.268,3.311264346809117,0.6145031310764408,0.005661718339063954,1.2126244495609013,4.013959191772466
592,2003.11.08.10.51.44,False,0.08202938221483702,-0.11410258789062501,0.11131434076120102,0.5115000000000001,-0.8614999999999999,0.15941059314523207,1.3730000000000002,3.20693549675934,0.5998720885317186,-0.01663707786810452,1.212037982879946,3.8873026361974414
593,2003.11.08.11.01.44,False,0.13818227622523432,-0.11402575683593749,0.10984003973258555,0.44199999999999995,-0.73,0.15833682186510561,1.172,2.7932807199957117,0.40474248668194934,0.022428153582372115,1.2063653990985364,3.3688162732870905
594,2003.11.08.11.11.44,False,0.15902080179318046,-0.1139982177734375,0.11074516996824874,0.4655,-0.6875,0.15894059008167077,1.153,2.9285296651582744,0.45828513565716333,0.005466322723867283,1.2091378441133804,3.541017146030743
595,2003.11.08.11.21.44,False,0.21682619202742065,-0.11454206542968749,0.1125370365613585,0.42200000000000004,-0.743,0.16057991039735298,1.165,2.6261562373221183,0.4776087239213229,-0.0013730342400752682,1.212796296634946,3.1854995532958315
596,2003.11.08.11.31.44,False,0.12376792530100483,-0.114720947265625,0.11249722078139006,0.393,-0.603,0.16067538244235396,0.996,2.4470230764434255,0.32660890325542913,0.009065123211566016,1.2111172563340915,2.9633660031422258
597,2003.11.08.11.41.44,False,0.13573671473832333,-0.1151564453125,0.11158306270742538,0.44299999999999995,-0.79,0.16034980988139544,1.2329999999999999,2.762013379803042,0.5096374460509825,0.004022770564535153,1.209598054447346,3.3408333485010795
598,2003.11.08.11.51.44,False,0.11668097757255336,-0.114675341796875,0.11015935427244947,0.4125,-0.7835000000000001,0.1590302978076216,1.1960000000000002,2.59441317890636,0.4811009722496664,0.003656526089175634,1.2067345291174945,3.130432731824256
599,2003.11.08.12.01.44,False,0.16616038137705647,-0.11355993652343749,0.11110126988767596,0.4185,-0.7264999999999999,0.1588743148103554,1.145,2.6316982274649745,0.4672946952666521,-0.009229964818544422,1.20989365854647,3.184034702990492
600,2003.11.08.12.11.44,False,0.15301487893283883,-0.113794189453125,0.1114667711292597,0.442,-0.7825,0.15929934358932163,1.2245,2.773854253565858,0.5034050126463658,-0.0353511455790112,1.2124269201902083,3.363175914459764
601,2003.11.08.12.21.44,False,0.16843953015808083,-0.11412009277343749,0.11213899775088221,0.394,-0.6435,0.16000140592337986,1.0375,2.462356675260402,0.3663894503236782,-0.011982044926526459,1.2111151955697617,2.9822097879326575
602,2003.11.08.12.31.44,False,0.15910952088526492,-0.11322238769531251,0.1124632670772386,0.3775,-0.7205,0.15958984287791445,1.098,2.364779946134399,0.4960628365273163,-0.024892006367004754,1.2131457370808936,2.869160228970581
603,2003.11.08.12.41.44,False,0.10446071558462966,-0.11464643554687501,0.10979088630728215,0.47950000000000004,-0.78,0.1587419324889951,1.2595,3.0242440797556625,0.5120941699790607,0.0035185100410144313,1.2065205714752403,3.6486910381897357
604,2003.11.08.12.51.44,True,-0.021806849335908263,-0.114153564453125,0.11153595828325774,0.6445,-0.802,0.1596034490943059,1.4465,4.035373633710138,0.6689199459918356,-0.006984930872639917,1.2117522040750335,4.890600678434824
605,2003.11.08.13.01.44,False,0.10396578923909516,-0.11451569824218749,0.11046893173884231,0.4395,-0.8315,0.15912108725556923,1.271,2.762520534475052,0.5740540733700823,-0.038255215626353534,1.210680942691003,3.344429250784212
606,2003.11.08.13.11.44,False,0.11125406661833825,-0.113503271484375,0.11240803322982841,0.574,-0.757,0.15974861908705218,1.331,3.600576010469699,0.6174159348355708,-0.003780184010758258,1.2131013410570133,4.368139348520254
607,2003.11.08.13.21.44,False,0.1729579153334712,-0.11431474609375,0.1116121002218706,0.4395,-0.751,0.15977888301408383,1.1905000000000001,2.7522284906447427,0.4707058588427404,0.005232442495534652,1.2096501365364585,3.3289334587947383
608,2003.11.08.13.31.44,False,0.07272427279710147,-0.1135714111328125,0.11231419387596978,0.5895,-0.7725,0.15973128690599508,1.362,3.6935669742884096,0.5388691333020916,0.011221046956768371,1.212043682363666,4.475377815984983
609,2003.11.08.13.41.44,False,0.21999925869145137,-0.11474619140625,0.1126659419863216,0.45399999999999996,-0.6935,0.16081673717847184,1.1475,2.8239054317890315,0.4532446167927535,-0.00827445294886039,1.212074551665965,3.422331084741181
610,2003.11.08.13.51.44,False,0.07734628868539883,-0.114563623046875,0.1104360906096804,0.364,-0.7995,0.15913249485076675,1.1635,2.286929603918299,0.4116552745925084,-0.022895671799685675,1.2084270720803891,2.7636759674674622
611,2003.11.08.14.01.44,False,0.13589331092558893,-0.114532421875,0.11168325102012042,0.49149999999999994,-0.7384999999999999,0.15998476124217176,1.23,3.065894525234119,0.6210110608175761,-0.002784141257480917,1.2103870403789818,3.711906578651903
612,2003.11.08.14.11.44,False,0.14916449638201718,-0.11401691894531249,0.10958359849675005,0.4235,-0.729,0.15814518556111007,1.1524999999999999,2.681602821307907,0.4274054455551046,-0.00678005004592935,1.2087851207314437,3.2418229233443867
613,2003.11.08.14.21.44,False,0.09023593191079804,-0.11415808105468751,0.1088385776027194,0.536,-0.6665000000000001,0.15772994291468512,1.2025000000000001,3.398318652157357,0.48431312308097296,0.010667167995322295,1.2061207840829598,4.098771126164969
614,2003.11.08.14.31.44,False,0.22665365445679797,-0.1138630615234375,0.11294520800931042,0.448,-0.6885,0.16038105133844793,1.1365,2.7920768613773266,0.473261384971718,0.009049456000657178,1.2119787445131673,3.384674586310301
615,2003.11.08.14.41.44,False,0.1529342184599008,-0.11464328613281251,0.11081341919213358,0.425,-0.6539999999999999,0.1594578599400851,1.079,2.6659198120110403,0.42776561664057855,0.01936391937516537,1.2088875817605198,3.22257374630687
616,2003.11.08.14.51.44,False,0.0674915547108047,-0.113536474609375,0.11311793803564149,0.5465,-0.8009999999999999,0.160273165407384,1.3475,3.404794897174165,0.7111913957229117,-0.02424592040266529,1.213979670929184,4.135052521607449
617,2003.11.08.15.01.44,False,0.18344300834226807,-0.11415527343750001,0.11166756945325364,0.41400000000000003,-0.7090000000000001,0.15969500731018577,1.1230000000000002,2.5911943742852825,0.5265704390412764,1.1112344388820167e-05,1.2117207892259454,3.139637807618114
618,2003.11.08.15.11.44,False,0.16170273148773806,-0.1132681884765625,0.11115470006680657,0.459,-0.707,0.15870370406823875,1.166,2.8920172267026354,0.44566249339931296,0.022126678790339055,1.210047051720634,3.499520381394759
619,2003.11.08.15.21.44,False,0.12404308732729502,-0.11354421386718751,0.1100692407692514,0.438,-0.603,0.15813833282121165,1.041,2.7707688576252334,0.3622863166669539,0.018743474536205708,1.2093671363846834,3.350443358972595
620,2003.11.08.15.31.44,False,0.19419899359228182,-0.113877197265625,0.11162799245334326,0.4785,-0.7055,0.15946968943794793,1.184,3.000412907163189,0.4901138599024726,0.006907519052401348,1.2114704015749673,3.6349566787304775
621,2003.11.08.15.41.44,False,0.16270071231854794,-0.1142765869140625,0.11209382068138932,0.4995,-0.6885,0.16008218822820172,1.1880000000000002,3.120607394806952,0.5996973549544917,-0.0043860367491485325,1.21270619080603,3.7842914855791006
622,2003.11.08.15.51.44,False,0.12796822449091755,-0.113525439453125,0.11071424389641982,0.42600000000000005,-0.758,0.15857785216287024,1.184,2.684662886458526,0.5316802544528039,0.01913381053396057,1.2092600546835421,3.2467514802331596
623,2003.11.08.16.01.44,False,0.12225133964603235,-0.11402055664062499,0.1108574935917311,0.43300000000000005,-0.669,0.15903674950307797,1.102,2.7210173667223128,0.28878276176702156,0.00803085240187683,1.2068862599663523,3.284546175152328
624,2003.11.08.16.11.44,False,0.11214622310692768,-0.114553125,0.11071999713613957,0.508,-0.6799999999999999,0.1593216259148867,1.188,3.194904870297728,0.4582464766949881,0.016601408687702407,1.2089479879773637,3.862975068817419
625,2003.11.08.16.21.44,False,0.13569095577229057,-0.113996142578125,0.11143186136234237,0.52,-0.734,0.15941560648963166,1.254,3.266543188922513,0.556069581006357,0.000987242248347028,1.2111218798400063,3.9547493624964165
626,2003.11.08.16.31.44,False,0.14490396594634575,-0.11446110839843751,0.11252713323285043,0.3835,-0.626,0.16051742242067263,1.0095,2.3889202940823457,0.40900955613671,-0.0028342921004264245,1.2113883819816917,2.8939876032534473
627,2003.11.08.16.41.44,False,0.13955676299109093,-0.1139555419921875,0.11000644426385878,0.433,-0.724,0.15840183663103846,1.157,2.7334235864423504,0.479767579024563,0.021074331814408005,1.206954862814911,3.2991398359780093
628,2003.11.08.16.51.44,False,0.09631679640632151,-0.11425068359375,0.10997747577838538,0.3805,-0.756,0.15858795621910812,1.1365,2.399291146244047,0.35497186145765425,0.0014048517826300401,1.2089772151232605,2.9006906814076143
629,2003.11.08.17.01.44,False,0.10442114107706124,-0.1147233642578125,0.11010001350079793,0.5055000000000001,-0.7145,0.15901654829636738,1.2200000000000002,3.1785032186039137,0.4754725064632781,0.008071888553207798,1.2081559877953838,3.840320108548081
630,2003.11.08.17.11.44,False,0.18745780694725406,-0.11433215332031249,0.11210108624476223,0.4615,-0.7335,0.1601275908243956,1.1949999999999998,2.881204289348209,0.5389576063426045,-0.03361655428014172,1.2118133292576907,3.4917256252148623
631,2003.11.08.17.21.44,False,0.15123693425202045,-0.1137655029296875,0.11069998555504881,0.521,-0.6799999999999999,0.1587492019614522,1.201,3.2876065546018625,0.41718858698722117,-0.009788386508026787,1.2119162556778649,3.9833208445597164
632,2003.11.08.17.31.44,False,0.19023048198043468,-0.1134194580078125,0.11193385317165408,0.491,-0.6875,0.1593537600847626,1.1784999999999999,3.0808470056053796,0.42618329822198486,0.007299605138230856,1.212396164419963,3.7351194713185505
633,2003.11.08.17.41.44,False,0.13409670241379867,-0.11402272949218749,0.11189669305783838,0.5175,-0.6910000000000001,0.15975959953101482,1.2085,3.2422682921401855,0.6264773047761434,0.006278441248167911,1.2115505768796944,3.9268162738078036
634,2003.11.08.17.51.44,False,0.09109227161575861,-0.1138546142578125,0.10995012289878936,0.383,-0.6725,0.15828351483975397,1.0554999999999999,2.419968358880353,0.3272168727127327,0.009138346833919871,1.207957323842148,2.923197778819531
635,2003.11.08.18.01.44,False,0.15733496353658888,-0.1137065185546875,0.11377606828157161,0.5395000000000001,-0.719,0.16085701504123448,1.2585,3.3536711092248117,0.6152904191217707,0.004423333508354947,1.2146720941187226,4.073655134960103
636,2003.11.08.18.11.44,False,0.09702375686658249,-0.114222900390625,0.11076383444330881,0.552,-0.7775,0.15911476222735643,1.3295,3.4745723898881407,0.558402440272002,-0.0076425410799894995,1.2109416626451939,4.205907004260017
637,2003.11.08.18.21.44,True,-0.016105992860156015,-0.1137851806640625,0.11186629420845592,0.6655,-0.7885,0.15957116065863347,1.454,4.1794003669440345,0.5991033286560006,0.015230364847161568,1.210640466845217,5.057618768862314
638,2003.11.08.18.31.44,False,0.18104371234201377,-0.1143508056640625,0.11266567396320841,0.486,-0.6505000000000001,0.16053026905695472,1.1364999999999998,3.030467852377091,0.5737488823467749,0.019645931398680636,1.2110797532336448,3.6696688823054124
639,2003.11.08.18.41.44,False,0.0873599362803762,-0.11470761718749999,0.11305584289490317,0.5725,-0.7925,0.16105877629296908,1.365,3.561912646245439,0.5931409508276011,0.024098882316155257,1.211135397933071,4.313165277292135
640,2003.11.08.18.51.44,False,0.1254033326300641,-0.114127978515625,0.11021880695620684,0.4835,-0.7164999999999999,0.15866832089636596,1.2,3.0482525642451748,0.4021895061650873,0.019678661679680184,1.207314780276041,3.6798008401265405
641,2003.11.08.19.01.44,False,0.20268708331904606,-0.1146234130859375,0.11350736195663283,0.48,-0.74,0.16131779468676083,1.2200000000000002,2.9780041873612446,0.5065757811980516,-0.01687405200551861,1.212622504863021,3.6104963470906437
642,2003.11.08.19.11.44,False,0.0982371018704079,-0.11417080078125,0.11335924061962507,0.5685,-0.764,0.1608910238849818,1.3325,3.5395054031418383,0.6537072751302404,0.011580214510314744,1.2125449951508989,4.292095631936996
643,2003.11.08.19.21.44,False,0.15437512615995203,-0.112590771484375,0.11108020411129509,0.48350000000000004,-0.654,0.15817582297226448,1.1375,3.060362558453043,0.4473370187156849,-0.0033454373547193235,1.2119153313659998,3.707488466277039
644,2003.11.08.19.31.44,False,0.16840992467647875,-0.1148881591796875,0.11185772322855025,0.44799999999999995,-0.7645,0.16035060432216186,1.2125,2.7927613146487915,0.48835562212982975,-0.01537764245073659,1.2102745928566008,3.380087837670957
645,2003.11.08.19.41.44,False,0.16177258197030908,-0.11435141601562501,0.11084941871080833,0.477,-0.6495,0.15926930786575286,1.1265,2.9940963097462125,0.45832910562885365,0.004692782300404267,1.2098809257728962,3.6227780570834125
646,2003.11.08.19.51.44,True,-0.02428090140638739,-0.114663427734375,0.11292535312283775,0.6665,-0.774,0.16093580337484242,1.4405000000000001,4.154376475124606,0.681258007401808,0.035248748664684845,1.2105045561304504,5.028025434490991
647,2003.11.08.20.01.44,False,0.0622610895351593,-0.113413525390625,0.1114237751534592,0.5329999999999999,-0.7715,0.15899367411941928,1.3045,3.3509976448466774,0.666547297356386,0.0248001528725078,1.2105289643228576,4.0566509313390045
648,2003.11.08.20.11.44,False,0.21703773649528046,-0.11405361328125001,0.1125593106571765,0.4285,-0.687,0.1602444987194009,1.1155,2.674091354282011,0.46989339117732354,-0.0004004032612273589,1.211746449072888,3.240299991607328
649,2003.11.08.20.21.44,False,0.12228287919417186,-0.114807177734375,0.10916869181394676,0.414,-0.626,0.15843229386624433,1.04,2.6101317854616943,0.36718290832843103,-0.0006550174235495216,1.207200261476963,3.1514574912742406
650,2003.11.08.20.31.44,False,0.1162405849279472,-0.11444960937500001,0.111914656302969,0.5005,-0.729,0.16008657752332534,1.2294999999999998,3.128995948454078,0.6740117105565648,-0.006082087420911153,1.2114068869391637,3.789903539222167
651,2003.11.08.20.41.44,False,0.02579993412977477,-0.11380986328125,0.11188028296249339,0.603,-0.8089999999999999,0.15959975787308528,1.412,3.771042534192471,0.6202826731669908,-0.005060372908440837,1.2125805708864696,4.574497319157624
652,2003.11.08.20.51.44,False,0.14950171019452146,-0.113883251953125,0.11125275242002056,0.421,-0.7090000000000001,0.15921722551375345,1.13,2.6402406623191643,0.45356823817860836,0.019601569597155366,1.2090880039869012,3.193461331970756
653,2003.11.08.21.01.44,False,0.17650936988442723,-0.1141647216796875,0.11231585871566499,0.4995,-0.685,0.1601625163546604,1.1844999999999999,3.1257418378045303,0.456093159837911,-0.019021930634137277,1.2117849319608902,3.786363738177819
654,2003.11.08.21.11.44,False,0.13960721694721762,-0.1138899169921875,0.10905110689476238,0.475,-0.679,0.15768362648842238,1.154,3.0132747693274817,0.4433933464340698,0.0060318414227912105,1.206845733636781,3.636148766693866
655,2003.11.08.21.21.44,False,0.19430778275262844,-0.11370510253906249,0.11131797827560226,0.44699999999999995,-0.6910000000000001,0.1591344838105556,1.138,2.810893393001567,0.4134132919756772,-0.012094937708016316,1.2113183685841076,3.40422693827735
656,2003.11.08.21.31.44,False,0.12063422127330553,-0.11420576171874999,0.11147269912097102,0.5015000000000001,-0.668,0.1596013727621899,1.1695000000000002,3.145693962807706,0.410435125885098,0.01830006558627827,1.2101769019354676,3.8062634610408472
657,2003.11.08.21.41.44,False,0.019490813483894143,-0.1145292724609375,0.10993089383098072,0.3575,-0.5945,0.15875386356541293,0.952,2.251927546088883,0.31607320887752133,0.0006326442312350944,1.2076381527825322,2.7195118808918886
658,2003.11.08.21.51.44,True,-0.08630822725767817,-0.114067236328125,0.11056227924028397,0.8714999999999999,-0.775,0.15885911478358145,1.6464999999999999,5.49298347093751,1.0961208754596912,0.0817958033542115,1.2097402665249644,6.644924642660719
659,2003.11.08.22.01.44,False,0.13588728063409106,-0.115007275390625,0.11038576705708153,0.4555,-0.6515,0.1594154328800785,1.107,2.8541366107355515,0.5351843383908121,0.010672122983393578,1.2086647249944238,3.45090741116603
660,2003.11.08.22.11.44,False,0.20832851223530896,-0.113754541015625,0.11248115829196222,0.44999999999999996,-0.654,0.1599803460226203,1.104,2.814938617126834,0.4829976185028124,0.022009386741933548,1.2105003252649464,3.406450897504999
661,2003.11.08.22.21.44,False,0.11687262548531097,-0.11458261718750001,0.11186848806350344,0.437,-0.9315,0.16014049939652014,1.3685,2.7286855407238706,0.5540926794223142,-0.02788860663133573,1.2129997954971317,3.309946701211465
662,2003.11.08.22.31.44,False,0.147864368302285,-0.11456083984374998,0.11092850251247446,0.40049999999999997,-0.6935,0.15947707843661912,1.094,2.5130552192952766,0.4159478229314759,-0.014794461561128854,1.2094332152202458,3.039070384262123
663,2003.11.08.22.41.44,False,0.14130965402616663,-0.11511567382812501,0.11201524810315897,0.485,-0.773,0.16062224462849267,1.258,3.0194039023176718,0.5566177776809744,-0.003008569068698796,1.2108965233744349,3.6561799694696053
664,2003.11.08.22.51.44,False,0.14046551457342155,-0.1143669189453125,0.11216254018188353,0.4295,-0.624,0.1601952257080319,1.0535,2.680626572552206,0.4761373200655994,0.05668564791469796,1.2060888764312065,3.2331276194350504
665,2003.11.08.23.01.44,False,0.1175771493370954,-0.114417578125,0.11027517045603016,0.39649999999999996,-0.6445000000000001,0.1589186438355483,1.041,2.4929869867877015,0.4478476532983082,-0.0022356957105732368,1.208868281379492,3.013849696523752
666,2003.11.08.23.11.44,False,0.12089923083994769,-0.113946533203125,0.11082358112295908,0.41500000000000004,-0.6875,0.15895542106897387,1.1025,2.6115543793303813,0.4084643720444272,0.04666781708311624,1.2064392025560424,3.1506112610326404
667,2003.11.08.23.21.44,False,0.14504888012709977,-0.11458698730468751,0.11078918793900239,0.48,-0.6765000000000001,0.15939773442244834,1.1564999999999999,3.0199500556252685,0.4733522979764109,-0.003711634267367537,1.2093076862016174,3.6506870165683543
668,2003.11.08.23.31.44,False,0.14837691685818027,-0.11399802246093749,0.11140799807631974,0.41500000000000004,-0.7335,0.15940655438193485,1.1485,2.6063639514870234,0.6033815724386531,-0.01547705528635111,1.2101907505264617,3.153793725949513
669,2003.11.08.23.41.44,False,0.09123995632314463,-0.1150998046875,0.11218918719391957,0.514,-0.7969999999999999,0.16073502479116453,1.311,3.195372692624788,0.5204267514055536,0.009676255404853812,1.209573422077658,3.865101294992887
670,2003.11.08.23.51.44,False,0.12662314392933716,-0.114135595703125,0.1114650410538868,0.52,-0.7825,0.15954501434189797,1.3025,3.2584599611661864,0.5363726225588716,-0.01929842620152035,1.2124746604520875,3.95093851302311
671,2003.11.09.00.01.44,False,0.16212404070547276,-0.11433525390625,0.111231113851911,0.403,-0.668,0.1595252589295716,1.0710000000000002,2.527260330463847,0.4024042270968762,-0.005629622344359753,1.2101810534911066,3.058130769037641
672,2003.11.09.00.11.44,False,0.14225673488265045,-0.11460595703125001,0.11262254825244516,0.536,-0.7455,0.16069598318425482,1.2814999999999999,3.340818427967978,0.5743920196079619,-0.0012581221891936243,1.2109632830124375,4.043569216918214
673,2003.11.09.00.21.44,False,0.16567226620240522,-0.1139298095703125,0.11132010436696871,0.471,-0.7164999999999999,0.1592934222640959,1.1875,2.9599292351077726,0.5496434359467177,0.0046800920817524705,1.20973487925416,3.580115919952094
674,2003.11.09.00.31.44,True,-0.07416501215597437,-0.1141889892578125,0.1122175567838659,0.7985,-0.669,0.16010591945564856,1.4675000000000002,5.01025573887217,0.8870318146337242,0.050602043844438276,1.211306321145337,6.063964846183167
675,2003.11.09.00.41.44,False,0.13882178661037953,-0.11476103515625,0.11122191981402416,0.394,-0.7545,0.15981804732377602,1.1484999999999999,2.466746638124226,0.5189138593717955,-0.010267202571189269,1.2101931304639417,2.9851610278497027
676,2003.11.09.00.51.44,False,0.18942138871028125,-0.1139653564453125,0.11097369739500029,0.442,-0.698,0.15907464175977104,1.14,2.7791136111190404,0.4497176743959965,-0.010502747460631333,1.2107058000759419,3.364382802672754
677,2003.11.09.01.01.44,True,-0.0694927655209775,-0.113611279296875,0.11103607011703431,0.829,-0.7909999999999999,0.1588679480198022,1.62,5.236345407726782,0.879284152470241,-0.00903365866704585,1.212663075303431,6.347635150136011
678,2003.11.09.01.11.44,False,0.1502584145307878,-0.11494689941406251,0.11207038189788274,0.4835,-0.7785,0.16054168093497245,1.262,3.0112054771476613,0.5685383040668921,-0.009437773304072201,1.2119515603897528,3.649562290463514
679,2003.11.09.01.21.44,False,0.18342138620438364,-0.11389594726562502,0.11180426629593576,0.492,-0.6970000000000001,0.15960281068478094,1.189,3.081469623169921,0.524640604657173,0.0028727393511790373,1.2115230649125168,3.7335229096172107
680,2003.11.09.01.31.44,False,0.13230727967422323,-0.114732275390625,0.11285070047578195,0.5675,-0.6859999999999999,0.1609365837287415,1.2535,3.5298699635985047,0.47067900795069617,0.012693439679474623,1.2110310980823769,4.273588514654219
681,2003.11.09.01.41.44,False,0.14579897160104238,-0.11400678710937501,0.1115979366627452,0.38,-0.7945,0.15954484584234543,1.1745,2.3799439682892563,0.47140320925247803,-0.01349083173603138,1.2112059425150965,2.8830582047153914
682,2003.11.09.01.51.44,False,0.1382861500961809,-0.113516845703125,0.11281474250108633,0.5215,-0.7715000000000001,0.16004304346084416,1.293,3.261772892875081,0.5935339538404738,0.007967590186205657,1.2128884508172095,3.9560163643273176
683,2003.11.09.02.01.44,False,0.141657979435247,-0.113618212890625,0.11205269507925905,0.5105,-0.6835,0.15958036004369272,1.194,3.20011674279373,0.5426793986693408,0.01832971847513396,1.2105026096367373,3.873619891716713
684,2003.11.09.02.11.44,False,0.1828223101212405,-0.1138330322265625,0.11236920788166377,0.397,-0.6985,0.15995928679383603,1.0955,2.4824344161538514,0.3998065223304037,0.018181544599093186,1.2102444299201842,3.004257310893278
685,2003.11.09.02.21.44,False,0.1652018550910272,-0.11473662109375002,0.1115009827264721,0.47750000000000004,-0.61,0.16000802236501166,1.0875,2.9794657770656277,0.4125271201079541,0.012892350557022803,1.210846139740303,3.608835146529259
686,2003.11.09.02.31.44,False,0.08051699619338026,-0.113761474609375,0.10960128992495799,0.3575,-0.6765,0.1579883960715885,1.034,2.2631168069611034,0.3450148868306355,-0.007580234112982656,1.2099539104694048,2.738140953855991
687,2003.11.09.02.41.44,False,0.14572351811821677,-0.11416157226562501,0.11023531105832307,0.4135,-0.708,0.15870002225884605,1.1215,2.6033352460660346,0.3567183334440851,-0.019589735645340785,1.2094272676786326,3.1493002681925706
688,2003.11.09.02.51.44,False,0.11071279133315648,-0.11400791015625,0.10957213707603763,0.525,-0.7155,0.15812981493066575,1.2405,3.3258596040630417,0.4589859845438038,-0.010712084649472667,1.2093319271092358,4.0215984701713365
689,2003.11.09.03.01.44,False,0.15452369775563957,-0.1147300537109375,0.11044135484574476,0.4395,-0.6665,0.15926004411046388,1.1059999999999999,2.7642362888742467,0.43698230644641667,-0.002908119262831782,1.208683756051681,3.3400825159134806
690,2003.11.09.03.11.44,False,0.06863967080903621,-0.114991455078125,0.11096736177105791,0.47950000000000004,-0.8595,0.1598128377110764,1.339,2.9998199086864474,0.6425043092358997,-0.015379774864990842,1.2103469868943613,3.631113509313829
691,2003.11.09.03.21.44,False,0.21299432621874703,-0.11367229003906248,0.11185222088053652,0.4605,-0.6910000000000001,0.1594793420492735,1.1515,2.8909160931445452,0.4406623108187282,0.007573852506220802,1.2117441393223474,3.503008042365492
692,2003.11.09.03.31.44,False,0.14638143069635845,-0.11421269531249999,0.11104064196633456,0.415,-0.748,0.15930815958628733,1.1629999999999998,2.6052460786029994,0.4341299024959413,0.010798290321318996,1.2081507788461083,3.147439840553143
693,2003.11.09.03.41.44,False,0.20513315102802315,-0.11398427734375,0.11233720117797023,0.4505,-0.6815,0.1600399514522981,1.132,2.8174569126583453,0.5045758803515967,0.02526696578435396,1.2104784495756815,3.410237924171642
694,2003.11.09.03.51.44,False,0.14078699165160063,-0.1142947021484375,0.11070779658827014,0.425,-0.773,0.15912607692410846,1.198,2.6705339966577384,0.4702513295992805,-0.008111818319734385,1.2087809623588681,3.228071504828402
695,2003.11.09.04.01.44,False,0.030760699200242714,-0.11399382324218751,0.11158607674149656,0.609,-0.735,0.15952024298769688,1.3439999999999999,3.822253011783582,0.6425342019766418,0.01650349478933106,1.2106958657738893,4.626274286467904
696,2003.11.09.04.11.44,False,0.09660672957992322,-0.1137245361328125,0.10999816323804465,0.4525,-0.8045,0.15822949951468768,1.2570000000000001,2.8610433222676903,0.5496509073651934,0.015295097639517256,1.2087458694631925,3.4578426482776328
697,2003.11.09.04.21.44,False,0.13075650653979926,-0.11427966308593748,0.10980801417779287,0.4565,-0.7555000000000001,0.1584959547875195,1.212,2.8818320752913476,0.5344314355560811,0.0014159444586068666,1.2092615547656282,3.484510265587999
698,2003.11.09.04.31.44,False,0.16382642604479852,-0.1145588134765625,0.11147784043662942,0.431,-0.714,0.15985610288853236,1.145,2.692867329442139,0.3146910290602378,-0.012428257616315667,1.2105570525098526,3.2606914228565826
699,2003.11.09.04.41.44,False,0.08359740200328081,-0.11385173339843749,0.11162398586716926,0.5495,-0.665,0.1594476630332584,1.2145000000000001,3.450936372917705,0.5813854273562573,0.026987435074389606,1.209251223372555,4.17216233236592
700,2003.11.09.04.51.44,False,0.17298812639906808,-0.1145565185546875,0.11263944399969054,0.47650000000000003,-0.6995,0.16066574790600852,1.1760000000000002,2.970088994552719,0.5425219182535967,0.028110058714293232,1.209373859812703,3.5911332814485157
701,2003.11.09.05.01.44,False,0.10978629215044355,-0.11347145996093749,0.11164370063238724,0.5715,-0.6625,0.15918744550170238,1.234,3.5879307993793725,0.5438513819538062,0.0017979255976529485,1.2126950431807466,4.352237421090975
702,2003.11.09.05.11.44,False,0.07598752122472818,-0.11415781250000001,0.11153364262372178,0.5880000000000001,-0.6615,0.15961132553422835,1.2494999999999998,3.680908696765206,0.46448094268130613,0.007465118840712846,1.2104181868692598,4.456881546526395
703,2003.11.09.05.21.44,False,0.19208850693482038,-0.11367451171874998,0.111139377938104,0.4565,-0.6655,0.15898236905431157,1.122,2.8663855914455194,0.4392204276567391,-0.015833090933694196,1.2118682062882056,3.474667477381706
704,2003.11.09.05.31.44,True,-0.023757764540848547,-0.1137534423828125,0.11192948026549365,0.6435,-0.7505,0.15958735410882346,1.394,4.032595827905415,0.7302035683262691,0.05712808285278033,1.210231758285102,4.879003628358939
705,2003.11.09.05.41.44,False,0.07659932687459259,-0.1150244873046875,0.11301355411892214,0.5640000000000001,-0.792,0.16126612916090655,1.3559999999999999,3.5033727106612806,0.6064565713422563,-0.007533053179276545,1.2114141603181836,4.2410977525557
706,2003.11.09.05.51.44,False,0.09393488023896146,-0.113697998046875,0.11200530317628796,0.536,-0.724,0.15960241985377185,1.26,3.3577020131380038,0.5905511446485621,0.03560296280672004,1.2092094175953552,4.060264817055699
707,2003.11.09.06.01.44,False,0.10337133007488408,-0.11418388671875002,0.11134601541399333,0.45799999999999996,-0.786,0.159491011738233,1.2440000000000002,2.873048845292721,0.6859747320002338,0.013052269238988511,1.209467842801581,3.4743835073313
708,2003.11.09.06.11.44,False,0.12659724821213986,-0.11301018066406252,0.11033935755178886,0.41100000000000003,-0.7275,0.15794651135302598,1.1385,2.6048068528354813,0.4405253607577222,0.017623473342752088,1.2088169798877169,3.148503000272985
709,2003.11.09.06.21.44,False,0.12783462632780135,-0.113916357421875,0.11243038673374153,0.5345,-0.7825,0.1600629973001469,1.317,3.3424830844296416,0.5411317190839808,0.01494931872505954,1.2121352026118914,4.051118577137286
710,2003.11.09.06.31.44,False,0.2192069955682162,-0.1134374755859375,0.11344621247674952,0.46099999999999997,-0.6555,0.16043578922202123,1.1165,2.876474758500546,0.5239601762006032,-0.011108593354698972,1.214603336361265,3.493116881869513
711,2003.11.09.06.41.44,False,0.17027372002433616,-0.1137970458984375,0.1138818470917906,0.5335,-0.6715,0.16099784381690252,1.205,3.3119748213101414,0.5505847960298642,-0.00552936513512607,1.2145853624941068,4.0233834393058086
712,2003.11.09.06.51.44,True,-0.09082705413010717,-0.11432709960937498,0.11208502805726657,0.7925,-0.9390000000000001,0.1601101270213316,1.7315,4.947434689882083,1.0153152246436832,0.03660147921078924,1.2095425400246569,5.984631281900206
713,2003.11.09.07.01.44,False,0.10695392331175435,-0.114388330078125,0.11073054322670892,0.53,-0.696,0.1592202211536034,1.226,3.3229243377726956,0.45627361230023333,9.991994729630495e-05,1.2093664098157646,4.0203806598022656
714,2003.11.09.07.11.44,False,0.11908991389423351,-0.11348291015624999,0.11160353674062135,0.496,-0.7285,0.15917503673509992,1.2245000000000001,3.1151954332112197,0.5804477044655312,0.015882385864906458,1.210162546798967,3.7699067874894063
715,2003.11.09.07.21.44,False,0.14075226485937337,-0.114203857421875,0.11031302062811368,0.41500000000000004,-0.6725,0.15878649004384382,1.0875,2.6130708559787026,0.386077744567616,0.007719565524750768,1.2080732836047923,3.1569339044240463
716,2003.11.09.07.31.44,False,0.11052999109215589,-0.11454379882812499,0.11169300507326327,0.525,-0.7045,0.15998785279860828,1.2295,3.2810843737340187,0.519053104307269,0.034466999524276565,1.2090288151743114,3.967047315608068
717,2003.11.09.07.41.44,False,0.06551445822637991,-0.1131470703125,0.11291009509401687,0.515,-0.9095,0.15985125133071598,1.4244999999999999,3.2204720547265016,0.6235380878688992,0.007886445534411661,1.2130180103972754,3.906706029141282
718,2003.11.09.07.51.44,False,0.14996955780753252,-0.11470437011718748,0.11143569220592411,0.4545,-0.64,0.1599246935399992,1.0945,2.844239231280026,0.3746120476377526,0.020739242874607787,1.2081787426577084,3.436183326533288
719,2003.11.09.08.01.44,False,0.2196253688322014,-0.1138635009765625,0.11257366636554175,0.455,-0.7130000000000001,0.16012187959899365,1.1680000000000001,2.842320198607034,0.4762979525944002,0.006783010724818901,1.2110307587895273,3.4418804717233042
720,2003.11.09.08.11.44,False,0.12445650805704805,-0.11521513671875,0.11266561295567074,0.5105,-0.608,0.1611525628503097,1.1185,3.1690212336610264,0.4871155949046737,0.015551289249666806,1.2107340065439016,3.836624565515274
721,2003.11.09.08.20.39,False,0.19429404929814775,-0.1142655029296875,0.11371648237809427,0.5005,-0.725,0.16121603853196909,1.2254999999999998,3.1043138483898884,0.5731621930543975,-0.00016039332067318592,1.213045019603769,3.765715358879503
722,2003.11.09.08.25.58,False,0.1281420491775574,-0.11432055664062499,0.11156982799874943,0.5269999999999999,-0.736,0.15974888515682711,1.263,3.301344133674143,0.4447914375501858,0.008779275400826342,1.2104520864277584,3.9956565820061827
723,2003.11.09.08.35.58,False,0.18032381062606068,-0.1144482177734375,0.11214051142759032,0.509,-0.7215,0.1602548305602809,1.2305000000000001,3.1815273725491364,0.47833377951309,-0.009748064471670925,1.211621754013076,3.852817329632618
724,2003.11.09.08.45.58,False,0.09354212817388707,-0.115432763671875,0.11105475563157338,0.5125,-0.6679999999999999,0.16019105956960789,1.1804999999999999,3.206972157699693,0.38268940364837745,0.01741988443063266,1.2093725017538781,3.87729478552197
725,2003.11.09.08.55.58,False,0.12065924492820562,-0.11424931640625,0.113064647142543,0.5565,-0.658,0.16073938752738373,1.2145000000000001,3.4647399851111422,0.5916045926071678,0.025912080412020016,1.2113529169811277,4.1965229230912655
726,2003.11.09.09.05.58,False,0.12313740109308369,-0.11392822265625,0.11358498342176063,0.5640000000000001,-0.6345000000000001,0.16088640998103032,1.1985000000000001,3.5042009569737145,0.5926679416970551,0.011017189260267875,1.2137557808231163,4.253701252346746
727,2003.11.09.09.15.58,False,0.1616830115316526,-0.11618764648437499,0.11219967791231297,0.4235,-0.7045,0.16153131748649102,1.1280000000000001,2.621704776689434,0.43189484792308863,-0.011126781682389213,1.210191439083823,3.1727857414842973
728,2003.11.09.09.25.58,True,-0.06289241792866751,-0.1136953125,0.11220393647856992,0.6555,-0.842,0.15974833246606213,1.4975,4.10720050611568,0.8864325409892793,0.05774930246127165,1.2113453583246374,4.974631462956393
729,2003.11.09.09.35.58,True,-0.06693872220534847,-0.114877197265625,0.11337605058511599,0.825,-0.9325,0.161404883928006,1.7575,5.113010734339288,0.8248226533803997,0.003795911951448295,1.213469923796949,6.204453440524253
730,2003.11.09.09.45.58,False,0.12229094532701745,-0.11574069824218752,0.11261964737380228,0.3895,-0.718,0.1614967248621091,1.1075,2.412581958859246,0.4784970529957364,0.003189558706755188,1.2092905301812966,2.917407643385998
731,2003.11.09.09.55.58,False,0.13682900827776828,-0.114688427734375,0.11124284286605263,0.455,-0.759,0.15979244524581598,1.214,2.8408820402821067,0.4599414246883402,-0.0042193544260826985,1.2088957038444197,3.435594145854811
732,2003.11.09.10.05.58,False,0.17889097471575138,-0.11454323730468749,0.11265760402967329,0.387,-0.7444999999999999,0.16067208138768346,1.1315,2.4057151883956287,0.4888559334478766,-0.004470628378088813,1.2111711542134582,2.914614810393737
733,2003.11.09.10.15.58,False,0.1927980952713223,-0.11463220214843751,0.11208922573202085,0.47350000000000003,-0.7055,0.16033785936774003,1.1789999999999998,2.952955320053637,0.5950674335970083,-0.008193932536695725,1.2123984779279344,3.5802480112703265
734,2003.11.09.10.25.58,False,0.07782401211906886,-0.11373996582031251,0.1102299350221248,0.37,-0.6545000000000001,0.15839988888575796,1.0245,2.336278266486201,0.381482236889624,0.0016919807821413084,1.209293923428235,2.8251860872407404
735,2003.11.09.10.35.58,False,0.16523284285995193,-0.11407431640625,0.11190893401361252,0.48,-0.7015,0.1598047261085666,1.1815,3.003878473124603,0.5439075266136439,0.010523443148272485,1.2092724486481632,3.632481986234726
736,2003.11.09.10.45.58,True,-0.013246879932920841,-0.11572924804687501,0.11466234721354616,0.5945,-0.9265000000000001,0.16291824628682766,1.5210000000000001,3.638964042870704,0.6965626432865202,-0.02125378331241819,1.2128449078185168,4.413884022615147
737,2003.11.09.10.55.58,False,0.2024423631585337,-0.11364619140625,0.11228642175993638,0.4405,-0.6645000000000001,0.15977434307132662,1.105,2.7594510494525752,0.5446238040008635,-0.012150164518277471,1.2116716160894174,3.342958701286312
738,2003.11.09.11.05.58,False,0.028124419902759157,-0.11415117187499998,0.1101761367179225,0.491,-0.8765,0.1586570249180873,1.3675000000000002,3.096806860781909,0.727082616612714,-0.03219949654753058,1.2090770105884634,3.7440507995148318
739,2003.11.09.11.15.58,False,0.1540940666724288,-0.114965771484375,0.11152538039589327,0.4295,-0.6755,0.16017898983285536,1.105,2.682023603878241,0.5045558071460736,0.0005872943460232399,1.209361650904107,3.2432884923067378
740,2003.11.09.11.25.58,False,0.1296679272309197,-0.1144037353515625,0.11373112952908915,0.4335,-0.901,0.16132895083284726,1.3345,2.6895493997497795,0.5390885982188787,-0.002947787114480992,1.2122105902519609,3.2597004152098488
741,2003.11.09.11.35.58,False,0.12644502432889893,-0.113960400390625,0.11432903720425047,0.5794999999999999,-0.708,0.16143005345141703,1.2875,3.590024020383101,0.6121254593232333,-0.014105817644106804,1.2152597100322864,4.3627241899307325
742,2003.11.09.11.45.58,False,0.144362842348094,-0.11532641601562499,0.11102795681580244,0.4445,-0.669,0.16009776643296092,1.1135,2.775892971641961,0.4693879970793866,0.006536214306138303,1.208502406473215,3.3548798641164925
743,2003.11.09.11.55.58,False,0.056033936410597396,-0.11399479980468749,0.10986656203479575,0.5285,-0.6214999999999999,0.15833510347965266,1.15,3.3436210596271616,0.489378152787038,0.04585724227479773,1.2073087958893929,4.034846329609812
744,2003.11.09.12.05.58,False,0.08868288518492706,-0.113607421875,0.11266785872386145,0.5115,-0.8554999999999999,0.16000636408237334,1.367,3.1933399586804354,0.6271710996955415,0.012141754777222008,1.2114707242664131,3.869634652167181
745,2003.11.09.12.15.58,False,0.1416000109090877,-0.1161369140625,0.11343662418419956,0.476,-0.791,0.1623478182113168,1.2670000000000001,2.9317119974225587,0.5882205524103907,-0.014188973107350024,1.2117858163075264,3.5527745212086126
746,2003.11.09.12.25.58,False,0.0748975138958099,-0.11403310546875,0.11230823271646168,0.5445,-0.868,0.1600715346660344,1.4125,3.4008130372747347,0.5891629725555154,-0.0030482033842439355,1.2112140260459527,4.119250287222691
747,2003.11.09.12.35.58,False,0.20787967819183029,-0.1138399169921875,0.11218500191056056,0.4275,-0.7484999999999999,0.1598330105843126,1.176,2.676895539077467,0.4867981915167541,-0.00347468677151809,1.2116898005343686,3.2428939120762013
748,2003.11.09.12.45.58,False,0.16138506161539606,-0.11552753906249999,0.11395630320106845,0.4385,-0.708,0.16227779862523314,1.1465,2.702791360559723,0.5923603103333965,0.01769202862229006,1.2098225694913898,3.269978134927534
749,2003.11.09.12.55.58,False,0.21873430707468533,-0.11419677734375,0.11207511849461019,0.4565,-0.7315,0.16001197425661762,1.1880000000000002,2.851797376522217,0.45964182717625857,-0.026157008555996356,1.2126646811093442,3.4589820774878897
750,2003.11.09.13.05.58,False,0.06422255516520259,-0.1142865234375,0.11238515891518482,0.525,-0.8885000000000001,0.16029318592583341,1.4135,3.2797676331854935,0.6437743158483822,-0.009021935337125293,1.2125096808751499,3.9764631301542774
751,2003.11.09.13.15.58,False,0.14525618360336073,-0.1149927978515625,0.11100165676810789,0.421,-0.675,0.15983450525481765,1.096,2.6342519676909646,0.40300029067025944,0.011531328346822842,1.2093405025921395,3.185601787565737
752,2003.11.09.13.25.58,False,0.05238208237833575,-0.11376940917968748,0.11146663892624029,0.548,-0.624,0.15928020641679852,1.1720000000000002,3.4413044827256165,0.5565779701438669,0.03493516940679742,1.208834166592751,4.159816883636648
753,2003.11.09.13.35.58,False,0.12554526373336006,-0.113632763671875,0.11127515970179223,0.487,-0.7565,0.15905354159243995,1.2435,3.071186754224552,0.5737266628971966,0.02066941383114722,1.2105252707983951,3.7158017093150306
754,2003.11.09.13.45.58,True,-0.08622598538186288,-0.11527082519531251,0.11315888012445144,0.863,-0.901,0.16153326187623845,1.764,5.347491571824822,1.3246752673382758,0.035532251346924386,1.212228581993843,6.482429531660946
755,2003.11.09.13.55.58,False,0.13844300782560987,-0.11461503906250001,0.11207716232442494,0.4455,-0.7595000000000001,0.16030759685571472,1.205,2.779969306439085,0.607913456199529,-0.04076087156695421,1.2126025536920007,3.370864585547853
756,2003.11.09.14.05.58,False,0.19825408018248736,-0.11485993652343748,0.11218630563237458,0.45999999999999996,-0.6775,0.16056110796414402,1.1375,2.866896038975488,0.5466231225537383,-0.0072305068972771626,1.2113562429485496,3.472259242648052
757,2003.11.09.14.15.58,False,0.08446351507801908,-0.1152369384765625,0.11163986589629513,0.519,-0.715,0.1604489071315507,1.234,3.233074755878806,0.6997055088951767,-0.02082621620607547,1.2115301398727498,3.916760539189714
758,2003.11.09.14.25.58,False,0.15158218629029963,-0.1136829345703125,0.11269582589259972,0.5015000000000001,-0.703,0.16008059816771622,1.2045,3.131365912285303,0.5196450071984489,0.00809686661028967,1.20992249281751,3.7889089862273835
759,2003.11.09.14.35.58,False,0.00028632652664073444,-0.114076611328125,0.11375347913729522,0.4665,-0.973,0.1611091313849236,1.4395,2.897363202700123,0.9459480281723682,-0.09962458413677176,1.2170280730798186,3.5257126741608418
760,2003.11.09.14.45.58,False,0.05366460551446006,-0.11519484863281249,0.11027209238492153,0.5615,-0.6775,0.15947446684256172,1.2389999999999999,3.5164910559517972,0.5478937326926299,0.0009882330774440362,1.2086602556263124,4.251546722269389
761,2003.11.09.14.55.58,False,0.12158995553557533,-0.11469375,0.1116815778076926,0.486,-0.708,0.1600942056085016,1.194,3.0333297925392566,0.5981458374816273,0.03125883862551175,1.2088016050281019,3.6673066117737223
762,2003.11.09.15.05.58,False,0.07169956014569956,-0.114140576171875,0.11103700274651049,0.5505,-0.6859999999999999,0.15924695772768688,1.2365,3.4590791084062,0.37704580044814007,0.021777497970824428,1.208939556922884,4.18059201198704
763,2003.11.09.15.15.58,False,0.09038579342591135,-0.114902001953125,0.110817249878718,0.4945,-0.719,0.15964604719793565,1.2135,3.1036675984058544,0.5624594836394059,0.017641273093339987,1.2077051422791003,3.7475007674211556
764,2003.11.09.15.25.58,False,0.2169366230003973,-0.11449248046874999,0.11240587228715032,0.45199999999999996,-0.659,0.1604579706627765,1.111,2.814944027952637,0.4081176613489823,0.015317883867665912,1.2121268779723762,3.4122747554827013
765,2003.11.09.15.35.58,False,0.13563363194287892,-0.114802587890625,0.11255024027222088,0.47850000000000004,-0.8285,0.1607786467144902,1.307,2.9737750081495324,0.6107366318619813,-0.0022952254885535203,1.211663542072015,3.603576157964258
766,2003.11.09.15.45.58,False,0.12127144546954727,-0.1146470703125,0.11092026399000965,0.488,-0.7230000000000001,0.1595289955840434,1.211,3.0576884340392496,0.5299623665475779,0.011158535783118637,1.208539665755422,3.6956019985637485
767,2003.11.09.15.55.58,False,0.16418560122323572,-0.11297946777343751,0.11120275312249574,0.40149999999999997,-0.7385,0.15853588373506644,1.1400000000000001,2.5297691126585176,0.4628248710100151,0.006133781508988037,1.211151330976624,3.0649261226415367
768,2003.11.09.16.05.58,False,0.13005798674493663,-0.11511125488281249,0.11026682888616532,0.4455,-0.7384999999999999,0.15941539584342185,1.1840000000000002,2.7912618377042513,0.4855048974669922,0.015518192250955165,1.2071421837163383,3.3702880120541314
769,2003.11.09.16.15.58,False,0.18261523935150747,-0.11530253906249999,0.1113193138652387,0.4495,-0.6835,0.1602820434188324,1.133,2.807659636683721,0.4785070661034587,-0.018335613468054165,1.2110047552821845,3.399573413437064
770,2003.11.09.16.25.58,False,0.0952365449866911,-0.11453115234375,0.11144306205603179,0.4615,-0.8109999999999999,0.15981812343785573,1.2725,2.885046100457095,0.6058325273707463,0.01633759784105942,1.2089147495657522,3.4885225300866667
771,2003.11.09.16.35.58,False,0.15724781170838714,-0.11427580566406251,0.11070713453865969,0.426,-0.702,0.1591114311511324,1.1280000000000001,2.6777824741906926,0.39694979985917356,-0.008967749180385893,1.208721294901543,3.2365105175915874
772,2003.11.09.16.45.58,False,0.14039290575085495,-0.1156273681640625,0.11213357525834208,0.492,-0.6154999999999999,0.16109163052829778,1.1075,3.058259894530711,0.4307801694045894,-0.004135815095142251,1.2099451805674837,3.698621381327765
773,2003.11.09.16.55.58,False,0.17201483300344778,-0.11462526855468749,0.11068416977026391,0.4135,-0.7255,0.15934776716295987,1.139,2.595967084272565,0.39162325547594623,-0.005981865307187411,1.2103673115516373,3.1419018722966596
774,2003.11.09.17.05.58,False,0.1428164401830797,-0.11462077636718751,0.11150778984739901,0.47150000000000003,-0.6699999999999999,0.15992052882232427,1.1415000000000002,2.9499335732258327,0.5018668999622273,0.03230113367260705,1.207583985726312,3.561493925314339
775,2003.11.09.17.15.58,False,0.14255275102396286,-0.11582705078125,0.11224198848359404,0.504,-0.7224999999999999,0.1612960085864304,1.2265,3.124896510725165,0.49017393743482285,-0.009980012969760371,1.2105916102476555,3.782902453957255
776,2003.11.09.17.25.58,False,0.00041978301565670506,-0.113777294921875,0.11284221577648709,0.615,-0.868,0.16025575901230413,1.483,3.8448670133248193,0.7159354292023004,-0.004884972936931881,1.2150328332886686,4.671668566753306
777,2003.11.09.17.35.58,False,0.16646719213280992,-0.1148368896484375,0.11231707519435014,0.487,-0.708,0.16064911002972188,1.1949999999999998,3.0373243770889635,0.38626106947556127,0.013103948978584898,1.2099035775719598,3.6740276314549254
778,2003.11.09.17.45.58,False,0.18287777206657863,-0.11481796875,0.11221350335963731,0.499,-0.692,0.16055655852958484,1.191,3.1028973167143445,0.47371508756775715,-0.01569990686839625,1.2123994839251266,3.763497819920244
779,2003.11.09.17.55.58,False,0.11680121520868836,-0.1137940673828125,0.11068943127645567,0.5075000000000001,-0.7484999999999999,0.15875677154454268,1.256,3.1965729022471843,0.4600048573500084,0.013587018992393632,1.2096153143497952,3.866675270429601
780,2003.11.09.18.05.58,False,0.14930271505788478,-0.11424169921874999,0.11136183445634246,0.4115,-0.808,0.15954492091911698,1.2195,2.5789953059023016,0.5006161866226246,-0.0071511206905166425,1.211459051352831,3.124412225058337
781,2003.11.09.18.15.58,False,0.06209201070731529,-0.11439475097656249,0.11024087712542985,0.3505,-0.7010000000000001,0.15888478379211957,1.0514999999999999,2.206034271885412,0.3609978916578116,-0.01614114382770792,1.2080648896424733,2.6650222942280046
782,2003.11.09.22.02.15,False,0.20703914865734913,-0.1139560546875,0.11288830338854874,0.438,-0.7385,0.16041201342188272,1.1764999999999999,2.7303860922094025,0.5468603948374477,-0.007011275374625142,1.2140135506988263,3.3147375866589908
783,2003.11.09.22.05.58,False,0.20020360694913086,-0.11414348144531249,0.11243503485855795,0.47600000000000003,-0.6910000000000001,0.16022693462975846,1.167,2.9674528994128924,0.543325407030304,-0.021107415187719566,1.2122291871034783,3.5970329531999403
784,2003.11.09.22.15.58,False,0.007078689177187791,-0.11374467773437502,0.112678856561372,0.5429999999999999,-0.9079999999999999,0.1601158460621799,1.451,3.3934485629078517,0.7726767176343541,-0.0269377012767914,1.2151327732128547,4.123088183853045
785,2003.11.09.22.25.58,False,0.1733999520567085,-0.11360781249999999,0.11146220971933742,0.40800000000000003,-0.73,0.15916295088814975,1.138,2.564988430520779,0.5458918654027707,-0.020966258352721506,1.2112869998612306,3.1068857795996836
786,2003.11.09.22.35.58,False,0.16574180822783924,-0.114597509765625,0.11401100087147156,0.5325,-0.6455,0.1616570549155777,1.178,3.293095916877137,0.5271892320854952,-0.007198525105548861,1.2138702910939998,3.997552957752654
787,2003.11.09.22.45.58,False,0.1426856338711785,-0.11437519531249998,0.11125319935764232,0.5225,-0.685,0.15957345052328245,1.2075,3.2676858250758363,0.5179258657404016,-0.00441577640154152,1.2109450524742198,3.9591927392524875
788,2003.11.09.22.55.58,False,0.14321537597309297,-0.11395039062500001,0.11081431023229948,0.392,-0.7545,0.15895406382298183,1.1465,2.4685417396069784,0.5012680017827147,-0.012873706045802149,1.2098374684631041,2.9854553737493705
789,2003.11.09.23.05.58,False,0.1809692244859759,-0.11428859863281249,0.11116033078766879,0.458,-0.657,0.15943304418161885,1.115,2.8728534411597293,0.38265522904614047,-0.02646162167717597,1.212236474037123,3.4825651638103605
790,2003.11.09.23.15.58,False,0.15087647009842603,-0.1138384521484375,0.11085888914195556,0.4895,-0.7395,0.15891237658247725,1.229,3.081705261508846,0.5523668134780646,-0.003293809792846279,1.2115985086302503,3.733100768709768
791,2003.11.09.23.25.58,False,0.2126789102304894,-0.11376826171875,0.11253400722783741,0.482,-0.6705,0.16002947174432025,1.1525,3.0149593025098675,0.4999821699882745,0.0010720249000107512,1.2131050645827246,3.657151526306012
792,2003.11.09.23.35.58,False,0.1295244272819921,-0.11451591796874999,0.11257655946857609,0.492,-0.7775,0.16059006759872818,1.2694999999999999,3.0627342149048227,0.5964051448424976,0.0043463708398659515,1.2097493480573989,3.705502596407877
793,2003.11.09.23.45.58,False,0.1604981416856575,-0.1138478515625,0.11075508043091722,0.427,-0.6675,0.15884469483670294,1.0945,2.6940625483151863,0.4875593602832984,0.008511233507096948,1.2095533895673807,3.257934625417056
794,2003.11.09.23.55.58,False,0.07553961894913175,-0.1142010009765625,0.11358511045948519,0.5715,-0.8335,0.1610718596367347,1.405,3.552135358615669,0.6182934983699868,-0.0065680947449874155,1.2121381728542708,4.304512960768065
795,2003.11.10.00.05.58,False,0.10454327837474886,-0.1148998779296875,0.11153969781535689,0.51,-0.7264999999999999,0.16014601894340236,1.2365,3.179688366530709,0.45140548704048866,0.01629726244124227,1.2085208916095798,3.8441308752823646
796,2003.11.10.00.15.58,False,0.16609602500720383,-0.1148716064453125,0.11259484460302013,0.4385,-0.764,0.16086012107219588,1.2025000000000001,2.7245098079098815,0.5693008216458058,-0.028792446762443413,1.2123890938546322,3.303602912499511
797,2003.11.10.00.25.58,True,-0.009436459215534043,-0.11387739257812499,0.11377081516603636,0.6125,-0.83,0.16097707880020234,1.4425,3.807645050938827,0.7182439565595269,-0.04325106825356532,1.21673461824123,4.6312171530516935
798,2003.11.10.00.35.58,False,0.146005664249797,-0.1141965576171875,0.11126218549813671,0.475,-0.8069999999999999,0.15944274551400217,1.282,2.9828264879596897,0.49565840012826934,-0.026409067870697366,1.2126365285745815,3.617210453831277
799,2003.11.10.00.45.58,False,0.1514045334993619,-0.1147107177734375,0.11340798970484031,0.5115000000000001,-0.7555000000000001,0.16131609518682405,1.267,3.168596214710866,0.546299820552202,0.002751982660375492,1.2111868472838552,3.8388303429292563
800,2003.11.10.00.55.58,False,0.08769587074838969,-0.1147600341796875,0.11113625969834995,0.4955,-0.758,0.15976430864818658,1.2535,3.0999597111828487,0.5267863193860429,0.013770251035744144,1.2077762101729639,3.7445699074799563
801,2003.11.10.01.05.58,False,0.1967737587234566,-0.11404296875,0.1120832325146322,0.4625,-0.7555000000000001,0.15990514407449402,1.218,2.895235684406287,0.5255504715212882,-0.010490385685810746,1.2112964169063662,3.5067637774855718
802,2003.11.10.01.15.58,False,0.01614984697223143,-0.11388830566406251,0.11333486271967563,0.591,-0.7725,0.16067271897085472,1.3635,3.6803824212287526,0.8764853814920026,0.04470403329739593,1.211529886353759,4.459307805708348
803,2003.11.10.01.25.58,False,0.04959485104494055,-0.1141287109375,0.11389049235173745,0.521,-0.8639999999999999,0.16123802298477707,1.385,3.2353301820572975,0.7132284012366097,-0.0363664833933049,1.2131329068345793,3.9245681889506896
804,2003.11.10.01.35.58,False,0.1492108024598734,-0.114440869140625,0.1097021098884617,0.4685,-0.6359999999999999,0.1585364179777155,1.1044999999999998,2.9604651621545246,0.4386061209187955,0.016538534807536653,1.2076355488578299,3.5744793210969776
805,2003.11.10.01.45.58,True,-0.0195199362967875,-0.1147474365234375,0.11351019639728457,0.526,-1.005,0.16140590507963049,1.5310000000000001,3.2588208421259597,0.891811523639708,-0.05142122054997203,1.2150281005903827,3.95958065884425
806,2003.11.10.01.55.58,False,0.1406418806443036,-0.11437331542968748,0.11091165419906546,0.4265,-0.72,0.15932428485265648,1.1465,2.6758193472332943,0.514374780869786,0.019291092703828505,1.2078518358141617,3.2324568394144992
807,2003.11.10.02.05.58,False,0.18676395174368499,-0.11410043945312501,0.11213453262976757,0.493,-0.6579999999999999,0.15998638335246768,1.1509999999999998,3.0809715506073267,0.4386083936190359,0.01502967023932866,1.2115695146831804,3.7331678408100686
808,2003.11.10.02.15.58,False,0.06828311335949522,-0.11323374023437499,0.11069571344200468,0.397,-0.5945,0.15836542893734695,0.9915,2.5091830605270307,0.33370146803624734,0.026801544304463885,1.2082116321525738,3.030929021719257
809,2003.11.10.02.25.58,False,0.17164049897035444,-0.1140442138671875,0.11308289608209769,0.542,-0.7264999999999999,0.16061721954850827,1.2685,3.3761130676825983,0.4809698732293042,0.002296681805973408,1.2120961229168223,4.091631405185252
810,2003.11.10.02.35.58,False,0.13215792645893143,-0.1130701171875,0.11190867307430165,0.5115,-0.679,0.15910677937518733,1.1905000000000001,3.2110715907080083,0.5685816883839376,0.03014729599681459,1.2107808055356504,3.8897624715067423
811,2003.11.10.02.45.58,False,0.08125883340013673,-0.1142637939453125,0.11178680702550375,0.5845,-0.6234999999999999,0.15985703123327122,1.208,3.6565442814709552,0.5418569439535614,-0.009434251834839274,1.211482562420617,4.42977734870112
812,2003.11.10.02.55.58,False,0.027049330227870372,-0.1130118408203125,0.1135659648130935,0.5760000000000001,-0.8215,0.1602266558402907,1.3975,3.5989976937469708,0.6820287200761115,-0.030508692867889157,1.2166884709094956,4.377485936516154
813,2003.11.10.03.05.58,False,0.17677754615114383,-0.11366289062500001,0.11098482404739171,0.4465,-0.663,0.15886437512112087,1.1095,2.8093650085717297,0.3542587675480251,-0.010860172773080809,1.2113942810732827,3.403292722447657
814,2003.11.10.03.15.58,False,0.14126902443581896,-0.1144322021484375,0.11024240752824227,0.4235,-0.7344999999999999,0.1589029462385691,1.158,2.6661834213382853,0.42416011599928494,0.01912297980603321,1.2066322084086947,3.216673834980364
815,2003.11.10.03.25.58,False,0.17253744708132773,-0.1142354736328125,0.11236126107750197,0.514,-0.6970000000000001,0.16025147037340187,1.2109999999999999,3.2113347934062983,0.47622548914560947,0.012330576183629451,1.2113988776589604,3.888942073555313
816,2003.11.10.03.35.58,False,0.17926564032478304,-0.1138537109375,0.11400811052732449,0.514,-0.7045,0.16112894198725614,1.2185,3.192124659533579,0.571782946576026,0.027134801503140925,1.213964232221101,3.874245488540097
817,2003.11.10.03.45.58,False,0.18668309595608434,-0.11329716796874999,0.11314076165436385,0.48450000000000004,-0.752,0.160122330301098,1.2365,3.028090944226883,0.5677969347589897,-0.00814663821239102,1.2143001296284552,3.6765550000973626
818,2003.11.10.03.55.58,False,0.1436950455289271,-0.11372590332031249,0.11290128460428318,0.4185,-0.802,0.16025768839127766,1.2205,2.613122747441867,0.6426947361179021,-0.012691719971465953,1.2131791789505013,3.1693478509285145
819,2003.11.10.04.05.58,False,0.20390549483810277,-0.1147655029296875,0.1119731866914814,0.443,-0.681,0.16034746528483124,1.124,2.7633427581435432,0.4413943340807427,-0.017396719004258127,1.2119200858714905,3.3488651820442232
820,2003.11.10.04.15.58,False,0.18553479674565798,-0.113895458984375,0.11181446770387188,0.482,-0.6910000000000001,0.1596141959147274,1.173,3.0212863489043404,0.5173850653213878,0.0035341941933291036,1.2105477835048957,3.657050066423644
821,2003.11.10.04.25.58,True,-0.09110168571552468,-0.11287919921875,0.1125072501444852,0.8935,-1.019,0.15938199681407955,1.9125,5.606972800757428,1.0262090986751513,-0.0050394454653549334,1.2166334988171505,6.820928004898814
822,2003.11.10.04.35.58,False,0.07550323756295696,-0.11333718261718749,0.1111681284458382,0.366,-0.635,0.1587726324406517,1.001,2.3047754247700074,0.41534131243809247,0.004737195429105101,1.2099197906683594,2.788700972648969
823,2003.11.10.04.45.58,False,0.10655483017666811,-0.1140554931640625,0.11313740804919065,0.576,-0.6775,0.16065661698106584,1.2535,3.575969544977945,0.5655167656447215,0.03189634177547768,1.2115553060246111,4.3353341686117695
824,2003.11.10.04.55.58,False,0.1420026484622942,-0.11388525390625001,0.11280910482248266,0.493,-0.7885,0.16030374754239382,1.2814999999999999,3.0752761765692114,0.6167475431520837,0.005375226199413491,1.2119175390927177,3.7269820195798706
825,2003.11.10.05.05.58,False,0.15963102227094766,-0.1142530517578125,0.11217596382857087,0.47350000000000003,-0.815,0.1601263115285284,1.2885,2.954371865970529,0.5655935489412447,-0.010389667773049054,1.2121563908219057,3.581654092554551
826,2003.11.10.05.15.58,False,0.1188411227964028,-0.11420488281249999,0.11120091110144534,0.5105,-0.675,0.15940306748476668,1.1855000000000002,3.206716821724121,0.49962867736515104,0.02084690106537634,1.209910467708764,3.8794571167557512
827,2003.11.10.05.25.58,False,0.12195248708705203,-0.1139171630859375,0.11347600903028415,0.5860000000000001,-0.7335,0.1607989558781595,1.3195,3.6420450095848946,0.6189182926960815,-0.0034728097915457637,1.2138477154400296,4.421384481004321
828,2003.11.10.05.35.58,False,0.23583905002973038,-0.11376728515625001,0.11366999601682154,0.46499999999999997,-0.6859999999999999,0.1608258940225299,1.151,2.8928348994420583,0.4444896377615539,0.007275466720568342,1.212865904425391,3.5082051879357845
829,2003.11.10.05.45.58,False,0.1424643856455483,-0.112852880859375,0.11230264544358937,0.45799999999999996,-0.784,0.15921492254130598,1.242,2.8795365934076327,0.6864347859057982,3.1897657946630686e-05,1.2138254727646554,3.4944389219653385
830,2003.11.10.05.55.58,False,0.15425732405985715,-0.113788427734375,0.11145788585039068,0.4275,-0.685,0.15929273495757706,1.1124999999999998,2.684398361922514,0.4659619305467737,0.023609704495940277,1.2090894220051331,3.245452495864734
831,2003.11.10.06.05.58,False,0.07349328191611637,-0.11410771484374999,0.11314009068502318,0.5785,-0.732,0.16069960180570028,1.3105,3.5972333854178804,0.6530527317784158,0.03470180277177268,1.2105347010692997,4.355302677321043
832,2003.11.10.06.15.58,False,0.07701270146585937,-0.11360751953125,0.11357361070966059,0.5834999999999999,-0.712,0.1606457732536021,1.2954999999999999,3.6328282222279795,0.7596598862772288,0.02954437686804518,1.2126560989972601,4.405346224315786
833,2003.11.10.06.25.58,False,0.179003024682457,-0.113925,0.11221548814937626,0.4385,-0.7629999999999999,0.159923611215922,1.2015,2.7420236624333696,0.5305687067375551,0.018430450200296628,1.2099685729446064,3.317748473244485
834,2003.11.10.06.35.58,False,0.16642799728503016,-0.1143616943359375,0.11475864161245683,0.5569999999999999,-0.704,0.16201763525465696,1.2610000000000001,3.4408460558115666,0.5100814067648967,0.0015362132050023626,1.2139209840462346,4.176489648322253
835,2003.11.10.06.45.58,False,0.19497549331216774,-0.1144059814453125,0.113750048628006,0.45399999999999996,-0.774,0.16134071731736083,1.228,2.813294660983524,0.5479692745773541,-0.00859337134683369,1.2121181185722874,3.4102837020581758
836,2003.11.10.06.55.58,False,0.12716204042782403,-0.115159375,0.11110784437547713,0.40449999999999997,-0.6595,0.16003200566200115,1.064,2.5273420497127432,0.3686973923672199,-0.005863528845509123,1.2085381006366887,3.0545339410302184
837,2003.11.10.07.05.58,True,-0.019588865558717417,-0.11396416015625001,0.11239605465884678,0.6155,-0.9095,0.16006804077310471,1.525,3.8411392377771305,0.6896304463163889,-0.009265953975629803,1.2121482576926816,4.65622248193544
838,2003.11.10.07.15.58,False,0.09902959795890176,-0.11382121582031252,0.11288545852623516,0.5615,-0.752,0.1603092129347664,1.3135,3.5014299508815734,0.7064097813508985,-0.0004727089902481227,1.2135233065440039,4.249467494493426
839,2003.11.10.07.25.58,False,0.1744682690045553,-0.114368603515625,0.11389122555533002,0.52,-0.7595000000000001,0.1614274200122211,1.2795,3.221226296905313,0.5608031547617294,0.004490123516000894,1.213976003140759,3.910502774502958
840,2003.11.10.07.35.58,False,0.09019838855273876,-0.11431669921875001,0.11417869297112232,0.42000000000000004,-0.9205000000000001,0.1615734282237618,1.3405,2.6034300071960965,0.6425012046010692,0.0068448588314698276,1.2114857755313369,3.153301866215568
841,2003.11.10.07.45.58,False,0.1516989669256743,-0.113822265625,0.11111920796345612,0.397,-0.669,0.1590869001109635,1.0659999999999998,2.494665325543349,0.4338989983587329,-0.001041608226275241,1.2099935896726879,3.018597477471781
842,2003.11.10.07.55.58,False,0.16450181283135323,-0.11360068359375,0.11035375962192956,0.4335,-0.681,0.1583865201808574,1.1145,2.735273231970724,0.5563615479932846,-0.007267653491451765,1.2110373651171082,3.3132717071836404
843,2003.11.10.08.05.58,False,0.1557089440443043,-0.1146489990234375,0.1120237338467791,0.38,-0.74,0.16030905096100123,1.12,2.3721103159944557,0.5015757194907753,-0.020214613420209023,1.2112930652673315,2.8729931868700658
844,2003.11.10.08.15.58,False,0.1628430577933,-0.1143709228515625,0.1135210982768706,0.5265,-0.687,0.16114938198616513,1.2135,3.2685687459592287,0.6270770091257571,0.006977811958058474,1.213615884149519,3.9667115659617638
845,2003.11.10.08.25.58,False,0.038822521905562235,-0.1140447265625,0.11234596141731974,0.5985,-0.8005,0.16009048924809857,1.3989999999999998,3.739437938921041,0.6169410063106819,0.017645407493170354,1.2107960655637877,4.527604850925133
846,2003.11.10.08.35.58,False,0.134014696336416,-0.11501030273437501,0.11240429884310114,0.52,-0.614,0.16081839569390655,1.134,3.2354728607853254,0.44583279847302726,0.0075614795247531084,1.2112817758806846,3.9189018129489783
847,2003.11.10.08.45.58,False,0.21501387509514264,-0.11418037109375,0.11291429186555835,0.47450000000000003,-0.707,0.1605909650767156,1.1814999999999998,2.9529231043652038,0.5814209549363432,0.002184657768447172,1.2130668128604065,3.5827526574957496
848,2003.11.10.08.55.58,False,0.2030844942322298,-0.113710302734375,0.1119217408508689,0.45,-0.6910000000000001,0.15955253113947732,1.141,2.8200707714966695,0.5219488222694277,-0.010548284758992315,1.2111640513882393,3.415610826989848
849,2003.11.10.09.05.58,False,0.13745200503961874,-0.1141299072265625,0.1123190415586171,0.5225,-0.757,0.16013980344613132,1.2795,3.2654882677631347,0.5952144610915366,0.009588068113608872,1.211578082326366,3.955179477523974
850,2003.11.10.09.15.58,False,0.16133457249962685,-0.11474091796875,0.1125226729879108,0.515,-0.7655000000000001,0.160713916040436,1.2805,3.2074136125940784,0.4736599568694164,-0.011419729135058001,1.2130549448535466,3.890014959854636
851,2003.11.10.09.25.58,False,0.1951721851422063,-0.1141731201171875,0.11430012971083928,0.454,-0.7975,0.16155748062212613,1.2515,2.8105572470497897,0.5547078194983723,0.005178933199379489,1.2131482748142521,3.40961541357989
852,2003.11.10.09.35.58,False,0.18736189555971172,-0.1128648193359375,0.11239234669229664,0.475,-0.7250000000000001,0.1592936794586547,1.2000000000000002,2.980916254960875,0.5266815323717537,0.02484426200126544,1.2124082448179334,3.6147608333325767
853,2003.11.10.09.45.58,False,0.050193201358092576,-0.11450852050781252,0.11557381048122356,0.4885,-0.8799999999999999,0.1626945240603745,1.3685,3.0044008705495093,0.678938813408992,-0.021643353493271122,1.2158991885388744,3.655442026620026
854,2003.11.10.09.55.58,False,0.10482519908508148,-0.1149409912109375,0.11208781205198023,0.5105000000000001,-0.7705,0.1605617661452065,1.2810000000000001,3.182267741803293,0.6298022888875205,-0.011258865151550003,1.2122519405713066,3.85689521775266
855,2003.11.10.10.05.58,False,0.20857679369914878,-0.11381726074218751,0.11479136720548365,0.47350000000000003,-0.751,0.16165474068477123,1.2245,2.9289118853383433,0.5787432234940886,-0.006290561248495243,1.2139381313849866,3.555525574023866
856,2003.11.10.10.15.58,False,0.08108367186041765,-0.114242236328125,0.11278054217646832,0.5794999999999999,-0.764,0.16054409103699713,1.3435,3.6096078761445094,0.6502883173979102,0.01426953109815523,1.2111018116661922,4.371600729239713
857,2003.11.10.10.25.58,False,0.2121119031988416,-0.1137284912109375,0.11345408023541982,0.4605,-0.7455,0.1606451987178192,1.206,2.8688424929193843,0.5524991753592774,-0.010358505086778668,1.2150660352607328,3.486232903851601
858,2003.11.10.10.35.58,False,0.0852452366988612,-0.1148617431640625,0.11395118041751917,0.392,-0.8815,0.1618018675750776,1.2734999999999999,2.4222029850208866,0.5631545928665975,-0.032910512260097044,1.213893337726292,2.940435849089919
859,2003.11.10.10.45.58,False,0.17202813713629478,-0.11519384765625001,0.11198595568567196,0.4555,-0.6114999999999999,0.16067072693009732,1.067,2.8356079741525253,0.45023041077986514,-0.02034272955077911,1.212506043053341,3.4380914122942343
860,2003.11.10.10.55.58,False,0.20960691175575963,-0.1135242431640625,0.11236233594430843,0.4635,-0.6395,0.15974001144095762,1.103,2.902145268228055,0.4212568079221306,0.00490935250874241,1.2108766180053454,3.5140031041321675
861,2003.11.10.11.05.58,False,0.16108323003408564,-0.1131806884765625,0.11257651964470561,0.48950000000000005,-0.609,0.1596441577489833,1.0985,3.064489580991083,0.37222564352041587,0.002114952666476106,1.2137145570781014,3.719718141834954
862,2003.11.10.11.15.58,False,0.14454760682608592,-0.11441652832031252,0.11225100500753851,0.52,-0.7045,0.16028746226841267,1.2245000000000001,3.245077827382871,0.519918834776826,0.028777293516515406,1.2102172024961777,3.926918511557803
863,2003.11.10.11.25.58,True,-0.0344554019632457,-0.1143958251953125,0.11307494131924384,0.6265000000000001,-0.9470000000000001,0.16085769849572495,1.5735,3.8875786185173666,0.8434999654727897,0.002666681366319739,1.2121122865964389,4.713219719317716
864,2003.11.10.11.35.58,False,0.1770936887763197,-0.1142790771484375,0.11115404168831933,0.4335,-0.7285,0.15942294503921095,1.162,2.7198083148018126,0.539955318991933,-0.011156175192050727,1.2104767218342123,3.2922210827070524
865,2003.11.10.11.45.58,False,0.17453359510550986,-0.1142099609375,0.11247524515530016,0.503,-0.6825,0.16030294910245885,1.1855,3.1410517384541907,0.5258786814607479,0.021738705724575758,1.2108100759080966,3.8026726811031986
866,2003.11.10.11.55.58,False,0.136193488255488,-0.114691796875,0.11357673516123941,0.5125000000000001,-0.8385,0.1614161901097645,1.351,3.1792797296510233,0.5213204232935087,-0.009867262221641807,1.21283678959243,3.8549722504045896
867,2003.11.10.12.05.58,False,0.06844252041727727,-0.11423000488281249,0.11239792941544852,0.5685,-0.829,0.1602605956496782,1.3975,3.5439901347221014,0.6065686540768915,-0.020629929610608506,1.2135654598714223,4.300938398866345
868,2003.11.10.12.15.58,False,0.05000439607955598,-0.11425427246093749,0.1120088323060698,0.51,-0.8614999999999999,0.16000343728641492,1.3715,3.18869180043424,0.6234806594674471,-0.05935431791645486,1.2143337197821649,3.872340783895866
869,2003.11.10.12.25.58,False,0.1852953969352178,-0.1142998046875,0.11270251473463239,0.493,-0.685,0.16053117751917742,1.178,3.067100009767175,0.5696170797352686,-0.014311716197196237,1.212475939149667,3.7197912557530346
870,2003.11.10.12.35.58,False,0.2118454136621047,-0.11397490234375,0.11202870415735702,0.4335,-0.7324999999999999,0.15982025447737747,1.166,2.712185904735691,0.5179757133476417,-0.018720556946940938,1.2128432835674285,3.2895763203998447
871,2003.11.10.12.45.58,False,0.14442048906089994,-0.1144777587890625,0.11364913604576879,0.46900000000000003,-0.8095,0.16132290930103954,1.2785,2.913302656753864,0.6302420820127852,-0.03574399409537736,1.2139208980284053,3.5341999413239904
872,2003.11.10.12.55.58,False,0.173690948339896,-0.1142560302734375,0.11218216310701157,0.486,-0.609,0.16013255114111002,1.0950000000000002,3.041736579699754,0.43648722519266125,0.01571121805560301,1.2106526995990192,3.6810349239570614
873,2003.11.10.13.05.58,False,0.12955473429550624,-0.1143753662109375,0.11249150828109686,0.5249999999999999,-0.6225,0.1604265239350261,1.1475,3.2706438807289397,0.4556209433252034,0.021856015912743287,1.2102784213518611,3.958902945020787
874,2003.11.10.13.15.58,False,0.13880385714528298,-0.11368701171875,0.11276326287318929,0.5435,-0.7045,0.16013532849013312,1.248,3.3876371748369007,0.6160738034542568,0.005758117930920816,1.2128496218940192,4.108626809019792
875,2003.11.10.13.25.58,False,0.156859188241957,-0.11405676269531251,0.11210030671884658,0.509,-0.7495,0.15992717041221502,1.2585000000000002,3.188572157311536,0.5564354456708622,-0.020781282111836268,1.2132363917851965,3.8675503814634986
876,2003.11.10.13.35.58,False,0.17479953176273422,-0.11459873046874999,0.11145672520514244,0.4685,-0.72,0.15987054290948208,1.1885,2.9329055707162306,0.46539464089561755,-0.004915786871793493,1.210052153670112,3.548070345286578
877,2003.11.10.13.45.58,True,-0.0699844284536556,-0.11409609374999999,0.11335364970168506,0.685,-0.8975,0.16083687928304607,1.5825,4.264389276004458,0.9652158016164061,-0.0066063064684944335,1.2164504802297738,5.185901600478483
878,2003.11.10.13.55.58,False,0.16813163014162302,-0.1138446533203125,0.11329103969428633,0.509,-0.7264999999999999,0.16061283058946868,1.2355,3.1636154981835487,0.5893239429901558,0.008039738664368067,1.2120291076156078,3.8358242318160642
879,2003.11.10.14.05.58,False,0.055330578071905556,-0.11391494140625,0.11310607428593565,0.5785,-0.7715000000000001,0.1605478414657322,1.35,3.604654345192926,0.5376517180999525,0.04502667413252878,1.2090235376081035,4.357529645548524
880,2003.11.10.14.15.58,False,0.21265706850759436,-0.11424382324218751,0.11204303830333942,0.4445,-0.742,0.16003708988603982,1.1865,2.778394412457282,0.3965610152321628,-0.004274248520749389,1.2123636069994332,3.367962669557769
881,2003.11.10.14.25.58,False,0.18158158644973854,-0.11454716796875,0.1130609268292021,0.497,-0.6385000000000001,0.1609527157881923,1.1355,3.089207899385231,0.4790029027628966,0.009339240499017368,1.2124610637869089,3.7454411705831965
882,2003.11.10.14.35.58,False,0.19496955263820942,-0.1142270751953125,0.11244233237499683,0.437,-0.768,0.1602877568743761,1.2049999999999998,2.7283306365744693,0.476095346701376,0.005291020352418168,1.210111492998999,3.3015970421134506
883,2003.11.10.14.45.58,False,0.21128270835808122,-0.1143208740234375,0.11237524842049959,0.46399999999999997,-0.7335,0.16030483595373246,1.1975,2.8947888032934426,0.5011030411083925,-0.03181778545085959,1.2143279573810637,3.515030452820595
884,2003.11.10.14.55.58,False,0.1663046785703728,-0.114290185546875,0.11103302198664786,0.47250000000000003,-0.7035,0.15935086464203976,1.1760000000000002,2.966522000784302,0.4283015318945014,0.003340112543778891,1.209247657608294,3.5866565171774356
885,2003.11.10.15.05.58,True,-0.017784970385915533,-0.11403046875,0.11068098625610215,0.619,-0.8109999999999999,0.1589218664458384,1.4300000000000002,3.892378970787747,0.6198623633996996,0.01813783822564778,1.2089870548506152,4.707156089549564
886,2003.11.10.15.15.58,False,0.05474508920877508,-0.114654638671875,0.11027642023713739,0.591,-0.687,0.15909184066415316,1.278,3.705164924092217,0.630477757324895,-0.004254734831949458,1.2107206882269896,4.488712804407928
887,2003.11.10.15.25.58,True,-0.02452408631852665,-0.11379511718749999,0.11163434842823411,0.6615,-0.819,0.1594132724224347,1.4805000000000001,4.153207820101549,0.683013170205893,0.003008138331153665,1.2117557122502205,5.031788315142775
888,2003.11.10.15.35.58,False,0.16176918805451235,-0.1136259033203125,0.1126316535791968,0.47750000000000004,-0.712,0.15999523210439165,1.1895,2.9874011841737147,0.6834922757157418,0.008840198433564227,1.213784999716117,3.6248798999837666
889,2003.11.10.15.45.58,False,0.17185992925486165,-0.1148639404296875,0.11159779245922624,0.45299999999999996,-0.7384999999999999,0.1601613746990253,1.1915,2.825406696574379,0.5230947335161777,-0.034396478824563426,1.2117169213708636,3.424220993932958
890,2003.11.10.15.55.58,False,0.15894825778893812,-0.1136849853515625,0.11072007294052402,0.4515,-0.756,0.15869539329556598,1.2075,2.845680901715401,0.45258287045221324,-0.0003529468781978749,1.209795886339911,3.4426105970422416
891,2003.11.10.16.05.58,True,-0.007989292921456115,-0.1146402587890625,0.11131231629662003,0.58,-0.8365,0.15980300580797313,1.4165,3.617639920825193,0.7300741514841222,-0.03583922965409648,1.2107919629869426,4.382829556056006
892,2003.11.10.16.15.58,False,0.08647136614162299,-0.1136385009765625,0.10898259740708077,0.53,-0.6615,0.15745999117537587,1.1915,3.3662424684008334,0.4246050681416642,0.006509162224840305,1.2084969058141593,4.068003039505776
893,2003.11.10.16.25.58,False,0.19399771211894368,-0.11353115234375,0.11132978823203149,0.45399999999999996,-0.709,0.15902960078270606,1.1629999999999998,2.8576981505090124,0.506610653589957,-0.012284641947006554,1.2113459711536623,3.461060541722218
894,2003.11.14.11.02.17,False,0.012549426980028033,-0.114071142578125,0.11441459018248529,0.6885,-0.7315,0.16156468307305644,1.42,4.264991391925961,0.6321869806654989,0.019446220863592944,1.2141995404393504,5.177761117935507
895,2003.11.14.11.12.17,False,0.07925038635483383,-0.11662534179687499,0.11362891494193632,0.4505,-0.8300000000000001,0.162838504865877,1.2805,2.7671657441500597,0.614496956535858,0.0037391255524403975,1.2101270072559056,3.3484713449825945
896,2003.11.14.11.22.17,False,0.06606706607837876,-0.1156349609375,0.11436579856434065,0.525,-0.8285,0.16263890332147643,1.3535,3.2270695283525503,0.6628553531327448,-0.0033539132470722394,1.2121780958078148,3.911616475980886
897,2003.11.14.11.32.17,True,-0.0060630567754547116,-0.115091845703125,0.11441333653632822,0.618,-0.852,0.16229427580836142,1.47,3.8126333691758014,0.7724142533898275,-0.0151328887149603,1.2143859952585405,4.629381098447942
898,2003.11.14.11.42.17,True,-0.007900012367857867,-0.11505244140625001,0.11417016600204327,0.6595,-0.8045,0.16209153891438227,1.464,4.068157805964171,0.7132641955175338,0.007068955993397663,1.212490926540153,4.932730367683113
899,2003.11.14.11.52.17,False,0.18408613636357246,-0.11463916015625,0.11431607943242922,0.41500000000000004,-0.663,0.16191403387336933,1.078,2.5603916081237954,0.5378219720260808,-0.004519358666984985,1.2123790732166229,3.104916165737997
900,2003.11.14.12.02.17,False,0.2241082497310833,-0.1143091064453125,0.11375501902147728,0.4345,-0.657,0.161267825900474,1.0915,2.6979517537777884,0.4827266194607329,0.0025930101145836097,1.2135438332935955,3.2742412381890316
901,2003.11.14.12.12.17,False,0.14834249863879156,-0.11431513671875,0.11294559440380499,0.41900000000000004,-0.7105,0.16070514944480785,1.1295000000000002,2.6077850507350173,0.47899934233552766,0.0502700911007001,1.2075441312368884,3.1489666644061525
902,2003.11.14.12.22.17,False,0.11999940300386946,-0.11513513183593749,0.11304362142809868,0.397,-0.7204999999999999,0.16135988947500512,1.1175,2.4601998506736993,0.5224490390289842,0.027166139546744343,1.208406836662936,2.9729426853174985
903,2003.11.14.12.32.17,True,-0.01750334994793279,-0.11436201171874999,0.11652808386604166,0.618,-0.8385,0.16327141307715892,1.4565,3.7878022066343755,0.6793347125638431,-0.011134240909732683,1.217300180868457,4.609900917906136
904,2003.11.14.12.42.17,False,0.12763465852347888,-0.11474328613281251,0.11466525656133489,0.5235000000000001,-0.7935,0.16221979468501452,1.3170000000000002,3.225407275669433,0.5644716983030067,-0.03211127628712067,1.2151763024355442,3.9198596526479497
905,2003.11.14.12.52.17,True,-0.05449751350540022,-0.11617402343750001,0.11564955715704027,0.5455,-1.1465,0.16393500831864752,1.692,3.330803964841336,1.1312494220785378,-0.03400203041356653,1.211863669664213,4.036517637894009
906,2003.11.14.13.02.17,False,0.17768644361172214,-0.11506669921874998,0.11483828843248681,0.5015000000000001,-0.725,0.16257342439578135,1.2265,3.089189097575244,0.5221426117271522,0.009284774369758275,1.2132210405170998,3.7466029787582196
907,2003.11.14.13.12.17,False,0.08613787566186837,-0.11333791503906249,0.11478690379392426,0.538,-0.784,0.16131226478915883,1.322,3.333432854140563,0.7711831043544501,-0.008470276874179212,1.2165959692635424,4.056280351809685
908,2003.11.14.13.22.17,True,-0.02661833600397645,-0.114996337890625,0.11565920859904553,0.5640000000000001,-0.9485,0.16310189245826406,1.5125,3.4601474379599972,0.8895728731813672,0.0011339769189956089,1.2159520754405764,4.207129806986029
909,2003.11.14.13.32.17,False,0.09006495825057714,-0.11363974609375,0.11621677994270213,0.505,-0.7735000000000001,0.16254380325468967,1.2785000000000002,3.1071313219735153,0.7828267004446696,0.003663313444415386,1.2149009996461722,3.7748483561825994
910,2003.11.14.13.42.17,False,0.07074753705083214,-0.114353125,0.11583543370447241,0.5455000000000001,-0.7164999999999999,0.16277631337073784,1.262,3.351465327141657,0.6944269424289446,-0.012620680952130146,1.217794117492102,4.081338899548759
911,2003.11.14.13.52.17,False,0.1720340039502884,-0.11484150390625,0.11456243151366519,0.48950000000000005,-0.7385,0.16221433351534406,1.2280000000000002,3.0185320138504226,0.6210222195681818,0.006406577930673237,1.2139490383847031,3.6644535762671016
912,2003.11.14.14.02.17,False,0.16436752193143078,-0.1141776611328125,0.11526807106422364,0.5055000000000001,-0.6665000000000001,0.16224506072906297,1.1720000000000002,3.1162728542015277,0.5580144995684095,0.004855414335579292,1.2134383758692584,3.7812594338217265
913,2003.11.14.14.12.17,False,0.042514939358544335,-0.1137401123046875,0.11756337959473606,0.475,-0.8029999999999999,0.1635867174857084,1.278,2.9047012163800665,0.6525991315098105,-0.044476469732047434,1.2215267497855349,3.547846161703061
914,2003.11.14.14.22.17,False,0.07876502964916565,-0.11525146484374998,0.114855189317533,0.574,-0.723,0.16271204022354174,1.297,3.534731024930367,0.6680592338896878,-0.013165104008052425,1.2154839035103437,4.295627176233907
915,2003.11.14.14.32.17,False,0.12735969844403372,-0.11411723632812498,0.11517089283741075,0.4625,-0.8055,0.16213308295829737,1.268,2.853762397724692,0.7342530767481308,-0.00929794015677866,1.2152685751901513,3.4680905730952127
916,2003.11.14.14.42.17,False,0.11276407602345995,-0.113601953125,0.11671957994312882,0.526,-0.669,0.1628783729681266,1.1949999999999998,3.226862145898248,0.5604774401210337,0.03182302888543523,1.215050289625301,3.9204439861327858
917,2003.11.14.14.52.17,True,-0.026137709583035074,-0.1157002685546875,0.11720530890377948,0.6174999999999999,-0.802,0.16470084451672762,1.4195,3.7507190628924914,0.9331673768359257,0.018480859892551885,1.2148210968601887,4.556200518571977
918,2003.11.14.15.02.17,True,-0.02879389685146383,-0.1142269775390625,0.117691452914233,0.6815,-0.6970000000000001,0.16401480810482905,1.3784999999999998,4.1582924038486695,0.7758016790960554,0.021485811597213297,1.2179790489675937,5.064094323603052
919,2003.11.14.15.12.17,False,0.09976423018014646,-0.1142096923828125,0.11469180534776899,0.5409999999999999,-0.8205,0.16186953175655205,1.3615,3.34563251258883,0.6736446553642645,0.005782623418217304,1.213973343669658,4.060887845400608
920,2003.11.14.15.22.17,False,0.05113947746499936,-0.115305859375,0.11770900490218772,0.591,-0.7435,0.16478126095287288,1.3345,3.5846756247122014,0.6641380237057575,0.012058070906389346,1.2163725810066648,4.361006735102766
921,2003.11.14.15.32.17,False,0.004304469728525717,-0.114455517578125,0.11948828380647922,0.549,-0.8345,0.16546198772206916,1.3835,3.32215443595806,0.7869088658330896,0.005049494991046133,1.2182419824815527,4.047652276103706
922,2003.11.14.15.42.17,False,0.07288547666287626,-0.11474951171875,0.11626650969399185,0.454,-0.8085,0.16336432357450356,1.2625,2.7799397428870574,0.6412706748309411,-0.0353127186270005,1.2176396556212286,3.384909721164845
923,2003.11.14.15.52.17,True,-0.10094908442289552,-0.11478618164062501,0.11616208009944662,0.6995,-0.9535,0.1633143803970044,1.653,4.276481023478242,0.8310030916798923,-0.04552843059881669,1.2180044053901582,5.209696497239564
924,2003.11.14.16.02.17,True,-0.024668401786804628,-0.114733837890625,0.11292080914451419,0.6234999999999999,-0.8385,0.16098515534684874,1.4620000000000002,3.8769749836836076,0.8985782075381419,0.005367897175433112,1.2118993886305214,4.699105706705189
925,2003.11.14.16.12.17,False,0.07168657072438145,-0.1144145751953125,0.11420019257898706,0.5225,-0.8505,0.16165989822302837,1.373,3.2343140199722678,0.7712849385985772,0.014385791041129418,1.2144990398337987,3.9275698452844643
926,2003.11.14.16.22.17,False,0.17333461429498476,-0.1156635009765625,0.1117008808560962,0.4105,-0.7335,0.1608092947163547,1.144,2.5530089017782873,0.4987986661792727,-0.011929396299067264,1.2116380936528577,3.0932117955627745
927,2003.11.14.16.32.17,False,0.10290756708233872,-0.114133203125,0.11475716739747915,0.565,-0.7435,0.16185280221147497,1.3085,3.4919206584350784,0.67145938330109,0.02932488815693938,1.2135672601381864,4.237072619921858
928,2003.11.14.16.42.17,False,0.12611006731438812,-0.1144233642578125,0.11289615761079289,0.51,-0.681,0.1607469803200109,1.1909999999999998,3.1745413380700658,0.6217220842396773,0.0396362514369782,1.2115501226426615,3.84574222971941
929,2003.11.14.16.52.17,False,0.11461651324924504,-0.11589982910156249,0.1148624304209182,0.486,-0.762,0.16319541875998378,1.248,2.979313402519872,0.6530192877781213,-0.022079096085756634,1.2124469075706499,3.6118674793381853
930,2003.11.14.17.02.17,False,0.011715340475868863,-0.115419775390625,0.11297199665470486,0.5905,-0.7925,0.16151605698966431,1.383,3.6621340108259326,0.7248364784581878,-0.03460087812245022,1.2136783573037069,4.442996141918551
931,2003.11.14.17.12.17,False,0.11364088020964536,-0.1140729248046875,0.11459710856187247,0.4455,-0.923,0.16169781241508893,1.3685,2.7569401178664488,0.5885227557005039,-0.025588748987522274,1.2146817903689846,3.348362727406407
932,2003.11.14.17.52.14,False,0.21664464339159578,-0.11451428222656251,0.11299224945411093,0.437,-0.734,0.16088134468915877,1.171,2.7165718768781844,0.4162037393264222,-0.0065051009858726515,1.2117725426182366,3.291834160457837
933,2003.11.14.17.58.46,False,0.1139577001555182,-0.1157183349609375,0.11454660900783369,0.5395,-0.7565,0.1628252323519852,1.296,3.3162383153477224,0.5944696512279153,-0.010549332656822728,1.2127520713081528,4.021740160288109
934,2003.11.14.18.08.46,False,0.20185705277504978,-0.1144772705078125,0.11389029898456196,0.48950000000000005,-0.7435,0.16148861818937627,1.233,3.027644483414089,0.5141164407262913,0.025933730190159467,1.2120739887064402,3.671081494764864
935,2003.11.14.18.18.46,False,0.2171518623013829,-0.11442683105468748,0.11300466264753198,0.47600000000000003,-0.7324999999999999,0.16082978395624797,1.2085,2.9634837869398796,0.464619245639027,-0.011958029193220792,1.2134036106251145,3.5951658619652305
936,2003.11.14.18.28.46,True,-0.0685256232642314,-0.1148800537109375,0.11405906669223008,0.7055,-0.929,0.16188910467262113,1.6345,4.364378508869734,0.8375247517987354,0.0032649990768751263,1.2127056558569456,5.291071204640123
937,2003.11.14.18.38.46,False,0.16512397394519568,-0.1150996826171875,0.11246029504557671,0.4125,-0.6715,0.16092815221426424,1.084,2.5639415677896364,0.4185870593714456,0.003780658688057534,1.2091378837185873,3.0999968653694827
938,2003.11.14.18.48.46,False,0.07511800784503697,-0.11356044921875,0.11157289557441735,0.5625,-0.731,0.1592122212083979,1.2935,3.534849895929251,0.6772517679023229,-0.0035880391704978098,1.2119644115018817,4.283582216494662
939,2003.11.14.18.58.46,False,0.07251465469464291,-0.11593132324218751,0.11411756307578055,0.531,-0.712,0.16268127771073537,1.2429999999999999,3.26865186971105,0.7959761665584266,-0.022629652121007614,1.2135802067932557,3.9656683371119903
940,2003.11.14.19.08.46,False,0.1611796393731943,-0.11379665527343749,0.11373551712991004,0.49550000000000005,-0.6935,0.1608927138270578,1.189,3.0830117632314638,0.6388817993116409,-0.021789052732995938,1.216203548543663,3.7492611415267483
941,2003.11.14.19.18.46,False,0.12706599059423207,-0.114094482421875,0.11536698716027918,0.5165,-0.819,0.16226064725239478,1.3355,3.180996527916296,0.5577308794754148,0.014778013739448585,1.2135237624270017,3.8604330507264875
942,2003.11.14.19.28.46,False,0.14933891155220652,-0.11523569335937499,0.11437858235361395,0.4625,-0.7615000000000001,0.16237745568986714,1.224,2.84839254167704,0.6453227157189085,-0.019023084612407398,1.212858272302758,3.454659738813519
943,2003.11.14.19.38.46,False,0.20276229546689,-0.11477624511718751,0.11453725196290657,0.438,-0.6765,0.16215917045375566,1.1145,2.6977983725512544,0.4361738334192562,-0.009664310322544008,1.215530068726178,3.280581899136023
944,2003.11.14.19.48.46,False,0.20258947732507343,-0.11388120117187502,0.11407701865578829,0.485,-0.7384999999999999,0.16119793341126804,1.2235,3.008368577591,0.5494951555701741,-0.019270316066931997,1.2144642171081808,3.653682638080154
945,2003.11.14.19.58.46,False,0.09584331146299252,-0.1144409423828125,0.11301230757966829,0.5295000000000001,-0.774,0.1608396786818646,1.3035,3.292785867997488,0.6944959926425784,-0.010794545421615648,1.2118881251945286,3.9907159821804883
946,2003.11.14.20.08.46,False,0.20558711276323932,-0.11432331542968749,0.11513988734166625,0.47650000000000003,-0.7105,0.16226469456135678,1.187,2.9331664791884524,0.5910918239103145,0.0022401436390214087,1.2147502359530322,3.563516761179814
947,2003.11.14.20.18.46,True,-0.09659955522935526,-0.1145681396484375,0.11852663115479264,0.6154999999999999,-0.903,0.16484746609467985,1.5185,3.735417949294442,0.9369242233441095,-0.05154367581582501,1.2215479015608675,4.562665378600201
948,2003.11.14.20.28.46,False,0.203185723154229,-0.1152792724609375,0.11277216000245194,0.4285,-0.6970000000000001,0.1612794277334238,1.1255,2.6568723648898542,0.4773196662677468,-0.025627894290147814,1.2126601725249984,3.2218873938914383
949,2003.11.14.20.38.46,True,-0.0620730130866155,-0.11442915039062498,0.11537306074665435,0.718,-0.8885,0.16250684589846132,1.6065,4.426958395381613,0.8181841335290105,0.011363402298146568,1.214703524289507,5.373668640903572
950,2003.11.14.20.48.46,False,0.20516247670491788,-0.11421152343749999,0.11377309907076899,0.4415,-0.6825,0.16121778634010042,1.124,2.7401268987457525,0.5956735978701739,-0.008638381075390339,1.2135433271716014,3.3249118266202844
951,2003.11.14.20.58.46,False,0.10672716984523212,-0.11562900390625,0.11470748678721826,0.5615,-0.7030000000000001,0.1628792803208573,1.2645,3.449021072367545,0.5960986505689043,-0.007174984573661651,1.21482361199354,4.189641464013702
952,2003.11.14.21.08.46,False,0.0110827296574314,-0.11417119140625001,0.11483169786679426,0.619,-0.7705,0.16193316477800818,1.3895,3.820563196519421,0.7695530911928972,0.04351209648524532,1.2127089314551878,4.633695152953823
953,2003.11.14.21.18.46,True,-0.03248609539664282,-0.11486713867187501,0.11532312591724891,0.6405000000000001,-0.8115,0.16277037704977815,1.452,3.938732574703252,0.8305490263247075,-0.026890223372337187,1.2158852951277237,4.78898723471478
954,2003.11.14.21.28.46,False,0.10384582937967168,-0.114683056640625,0.11400552992108853,0.5615,-0.704,0.1617169370850293,1.2654999999999998,3.473234783243959,0.6201788825339059,0.033918111190857234,1.2112848133410044,4.206836414526801
955,2003.11.14.21.38.46,False,0.1873388704364563,-0.11403647460937501,0.11381071928793432,0.47150000000000003,-0.7885,0.16111768846145977,1.26,2.9340513925603906,0.5131051652189977,0.02913050412830131,1.211732610560877,3.5530523604349407
956,2003.11.14.21.48.46,False,0.105878635720425,-0.11400422363281251,0.11238802675221143,0.5225,-0.834,0.16008941376718028,1.3565,3.269888008739,0.6147408374993941,-0.00918126878566311,1.2122999357761284,3.964478294589067
957,2003.11.14.21.58.46,True,-0.024231390568036804,-0.1148002685546875,0.11362394951006755,0.6225,-0.874,0.161524261859736,1.4965,3.8548617052157303,1.0053343104399728,0.0023731278399862343,1.2121555503150296,4.672217321466491
958,2003.11.14.22.08.46,False,0.05875126970285294,-0.1145312744140625,0.11484303797643855,0.5994999999999999,-0.7729999999999999,0.16219938170639275,1.3724999999999998,3.6996961601733487,0.6761891635432895,-0.00832149523443156,1.2149848844433038,4.494132266722346
959,2003.11.14.22.18.46,False,0.040241708740595405,-0.1145577880859375,0.11670241641527809,0.5575,-0.7865,0.16353794244046907,1.3439999999999999,3.4107934961155104,0.7693301226748979,-0.005655861564274634,1.2170102876361337,4.150586559749059
960,2003.11.14.22.28.46,False,0.19964131149219794,-0.11515283203125001,0.11458820361250649,0.4615,-0.657,0.16246031731370414,1.1185,2.8416211270929406,0.5160136561241424,0.0007552451351506978,1.2135203775399215,3.4479856161564575
961,2003.11.14.22.38.46,False,0.13783001996377786,-0.11363920898437499,0.11419164931598785,0.5505,-0.769,0.1611066752653288,1.3195000000000001,3.4240551874919385,0.5557880057077482,0.007617149139858667,1.2123923815483832,4.149749539344487
962,2003.11.14.22.48.46,False,0.08892781713717512,-0.11448862304687502,0.1147716548832975,0.47950000000000004,-0.862,0.16211334132111926,1.3415,2.9604751204813136,0.7238019761399199,-0.04127905031589156,1.214510926101669,3.595653880762151
963,2003.11.14.22.58.46,False,0.08989874981537382,-0.1151099853515625,0.11275409442660933,0.514,-0.7715,0.1611453447423496,1.2854999999999999,3.188750739357425,0.6322782914876564,-0.0009074706142067806,1.2103477717576003,3.859660005102132
964,2003.11.14.23.08.46,False,0.14467350227573206,-0.1137249755859375,0.1136030410624778,0.4675,-0.7955,0.16075594210893562,1.263,2.907906440258298,0.6809148849295581,0.023189276177251177,1.2116119185034522,3.5232962635897707
965,2003.11.14.23.18.46,True,-0.015392457582305008,-0.1143574462890625,0.11582010192794495,0.6495,-0.841,0.16276440165640332,1.4905,3.9943068351308,0.7510017835588574,0.0027039939976099573,1.215951468942297,4.856724770614662
966,2003.11.14.23.28.46,False,0.023756831761560293,-0.114847265625,0.11419055864305885,0.5065,-0.8494999999999999,0.16196260099426824,1.3559999999999999,3.1303764412265083,0.7355300913198028,-0.05917507268903284,1.2165536991091623,3.8073318477191256
967,2003.11.14.23.38.46,True,-0.09400883104379487,-0.113718359375,0.11596803966669743,0.7949999999999999,-0.958,0.16243310460337984,1.753,4.903823237874239,1.0566894689907138,-0.024909460713346994,1.2183081639717468,5.970494469762167
968,2003.11.14.23.48.46,False,0.025592950667700398,-0.1138885009765625,0.11534139874070609,0.5885,-0.8325,0.16209860317541663,1.4209999999999998,3.636273849572314,0.8459218192584221,0.023658232912782424,1.215074792145188,4.41713867647913
969,2003.11.14.23.58.46,False,0.07961185404949334,-0.11363271484375001,0.1162389991476806,0.5405,-0.797,0.16257327435558774,1.3375000000000001,3.3241222435899935,0.6380214299421263,-0.009854908190688478,1.2167093493749461,4.044864790809115
970,2003.11.15.00.08.46,False,0.09689548519441926,-0.1137420166015625,0.11533380377389556,0.5175,-0.781,0.1619863109572563,1.2985,3.1961867977307055,0.6765246342267703,-0.009488285204865702,1.2163020688231332,3.886891710648416
971,2003.11.15.00.18.46,True,-0.004261218571387171,-0.1142301025390625,0.11746516956508929,0.593,-0.803,0.1638499575372154,1.396,3.620477141043028,0.7790496013664956,-0.013000278476008823,1.2183194965306383,4.410963690814249
972,2003.11.15.00.28.46,False,0.16422605668288176,-0.1153232421875,0.11496460495144983,0.4825,-0.746,0.1628433229410255,1.2285,2.959072645949046,0.5492366570316849,-0.005780296453134846,1.2118552940459,3.5862984488151675
973,2003.11.15.00.38.46,False,0.04595463518835352,-0.114361181640625,0.11803636137007587,0.544,-0.747,0.16435579960061675,1.291,3.3157048067891584,0.7492630345574716,-0.011514459620138867,1.2188556638062256,4.040284168016476
974,2003.11.15.00.48.46,True,-0.06865667079802618,-0.115012060546875,0.11705112736445883,0.7070000000000001,-0.7364999999999999,0.16410305289738442,1.4435,4.311780950298006,0.9291397428383092,0.0156584976763272,1.216448132925598,5.24522996534593
975,2003.11.15.00.58.46,False,0.05868769603638413,-0.114991357421875,0.1164497117517876,0.48950000000000005,-0.812,0.1636633101579064,1.3015,2.992723506471111,0.6623187146710752,-0.03585203836920742,1.2165466906307145,3.6398172444464714
976,2003.11.15.01.08.46,False,0.15067467587019517,-0.1143389404296875,0.11597021806374369,0.4555,-0.741,0.16286835890128443,1.1965,2.799100700182382,0.633296765536657,-0.007534011068902195,1.2148875895257685,3.399451075764885
977,2003.11.15.01.18.46,False,0.011136136602247104,-0.114203466796875,0.1160801445672345,0.604,-0.812,0.16285294975247894,1.416,3.7064338336366145,0.7491879476332617,-0.0011940619038762878,1.2164185186762189,4.508806740033601
978,2003.11.15.01.28.46,False,0.1201672740061871,-0.1152468017578125,0.11412098715991142,0.437,-0.786,0.16219973147377623,1.2229999999999999,2.69579589459645,0.5868563961314923,-0.04855397329664485,1.2132141499102513,3.2703111131202514
979,2003.11.15.01.38.46,False,0.024167684279173485,-0.1141853515625,0.11373306687922766,0.626,-0.8029999999999999,0.16117866689492794,1.4289999999999998,3.890003566785536,0.677615816778278,-0.007491415987942436,1.21357776194005,4.720748875452951
980,2003.11.15.01.48.46,False,0.12147589523505425,-0.1131251708984375,0.11653963872667392,0.497,-0.796,0.1624193371101923,1.2930000000000001,3.061737336034348,0.5813328461277709,-0.0005176573393931919,1.2171436099482151,3.726010652637731
981,2003.11.15.01.58.46,False,0.024603054271953972,-0.1145936767578125,0.11642396575963052,0.47150000000000003,-0.923,0.1633637490730802,1.3945,2.886463987263382,0.7050191343073335,-0.020115255855380734,1.2159341114159963,3.509580593217041
982,2003.11.15.02.08.46,False,0.19101386089753136,-0.113243701171875,0.11538017709800291,0.492,-0.736,0.16167830723307658,1.2279999999999998,3.050490939435483,0.5376156427802821,0.013202337659722941,1.2146062658962762,3.70431020841546
983,2003.11.15.02.18.46,True,-0.03451961471906684,-0.11419550781250001,0.11568752131571933,0.5980000000000001,-0.985,0.16256013120137214,1.5830000000000002,3.680154779262884,0.9067685860016059,-0.012034773231667522,1.215785360527251,4.4732031695676415
984,2003.11.15.02.28.46,False,0.06194470375329486,-0.114343505859375,0.11640159567972669,0.5309999999999999,-0.7865,0.16317300561095738,1.3175,3.2582747689183265,0.7804761957699773,0.01878014508370758,1.2169717533790527,3.9647908574220727
985,2003.11.15.02.38.46,False,0.14054680844262835,-0.1136024658203125,0.11444000534892812,0.46399999999999997,-0.808,0.16125855023811103,1.272,2.878190861932664,0.7294812287479726,-0.01807536099663562,1.214579181701493,3.495571898116735
986,2003.11.15.02.48.46,True,-0.05366976163296344,-0.1143322021484375,0.11516259029534591,0.6910000000000001,-0.8414999999999999,0.16228354857906435,1.5325,4.261714446803849,0.8892427807370931,-0.0019735942608077816,1.2152861738829208,5.1780214292225475
987,2003.11.15.02.58.46,False,0.10601401537299515,-0.1146243408203125,0.11506892414700921,0.587,-0.7484999999999999,0.16242272355370305,1.3355,3.6151193288929466,0.6495441009397032,-0.001518343368648123,1.2147814289782044,4.391359279930608
988,2003.11.15.03.08.46,True,-0.009951912838686905,-0.1139388427734375,0.11625820430799413,0.514,-0.9205,0.16278607070245205,1.4344999999999999,3.1595551601111875,0.7772162250290482,-0.006270695829247759,1.2182839015537419,3.848855615087536
989,2003.11.15.03.18.46,False,0.020339909553722446,-0.1137783935546875,0.11743260248669768,0.4565,-0.9035,0.16351193884031734,1.3599999999999999,2.7916541151345196,0.6347733989148339,-0.038015679808569194,1.2183267402707627,3.4009888258108
990,2003.11.15.03.28.46,False,0.016171932209236628,-0.11533098144531251,0.11616798461813271,0.498,-0.8935,0.16370502119155228,1.3915000000000002,3.038158475781878,0.7290797704548972,-0.0020586395879034916,1.2144858645891872,3.6906510691557592
991,2003.11.15.03.38.46,False,0.037067168900221104,-0.11412165527343751,0.11619217966607712,0.5845,-0.7945,0.1628630598251753,1.379,3.5891231165398034,0.696713504801616,0.001887279378759982,1.21685490508413,4.36720931237963
992,2003.11.15.03.48.46,False,0.12451234063762662,-0.1145821044921875,0.11612505660088764,0.513,-0.7615000000000001,0.16314129851684012,1.2745000000000002,3.1470239703575342,0.5067413852873073,-0.008246249323831122,1.216239163678107,3.8273231541503074
993,2003.11.15.03.58.46,False,0.04200331516211353,-0.1144336669921875,0.11532342004739922,0.532,-0.8300000000000001,0.16247412343773943,1.362,3.2717122653996267,0.8216523859937139,-0.030491841357621202,1.2158299251553772,3.978751837195882
994,2003.11.15.04.08.46,True,-0.05012202438807911,-0.1143328857421875,0.11725606277202334,0.588,-0.9219999999999999,0.16377781803814645,1.5099999999999998,3.59041801006573,0.792408982580094,-0.020201538475795356,1.218283392038471,4.3740879838846745
995,2003.11.15.04.18.46,False,0.0016324921928755343,-0.11501357421875,0.11485998327883712,0.5960000000000001,-0.841,0.16254905214428975,1.437,3.6701190352450395,0.7617643158264091,-0.02873431647600277,1.214774224174192,4.456712786244022
996,2003.11.15.04.28.46,False,0.10115041015998805,-0.1148101318359375,0.11438543451950522,0.547,-0.7335,0.1620721705369182,1.2805000000000002,3.3750851440512584,0.6468054190515389,0.03477957862620978,1.2116741823478911,4.089499005451122
997,2003.11.15.04.38.46,True,-0.096334732083595,-0.1135270751953125,0.11718575981368617,0.696,-0.8935,0.1631667275770925,1.5895,4.26611138702234,1.0509929952032548,-0.007077187877619993,1.2197706736503369,5.203411073845909
998,2003.11.15.04.48.46,False,0.03954880372994707,-0.11447226562499999,0.11290075558304742,0.597,-0.752,0.16078479684580424,1.3490000000000002,3.7159183502916955,0.7837973705216521,-0.0055843474119975315,1.2127978464156395,4.505889794360996
999,2003.11.15.04.58.46,True,-0.005892326730167263,-0.1155578857421875,0.11660772786575857,0.5235,-0.8765000000000001,0.1641731172298186,1.4,3.192602634970564,0.7069381949437255,-0.021868278136594088,1.2174321760961693,3.885922288494843
1000,2003.11.15.05.08.46,False,0.19207299398574101,-0.1140720947265625,0.11289142170687547,0.46499999999999997,-0.7589999999999999,0.1604933882613881,1.2239999999999998,2.9013821581336448,0.5714249866155419,-0.00304145031675018,1.2118631869730003,3.5152413741687
1001,2003.11.15.05.18.46,False,0.13838382450673387,-0.11367255859375,0.11163282873803411,0.493,-0.6725,0.1593327687784167,1.1655,3.0959347911780335,0.5538841278807485,0.023658735845653693,1.2102947672488518,3.7465096453801268
1002,2003.11.15.05.28.46,False,0.15616710950669832,-0.115207080078125,0.11426323649001498,0.508,-0.7250000000000001,0.16226741426173577,1.233,3.127511471941436,0.5317484546915443,-0.028035793101834024,1.2136338050445394,3.795790187595654
1003,2003.11.15.05.38.46,True,-0.09565973408854456,-0.11363964843750002,0.11635518277843951,1.0114999999999998,-0.9385000000000001,0.1626459755859445,1.95,6.228896964641818,1.5628918394158042,0.05712465160774206,1.2165147340709064,7.579470964626042
1004,2003.11.15.05.48.46,False,0.1763201416030084,-0.113460595703125,0.11350009758218223,0.505,-0.7589999999999999,0.16049447252657997,1.2639999999999998,3.1458381696467352,0.5359346316566898,0.0018514091459809097,1.214110958731407,3.8195449315755043
1005,2003.11.15.05.58.46,False,0.20076111702994504,-0.114722119140625,0.11287745272222441,0.4895,-0.658,0.16094776350893208,1.1475,3.0468350257674053,0.4435028092754727,-0.00010715126231081694,1.213172736653657,3.6950683954822754
1006,2003.11.15.06.08.46,False,0.12581104811254418,-0.11404379882812499,0.1124579414195888,0.5555,-0.641,0.16016765297579189,1.1965,3.469226793262715,0.5039109894803131,0.0028440365146329555,1.2121185254094482,4.20518848991262
1007,2003.11.15.06.18.46,True,-0.049704182027477284,-0.114476123046875,0.11330526666156318,0.8545,-0.7215,0.16107357811872908,1.576,5.314303117695075,0.8614865877169391,0.012839330322098596,1.2134217531918536,6.447561620378568
1008,2003.11.15.06.28.46,True,-0.058414047063190866,-0.11447202148437499,0.11629980986627761,0.823,-0.784,0.1631889305526319,1.607,5.045200238447025,0.8271664227253237,0.02726589616848945,1.215516975150944,6.132411379575096
1009,2003.11.15.06.38.46,False,0.11191056608136085,-0.1137370361328125,0.11389806204255007,0.49450000000000005,-0.768,0.16096525550808227,1.2625000000000002,3.074906373202718,0.7013881242175999,-0.03589737968068221,1.2141060905154413,3.7326026815872875
1010,2003.11.15.06.48.46,False,0.12028849283203674,-0.113165478515625,0.11649289661997586,0.5075000000000001,-0.714,0.16241522021285582,1.2215,3.1267466662255705,0.5328923701526151,0.0019146416848711476,1.2190234055034954,3.8110355494486208
1011,2003.11.15.06.58.46,False,0.03720288379132941,-0.11473886718750001,0.11341176123606617,0.6565000000000001,-0.6925,0.16133582416390324,1.349,4.069246059738421,0.6350512450852219,0.01261216629403996,1.2123151593600574,4.933177718119671
1012,2003.11.15.07.08.46,False,0.12125163072373352,-0.114202490234375,0.11711782854254532,0.4615,-0.746,0.16358177318753958,1.2075,2.8202299260024835,0.6326147648701974,0.011552998647000918,1.2168984936864828,3.4321565079607046
1013,2003.11.15.07.18.46,False,0.0857825075588381,-0.11380695800781249,0.11430920142633927,0.6375,-0.681,0.16130444057701213,1.3185,3.9539770602614457,0.6003358718308713,0.021918365483839495,1.2144475623004534,4.801374192218791
1014,2003.11.15.07.28.46,True,-0.06648833373289642,-0.11467329101562498,0.11485992075569798,0.7070000000000001,-0.874,0.16230865417590828,1.581,4.358680047291314,0.9773895630464213,0.006943270901162387,1.214928959082098,5.2940877217315165
1015,2003.11.15.07.38.46,False,0.022692765205566956,-0.11346040039062501,0.11428275501769265,0.624,-0.8035,0.1610455462621766,1.4275,3.8781955262219077,0.7861303344832256,-0.0012244237513803977,1.2145784860721789,4.708675819147594
1016,2003.11.15.07.48.46,False,0.10129708660347236,-0.115043212890625,0.11392154036361309,0.486,-0.836,0.16190676759306566,1.322,3.0048088881951944,0.6825979230820729,-0.008129517288909595,1.212829710153391,3.643448931733854
1017,2003.11.15.07.58.46,False,0.021004744100246442,-0.11546518554687499,0.11547390562125057,0.626,-0.7689999999999999,0.16330338291373997,1.395,3.8347378594744486,0.6256235898404523,-0.020079307439056532,1.2152713812360634,4.659874857117455
1018,2003.11.15.08.08.46,True,-0.10257454720822701,-0.1141107421875,0.11812813360452641,0.714,-0.9849999999999999,0.1642434201317139,1.699,4.342413007171711,1.021835754275853,0.010084982028134027,1.2174434768521956,5.2864145651296255
1019,2003.11.15.08.18.46,False,0.07348724803389106,-0.1134534912109375,0.11601218549357323,0.503,-0.8065,0.16227638110343973,1.3095,3.10084731428116,0.7321972135620285,-0.014804638455799905,1.2170538273595155,3.7730866780355887
1020,2003.11.15.08.28.46,False,0.14135466291982168,-0.1157822509765625,0.11591731640567732,0.487,-0.7255,0.16384213338644238,1.2125,2.9757522423152585,0.5170188536031963,0.002777301317178525,1.2145237378997735,3.6135206198448206
1021,2003.11.15.08.38.46,False,0.16825912352697453,-0.113791748046875,0.11285984186702254,0.4995,-0.745,0.16027432436835848,1.2445,3.1094875805006694,0.5728439292524632,0.013359231785576926,1.211066177899116,3.766871766602856
1022,2003.11.15.08.48.46,False,0.21376083316326117,-0.1136648193359375,0.11354443255323743,0.42100000000000004,-0.675,0.1606671907851231,1.096,2.6180207109002427,0.46197200816627415,-0.02575612460112372,1.2137295148915688,3.178058043962049
1023,2003.11.15.08.58.46,False,0.059755254977265415,-0.11551708984375,0.11704581872145582,0.49150000000000005,-0.8340000000000001,0.16445395077340413,1.3255,2.9875218339987932,0.6315723407863785,-0.00010636238391635924,1.215030864966032,3.6304958154288327
1024,2003.11.15.09.08.46,False,0.14191450025863317,-0.1134772705078125,0.11351943094953831,0.474,-0.8155,0.1605232903583221,1.2894999999999999,2.950128861756271,0.6611491254516717,-0.008292167754179746,1.2139032928309732,3.582361917361922
1025,2003.11.15.09.18.46,False,0.18285701504934504,-0.1143703125,0.1143384181977653,0.486,-0.6995,0.16172379137142393,1.1855,3.0064407404808846,0.5209349253178839,0.039278769945809706,1.210954578250084,3.6405401589827626
1026,2003.11.15.09.28.46,True,-0.06608955481717826,-0.11508730468749999,0.11710258722632343,0.6985,-0.7324999999999999,0.16419217755811333,1.431,4.260854897683653,0.8614274427968904,-0.004045419065730651,1.2172451938560935,5.186396760390171
1027,2003.11.15.09.38.46,False,0.16451580766397172,-0.11473984375000001,0.1135428120980916,0.475,-0.78,0.16142581937189907,1.255,2.9444511258580324,0.6344829164335415,-0.02006293290553398,1.2140434917684075,3.574056896895133
1028,2003.11.15.09.48.46,True,-0.0064689951423021474,-0.11369104003906251,0.11541114999467428,0.6565000000000001,-0.8069999999999999,0.1620055805356278,1.4635,4.055165783990925,0.735196733501613,-0.0022141512321762202,1.21732418015153,4.936027813016202
1029,2003.11.15.09.58.46,True,-0.03796430481757063,-0.1148951904296875,0.11488003663061373,0.6639999999999999,-0.907,0.16248108473225892,1.571,4.083828786138824,0.8919702598146078,-0.008074599988800148,1.2146504106184288,4.961048209142701
1030,2003.11.15.10.08.46,False,0.08293482126586094,-0.1142579833984375,0.11484168711490383,0.5445,-0.7705,0.16200208861858884,1.315,3.362445984351967,0.8037914310031637,0.012827316561789127,1.2143128148777689,4.083009805487411
1031,2003.11.15.10.18.46,True,-0.05123254175324421,-0.1133899658203125,0.1155974225748167,0.558,-1.1044999999999998,0.1619260701103363,1.6624999999999999,3.446692442652425,1.0682419571008737,-0.05388203760037159,1.2200706204708167,4.205320270966573
1032,2003.11.15.10.28.46,False,0.11289920312678858,-0.1149875,0.1140292433902576,0.5285,-0.746,0.1619508897392709,1.2745,3.2659407347539133,0.662372273454968,-0.026493671940653604,1.2146386882554934,3.9660293813749257
1033,2003.11.15.10.38.46,False,0.07556794543427547,-0.1135814453125,0.11575057297915017,0.5005,-0.7665,0.16217307114467194,1.267,3.0866578242438667,0.6337898362400283,-0.04571780497270231,1.218292388667257,3.7603884438175292
1034,2003.11.15.10.48.46,False,0.13084256565543229,-0.11467106933593751,0.11420034065445281,0.5665,-0.726,0.1618391685683122,1.2925,3.4998698339597727,0.6372630560604775,-0.001844253270357036,1.2140213908584416,4.249093443803037
1035,2003.11.15.10.58.46,False,0.020466688483859685,-0.115035888671875,0.11611325108545814,0.598,-0.7945,0.16345364399370996,1.3925,3.659423000783545,0.6968859956759155,0.0026013267116455924,1.2143288748078374,4.443313446381829
1036,2003.11.15.11.08.46,False,0.12439223003774846,-0.11403356933593752,0.11241107121969679,0.5285,-0.6675,0.1601270053681832,1.196,3.3058584144754954,0.5680505130143392,0.04441467873449292,1.2111968887717806,4.0024958740273116
1037,2003.11.15.11.18.46,False,0.11619371036341775,-0.11385974121093749,0.11434256126159295,0.47,-0.889,0.16136835515517653,1.359,2.9129336913284725,0.645321255683472,-0.00941068263251289,1.214256997469356,3.5369812845931783
1038,2003.11.15.11.28.46,False,0.009162675535501319,-0.1147712158203125,0.11470802713324355,0.40900000000000003,-0.9485,0.1622751537655009,1.3575,2.5207455852854777,0.7095373087745389,-0.05305751995122441,1.2157865832671226,3.064566314101575
1039,2003.11.15.11.38.46,False,0.03972401752991617,-0.1149919677734375,0.11455095520927511,0.508,-0.9035,0.16231495689325315,1.4115000000000002,3.1327133262165674,0.755171762509715,-0.005484919212914106,1.213020186252534,3.799067061207232
1040,2003.11.15.11.48.46,False,0.03774385936461122,-0.1142734130859375,0.11225641120696059,0.6065,-0.7925,0.16019453861681143,1.399,3.791534466829524,0.6037226767403245,0.0017965014701382146,1.2108400218201278,4.5893858183516265
1041,2003.11.15.11.58.46,True,-0.0015916630871402049,-0.1146882080078125,0.11462744657970952,0.5189999999999999,-0.946,0.16215071528408354,1.4649999999999999,3.2003398160431207,0.9033626370595311,-0.03537129113906285,1.2145838857797502,3.8872484996725785
1042,2003.11.15.12.08.46,False,0.17746156515959216,-0.11443977050781248,0.11350050093099638,0.5055000000000001,-0.6970000000000001,0.1611949891547704,1.2025000000000001,3.140327694919989,0.5153931661101263,0.03225010916801571,1.2111105529808246,3.802055777511309
1043,2003.11.15.12.18.46,False,0.12305289753882537,-0.114303125,0.11357920913957441,0.48450000000000004,-0.823,0.16114982371143594,1.3075,3.0079609976333934,0.7490014508806573,-0.016587846297738046,1.215048865524292,3.6546310682364345
1044,2003.11.15.12.28.46,False,0.1179108261213695,-0.1150724365234375,0.11433950447205353,0.47350000000000003,-0.829,0.16222375922428334,1.3025,2.9195782437576465,0.6851764680175754,-0.009447512332181296,1.2132773716003422,3.5420182484214173
1045,2003.11.15.12.38.46,False,0.10642684624540888,-0.11387573242187501,0.11563776528917533,0.54,-0.6859999999999999,0.1622992129150274,1.226,3.3285418384891745,0.7014768262120123,0.0039589374847423175,1.2154251443788355,4.045517732110343
1046,2003.11.15.12.48.46,False,0.14007726569071016,-0.11346374511718751,0.11499136036443655,0.4605,-0.863,0.16154718549200364,1.3235,2.851053474883477,0.5891718510774271,-0.002946947070517795,1.2148954297528034,3.4633814532421523
1047,2003.11.15.12.58.46,False,0.10220858516782783,-0.11463037109374999,0.11419863209132633,0.5860000000000001,-0.7115,0.16181800703730548,1.2975,3.6168950608332473,0.6545490516416319,-0.01676954024103144,1.2154981762407902,4.397298041226022
1048,2003.11.15.13.08.46,False,0.08144675002810331,-0.114516650390625,0.11410784796172702,0.5369999999999999,-0.8009999999999999,0.16167257639811403,1.338,3.3245038275132464,0.6996427109730776,-0.014166384349136953,1.2131113154741449,4.032202961762811
1049,2003.11.15.13.18.46,False,0.15082486065038908,-0.1147020751953125,0.11551791397718308,0.4675,-0.719,0.16280057930317277,1.1865,2.872628383301194,0.6634029176396907,-0.006699584640902121,1.214709272316206,3.4892554830128266
1050,2003.11.15.13.28.46,False,0.07401502377060742,-0.1143838623046875,0.1148780163244254,0.6115,-0.752,0.1621159663089079,1.3635000000000002,3.7756119180017738,0.6478939959817018,-0.0005216946952488252,1.2147389194121658,4.586376722795831
1051,2003.11.15.13.38.46,True,-0.0652517208465937,-0.11402446289062501,0.11616339677014564,0.6105,-0.9975,0.16277831319798536,1.608,3.750519460764421,1.2760000777973495,-0.04101794400781129,1.2179236695396192,4.567840486875381
1052,2003.11.15.13.48.46,False,0.08536278836098632,-0.113735400390625,0.1170111672695815,0.485,-0.781,0.16317969269307567,1.266,2.972429186324474,0.6740689076634383,0.0019422882335434323,1.2184002358037973,3.6217213392778604
1053,2003.11.15.13.58.46,False,0.1042510530470877,-0.11534553222656249,0.11443023624650497,0.5005,-0.7945,0.162480752556834,1.295,3.0875548011343996,0.5448152012607725,0.003410790174848734,1.210077402624027,3.736853355826004
1054,2003.11.15.14.08.46,False,0.09715643647093075,-0.114066796875,0.11644719664697639,0.553,-0.7364999999999999,0.1630103845784406,1.2894999999999999,3.3988218657935576,0.6200686539218345,0.029189804225479715,1.216051005160098,4.13259261763023
1055,2003.11.15.14.18.46,True,-0.029043163194448773,-0.11429543457031249,0.1159007936468332,0.5715,-0.9375,0.1627804970289655,1.509,3.5197946054727334,0.9150858963403417,0.015027286384700914,1.2142012041133738,4.273964850135156
1056,2003.11.15.14.28.46,False,0.20718027179494897,-0.1141705810546875,0.11186491360739462,0.46499999999999997,-0.685,0.1598519226881842,1.15,2.908159346774388,0.4816525138978658,-0.012371230990227725,1.2124823429082072,3.526397734470793
1057,2003.11.15.14.38.46,False,0.15775520182855096,-0.11405366210937501,0.11572718023111031,0.485,-0.7105,0.16249894877436374,1.1955,2.9880141599782597,0.578457486070199,-0.02810597487427484,1.2167394132477982,3.6343355792639143
1058,2003.11.15.14.48.46,False,0.20316760786316723,-0.11381645507812499,0.11273223616612263,0.4245,-0.73,0.160209478190339,1.1545,2.649450970355102,0.5792906862808374,-0.009846153955145119,1.212928510469616,3.2136764160776794
1059,2003.11.15.14.58.46,False,0.07227513787114914,-0.115053125,0.11361471426780154,0.5465,-0.7875,0.1616972502602586,1.3339999999999999,3.38116966631075,0.7266417521268187,-0.0023781730638589467,1.21335613457043,4.102581479720834
1060,2003.11.15.15.08.46,False,0.0514558306492755,-0.119584814453125,0.11271836350462253,0.4495,-0.8265,0.164340101537454,1.276,2.7333251844889683,0.6179801413141333,-0.0012243194568634821,1.2056555075314348,3.2960527566207043
1061,2003.11.15.15.18.46,False,0.027817737715443047,-0.11354577636718749,0.11377167134436927,0.634,-0.7165,0.1607397942814754,1.3505,3.9439661520509297,0.7969769101416722,0.010224159305117933,1.2152520064734391,4.792965537789203
1062,2003.11.15.15.28.46,False,0.06484591037958531,-0.1145808349609375,0.11137225536749801,0.5785,-0.7225,0.15979696946252997,1.3010000000000002,3.617123156262081,0.6161295323588623,0.011731866036441557,1.2096442404605119,4.376145432514865
1063,2003.11.15.15.38.46,False,0.06514076356844034,-0.11459621582031249,0.11511971319525119,0.5700000000000001,-0.7945,0.16243411465424096,1.3645,3.5112633602267413,0.7894846881634159,0.01121307556711306,1.2134896414372986,4.261303989153638
1064,2003.11.15.15.48.46,False,0.21150424660220113,-0.1143973876953125,0.11402853380524963,0.482,-0.6725,0.16153031418015462,1.1545,2.9856469295442434,0.530024411275164,-0.014055202322598406,1.2135947449847735,3.6227604691520376
1065,2003.11.15.15.58.46,False,0.09456875292925493,-0.1149558349609375,0.1146141161378225,0.508,-0.7835,0.16233278856887293,1.2915,3.1302826333358444,0.6931654355816323,-0.003339989570771697,1.2145325675446597,3.8017471193032213
1066,2003.11.15.16.08.46,True,-0.06809904986001314,-0.114157666015625,0.11472704188680269,0.77,-0.846,0.16184732721044087,1.616,4.764668194904775,0.9271156418478221,0.04229767194897431,1.2137762418212141,5.783267117627902
1067,2003.11.15.16.18.46,False,0.14097201921543606,-0.11424404296875,0.11240928512153467,0.394,-0.7529999999999999,0.16027906808948522,1.1469999999999998,2.4578317894939845,0.569701625100067,-0.03505311192396545,1.2123198498353362,2.9799036653489184
1068,2003.11.15.16.28.46,False,0.2206638109632244,-0.11466918945312499,0.113487855896236,0.442,-0.7410000000000001,0.16134103791585697,1.183,2.739490652399683,0.474878844801762,-0.010664121678976395,1.2132264517707008,3.32363860828328
1069,2003.11.15.16.38.46,False,0.1668712503988758,-0.113789404296875,0.11231290944427269,0.42,-0.808,0.1598970837483723,1.228,2.6271989017613624,0.5348384683791492,0.0025668527393820197,1.211697174016321,3.1832934948225278
1070,2003.11.15.16.48.46,False,0.0854622115877981,-0.1141490966796875,0.11451677893559126,0.571,-0.758,0.1616954410468089,1.329,3.531546279903554,0.7563173915800017,0.019332000990297315,1.2157717520267917,4.293582125191489
1071,2003.11.15.16.58.46,False,0.13260501368350763,-0.115187158203125,0.11309286065508715,0.49950000000000006,-0.7995000000000001,0.1614345610744108,1.299,3.092133665831021,0.5844251854811677,-0.010927988025159553,1.2116706096633751,3.747140969522593
1072,2003.11.15.17.08.46,True,-0.00245959747922897,-0.1136079833984375,0.11354101935757632,0.5954999999999999,-0.889,0.160625197961065,1.4845,3.7116761744343147,0.7514040877002184,-0.009868277069383643,1.2142197238730235,4.5049577227691655
1073,2003.11.15.17.18.46,False,0.017657095394431055,-0.11443278808593749,0.11407599300161624,0.5900000000000001,-0.8594999999999999,0.16158363886205085,1.4495,3.6470998542352158,0.776948622210075,-0.02062556847735474,1.2148382048518307,4.4310761297400525
1074,2003.11.15.17.28.46,True,-0.03754953708853992,-0.115149365234375,0.11405829012701024,0.719,-0.7005,0.1620784536503876,1.4195,4.437910373705716,0.8321437746204474,0.010696270128695355,1.2141054879154436,5.387737156080301
1075,2003.11.15.17.38.46,False,0.11644492486781888,-0.1143681884765625,0.11576767360757687,0.4405,-0.8215,0.16273938853404524,1.262,2.706822492972514,0.6516205222489955,0.011591511377053658,1.213221688723437,3.283943641068609
1076,2003.11.15.17.48.46,False,0.1472963149499168,-0.11342558593750002,0.11421586907250614,0.5435000000000001,-0.7395,0.16097834592647375,1.283,3.37638859047191,0.6217239382587931,0.015031302701371606,1.2126972873292603,4.094478667997754
1077,2003.11.15.17.58.46,False,0.05927262530004285,-0.11537795410156249,0.1141356127821917,0.588,-0.6715,0.16229753820355175,1.2595,3.6160729711482578,0.7233138562053114,0.027525336037138266,1.2109899263094697,4.380424079471964
1078,2003.11.15.18.08.46,False,0.10625126182673805,-0.11393933105468748,0.11411107118930451,0.5055,-0.8180000000000001,0.16126186948255777,1.3235000000000001,3.1381311411684414,0.706364410574547,0.013543455187256474,1.2130686707991987,3.805825653153157
1079,2003.11.15.18.18.46,False,0.21534183589735578,-0.1141257568359375,0.11452884395722371,0.47600000000000003,-0.726,0.16168369540975736,1.202,2.9444795252863276,0.5442292463754583,0.015710843652629394,1.2120846454399126,3.568720017207591
1080,2003.11.15.18.28.46,False,0.228766393994368,-0.11449567871093749,0.11445964717000698,0.4385,-0.7045,0.16190836096076938,1.143,2.7076822361800827,0.4160596236614664,0.0018866022545565176,1.2133193408159144,3.285401920102716
1081,2003.11.15.18.38.46,False,0.07382309253546027,-0.11386982421875,0.11654409569031027,0.5155,-0.791,0.16293990056012944,1.3065000000000002,3.168465475312094,0.6737865864122476,-0.010733818784189358,1.2173651859192338,3.858442245754672
1082,2003.11.15.18.48.46,False,0.1569510424646689,-0.11407185058593751,0.11228496399801473,0.509,-0.6785,0.1600740459231158,1.1875,3.1859737518415816,0.5621168784991479,-0.009213281578926848,1.2113224253625927,3.8578114168323143
1083,2003.11.15.18.58.46,False,0.15489492856781972,-0.11438603515625001,0.1124385958395677,0.5175000000000001,-0.726,0.16040689021924265,1.2435,3.2270950397499893,0.5803614359877334,0.006184302847857015,1.210789142625917,3.907209281284859
1084,2003.11.15.19.08.46,False,0.15047772054152947,-0.114723828125,0.1155743062992759,0.5105,-0.707,0.16284870480020505,1.2175,3.1415810919216014,0.5723420118092541,-0.0003999799933124982,1.215047375865595,3.817097425878446
1085,2003.11.15.19.18.46,False,0.0005861551173166335,-0.113875634765625,0.11341937649449546,0.591,-0.974,0.16072999015018957,1.565,3.674023954594569,0.7668130662173853,-0.015314473496366797,1.213299268432477,4.458887327736201
1086,2003.11.15.19.28.46,False,0.06811770645307391,-0.11561623535156249,0.11317462299658654,0.5960000000000001,-0.7555000000000001,0.16178894514073833,1.3515,3.6845378061058827,0.6485305827928847,-0.02253142594913691,1.2134763791862886,4.471135134948462
1087,2003.11.15.19.38.46,False,0.18779442987156292,-0.11430627441406249,0.1146704259733588,0.504,-0.6665,0.1619139466368818,1.1705,3.119360678426302,0.5182166015942393,-0.0036891367092949934,1.2145206285868735,3.785708755341159
1088,2003.11.15.19.48.46,False,0.056693107291966194,-0.1131216796875,0.11447492095505385,0.592,-0.7809999999999999,0.16094487539406455,1.3729999999999998,3.686971314868133,0.6740617734858729,-0.009768743404296888,1.2170424578957517,4.4866036697981535
1089,2003.11.15.19.58.46,False,0.13001095107353283,-0.1140296142578125,0.11428577436920878,0.516,-0.7865,0.16144740897792303,1.3025,3.1985186839674293,0.6397050040728787,-0.02549372536187916,1.2148543160943275,3.885608927309141
1090,2003.11.15.20.08.46,False,0.20593765771636668,-0.1131293212890625,0.11301275388458995,0.438,-0.7725,0.1599194525722865,1.2105000000000001,2.7387917946492664,0.4611185971312066,0.011926413355057909,1.2124347300662333,3.32065050079424
1091,2003.11.15.20.18.46,False,0.0782297552220117,-0.11446074218749999,0.11325856870296576,0.6114999999999999,-0.663,0.16103272580254713,1.2745,3.797427967578396,0.5819206618048041,-0.0054594575822114084,1.2126845995113908,4.605071200866982
1092,2003.11.15.20.28.46,False,0.03899060021916867,-0.1148204833984375,0.11585492815610024,0.533,-0.834,0.16311618937269132,1.367,3.268556730442459,0.7311998240357898,0.012560248759787892,1.2145319416958005,3.9695602978837212
1093,2003.11.15.20.38.46,False,0.2091431339228077,-0.113659521484375,0.11467894304936117,0.433,-0.7095,0.16146848803518085,1.1425,2.6815602300140475,0.5669050560197382,-0.005897736748768909,1.2151371289826103,3.2585171523350653
1094,2003.11.15.20.48.46,False,0.1395911560933793,-0.1142832275390625,0.11642486526541768,0.47250000000000003,-0.7809999999999999,0.16314590692713715,1.2534999999999998,2.8993422928509416,0.6063672590400224,0.017628001244344094,1.2141436092281666,3.519861756032258
1095,2003.11.15.20.58.46,True,-0.007204807938773761,-0.11593710937499999,0.11489851022542838,0.6065,-0.795,0.16322866367934458,1.4015,3.7169843900976858,0.8144507938454804,-0.0009436198251134738,1.2129590203147824,4.509163082400485
1096,2003.11.15.21.08.46,True,-0.08351490437026865,-0.11390771484375001,0.1171103077595573,0.7005,-0.8375,0.16337627992445464,1.538,4.296159343977557,0.8201355004774638,0.002957334806817667,1.2173039760623519,5.228188863296126
1097,2003.11.15.21.18.46,False,0.08808413426732953,-0.114161962890625,0.11621335263796548,0.45299999999999996,-0.808,0.16290785152672133,1.2610000000000001,2.7814850452161166,0.586056110211769,-0.03585716282701436,1.2181822389974575,3.3881866036331796
1098,2003.11.15.21.28.46,False,0.06764630230983126,-0.11548164062499999,0.11508966213580218,0.5800000000000001,-0.726,0.1630431502961895,1.306,3.5534463810191896,0.5804279211204566,-0.03613715705105851,1.2156978727622747,4.321182503570988
1099,2003.11.15.21.38.46,False,0.19262135406703057,-0.1141936279296875,0.11512734376286457,0.444,-0.6395,0.1621590295448766,1.0835,2.740682049405338,0.5541417591556808,4.5133824595887384e-05,1.2144770572761616,3.3278275066115306
1100,2003.11.15.21.48.46,False,0.09800966646188858,-0.1137629150390625,0.11576144506684471,0.552,-0.747,0.16230902213919243,1.299,3.403112734575986,0.7095244339791189,0.0013355085868447755,1.2152005551296519,4.135690947305728
1101,2003.11.15.21.58.46,False,0.17883747655714805,-0.11403054199218751,0.11398900549764866,0.46599999999999997,-0.802,0.16123987848493704,1.268,2.8926676334645585,0.5914888289060516,0.0032028786364563296,1.2124697404571312,3.506942441671706
1102,2003.11.15.22.08.46,False,0.14978750223856074,-0.11355583496093749,0.11529896486142255,0.5335,-0.7424999999999999,0.1618353085354673,1.276,3.305635609725031,0.6142477533044866,-0.0012923349883480293,1.2154118217887806,4.016754552837085
1103,2003.11.15.22.18.46,False,0.02643681390288266,-0.11405175781250002,0.11307244150168366,0.6395,-0.675,0.160613558165551,1.3145,3.978701221160284,0.6258696473573921,0.04285393324999376,1.2107699113465287,4.817331730152823
1104,2003.11.15.22.28.46,True,-0.021299286048430455,-0.114705078125,0.11589731532089952,0.5734999999999999,-0.87,0.16306357571632674,1.4434999999999998,3.5172208680022035,0.9124380397029732,-0.016546709197582773,1.216168042439966,4.277510718098599
1105,2003.11.15.22.38.46,False,0.1775885731649663,-0.11289448242187501,0.11392751786120003,0.4835,-0.698,0.1603980136520725,1.1815,3.0153928516858546,0.5486609549898238,0.036760383778679726,1.2121626238342502,3.654929739508785
1106,2003.11.15.22.48.46,False,0.014897507862293935,-0.1149942138671875,0.11570385740290197,0.4995,-0.8559999999999999,0.1631357432010075,1.3555,3.0631715547117437,0.6970180394108203,-0.04339808315693934,1.217482917028692,3.7290946595427323
1107,2003.11.15.22.58.46,False,0.06536414950098579,-0.11513029785156251,0.11482739610930404,0.5894999999999999,-0.708,0.16260645658259273,1.2975,3.630507836765987,0.7291441785178816,0.027972731677645673,1.2123941545455645,4.401457251906492
1108,2003.11.15.23.08.46,False,0.23310258006227547,-0.11387758789062502,0.11349361672254413,0.4575,-0.669,0.1607879883984442,1.1265,2.8455851724849657,0.49053582340405155,0.016536040309589724,1.2125350024812525,3.4502681426433046
1109,2003.11.15.23.18.46,False,0.13148888855265223,-0.1137268310546875,0.11254089517228019,0.498,-0.7969999999999999,0.1600027185286732,1.295,3.1100739964852755,0.6411442641474936,-0.018118144778674034,1.2137683390453093,3.7754905943926405
1110,2003.11.15.23.28.46,False,0.1834893979860613,-0.1149619140625,0.11333963135291647,0.42600000000000005,-0.786,0.16144804598223939,1.2120000000000002,2.6404137714893396,0.42619185917711966,-0.024798610883716744,1.2114290042500278,3.19807320285706
1111,2003.11.15.23.38.46,False,0.19832510384177604,-0.11427326660156249,0.11376318187984966,0.492,-0.735,0.16124770083096035,1.2269999999999999,3.051204158315545,0.5541884634938126,-0.007381820872142019,1.2129954324548105,3.701097329641411
1112,2003.11.15.23.48.46,False,0.10126616392848276,-0.11352414550781248,0.11565506141087373,0.5275,-0.819,0.162071942400889,1.3465,3.25688511052041,0.6394561230542664,0.0011316803156196271,1.215702872687546,3.958358165766364
1113,2003.11.15.23.58.46,True,-0.08092545966329812,-0.11487629394531251,0.1163823554865894,0.7725,-0.7545,0.163534028600865,1.527,4.731227153178308,0.9735239700046987,0.015642734994509626,1.2164027976803182,5.75509969452844
1114,2003.11.16.00.08.46,True,-0.07357130669570822,-0.11417878417968749,0.11609279252611206,0.681,-0.9475,0.16283549575320205,1.6284999999999998,4.192137439156965,0.8871475113049001,-0.009180925040268993,1.2168756059368235,5.099260833627715
1115,2003.11.16.00.18.46,False,0.15747704382875272,-0.1142038330078125,0.11464323115056012,0.502,-0.752,0.16182328097725557,1.254,3.1041710596580807,0.5897027176016618,-0.017320028048583062,1.2162999242602401,3.775515335009554
1116,2003.11.16.00.28.46,True,-0.057226258788413586,-0.11423850097656249,0.11747302412129149,0.6835,-0.812,0.16386228009366616,1.4954999999999998,4.1708705881833685,0.8614045770850742,0.03957722823564097,1.2155741828388669,5.070033060138384
1117,2003.11.16.00.38.46,False,0.04041633380722709,-0.11406350097656251,0.11216690176719038,0.5335,-0.856,0.15998144927031333,1.3895,3.340081965390471,0.6782201418014966,0.012578812477187198,1.2108155573738155,4.0402898766392275
1118,2003.11.16.00.48.46,False,0.0341747076084995,-0.11387351074218749,0.11459902008715889,0.542,-0.872,0.1615658256083592,1.414,3.3572599246031,0.7941689788899935,-0.021034297215101715,1.2152090381924243,4.079254765317431
1119,2003.11.16.00.58.46,False,0.13123483009019676,-0.11466069335937501,0.11296327223439745,0.548,-0.7435,0.16096346648211646,1.2915,3.4125681057382207,0.5968028452822607,0.007280639870311084,1.211370379842756,4.131528984240001
1120,2003.11.16.01.08.46,False,0.20844762396390532,-0.11441162109375,0.1123677318809704,0.4545,-0.714,0.16036904641048844,1.1685,2.8382827059416273,0.5097244714986302,-0.003591485656164079,1.21074142146428,3.434660339851116
1121,2003.11.16.01.18.46,True,-0.012945473263878404,-0.11428251953124999,0.11390454542267625,0.598,-0.9,0.16135634200317156,1.498,3.7052057025419853,0.8207841508992839,0.00864520746748141,1.214776291894057,4.501156670951778
1122,2003.11.16.01.28.46,False,0.12129731015165379,-0.11474533691406252,0.11354688192530416,0.44099999999999995,-0.8460000000000001,0.16143378625572885,1.287,2.7339415407223457,0.6148415853663005,-0.029681420474521804,1.2132635930846427,3.3167323384907155
1123,2003.11.16.01.38.46,False,0.1622625150619429,-0.1143404052734375,0.11365033595146826,0.5455,-0.7324999999999999,0.16122141379098945,1.278,3.387424586940643,0.5770428214746164,-0.008508028799288884,1.214718040121694,4.113580180418497
1124,2003.11.16.01.48.46,False,0.13845091579627145,-0.1140437255859375,0.11385758767365858,0.4245,-0.796,0.1611588978699458,1.2205,2.63385258494585,0.5725800044094571,-0.04418635319680321,1.2149866606450854,3.2002037048516856
1125,2003.11.16.01.58.46,False,0.10865829753535461,-0.11517016601562499,0.11373053037327814,0.49450000000000005,-0.782,0.16187124389465082,1.2765,3.059212625779114,0.6676876085484982,-0.020121758744561444,1.2125251145060398,3.7085108841083834
1126,2003.11.16.02.08.46,False,0.05504580413681692,-0.11395900878906251,0.11477730100283468,0.635,-0.747,0.1617487038915072,1.3820000000000001,3.9322472858232835,0.6638639510479452,0.0009601379931474356,1.2141021581264562,4.771680934685573
1127,2003.11.16.02.18.46,False,0.13129670302398821,-0.11410822753906251,0.11567773918861239,0.4565,-0.7969999999999999,0.1624904794510436,1.2534999999999998,2.8097643876089524,0.6627552865405189,-0.009866760520516616,1.2140783440647391,3.4111583694272527
1128,2003.11.16.02.28.46,False,0.15438059543175997,-0.11508159179687501,0.11486515510399894,0.5065000000000001,-0.704,0.16260075854954148,1.2105000000000001,3.1178335114958022,0.5776343931785002,0.02366316209777438,1.2128556308871365,3.780733759643266
1129,2003.11.16.02.38.46,False,0.17774069540521464,-0.115166259765625,0.11463986849474447,0.476,-0.7165,0.1625035185424018,1.1925,2.930047259266372,0.597216925651818,-0.01564994245354428,1.2129404569126456,3.553567926907327
1130,2003.11.16.02.48.46,False,0.13204087606322568,-0.11466953125,0.112917636117625,0.47750000000000004,-0.786,0.16094411778997086,1.2635,2.9730399465139397,0.659009361761175,0.006658876090227703,1.2121591681770751,3.6026048547456075
1131,2003.11.16.02.58.46,False,0.011179034156428513,-0.11306921386718752,0.11733071232476923,0.6005,-0.736,0.16295043063451287,1.3365,3.689440076079009,0.8510335078272244,0.0069014951787762045,1.2185183861973718,4.492007487392087
1132,2003.11.16.03.08.46,False,0.06675050658619375,-0.1141501220703125,0.11416888534510466,0.542,-0.8275,0.16145233849377993,1.3695,3.3589435098611187,0.8510501981058793,0.0051045993010107845,1.2137178177100258,4.0764448770213715
1133,2003.11.16.03.18.46,False,0.19467753417457578,-0.114147412109375,0.11395112821664324,0.4405,-0.7765,0.161290760527801,1.217,2.731581200302762,0.5463111137459988,-0.00197266703930406,1.2129879594318296,3.3133732164506493
1134,2003.11.16.03.28.46,False,0.1666695082838438,-0.1145140869140625,0.11554184213625338,0.487,-0.747,0.16268166737811593,1.234,2.9940394671676067,0.586873463166796,-0.001169215034446021,1.2154211958266055,3.638864524916955
1135,2003.11.16.03.38.46,True,-0.06749816738522918,-0.1140816650390625,0.11740631596427842,0.653,-0.929,0.16370360610922371,1.582,3.987160824174128,0.8536080276290374,-0.0005346138963125985,1.218264028577524,4.857032923553278
1136,2003.11.16.03.48.46,False,0.06791852407086063,-0.114346826171875,0.11881517037440173,0.476,-0.757,0.1649061604495638,1.233,2.8893581719110206,0.7132544675381551,-0.017590469930804757,1.2197114278961534,3.524052655506887
1137,2003.11.16.03.58.46,False,0.1402583307454629,-0.1143949462890625,0.11229028022791415,0.5325,-0.768,0.16030228739411276,1.3005,3.3267351514911625,0.5363897987894344,-0.002120636501236412,1.2113494238170284,4.027809225157855
1138,2003.11.16.04.08.46,True,-0.05186920120963101,-0.1146726806640625,0.11888363517099869,0.575,-0.9705,0.16519168206192353,1.5455,3.4874672302319007,1.0283115696737424,-0.007398734016480606,1.2171364873013704,4.242990353151476
1139,2003.11.16.04.18.46,False,0.07852557349433809,-0.11284936523437498,0.11533507005251556,0.5385,-0.79,0.1613648156575601,1.3285,3.340622911044129,0.6959634914860278,0.013597309112850177,1.2161276431577719,4.06334359489232
1140,2003.11.16.04.28.46,False,0.10689336091300994,-0.11573828124999999,0.1124132095969066,0.394,-0.669,0.1613519333052124,1.0630000000000002,2.4400260404106815,0.3528263853878306,0.027514485809913926,1.2078322693159786,2.947797864004131
1141,2003.11.16.04.38.46,True,-0.01604684858173422,-0.11448886718750001,0.11384312800994664,0.5455,-0.9495,0.16145762111732714,1.495,3.386801197811403,0.8746642139195191,-0.03743437472971573,1.2144344857383862,4.111898677637484
1142,2003.11.16.04.48.46,True,-0.01003081657106708,-0.11372905273437502,0.11604751444249367,0.504,-0.9425,0.1624864093448583,1.4465,3.101832167555001,0.8670355894788206,-0.007296269115962718,1.2164050278867382,3.7729727177278543
1143,2003.11.16.04.58.46,False,0.11171900863119488,-0.11494584960937501,0.11285720656083595,0.521,-0.7325,0.16110629357378142,1.2535,3.2325514941391087,0.6212003252865765,0.014056277219407786,1.209949502580692,3.9119767251604034
1144,2003.11.16.05.08.46,False,0.1000314999190961,-0.11396982421875,0.11548422282378001,0.5715,-0.724,0.16225463223167447,1.2955,3.522333929021875,0.6671071276202079,0.021746674536814073,1.2158366118333195,4.2824370426739815
1145,2003.11.16.05.18.46,False,0.20439223267383472,-0.1138249267578125,0.11375494184394183,0.5055000000000001,-0.7155,0.1609242213638511,1.221,3.1412587168890007,0.4770264964906652,0.010384738935198173,1.2137665515400466,3.8129795433992903
1146,2003.11.16.05.28.46,True,-0.018907349211369606,-0.11563391113281249,0.1163089961061648,0.538,-0.875,0.16401078717219236,1.413,3.280516765572208,0.8815957432606849,-0.031001352163043484,1.2165501104764354,3.990811015869231
1147,2003.11.16.05.38.46,False,0.1376562891032257,-0.11422844238281252,0.11214247875496286,0.507,-0.7875000000000001,0.16008138360768318,1.2945,3.171340977924535,0.5208561051808858,-0.00040628389779560035,1.2106612297521155,3.837870026586561
1148,2003.11.16.05.48.46,False,0.10059162812617972,-0.1135524169921875,0.11320697651033264,0.5555,-0.7985,0.16035677150192848,1.354,3.4679323070599684,0.645344828340731,-0.012468316325902947,1.214807228058917,4.210487160074736
1149,2003.11.16.05.58.46,True,-0.09369733580400641,-0.11513581542968751,0.11692545146242267,0.7030000000000001,-0.8435,0.16410397751704206,1.5465,4.285236758446823,0.9356940214999243,0.01776585187142128,1.2161786801476158,5.211070283159156
1150,2003.11.16.06.08.46,False,0.07319913327196448,-0.11400146484375001,0.11285287296881821,0.5215000000000001,-0.825,0.16041819333914453,1.3464999999999998,3.2524688719939228,0.6751036491026634,0.03229573286702501,1.2111860187981653,3.938604775516446
1151,2003.11.16.06.18.46,False,0.12956722146448735,-0.11409567871093751,0.11797011569284493,0.4665,-0.7310000000000001,0.1641276289152176,1.1975,2.844952594241743,0.63366459562999,-0.004440981072625065,1.2155760479158317,3.4574666176764755
1152,2003.11.16.06.28.46,False,0.09556973423848913,-0.1152391357421875,0.11570773547755678,0.4635,-0.808,0.163306455466735,1.2715,2.8374624663306336,0.6560944229168846,-0.016053427875917993,1.2138806473327879,3.4445600400087706
1153,2003.11.16.06.38.46,True,-0.024801721220854334,-0.11400212402343748,0.11790432627935452,0.6335,-0.768,0.16400793906793948,1.4015,3.864779434907061,0.9301099775847241,0.032568876158197924,1.2168994555498762,4.702723483562057
1154,2003.11.16.06.48.46,False,0.13173410343853925,-0.1136978759765625,0.1157761572865883,0.482,-0.798,0.16227222558837825,1.2799999999999998,2.972348850629616,0.5669970893955871,-0.03391432425145392,1.2172130681922573,3.6175863764276874
1155,2003.11.16.06.58.46,False,0.1095510686115625,-0.11528034667968749,0.11657500282479658,0.49150000000000005,-0.7909999999999999,0.16396738673577615,1.2825000000000002,2.9955601941677372,0.5619096497844904,0.0043637538654193,1.2144260219540917,3.638593213225189
1156,2003.11.16.07.08.46,False,0.007115679060843982,-0.11422680664062501,0.11510852557701587,0.5165,-0.9385,0.16216891465260896,1.455,3.1839548027717717,0.7945296443885157,-0.03588182396076101,1.2149656826092365,3.8682826224155824
1157,2003.11.16.07.18.46,False,0.08621667390713394,-0.1134909912109375,0.11332680165985329,0.5665,-0.798,0.1603876382768823,1.3645,3.5260178475359374,0.6380056914630476,0.01421114930384485,1.210940052606818,4.271219230602409
1158,2003.11.16.07.28.46,False,0.06540499941439892,-0.1149732421875,0.11386643507828295,0.5885,-0.7545,0.16182115724362997,1.343,3.6396316036205656,0.6763518025647419,0.017819502176822783,1.2120424990735272,4.411118620877203
1159,2003.11.16.07.38.46,True,-0.06230215680984197,-0.114107763671875,0.11516365596755193,0.663,-1.0265,0.16212160141056442,1.6895,4.093114290356272,1.154788400908326,-0.03207377998498268,1.2175424880142773,4.982270472561021
1160,2003.11.16.07.48.46,True,-0.10250223155219684,-0.1139157958984375,0.11654869927739286,0.8935,-0.94,0.1629767760131899,1.8335,5.485454983201487,1.1915278274020682,-0.009716689593479851,1.220822525604831,6.695921353991251
1161,2003.11.16.07.58.46,False,0.08869895756098956,-0.1146475830078125,0.11561709098020381,0.508,-0.8340000000000001,0.16283169737735886,1.342,3.1175086994534724,0.607265125766631,-0.014166473013635435,1.2152556195973356,3.788913986397933
1162,2003.11.16.08.08.46,False,0.13058326399566145,-0.11449248046875,0.11590194652557617,0.502,-0.752,0.16291985464349806,1.254,3.0837113389322948,0.589491999947078,0.021006489310046263,1.2123720107716447,3.7380365349869873
1163,2003.11.16.08.18.46,False,0.008125416065754343,-0.1142529052734375,0.11549032558495594,0.5075000000000001,-0.9245000000000001,0.1624642689507904,1.4320000000000002,3.1299522724415896,0.6908371841370051,-0.03863303277745517,1.2166860745436066,3.8067432222746094
1164,2003.11.16.08.28.46,True,-0.08721936161894794,-0.1158330322265625,0.11717218101797293,0.6040000000000001,-1.0779999999999998,0.16476317624645798,1.682,3.668013426679944,1.1728244266429777,-0.06149471613263242,1.2179065532531221,4.467465962331748
1165,2003.11.16.08.38.46,True,-0.08366541022352902,-0.114433349609375,0.11703732232452824,0.7955,-0.8300000000000001,0.1636881585065402,1.6255,4.8626084829030916,0.8498321857527233,0.00904083323707749,1.2174037159303865,5.917968058101687
1166,2003.11.16.08.48.46,False,0.026715185439851186,-0.113989208984375,0.11624731031106494,0.48850000000000005,-0.895,0.16281148828184677,1.3835000000000002,3.002301793390367,0.7777856892216386,-0.02297368088631643,1.2167063043391606,3.652962510905824
1167,2003.11.16.08.58.46,False,0.15588582559274294,-0.11466000976562502,0.11434146269851975,0.49450000000000005,-0.7735,0.1619382651345305,1.2679999999999998,3.052114601002002,0.6239855071354858,0.005312999436272748,1.2128458251228291,3.7019653842035547
1168,2003.11.16.09.08.46,False,0.0704153979372314,-0.11380273437499999,0.11739917000053715,0.516,-0.7545,0.1635070231663219,1.2705000000000002,3.1610273283197206,0.7750148164115567,-0.004277505494276402,1.2172918664345853,3.8470285904374
1169,2003.11.16.09.18.46,False,0.018861624660351017,-0.11416003417968751,0.11800551154165848,0.5225,-0.862,0.1641889155384893,1.3845,3.1820535051799768,0.7697551827363165,-0.008601188628978303,1.2177767229085696,3.874985000978292
1170,2003.11.16.09.28.46,False,0.04136695790844558,-0.11481025390625002,0.11720089984584478,0.5945,-0.725,0.16407147055004265,1.3195,3.623812476826874,0.5966696068054136,-0.008455670139252133,1.2187794816552548,4.416526899458479
1171,2003.11.16.09.38.46,False,0.11383838401490853,-0.11323505859375,0.11584879293479775,0.544,-0.7689999999999999,0.1620039808470246,1.3130000000000002,3.358150147019147,0.5320176897536713,0.029880715615496184,1.2148744553885567,4.0796570739307985
1172,2003.11.16.09.48.46,False,0.04841291472209652,-0.113510791015625,0.11502368718774018,0.5615,-0.8485,0.16161139948797612,1.4100000000000001,3.4751590546187487,0.7498488332772155,0.027746207043367267,1.2152280518921925,4.222986654945698
1173,2003.11.16.09.58.46,False,0.08653962568380458,-0.11453032226562498,0.11630739486532683,0.563,-0.7455,0.1632396069402393,1.3085,3.4552027431430155,0.5991902495885433,-0.004192288564794404,1.217764365403277,4.206373155905331
1174,2003.11.16.10.08.46,False,0.005569776954868377,-0.11406437988281251,0.1175902992003307,0.5740000000000001,-0.8029999999999999,0.1638283044383198,1.377,3.5047048628624635,0.8663711558748988,0.005110667293951578,1.2186724045486081,4.270113656433843
1175,2003.11.16.10.18.46,False,0.06548878332626928,-0.11325588378906251,0.11546836552502854,0.6325000000000001,-0.6955,0.16174590971699937,1.3279999999999998,3.913505202110618,0.661614821006925,0.024481576971111217,1.2146133203232772,4.752223652650842
1176,2003.11.16.10.28.46,True,-0.07305807574305545,-0.1149913330078125,0.1172265370010341,0.6655,-0.8435,0.16421454346806816,1.509,4.057563665470724,1.1983606026952722,-0.0006337107310183058,1.218424941536624,4.943182019469013
1177,2003.11.16.10.38.46,True,-0.03545915073031469,-0.11350729980468749,0.11470130253970048,0.629,-0.9215,0.16137527103833604,1.5505,3.9034652887141914,0.810765363754022,-0.031196717526434485,1.2171865679199818,4.751446462319818
1178,2003.11.16.10.48.46,False,0.13931915038647796,-0.11283193359374999,0.11637752351118348,0.475,-0.787,0.16210066780801807,1.262,2.933664651255894,0.586328195854112,-0.006993261705711473,1.2165284715793852,3.5676189360612254
1179,2003.11.16.10.58.46,False,0.21833883252854785,-0.114262841796875,0.11395033050415589,0.436,-0.742,0.16137659336592527,1.178,2.701341077428107,0.5174088147379257,-0.013393022759577562,1.214531151355641,3.2809682247831313
1180,2003.11.16.11.08.46,False,0.1235626868984982,-0.1144831298828125,0.11605576804424442,0.547,-0.697,0.16302396464279212,1.244,3.359638106204075,0.6001722896842372,0.02426729568610052,1.2136516428622515,4.077337534548749
1181,2003.11.16.11.18.46,True,-0.060519960594999755,-0.11466125488281251,0.11709188458920586,0.603,-0.8655,0.16388615763562925,1.4685000000000001,3.6818086539595747,0.8045933711832323,-0.0430082205397178,1.2187624385067193,4.4864806983027785
1182,2003.11.16.11.28.46,False,0.12991207463102084,-0.11504001464843751,0.11481145761221045,0.494,-0.8365,0.16253315537382534,1.3305,3.0410192775748213,0.5620312331262756,-0.01993721902792585,1.2141027509037348,3.6915713521680926
1183,2003.11.16.11.38.46,True,-0.03128163311701104,-0.1137696533203125,0.11660070445590894,0.5905,-0.8785000000000001,0.1629126982820458,1.4689999999999999,3.6325166942644214,0.8769992715851349,0.003790539136823104,1.2173390418480714,4.42062730349692
1184,2003.11.16.11.48.46,False,0.16309128664655725,-0.11420910644531249,0.11341026399798233,0.5115000000000001,-0.657,0.1609581429786272,1.1684999999999999,3.1852513309940593,0.5177995794439059,0.01782630888105607,1.2109136692537157,3.8556706901424804
1185,2003.11.16.11.58.46,False,0.10859497464376544,-0.112904736328125,0.11523935018647635,0.525,-0.8400000000000001,0.16133464188921787,1.365,3.2561134483450145,0.5702755304771474,-0.0018587387333059084,1.2150929264661516,3.9565040526906827
1186,2003.11.16.12.08.46,False,0.0403213986497577,-0.11448608398437501,0.11577990297714957,0.643,-0.7395,0.16283526086317018,1.3825,3.948808975158295,0.7186328299522298,0.008329435618007976,1.2149212412571027,4.797482829142706
1187,2003.11.16.12.18.46,False,0.17542493178375757,-0.1141919677734375,0.11251768654149677,0.45399999999999996,-0.7529999999999999,0.16031716744639718,1.2069999999999999,2.831395519073226,0.5177057231798528,0.021973167122383962,1.2089916677193635,3.423435542765394
1188,2003.11.16.12.28.46,True,-0.022174299457637825,-0.11465302734375,0.1170796848418679,0.6655,-0.7705,0.16387101860559394,1.436,4.060545614984447,0.746314901445126,-0.00302764710474905,1.2162889650061748,4.938921525425291
1189,2003.11.16.12.38.46,False,0.09356730094756982,-0.11372102050781249,0.11653496127252136,0.5115,-0.745,0.16282877757074293,1.2565,3.1435738222249796,0.689846730283115,0.04012200451007798,1.2140839839397795,3.8155518152944676
1190,2003.11.16.12.48.46,True,-0.003696289212716808,-0.1142899658203125,0.11433226311430678,0.5775,-0.89,0.16166800893269184,1.4675,3.576169870880461,0.9417864449690514,-0.01821030278261066,1.2132549705648685,4.338213124085649
1191,2003.11.16.12.58.46,True,-0.043727303102710446,-0.1150378662109375,0.1162655414542946,0.6214999999999999,-0.869,0.16355981210687748,1.4905,3.8001768904613344,0.826566244754247,-0.020728768878123194,1.2168166913969414,4.62420725165186
1192,2003.11.16.13.08.46,True,-0.03288351190900307,-0.11390161132812501,0.1161698702125164,0.597,-0.913,0.16269925450946646,1.5100000000000002,3.6721866529575444,0.7581642600006873,-0.033208144077592296,1.217505607445771,4.470062483457034
1193,2003.11.16.13.18.46,False,0.1041486086380724,-0.114643017578125,0.11485219285885832,0.5785,-0.7555000000000001,0.16227943252529342,1.334,3.5650059255877324,0.6433697348422398,-0.00990927770075354,1.2148921486308777,4.331098890115815
1194,2003.11.16.13.28.46,True,-0.10684279338889113,-0.115477392578125,0.11836233794964546,0.737,-1.0265,0.1653637135016312,1.7635,4.465518017776277,1.3003910630572186,0.0020831211098873877,1.2195542258182515,5.446453870765838
1195,2003.11.16.13.38.46,False,0.05738913181577732,-0.1120084716796875,0.1177419104611187,0.4495,-0.819,0.16250948136622084,1.2685,2.76579878963327,0.6238879637779704,-0.015997075918076878,1.2202722310384881,3.3751509992913
1196,2003.11.16.13.48.46,True,-0.03227356456820829,-0.11289428710937499,0.11663602267649371,0.6114999999999999,-0.8265,0.1623260406595468,1.4380000000000002,3.7687481656691277,0.8062294132159462,0.0075599035924332906,1.218274730663008,4.591189955666862
1197,2003.11.16.13.58.46,False,0.05988569732140625,-0.11435498046875,0.11619654043520106,0.571,-0.7435,0.16304443471528202,1.3145,3.5046071205161917,0.7928710043489886,-0.010867528499741562,1.2162082880149234,4.26129206078969
1198,2003.11.16.14.08.46,False,0.035867952125204106,-0.114108203125,0.11620848980888346,0.5185,-0.8374999999999999,0.16286661195175295,1.3559999999999999,3.183953414077034,0.7510848877630703,-0.019597810933473854,1.2165924113201227,3.8737316727272586
1199,2003.11.16.14.18.46,False,0.155467265238671,-0.113263671875,0.11312306396738159,0.5515,-0.7005,0.1600834642985982,1.252,3.4456483194986576,0.5360561147006069,-0.00024786377138266355,1.213457113910725,4.18053963305064
1200,2003.11.16.14.28.46,False,0.005871664963363443,-0.11471311035156251,0.11696729874432264,0.5845,-0.8300000000000001,0.16383627582280247,1.4145,3.5651146745915208,0.7445735306572057,-9.389132632412617e-05,1.217384096612073,4.340640041863665
1201,2003.11.16.14.38.46,False,0.02791414509285517,-0.11420029296875,0.11580563972461394,0.538,-0.8714999999999999,0.16264491402362852,1.4095,3.311996927298436,0.7907631828954038,-0.002542458221331591,1.2150719254299194,4.022583704183647
1202,2003.11.16.14.48.46,False,0.03195719012718401,-0.11372885742187501,0.11730583869333894,0.575,-0.7849999999999999,0.16339211532851672,1.3599999999999999,3.521305671548024,0.6942083101275911,3.5626500744361314e-05,1.2184322696711103,4.29011724272411
1203,2003.11.16.14.58.46,False,0.08794845192226042,-0.116054345703125,0.11513190061475276,0.5665,-0.7155,0.16347673916654798,1.282,3.4646255068224074,0.6429072707909218,0.012361037736742339,1.2131528675415522,4.203186346786534
1204,2003.11.16.15.08.46,False,0.13726789052925958,-0.113956640625,0.1163888793663542,0.448,-0.776,0.16289935743634343,1.224,2.749772584578344,0.6219956757900371,-0.004093076670524272,1.216012226472489,3.343898344945896
1205,2003.11.16.15.18.46,True,-0.018594932942007425,-0.1134321533203125,0.11598354716689076,0.609,-0.89,0.16223638816907637,1.499,3.752595004288339,0.6975602386455737,-0.016627103853751494,1.217129430815155,4.567852719502156
1206,2003.11.16.15.28.46,True,-0.01616452529115353,-0.11472309570312501,0.1157469632815499,0.6165,-0.851,0.16297110305321175,1.4675000000000002,3.7852186696671986,0.7475241928358956,-0.027212192936349612,1.2172469736308071,4.606586896846856
1207,2003.11.16.15.38.46,False,0.03859970129449186,-0.1138968505859375,0.11636196967051704,0.4895,-0.8895,0.16283527082366162,1.379,3.0061126694680755,0.7803827907647416,-0.004315651004754142,1.2155310591738058,3.654019474522376
1208,2003.11.16.15.48.46,False,0.053612468221400755,-0.1138145263671875,0.11373169347856454,0.558,-0.8255,0.1609091450535402,1.3835000000000002,3.469392475692232,0.7078787623252358,0.007460780059905569,1.211524613515686,4.202725740482288
1209,2003.11.16.15.58.46,False,0.17637268240497223,-0.11483217773437498,0.11447141991870993,0.47850000000000004,-0.7375,0.16214732715625763,1.216,2.953002027855521,0.6080391823819129,-0.01736056929099187,1.2132566707041672,3.5821758436090665
1210,2003.11.16.16.08.46,False,0.12262832523417194,-0.1142031494140625,0.11578959516192143,0.502,-0.7605,0.1626381190654927,1.2625,3.0898534008799636,0.6577947486440563,0.016517033241218296,1.215052953487195,3.753431858909849
1211,2003.11.16.16.18.46,False,0.04467450772721193,-0.11424013671875,0.11554933637372143,0.6154999999999999,-0.7535000000000001,0.16249935858779826,1.369,3.7956016737324347,0.7803700186871849,0.0202640519989578,1.2143689277544565,4.606886041960848
1212,2003.11.16.16.28.46,False,0.20483761687045404,-0.1150233154296875,0.11388952078140754,0.486,-0.7170000000000001,0.16187498650020854,1.203,3.003041833925563,0.5076366689105614,0.002745551938611387,1.2137398274719946,3.6448300747007782
1213,2003.11.16.16.38.46,False,0.1809052564999813,-0.11384907226562499,0.1161972684159958,0.47850000000000004,-0.7044999999999999,0.16268147019768073,1.183,2.940409847163844,0.5010080721938126,0.012901643743674477,1.2149960460084437,3.572710001960356
1214,2003.11.16.16.48.46,False,0.027836504303488274,-0.11369846191406249,0.11599344069951115,0.5529999999999999,-0.8365,0.16244911497220585,1.3895,3.411435154538818,0.7245425345998693,-0.010589215736970312,1.2163848949340919,4.148755276748605
1215,2003.11.16.16.58.46,False,0.12660271214209456,-0.1150103515625,0.11188656408617917,0.4895,-0.764,0.1604594055477056,1.2535,3.0516566831145493,0.5271224090597313,0.014617412490525436,1.2100521522975392,3.6927063914164706
1216,2003.11.16.17.08.46,False,0.0013164169711363805,-0.1143389892578125,0.11738109665927614,0.5945,-0.8055,0.16386903619819415,1.4,3.633731926794923,0.7902320644747458,0.0037909392567520694,1.2167286129480077,4.421533498537162
1217,2003.11.16.17.18.46,False,0.1051168525531162,-0.1145523681640625,0.11515013619677845,0.5285,-0.7629999999999999,0.16242991125122141,1.2915,3.2580454023390653,0.7702964543793751,0.017781126201645375,1.2136982856156975,3.9534706211680803
1218,2003.11.16.17.28.46,False,0.03775790460173056,-0.11559321289062499,0.11597069079189236,0.5800000000000001,-0.7495,0.16374331289052252,1.3295,3.5435292387221273,0.6415839073894776,0.05219366170041894,1.2109479423477896,4.290661807060816
1219,2003.11.16.17.38.46,True,-0.010154522920843512,-0.11420192871093751,0.1182610071647931,0.6065,-0.7995,0.16440168250704762,1.406,3.6897075508553274,0.8618768085617623,0.02392273415689383,1.2166323865275785,4.488937544444578
1220,2003.11.16.17.48.46,False,0.17298714783972408,-0.11473332519531251,0.11141709038398212,0.41400000000000003,-0.6970000000000001,0.15993400459295415,1.111,2.5901206789304494,0.4454901555522339,-0.013827367255057284,1.2100090109591046,3.1334438102461997
1221,2003.11.16.17.58.46,False,0.18831905774641133,-0.11451416015625,0.11355856294136688,0.41900000000000004,-0.7595,0.1612762661547984,1.1784999999999999,2.599246882436746,0.5835330621450239,-0.01989126442953868,1.2133629714149963,3.1531947145043624
1222,2003.11.16.18.08.46,False,0.09807786475265223,-0.11302204589843749,0.11048900787435019,0.5329999999999999,-0.6579999999999999,0.15806621067331103,1.1909999999999998,3.3749610528774747,0.6023903409900007,0.004379197604700942,1.2108054498325551,4.08564213503394
1223,2003.11.16.18.18.46,False,0.050302253403873065,-0.1148128662109375,0.11344973571248065,0.615,-0.7484999999999999,0.16141569404618514,1.3635000000000002,3.8221953832259916,0.6764544940034025,0.017575448802843792,1.212882979665563,4.63471042657828
1224,2003.11.16.18.28.46,False,0.20581206622559867,-0.11445874023437502,0.11187442144209787,0.432,-0.6845,0.16006710356728523,1.1165,2.69805126701017,0.45696852600631965,-0.017235990784006745,1.2117414934196147,3.2696727758674236
1225,2003.11.16.18.38.46,True,-0.05980982308777183,-0.11400905761718749,0.11342981426875837,0.7975,-0.8425,0.16083061929655584,1.64,4.968076696514128,0.9381758848307504,0.018841665660204086,1.2137123019776923,6.0248909016789245
1226,2003.11.16.18.48.46,False,0.10926686730715218,-0.1138657958984375,0.11188889015635142,0.4625,-0.8425,0.15964820652777462,1.3050000000000002,2.896750731580111,0.6107650238402593,-0.04675378529482295,1.2144878584593333,3.518129520493629
1227,2003.11.16.18.58.46,False,0.17188374176779775,-0.1150998291015625,0.11310186487547307,0.4995,-0.736,0.1613815038750498,1.2355,3.0980808755780065,0.49672866706284835,0.006323783087652681,1.2107783680156028,3.7506617346014695
1228,2003.11.16.19.08.46,False,0.11420011480423387,-0.113905029296875,0.1125729004710902,0.5125,-0.7815000000000001,0.1601558465503773,1.294,3.202407062600777,0.6495611307000686,0.015131444299382115,1.211420785255163,3.8786957221304936
1229,2003.11.16.19.18.46,False,0.07674904055766385,-0.114153125,0.11364815433608658,0.5249999999999999,-0.841,0.1610838228604843,1.366,3.260758139991741,0.7298836950661269,-0.012491461175119829,1.2139664509618002,3.958441389936051
1230,2003.11.16.19.28.46,False,0.16850122511816762,-0.114929296875,0.112149441050331,0.47,-0.764,0.1605818630407707,1.234,2.9276470056915738,0.5784875131681118,-0.007468040376488398,1.2114778711657244,3.5468470876210545
1231,2003.11.16.19.38.46,False,0.11522692989044858,-0.1137500732421875,0.11327619861815325,0.5589999999999999,-0.7555000000000001,0.16054518071790147,1.3145,3.481155269573368,0.6118076665871439,-0.01973887240908439,1.2129532664979503,4.222597058263791
1232,2003.11.16.19.48.46,False,0.09793167582329665,-0.1139173828125,0.1105353919776223,0.509,-0.6835,0.15874000307169597,1.1925,3.209434536767297,0.49827598618252855,0.028491811163490373,1.2085319703721027,3.87762916431286
1233,2003.11.16.19.58.46,False,0.12115877822069826,-0.11531137695312502,0.11099174237806247,0.447,-0.7484999999999999,0.16005484336172876,1.1955,2.791927355915024,0.5733198678420752,-0.01596339320712317,1.208518368576002,3.374156054851511
1234,2003.11.16.20.08.46,False,0.03173978755132534,-0.113856494140625,0.11112764286944574,0.6054999999999999,-0.712,0.15910522617929795,1.3175,3.805423347584097,0.7464617331343042,0.002551490391671494,1.2112939156972717,4.609586564968208
1235,2003.11.16.20.18.46,False,0.2139725913780352,-0.1146100830078125,0.1130785737509742,0.4605,-0.73,0.16100546608726235,1.1905000000000001,2.861092087377379,0.5266334526966454,-0.0155987711148364,1.212733092775173,3.469763783247905
1236,2003.11.16.20.28.46,False,0.14107885016898652,-0.115453955078125,0.11127511388440547,0.4405,-0.6970000000000001,0.16035257288541088,1.1375,2.7482169546561894,0.5233356952033463,0.008574371587198096,1.2085251276675324,3.3211165048022666
1237,2003.11.17.10.18.56,True,-0.07770161992621138,-0.1131977783203125,0.11597037935535626,0.8494999999999999,-0.796,0.16206187984774317,1.6455,5.246868989005231,0.9152284367661119,0.01900867250917412,1.2192093456440913,6.39643860049803
1238,2003.11.17.10.22.30,False,0.1218449267356741,-0.115871533203125,0.1117781803166163,0.5045,-0.7055,0.1610077966329151,1.21,3.1255965855438315,0.5180591665957888,0.013218964148999418,1.209531903097808,3.7821479574706727
1239,2003.11.17.10.32.30,False,0.09519464134505895,-0.11755476074218751,0.11284621307414583,0.503,-0.6679999999999999,0.16296834487488315,1.171,3.093761043975857,0.5364164974842838,0.00010223828991393568,1.2098196931214726,3.7412140939733884
1240,2003.11.17.10.42.30,True,-0.047917334612028295,-0.1159455810546875,0.11266265204710538,0.6775,-0.862,0.1616837190218831,1.5395,4.188098979712928,0.6604993797360903,-0.017116944683868276,1.211508787921023,5.074523970902391
1241,2003.11.17.10.52.30,False,0.21921015230284568,-0.11525695800781251,0.11365516994843801,0.4625,-0.675,0.16187419872726508,1.1375000000000002,2.8614286335036416,0.4465188507550286,-0.0069769369803646085,1.2136033014411989,3.4711984194707246
1242,2003.11.17.11.02.30,False,0.0005345789263301315,-0.1155177978515625,0.11414278139924888,0.593,-0.8140000000000001,0.16240801549457146,1.407,3.652582794857417,0.7766036756063532,-0.03479824102067227,1.2153256014692655,4.438945215369314
1243,2003.11.17.11.12.30,False,0.15566919902833026,-0.115515234375,0.11451712642965152,0.46499999999999997,-0.7825,0.16266440356153583,1.2475,2.8618373122085448,0.5747035270634742,0.016544919734869858,1.2118203604155728,3.467397322522539
1244,2003.11.17.11.22.30,False,0.030821268122702805,-0.11508625488281252,0.1133365625637684,0.548,-0.853,0.16152656039633598,1.401,3.4012345936534016,0.67181906070819,0.011954591789098825,1.2097823052760186,4.112628196835367
1245,2003.11.17.11.32.30,True,-0.012038179569506369,-0.11309931640625001,0.11531847664777106,0.5875,-0.981,0.16152387098215354,1.5685,3.6443171940569687,0.8547957782123077,0.00912805578427052,1.2154185957613226,4.428060268237228
1246,2003.11.17.11.42.30,False,0.14343370280026163,-0.11533273925781251,0.11437005801093025,0.5235,-0.698,0.16242822114234642,1.2214999999999998,3.2256680206933055,0.566620729334415,-0.00946416951165965,1.2123896422277576,3.909945020591606
1247,2003.11.17.11.52.30,False,0.18546401252554606,-0.11429599609374999,0.11494777069561016,0.4605,-0.7324999999999999,0.1621126243204824,1.193,2.8407328308296007,0.6425542356654419,0.009013618487017509,1.2141351314314146,3.449023667094591
1248,2003.11.17.12.02.30,False,0.1632147933883485,-0.11403574218750001,0.114658288397935,0.5215,-0.72,0.16172022116067009,1.2415,3.233179143178413,0.639805398387433,0.004465222859192638,1.2141139089854007,3.9252264212787336
1249,2003.11.17.12.12.30,False,0.09875381230005553,-0.1126702392578125,0.11607624743043299,0.47950000000000004,-0.8360000000000001,0.1617728190095623,1.3155000000000001,2.9629725406489174,0.61211020758302,-0.0239481241302297,1.216612398234258,3.604825284438728
1250,2003.11.17.12.22.30,True,-0.015916091973903534,-0.1145552490234375,0.1160456034545902,0.5345,-0.9375,0.16306424644561446,1.472,3.282827980328462,0.7163534920251116,-0.03422386247611027,1.2174435046082215,3.9955801823203405
1251,2003.11.17.12.32.30,True,-0.05129176127844137,-0.114294384765625,0.11502304819161506,0.6885,-0.7929999999999999,0.1621647170047475,1.4815,4.241528193191281,0.8107855769636725,-0.011503354369290102,1.2178893033011957,5.167340051838227
1252,2003.11.17.12.42.30,False,0.2261037035407939,-0.114368212890625,0.11419662521673987,0.4575,-0.6985,0.16163048283060424,1.1560000000000001,2.8319034771131117,0.4894347938439889,-0.004504947710725866,1.2123264244566165,3.4328435343327626
1253,2003.11.17.12.52.30,False,0.10616377897319207,-0.11231904296875,0.11568100982635579,0.45299999999999996,-0.746,0.16124047237550682,1.1989999999999998,2.8100135716476915,0.6177467582721685,-0.014088021753942935,1.2193472341286242,3.4262733934353014
1254,2003.11.17.13.02.30,True,-0.019908710336212,-0.11345895996093751,0.1170347067967189,0.5115000000000001,-1.0010000000000001,0.16300940042489656,1.5125,3.1436197241749526,0.7645819134815022,-0.016033176357243484,1.218586237725464,3.827511711901488
1255,2003.11.17.13.12.30,True,-0.005171406146418311,-0.11513781738281251,0.11662416622425842,0.5700000000000001,-0.8605,0.16388452877885046,1.4304999999999999,3.4761752327715265,0.7544115760206469,0.0006434136559472434,1.2156848809900638,4.225654924468451
1256,2003.11.17.13.22.30,True,-0.0333692192891033,-0.11400490722656248,0.11766401975575569,0.565,-0.9045,0.16383692582907433,1.4695,3.450729345600185,0.8547147439397251,0.02566505618299474,1.2171365913258043,4.1986407044494145
1257,2003.11.17.13.32.30,False,0.12949292253939582,-0.1139156494140625,0.1145642930274325,0.52,-0.8180000000000001,0.1615668932211901,1.338,3.221333694355463,0.6460008662107997,-0.008003941727532661,1.2146219946744587,3.9121854467463906
1258,2003.11.17.13.42.30,False,0.00819895551126304,-0.1114521728515625,0.11435032633102185,0.5615,-0.8545,0.15968264063443238,1.416,3.51997809201703,0.7185499727024713,0.0033193998510283908,1.2176721086792641,4.285832011422054
1259,2003.11.17.13.52.30,False,0.13754660631379806,-0.114174267578125,0.11465454824333418,0.582,-0.7315,0.16181125938805857,1.3135,3.603009062315139,0.5723718081633871,0.020383924560240664,1.213844758256545,4.373490478521596
1260,2003.11.17.14.02.30,False,0.22954471680161276,-0.1137676513671875,0.1129166023213177,0.443,-0.6885,0.160298777889983,1.1315,2.765571005648556,0.4070112237805905,0.002057492873576764,1.2118575808364658,3.350883467695474
1261,2003.11.17.14.12.30,False,0.1462789697399039,-0.115835302734375,0.11439377992963543,0.51,-0.674,0.16280531269048346,1.1840000000000002,3.1378136164489066,0.4975970273127115,-0.0024212745955252083,1.2140024076774105,3.808925392638856
1262,2003.11.17.14.22.30,False,0.17127392069994235,-0.1143970947265625,0.11480305184676835,0.47450000000000003,-0.7555000000000001,0.16207252638221115,1.23,2.9293060851376174,0.6286780662479527,-0.004745184110242373,1.2157283518142792,3.5607944093849864
1263,2003.11.17.14.32.30,True,-0.008137024065897003,-0.1150524658203125,0.11424591730419913,0.5615,-0.8885000000000001,0.16214252246834046,1.45,3.4658526498206754,0.7953195240446151,-0.02242057458163919,1.2149514238861454,4.210509500180035
1264,2003.11.17.14.42.30,False,0.10575877236589148,-0.1153163818359375,0.1147243185562883,0.4505,-0.88,0.16268863058599428,1.3305,2.770987246178419,0.5564693404315546,0.001227983426947291,1.2120550594007957,3.3579265453992044
1265,2003.11.17.14.52.30,False,0.12377771677909721,-0.1150377685546875,0.11386089148004297,0.511,-0.718,0.16185979702444564,1.229,3.156710844599427,0.6370753451933406,0.030366759908678386,1.2119270279068934,3.825773187638055
1266,2003.11.17.15.02.30,False,0.004018116909691671,-0.11439465332031251,0.11337360595968789,0.648,-0.7945,0.16106386622943641,1.4425000000000001,4.022154580768421,0.7691368918095163,0.008110516244195022,1.2145134500588362,4.8851494928599895
1267,2003.11.17.15.12.30,False,0.1643898249783064,-0.11514301757812499,0.11423583691400743,0.481,-0.7765,0.16219868720757122,1.2575,2.969462336664603,0.6029123708212076,-0.02523207011754027,1.2138476545413766,3.60441495287977
1268,2003.11.17.15.22.30,False,0.05728162332384157,-0.11439311523437501,0.11685259253110641,0.47000000000000003,-0.8065,0.16353088222114115,1.2765,2.8760989460702997,0.6581031342214065,-0.03793840981590653,1.2189882762300828,3.5051322242877365
1269,2003.11.17.15.32.30,False,0.006291353294316293,-0.114490771484375,0.11663520810680089,0.508,-0.911,0.1634412294038113,1.419,3.1069135359259485,0.6846478093570896,-0.012424888751951461,1.2165997833830953,3.77994258891556
1270,2003.11.17.15.42.30,False,0.003828894477170941,-0.1154882568359375,0.11587663409464813,0.5335000000000001,-0.8885000000000001,0.16360393225054398,1.4220000000000002,3.2613419454788275,0.7103712769678674,-0.016569205010848173,1.2152807168583104,3.9633286263795546
1271,2003.11.17.15.52.30,True,-0.05893172573677341,-0.1142282958984375,0.12105565445283853,0.6715,-0.7665,0.16644445987444723,1.4380000000000002,4.038941532532666,0.9072707963765914,0.018621186461963923,1.2210313298321607,4.93197278971139
1272,2003.11.17.16.02.30,False,0.11950087893953454,-0.1133450439453125,0.11596273337323315,0.48200000000000004,-0.8009999999999999,0.16216889796107758,1.283,2.9675623899313623,0.6484106432850225,-0.017402159310012644,1.2164574331898743,3.6109874731264338
1273,2003.11.17.16.12.30,False,0.022275977584057638,-0.1151316650390625,0.11575688657341658,0.5845,-0.8165,0.16326679956705858,1.401,3.5788781789371047,0.6869974802560943,-0.004970827357219312,1.215382697731845,4.34997501484594
1274,2003.11.17.16.22.30,False,0.006233187481262004,-0.1145502685546875,0.11723444723348178,0.4835,-0.935,0.16390921995117558,1.4184999999999999,2.9499209191086257,0.7453525431439503,-0.032415713236616836,1.2172491816104314,3.5907279494934596
1275,2003.11.17.16.32.30,False,0.21227927878731967,-0.11489150390625,0.11316128828529039,0.476,-0.69,0.1612737087778993,1.166,2.951676049629878,0.4484800025163449,-0.010613835713593868,1.21124415554883,3.5751199838945453
1276,2003.11.17.16.42.30,False,0.12456751630995905,-0.11560451660156251,0.11681415337788693,0.48,-0.673,0.16435020110153184,1.153,2.9179819712875803,0.5047683484835042,0.015075744966831667,1.2122370831275546,3.5378346396317006
1277,2003.11.17.16.52.30,True,-0.012894442361924496,-0.11391630859375002,0.11316804358702584,0.6555,-0.734,0.16057977958543568,1.3895,4.0847537046813915,0.8127128358800086,0.03862261703525846,1.2143882293745278,4.96025726364447
1278,2003.11.17.17.02.30,True,-0.007227432236720954,-0.11407385253906249,0.1149733353146408,0.6014999999999999,-0.917,0.16196871142957783,1.5185,3.7141603338414226,0.7730958900222356,0.0071810559244532834,1.2138957278139695,4.508507104976365
1279,2003.11.17.17.12.30,False,0.1276485931523788,-0.11540151367187501,0.11245005534355099,0.485,-0.7315,0.16113376590526657,1.2165,3.010367330919453,0.5808255978931145,0.02065034311586829,1.20832292448151,3.637323026226744
1280,2003.11.17.17.22.30,False,0.1358249751089619,-0.114614892578125,0.11537223624998541,0.493,-0.8200000000000001,0.16263374994838753,1.3130000000000002,3.0346886527830828,0.534417074706055,-0.023366218419523757,1.2152324655221498,3.6867480540931803
1281,2003.11.17.17.32.30,False,0.18644029040788018,-0.11459956054687498,0.11391104390515258,0.4955,-0.758,0.16158930296816465,1.2534999999999998,3.0664832819024106,0.5224432065998317,0.009471395085518995,1.2119161183521179,3.7163169663097686
1282,2003.11.17.17.42.30,False,0.12026389494032885,-0.1155962646484375,0.11259595087153326,0.5045000000000001,-0.7515,0.16137523680513177,1.256,3.1229833201993715,0.6332254870758851,-0.010127020735164213,1.2108254544706996,3.782335029236768
1283,2003.11.17.17.52.30,False,0.14007084174293666,-0.1142670654296875,0.11163381958951946,0.46399999999999997,-0.7545,0.15975697680949008,1.2185,2.905530572478683,0.6728038473424793,-0.009377003497074753,1.2119349839517364,3.5208985081684867
1284,2003.11.17.18.02.30,False,0.15705653234666045,-0.1140964111328125,0.11395701687065868,0.432,-0.7455,0.16126132121763836,1.1775,2.6792198127588627,0.5979205262649496,-0.035567055664025404,1.2159644461857262,3.2577950473116073
1285,2003.11.17.18.12.30,False,0.13159207926372546,-0.1161055908203125,0.11227747490374795,0.4615,-0.7104999999999999,0.1615226091546217,1.172,2.861477676419127,0.5230859803906258,0.02305269561858969,1.2077994833788983,3.4553280429626536
1286,2003.11.17.18.22.30,False,0.13572053707632514,-0.11440283203125001,0.11433147342822422,0.52,-0.72,0.16174878692149858,1.24,3.220583973435463,0.6858256283899458,0.02249624089447308,1.2133512721759414,3.9070429294680986
1287,2003.11.17.18.32.30,False,0.21400997380122821,-0.11517307128906251,0.11355709850599237,0.471,-0.7350000000000001,0.16175642165875131,1.206,2.9172270249385273,0.4475898924336259,0.006141269167617145,1.21197939286073,3.5339415747871863
1288,2003.11.17.18.42.30,False,0.16084008757216245,-0.1151114013671875,0.11401726744361468,0.48950000000000005,-0.7605,0.16203008448682538,1.25,3.024349570814333,0.5954189102713154,0.004239285757593272,1.2121607951408095,3.6652660848672145
1289,2003.11.17.18.52.30,False,0.22834404090360083,-0.11445864257812499,0.11361523133713583,0.476,-0.6815,0.1612752953804707,1.1575,2.9561281017284844,0.523322091361683,0.007229021016025159,1.212481010053239,3.5833749970226263
1290,2003.11.17.19.02.30,False,0.11771733273774532,-0.1144566162109375,0.1129101714246471,0.5545,-0.7875000000000001,0.16078349891279536,1.342,3.453524403684364,0.5510189723139312,-0.0027449018131415082,1.2120175589274143,4.18542086487768
1291,2003.11.17.19.12.30,False,0.0943985516713921,-0.11572744140624999,0.11462594421578742,0.571,-0.6799999999999999,0.16288931014251648,1.2510000000000001,3.507762503916092,0.5671454463805494,0.004990635180444214,1.2128699843576651,4.253964932163017
1292,2003.11.17.19.22.30,False,0.20377602004436057,-0.114044384765625,0.11249467967583408,0.4445,-0.747,0.1601980797013799,1.1915,2.7726392168070486,0.5326954386122673,-0.010312034021822033,1.2113796047045517,3.3589601431986713
1293,2003.11.17.19.32.30,False,0.19281485241706636,-0.11389658203125,0.11423108892299587,0.502,-0.72,0.16132180317712014,1.222,3.111813290971653,0.554812315412778,-0.0016289607562276255,1.2141204125093685,3.778114988002797
1294,2003.11.17.19.42.30,False,0.10133258875367335,-0.1146529052734375,0.11522757231211525,0.585,-0.7250000000000001,0.1625520209078259,1.31,3.600510533215809,0.6775605763082373,0.010941830807119232,1.214471653890345,4.371071586801204
1295,2003.11.17.19.52.30,False,0.1202968499852694,-0.1140102294921875,0.11188513522007297,0.46099999999999997,-0.8654999999999999,0.15974646981550478,1.3265,2.8897109304879023,0.6395102267631065,-0.025856570621129442,1.2136780016324349,3.5064995085755792
1296,2003.11.17.20.02.30,False,0.21251850035140696,-0.1143482666015625,0.11424718037411416,0.4445,-0.698,0.1616490605267782,1.1425,2.7516840526053454,0.5753442023935034,-0.00832544016019984,1.214695706281813,3.3426033200956535
1297,2003.11.17.20.12.30,False,0.16022002905685367,-0.11553779296875,0.11483750739513233,0.454,-0.7190000000000001,0.16290170434643908,1.173,2.787199566929309,0.5663945143393676,-0.03201403731226535,1.2146917084838806,3.385521414624901
1298,2003.11.17.20.22.30,False,0.17770726247159635,-0.1143054931640625,0.11273794079928232,0.5105,-0.7010000000000001,0.1605529377414061,1.2115,3.1838786648173203,0.4819924725902893,0.001955743543545327,1.2110476773344967,3.8551376335609064
1299,2003.11.17.20.32.30,False,0.11287133619472423,-0.114637060546875,0.11422159924966617,0.4105,-0.831,0.16183726253473102,1.2414999999999998,2.539232515143939,0.615144325352909,-0.03329459903848564,1.2142680375396322,3.0820907340080295
1300,2003.11.17.20.42.30,True,-0.03801551291518801,-0.11491345214843748,0.11300412306228548,0.6535,-0.9605,0.1611868872717595,1.6139999999999999,4.049576504884602,0.7206192096342319,0.0070893321844944495,1.2113577864692173,4.9085482760486085
1301,2003.11.17.20.52.30,False,0.21913865429438772,-0.1143141845703125,0.11332918878397033,0.469,-0.6735,0.16097410222851993,1.1425,2.9136621132248592,0.5175941551192618,0.0024965477554880757,1.2122421546294935,3.5320535911684683
1302,2003.11.17.21.02.30,False,0.1516467445604308,-0.11374594726562501,0.11178846834668467,0.508,-0.7324999999999999,0.15949136193798952,1.2405,3.182501788707145,0.5863032079091479,0.003100495116647321,1.2116261596150202,3.856503414584372
1303,2003.11.17.21.12.30,False,0.1496709459234819,-0.1150734375,0.11447489748859527,0.5325,-0.742,0.16232566795237113,1.2745000000000002,3.2794977811320303,0.5884730268448648,0.011480820845301852,1.2135399674059113,3.9802096090771695
1304,2003.11.17.21.22.30,False,0.13712011625734283,-0.113884765625,0.11469900455960369,0.498,-0.8105,0.16163437209853126,1.3085,3.081446088851701,0.607689778582345,0.02352724277857967,1.2123512407173087,3.735990728945911
1305,2003.11.17.21.32.30,False,0.20260726564596732,-0.1138513671875,0.11390175324279855,0.47,-0.7715000000000001,0.16104960559303322,1.2415,2.921521714674138,0.5494037111666068,-0.009409778236960594,1.2135088845771436,3.5448991324269032
1306,2003.11.17.21.42.30,False,0.07628883878656556,-0.11554279785156252,0.11661189450060389,0.5325,-0.759,0.16417001876825618,1.2915,3.2473793022178454,0.6601363248147838,0.006840644974566438,1.2139423098081281,3.940856176555049
1307,2003.11.17.21.52.30,False,0.16634558372532876,-0.1141233642578125,0.11369587923606418,0.45799999999999996,-0.7715000000000001,0.1611015015240152,1.2294999999999998,2.8451253977670046,0.6562731525497354,0.0219018395382195,1.2121664023643821,3.447564848873916
1308,2003.11.17.22.02.30,False,0.22202372967793887,-0.1138721435546875,0.11423535624168063,0.4545,-0.6970000000000001,0.16130269175071438,1.1515,2.8177905181988607,0.5622398467618985,0.0031569104365497813,1.2141666731174934,3.4212207037685527
1309,2003.11.17.22.12.30,False,0.07928670494836842,-0.11555319824218752,0.11286350555114877,0.4825,-0.763,0.16153042717226263,1.2454999999999998,2.98691445822167,0.6595730619502678,0.028343778746034942,1.2088388341325258,3.6107529688953663
1310,2003.11.17.22.22.30,False,0.1759786476799754,-0.114825048828125,0.11242885083829927,0.497,-0.6885,0.1607047166550124,1.1855,3.090554505432724,0.5044828606130618,-0.0015823904139650458,1.210744409693364,3.7424993661053896
1311,2003.11.17.22.32.30,False,0.195447470673418,-0.1142412109375,0.11296828452637639,0.47,-0.724,0.1606724674003709,1.194,2.9254685587214224,0.47410780777031025,0.02038254098897971,1.2096481787592248,3.5387652808154177
1312,2003.11.17.22.42.30,False,0.036909949197100556,-0.115237353515625,0.11453042748025559,0.5185,-0.857,0.16247927489480174,1.3755000000000002,3.1934638478283217,0.7400154885698789,-0.020784981543642243,1.2132344634926593,3.873611077181736
1313,2003.11.17.22.52.30,False,0.01603332289086401,-0.11396787109374999,0.11315316982569666,0.56,-0.859,0.16060601957382686,1.419,3.49144593265362,0.8653247312885737,0.02567006131881211,1.2123979826567068,4.233100324769558
1314,2003.11.17.23.02.30,False,0.21265022175953696,-0.11421057128906248,0.11260650626781807,0.47750000000000004,-0.7224999999999999,0.1603930896690795,1.2000000000000002,2.981139250261763,0.5003894060712761,-0.01763566149736923,1.213828851179198,3.6177463084468005
1315,2003.11.17.23.12.30,False,0.1099599464719806,-0.1151660400390625,0.11373133982569317,0.5335,-0.6945,0.16186255508595968,1.2280000000000002,3.300993095107442,0.6871806982936439,-0.006920889558289296,1.2140506989290278,4.006242775489778
1316,2003.11.17.23.22.30,False,0.13874718545835696,-0.1146153076171875,0.11475228455287684,0.481,-0.8445,0.1621948089753291,1.3255,2.96982554844538,0.6016273828616472,0.0011020310576331238,1.2135653623168752,3.6024284631796677
1317,2003.11.17.23.32.30,False,0.010596545382757117,-0.114197119140625,0.11400402933715692,0.593,-0.8594999999999999,0.1613686449738694,1.4525000000000001,3.6787253952281302,0.7389197518965729,0.02917988807977313,1.2121845093149408,4.458575768252313
1318,2003.11.17.23.42.30,False,0.183212742846657,-0.1157731689453125,0.11348389566177211,0.444,-0.718,0.1621324020336053,1.162,2.7407534850240847,0.4767014830494165,0.014614383833214128,1.2108917566259412,3.3176724972970644
1319,2003.11.17.23.52.30,False,0.1610376224443763,-0.11431337890624998,0.11406582855920988,0.514,-0.6955,0.1615031050212199,1.2095,3.1846808844602075,0.6317744459319106,0.010879747709610163,1.2148974996997688,3.868689932734495
1320,2003.11.18.00.02.30,True,-0.06542821261497589,-0.1147526611328125,0.11655987496280565,0.654,-0.863,0.16356838257919398,1.5170000000000001,3.9985066108577128,0.8914895623518093,-0.030287119799015216,1.2165213129182684,4.864183031966041
1321,2003.11.18.00.12.30,False,0.18389901103568668,-0.1147213623046875,0.11528263333259439,0.444,-0.7665,0.1626425303401669,1.2105,2.731933587795479,0.5414627805393109,0.004372854208950577,1.214301078967534,3.316754036474524
1322,2003.11.18.00.22.30,False,0.05277406640997662,-0.11444912109375001,0.11399752697643932,0.575,-0.812,0.1615395819407329,1.387,3.559272110701362,0.7402711414366769,0.008713254408843095,1.2126728226562629,4.316683589043226
1323,2003.11.18.00.32.30,False,0.19318270514585723,-0.1142960693359375,0.11273540399817525,0.393,-0.741,0.1605437492249866,1.1340000000000001,2.4494056726034596,0.45263947983444974,-0.014733402531198338,1.212111608818338,2.968649148963453
1324,2003.11.18.00.42.30,False,0.1891807657242806,-0.11498862304687499,0.1141138229280782,0.469,-0.781,0.1620079461185478,1.25,2.8963243175701208,0.5354606928173558,0.006015799423658244,1.214094855437709,3.5160952889795176
1325,2003.11.18.00.52.30,False,0.014950828347670586,-0.11366103515625,0.11414042324408322,0.5615,-0.879,0.16109146282515888,1.4405,3.4825413075753424,0.7292540184970995,-0.00682937186718835,1.2155297981989734,4.233956749804187
1326,2003.11.18.01.02.30,False,0.03815491310215913,-0.113826171875,0.11424423097767888,0.487,-0.984,0.16128180034777506,1.471,3.0219962363119635,0.784383828224936,-0.03394407470466631,1.2144571572952043,3.670089419302521
1327,2003.11.18.01.12.30,False,0.1855852202320286,-0.115685498046875,0.11406117435585933,0.47750000000000004,-0.729,0.16246346535388823,1.2065000000000001,2.939489770112943,0.5498135931874029,-0.005616932477351001,1.2126298330506688,3.5642894562808882
1328,2003.11.18.01.22.30,True,-0.056250087129194104,-0.11337431640625001,0.11294654019754438,0.664,-0.8885000000000001,0.16004226258361615,1.5525000000000002,4.155970858339336,0.7517562975415875,-0.028994669408586055,1.2154273806563136,5.0499341088554015
1329,2003.11.18.01.32.30,False,0.06142206088750213,-0.11471228027343751,0.11482385544531198,0.5555,-0.8035,0.16231006000054704,1.359,3.428922627865935,0.6785329746991611,0.027811574908312497,1.2124020599223377,4.156950842856501
1330,2003.11.18.01.42.30,False,0.17837881785289478,-0.1154827392578125,0.11522815760893187,0.476,-0.67,0.16314019759416146,1.146,2.919498587213354,0.45334061758486666,0.004735777149893164,1.213462197697398,3.5424372247676734
1331,2003.11.18.01.52.30,False,0.1805027412314011,-0.11439150390625,0.11535266894861049,0.444,-0.7705,0.16246322256180176,1.2145000000000001,2.734712629686464,0.5459208757745786,-0.005489049085239317,1.2147286739664764,3.3215534457038505
1332,2003.11.18.02.02.30,False,0.1789111949388758,-0.11472092285156249,0.11205961529213457,0.4405,-0.7845,0.16037818039122642,1.225,2.748642052942147,0.5665601372070102,-0.01597208924330761,1.2127283140908292,3.3328767074865833
1333,2003.11.18.02.12.30,False,0.009027128925261252,-0.1153439697265625,0.11423702944454271,0.5685,-0.8725,0.16234457735723878,1.4409999999999998,3.5027878699263084,0.6720781598513426,-0.015097585231533664,1.2128426160893049,4.248123712340412
1334,2003.11.18.02.22.30,False,0.13720025495734012,-0.11424653320312499,0.1138582676675777,0.4725,-0.8739999999999999,0.16130272965009218,1.3465,2.9295225713389623,0.5946107180879556,-0.022225080142199934,1.2133174757189766,3.554362020389331
1335,2003.11.18.02.32.30,False,0.2019663970737136,-0.114098486328125,0.11361980529758771,0.493,-0.7215,0.16102653405864698,1.2145000000000001,3.064007681355955,0.5447566161765862,0.010171502445144512,1.213430770606982,3.7176490348754547
1336,2003.11.18.02.42.30,False,0.10948198329903658,-0.11511027832031251,0.11269015988335496,0.5165,-0.798,0.16109447567928026,1.3144999999999998,3.210320038915512,0.579116777460335,-0.023690668898654232,1.2117476971358403,3.8885093530100026
1337,2003.11.18.02.52.30,False,0.21706935731625354,-0.1148371337890625,0.11311673400822578,0.45799999999999996,-0.7175,0.161209791198704,1.1755,2.8458361549142017,0.5097407724735004,-0.008889606715285407,1.21313034440266,3.45134345499764
1338,2003.11.18.03.02.30,False,0.17657866618670243,-0.11489035644531251,0.11517746673846832,0.47850000000000004,-0.753,0.1626856969766765,1.2315,2.943879947155706,0.5655373883544077,0.0005191957433776321,1.2136139916430544,3.5712334618001744
1339,2003.11.18.03.12.30,True,-0.07707339610181885,-0.115881689453125,0.11487912146832664,0.813,-0.8215,0.16317676558347083,1.6345,4.9866913792218295,1.0179207811407227,-0.009597362354591427,1.2149607999338532,6.057133852833244
1340,2003.11.18.03.22.30,True,-0.021237487364827223,-0.1146707763671875,0.11320592360478327,0.508,-0.9864999999999999,0.16113947183096067,1.4945,3.150451756858556,1.031139940163958,-0.05983529690766134,1.21296807710576,3.821727239379413
1341,2003.11.18.03.32.30,False,0.19612118004644213,-0.11364782714843752,0.11195173902541039,0.48950000000000005,-0.7004999999999999,0.1595365981136553,1.19,3.0706303067286416,0.4667163953973894,0.0031712728600117503,1.211216783395982,3.718101974473382
1342,2003.11.18.03.42.30,False,0.18964827911750037,-0.115418115234375,0.11396330450825942,0.4565,-0.734,0.16220627079559252,1.1905000000000001,2.812211625204407,0.5255787872803925,-0.027082797373552944,1.2122265012146125,3.4093888843054696
1343,2003.11.18.03.52.30,False,0.06028802935232713,-0.113803369140625,0.11401107726656462,0.576,-0.78,0.16109855455793837,1.3559999999999999,3.5792813501882876,0.7954852949999414,0.014142737268643124,1.2162666957590484,4.351703475920921
1344,2003.11.18.04.02.30,False,0.15095148018864618,-0.1142580810546875,0.11267796927099286,0.488,-0.8260000000000001,0.16047385947417514,1.314,3.0394294566094526,0.5812303954533409,-0.010198887626880019,1.2128464417119265,3.686523243820023
1345,2003.11.18.04.12.30,False,0.04875291520758129,-0.11502365722656249,0.1148590456423368,0.536,-0.8435,0.16255689612806462,1.3795,3.3016555828914216,0.7083764659185765,0.019428991442262546,1.2131702928710748,4.003523437234607
1346,2003.11.18.04.22.30,False,0.09351574916400307,-0.114707421875,0.11479943567479571,0.515,-0.7729999999999999,0.16228600995551368,1.288,3.1735969618960733,0.7563821093412948,-0.01789779727129444,1.2143346365233572,3.853430808014405
1347,2003.11.18.04.32.30,False,0.16231672930606394,-0.11449191894531249,0.11338988236130365,0.529,-0.712,0.161163147746498,1.241,3.291508241974272,0.4840106561436013,0.001310659177914693,1.2103365364757062,3.9812115770293275
1348,2003.11.18.04.42.30,False,0.1612444555208875,-0.11480185546874999,0.11387512817889235,0.5445,-0.7190000000000001,0.16170648461068554,1.2635,3.3731990737109947,0.5467758138820744,-0.008515873248790683,1.2139278884753448,4.093095508331383
1349,2003.11.18.04.52.30,False,0.048074836319582204,-0.114210595703125,0.1123677438574619,0.498,-0.864,0.16023864436264654,1.362,3.1126884609524357,0.7189141038098563,0.011418484333468482,1.2096666534633345,3.7641564156454987
1350,2003.11.18.05.02.30,True,-0.03707817918452483,-0.1144819580078125,0.11293886673815884,0.6985,-0.796,0.16082102108727037,1.4945,4.355738405857943,0.7097110349236071,0.021568798146582475,1.2109029601328474,5.271210131163863
1351,2003.11.18.05.12.30,False,0.16485193439946866,-0.1153503662109375,0.11411130087945068,0.475,-0.74,0.16226439356536337,1.215,2.9291832495006975,0.6125057071797153,-0.010340517684779126,1.2123261095566051,3.550510237360858
1352,2003.11.18.05.22.30,False,0.030698729249091117,-0.1134306396484375,0.11450983903559891,0.575,-0.8485,0.16118140517591895,1.4235,3.5690487978879437,0.8492997138886313,0.011253606540529664,1.2147659247537526,4.3351910096644755
1353,2003.11.18.05.32.30,False,0.06806484339583418,-0.114786474609375,0.11166356325610428,0.587,-0.698,0.16014769201117102,1.285,3.671787187974481,0.5365714568038156,0.03154174971716612,1.2105943377000365,4.444528149274054
1354,2003.11.18.05.42.30,False,0.0947445811587444,-0.11473718261718749,0.1146274727294177,0.581,-0.7264999999999999,0.16218683991571142,1.3074999999999999,3.5854562259390663,0.7245115282786454,0.007403191404583981,1.2138406456906663,4.350773503928799
1355,2003.11.18.05.52.30,False,0.19116426360278677,-0.11396684570312501,0.11226412588829324,0.4785,-0.7435,0.15998190844237903,1.222,2.9921399693535164,0.5682959906460074,0.006044597535014314,1.2117557836608335,3.6253040253904487
1356,2003.11.18.06.02.30,False,0.14950703927570863,-0.113922802734375,0.11411071520481651,0.5225,-0.784,0.16125322200456224,1.3065,3.2420551292930218,0.5920738446551499,0.008862610173410612,1.212447935006239,3.9301710832226004
1357,2003.11.18.06.12.30,False,0.16185652650171078,-0.114840576171875,0.11336859765077573,0.452,-0.7849999999999999,0.161376325788876,1.237,2.803792187073516,0.593734561188408,-0.010488837727051203,1.2105339813821803,3.393395206116921
1358,2003.11.18.06.22.30,False,0.11059597126754361,-0.113497412109375,0.11552600525038728,0.507,-0.7545,0.16196261891831032,1.2615,3.1300289685620184,0.6847189980823611,-0.02943178305625027,1.2170590889636346,3.809631117651006
1359,2003.11.18.06.32.30,False,0.1174556031855638,-0.114013232421875,0.11341349293109752,0.382,-0.8434999999999999,0.1608227907785442,1.2255,2.3757779505644754,0.5439625873658243,-0.018193778903321814,1.2123107262752377,2.879914243764914
1360,2003.11.18.06.42.30,False,0.04136427887935157,-0.11535251464843749,0.11372774819600487,0.5894999999999999,-0.7935,0.1619931212814561,1.383,3.6325018731699696,0.6710513158416371,-0.0191699918307981,1.2131441048255418,4.407867691997636
1361,2003.11.18.06.52.30,False,0.1323530977958861,-0.11441796875,0.11325560162079384,0.5725,-0.6785000000000001,0.1609959194307113,1.2510000000000001,3.5616977398593246,0.5522846341898691,-0.000902978519919646,1.2125149419523835,4.316730219138384
1362,2003.11.18.07.02.30,False,0.09945837354082676,-0.11439289550781251,0.11209363435720573,0.542,-0.702,0.16017369149646948,1.244,3.3908914791751306,0.5766694249182376,0.03713521946559849,1.2093203059104292,4.097167409377653
1363,2003.11.18.07.12.30,False,0.0866951305845507,-0.11639787597656251,0.11393064457907556,0.531,-0.746,0.16288281294079573,1.2770000000000001,3.261192729866271,0.6580788134628948,0.014341130965814053,1.212398804022735,3.953618151150112
1364,2003.11.18.07.22.30,False,0.03319433366701485,-0.113540234375,0.11507415522120952,0.546,-0.8654999999999999,0.16166140840580376,1.4115,3.377335115890231,0.7679477241444372,-0.026213237900703658,1.2160804677795187,4.107113277287443
1365,2003.11.18.07.32.30,False,0.12383913399947971,-0.113972900390625,0.11586448637446384,0.4575,-0.8225,0.16253367016628506,1.28,2.8162299163633646,0.6487828719443314,-0.009110049730448705,1.2156059376254063,3.4227380149177824
1366,2003.11.18.07.42.30,False,0.08753751137603649,-0.1160162109375,0.1138257764966771,0.497,-0.7985,0.16253266926769394,1.2955,3.0594493210888904,0.6521068707909168,-0.004131071873992056,1.2107964572914227,3.7043235676333413
1367,2003.11.18.07.52.30,False,0.15142374615568538,-0.11482941894531251,0.11116817324296355,0.47500000000000003,-0.748,0.15983184428669067,1.223,2.9780209426523676,0.5370336177395982,-0.02472975817245244,1.2118190186074256,3.6065546182265145
1368,2003.11.18.08.02.30,False,0.042740669686563426,-0.11534694824218751,0.11230689973125757,0.6005,-0.7425,0.16100168867733078,1.343,3.714160761450349,0.6149389055766807,0.013469423578551128,1.208468690523027,4.4926919318888086
1369,2003.11.18.08.12.30,False,0.12368325989529527,-0.11560607910156251,0.11347688842576589,0.5055000000000001,-0.8085,0.16200163701963227,1.314,3.122407573937207,0.5746861211496637,-0.022610413787012958,1.2126809094281272,3.785707281016781
1370,2003.11.18.08.22.30,True,-0.011656544670018865,-0.11456218261718748,0.11479831156662493,0.6495,-0.792,0.16218708030717402,1.4415,4.008645879511539,0.8237310258183472,-0.002529562759293027,1.21573541925016,4.871855518146788
1371,2003.11.18.08.32.30,False,0.17084862344770513,-0.11464797363281251,0.11277317097029216,0.4135,-0.6665000000000001,0.16083804003198768,1.08,2.570226399102543,0.43960080619196185,0.006862773153610334,1.2092652111527018,3.1083548592070622
1372,2003.11.18.08.42.30,False,0.09626568996308793,-0.1151583251953125,0.11464893200290047,0.5325,-0.8140000000000001,0.16250452696778367,1.3465,3.2824600445604117,0.6087884642604071,-0.0010423643880168058,1.2125132063794988,3.979236104376347
1373,2003.11.18.08.52.30,False,0.2157178734931839,-0.11384335937500001,0.11306195329099172,0.47,-0.7235,0.16044875181100918,1.1935,2.9293876835268566,0.5385702218869362,-0.020079076382197646,1.2150678307337952,3.559404830621415
1374,2003.11.18.09.02.30,True,-0.025540147407626335,-0.11548198242187499,0.11404459202322417,0.542,-0.9085000000000001,0.16230460485813117,1.4505,3.341812912263163,0.7614335715492087,-0.0489688378270341,1.2151398316050663,4.061546336132344
1375,2003.11.18.09.12.30,False,0.0055303290185655385,-0.115212890625,0.11615571432145591,0.49150000000000005,-0.9305,0.1636067730163724,1.4220000000000002,3.0065438706429894,0.783600528420934,-0.019599560655574375,1.2162075830541035,3.6555941265216783
1376,2003.11.18.09.22.30,False,0.11991209776989564,-0.11487482910156249,0.11110910324271056,0.4285,-0.7835000000000001,0.15982165524979947,1.2120000000000002,2.6791340172486757,0.5431518998187341,-0.03615801041650144,1.2107557816344185,3.2441865516205386
1377,2003.11.18.09.32.30,False,0.08862645627827737,-0.11471992187499999,0.11324962283347778,0.514,-0.8205,0.16120773945086206,1.3345,3.1988235923084516,0.6579502945858746,-0.028153056254264116,1.2136584439374376,3.8778032863962366
1378,2003.11.18.09.42.30,False,0.0714903997637143,-0.1152629638671875,0.11310092385224567,0.547,-0.8725,0.16148897526233677,1.4195,3.3871149844908075,0.55566664833017,0.0029976987975180044,1.2116813416238075,4.104137064381675
1379,2003.11.18.09.52.30,False,0.04660063846751383,-0.11417285156250001,0.11363782185960537,0.565,-0.862,0.16108926977383453,1.427,3.505647270286926,0.7671158229785968,-0.003659216003102332,1.2145727991062834,4.25859367705048
1380,2003.11.18.10.02.30,False,0.024469335917964186,-0.11479580078125001,0.11513755899956504,0.607,-0.7925,0.16258787054769933,1.3995,3.7377056147443852,0.6894932645582157,-0.020852007222046713,1.2139098063626013,4.535903133914038
1381,2003.11.18.10.12.30,False,0.11221123955833034,-0.11530727539062499,0.11355909965332125,0.48,-0.7935,0.1618389587427512,1.2735,2.969219223166122,0.6991507372864032,-0.005930699400723875,1.2132432330442424,3.602598078986121
1382,2003.11.18.10.22.30,False,0.1315812902364203,-0.11502819824218749,0.11342132669806496,0.39649999999999996,-0.791,0.16154715537678482,1.1875,2.4537529670331635,0.5610832079685648,0.004291077906802309,1.2099779789767162,2.9690889782712535
1383,2003.11.18.10.32.30,False,0.18489916330848993,-0.1137531982421875,0.11388746028488123,0.503,-0.7384999999999999,0.1609814301982846,1.2414999999999998,3.1264453242149077,0.5572402487684627,-0.016669414630992273,1.213934274471957,3.7946305829281055
1384,2003.11.18.10.42.30,False,0.09583075282625153,-0.1162277587890625,0.11578880711092077,0.499,-0.737,0.16406414832198685,1.236,3.0465613025650287,0.6464239148858069,-0.004235595224372281,1.2135740531439416,3.6966797039046164
1385,2003.11.18.10.52.30,False,0.053563483662966926,-0.1145551513671875,0.11466995798550747,0.5615,-0.841,0.16208888647090797,1.4024999999999999,3.4676483940207006,0.70083633790995,0.0030608536457830664,1.214737410200612,4.213579358006564
1386,2003.11.18.11.02.30,False,0.09850201940597425,-0.11433806152343749,0.11501570047650075,0.5875,-0.73,0.1621821176540726,1.3175,3.630890464001391,0.6907311357659132,0.0025536765674002496,1.2149606778122275,4.409767552713761
1387,2003.11.18.11.12.30,False,0.1492391547304459,-0.1152993896484375,0.11322320190314007,0.454,-0.7995000000000001,0.16160742025051336,1.2535,2.810291502103931,0.5747558941087694,-0.03416031720486504,1.2132190732065893,3.4092411734042884
1388,2003.11.18.11.22.30,False,0.16146932518189477,-0.11465141601562501,0.1117541518494036,0.45299999999999996,-0.7849999999999999,0.16011228998481525,1.238,2.8278407941426926,0.49997547018401045,0.0018823899333250723,1.210119855447265,3.422360059420222
1389,2003.11.18.11.32.30,False,0.052830751856944524,-0.11448552246093749,0.11431628724295063,0.6214999999999999,-0.7565,0.16178824935977903,1.3780000000000001,3.8433923978127975,0.7021930965403607,0.004804345494959407,1.214523784281952,4.6679396545094285
1390,2003.11.18.11.42.30,False,0.16231290497489825,-0.11459335937500001,0.1126543522206408,0.438,-0.7945,0.1606991232967773,1.2325,2.7261615959453094,0.5324900211361563,-0.039539554207194884,1.2132365273652959,3.307324948741301
1391,2003.11.18.11.52.30,False,0.20306928331912383,-0.1136304443359375,0.11291042327650969,0.46399999999999997,-0.7375,0.1601905514261855,1.2015,2.89708215660657,0.5995401649907219,-0.0045306676140659564,1.2134684875802864,3.5150607705540455
1392,2003.11.18.12.02.30,False,0.007655857101111718,-0.1146064453125,0.11421240173009442,0.6174999999999999,-0.8265,0.16180277622556216,1.444,3.81896925465826,0.6523473745722341,-0.03161115260756737,1.2166546061960253,4.6442488156016575
1393,2003.11.18.12.12.30,False,0.1719841436318864,-0.114665869140625,0.11234159895978692,0.493,-0.743,0.16053165900557712,1.2360000000000002,3.0690913376122335,0.5400166733403737,0.016438506805646333,1.211167460592609,3.7186170916010193
1394,2003.11.18.12.22.30,False,0.1505622380866305,-0.1145325927734375,0.11248949254761906,0.487,-0.6950000000000001,0.16054083188340848,1.182,3.035165603495405,0.5544979525779441,0.0311022318465128,1.2082007738749354,3.6669672558759228
1395,2003.11.18.12.32.30,False,0.18164073830203104,-0.11482001953125,0.11520766726994583,0.498,-0.7130000000000001,0.16266026167743186,1.211,3.0603410358519705,0.4743730031704452,0.006000391064013099,1.214251080511529,3.7162097262796383
1396,2003.11.18.12.42.30,False,0.040311778244518925,-0.1161649658203125,0.11481060307879365,0.4455,-0.8835,0.16333499057403028,1.3290000000000002,2.7276429624677228,0.7033002931232963,-0.020731592544816442,1.2129134005315505,3.3083590734411454
1397,2003.11.18.12.52.30,False,0.1874784273617368,-0.11461809082031249,0.11446335709642969,0.4125,-0.7204999999999999,0.16198559006212326,1.133,2.5465107545454626,0.49568999347902487,0.019411111073558335,1.2113317698307622,3.0846730903578408
1398,2003.11.18.13.02.30,False,0.2022197093552056,-0.11469343261718751,0.11229601470182232,0.4515,-0.7395,0.16052345088183903,1.1909999999999998,2.815421254531595,0.5109715537585482,-0.003103091099846503,1.2108730176328644,3.408058899669931
1399,2003.11.18.13.12.30,True,-0.010892552755588758,-0.116181201171875,0.11309774812599846,0.513,-0.9875,0.16214837773967672,1.5005,3.165996207233827,0.7052607305015555,-0.01998404699908197,1.2105627700830939,3.8321829440925184
1400,2003.11.18.13.22.30,False,0.10637054881937114,-0.115294921875,0.11391414088279861,0.5565,-0.736,0.16208415415586686,1.2925,3.4390072261496187,0.6548864413827882,0.009456110534107328,1.2133947968974717,4.171093395745547
1401,2003.11.18.13.32.30,False,0.15618759261320814,-0.113976953125,0.11451300333797255,0.487,-0.7945,0.1615687991132219,1.2815,3.014664190899897,0.6054446328185705,-0.024627546882935877,1.2156216994833287,3.664167178973313
1402,2003.11.18.13.42.30,False,0.17269622985084876,-0.11581474609375,0.11257133718519018,0.4325,-0.73,0.1615170896924683,1.1625,2.6787928808735826,0.4530410307845394,-0.031300076670222776,1.2105612647102002,3.242603450542412
1403,2003.11.18.13.52.30,False,0.16931689369605252,-0.1151129638671875,0.11520025613834453,0.41500000000000004,-0.7865,0.16286262566514126,1.2015,2.5476167083495143,0.4310082257150445,-0.007647872051555358,1.212678944033693,3.0896507943395233
1404,2003.11.18.14.02.30,False,0.08456359820967096,-0.11421647949218751,0.1159004152356625,0.5569999999999999,-0.7555000000000001,0.1627223053227792,1.3125,3.4239351032074117,0.6282458803807174,-0.018998389888516046,1.2178273625401053,4.1692350555186
1405,2003.11.18.14.12.30,True,-0.028538075853865363,-0.11456640624999999,0.11742889591067353,0.538,-0.9215,0.1640593726295238,1.4595,3.2804270368784127,0.7876245485470403,-0.019223781577423358,1.2182542429191572,3.996315455093705
1406,2003.11.18.14.22.30,False,0.18232104456006593,-0.114611669921875,0.11337869996213429,0.4725,-0.685,0.16121751947670476,1.1575,2.9311843134103395,0.4914475518201211,0.03381621987451392,1.2096008137786574,3.5455054514500803
1407,2003.11.18.14.32.30,True,-0.08943665403418866,-0.11458466796875001,0.11732875448464487,0.9275,-0.779,0.16399991731778019,1.7065000000000001,5.653683772300362,1.2792840097514622,0.014289434705726963,1.2188693372860357,6.892871917249998
1408,2003.11.18.14.42.30,False,0.07917004695358143,-0.11657663574218749,0.11545076229408424,0.5815,-0.7285,0.16408486261218852,1.31,3.562121044753688,0.6145564380287001,0.006289504609897453,1.2142730352578441,4.319597386486229
1409,2003.11.18.14.52.30,False,0.06965050190266353,-0.11513735351562501,0.11747288608612252,0.4665,-0.8215,0.16449174150343493,1.288,2.8360968718854274,0.6757919830522534,-0.010123723064426843,1.216143934157418,3.4491142388870686
1410,2003.11.18.15.02.30,False,0.06995737194105456,-0.11415161132812499,0.11445903868841362,0.5515,-0.8434999999999999,0.16166623438599903,1.395,3.4166368388757826,0.7054992158193261,0.0005383535811832908,1.213538456869412,4.144307619595212
1411,2003.11.18.15.12.30,False,0.1635800787095918,-0.11578583984375002,0.11537529991598916,0.4675,-0.7030000000000001,0.1634635272337857,1.1705,2.859386590229627,0.49056484893144137,0.006933752536860931,1.213199137975438,3.468964570044522
1412,2003.11.18.15.22.30,False,0.20339813233917092,-0.1139445556640625,0.11320846076006877,0.47850000000000004,-0.729,0.16062473140696037,1.2075,2.9800576803491605,0.576099539828302,-0.004862400502173667,1.2131303099522894,3.6149252581657167
1413,2003.11.18.15.32.30,False,0.08491993101836204,-0.11365815429687501,0.11615186758458627,0.482,-0.84,0.16251795120982165,1.322,2.9661020353032503,0.7067815184850199,-0.00649930743072219,1.2156620560761766,3.6060137349837564
1414,2003.11.18.15.42.30,False,0.06757143418262657,-0.115349853515625,0.11732044548824758,0.52,-0.802,0.16453949857566488,1.322,3.1593531762261753,0.650218755242377,0.01792853659056623,1.2140012590455758,3.836049386329141
1415,2003.11.18.15.52.30,False,0.11279492658962054,-0.11450114746093751,0.113732664607138,0.5945,-0.6765,0.16139172611255037,1.271,3.6820680688478635,0.5829179096100545,0.014356380815473233,1.211979897132366,4.462954413137696
1416,2003.11.18.16.02.30,False,0.045506274115540424,-0.115490478515625,0.11514578314574828,0.5605,-0.8554999999999999,0.163084717687117,1.416,3.438448471263917,0.6123505546269759,0.011941389534157775,1.2126563388800204,4.169340559628737
1417,2003.11.18.16.12.30,False,0.11487401390674779,-0.11517119140625,0.11405307094996242,0.5625,-0.7165,0.16209074164051404,1.279,3.472178264803743,0.6445061983382758,0.018112156431366412,1.2131567110525174,4.212195993468965
1418,2003.11.18.16.22.30,False,0.20500273429718768,-0.114191455078125,0.11397305725424747,0.4235,-0.7505,0.16134235349758158,1.174,2.622827205850327,0.49080471545835724,0.011813336744538596,1.2113949012479197,3.1775837741648267
1419,2003.11.18.16.32.30,True,-0.034759195747528504,-0.11448837890625,0.11447096976299012,0.719,-0.6955,0.16189892513705434,1.4144999999999999,4.448428573707684,0.8193402496161977,0.040663164286894475,1.2144244631132088,5.400880627135502
1420,2003.11.18.16.42.30,False,0.0704368811760997,-0.11570166015625,0.1148319222996032,0.519,-0.7885,0.16301672692404756,1.3075,3.1908940445991467,0.667505818222534,0.0023685419447026833,1.2118116022716985,3.867671895890604
1421,2003.11.18.16.52.30,False,0.22403641736965652,-0.11397590332031252,0.11393918333617542,0.4335,-0.718,0.16116928726672666,1.1515,2.690778018983321,0.4821144179218102,-0.02198261475243095,1.2141460407193905,3.2666571220676675
1422,2003.11.18.17.02.30,False,0.0769361855426074,-0.1147532958984375,0.11497791274307616,0.56,-0.8434999999999999,0.16244988290152312,1.4035,3.4431827268906052,0.5879226328831497,-0.016856928788332882,1.2147489509585176,4.1849350752244305
1423,2003.11.18.17.12.30,False,0.1318138212357015,-0.11594101562499998,0.11225611172346034,0.4935,-0.763,0.16138687046363054,1.2565,3.0509492835455525,0.5175942209495428,-0.031058768405422384,1.2116425213469735,3.6991426337210225
1424,2003.11.18.17.22.30,False,0.18346976606468401,-0.1136656982421875,0.11213058042470689,0.487,-0.7315,0.15967396705350223,1.2185000000000001,3.0503328150863753,0.5506176392775275,0.01056594210569149,1.2117747160403427,3.696199447255066
1425,2003.11.18.17.32.30,False,0.17971522070564266,-0.11461896972656249,0.11158412406524243,0.475,-0.687,0.15997500042200097,1.162,2.973172960537594,0.5820951715103888,-0.018736392164720575,1.2110923210235396,3.5990014271675257
1426,2003.11.18.17.42.30,False,0.13223638775313085,-0.1146927978515625,0.11228868603464784,0.526,-0.736,0.16051018851425825,1.262,3.279279164432629,0.607538744808023,0.0019343759648722241,1.2113452190159995,3.971291333913989
1427,2003.11.18.17.52.30,False,0.19539422714265298,-0.1146679443359375,0.11359078820198668,0.498,-0.671,0.16141233995480928,1.169,3.088710002792475,0.47124453456677373,0.01255001765621511,1.2121197145445954,3.7434516266988247
1428,2003.11.18.18.02.30,False,0.13375512463226202,-0.11437629394531248,0.11344944704985885,0.558,-0.708,0.16110183586249233,1.266,3.4638231818414575,0.5440488600219633,0.028863497481060926,1.2109829742580671,4.194605639772698
1429,2003.11.18.18.12.30,False,0.18360790494821883,-0.11497770996093751,0.11236667005338594,0.47250000000000003,-0.7224999999999999,0.1607720941355425,1.1949999999999998,2.9400363770762095,0.5223500733041648,0.006696343266693205,1.2102684034686497,3.5576926695431297
1430,2003.11.18.18.22.30,False,0.10077285486593857,-0.11282802734375,0.11328188267154729,0.4465,-0.9115,0.15989214075697414,1.358,2.790818371091939,0.6421664557895712,-0.022630520281483383,1.2145906384702636,3.390005934307526
1431,2003.11.18.18.32.30,True,-0.057698149488774164,-0.11338901367187501,0.11371131856443706,0.6495,-0.895,0.1605867297953179,1.5445,4.045575049393425,0.9295645751500337,-0.03112841539255353,1.2172542191588447,4.9240852068615535
1432,2003.11.18.18.42.30,False,0.02424930118956592,-0.11469782714843749,0.11481153971066926,0.6165,-0.78,0.16229337787228187,1.3965,3.8019071279013428,0.7264065775638755,-0.009432703830472318,1.2169084724177721,4.626700001463416
1433,2003.11.18.18.52.30,False,0.2120757415600364,-0.115380322265625,0.11367681959781363,0.46399999999999997,-0.6945,0.1619810212728926,1.1585,2.8627177794660623,0.45470864331630256,-0.004168061813517768,1.2114979859921189,3.468633864836093
1434,2003.11.18.19.02.30,False,0.1699319871423028,-0.11350241699218751,0.11213436809870024,0.466,-0.78,0.1595527514883898,1.246,2.9242352264321663,0.598487120350987,-0.019971081379243694,1.2130055089842502,3.547096579692008
1435,2003.11.18.19.12.30,False,0.08109547905451941,-0.11457717285156249,0.11139959436490855,0.5529999999999999,-0.6835,0.15980830282503095,1.2365,3.4621946334879192,0.548726399442238,0.019356395898816395,1.2085696673183879,4.184013989853785
1436,2003.11.19.09.06.09,False,0.050585914815206134,-0.11270068359375002,0.11500390413082487,0.593,-0.808,0.16103055971798483,1.401,3.6879326381313864,0.6681207164312881,0.008954780098046324,1.214908316595832,4.479527174591265
1437,2003.11.19.09.12.30,False,0.10134141942532149,-0.11487033691406251,0.11508577771812105,0.5549999999999999,-0.7615,0.16260979501358933,1.3165,3.4201863054282793,0.6417222881104385,0.02244322702986551,1.2129013967129905,4.146189737648085
1438,2003.11.19.09.22.30,True,-0.09218350346180848,-0.11530556640625,0.11488841964610001,0.6825,-0.996,0.1627787938397411,1.6785,4.194941813557281,1.2241596745831436,-0.07131305239400995,1.2174446568029171,5.106787772251758
1439,2003.11.19.11.04.17,True,-0.017965119556520137,-0.11366826171875001,0.1167640681645716,0.516,-0.929,0.1629567512661309,1.4449999999999998,3.1691536031622207,0.8455821001881925,-0.00874259443747594,1.2170428214177171,3.8569292578276464
1440,2003.11.19.11.06.07,False,0.17608176797353942,-0.11470615234375,0.11452991701667663,0.4495,-0.796,0.16210753585912513,1.2455,2.7700986186010708,0.5574413971173331,-0.0004367153345406572,1.2122753137759703,3.358715425656004
1441,2003.11.19.11.16.07,False,0.20055339034654524,-0.11460783691406251,0.1132265416370847,0.4235,-0.77,0.16111560248374562,1.1935,2.628640491712436,0.4874077995768289,0.011206406597959224,1.2121610133466085,3.1863155452654603
1442,2003.11.19.11.26.07,False,0.13851398616702754,-0.11406357421874999,0.11202323052295907,0.497,-0.7725,0.15988021501081273,1.2694999999999999,3.113792296924121,0.5647542896318725,-0.015180386924448713,1.2115676717107822,3.7697146452715833
1443,2003.11.19.11.36.07,False,0.06890042103555949,-0.11553552246093751,0.11371774603883056,0.47950000000000004,-0.88,0.1621189218459195,1.3595000000000002,2.9567213621112742,0.6585209363122535,-0.027485499235628416,1.212401884489305,3.5849048734077478
1444,2003.11.19.11.46.07,False,0.1075270871689391,-0.11315075683593749,0.11478605527554059,0.515,-0.7969999999999999,0.1611818160472424,1.3119999999999998,3.196824114801438,0.6283366326771116,-0.026080215115078343,1.2177401570050947,3.8926025039403154
1445,2003.11.19.11.56.07,False,0.12052991859301476,-0.11428264160156251,0.11385707271288546,0.514,-0.7235,0.16132744067742122,1.2375,3.187155007368812,0.6940119162821015,-0.022109500359587017,1.2152709009914804,3.8723173237538457
1446,2003.11.19.12.06.07,False,0.043990463385004785,-0.11558798828125,0.1143527742333232,0.488,-0.8704999999999999,0.16259687313697072,1.3584999999999998,3.0014532501897633,0.8078426479858294,-0.018153380821252976,1.2124147821340587,3.638979423947351
1447,2003.11.19.12.16.07,False,0.11753708907561156,-0.11453796386718751,0.11315707901443922,0.511,-0.864,0.16101266768358918,1.375,3.179377070033568,0.5492550604141551,-0.005011447807673144,1.2119018457079893,3.851129024076768
1448,2003.11.19.12.26.07,True,-0.05734036406929033,-0.11441831054687501,0.1166638547443872,0.5945,-0.891,0.16341018776395388,1.4855,3.6442245655022565,0.96167385318355,-0.03139223432947289,1.2178526430874577,4.4392793512920035
1449,2003.11.19.12.36.07,False,0.1437265863082271,-0.11521464843750001,0.1120068476228626,0.41400000000000003,-0.6625000000000001,0.1606973725335163,1.0765,2.579831200547436,0.49193131917180155,0.0014080490047560824,1.207516180068602,3.1143410369514815
1450,2003.11.19.12.46.07,False,0.12609056609045988,-0.11413347167968751,0.11365308553187711,0.575,-0.7284999999999999,0.16107830915393712,1.3035,3.572252329463203,0.648663794874061,-0.005448961908511334,1.2143531190394108,4.336977285327717
1451,2003.11.19.12.56.07,False,0.15958194999073422,-0.115337744140625,0.11441059539353343,0.42600000000000005,-0.7925,0.16246529870265325,1.2185000000000001,2.6244176279792333,0.5645468808179628,-0.025929002218956432,1.214085368403103,3.186056058281796
1452,2003.11.19.13.06.07,False,0.057927434945383216,-0.1162617431640625,0.11263659221396008,0.5125,-0.7344999999999999,0.16188216788588983,1.2469999999999999,3.168359788967934,0.6894895932678897,-0.01683933026919937,1.2098001891455161,3.8314867484257427
1453,2003.11.19.13.16.07,False,0.08117982729909701,-0.11474060058593749,0.11312732809030127,0.525,-0.7735000000000001,0.16113966133021473,1.2985,3.262105933301303,0.7893218099964814,-0.020168747972843355,1.2129947734893143,3.9562922275979635
1454,2003.11.19.13.26.07,True,-0.06192348639766543,-0.11565727539062501,0.1133119822291285,0.708,-0.808,0.16191788996199857,1.516,4.38217893278933,0.842013716398609,0.0020599053788216085,1.213991462582931,5.31845147426608
1455,2003.11.19.13.36.07,True,-0.05976218092067853,-0.11596418457031249,0.1142911655971556,0.6885,-0.8105,0.16283460450567744,1.4989999999999999,4.240077830023031,0.7525126686585697,0.0323437611190877,1.2117198029062566,5.135258858132396
1456,2003.11.19.13.46.07,False,0.1840485092609334,-0.114028271484375,0.11210984354413,0.48,-0.681,0.15991471141812663,1.161,3.0024520544795266,0.5483279385409146,0.012483836550301504,1.2102989271380424,3.6333081653329824
1457,2003.11.19.13.56.07,False,0.20537625319038394,-0.1145142333984375,0.11238638932260903,0.426,-0.651,0.1604661486661014,1.077,2.657971493241668,0.49093100717432203,-0.0013810058333358407,1.2113819973218383,3.2187706524050297
1458,2003.11.19.14.06.07,False,0.1436494438632711,-0.1157025634765625,0.11309331970811672,0.515,-0.6970000000000001,0.16179938545725756,1.2120000000000002,3.182813378272159,0.5634158659732971,-0.005558407038808961,1.2123429383111182,3.858728044203807
1459,2003.11.19.14.16.07,False,0.09534021885931898,-0.114299853515625,0.11291555096971582,0.5555,-0.6725,0.1606740854348015,1.2280000000000002,3.462969885974749,0.6107151083430706,0.03524833044942806,1.2104716331266216,4.189291934910395
1460,2003.11.19.14.26.07,False,0.09259764028303608,-0.1139611572265625,0.11142558883703187,0.5015000000000001,-0.769,0.15938848724145893,1.2705,3.1536092020342936,0.5431758764525374,0.03028216062443469,1.2096345046225123,3.8144903799871166
1461,2003.11.19.14.36.07,False,0.0369753161055012,-0.1153835693359375,0.11231800939436584,0.531,-0.856,0.16103328421770252,1.387,3.2989502873710643,0.6773551280157184,-0.0014617321039341533,1.2109095830996497,3.9944808686566753
1462,2003.11.19.14.46.07,True,-0.06443021801735882,-0.11411435546875,0.11493354911531198,0.824,-0.8095,0.1619670497573942,1.6335,5.0953563556300505,0.9087530059249596,-0.015450266905461599,1.2173558719718156,6.202470979865826
1463,2003.11.19.14.56.07,False,0.01217577089162769,-0.11411267089843749,0.11508003035597986,0.5800000000000001,-0.8945000000000001,0.16206873055604126,1.4745,3.580177398865716,0.7580798044545769,0.021787230549808,1.2144112726979253,4.347004221681378
1464,2003.11.19.15.06.07,False,0.07586315429903712,-0.11520754394531252,0.11210307634294968,0.482,-0.917,0.16075318433834596,1.399,2.9984510715761217,0.5526235704359828,-0.00455996161915671,1.2106878510752952,3.630197572213415
1465,2003.11.19.15.16.07,False,0.20329546623300815,-0.1149339111328125,0.11385553374001256,0.4905,-0.7250000000000001,0.16178565361196756,1.2155,3.0400917557189313,0.5234275466030716,0.005078948708331301,1.2127679303928867,3.685173011556163
1466,2003.11.19.15.26.07,False,0.13872538474387364,-0.11474450683593751,0.11558341774499943,0.475,-0.708,0.16287233129307122,1.183,2.9163514531012895,0.653576112820794,-0.007891296026610912,1.216767312293115,3.5485410932196366
1467,2003.11.19.15.36.07,False,0.047786668563232326,-0.1158479248046875,0.11728838242275562,0.5555,-0.7775,0.16485761471579957,1.333,3.3702420691819377,0.6263045355072294,-0.03128632262769143,1.2176453019315505,4.103363271038858
1468,2003.11.19.15.46.07,True,-0.016812061586932936,-0.11423994140624999,0.11401474068593509,0.6455,-0.903,0.16140356139119783,1.5485,4.003963647269251,0.7550845049988331,0.005842243530223472,1.2132492572533833,4.8572247208992785
1469,2003.11.19.15.56.07,True,-0.06263229299864537,-0.114498388671875,0.11545997787192327,0.714,-0.836,0.16260670970180263,1.55,4.394933263778808,1.0020753633734072,0.014283021547905225,1.2148237359511116,5.34035458638662
1470,2003.11.19.16.06.07,True,-0.1054010490416235,-0.11510761718750001,0.11634317872320639,0.825,-0.9695,0.16366406136119177,1.7945000000000002,5.040349812487255,1.3529851866879719,0.057184493094992614,1.2131643334497886,6.114826477588343
1471,2003.11.19.16.16.07,False,0.1363818142152013,-0.11418583984375,0.11146007389717479,0.493,-0.657,0.1595808241724825,1.15,3.086049792286817,0.46362303531192617,0.020453128449920525,1.2102010627738038,3.736061604224682
1472,2003.11.19.16.26.07,False,0.11096831303465504,-0.114219482421875,0.11232531689533592,0.498,-0.7775000000000001,0.16020403224520835,1.2755,3.1109326215756408,0.48270290092470924,0.03382635680748726,1.2084905430888133,3.758964873598919
1473,2003.11.19.16.36.07,False,0.1511163084635631,-0.1152728515625,0.11227487862237853,0.39449999999999996,-0.7935000000000001,0.16092353793619962,1.188,2.450376798906537,0.4161925374696773,-0.02144802984564163,1.2109488349957447,2.96752450584184
1474,2003.11.19.16.46.07,False,0.16405095377005263,-0.1148064453125,0.11396666083608209,0.4615,-0.8045,0.16177663988013963,1.266,2.8541165605930185,0.5160190840652508,0.0053105802411199075,1.2106282246790623,3.4547799801679893
1475,2003.11.19.16.56.07,False,0.11096021054418237,-0.1145276611328125,0.11581929332936539,0.5345,-0.7645,0.16288793576183136,1.299,3.2819838829997208,0.6444411833191732,0.01961211983976471,1.214702677038516,3.986068678200466
1476,2003.11.19.17.06.07,False,0.04612383619107374,-0.11551950683593751,0.11282515414294442,0.52,-0.7705,0.16148758921621129,1.2905,3.223869357754737,0.674510175356523,0.01676320986170737,1.2085644484459044,3.896015800828344
1477,2003.11.19.17.16.07,False,0.18974802508719746,-0.11460847167968749,0.11360285783714455,0.4985,-0.741,0.16137153901550477,1.2395,3.0900206613848313,0.5111572785586509,0.014936063884698994,1.2115263374719614,3.743532881245966
1478,2003.11.19.17.26.07,True,-0.0644113558237005,-0.11455507812499999,0.1149072653561453,0.824,-0.742,0.16225529683945883,1.5659999999999998,5.083815077406886,1.0074122396972276,0.04698964163029701,1.2138206356125967,6.171611792395955
1479,2003.11.19.17.36.07,False,0.08314205707674915,-0.1157208251953125,0.11256728207147154,0.5115000000000001,-0.7675,0.16145258218759975,1.279,3.1726815728229445,0.545788572728509,0.010666697897900038,1.2089334718645897,3.8340334100989812
1480,2003.11.19.17.46.07,False,0.06595069738343196,-0.11394716796875001,0.116666555146467,0.5509999999999999,-0.7605,0.16308244557585794,1.3115,3.3812260994407786,0.7283553455003835,-0.003113488703319168,1.2162266726978377,4.111872996759635
1481,2003.11.19.17.56.07,False,0.03448552049567111,-0.11515041503906248,0.11267544186831453,0.5495,-0.785,0.1611074137664038,1.3345000000000002,3.412259263225281,0.6922985737793612,0.027580184261561037,1.210162893930804,4.130123171975023
1482,2003.11.19.18.06.07,True,-0.0047325299272634735,-0.11470988769531251,0.11310051646822214,0.6140000000000001,-0.841,0.16109424646718107,1.455,3.813643231195843,0.7585662407186393,-0.02423187085676381,1.214100982545252,4.62959154232251
1483,2003.11.19.18.16.07,False,0.1444473524011035,-0.11444990234374999,0.1124341774390111,0.4885,-0.835,0.16044082181867397,1.3235000000000001,3.044303718852816,0.4779047989094347,-0.020646703779191013,1.2117083316922965,3.688897637259226
1484,2003.11.19.18.26.07,False,0.14760231052085598,-0.11437871093749999,0.11235167677779156,0.492,-0.5994999999999999,0.1603340141935003,1.0915,3.068687089625435,0.3819459581475182,0.01268639415684766,1.2101952942981455,3.713656662719006
1485,2003.11.19.18.36.07,False,0.11806090464143515,-0.115925048828125,0.11327539896743691,0.498,-0.746,0.16208487170880514,1.244,3.0741649237888184,0.6244122489081736,-0.0051355565829063615,1.2115850316088297,3.724333907743273
1486,2003.11.19.18.46.07,False,0.061397427883033706,-0.11472587890625,0.11503064005800331,0.51,-0.87,0.16246815689090138,1.3800000000000001,3.143753462215991,0.6137360269824919,-0.038245217335195314,1.2159333956310667,3.8198193927428115
1487,2003.11.19.18.56.07,False,0.1742336242501506,-0.114299072265625,0.1157040682215901,0.5065000000000001,-0.7365,0.16264319275913697,1.2429999999999999,3.115465975097901,0.49697403159290543,0.01101918304658621,1.2140822543025034,3.782338649418241
1488,2003.11.19.19.06.07,True,-0.07470096393017567,-0.11544895019531251,0.11435803677165245,0.737,-0.8105,0.1625034084962249,1.5474999999999999,4.540142016895647,1.0306406944051298,0.0423904933216012,1.212988831534565,5.506850951456268
1489,2003.11.19.19.16.07,True,-0.028269628279560477,-0.11488786621093752,0.11323358108980364,0.6325000000000001,-0.9695,0.16132396464985554,1.6019999999999999,3.9238502033872926,0.7834933735978551,-0.008156687370987853,1.2138153002961052,4.761571874545571
1490,2003.11.19.19.26.07,True,-0.0057925824042605045,-0.11353073730468749,0.1140320422105156,0.679,-0.774,0.1609137298950313,1.4529999999999998,4.223372512900793,0.7450028469244092,0.012011300493929325,1.2148393484517777,5.131037756322677
1491,2003.11.19.19.36.07,False,0.12928507643411769,-0.11609367675781249,0.11300862941776371,0.47450000000000003,-0.675,0.16201786728428325,1.1495000000000002,2.9277673062601246,0.6724510606191505,0.011585183689370676,1.211442766104501,3.5467480997137986
1492,2003.11.19.19.46.07,False,0.05085028080048071,-0.114271533203125,0.11423224023698503,0.492,-0.909,0.16158584383514002,1.401,3.048403278384303,0.7465398410582134,-0.035062955417965516,1.214064094147234,3.7000418977560288
1493,2003.11.19.19.56.07,True,-0.04129162574016132,-0.11436416015625,0.1156296662219086,0.6615,-0.8400000000000001,0.16263409457795713,1.5015,4.0717372185696945,0.9869173849472774,0.047965563339702345,1.2149423274443873,4.947155057780675
1494,2003.11.19.20.06.07,False,0.14705832347291448,-0.1151482177734375,0.11312633394698213,0.4565,-0.8045,0.16142496885969138,1.261,2.8304571413071002,0.5351537157908937,0.009313686806583225,1.210496128581426,3.4244365494657276
1495,2003.11.19.20.16.07,True,-0.046761638764983404,-0.11412392578125,0.11384807521662527,0.747,-0.8255,0.16120316018766967,1.5725,4.627296319698585,0.8119510509621986,-0.0030407919625479916,1.2136565328909443,5.61654552719621
1496,2003.11.19.20.26.07,False,0.08141352078530906,-0.11408955078125001,0.1151600006273325,0.508,-0.7555000000000001,0.16211015153747915,1.2635,3.13533943640146,0.7623818029877443,-0.04631854104531864,1.2175042588281215,3.8166583728590737
1497,2003.11.19.20.36.07,False,0.13206855277768975,-0.115747119140625,0.11197181849978874,0.503,-0.718,0.16104641544438195,1.221,3.1280652020455184,0.5809774972806703,-0.021532943063235933,1.2109315228813315,3.7877616851660996
1498,2003.11.19.20.46.07,False,0.1737583266513627,-0.114100732421875,0.11248861297038965,0.5185,-0.69,0.16023037092862524,1.2085,3.2380408434180827,0.4090443879828547,0.007527139602783212,1.2116641735828293,3.923040667481108
1499,2003.11.19.20.56.07,False,0.11520151283270119,-0.11380495605468752,0.11471407808672071,0.5565,-0.7324999999999999,0.16159230121205248,1.2890000000000001,3.4419975369445774,0.581511725579221,0.038128002023589375,1.212385694768129,4.173898555384696
1500,2003.11.19.21.06.07,False,0.049038717868635784,-0.1153588623046875,0.11288163988392111,0.546,-0.7995,0.16141163632669175,1.3455,3.387368568907459,0.671940422485191,-0.003561756165279967,1.2102813347060857,4.097954749657551
1501,2003.11.19.21.16.07,False,0.21693045299178465,-0.11455947265625,0.11311345494271069,0.481,-0.6970000000000001,0.16099516532193103,1.178,2.988078350758256,0.5090793717478079,0.01134213920882056,1.2114196510302122,3.619607325662746
1502,2003.11.19.21.26.07,False,0.057931412457639775,-0.11409482421875,0.11376618756131593,0.5640000000000001,-0.7815,0.161122813482094,1.3455,3.5038172546549813,0.7429183415625564,0.035931607153130755,1.21246406093285,4.247182622197668
1503,2003.11.19.21.36.07,False,0.13085887463546964,-0.1152025146484375,0.11213894849658149,0.505,-0.7215,0.16077639001139177,1.2265,3.1353153152419297,0.6168287101011378,0.008744723826707533,1.211844694400808,3.800686807518236
1504,2003.11.19.21.46.07,False,0.18282877661179692,-0.1155272216796875,0.11395574647185888,0.4115,-0.735,0.16227487798470266,1.1465,2.537848280868502,0.4864208564327943,-0.02081248171492851,1.2123888242955327,3.0760089552075023
1505,2003.11.19.21.56.07,False,0.16785270074596675,-0.113946435546875,0.11157653784361435,0.453,-0.7605,0.15948568090594376,1.2135,2.8433964521950337,0.5483365087478902,-0.016912847815004513,1.2106657830580092,3.4403916008174678
1506,2003.11.19.22.06.07,False,0.08286294680123318,-0.11572333984375001,0.11468173576389332,0.504,-0.7505,0.16292510817290964,1.2545000000000002,3.092647264439643,0.7311262106461753,-0.03131065107372503,1.2141487898245829,3.7550683356851615
1507,2003.11.19.22.16.07,False,0.18812362279281097,-0.11295036621093751,0.11350701447700345,0.4065,-0.7495,0.16013645112814945,1.1560000000000001,2.5377191638911096,0.3920757213456296,-0.024991333346526725,1.2138279334962891,3.08058383806143
1508,2003.11.20.11.50.35,True,-0.009115100645846641,-0.11338610839843749,0.1162289280461821,0.6114999999999999,-0.8055,0.16237745351666982,1.4169999999999998,3.7663707137674147,0.7996836259779792,-0.009872128618440914,1.218541828671071,4.589400027722409
1509,2003.11.20.11.54.03,False,0.2227763848266056,-0.11438193359375001,0.1140127388795277,0.4335,-0.698,0.16150789396445375,1.1315,2.6855254465236857,0.46134243986203693,-0.01274342259748141,1.2148519552720094,3.262238261179067
1510,2003.11.20.11.59.03,False,0.13290660957965167,-0.1149782470703125,0.11467941623508916,0.454,-0.8274999999999999,0.16239368927106132,1.2815,2.7975721725555065,0.6225177304896208,-0.020509433476623436,1.2133448662382489,3.394057365564577
1511,2003.11.20.12.04.03,True,-0.02400668507117032,-0.11506142578124999,0.11493043350870107,0.6285000000000001,-0.8695,0.16263281937568402,1.498,3.8687904208259396,0.8774679296370718,0.013909053270691935,1.213963015381911,4.6957952426471765
1512,2003.11.20.12.09.03,False,0.1276589834513177,-0.115539306640625,0.11486522079012243,0.536,-0.702,0.16292881950821989,1.238,3.291283152403761,0.5555101791357595,0.010845412632859744,1.2144082840447266,3.996370158080035
1513,2003.11.20.12.14.03,False,0.05603840998296683,-0.11593901367187501,0.11542505592549825,0.548,-0.819,0.16360176672983923,1.367,3.3490174003097835,0.581558179138036,0.027397519588721858,1.2124057436968392,4.060553657451628
1514,2003.11.20.12.19.03,False,0.05786225591374672,-0.1170058349609375,0.11728512285566631,0.443,-0.8335,0.16567428006894605,1.2765,2.6764634676380057,0.6292570475179495,-0.02144655735964588,1.214863549072163,3.2512068252919084
1515,2003.11.20.12.24.03,True,-0.03359805444654429,-0.114896142578125,0.11568607012141491,0.6675,-0.8240000000000001,0.1630588177650536,1.4915,4.0932598036676,0.7809778555033626,-0.0020719248619374404,1.2158118680581556,4.976712348540943
1516,2003.11.20.12.29.03,False,0.18757494318407153,-0.11523354492187501,0.11434391411695995,0.47150000000000003,-0.7675,0.16233896401959722,1.2389999999999999,2.905303113147702,0.5400290904701852,0.00520308862968895,1.2127833686464764,3.5234463345083307
1517,2003.11.20.12.34.03,True,-0.020027890793665404,-0.1153201904296875,0.11518476572037539,0.5895,-0.8605,0.16299379475216974,1.4500000000000002,3.6169633988517775,0.8223511754661295,-0.03167455689662237,1.2163029912326615,4.398553430238689
1518,2003.11.20.12.39.03,False,0.03933143271984674,-0.11468620605468749,0.11397342365668806,0.6275,-0.77,0.16169587946737396,1.3975,3.8843304254012416,0.6469134896078239,0.00246655590904455,1.2126622583656501,4.710465437876007
1519,2003.11.20.12.44.03,False,0.19583551683749278,-0.114297802734375,0.11398068246265675,0.4675,-0.7705,0.1614299206787006,1.238,2.9005841233163574,0.5882811399009722,0.013787228352032653,1.2120014756211739,3.5141552461087793
1520,2003.11.20.12.49.03,False,0.025362326469127505,-0.11577077636718752,0.11541830977109935,0.5775,-0.802,0.16347898120626514,1.3795,3.5364705185881284,0.7517279760434965,-0.0008156985782679527,1.2145186767968879,4.293990186318828
1521,2003.11.20.12.54.03,False,0.15337701746374766,-0.1144484375,0.11413812307915186,0.526,-0.7665,0.1616505029915769,1.2925,3.2538899480624335,0.499580120831864,0.0347731602772046,1.2126897474174525,3.9459680676126787
1522,2003.11.20.12.59.03,True,-0.03184194630564596,-0.11552299804687499,0.11525710359451097,0.619,-0.8215,0.16319209367178253,1.4405,3.7981230620816344,0.7572465832562703,0.05361073900897858,1.210374299154007,4.595642228870087
1523,2003.11.20.13.04.03,False,0.06580651784225156,-0.114607666015625,0.1173842705201411,0.542,-0.719,0.164056468490211,1.2610000000000001,3.306225097159265,0.7031852487204844,0.027553991527537857,1.215885099821649,4.019490594462568
1524,2003.11.20.13.09.03,False,0.0771018791410607,-0.1140224609375,0.11534467070061274,0.62,-0.747,0.16219851473727365,1.367,3.8250718566738806,0.6164324625943403,-0.0002822158916097933,1.214450643485614,4.644376931144498
1525,2003.11.20.13.14.03,True,-0.05595902208524661,-0.11439709472656251,0.11503446522867528,0.841,-0.7165,0.16224640193961895,1.5575,5.1787466868465035,0.9158909838996563,0.034670182442657335,1.2153425109963227,6.295152195420185
1526,2003.11.20.13.19.03,False,0.1509753877083373,-0.11390415039062501,0.11545683585601366,0.4935,-0.735,0.16218935241348503,1.2285,3.0430450583421647,0.5536311826762415,-0.034257528899311204,1.2172962978377992,3.7039703453837474
1527,2003.11.20.13.24.03,False,0.08290011951113674,-0.114822607421875,0.11489376767938415,0.5445,-0.7995,0.1624440747940738,1.3439999999999999,3.354882918642324,0.6478147306440221,0.02649490454745281,1.2118421746226056,4.064932587565037
1528,2003.11.20.13.29.03,False,0.08789797730833959,-0.1141489990234375,0.11724055813689531,0.494,-0.779,0.16363323457854334,1.2730000000000001,3.0195177379963978,0.6523384667756986,-0.02386642718760256,1.217535252658516,3.6767634382546976
1529,2003.11.20.13.34.03,False,0.13806456425679287,-0.11538349609375001,0.11511118984160668,0.4555,-0.786,0.16298921225262591,1.2415,2.798031415045498,0.58451772661898,0.010217906936656444,1.2108569302508019,3.3870587768170655
1530,2003.11.20.13.39.03,False,0.1695680809812421,-0.115273974609375,0.11221810689959663,0.48,-0.6605000000000001,0.1608830284430032,1.1405,2.9873476704997604,0.4560846434273764,0.002310825199950275,1.2093688329679515,3.612335432695212
1531,2003.11.20.13.44.03,False,0.09710705976618506,-0.11605776367187501,0.11723844127386418,0.449,-0.798,0.16496892040395075,1.2469999999999999,2.7226484043455987,0.5290270231423146,-0.016218137872980324,1.2154290492299058,3.3090237185656006
1532,2003.11.20.13.49.03,True,-0.05979569041144572,-0.11431250000000001,0.11693331591593747,0.753,-0.7275,0.1635261628348216,1.4805000000000001,4.608920915335404,0.8733568454375307,0.040794756625589415,1.215223938602582,5.600739684815278
1533,2003.11.20.13.54.03,False,0.2053298408985228,-0.1148461181640625,0.11432946408655467,0.46,-0.7124999999999999,0.16205519280229752,1.1724999999999999,2.841850129267349,0.5157437742408422,-0.019437335861540183,1.2122268870585184,3.4448315480040277
1534,2003.11.20.13.59.03,False,0.14632225666627208,-0.11448828125,0.11475350779041602,0.503,-0.8165,0.16211863016897451,1.3195000000000001,3.100941321247575,0.5965700972338017,0.006699095677634687,1.2131834978510283,3.7622425505829344
1535,2003.11.20.14.04.03,True,-0.0964601908611854,-0.1143649658203125,0.11750968769850019,0.7090000000000001,-1.002,0.16397632572506038,1.7109999999999999,4.322540678070052,1.1849100048588264,0.002399610092151925,1.216289844719695,5.257164020908702
1536,2003.11.20.14.09.03,False,0.04500454949026955,-0.11435791015624999,0.11616944732833129,0.5589999999999999,-0.8005,0.1630198117068864,1.3595000000000002,3.4303178303373207,0.7523550056774195,0.007619929986039485,1.2168106290986218,4.173717181841247
1537,2003.11.20.14.14.03,True,-0.03329723724098266,-0.116092529296875,0.11651513097949728,0.6165,-0.7945,0.1644795697993991,1.411,3.7523735463519037,0.8474549536776941,-0.0220833353003755,1.2164415610444541,4.565562615489818
1538,2003.11.20.14.19.03,True,-0.017965847452841688,-0.1142124755859375,0.11645559262891882,0.577,-0.879,0.16311884507847424,1.456,3.5396768947893804,0.7446242406543784,0.0016970640889957256,1.217685267060412,4.308948360767629
1539,2003.11.20.14.24.03,False,0.02471300323021286,-0.11400029296875,0.11545579055451388,0.6154999999999999,-0.792,0.1622661180330649,1.4075,3.7961969352061957,0.7945702500109759,0.00903077910350065,1.2147348092001107,4.610386299816236
1540,2003.11.20.14.29.03,False,0.14405718834790693,-0.11495693359374998,0.11525260460718198,0.48950000000000005,-0.786,0.16278885231669465,1.2755,3.0101538426405274,0.5913936417282377,-0.01497857081737967,1.2150075068221207,3.6566840134050667
1541,2003.11.20.14.34.03,True,-0.032514392000836834,-0.1145794677734375,0.11568571716464564,0.601,-1.0325,0.16283977428056529,1.6335,3.69631091101979,0.9291938400309845,0.0008818475602777182,1.213440339674829,4.483972030507166
1542,2003.11.20.14.39.03,True,-0.029846034814752453,-0.1170001953125,0.11454406669030934,0.4635,-1.05,0.16374071820547353,1.5135,2.834856803880699,0.7519268588683425,-0.05391268140873531,1.213812503603879,3.441163552018492
1543,2003.11.20.14.44.03,False,0.050269258835182296,-0.1154643798828125,0.11647525390511754,0.5625,-0.7869999999999999,0.1640099329589027,1.3495,3.431964586921178,0.6544392934546395,-0.003656148814549489,1.215037543959946,4.170122421058845
1544,2003.11.20.14.49.03,False,0.05389558866531252,-0.11497253417968749,0.1156524837110316,0.5215,-0.8180000000000001,0.1630847010789904,1.3395,3.2024399317744443,0.6974275891744104,-0.016910772395816252,1.2148587297279625,3.889346055815456
1545,2003.11.20.14.54.03,True,-0.0736506577271463,-0.11431428222656251,0.11702198374247398,0.6040000000000001,-1.0385,0.16359742770459895,1.6425,3.6989037576197186,1.1360811702398443,-0.043230618517041325,1.2171833151092937,4.500175435068449
1546,2003.11.20.14.59.03,False,0.028084819097437763,-0.11520393066406251,0.11524225818262143,0.6174999999999999,-0.7335,0.16296358908337297,1.351,3.796546329608728,0.7053948928226281,-0.03156877591863446,1.2155214813697481,4.613134193470996
1547,2003.11.20.15.04.03,False,0.05405548452862241,-0.114328271484375,0.11635602107542733,0.5589999999999999,-0.7875,0.16312805248706713,1.3465,3.4294336257650215,0.7501055148227347,0.0037871408581731953,1.2158599881570678,4.168250175098074
1548,2003.11.20.15.09.03,True,-0.017037669958766655,-0.114882763671875,0.1152060521086126,0.63,-0.8995,0.16269915672136703,1.5295,3.8804884643430446,0.7585610914526033,-0.0012530234271112845,1.2133621261234082,4.708319879331195
1549,2003.11.20.15.14.03,False,0.14634301590496301,-0.11564208984374999,0.11475010678858244,0.5125,-0.7615,0.1629166234725049,1.274,3.149469285038068,0.4980786037593312,0.009848406538436189,1.2129083853681721,3.816699640363881
1550,2003.11.20.15.19.03,True,-0.026784033474092084,-0.11372685546875,0.11392097665880427,0.554,-1.0095,0.1609836443769197,1.5635,3.4470559400068814,0.9844346926680092,-0.03900119169182733,1.2139634619378035,4.18454042171425
1551,2003.11.20.15.24.03,True,-0.014416111289515698,-0.11486088867187501,0.11561276520042127,0.597,-0.9299999999999999,0.1629719216545947,1.527,3.6663334140181605,0.7182154614022,-0.021444618967515157,1.2156033494427287,4.456732203946711
1552,2003.11.20.15.29.03,False,0.17115490535550604,-0.1148115234375,0.1149272726853856,0.49450000000000005,-0.6975,0.1624534150637043,1.1920000000000002,3.0457763558328903,0.5839579568696489,-0.0029813158789924223,1.2152894015538307,3.700362310442672
1553,2003.11.20.15.34.03,False,0.17536202573892146,-0.11446533203125,0.114722512313662,0.49550000000000005,-0.764,0.16206323344950374,1.2595,3.056318098943435,0.5422108917783421,0.02113359028325387,1.2131408157849553,3.708316999898967
1554,2003.11.20.15.39.03,True,-0.01545706986830464,-0.1141701171875,0.11801973836973703,0.515,-0.9635,0.164215261718882,1.4785,3.134869959548785,0.698338137329451,-0.016694938387032437,1.2179361119175498,3.8183265175111734
1555,2003.11.20.15.44.03,False,0.18425664149340948,-0.1158655517578125,0.11429494940547885,0.459,-0.7275,0.1627596831897953,1.1865,2.8261632693747405,0.45019697504537515,0.0012810012931113394,1.2125179158198436,3.4258526611804454
1556,2003.11.20.15.49.03,True,-0.09206478132263696,-0.11511987304687502,0.11861495155969007,0.7595000000000001,-0.8260000000000001,0.16529414068609066,1.5855000000000001,4.594112735194558,0.8796738837318261,-0.007406458759775925,1.217992873943456,5.595703159418784
1557,2003.11.20.15.54.03,False,0.10308152508476764,-0.1146703369140625,0.11462475690292628,0.4945,-0.8605,0.16214294438669918,1.355,3.055217954353302,0.6510988464315888,-0.024161434321567064,1.214057511169537,3.7092851739106516
1558,2003.11.20.15.59.03,True,-0.051388656083475204,-0.1145605712890625,0.11685351467899754,0.5555,-1.1155,0.1636476330484644,1.6709999999999998,3.396967288314297,1.1144550268724522,-0.037245097082041996,1.2172979555050216,4.1347472097311355
1559,2003.11.20.16.04.03,False,0.20491666052406948,-0.11507070312499999,0.11501239747500067,0.4675,-0.6995,0.16270862614668852,1.167,2.869305459748105,0.49405503852830757,-0.00606457700759111,1.2129877566015077,3.4814023594180483
1560,2003.11.20.16.09.03,True,-0.07763333272411421,-0.11378872070312501,0.11762514363382526,0.527,-1.3625,0.1636585437028813,1.8895,3.2193178144228107,2.0518352881229767,-0.09487895111182093,1.2190166829519105,3.9241712602396603
1561,2003.11.20.16.14.03,False,0.08060022944411871,-0.11554758300781251,0.11483138059390671,0.5935,-0.6839999999999999,0.16291206075580109,1.2774999999999999,3.6480796741332435,0.5385351159768348,0.014040063495979575,1.2119029929026963,4.418692061878658
1562,2003.11.20.16.19.03,False,0.025423646559780688,-0.114896044921875,0.11605075368499915,0.568,-0.763,0.16330834155475182,1.331,3.4867141398176997,0.8001447948851006,-0.027154313205206563,1.2169377289553407,4.242317153543592
1563,2003.11.20.16.24.03,False,0.1769487934385804,-0.1148450927734375,0.113564253447976,0.46299999999999997,-0.7444999999999999,0.1615178591958062,1.2075,2.8660607518619248,0.558063398964491,-0.04207457732558348,1.21459956195918,3.4813088318064667
1564,2003.11.20.16.29.03,False,0.12326636332793267,-0.1141643310546875,0.1161338987794148,0.5235,-0.775,0.1628550621428169,1.2985,3.2119538363277647,0.5432724069970682,0.009358926564898016,1.2139049791637628,3.899818096239401
1565,2003.11.20.16.34.03,False,0.2134531039847985,-0.11426911621093751,0.11436234876099925,0.4565,-0.7375,0.16167484881474553,1.194,2.8238040644715556,0.4262750533637878,-0.03060229001026664,1.215494788772057,3.432209944558325
1566,2003.11.20.16.39.03,True,-0.1084658212663061,-0.1154845703125,0.11811707466283836,0.956,-0.9195,0.16519331383046304,1.8755,5.789836204737941,1.4555305794087725,0.050970569091686665,1.2179710205185295,7.052743280788631
1567,2003.11.20.16.44.03,False,0.21705141849642423,-0.114763330078125,0.1147083947308025,0.4405,-0.6995,0.16226747810653813,1.1400000000000001,2.7151726287670606,0.4810587557925101,-0.007030081015319883,1.2149547330302741,3.298381525757133
1568,2003.11.20.16.49.03,False,0.1293787301446413,-0.11508417968750001,0.11658761357145281,0.49050000000000005,-0.7250000000000001,0.16382880547496986,1.2155,2.99807401575244,0.5908799505231186,-0.010582089271644144,1.2154495496587012,3.6429004053359293
1569,2003.11.20.16.54.03,False,0.16911457584069173,-0.1140206298828125,0.11551406752757154,0.454,-0.758,0.1623172754966738,1.212,2.794220537202989,0.548624151213261,-0.023821472353035847,1.2165245575118244,3.399654473761089
1570,2003.11.20.16.59.03,False,0.03831596135929005,-0.11481826171875001,0.1147034911580821,0.599,-0.786,0.16229900925349294,1.385,3.6975347369896814,0.7487857306428025,0.009598979282347061,1.21518659849621,4.492377342610865
1571,2003.11.20.17.04.03,False,0.09682236072937234,-0.11408327636718749,0.1144316217981168,0.5625,-0.7655000000000001,0.16158610197576057,1.328,3.4844856251531016,0.6890049254019401,0.026954513950903994,1.213562690604446,4.228443975089279
1572,2003.11.20.17.09.03,False,0.17909124191376935,-0.1147554443359375,0.1137396247600571,0.476,-0.8105,0.16157608080466934,1.2865,2.945659460133281,0.5345630499285303,-0.017357520575591652,1.2134205853534041,3.574361059130914
1573,2003.11.20.17.14.03,False,0.04576703174957075,-0.11526484375,0.11752656005953802,0.591,-0.729,0.16462367284264207,1.3199999999999998,3.5952710608943317,0.5818076300039634,0.01880953823397652,1.217927390591535,4.378360791246342
1574,2003.11.20.17.19.03,False,0.2276730024716881,-0.11437338867187499,0.11262296223313688,0.46399999999999997,-0.69,0.1605398438043953,1.154,2.891310063863288,0.47053130787090414,-0.002579823855130746,1.213509977681153,3.5081921345413143
1575,2003.11.20.17.24.03,True,-0.03257054798635173,-0.11427548828125002,0.11728682146272595,0.659,-0.758,0.16375352036610574,1.417,4.029622702493617,0.8301339263003846,0.010907054871575795,1.2195910504571774,4.913679259331252
1576,2003.11.20.17.29.03,True,-0.08039975801717969,-0.11503359375,0.11602869094613764,0.736,-0.863,0.16339223174737855,1.599,4.497664365714517,0.8072417133563925,0.024997517688704816,1.215087379646379,5.466184488769885
1577,2003.11.20.17.34.03,False,0.07127000060519417,-0.1148505859375,0.11391695181963535,0.62,-0.669,0.16177637224554162,1.2890000000000001,3.83957658720412,0.5747898240903584,0.010367859150397162,1.2133232050108802,4.656749393723032
1578,2003.11.20.17.39.03,False,0.04617487174659385,-0.11526975097656249,0.11542019050344998,0.5469999999999999,-0.8225,0.163123572058328,1.3695,3.356537681874684,0.7063756699271182,-0.026101880152305208,1.2149863351495647,4.0770455894402335
1579,2003.11.20.17.44.03,True,-0.002217736267119075,-0.115965087890625,0.11734412314282111,0.5495,-0.8500000000000001,0.1649791226410519,1.3995,3.3357886008869704,0.7016211767306864,-0.027954135755542342,1.21594103743548,4.05438060199922
1580,2003.11.20.17.49.03,False,0.05650372160469197,-0.1149082763671875,0.11425281553637257,0.5075000000000001,-0.972,0.16205207753791617,1.4794999999999998,3.1259345601343016,0.6119039802919359,-0.02189262460380712,1.2127207272786178,3.792049888079771
1581,2003.11.20.17.54.03,False,0.0037924207948267785,-0.1149590087890625,0.11502743297211743,0.5235000000000001,-0.9179999999999999,0.16263327229290458,1.4415,3.219780920501589,0.7491101821815747,-0.02671140123105202,1.2151282347996797,3.912240912328797
1582,2003.11.20.17.59.03,False,0.009281734611122805,-0.11444409179687501,0.11782974442960728,0.4935,-0.8779999999999999,0.16426555890174221,1.3715,3.011836781829636,0.7517391184968658,-0.035571043782127235,1.2179940778510523,3.669558419428917
1583,2003.11.20.18.04.03,True,-0.06666441694655789,-0.11464389648437501,0.11498712600331645,0.8180000000000001,-0.8045,0.1623776213730843,1.6225,5.04064924468803,0.9935964880168109,0.032583751761023586,1.2135912471708648,6.117594118593402
1584,2003.11.20.18.09.03,False,0.15200620945088616,-0.1148513427734375,0.11374889920214087,0.4335,-0.8520000000000001,0.16165469321308143,1.2855,2.68334913353665,0.45719976415203334,-0.02294307518795934,1.212692047411966,3.2538348534074393
1585,2003.11.20.18.14.03,False,0.03930440483926645,-0.11463151855468749,0.11733157290423005,0.5605,-0.758,0.16403611549514885,1.3185,3.4169034372219365,0.7289856199869569,-0.017902836333922773,1.2181812207706517,4.1624118621757065
1586,2003.11.20.18.19.03,False,0.20954193945196253,-0.11509011230468749,0.11410444580544601,0.4615,-0.7484999999999999,0.16207686290368722,1.21,2.8483402575673207,0.4465515107061573,0.0003467523821356266,1.2126628795713819,3.4538442041697994
1587,2003.11.20.18.24.03,False,0.07706358231214927,-0.11457648925781251,0.11782270299993283,0.49549999999999994,-0.7225,0.16435135079855126,1.218,3.016749742395322,0.649036721066427,0.00580171969616186,1.2184658629739165,3.6747913794180587
1588,2003.11.20.18.29.03,False,0.1911714379744477,-0.1141400390625,0.1145673813963578,0.48050000000000004,-0.685,0.1617354682852683,1.1655,2.9770990172252856,0.4782298692568383,0.04035861416570756,1.2136143968153537,3.6118101091949706
1589,2003.11.20.18.34.03,False,0.19455432616910645,-0.114247216796875,0.11460642467755991,0.45799999999999996,-0.7995,0.1618285914008209,1.2574999999999998,2.8310841458540663,0.5273163240845371,-0.002818611937422552,1.2139887491251726,3.436788669841929
1590,2003.11.20.18.39.03,True,-0.04033936990366649,-0.11387568359375,0.11670762633280016,0.7045,-0.776,0.16306686577111196,1.4805000000000001,4.315666727992353,0.7511074066962347,0.041445276015071406,1.2155043166607467,5.2465818422938
1591,2003.11.20.18.44.03,False,0.06924511250524368,-0.1151733154296875,0.11669977631455483,0.565,-0.7384999999999999,0.16396736525287678,1.3034999999999999,3.4528118957428457,0.6539737774611363,0.020895840494004198,1.2136727154015654,4.188571224581784
1592,2003.11.20.18.49.03,False,0.14677652857263623,-0.114681982421875,0.11345122491535128,0.47,-0.775,0.16132153039276265,1.245,2.911968574655548,0.5160388672622505,-0.05278116121818852,1.2139600643643873,3.535324950170247
1593,2003.11.20.18.54.03,False,0.046973266978067474,-0.11471171875,0.11320419959521139,0.57,-0.8580000000000001,0.16117222633504338,1.428,3.536773738382019,0.5810683531892784,-0.024958985355316002,1.211656717712823,4.2852890115776585
1594,2003.11.20.18.59.03,False,0.14458401967091256,-0.1140395751953125,0.11497093825990282,0.508,-0.7155,0.16193988197560344,1.2235,3.1405005891091395,0.6682227670568472,0.0004545824454325019,1.214442169324938,3.8133016791441814
1595,2003.11.20.19.04.03,True,-0.02276689298077139,-0.1148810302734375,0.11689939538293834,0.6140000000000001,-0.823,0.16390568967418453,1.437,3.7487763775432072,0.7517699176029744,-0.00569166594197819,1.2164487045863186,4.559685855748407
1596,2003.11.20.19.09.03,True,-0.001202974051600414,-0.1145152099609375,0.11529346409307159,0.546,-0.9035,0.16250137279871504,1.4495,3.3643927636798066,0.810104842608699,-0.016408883377382017,1.2165848875375778,4.092656765267444
1597,2003.11.20.19.14.03,False,0.060381504148165566,-0.11517636718750002,0.11450812980206225,0.4265,-1.034,0.16242238696875094,1.4605000000000001,2.627654948702358,0.6302848463693944,-0.02848413047075602,1.212869736439925,3.1862083278997373
1598,2003.11.20.19.19.03,False,0.0886325600558251,-0.11453161621093749,0.1169180304093381,0.57,-0.757,0.16367590715616548,1.327,3.4826265186962453,0.6003618079141717,0.018481392796231472,1.2147154236480155,4.230388233174034
1599,2003.11.20.19.24.03,False,0.12067995463583059,-0.114883642578125,0.11604776068566225,0.486,-0.792,0.16329627285190335,1.278,2.978590359387428,0.5278793243946416,-0.02444069861860888,1.2165242051245921,3.623981077102374
1600,2003.11.20.19.29.03,True,-0.005102276097132208,-0.1142873291015625,0.11591121341979851,0.547,-0.9095,0.16278151783205078,1.4565000000000001,3.3678731514410347,0.7303199351684553,-0.021584226913624754,1.2169835774319893,4.0971415105601725
1601,2003.11.20.19.34.03,False,0.14162869443204656,-0.11501596679687501,0.11451362076544594,0.5325,-0.7155,0.16231289075514313,1.248,3.2797966090790673,0.5904494201021104,-0.02305109544363717,1.2142420437646613,3.9827807344630095
1602,2003.11.20.19.39.03,False,0.08222006430065887,-0.11483168945312501,0.11615265269764169,0.5640000000000001,-0.763,0.1633376863738365,1.327,3.453839157401273,0.6067631589488589,0.011561066430018807,1.2144938376991203,4.19455734675722
1603,2003.11.20.19.44.03,False,0.13095498590236992,-0.116393701171875,0.11525783362817076,0.48350000000000004,-0.754,0.16380733127968988,1.2375,2.9541496629980664,0.5880896972034697,-0.008405353660500003,1.213844818542352,3.585658494612122
1604,2003.11.20.19.49.03,False,0.11176990313516844,-0.11419814453125,0.11720726933145759,0.492,-0.737,0.16364474871581164,1.229,3.00670714314956,0.5707625944990482,-0.00866234896900799,1.2178856167115768,3.6617448501421697
1605,2003.11.20.19.54.03,False,0.1043428388756289,-0.11421818847656251,0.11497214816319241,0.5665,-0.746,0.16206800679882782,1.3125,3.4975325223388154,0.5630223454084105,0.03396600889575767,1.2114301502366152,4.236520970523398
1606,2003.11.20.19.59.03,False,0.05897234122442252,-0.11385268554687498,0.11784721084274295,0.5295000000000001,-0.7825,0.1638713792121359,1.312,3.2331131095941017,0.5420778038726486,-0.03576189799551185,1.2203217004690807,3.9451670748391754
1607,2003.11.20.20.04.03,True,-0.0031845838873787446,-0.114272900390625,0.11560438980007877,0.6445000000000001,-0.823,0.16255278702405593,1.4675,3.971838439745845,0.7317268185211532,-0.003380389634363476,1.2158171610147077,4.826850876470576
1608,2003.11.20.20.09.03,False,0.17993717165331508,-0.11421276855468748,0.11464832034748773,0.5435,-0.708,0.16183681595618965,1.2515,3.360619444154943,0.476873410337449,0.007432178085568311,1.2128710142389445,4.075357755927343
1609,2003.11.20.20.14.03,False,0.011123710333737713,-0.1152630859375,0.11774282869438457,0.5935,-0.8005,0.16477511141462456,1.3940000000000001,3.60541204474334,0.6871061745665301,0.013165575976156687,1.2159273613019814,4.383614539297554
1610,2003.11.20.20.19.03,True,-0.04393720771838716,-0.11473137207031249,0.1148606456182378,0.708,-0.8335,0.16235360689950884,1.5415,4.37055665447057,0.756763411180428,0.028573062201738924,1.2145426236631982,5.3033590599248015
1611,2003.11.20.20.24.03,True,-0.07802892687487806,-0.114299951171875,0.11663562109608835,0.6625,-0.9055,0.16331389275447056,1.568,4.05558313887719,1.0474397201367256,0.016583148850836005,1.2177057900654757,4.9389936780189885
1612,2003.11.20.20.29.03,False,0.1805128575110298,-0.11351323242187498,0.11543637710214591,0.4685,-0.7925,0.16190199272627126,1.2610000000000001,2.9005092591068085,0.5366598126789883,0.004320472484039859,1.213608747608649,3.519889141859105
1613,2003.11.20.20.34.03,False,0.22570666974502274,-0.1144359375,0.11397165418266136,0.4385,-0.69,0.16151531102797184,1.1284999999999998,2.7144254322589605,0.4745555544946285,-0.012775277553358574,1.2148243957726033,3.2975306118966623
1614,2003.11.20.20.39.03,True,-0.02508906165356506,-0.1138452880859375,0.11726425634492636,0.5680000000000001,-0.857,0.1634475808443494,1.425,3.47507040952899,0.7914258406819126,-0.03456795843660326,1.2191415987445282,4.236610148733323
1615,2003.11.20.23.40.19,False,0.08791275064312798,-0.11349436035156249,0.11466628926867145,0.598,-0.7909999999999999,0.16134012723468125,1.3889999999999998,3.707618200025747,0.5209429722275924,0.005960106174069773,1.2139567051159292,4.5008173677755
1616,2003.11.20.23.44.03,False,0.09324623294895862,-0.11519770507812499,0.11637742744894025,0.547,-0.7324999999999999,0.1637543810990137,1.2795,3.344587078844719,0.5944260733144138,0.019333724775427198,1.2125420605910595,4.055940957182913
1617,2003.11.20.23.54.03,False,0.13875990925571674,-0.114932568359375,0.1152967161280262,0.5555,-0.6725,0.16280488084351108,1.228,3.406132133415862,0.4732631427706635,-0.0015669477362399813,1.2140329702953474,4.136712938111408
1618,2003.11.21.00.04.03,True,-0.02697857329758968,-0.1141705078125,0.11681706176155879,0.5545,-1.014,0.1633546697597157,1.5685,3.3946942714306214,0.8116565577612209,0.0016210652753094051,1.2152861511592228,4.125509479103437
1619,2003.11.21.00.14.03,False,0.15951095044571434,-0.1144964111328125,0.11494909649311355,0.5125,-0.7665,0.16225203881935354,1.279,3.1556271256370327,0.4149667756234816,0.004933443396000068,1.214164951213934,3.832702155645383
1620,2003.11.21.00.24.03,True,-0.01958745349599378,-0.11439472656250001,0.11670090131128634,0.5065,-0.9339999999999999,0.16341778590700304,1.4405000000000001,3.1025414977798507,0.9038849365504469,-0.012055974705331221,1.216078156217431,3.77309922719288
1621,2003.11.21.00.34.03,False,0.16436284554016267,-0.1145437255859375,0.11484373183904903,0.422,-0.813,0.16220594486259887,1.2349999999999999,2.6020980725644187,0.5936318685569237,0.00625743646892206,1.2131720291702355,3.1567125901834188
1622,2003.11.21.00.44.03,False,0.09599533520725867,-0.11413322753906249,0.11444304803172503,0.5275,-0.825,0.16163694950267354,1.3525,3.2695744365387878,0.6845072428581707,-0.011968094011726743,1.2135859459467457,3.9675645459991897
1623,2003.11.21.00.54.03,False,0.1418911896858513,-0.1139592529296875,0.11475551054192179,0.524,-0.714,0.1617438529664678,1.238,3.2501999999915565,0.46991270712710587,0.037213321353046065,1.2102282457275946,3.931280402956914
1624,2003.11.21.01.04.03,False,0.043011960338498745,-0.1144642333984375,0.1128128927905177,0.6005,-0.739,0.1607272099424436,1.3395000000000001,3.7470771965637275,0.7692959503099743,0.012700264292397564,1.212300818567512,4.536645377449228
1625,2003.11.21.01.14.03,False,0.04595836521374841,-0.1152170654296875,0.11596607359468511,0.5985,-0.719,0.16348490676516247,1.3175,3.6527743435669002,0.6603253637674513,-0.022868248328138295,1.216009981778618,4.444882903415328
1626,2003.11.21.01.24.03,False,0.17067537215813705,-0.11378120117187498,0.1160931356557639,0.45399999999999996,-0.7505,0.16255812011244858,1.2045,2.7939621418366887,0.5481344455897865,-0.001948223056209487,1.2151279611591799,3.394570702296974
1627,2003.11.21.01.34.03,True,-0.04646522938552555,-0.11473779296875,0.11760297718998233,0.636,-0.8775,0.1643154704812324,1.5135,3.871567907295561,0.7417234204814902,0.010830724852873681,1.21609320835283,4.708219741399258
1628,2003.11.21.01.44.03,False,0.020284109443814535,-0.1143548828125,0.11721914807351852,0.63,-0.7275,0.16376322851305591,1.3575,3.8493426881465354,0.6507508876916064,0.0018754279888608776,1.2173917082155588,4.685916335496495
1629,2003.11.21.01.54.03,False,0.0697277277916093,-0.1142925537109375,0.11681621019336169,0.5055000000000001,-0.7865,0.16343018865329428,1.292,3.092730988864212,0.7244284721524556,0.021719482664186412,1.2143813721908794,3.755906184852692
1630,2003.11.21.02.04.03,False,0.15861116329918074,-0.114818310546875,0.11448862563425874,0.5325,-0.7344999999999999,0.16215166834739414,1.267,3.2812457839805367,0.5076736671946918,-0.026418543254457704,1.2140562996410413,3.9839211119311626
1631,2003.11.21.02.14.03,False,0.05955825537313564,-0.1141825927734375,0.11362316404572023,0.652,-0.669,0.16108944676330023,1.3210000000000002,4.056558468171773,0.5847796077143508,-0.012287285131521152,1.2150697895264018,4.929225695605899
1632,2003.11.21.02.24.03,True,-0.043281944244986215,-0.11509458007812501,0.11571246998488499,0.5775,-0.9450000000000001,0.16320864707920751,1.5225,3.543413985504369,1.1077638320063292,-0.028441296147746677,1.2163729576288504,4.309846147574131
1633,2003.11.21.02.34.03,True,-0.031172293086354386,-0.1140570556640625,0.11716858288776394,0.5545,-0.8885000000000001,0.16352087947867766,1.443,3.392606986376771,0.8484889053440308,0.04257860428977738,1.2151240642054444,4.122025532750893
1634,2003.11.21.02.44.03,False,0.16728249745426704,-0.11336821289062499,0.11693874328144899,0.46599999999999997,-0.742,0.16287679398602659,1.2080000000000002,2.862110254475929,0.47964760754916314,0.015666797281059536,1.2145918265441582,3.4759358235682365
1635,2003.11.21.02.54.03,True,-0.04128387194439154,-0.1148673095703125,0.1178108909757404,0.6054999999999999,-0.8765000000000001,0.1645517761364871,1.482,3.6780028521951857,0.8265490639923552,0.019929961183989268,1.2158119127368718,4.472153798721194
1636,2003.11.21.03.04.03,True,-0.08432567811693004,-0.1154485595703125,0.11826299810885016,0.5954999999999999,-1.0445,0.16527930605955327,1.6400000000000001,3.6092017498594577,1.2820872275934518,-0.08658136262225705,1.219585819461645,4.400447000327655
1637,2003.11.21.03.14.03,False,0.21014108929680897,-0.11390588378906252,0.11513868197207877,0.4525,-0.653,0.16197657676125032,1.1055,2.795577249662442,0.3996229660779087,0.021029385837834015,1.2126807364743386,3.389437648805158
1638,2003.11.21.03.24.03,False,0.03998302248588126,-0.1140875,0.11706702214951006,0.522,-0.8654999999999999,0.16348015740447536,1.3875,3.199678244944187,0.6412171263123432,0.017258494388732965,1.2163459274268764,3.891096426261522
1639,2003.11.21.03.34.03,False,0.08787623203313555,-0.11489069824218749,0.11596622081197278,0.5225,-0.8009999999999999,0.1632515935465913,1.3235,3.2049026476481464,0.5494432020924147,0.014488495012106813,1.2147017928140444,3.892600677967936
1640,2003.11.21.03.44.03,False,0.13074147999788077,-0.1140922607421875,0.11459135618934746,0.5165,-0.8105,0.16171791475825995,1.327,3.200728621732317,0.6351809556316081,0.017790290780659145,1.2136631063344179,3.882515038916194
1641,2003.11.21.03.54.03,True,-0.005125514778003493,-0.1137412353515625,0.11889062467457301,0.5155000000000001,-0.8935,0.16454268543400935,1.409,3.133325569537077,0.7034682223828255,-0.017230287065674803,1.2195461874372457,3.8209501352437507
1642,2003.11.21.04.04.03,True,-0.010206605879712893,-0.1150574462890625,0.11690638990071325,0.629,-0.756,0.1640350215242354,1.385,3.8430813552467615,0.7454547527409829,-0.02131328563699038,1.2176450161563332,4.678819556615613
1643,2003.11.21.04.14.03,True,-0.016738003963379322,-0.114814990234375,0.11596161962460605,0.6105,-0.796,0.1631926821602533,1.4064999999999999,3.74394997797629,0.8455621916066973,-0.01377635752748304,1.2168770620000127,4.555283198100664
1644,2003.11.21.04.24.03,False,0.09129881985643007,-0.1148567626953125,0.11790523428322806,0.499,-0.764,0.16460495125790323,1.263,3.03369711496366,0.5980121992004992,-0.00045468805965305026,1.2172979467294043,3.692682623745103
1645,2003.11.21.04.34.03,False,0.04344911410835006,-0.1148497314453125,0.11554363362840331,0.4465,-0.9725,0.16292179427221928,1.419,2.742022088127571,0.6809626863279818,-0.022672367205515083,1.2153383236790511,3.3321872893930378
1646,2003.11.21.04.44.03,True,-0.017337396846592634,-0.11499792480468748,0.11845489968671989,0.5505,-0.7995,0.1650987744078536,1.35,3.3365767712175787,0.6983908620386599,-0.05833376686202332,1.2207705016110837,4.074019619084897
1647,2003.11.21.04.54.03,False,0.13854307398093696,-0.1146468017578125,0.11696531249629075,0.481,-0.753,0.16379260678991742,1.234,2.9400836044987146,0.5615409473313837,-0.012943188430379964,1.2159831115792394,3.574578817118298
1648,2003.11.21.05.04.03,False,0.093329137708978,-0.11410390625,0.11604436484014119,0.557,-0.796,0.16275770285106206,1.353,3.4291408267150674,0.6021277482575176,0.017274661293900796,1.2147113051737466,4.162708531373514
1649,2003.11.21.05.14.03,False,0.029874929421832896,-0.1145923828125,0.117218990550096,0.636,-0.7155,0.1639396298690372,1.3515000000000001,3.892827881771775,0.6266878185470663,0.021006475598249197,1.2156380883329752,4.727911638967497
1650,2003.11.21.05.24.03,False,0.1328183721883297,-0.11457158203125001,0.1148306818051507,0.5065,-0.8315,0.16221783508569548,1.338,3.1200408377435087,0.5324264121392774,-0.011904389749431836,1.2151855054823666,3.7921140586956223
1651,2003.11.21.05.34.03,True,-0.014105379599929413,-0.1144515380859375,0.11747561805688553,0.675,-0.7505,0.16402860142206144,1.4255,4.126272831814422,0.748530821265073,0.018951373603158572,1.217014012699448,5.019198721083287
1652,2003.11.21.05.44.03,False,0.15563811963848406,-0.1147876953125,0.11449786997856012,0.5015000000000001,-0.652,0.16214607158523311,1.1535000000000002,3.0914277075268446,0.39240105854364393,0.02881816823376978,1.2118201769324466,3.7465031177920434
1653,2003.11.21.05.54.03,False,0.07448220689431806,-0.11394970703125,0.11618124203925799,0.5335000000000001,-0.8225,0.1627435094102977,1.356,3.277765327435287,0.630010282705064,-0.01372511981225887,1.2166352563405567,3.987981691314775
1654,2003.11.21.06.04.03,False,0.17243190923744833,-0.1140832763671875,0.11447226241928077,0.5455,-0.6815,0.16163596072724906,1.2269999999999999,3.38358889449717,0.5165199960336688,0.024463791068587627,1.2128970646970836,4.100664463277431
1655,2003.11.21.06.14.03,True,-0.014434122644011005,-0.11444384765625,0.11762388149966402,0.5885,-0.857,0.16412169214405442,1.4455,3.5964993679959143,0.8666185293647837,0.0335096714988695,1.2155513159279376,4.371291128692812
1656,2003.11.21.06.24.03,False,0.2072476965667615,-0.1140087158203125,0.11513918883290174,0.48850000000000005,-0.747,0.16204425865709776,1.2355,3.012730087572934,0.4488138980424665,0.007986204606899599,1.2146648266052773,3.6596888771977336
1657,2003.11.21.06.34.03,True,-0.07260898315113529,-0.11430078125,0.11558185295125518,0.8195,-1.1804999999999999,0.1625627047469254,2.0,5.047143783157478,1.5290593327718052,-0.008580606216546032,1.2150193314220847,6.132845130916348
1658,2003.11.21.06.44.03,True,-0.05371583565192706,-0.1148911865234375,0.11668958855364439,0.5675,-0.962,0.16376011755418485,1.5295,3.463766136710476,1.0270870001190915,-0.03330064407540772,1.2165070408654943,4.213273904266552
1659,2003.11.21.06.54.03,True,-0.021251763872594198,-0.11519924316406249,0.11905133351480346,0.5115000000000001,-0.892,0.16566632262579678,1.4035,3.089217724105444,0.8007489042002445,-0.03273737077918764,1.219277890113708,3.766469184021939
1660,2003.11.21.07.04.03,False,0.11526961008288761,-0.1150845703125,0.11658294685822893,0.525,-0.6895,0.16382201822001322,1.2145000000000001,3.2083330763546565,0.41469685645679455,-0.006993284052378647,1.2151239822372681,3.897077173671498
1661,2003.11.21.07.14.03,False,0.11974469770125029,-0.114681494140625,0.11642865684826548,0.5155,-0.7290000000000001,0.16343249188174563,1.2445,3.149993385450106,0.5606910853066358,-0.019060586341233948,1.2169614768773553,3.834670999179135
1662,2003.11.21.07.24.03,True,-0.016042282209476677,-0.11495334472656249,0.11817133481583579,0.604,-0.8315,0.16486079900495368,1.4355,3.6632179997694125,0.7165632677795946,-0.007938478588441706,1.2173914081541066,4.459438885635055
1663,2003.11.21.07.34.03,False,0.10183683784200148,-0.11379921875,0.11748646993388656,0.5469999999999999,-0.7115,0.16358494545362207,1.2585,3.340847316714404,0.5400169480191368,0.043016299569473095,1.213847094482779,4.056313756141187
1664,2003.11.21.07.44.03,False,0.12787909041135592,-0.1143819091796875,0.11732293749417608,0.505,-0.7384999999999999,0.1638681765970585,1.2435,3.0827143084442596,0.5242618461356823,0.00631303562070842,1.21672520858831,3.750517042447396
1665,2003.11.21.07.54.03,False,0.1400350097460919,-0.114352978515625,0.11780858808283542,0.45799999999999996,-0.7335,0.16418874229951105,1.1915,2.7908014228396167,0.5625966863978891,-0.005495148582789102,1.216297183896517,3.3940908370539966
1666,2003.11.21.08.04.03,False,0.19584043198692885,-0.114127001953125,0.11429520321913228,0.5175000000000001,-0.7275,0.16153107755807894,1.2449999999999999,3.2104214515254856,0.4949672468096633,0.006709241032311786,1.2142299946607986,3.8961911744120425
1667,2003.11.21.08.14.03,False,0.10233797490387209,-0.114629638671875,0.1175070716312192,0.497,-0.8055,0.16417351119523826,1.3025,3.030085764219924,0.5487069489088527,-0.02298485734535345,1.2168121378823602,3.686430594817457
1668,2003.11.21.10.29.21,False,0.08436908355648587,-0.112581201171875,0.11784544685385585,0.498,-0.7205,0.16298912742454963,1.2185,3.057284427748317,0.6202068067621973,-0.009465111445895128,1.2201928298648679,3.730187507796705
1669,2003.11.21.10.38.36,True,-0.03838285463746871,-0.1142336181640625,0.11935934762945724,0.659,-0.785,0.1652174496913216,1.444,3.9925242699249517,0.7320220274447482,-0.009064465474043543,1.2199858924548441,4.87009999885198
1670,2003.11.21.10.48.36,False,0.13650245232072766,-0.1146515625,0.11782635749811947,0.448,-0.78,0.16440557043470472,1.2280000000000002,2.727070068203166,0.5248344264837885,0.009735872585568036,1.2156605010631822,3.3156244669837367
1671,2003.11.21.10.58.36,False,0.04826876863531515,-0.1155931640625,0.11598113610487176,0.6045,-0.625,0.16375785431052453,1.2295,3.7012712333771445,0.45803875290036333,0.021485782681245486,1.212906495975345,4.487594098786419
1672,2003.11.21.11.08.36,False,0.1255943665995891,-0.11481325683593752,0.11625425561583991,0.5235,-0.7115,0.16340754639910143,1.235,3.2078857772659535,0.4728699082951786,0.010791916891323217,1.2119890410555894,3.8869434808845185
1673,2003.11.21.11.18.36,False,0.030624224044915715,-0.11479467773437499,0.11812508664460492,0.5565,-0.853,0.16471653867588143,1.4095,3.3829796852246026,0.6303831738620616,-0.00954597878499977,1.2166787505707057,4.116444754345695
1674,2003.11.21.11.28.36,False,0.05542199512682455,-0.115318896484375,0.1183305890776778,0.5065,-0.8285,0.1652397294378054,1.335,3.0663231362129397,0.6293288198880918,0.013963508218614603,1.2164301922369734,3.7297418167579997
1675,2003.11.21.11.38.36,True,-0.08110155663468377,-0.114348486328125,0.11532022383697993,0.7205,-0.9205,0.16241521838430273,1.641,4.452138871395917,0.9151410223294403,-0.028845374022697434,1.2181627707500442,5.419258857111305
1676,2003.11.21.11.48.36,True,-0.0390666527493585,-0.11496103515625,0.11810243732361236,0.6054999999999999,-0.869,0.16482048630394272,1.4745,3.673337202411576,0.7478751263275234,-0.01929069073361522,1.218231275791914,4.474900215742585
1677,2003.11.21.11.58.36,False,0.13380931070017438,-0.11679912109375,0.11432839816548304,0.4225,-0.7789999999999999,0.163454365332925,1.2015,2.5877559483777866,0.44503905778357944,-0.004918190398519015,1.2108229942443725,3.1332361775730133
1678,2003.11.21.12.08.36,False,0.17415009089200117,-0.11417131347656251,0.11624649970033883,0.45399999999999996,-0.718,0.16294055447353328,1.1720000000000002,2.7873685607729954,0.3860588392890334,-0.004163450898861066,1.2144080454471706,3.3843817103739346
1679,2003.11.21.12.18.36,False,0.14540495388169777,-0.11385231933593748,0.11628639696431595,0.481,-0.613,0.16275376399725427,1.0939999999999999,2.9572840045590327,0.4645743227658017,0.025221416202500874,1.2150753732176345,3.592752882135736
1680,2003.11.21.12.28.36,True,-0.06272482142103031,-0.1152323486328125,0.1185263221099187,0.6445000000000001,-0.862,0.16531456967607105,1.5065,3.896240584240229,0.8200274972113413,-0.019011444506179507,1.217084797485939,4.743863550792846
1681,2003.11.21.12.38.36,False,0.21146723453482696,-0.1145267333984375,0.11518267618080472,0.4665,-0.6995,0.16244314231922277,1.166,2.8735542387943287,0.47319510769741235,-0.004797014751321264,1.2154513047590678,3.492231662793256
1682,2003.11.21.12.48.36,True,-0.07524331968411735,-0.114739794921875,0.11677372963530347,0.6675,-1.0534999999999999,0.1637288439729458,1.721,4.093147311387311,0.8937600870492233,-0.01667006472905443,1.2178435952436844,4.9816424790899845
1683,2003.11.21.12.58.36,True,-0.08223312221755408,-0.11559279785156251,0.11788255814678177,0.9165,-0.802,0.16510181085959277,1.7185,5.555305882812105,0.9170916971110992,0.04641922542554189,1.2152082884809894,6.750769343958096
1684,2003.11.21.13.08.36,True,-0.058503430063504225,-0.11472338867187501,0.11656439958729026,0.5894999999999999,-1.046,0.16355559898745475,1.6355,3.6042062578294987,0.9109912305907506,-0.044884196294184026,1.2174790522008718,4.388059807354917
1685,2003.11.21.13.18.36,True,-0.004581272441736006,-0.11443647460937499,0.11810045918561725,0.618,-0.7949999999999999,0.1644705546102948,1.413,3.758880553601911,0.6708740816489942,-0.01280925247100545,1.2190674743499528,4.581962197462641
1686,2003.11.21.14.58.36,False,0.11792098480970281,-0.11480837402343749,0.11030413268227082,0.4235,-0.6910000000000001,0.15922225693102324,1.1145,2.6591474232939323,0.3274605208352326,0.012452379928197393,1.207872194122186,3.2120937991582457
1687,2003.11.21.15.08.36,False,0.1493135274764189,-0.11534450683593751,0.11185472536640512,0.427,-0.7455,0.16068379295496282,1.1724999999999999,2.652152461480506,0.385858511498786,0.0017785624908323154,1.2084718537986556,3.205687198975421
1688,2003.11.21.15.18.36,False,0.1494317718474264,-0.1149703857421875,0.11112424337956711,0.41100000000000003,-0.6865,0.15990828749263586,1.0975,2.5647350673030553,0.3628594259645488,-0.0025437496651623138,1.2101661905707783,3.104958415896543
1689,2003.11.21.15.28.36,False,0.15654923442342283,-0.11524350585937501,0.11353443888667103,0.532,-0.7145,0.16178520254563797,1.2465,3.2927147229519758,0.5134208786516887,0.01506919870814764,1.2114497236305457,3.9882889869967997
1690,2003.11.21.16.40.54,False,0.20192337520622716,-0.11420903320312498,0.11377012741366627,0.503,-0.724,0.16121618498866447,1.2269999999999999,3.1275877748430485,0.49806212154787466,-0.006349611835720338,1.2135727496337858,3.7939255744536777
1691,2003.11.21.16.46.56,False,0.023519915650167977,-0.1158022216796875,0.11549557875793709,0.597,-0.7775000000000001,0.16356642786263303,1.3745,3.6575256700842154,0.6607136803203426,0.024304014141984156,1.2110683682018715,4.427194638931452
1692,2003.11.21.16.56.56,False,0.07957422351315768,-0.11711147460937499,0.11797970152538309,0.5435,-0.754,0.16625018528856145,1.2974999999999999,3.2732322621061805,0.6179561317930764,-0.009832867659346815,1.2156733240097999,3.978197458251202
1693,2003.11.21.17.06.56,False,0.06896620844127099,-0.11680712890625002,0.11598772185451964,0.4825,-0.8545,0.16462741884846777,1.337,2.9307490223582615,0.5815554457765477,-0.01783841652428462,1.2129712081409239,3.5549344370063136
1694,2003.11.21.17.16.56,False,0.13790451527112108,-0.1150419677734375,0.11723815641916445,0.46399999999999997,-0.6970000000000001,0.16426906027290505,1.161,2.8298724127538746,0.4729315276526551,0.02072958488955962,1.2137889810326934,3.433726368850099
1695,2003.11.21.17.26.56,True,-0.07733745926023339,-0.116322607421875,0.11648130369196197,0.685,-0.8605,0.16462836110541074,1.5454999999999999,4.169482014266916,0.7459176419045195,-0.007281461267892232,1.215956887411962,5.068503563233575
1696,2003.11.21.17.36.56,False,0.15050608086155942,-0.11536896972656249,0.11592390073534631,0.46299999999999997,-0.746,0.16356023931727487,1.209,2.8338410425219216,0.549882034274628,-0.0019374221035920961,1.2128636417035175,3.436549131679293
1697,2003.11.21.17.46.56,False,0.09427053104885341,-0.1148163330078125,0.11305881705407389,0.5165,-0.808,0.16116268638787612,1.3245,3.208579506201434,0.4300547562854762,0.015487613123860568,1.2093869215731132,3.879710106552912
1698,2003.11.21.17.56.56,False,0.03628423261571212,-0.11685510253906249,0.1177743519663775,0.531,-0.8555,0.16593323952317474,1.3864999999999998,3.190538526710314,0.5614826056910378,0.009619643972577767,1.2124004490058709,3.8714113075801393
1699,2003.11.21.18.06.56,False,0.07962198080902383,-0.1147709716796875,0.11572549833402697,0.5740000000000001,-0.7815000000000001,0.1630098844628963,1.3555000000000001,3.5253098051348815,0.6179264470221688,0.011188920794927925,1.2129491443573852,4.2746495400026365
1700,2003.11.21.18.16.56,False,0.1709850070146598,-0.11401430664062501,0.11606121509229832,0.47250000000000003,-0.6665000000000001,0.16271432769776212,1.139,2.9037741990226116,0.4181911439981143,0.022713645989332933,1.2135894657753044,3.5240146450555554
1701,2003.11.21.18.26.56,True,-0.02446950322273511,-0.11621667480468749,0.11662152815492094,0.692,-0.709,0.1646587281578056,1.4009999999999998,4.201085565785173,0.5545791133637425,-0.009271650675739596,1.2146592350900716,5.103087356758566
1702,2003.11.21.18.36.56,False,0.015053172922458335,-0.11511921386718749,0.11488693260551879,0.5725,-0.884,0.16265244767263176,1.4565000000000001,3.5096516152531425,0.6626899956809369,0.001018114073005857,1.2127684869629711,4.258431036356471
1703,2003.11.21.18.46.56,True,-0.004396825569418672,-0.1150760009765625,0.11604904765120308,0.659,-0.7495,0.16345562998485352,1.4085,4.053577308255463,0.7024196608311515,-0.021885314661861204,1.2154656334656415,4.923282022699884
1704,2003.11.21.18.56.56,True,-0.04818792217941126,-0.115792333984375,0.1184062354440639,0.6385,-0.8069999999999999,0.1656370960715595,1.4455,3.860069329065852,0.7442620646329727,-0.024893273520050548,1.2175488322568664,4.698383202822907
1705,2003.11.21.19.06.56,False,0.1324595693954348,-0.1141722412109375,0.11539905688056051,0.5355000000000001,-0.7595,0.1623577660119509,1.295,3.3000099874571847,0.5633399813389286,-0.009465752522324233,1.2160713835378454,4.0124277368824135
1706,2003.11.21.19.16.56,False,0.18005666432020473,-0.11379133300781251,0.11563944180736414,0.471,-0.73,0.16225923441143528,1.201,2.9044579053762267,0.463599751287898,-0.025443496518282423,1.2176656396517318,3.5361041032162315
1707,2003.11.21.19.26.56,False,0.19545892987498548,-0.11514074707031251,0.1148420053801249,0.4565,-0.736,0.16264515412718442,1.1925000000000001,2.812527510924143,0.5000887952677981,-0.01219697884807329,1.2119318176511427,3.4066079323779617
1708,2003.11.21.19.36.56,False,0.15940504154570684,-0.11475788574218751,0.11521035358117014,0.5065,-0.7324999999999999,0.16263446358166125,1.2389999999999999,3.1089781884339236,0.5505452853233606,0.012933837018971958,1.2143516552124582,3.776645825083061
1709,2003.11.21.19.46.56,False,0.15613649866248325,-0.113646142578125,0.11575344665836361,0.505,-0.7424999999999999,0.16222293454178915,1.2475,3.114297661981828,0.5225070357818062,0.015958205905418008,1.2158907763648146,3.7864611686385317
1710,2003.11.21.19.56.56,True,-0.007075538175705831,-0.11536162109375,0.11702582424529229,0.546,-0.8725,0.16434393986357923,1.4184999999999999,3.3279497836571665,0.6923580606165847,0.03609184643861831,1.2131308501685827,4.036882534426209
1711,2003.11.21.20.06.56,False,0.09968480024831494,-0.11432958984375,0.11543099149979263,0.52,-0.8105,0.16248389784843498,1.3305,3.205834701740182,0.633278937302943,-0.024486203026659475,1.215447128821686,3.894893801843198
1712,2003.11.21.20.16.56,False,0.018352821424545418,-0.11477719726562499,0.11708913784790442,0.585,-0.8275,0.16397843292161712,1.4125,3.5707876882656384,0.5877518517084175,-0.02555802650739414,1.2173756843863566,4.346228025311088
1713,2003.11.21.20.26.56,False,0.057793701534749276,-0.1165438720703125,0.11781453007474707,0.5665,-0.7755000000000001,0.16574499626837533,1.342,3.421691486579104,0.5174142944263449,0.018437306697772715,1.2133081395385696,4.151336747148285
1714,2003.11.21.20.36.56,False,0.05720808225540819,-0.11492841796875,0.11796853322509596,0.504,-0.8315,0.164716986784958,1.3355000000000001,3.0619897407885537,0.6517074072229652,0.01803794490104287,1.2141552412675123,3.716844394905939
1715,2003.11.21.20.46.56,False,0.1213297696627405,-0.11532534179687501,0.11661013259543673,0.4955,-0.729,0.1640313162818512,1.2245,3.029949627202403,0.4533986593292383,-0.009442342593965786,1.2146584373145086,3.6768723017725717
1716,2003.11.21.20.56.56,False,0.1112726454405466,-0.11564897460937501,0.11679210377380267,0.427,-0.8069999999999999,0.16437706563586518,1.234,2.597330404227014,0.46664017889338916,0.005944134481092555,1.214356242431947,3.1542027427508454
1717,2003.11.21.21.06.56,False,0.025002953602756506,-0.114299755859375,0.1164614636998706,0.526,-0.9915,0.16320820934521546,1.5175,3.234887944223059,0.5304608643861715,-0.031082595892413332,1.2162071149839169,3.932078444692742
1718,2003.11.21.21.16.56,False,0.08165711526351593,-0.115201513671875,0.11560484875860878,0.5715,-0.7545,0.16322244748904974,1.326,3.5065877909945966,0.5489792534307165,0.014552721792895601,1.212635828019383,4.250185029413091
1719,2003.11.21.21.26.56,False,0.034257141188828055,-0.1159570556640625,0.11656495559614151,0.5335,-0.8225,0.16444246370105947,1.3559999999999999,3.2494119028213557,0.6053820522745901,0.03446016437487053,1.210902238434131,3.93330461838039
1720,2003.11.21.21.36.56,False,0.0911829807804373,-0.11448920898437501,0.11735128956345439,0.4455,-0.72,0.16397857987324854,1.1655000000000002,2.7175855610196673,0.3755549567766756,-0.032524804023706146,1.2190152184490544,3.312535843980707
1721,2003.11.21.21.46.56,False,0.14534889025476289,-0.114653076171875,0.11839736490604497,0.4465,-0.7444999999999999,0.16483669738035361,1.191,2.7088164374846606,0.38954083798097905,0.011793306768265385,1.2138572516240085,3.2880945222473086
1722,2003.11.21.21.56.56,False,0.07393299247915475,-0.11535573730468748,0.11997282309763796,0.531,-0.7765,0.16644886471652537,1.3075,3.192267772715037,0.5018446203190399,0.005995467972025469,1.217831295989511,3.8870674498435465
1723,2003.11.21.22.06.56,False,0.11491496356010711,-0.11480827636718749,0.1191366486974233,0.4575,-0.7689999999999999,0.16547048357728106,1.2265000000000001,2.764717416226553,0.5059454428295602,-0.026804363373070413,1.2181153669895393,3.3677641115769457
1724,2003.11.21.22.16.56,False,0.12215115882133021,-0.114416943359375,0.11805913149355754,0.508,-0.7155,0.16441968596276843,1.2235,3.091321271060133,0.4557587209116496,-0.011824316042039843,1.2163980440547273,3.759885769063033
1725,2003.11.21.22.26.56,False,0.11645146457675726,-0.11472814941406248,0.12006589416010327,0.4665,-0.775,0.16608707287730864,1.2415,2.8122050227432904,0.360168140955345,0.019644207649555778,1.215848395827093,3.418494087450748
1726,2003.11.21.22.36.56,False,0.06383002451956243,-0.11486213378906251,0.11915173491589312,0.5795,-0.758,0.16552476775600514,1.3375,3.4944669283461143,0.5369195695423166,0.010555780597523092,1.2170691448515676,4.2548119046167425
1727,2003.11.21.22.46.56,True,-0.07393075745649202,-0.11451889648437502,0.11942968610789262,0.646,-0.964,0.1654775368398272,1.6099999999999999,3.9044380040908058,0.8862646897180091,-0.022809775848368113,1.220081230275896,4.763724689233612
1728,2003.11.21.22.56.56,True,-0.10257454720822701,-0.11493173828125,0.11888194516781189,0.7105,-0.946,0.16538313869455756,1.6564999999999999,4.293987554980779,0.9688610143412639,0.0005003673530207782,1.217871936234155,5.229921197479673
1729,2003.11.21.23.06.56,False,0.04432358606277231,-0.11477753906249999,0.11719072306302533,0.6005,-0.7825,0.16404446320471078,1.383,3.6702467741687803,0.644490331919152,-0.0005797081969678613,1.2150429993555794,4.457231699933992
1730,2003.11.21.23.16.56,False,0.07132290641468664,-0.1148416748046875,0.11982597962854874,0.548,-0.784,0.16598845869193546,1.3319999999999999,3.3051469722116007,0.5473649442029549,0.0007686009395588504,1.2175451862100204,4.022995784026407
1731,2003.11.21.23.26.56,False,0.09825198598881546,-0.114581591796875,0.11790020194249926,0.3885,-0.759,0.16442652067252636,1.1475,2.362585880472534,0.42739364005036795,-0.013553205983874102,1.2165431662286847,2.8742115504059864
1732,2003.11.21.23.36.56,False,0.1280321001779271,-0.11445087890625,0.11788105520526335,0.486,-0.7935,0.16431441806241903,1.2795,2.9669467478042515,0.4640265327283277,-0.0034229238764750484,1.2148934555201718,3.6032471999118565
1733,2003.11.21.23.46.56,True,-0.05721063983973462,-0.11403623046875,0.11783147194896301,0.679,-0.9425,0.16400362380061775,1.6215,4.152952418224107,0.6631067675303717,-0.00019346777815239594,1.2157158107679111,5.043922425950505
1734,2003.11.21.23.56.56,False,0.15936749052699134,-0.1144570068359375,0.11538299572738839,0.503,-0.775,0.16253529249528384,1.278,3.089024104048995,0.4644945390905997,0.004781580270287045,1.2123503297145233,3.7462024786985233
1735,2003.11.22.00.06.56,False,0.14599703723819085,-0.114342724609375,0.1166372185555922,0.513,-0.7055,0.16336284135584375,1.2185000000000001,3.141136525064827,0.4346259559277752,0.005617830143662936,1.2143350127846575,3.8141499170668434
1736,2003.11.22.00.16.56,False,0.17047636068582261,-0.11463544921874999,0.11584418550404821,0.42600000000000005,-0.7605,0.16300003476877833,1.1865,2.618019645940019,0.4384749774971033,0.01923092893005058,1.21174172102409,3.1717713182351743
1737,2003.11.22.00.26.56,True,-0.019410643627381763,-0.115018603515625,0.11743327618218768,0.646,-0.841,0.16439951338563744,1.487,3.9434506072367608,0.5461865606819494,-0.022273258496285257,1.215695157953848,4.790909336840024
1738,2003.11.22.00.36.56,False,0.11394207430123948,-0.11449521484375,0.1179167827496849,0.442,-0.7275,0.1643704954997129,1.1695,2.6887104476067902,0.504494319531559,-0.03562065078877038,1.2176611000660542,3.274097053383276
1739,2003.11.22.00.46.56,True,-0.036506355713704086,-0.1147459716796875,0.11896308174383946,0.6165,-0.907,0.16530242025134956,1.5234999999999999,3.730875339690936,0.6907384380799411,0.011422811887281758,1.217646713002598,4.542508800240162
1740,2003.11.22.00.56.56,False,0.11040732192829139,-0.115355029296875,0.12075054602286028,0.475,-0.663,0.16702111158314023,1.138,2.847784437129389,0.3945566106478642,0.02104794325464344,1.2164812258487898,3.462911066320091
1741,2003.11.22.01.06.56,False,0.07588515970036525,-0.11473391113281249,0.11983212743754285,0.4285,-0.856,0.16591981382087334,1.2845,2.5857783554000022,0.5729233996341356,-0.029578727685523575,1.2172268082849789,3.1467060912949076
1742,2003.11.22.01.16.56,False,0.09344898040844662,-0.1147622802734375,0.1200330124498367,0.5275,-0.6935,0.16608182017655296,1.221,3.172464630763268,0.4817782282474461,0.020395346548322254,1.217534785116182,3.863320674772878
1743,2003.11.22.01.26.56,False,0.14029060858796388,-0.11420644531249999,0.11723795589766095,0.48850000000000005,-0.7785,0.1636893175555326,1.267,2.981029281638472,0.5172982341389438,-0.009132931053325086,1.2153154817496576,3.623176404483327
1744,2003.11.22.01.36.56,False,0.10532994578781563,-0.114121435546875,0.11718359924369992,0.48850000000000005,-0.8140000000000001,0.16358607503603395,1.3025,2.990705812578917,0.5357509077728515,0.02319351237465474,1.2142177629392974,3.6305254685361694
1745,2003.11.22.01.46.56,False,0.05557500350101108,-0.1148101318359375,0.11980965040877356,0.581,-0.756,0.1659535066559839,1.3370000000000002,3.5059950291355197,0.5470759176819235,0.021192518111557843,1.2171685274971806,4.26665182435627
1746,2003.11.22.01.56.56,False,0.09577651508338425,-0.11652038574218751,0.11829500045030379,0.5435,-0.736,0.16606536907645209,1.2795,3.2775935910415335,0.5080116069084828,0.0007410466387145574,1.214306373683059,3.9788777713371366
1747,2003.11.22.02.06.56,False,0.057464582188295976,-0.114671142578125,0.11884846541490321,0.5835,-0.6539999999999999,0.16516128544787523,1.2374999999999998,3.540629383881728,0.40191414177354545,0.025855052027066998,1.2160827577735338,4.304929382023417
1748,2003.11.22.02.16.56,False,0.15195201778586126,-0.1139487548828125,0.11679351176034343,0.415,-0.7495,0.16318994869842945,1.1644999999999999,2.543209406234547,0.45899785616389255,-0.0038884379495809375,1.215137537931731,3.0903163466199466
1749,2003.11.22.02.26.56,False,0.016531525847021,-0.11565703125,0.1193306429052563,0.6165,-0.7849999999999999,0.16618827882815534,1.4015,3.715118186510028,0.545208157453267,0.007622063658621707,1.2163024709711137,4.517378707566206
1750,2003.11.22.02.36.56,False,0.034743429308019214,-0.11503000488281251,0.11894234920201135,0.52,-0.857,0.16547378349774916,1.377,3.1425196332495746,0.6093452048777239,-0.009426192955763786,1.218607285818896,3.829492730597687
1751,2003.11.22.02.46.56,False,0.0726758615628268,-0.114342041015625,0.11737777796537241,0.569,-0.7725,0.16388123449571468,1.3415,3.4835214007904507,0.5922424039360592,-0.005496644423138818,1.2167733228521294,4.236276515843465
1752,2003.11.22.02.56.56,False,0.10717167783478299,-0.1151149169921875,0.1150617839753276,0.5175,-0.7605,0.16277343568546426,1.278,3.184431237547138,0.4396730017650905,0.03852639650573665,1.2112199501791219,3.856383634173958
1753,2003.11.22.03.06.56,False,0.049165119143835256,-0.1147306396484375,0.12080489580580853,0.505,-0.835,0.16661416117726785,1.34,3.0300982367741507,0.609473185490438,-0.0036613435737279307,1.2200390975482889,3.6968788110672994
1754,2003.11.22.03.16.56,False,0.15412068910106919,-0.11488613281249999,0.11495691039615547,0.45899999999999996,-0.747,0.16255843226481198,1.206,2.8222603014397425,0.3333446620343026,0.02921146990836649,1.2111064244021499,3.4184219923993355
1755,2003.11.22.03.26.56,True,-0.09721466696292436,-0.11518046874999999,0.11944340356895591,0.713,-1.1560000000000001,0.1659438388674156,1.869,4.30339153963134,1.3107485938875667,0.00023411444046558295,1.2169745396600202,5.235227702058449
1756,2003.11.22.03.36.56,False,0.12175703288342621,-0.11453935546874999,0.11738682376746182,0.46299999999999997,-0.8085,0.16403169547431387,1.2715,2.8241691546979464,0.5063670791169124,-0.03137650708822749,1.2169608521476842,3.4365281699810515
1757,2003.11.22.03.46.56,True,-0.10895892323990208,-0.11515236816406249,0.11885862262830282,0.7919999999999999,-1.0645,0.1654952600952695,1.8565,4.803714099721622,1.2917650563603715,-0.018340402078727627,1.2188566063388362,5.850827118469781
1758,2003.11.22.03.56.56,False,0.06177840138223423,-0.11571787109375001,0.11806147625860021,0.5569999999999999,-0.8225,0.1653232600108923,1.3795000000000002,3.3743940563806225,0.5559001467559597,0.00668518231289156,1.214820276609522,4.098656021248763
1759,2003.11.22.04.06.56,False,0.041915392182582556,-0.1142668212890625,0.11776950848072656,0.6265000000000001,-0.708,0.16411939356547064,1.3345,3.830454012832207,0.48595137827252266,0.023234458453683354,1.2162895849628983,4.655727103857387
1760,2003.11.22.04.16.56,True,-0.02748805225601958,-0.1127612548828125,0.11847645488548367,0.504,-1.0425,0.16356076646190548,1.5465,3.081256141313838,0.8003872650268644,-0.011920877418390319,1.2188167059039312,3.755435584716012
1761,2003.11.22.04.26.56,False,0.1835540801202203,-0.1148989990234375,0.11509521164680245,0.47,-0.7335,0.16264435622068973,1.2035,2.893489143279554,0.37980753127716205,-0.019652501115324777,1.2152249695104707,3.515290771313886
1762,2003.11.22.04.36.56,True,-0.10182413763837295,-0.11458747558593749,0.11949374940200733,0.7875,-0.9155,0.16556410701542446,1.703,4.786749005516015,0.9136901218126294,0.02063303438499147,1.2191174861886442,5.830997572489796
1763,2003.11.22.04.46.56,False,0.15919539873858057,-0.11396398925781251,0.11631004108312329,0.4435,-0.7895,0.1628556329545019,1.233,2.7253085140799307,0.47772338084571686,-0.002677076266817624,1.215980924038793,3.313159322257932
1764,2003.11.22.04.56.56,False,0.07724443844549211,-0.1162092041015625,0.11968290505756388,0.5405,-0.6845,0.1668240873051941,1.225,3.2448575800448927,0.45237140008494126,-0.006901844197010987,1.2168413037175339,3.9484514488045424
1765,2003.11.22.05.06.56,False,0.09847662426055226,-0.113809716796875,0.1159050309018264,0.5555,-0.7835,0.16245256740402808,1.339,3.4238534263802824,0.5713676376533214,0.009015207930079032,1.216490301624746,4.16430883991549
1766,2003.11.22.05.16.56,False,0.05611295792516313,-0.11395964355468749,0.11758790411214896,0.515,-0.861,0.16375648894454078,1.376,3.1481679134806764,0.5397551904259636,-0.01275988034450674,1.218330645259103,3.834725708924317
1767,2003.11.22.05.26.56,False,0.054878009427826724,-0.11542094726562499,0.11886188289108243,0.5895,-0.769,0.1656830374421394,1.3585,3.561368387062653,0.5684624603146209,0.01633220873118942,1.2155781148039102,4.328448579528857
1768,2003.11.22.05.36.56,False,0.10768520231262924,-0.11414440917968749,0.11593898676585168,0.508,-0.8265,0.16271706873346126,1.3345,3.125226241407014,0.5266640523775687,-0.0003695277627875273,1.2152489745272415,3.7967807829690443
1769,2003.11.22.05.46.56,False,0.02575049992266576,-0.1148300048828125,0.1181580068803503,0.624,-0.758,0.1647715458350132,1.382,3.7995747753048867,0.6201968838595586,0.01539088467154666,1.2164212586686354,4.617501796715908
1770,2003.11.22.05.56.56,True,-0.036436924020047945,-0.11533469238281249,0.1185498893059232,0.5065000000000001,-1.0885,0.16540208923699504,1.5950000000000002,3.0640672882677027,1.1166952946036173,-0.0281892853868822,1.217247068270006,3.729728083846024
1771,2003.11.22.06.06.56,True,-0.04128688650065537,-0.11419096679687502,0.11716886469195736,0.5735,-0.9365,0.16362111533739698,1.51,3.4989200969497585,0.7038911061398849,-0.034369909798765974,1.218254276355042,4.2623492210700515
1772,2003.11.22.06.16.56,False,0.09486005274315579,-0.11419858398437499,0.11860524592750171,0.486,-0.808,0.1646565490086398,1.294,2.9540145025680973,0.5453514249089255,-0.018584981403740264,1.2191064666024718,3.600513235180512
1773,2003.11.22.06.26.56,False,0.1221887660697597,-0.1155538330078125,0.11729749564291791,0.426,-0.706,0.16467023136995035,1.1320000000000001,2.5867252342855966,0.38019378528053527,-0.01906890374742427,1.2152933183126984,3.14369835736035
1774,2003.11.22.06.36.56,False,0.06153239559253931,-0.11479411621093749,0.11761510804395828,0.5175,-0.8095,0.1643545611078417,1.327,3.1562873049731595,0.5264150395366074,-0.03688750853744228,1.2174757826374323,3.841256819259951
1775,2003.11.22.06.46.56,False,0.06612785720587988,-0.11415427246093751,0.11650241772410716,0.6074999999999999,-0.7625,0.16311653401853327,1.37,3.725029482979273,0.5253185348134728,0.0024972061980422667,1.2154627035589187,4.527519362611081
1776,2003.11.22.06.56.56,False,0.13366800250423871,-0.11541755371093751,0.11840701025277603,0.4685,-0.712,0.16536028994847538,1.1805,2.836914566693891,0.4736736570229805,-0.009656931872755221,1.215789346749301,3.448690299427013
1777,2003.11.22.07.06.56,False,0.10839508798681396,-0.114996875,0.11705171439096929,0.5235,-0.748,0.16409593919110932,1.2715,3.193713353934981,0.5191408250493044,0.023204155203912398,1.2134637087931268,3.874176368090316
1778,2003.11.22.07.16.56,False,0.15914224995005954,-0.113869287109375,0.11699927854917247,0.474,-0.7225,0.1632829560854115,1.1965000000000001,2.9052516824819716,0.5155513549767465,0.005938869106437914,1.216480880498446,3.5334921814416793
1779,2003.11.22.07.26.56,False,0.11462994449448105,-0.115655224609375,0.119626693220257,0.4565,-0.7175,0.16640142524396095,1.174,2.7467490552028613,0.5134550669714704,0.021419809103489763,1.216208381118955,3.3403712505990164
1780,2003.11.22.07.36.56,False,0.057424879100105075,-0.1138558837890625,0.11904030052115636,0.5945,-0.6875,0.16474917300783565,1.282,3.6087019863501695,0.626692544581043,0.023534626438058575,1.2182228559077335,4.396154293124151
1781,2003.11.22.07.46.56,False,0.1449770500153929,-0.11408212890625,0.11550013987701241,0.431,-0.7605,0.16235201582567554,1.1915,2.653152231816982,0.2921855865743339,0.00861842192713394,1.2127225379520832,3.217839050962562
1782,2003.11.22.07.56.56,False,0.01675189157754875,-0.115071826171875,0.11963160823993851,0.509,-0.8725,0.16600046093100462,1.3815,3.071364092557447,0.6051641599185633,-0.02999566449229899,1.2208709429753517,3.748626519831634
1783,2003.11.22.08.06.56,False,0.07329070870442345,-0.11540859375,0.11842303658175204,0.4955,-0.8314999999999999,0.16536223471935052,1.327,2.9961833536879867,0.5869998822506153,-0.021801192307403884,1.2174070796295329,3.6476188690272977
1784,2003.11.22.08.16.56,False,0.08912839016652496,-0.1137456298828125,0.11821073960190834,0.5215000000000001,-0.6885,0.16407087463211883,1.21,3.181916609349038,0.40682372107652687,0.036917373818103214,1.216029939899314,3.868874978881292
1785,2003.11.22.08.26.56,False,0.04675593385165577,-0.115182421875,0.11620362799330175,0.625,-0.686,0.1636230092337097,1.311,3.8197397095201326,0.437581037040357,0.011669713843565688,1.2124416350047245,4.631217719143832
1786,2003.11.22.08.36.56,False,0.13743343252048085,-0.1146569580078125,0.11709129500164403,0.477,-0.7765,0.16389596106720805,1.2534999999999998,2.9148842526316083,0.40311753584828214,-0.013629977517415997,1.215333133021327,3.541333586896605
1787,2003.11.22.08.46.56,True,-0.05187043074050035,-0.1135302001953125,0.11802692842394533,0.7835000000000001,-0.7615000000000001,0.16377896101643558,1.545,4.797141866761773,0.6852865745462935,0.06373747411788964,1.2157458371092664,5.828129919653113
1788,2003.11.22.08.56.56,False,0.0793404047038061,-0.115607568359375,0.1193062250623057,0.526,-0.7384999999999999,0.1661417560421743,1.2645,3.164095612688952,0.48782903222693297,0.004415602615388928,1.2177534801338363,3.8537239708650457
1789,2003.11.22.09.06.56,False,0.05695034387272668,-0.11512673339843751,0.118367632820928,0.475,-0.862,0.165126360381614,1.337,2.8767063252236706,0.6224211481643134,-0.029513760222793495,1.216937460427983,3.5008078529838196
1790,2003.11.22.09.16.56,False,0.023458368703718313,-0.115016357421875,0.11860210309601485,0.443,-0.9435,0.1652252835606126,1.3865,2.6802392295037167,0.6624185934349167,-0.007438244766819699,1.2168957207070998,3.26174757905258
1791,2003.11.22.09.26.56,False,0.08183791648539518,-0.11469116210937502,0.11762434850201617,0.5685,-0.718,0.16429281032694812,1.2865,3.470361175838767,0.4733001365079017,0.03657886053145534,1.2135284033459528,4.20935598830179
1792,2003.11.22.09.36.56,False,0.04485435134148685,-0.11480698242187498,0.11767190840882,0.4995,-0.8815,0.1644091966022863,1.381,3.0396379514098184,0.5636831537506708,0.020781619153999883,1.2131835958009383,3.6871916699597787
1793,2003.11.22.09.46.56,False,0.03989252639216878,-0.1144300537109375,0.1187941506927831,0.552,-0.786,0.16494880785822763,1.338,3.3532488676571583,0.6487436238104674,-0.02210967423381577,1.2197413900634402,4.0884760620099785
1794,2003.11.22.09.56.56,False,0.11778442040512549,-0.115520654296875,0.11866112791247488,0.46399999999999997,-0.712,0.1656098576106544,1.176,2.805348070796282,0.47387951500305636,0.00605836328875714,1.2168913109396367,3.4129881042907853
1795,2003.11.22.10.06.56,False,0.0347965041306838,-0.11440246582031251,0.12093181051184823,0.46499999999999997,-0.88,0.1664710890973452,1.345,2.7944841390130972,0.5444852713059796,-0.01858192649712723,1.221605878812451,3.4133361659125576
1796,2003.11.22.10.16.56,True,-0.08182232635384057,-0.11555571289062498,0.12018639424129046,0.5455,-1.466,0.1667351109888598,2.0115,3.2702924275183425,2.0322496417207745,-0.12042984973580403,1.2216497915186737,3.9955707598822316
1797,2003.11.22.10.26.56,True,-0.019871360399904447,-0.11593149414062501,0.11726551261056381,0.5935,-0.9035,0.16489941096985244,1.4969999999999999,3.6020035010592393,0.46728032380292595,-0.031070355339871507,1.2159695668476953,4.379717655250171
1798,2003.11.22.10.36.56,False,0.07680605563536935,-0.1144716552734375,0.11776738409147108,0.5860000000000001,-0.7455,0.16424670404795605,1.3315000000000001,3.5656006126196544,0.5692813617405188,-0.0077822244472569675,1.2171474167265566,4.340415022418931
1799,2003.11.22.10.46.56,False,0.011280017896111438,-0.1142351318359375,0.11807488770941534,0.513,-0.9435,0.1642944654086398,1.4565000000000001,3.1208021735240594,0.6400699972923836,-0.020997267452247004,1.2169166371789932,3.798505085470765
1800,2003.11.22.10.56.56,True,-0.014424567162565127,-0.1151007080078125,0.11910696460509276,0.6299999999999999,-0.813,0.16563430875155039,1.4429999999999998,3.8019881512995592,0.6028797538486463,0.02437468713690911,1.2173731544240134,4.628810498466391
1801,2003.11.22.11.06.56,True,-0.10594788797347776,-0.1138818359375,0.12012637402555745,0.8425,-0.817,0.16552923318812746,1.6595,5.093995366094761,0.9584503706928027,-0.017873495604612717,1.22253635675653,6.229770897080298
1802,2003.11.22.11.16.56,False,0.05636726650261781,-0.11411503906249999,0.11697225576017356,0.5935,-0.8055,0.16341977088848725,1.399,3.639731084323464,0.499231518369295,0.000647691005750281,1.214805355126951,4.42075293046807
1803,2003.11.22.11.26.56,True,-1.2442464187856217e-05,-0.11489982910156249,0.12052805386215795,0.5015000000000001,-0.858,0.1665297801986722,1.3595000000000002,3.0118263754219488,0.6001128537797777,-0.045660773121440144,1.2227258009202586,3.682652695913321
1804,2003.11.22.11.36.56,True,-0.08774141163718863,-0.1140619873046875,0.11944011729985546,0.757,-0.802,0.1651646863008681,1.5590000000000002,4.581080899124842,0.9153458730537716,0.010453773452649768,1.21975154543951,5.58905492022084
1805,2003.11.22.11.46.56,True,-0.09937209200140928,-0.114298583984375,0.12162624234255336,0.6325000000000001,-1.234,0.166907329039156,1.8665,3.7870277084809363,1.504370561665845,-0.08696626393596354,1.224026535733207,4.635245913057421
1806,2003.11.22.11.56.56,False,0.10078738300591239,-0.1152715087890625,0.11901371109550066,0.49550000000000005,-0.73,0.16569239158878699,1.2254999999999998,2.988344995507722,0.45082262987054245,-0.004737952413438502,1.2176389060867103,3.6391745079750697
1807,2003.11.22.12.06.56,True,-0.06458811912032947,-0.1136783935546875,0.11927043674476598,0.665,-0.9035,0.1647745012038329,1.5685,4.0410996391511755,0.7810380302827991,0.03239204669797513,1.2192045299513325,4.925714824124709
1808,2003.11.22.12.16.56,True,-0.12898901784429573,-0.1145446533203125,0.11936835898176722,0.7410000000000001,-0.9670000000000001,0.16544797288745317,1.7080000000000002,4.483760028231494,0.9678100453533605,-0.057633228145562,1.2231372092200008,5.483495162958733
1809,2003.11.22.12.26.56,False,0.10351985564918742,-0.1147129638671875,0.11993725625148188,0.544,-0.745,0.1659764167475591,1.289,3.2764933977350905,0.4805104672126983,0.022531462341373844,1.215791043387204,3.98375836178919
1810,2003.11.22.12.36.56,True,-0.11639562828744643,-0.113845068359375,0.12226578081359077,0.9165,-0.9764999999999999,0.16706812242199612,1.893,5.4939526173399695,1.3069849367341706,0.06992067762718926,1.2229644897934306,6.7161357476333166
1811,2003.11.22.12.46.56,False,0.12133065042428992,-0.11412314453125,0.11806276091379111,0.4285,-0.6455,0.16420685682528113,1.0739999999999998,2.6094899559482476,0.33404491934345226,0.0065125146411365315,1.2168646252489568,3.1754026385314233
1812,2003.11.22.12.56.56,True,-0.09418217006615637,-0.1151600341796875,0.12186994788858924,0.73,-0.87,0.167680101614832,1.5999999999999999,4.3583842834740185,0.7860653523207282,0.014254765452523216,1.2219625494425221,5.325509692646911
1813,2003.11.22.13.06.56,True,-0.05488995955572207,-0.114046044921875,0.11959265288150214,0.502,-1.1715,0.16525913540037884,1.6735,3.0357050185476413,1.0908780324329057,-0.04413457580436338,1.219341472311674,3.701748264982846
1814,2003.11.22.13.16.56,True,-0.07073531680122747,-0.11433388671875001,0.11993066691255423,0.6435,-0.9275,0.16570419803260908,1.571,3.885271962526053,0.7783548109361444,-0.03133337973267829,1.2204837317694897,4.7418396258545386
1815,2003.11.22.13.26.56,True,-0.10824669735363068,-0.115270166015625,0.12145501573405852,0.7715000000000001,-0.9550000000000001,0.16744908924775448,1.7265000000000001,4.611175560095761,1.0710417588033192,-0.0008819285399121832,1.221416470060451,5.631113598693554
1816,2003.11.22.13.36.56,True,-0.07277744568913003,-0.115591943359375,0.11972483541828743,0.8005,-0.8154999999999999,0.1664309668573895,1.6159999999999999,4.810842799079737,0.7152931782979282,0.015862490699632047,1.2179321454782277,5.859223005976858
1817,2003.11.22.13.46.56,True,-0.03894362353640701,-0.11472746582031251,0.12048213192833968,0.5155000000000001,-1.0325,0.1663729142878854,1.548,3.0991095531998925,0.8019343759450659,-0.02434995288591086,1.2202654574985994,3.7816681539890675
1818,2003.11.22.13.56.56,True,-0.11500538464745169,-0.1151215087890625,0.11928387252773814,0.7775000000000001,-1.3599999999999999,0.16578723412680704,2.1375,4.710036324419117,1.730804384896984,-0.03763459244690723,1.219138650239079,5.740052339547254
1819,2003.11.22.14.06.56,False,0.0636391816171119,-0.114646240234375,0.11890191670790742,0.5715,-0.747,0.16518156116874913,1.3185,3.4645967015935684,0.5071489001743144,-0.007880756180692504,1.2193189052309945,4.2234245612148476
1820,2003.11.22.14.16.56,True,-0.11192455151027558,-0.11398815917968749,0.12261158372236039,0.9655,-0.9915,0.1674195399993994,1.957,5.774141125184849,1.3575726395473715,0.052286189957015484,1.2238956647000903,7.066565201645718
1821,2003.11.22.14.26.56,True,-0.11731888733748785,-0.11507302246093751,0.12009505724954861,1.383,-0.9664999999999999,0.1663361425481182,2.3495,8.333532591046263,2.9826949865967496,0.146297724744431,1.2196145541022654,10.159836794140496
1822,2003.11.22.14.36.56,True,-0.10649674624903671,-0.114432421875,0.12099920689255658,0.8265,-0.87,0.16654124469552573,1.6965,4.980029394052675,1.0411584896979609,0.015327547680251245,1.2212848610963396,6.083361848125676
1823,2003.11.22.14.46.56,True,-0.095220826876532,-0.1139688232421875,0.11974839053376268,0.88,-0.784,0.16532428614661482,1.664,5.332954059863995,1.0530927654430426,0.05099495591700734,1.2197465642013487,6.498119392153942
1824,2003.11.22.14.56.56,True,-0.08658751403314968,-0.1160501220703125,0.12155068024842433,0.532,-1.316,0.16805785056151118,1.848,3.1657240521995194,1.4900786360710587,-0.1316289554402866,1.2230593925009212,3.87186647246683
1825,2003.11.22.15.06.56,True,-0.09937209200140928,-0.11433828125,0.12007969971014437,0.632,-1.3975,0.16581117110979954,2.0295,3.8070032429139027,1.9938807535051761,-0.09000672905861945,1.2208821867184283,4.64707322973429
1826,2003.11.22.15.16.56,True,-0.12848236836634574,-0.1147135986328125,0.1229192180229623,0.831,-1.3515000000000001,0.16813405051776786,2.1825,4.94374778277957,2.290851540655625,-0.07869081723926653,1.2252368877868063,6.058035228914866
1827,2003.11.22.15.26.56,True,-0.11285780451608152,-0.1159845458984375,0.1198518988332819,1.1925,-0.8340000000000001,0.1667880699234523,2.0265,7.158430323463329,1.8214487734178526,0.11143105925613189,1.2191717088987228,8.726596965102926
1828,2003.11.22.15.36.56,True,-0.11589749644274894,-0.11440478515625,0.12253075436383573,1.3199999999999998,-1.4015,0.16763772522646359,2.7215,7.878928360603502,3.744757406090957,0.07256751930097063,1.2273022074437172,9.670076446843876
1829,2003.11.22.15.46.56,True,-0.09556017744010581,-0.1151982421875,0.12046095820705555,0.6285000000000001,-1.659,0.1666803836695261,2.2874999999999996,3.76793021942419,4.024125273114395,-0.19881802268037693,1.2203343907975461,4.597361775281909
1830,2003.11.22.15.56.56,True,-0.10720292116826835,-0.1159553955078125,0.12136133936055092,0.6445,-2.229,0.1678540503044631,2.8735,3.8488410178566537,8.647001992389754,-0.4457567506855905,1.2250089372364465,4.720719618837076
1831,2003.11.22.16.06.56,True,-0.12898901784429573,-0.1144578125,0.12219237650599024,0.796,-2.3205,0.16743227831116447,3.1165000000000003,4.761640583798967,12.835032480636196,-0.48873571930946696,1.2300057175093617,5.858470645016388
1832,2003.11.22.16.16.56,True,-0.07088753863576347,-0.1146306640625,0.1176046486392889,0.526,-1.4575,0.16423921300393612,1.9834999999999998,3.208189516104233,1.7241654844659138,-0.10879902282309578,1.2182688525225054,3.9083031434814344
1833,2003.11.22.16.26.56,True,-0.11731888733748785,-0.1146389404296875,0.12360477442917225,1.6455000000000002,-1.129,0.16858548997965678,2.7745,9.775841284335378,4.712033280606338,0.2462936236712123,1.2281369831109665,12.010903054890175
1834,2003.11.22.16.36.56,True,-0.12898901784429573,-0.114165625,0.120585607477323,0.9705,-1.423,0.16605970470645492,2.3935,5.848306683799045,2.212374747397164,-0.06258958735264047,1.223402755458385,7.157099937794369
1835,2003.11.22.16.46.56,True,-0.1265513660382257,-0.1130524658203125,0.12178105686842011,1.1975,-2.0004999999999997,0.16616891827406638,3.198,7.201198929326756,7.609170406770277,-0.1965055211483298,1.2268111444002514,8.833075746342342
1836,2003.11.22.16.56.56,True,-0.13305457787425046,-0.1157166259765625,0.1214179383721091,0.881,-1.3685,0.1677286950584323,2.2495000000000003,5.256194775762671,2.6162337758212213,-0.1624625407465452,1.226825107024276,6.447169252641341
1837,2003.11.22.17.06.56,False,0.0562618779536479,-0.11441091308593748,0.11888294701446764,0.46399999999999997,-0.8460000000000001,0.16501189860047677,1.31,2.8095812486193217,0.5700052679826351,-0.030520742747563216,1.2193735987622762,3.4263476434306925
1838,2003.11.22.17.16.56,True,-0.11589749644274894,-0.11447336425781249,0.12298460915507103,1.7800000000000002,-1.597,0.16801684073044865,3.377,10.600512434985047,7.961650797788847,0.1435254090413291,1.2339818168039667,13.095135113551645
1839,2003.11.22.17.26.56,False,0.06542235167093091,-0.1151255615234375,0.11958992851797276,0.492,-0.8560000000000001,0.16601499041668782,1.3479999999999999,2.966266569520907,0.5172154408129745,0.01190749221653754,1.216120172161523,3.6064465895635425
1840,2003.11.22.17.36.56,True,-0.11731888733748785,-0.11508330078125,0.11829810413373103,1.5635,-0.9525,0.16504433496092874,2.516,9.484767125720577,3.5927363767538045,0.18565285572922835,1.2196619956581265,11.567341447608698
1841,2003.11.22.17.46.56,False,0.0058698857910380875,-0.11432397460937499,0.11798491833548996,0.492,-0.953,0.16429480693841247,1.4449999999999998,2.990245813117705,0.6901706348201577,-0.015454800694319407,1.2158861739411173,3.636204162878692
1842,2003.11.22.17.56.56,True,-0.0405383946992105,-0.11534875488281249,0.12105664683402007,0.5335,-0.8605,0.1672187278817478,1.3940000000000001,3.1978587404827947,0.7467511938520215,-0.04533576778359617,1.220856805476405,3.9030455136845066
1843,2003.11.22.18.06.56,True,-0.11699751816598103,-0.11485732421875,0.12198257787873255,0.767,-0.9545000000000001,0.16756158949510008,1.7215,4.588991407152124,1.445849762501332,-0.03373067338027487,1.2241323502635573,5.616476931323437
1844,2003.11.22.18.16.56,True,-0.12898901784429573,-0.1143899658203125,0.12476235428827354,0.907,-1.9095,0.16926521110395037,2.8165,5.362643308891856,5.579024512477118,-0.314195561106892,1.2347607487849293,6.625322017738779
1845,2003.11.22.18.26.56,True,-0.10994612862978193,-0.1147609375,0.12277098249670063,1.089,-1.4415,0.16805630057570264,2.5305,6.481760241115694,3.497679400235863,-0.011436724746643204,1.2268378948085066,7.955428941204669
1846,2003.11.22.18.36.56,True,-0.12898901784429573,-0.114148828125,0.1250298215255275,0.929,-2.5534999999999997,0.16930076181620538,3.4825,5.490724019348033,16.824911015297275,-0.7242160140114835,1.2390843635010849,6.8112299036301
1847,2003.11.22.18.46.56,True,-0.12949601023033952,-0.11376735839843749,0.12288843675952364,1.0085,-2.502,0.16746627296125544,3.5104999999999995,6.0220467854024555,20.261611935691043,-0.8352747223334898,1.2365495108220188,7.4462834694753735
1848,2003.11.22.18.56.56,True,-0.13101904715867263,-0.1153842529296875,0.1254372199274908,1.6515,-2.1545,0.1704348368090758,3.806,9.685810885291872,13.566128240879317,-0.399948635294363,1.2424274663464037,12.042393214613794
1849,2003.11.22.19.06.56,True,-0.08951663505721319,-0.1145993408203125,0.12295161639032762,0.607,-1.7505,0.16808810951983355,2.3575,3.610030020480534,3.7623383797952488,-0.2594816948361236,1.2270830604778213,4.429431456860918
1850,2003.11.22.19.16.56,True,-0.12898901784429573,-0.11392697753906249,0.12242396433979938,1.238,-1.6380000000000001,0.16723390918041015,2.8760000000000003,7.4035199880167815,6.101714935497148,-0.20053621023801937,1.2297237315492353,9.10525426381481
1851,2003.11.22.19.26.56,True,-0.10587502032716811,-0.1149552734375,0.1209197912104867,0.9764999999999999,-0.8145,0.16684988501379627,1.791,5.853516273241143,0.9941375083430088,0.047547516262914875,1.2214947007153327,7.1500459142474435
1852,2003.11.22.19.36.56,True,-0.11589749644274894,-0.11423796386718751,0.12139275581512232,1.2245,-1.178,0.16669513496020638,2.4025,7.357145553387781,4.0438931370262825,0.21994049025812068,1.2245528617892854,9.015753503804492
1853,2003.11.22.19.46.56,True,-0.12898901784429573,-0.1142776123046875,0.12469161479989865,1.1415,-1.8385,0.16914249458833244,2.98,6.752752776292593,8.007706162788772,-0.08376754310901441,1.2313061622389863,8.316211960027719
1854,2003.11.22.19.56.56,True,-0.11561658748258363,-0.1155998779296875,0.12179795277736455,0.6835,-1.637,0.16792445553669028,2.3205,4.076069126093828,3.129065397300981,-0.13108304841979915,1.223386697020819,4.987068452003367
1855,2003.11.22.20.06.56,True,-0.08568609581644293,-0.11463935546875,0.11904689315509803,0.5834999999999999,-1.1035,0.16527689364756099,1.687,3.5315824186548896,1.2892674306786975,-0.05936920689933909,1.2204681703787066,4.3101445655410595
1856,2003.11.22.20.16.56,True,-0.09110175611885052,-0.11384687499999999,0.1184767333667862,0.8095,-0.8285,0.16432119549984558,1.638,4.935425989840939,0.9185686390214729,0.047309271571761985,1.2180490007077798,6.0102282549055595
1857,2003.11.22.23.14.58,True,-0.13101904715867263,-0.114930517578125,0.12019956113514696,0.8240000000000001,-2.3449999999999998,0.16630863639449614,3.169,4.954338519516433,10.88032131939957,-0.42374680431461065,1.2259135430459471,6.073445017139268
1858,2003.11.22.23.16.56,True,-0.11170438734248189,-0.115072265625,0.1207948599783352,1.4685000000000001,-1.2795,0.16683940989897164,2.748,8.817626874887022,4.468693286069199,0.027148767319499004,1.2215850046118066,10.77478077970707
1859,2003.11.22.23.26.56,True,-0.11539970151325174,-0.114596484375,0.12220292268195712,1.3679999999999999,-1.161,0.16753278207114208,2.529,8.169693358461505,3.661866141779201,0.09134699047080141,1.2273322680956575,10.02834608948394
1860,2003.11.22.23.36.56,True,-0.12949601023033952,-0.11378093261718751,0.12586019446007135,1.4095,-2.689,0.16966843702122134,4.0985,8.312498511648602,16.08760404486939,-0.477681101613602,1.2369514305614047,10.289235103295848
1861,2003.11.22.23.46.56,True,-0.12898901784429573,-0.1139451904296875,0.12302454633515515,0.726,-2.0555,0.16770148498422527,2.7815000000000003,4.340258364441386,5.793596662195702,-0.2945844223503492,1.2283047489883407,5.32954611541817
1862,2003.11.22.23.56.56,True,-0.12705670858434992,-0.11314252929687499,0.12532574192417117,1.2585,-1.5285000000000002,0.16884492392046585,2.787,7.456825513530248,4.73252722256532,-0.18897236811247553,1.2338368098275079,9.206499910828184
1863,2003.11.23.00.06.56,True,-0.13101904715867263,-0.1151482421875,0.12752512617142647,1.3695,-1.7905,0.17182006171151304,3.16,7.972170051590915,6.743729559933507,-0.16671293966290107,1.2394883622408466,9.881929857514349
1864,2003.11.23.00.16.56,True,-0.12898901784429573,-0.11479111328125,0.12842002309708353,1.442,-2.7245,0.172252543376004,4.166499999999999,8.341947721646115,29.30870593074257,-0.9207748916093169,1.243880850230757,10.407480731888695
1865,2003.11.23.00.26.56,True,-0.11731888733748785,-0.11463710937499999,0.1278122279568808,1.9165,-1.4769999999999999,0.1716908447062372,3.3935,11.164266813150132,9.423246410531302,0.2435009250166597,1.2385236162047564,13.832284365418648
1866,2003.11.23.00.36.56,True,-0.1252847203531814,-0.1138391845703125,0.12253292095431759,0.6945,-1.229,0.1672558856100978,1.9235,4.161244849593103,1.6792896228838328,-0.08899693019491169,1.225918075557767,5.102547254051456
1867,2003.11.23.00.46.56,True,-0.12837733604804336,-0.1136778564453125,0.1260468984613701,1.1975,-1.952,0.16973661543717228,3.1494999999999997,7.051034044379218,10.060927947290292,-0.3233219969347008,1.2357807926199693,8.724523433946004
1868,2003.11.23.00.56.56,True,-0.11300627166628618,-0.11357717285156252,0.12081134425781895,1.0035,-0.986,0.1658231923300365,1.9895000000000003,6.058019632953717,1.4511701339603775,0.09452561236544893,1.2210043741468248,7.396053767772546
1869,2003.11.23.01.06.56,True,-0.11589749644274894,-0.1143286376953125,0.12470151365469323,2.1079999999999997,-1.3915,0.16917894006542297,3.4995,12.464171255856048,11.921162334992431,0.3024930456944367,1.2356576912289854,15.413413941439632
1870,2003.11.23.01.16.56,True,-0.03873904216089863,-0.1151510986328125,0.11971117888038237,0.5835,-0.873,0.16612050139054535,1.4565000000000001,3.508690694598944,0.7150337821507677,-0.02522149236595398,1.2187068174447755,4.276430381449332
1871,2003.11.23.01.26.56,True,-0.11731888733748785,-0.1146692626953125,0.12301623591495825,1.694,-1.212,0.16818110634061817,2.9059999999999997,10.081377522296052,5.754231065941378,0.26584816666360156,1.2299069741968962,12.4018314052636
1872,2003.11.23.01.36.56,True,-0.036108633710841165,-0.11388017578125,0.12127019361043204,0.5345,-0.9825,0.1663639014322678,1.517,3.217517482460523,0.7485607260532814,-0.02375811581740966,1.2201198070242176,3.9239484907651914
1873,2003.11.23.01.46.56,True,-0.11981773688655784,-0.11521005859375,0.12604711156378584,1.62,-1.395,0.17076784539610662,3.0149999999999997,9.49710973981174,6.335000859962102,0.09774930170629897,1.2330722232349367,11.719020656022817
1874,2003.11.23.01.56.56,True,-0.12898901784429573,-0.114460498046875,0.1267118082325434,0.7435,-2.2984999999999998,0.17075446688170798,3.042,4.356591068314412,11.232996300698355,-0.573605013221143,1.2383697305259875,5.400545023943606
1875,2003.11.23.02.06.56,True,-0.05902695576633632,-0.11471984863281251,0.12076314641273345,0.6555,-0.8445,0.1665767873955617,1.5,3.925242860596576,0.7657771942594849,-0.028940797919041472,1.2228286468092233,4.79877556797664
1876,2003.11.23.02.16.56,True,-0.12031852200977611,-0.1155331787109375,0.1273602685745922,1.6030000000000002,-2.0205,0.17195649391117923,3.6235,9.326819807858005,9.074426963644667,0.06543446376603171,1.2378482811684388,11.547078839156313
1877,2003.11.23.02.26.56,True,-0.11981773688655784,-0.115043359375,0.12408732802500806,1.8544999999999998,-0.9385,0.16921382866837958,2.793,10.982526381288132,7.539246191592563,0.41197967875082414,1.2278486280117278,13.490071551067345
1878,2003.11.23.02.36.56,False,0.10431413996392935,-0.11423779296875,0.12146629890047697,0.487,-0.7945,0.1667609134862355,1.2815,2.92249577369121,0.47143123526832054,-0.0100685159436231,1.2201287062778423,3.5655799859514694
1879,2003.11.23.02.46.56,True,-0.10873965102082062,-0.115225,0.12470675562620095,1.0985,-1.133,0.16979621066230718,2.2314999999999996,6.466688763668269,1.9579512854342966,-0.003593212666084984,1.2239157220435968,7.914543141102188
1880,2003.11.23.02.56.56,True,-0.12898901784429573,-0.1139490966796875,0.12808129960617637,1.4125,-2.0225,0.17143480904389824,3.4349999999999996,8.24675555674411,9.204913043161914,-0.2141114600682175,1.2385663116689722,10.217345718592039
1881,2003.11.23.03.06.56,True,-0.11300627166628618,-0.113346044921875,0.1264188958087997,1.774,-1.3405,0.16979237407494358,3.1145,10.46746879383501,6.750269061729664,0.30855752217283083,1.234429169411813,12.923881236628638
1882,2003.11.23.03.16.56,True,-0.13101904715867263,-0.1155074462890625,0.1236006667333032,0.9645,-2.018,0.16917339445255808,2.9825,5.709635416921493,10.200831375937891,-0.40242561242847574,1.2279726582755466,7.0157132643731135
1883,2003.11.23.03.26.56,True,-0.12200150330390425,-0.114913427734375,0.12334182177019942,0.845,-1.271,0.16859616703987484,2.1159999999999997,5.026415507088716,1.7417595038968134,-0.04633087740439632,1.2252115200037927,6.155782098030073
1884,2003.11.23.03.36.56,True,-0.11789204759380567,-0.11256445312499999,0.12510391342914762,1.8935,-0.9410000000000001,0.1683003756291387,2.8345000000000002,11.259902510301597,6.512249409980971,0.36104291102779273,1.2319478921669464,13.866270110302214
1885,2003.11.23.03.46.56,True,-0.11981773688655784,-0.115138818359375,0.12710202869455503,1.681,-1.649,0.17149898393973909,3.33,9.804622613766798,7.55413681310454,0.0855113085056755,1.2329438934237749,12.096378591177215
1886,2003.11.23.03.56.56,True,-0.11529650481067977,-0.1137260498046875,0.13011094421925534,1.6015,-1.587,0.17280854806652496,3.1885,9.273895213887258,6.969100818093472,0.13020286850042223,1.2430976531501994,11.53938814948598
1887,2003.11.23.04.06.56,True,-0.12898901784429573,-0.11446840820312501,0.1258835374440746,1.295,-2.417,0.17015249830691836,3.7119999999999997,7.6057604566963,17.25745423609914,-0.659234812026825,1.2354947068507172,9.391985237087038
1888,2003.11.23.04.16.56,True,-0.11639562828744643,-0.1164899169921875,0.12552995791070845,0.894,-1.116,0.17125487630535896,2.01,5.220751170725405,1.7265020654657386,-0.012889098525729828,1.2257660286102605,6.399460763871937
1889,2003.11.23.04.26.56,True,-0.12898901784429573,-0.11415654296875,0.12521428542797292,1.2875,-1.77,0.1694483676717426,3.0575,7.601183097479175,7.903412908922192,-0.31418023308433823,1.2355558646935252,9.392835971875094
1890,2003.11.23.04.36.56,True,-0.12848236836634574,-0.11464804687499999,0.12346940822224609,1.349,-2.213,0.1684916973848435,3.5620000000000003,8.01033181510318,12.668815482603314,-0.1752563729538916,1.2285892243358236,9.849298741929301
1891,2003.11.23.04.46.56,True,-0.11120942845369819,-0.11523679199218749,0.12287580081583635,0.8365,-0.9790000000000001,0.16847306102212356,1.8155000000000001,4.975372586896999,1.0667459532414225,0.011192255491501655,1.2215651057428047,6.07713551492278
1892,2003.11.23.04.56.56,True,-0.13101904715867263,-0.115108154296875,0.12855841516765937,1.7429999999999999,-1.6880000000000002,0.17256952551556323,3.431,10.117921399037229,9.914861454483262,-0.11628487937380634,1.2383934469774047,12.54378911694463
1893,2003.11.23.05.06.56,True,-0.11639562828744643,-0.11386188964843749,0.1251249289258449,1.5259999999999998,-1.482,0.1691836368423627,3.008,9.020891507836648,4.860611074229432,0.1463665386724384,1.2314370414066729,11.108855207824737
1894,2003.11.23.05.16.56,True,-0.13305457787425046,-0.1157936279296875,0.12524931714336868,1.381,-1.9335,0.17057542581037977,3.3145,8.096502028965878,8.990196663992245,-0.2554505076568487,1.2299591378387973,9.958587456456765
1895,2003.11.23.05.26.56,True,-0.11589749644274894,-0.1140704833984375,0.1311218487493814,1.8615,-1.7565,0.17379831702955917,3.618,10.714885719478588,8.45282388822203,0.15695188407036081,1.2442371715032396,13.337726402207965
1896,2003.11.23.05.36.56,True,-0.11192455151027558,-0.11404621582031252,0.12575772091251858,1.217,-1.295,0.1697699394974957,2.512,7.172235764994147,2.899884585272688,0.03927105479229216,1.2296695678549199,8.821943229930984
1897,2003.11.23.05.46.56,True,-0.10972655949669241,-0.11517473144531248,0.12281823903927039,0.99,-0.94,0.16838742416027147,1.9299999999999997,5.880788814613782,1.3970538791816662,0.004202608952406674,1.2243615854656889,7.199874863281236
1898,2003.11.23.05.56.56,True,-0.11589749644274894,-0.1142015380859375,0.12562048926668237,1.88,-1.0594999999999999,0.16977568522968664,2.9395,11.09280014188456,5.650314878948339,0.27656927252646935,1.2312957917806642,13.662038260312972
1899,2003.11.23.06.06.56,True,-0.11036691398853216,-0.11473266601562498,0.12476161037662942,0.9605,-0.9635,0.16951746208700358,1.924,5.6652711740177075,1.352995452515653,0.014792088611357213,1.2281828513962298,6.958059806127311
1900,2003.11.23.06.16.56,True,-0.10972655949669241,-0.11513269042968749,0.1293038085818336,1.227,-1.377,0.1731357161287267,2.604,7.094356359354379,3.590353372567883,0.006737261044513984,1.23268510881657,8.754288574642866
1901,2003.11.23.06.26.56,True,-0.10804613103724625,-0.1147060546875,0.12718527918080708,1.1255000000000002,-1.5185,0.17127646928249807,2.644,6.560864161471925,3.1352781716852087,-0.0046046748436711984,1.2341213549885957,8.096117447811283
1902,2003.11.23.06.36.56,True,-0.12898901784429573,-0.11437570800781251,0.12651953197863805,1.322,-2.0925000000000002,0.1705549905201103,3.4145000000000003,7.747575283004906,16.537170575927497,-0.32972236618275474,1.2353789194636535,9.598419004886068
1903,2003.11.23.06.46.56,True,-0.10523860361634252,-0.11495063476562499,0.12298772814633842,0.929,-0.835,0.16835854332880656,1.7639999999999998,5.542083971602615,0.992148820214964,0.03719354691876804,1.2212017602403744,6.765833899772868
1904,2003.11.23.06.56.56,True,-0.11589749644274894,-0.11423847656250002,0.12655872188485368,2.278,-1.5685000000000002,0.17049657449062014,3.8465000000000003,13.36587181792837,9.643660546308741,0.29810589485543915,1.2333194211730496,16.485555885417774
1905,2003.11.23.07.06.56,True,-0.12898901784429573,-0.1145261474609375,0.13088855299512228,1.1400000000000001,-2.0615,0.17392023109398003,3.2015000000000002,6.5561448216861455,8.4220207433751,-0.26200012845836607,1.242883954808582,8.15092015863564
1906,2003.11.23.07.16.56,True,-0.13101904715867263,-0.11530458984375,0.1316965140474829,1.483,-3.013,0.1750403550836695,4.496,8.47146481715333,24.089934911970698,-0.7270082274290981,1.247131297558584,10.569831775824287
1907,2003.11.23.07.26.56,True,-0.13101904715867263,-0.1149169189453125,0.12936141973000947,0.9975,-3.3705,0.17303260020034772,4.368,5.769403424618226,40.07249706804864,-1.5675937918450746,1.251578346242141,7.244652601512815
1908,2003.11.23.07.36.56,True,-0.08178271002298132,-0.11386015625,0.12311269142780379,0.662,-1.073,0.16770166033004708,1.735,3.9551232628152198,1.1646422192594483,-0.008150159951990602,1.2262891316403621,4.849703252317839
1909,2003.11.23.07.46.56,True,-0.12031852200977611,-0.1155690673828125,0.12998516100242022,1.6804999999999999,-1.455,0.17393225006435503,3.1355,9.666201462662034,6.793289344407517,0.16600630097902844,1.2362837150347554,11.954412438519432
1910,2003.11.23.07.56.56,True,-0.11639562828744643,-0.11386474609375,0.13305924354411236,1.8944999999999999,-1.9375,0.17513003289819412,3.8320000000000003,10.78631384246997,14.434711651317404,0.13537155492857417,1.2470026811472517,13.504935631577117
1911,2003.11.23.08.06.56,True,-0.10895892323990208,-0.11396806640625001,0.12396451638496907,1.2985,-1.4425,0.16840213194768938,2.7409999999999997,7.725422564569244,4.042054122006738,0.030344356053075228,1.2296973478233435,9.502338268340194
1912,2003.11.23.08.16.56,True,-0.11981773688655784,-0.115190771484375,0.1268511963025969,1.4125,-1.1804999999999999,0.17136313097395778,2.593,8.250376453042845,3.3059032044910324,0.15652437299740118,1.2320488143468618,10.16370845055919
1913,2003.11.23.08.26.56,True,-0.11589749644274894,-0.1140112060546875,0.13009018195816507,1.747,-1.8210000000000002,0.17298044636186144,3.5680000000000005,10.101371786055752,8.915618732230016,0.1133226682687575,1.2427597497415745,12.555549840460936
1914,2003.11.23.08.36.56,True,-0.10300647289546105,-0.1138049072265625,0.1241670181167242,1.1099999999999999,-0.78,0.16844536845251495,1.8900000000000001,6.612441404370335,1.3915686421640214,0.081499889302739,1.2250337382594776,8.097111787758818
1915,2003.11.23.08.46.56,True,-0.13356432189332723,-0.11588281250000002,0.1299199248336288,1.4489999999999998,-2.5925000000000002,0.17410129161055116,4.0415,8.324751968973342,11.911267286381118,-0.3541030393237078,1.239495967700736,10.318555235446995
1916,2003.11.23.08.56.56,True,-0.12837733604804336,-0.113625341796875,0.12721502159929787,1.427,-1.487,0.17057834153977608,2.914,8.380163508933723,4.645060957667534,-0.056732950935963436,1.2345553394426187,10.350674620797676
1917,2003.11.23.09.06.56,True,-0.12848236836634574,-0.11465544433593751,0.12782045835128475,1.073,-2.667,0.17171425383621464,3.7399999999999998,6.245449873394601,17.584069145245408,-0.799846755617822,1.2404521730837805,7.744488708912135
1918,2003.11.23.09.16.56,True,-0.13101904715867263,-0.11566093749999999,0.12738245855666613,1.179,-1.7465,0.17205756531167976,2.9255,6.85232924564106,5.687180548118375,-0.14460242042674532,1.2348783783355062,8.46279866665726
1919,2003.11.23.09.26.56,True,-0.11589749644274894,-0.11431257324218749,0.12363652138829301,1.1305,-0.95,0.16838902641350773,2.0805,6.721826816899983,1.7708428549085276,0.09322893942036259,1.2248410524614886,8.231883353057889
1920,2003.11.23.09.36.56,True,-0.12898901784429573,-0.1144253173828125,0.12396757745298312,0.8240000000000001,-1.5745,0.16871592198188534,2.3985,4.899139902004934,2.5228682870305295,-0.11713486472547775,1.2281084977872374,6.0189094612357135
1921,2003.11.23.09.46.56,True,-0.11981773688655784,-0.1149310791015625,0.12861490799183461,1.991,-1.846,0.1724920816536225,3.8369999999999997,11.557438803484095,9.189453752280407,0.19881386707640708,1.235972731820523,14.289991260808733
1922,2003.11.23.09.56.56,True,-0.12898901784429573,-0.11435905761718751,0.1274814105813677,0.9195,-1.383,0.17126236280546828,2.3025,5.383442481037897,3.1237553117692975,-0.14673366473619065,1.232616440773802,6.646393328348284
1923,2003.11.23.10.06.56,True,-0.11589749644274894,-0.11457375488281249,0.1254065997510559,2.7015000000000002,-0.9715,0.16986517941095347,3.673,15.931762091205254,18.83098306058647,0.7155843660999064,1.2322350311158234,19.64316142872124
1924,2003.11.23.10.16.56,True,-0.09137868515729486,-0.11508703613281249,0.1245813651682571,0.7315,-0.7995,0.1696164611358202,1.5310000000000001,4.334452613312617,0.7313995634927968,-0.028712697219676724,1.22584507879916,5.307108530615434
1925,2003.11.23.10.26.56,True,-0.12848236836634574,-0.114698193359375,0.12595426935228535,1.058,-1.4195,0.1703676479721954,2.4775,6.228535691154214,2.562985548502825,-0.09430796048641954,1.2298446626477841,7.664298028672917
1926,2003.11.23.10.36.56,True,-0.12898901784429573,-0.1139539306640625,0.12900860636694125,1.483,-1.9140000000000001,0.17213977195987873,3.3970000000000002,8.619671526055573,6.106143044279938,-0.07319743694245603,1.236540744559021,10.658093620556713
1927,2003.11.23.10.46.56,True,-0.12300636950251975,-0.11570322265625,0.12910911660942548,1.3805,-1.571,0.17337226184477558,2.9515,7.974400768265248,4.882197692331069,-0.046335646927370605,1.2354852697023397,9.86019603072098
1928,2003.11.23.10.56.56,True,-0.12031852200977611,-0.1157016357421875,0.12864185642357084,1.7515,-1.283,0.17301980651719007,3.0345,10.159849143838548,5.774471300512336,0.1015587868942966,1.232551410053036,12.550133936357328
1929,2003.11.23.11.06.56,True,-0.11310914698347285,-0.1131849609375,0.1260284584674593,1.0925,-1.6,0.1693982820088621,2.6925,6.458650999659858,3.1473170295923287,-0.028303995406672985,1.2323992204799392,7.959414730094327
1930,2003.11.23.11.16.56,True,-0.12898901784429573,-0.1140335693359375,0.12557787001291826,1.2795,-1.8005,0.16962741752232138,3.08,7.550106298177715,5.878636594057996,-0.09937463580829109,1.2286948195030958,9.289540369384465
1931,2003.11.23.11.26.56,False,0.020656727668487362,-0.1148493896484375,0.12236333023403458,0.6105,-0.7215,0.16784321865488944,1.3319999999999999,3.639896708315634,0.44420563224301435,-0.0038597695743541756,1.2215967142694033,4.446065901582003
1932,2003.11.23.11.36.56,True,-0.09074057531598867,-0.11374360351562501,0.12428507252588503,0.7825,-0.9755,0.16848438236145674,1.758,4.646273880728143,0.7586395932527188,0.020285968550414753,1.2224887553999353,5.679771562696187
1933,2003.11.23.11.46.56,False,0.019082795553718723,-0.1146924560546875,0.12254035265065696,0.5945,-0.8215,0.16785752834902484,1.4160000000000001,3.5457333584711015,0.5741526651413125,0.006314893387585558,1.2220346133104645,4.332052038857097
1934,2003.11.23.11.56.56,False,0.06030434245689731,-0.115197802734375,0.12218127117711164,0.5529999999999999,-0.7224999999999999,0.16795440683395135,1.2754999999999999,3.2912340929483976,0.45885276621665305,-0.006989590574693062,1.221793186600012,4.021566974209347
1935,2003.11.23.12.06.56,True,-0.10329095029422497,-0.1140101318359375,0.12454208919811552,0.83,-0.8859999999999999,0.16885408798617318,1.7159999999999997,4.932195826142979,0.9321350584396677,0.00825890423973769,1.226850750597447,6.05047812340152
1936,2003.11.23.12.16.56,True,-0.078211755374889,-0.1151473876953125,0.12539900082270808,0.658,-1.0205,0.17025781402410467,1.6784999999999999,3.87404004123634,0.9282872735446883,-0.011030617692886942,1.2245013017786202,4.742127418904066
1937,2003.11.23.12.26.56,True,-0.08080280050474098,-0.1146088623046875,0.12576063160964507,0.5575,-1.201,0.17015909995472947,1.7585,3.281186004629774,1.0214924201079494,-0.05570197973388194,1.2253025974923846,4.020379443858744
1938,2003.11.23.12.36.56,True,-0.07854303673731688,-0.11424968261718749,0.12507531459984694,0.6214999999999999,-0.9585,0.16942698813805973,1.58,3.6691682495138664,0.8824915632776802,-0.04195986139671355,1.2264336979811727,4.499695924362706
1939,2003.11.23.12.46.56,True,-0.08525855140192395,-0.11539584960937499,0.12303432282487957,0.729,-0.8485,0.1686953343010662,1.5775000000000001,4.330196378236964,0.7206371616430971,-0.00038705657476476116,1.2213845707340214,5.28750309516162
1940,2003.11.23.12.56.56,True,-0.11284220566257608,-0.114719921875,0.12495980967191903,1.0645,-0.8885000000000001,0.16964574785921552,1.9529999999999998,6.292458302422267,1.3382238501994068,0.04287596388738441,1.225357760720863,7.7077722278650835
1941,2003.11.23.13.06.56,True,-0.1013942697628919,-0.1145171142578125,0.12606712579553542,0.6910000000000001,-0.9875,0.17031931322613422,1.6785,4.059109972761718,1.0034740692893096,-0.02715695251318118,1.2281051143965707,4.984861028446458
1942,2003.11.23.13.16.56,True,-0.10235698151280948,-0.11476005859375,0.12654311911350438,0.769,-0.847,0.17084750622001232,1.616,4.5196058179070135,0.893977080098356,-0.023497940579109512,1.227609815492524,5.547741129235518
1943,2003.11.23.13.26.56,True,-0.0876993954021209,-0.11451074218750001,0.1254381663452066,0.675,-1.078,0.16986604799070298,1.7530000000000001,3.9654073890351462,0.96898377264465,-0.018654118312864128,1.2249394976701602,4.8594689696356035
1944,2003.11.23.13.36.56,True,-0.07939089820626166,-0.1145880126953125,0.12442025114849012,0.5894999999999999,-1.035,0.16916684006372007,1.6245,3.4854137824982305,0.7958534090272262,-0.05954225411869875,1.223762638419827,4.26534657163497
1945,2003.11.23.13.46.56,True,-0.13101904715867263,-0.1150975830078125,0.12791403670336673,0.989,-1.349,0.17208897605495987,2.338,5.749819569058364,2.225534926174669,-0.0858316169519605,1.229787868840523,7.071443308981198
1946,2003.11.23.13.56.56,True,-0.12848236836634574,-0.11458308105468751,0.1255806003763918,0.891,-1.3465,0.17001384607568615,2.2375,5.244525387492441,1.9163210270934656,-0.08624746388885496,1.2294547174885553,6.448235898962416
1947,2003.11.23.14.06.56,True,-0.11341188639207445,-0.11437507324218751,0.123885369397782,0.935,-1.3255,0.16862167398600142,2.2605,5.5506184957701254,1.3789038509249418,-0.01953922886231714,1.2248831968609881,6.799252382237494
1948,2003.11.23.14.16.56,True,-0.11539970151325174,-0.11514089355468751,0.12667841009152347,0.7265,-1.295,0.17119756951403212,2.0215,4.24913161514002,1.4645476277205387,-0.022634006593942976,1.2268613002986337,5.213132940573978
1949,2003.11.23.14.26.56,True,-0.13101904715867263,-0.11510739746093748,0.1258416256392791,1.045,-2.4415,0.17055440517487125,3.4865,6.139946601622574,14.953035648439485,-0.4627329065276451,1.2325450920397625,7.571370942523222
1950,2003.11.23.14.36.56,True,-0.12898901784429573,-0.1147884521484375,0.1285051061674247,1.9505,-2.0325,0.17230839012069382,3.9829999999999997,11.332219123798446,11.956586956105548,-0.07612404745950146,1.2371418361182713,14.037573440332519
1951,2003.11.23.14.46.56,True,-0.003521348710190386,-0.11510634765625,0.12245730160802418,0.481,-1.0485,0.1680874484398259,1.5295,2.8546738391638655,0.6068740960415799,-0.013228063799769145,1.2210160017644291,3.486965797962915
1952,2003.11.23.14.56.56,True,-0.020751906795388853,-0.114919482421875,0.12231903907949682,0.591,-0.8155,0.16783914047717707,1.4065,3.5258259515208996,0.6208147163915385,-0.04243759021606099,1.223190276632653,4.312859657533581
1953,2003.11.23.15.06.56,True,-0.12848236836634574,-0.1146521484375,0.12794018220817105,0.9119999999999999,-1.377,0.171813646722354,2.2889999999999997,5.314639023370925,2.2690452592708446,-0.07589216339547232,1.2292471531727245,6.531368967985531
1954,2003.11.23.15.16.56,True,-0.1285575051714125,-0.1160552734375,0.12824615801092237,1.211,-1.3705,0.17296779984943278,2.5815,6.966601917307632,2.9615624596976824,-0.047785758955773874,1.2317729477592898,8.57467963080298
1955,2003.11.23.15.26.56,True,-0.08582565860469527,-0.1149469482421875,0.12481031247626875,0.6539999999999999,-1.046,0.16969300667581305,1.7,3.8607878209514825,0.8794963762113801,-0.04059539557118216,1.2242683258027514,4.725928012662679
1956,2003.11.23.15.36.56,True,-0.06877510255977248,-0.1145612060546875,0.12429842503790123,0.7030000000000001,-0.823,0.16905544129759253,1.526,4.181849682063952,0.6547267759903512,0.021593286848364198,1.2218000206941526,5.105421300049177
1957,2003.11.23.15.46.56,True,-0.02562649760788427,-0.1145977294921875,0.12381072789491207,0.581,-0.8545,0.16873207320580866,1.4355000000000002,3.4496065635712982,0.6794120781604192,0.014879088800417398,1.2231096416318232,4.218508696959368
1958,2003.11.23.15.56.56,True,-0.07506789045817486,-0.1135505859375,0.12131431129043069,0.663,-1.0715,0.16617493732747707,1.7345000000000002,3.9969263186895727,0.8120195463150051,-0.011383091816187369,1.2212867949657522,4.880587997861346
1959,2003.11.23.16.06.56,True,-0.10658645278680634,-0.11360146484375,0.1230646048604219,0.8505,-0.9544999999999999,0.1675120825261352,1.805,5.111568075307731,1.1558305767486505,0.026739032431171327,1.2235221345495881,6.24907034390203
1960,2003.11.23.16.16.56,True,-0.04250814607054254,-0.115317724609375,0.12307814555804827,0.6214999999999999,-0.9035,0.1686736816101946,1.525,3.6836346181515793,0.5525054146197328,-0.027561024103953315,1.2235305403575025,4.507302577023538
1961,2003.11.23.16.26.56,True,-0.10721703751649592,-0.11413234863281249,0.12215226715793259,0.7505,-1.0190000000000001,0.167179048808412,1.7694999999999999,4.491897215708869,0.8612703147732155,-0.01817825552415607,1.22319328997107,5.493974143676959
1962,2003.11.23.16.36.56,True,-0.11731888733748785,-0.11497014160156249,0.12347011403975239,1.0939999999999999,-1.073,0.16871818685691642,2.167,6.489032145637135,1.5878232960608334,0.09818584706498387,1.2204894126869679,7.9192421357348906
1963,2003.11.23.16.46.56,True,-0.04437194069963901,-0.11536435546875,0.12392865017915058,0.653,-0.9530000000000001,0.16933040069975047,1.606,3.8495686954501416,0.6001018045326065,-0.014221906591792696,1.2232355973080897,4.709488321035173
1964,2003.11.23.16.56.56,True,-0.06635807512473257,-0.114516552734375,0.12145284986988353,0.7324999999999999,-0.7065,0.16695347665206284,1.439,4.4052790132983235,0.7271079617395906,0.059381170432594305,1.219884654299975,5.3715374855535085
1965,2003.11.23.17.06.56,True,-0.08487107030142793,-0.1141753662109375,0.1235476084026856,0.6639999999999999,-0.8765,0.1682364400836461,1.5405,3.9578828306082228,0.9271226484682196,-0.029585837805244257,1.2263877462309194,4.854858845386625
1966,2003.11.23.17.16.56,True,-0.11120942845369819,-0.1151993408203125,0.12384230031914012,0.8815,-0.9045,0.1691560095812496,1.786,5.223227917243939,0.9760660539625567,0.03667880112632799,1.2240092074465192,6.389449738059131
1967,2003.11.23.17.26.56,True,-0.1315274134995168,-0.11540505371093748,0.12571530892651922,0.714,-2.053,0.17067012680032592,2.767,4.193098686670934,5.72586606311627,-0.3671093849172071,1.2309943844214972,5.161990048806388
1968,2003.11.23.17.36.56,True,-0.12604636528431357,-0.1135391845703125,0.12457213934693992,1.0415,-1.3,0.16856540902430928,2.3415,6.178203138475444,2.375656248898493,-0.05134686643763765,1.2261981686565615,7.57563432584889
1969,2003.11.23.20.01.11,True,-0.11459888875040203,-0.11329865722656249,0.12537595914655258,0.725,-0.9755,0.16899407609478573,1.7005,4.301367517126167,0.9597680870540788,-0.03980563262758563,1.2280485269343195,5.282426027893415
1970,2003.11.23.20.01.24,True,-0.015592985049159958,-0.11468525390625,0.12162808044866572,0.5655,-0.8765000000000001,0.1671841668972934,1.442,3.387196174077036,0.6275974672160225,-0.0162085886364127,1.2213008184482284,4.13573229746223
1971,2003.11.23.20.11.24,True,-0.0006574521852553694,-0.1148473876953125,0.12265603631280489,0.5309999999999999,-0.8985,0.16806035346311826,1.4295,3.153661050440596,0.49237317504618283,-0.028396039654190467,1.221842762543699,3.853972134306259
1972,2003.11.23.20.21.24,True,-0.002585452653921072,-0.115073486328125,0.12319413600348542,0.514,-0.9645,0.168596350306826,1.4785,3.050591906868477,0.5723905111402225,-0.01704667451328768,1.221230388582702,3.725081773317032
1973,2003.11.23.20.31.24,True,-0.038453367644149306,-0.1145794189453125,0.12243860628308044,0.5665,-1.0034999999999998,0.16770542883006345,1.5699999999999998,3.3754234918582577,0.6608230116034375,-0.025812766624367295,1.2231460309235227,4.1289101648682385
1974,2003.11.23.20.41.24,True,-0.08229739560373395,-0.1144822509765625,0.12671021024472567,0.5325,-1.731,0.17077500873157417,2.2635,3.1212997154421096,4.615599117140824,-0.2678898834074846,1.2307677538940915,3.842240257607017
1975,2003.11.23.20.51.24,True,-0.08783248625483764,-0.11364328613281251,0.12373871102527383,0.7925,-0.874,0.16801969914623388,1.6665,4.72803319197013,0.7425828840528601,-0.01477501542415013,1.2256712384689594,5.794048019176034
1976,2003.11.23.21.01.24,True,-0.11341188639207445,-0.11445830078125,0.12421410530493854,0.901,-1.0805,0.16893002894143933,1.9815,5.311821884633826,1.0204365308438363,-0.022717506126806883,1.2252843458084675,6.517233189486857
1977,2003.11.23.21.11.24,True,-0.11639562828744643,-0.11385393066406249,0.12760593008653784,1.506,-1.482,0.17102625592964565,2.988,8.830263382612788,3.8024921410794876,0.06465096059597028,1.2305169207660458,10.86547116531978
1978,2003.11.23.21.21.24,True,-0.12848236836634574,-0.11459445800781251,0.1303446160817993,1.0535,-2.4195,0.17356181963043335,3.473,6.071641225003795,12.41724983803335,-0.4851714643727999,1.2416861576814373,7.5396383775126345
1979,2003.11.23.21.31.24,True,-0.12705670858434992,-0.113274267578125,0.1238366549975764,1.1915,-1.5495,0.16783593926031876,2.741,7.109063486682992,3.956905832323505,-0.08671225046733302,1.2272159528114241,8.728332824636071
1980,2003.11.23.21.41.24,True,-0.0842549805306625,-0.11403220214843751,0.12346354587535889,0.562,-1.2905,0.16808032879833723,1.8525,3.3376793410879655,1.7979797684814751,-0.1325351874645033,1.2285069560393618,4.100083508062214
1981,2003.11.23.21.51.24,True,-0.13101904715867263,-0.11481169433593752,0.12947631519363365,1.0095,-1.525,0.1730503106900511,2.5345000000000004,5.841004993587992,3.359985562522324,-0.18339438070773673,1.2389289640466006,7.235942594739855
1982,2003.11.23.22.01.24,True,-0.11999584558274978,-0.1144691162109375,0.12442873559695213,0.7350000000000001,-1.134,0.16908980948949337,1.8690000000000002,4.341392518143929,1.1081132332806547,-0.04548464120869656,1.226619610705423,5.326397729717566
1983,2003.11.23.22.11.24,True,-0.029302269852615748,-0.11490773925781249,0.12392603124669482,0.5945,-0.8815,0.16900577474184497,1.476,3.528093227310827,0.6132817460652555,-0.02930434167197126,1.2237401670154675,4.319199616376333
1984,2003.11.23.22.21.24,True,-0.11401133784065287,-0.1146307861328125,0.12731001132408123,0.9595,-1.2645,0.17132063938788825,2.224,5.614962754663688,2.3336020262631187,-0.03109670656058172,1.2298941584031864,6.906218045722037
1985,2003.11.23.22.31.24,True,-0.09629879219361448,-0.11448623046874999,0.12861142535061432,0.632,-1.172,0.17219275967841619,1.8039999999999998,3.6755828375314965,1.5489920019708803,-0.07228786402481298,1.2281851797742092,4.515354082211595
1986,2003.11.23.22.41.24,True,-0.13101904715867263,-0.11483640136718748,0.12957640314321645,0.9570000000000001,-1.295,0.1731427107135757,2.252,5.531522721946198,2.4692657304161707,-0.1533901084759151,1.2344366266872462,6.831404461326963
1987,2003.11.23.22.51.24,True,-0.12898901784429573,-0.11430708007812501,0.1282558375039753,0.77,-1.71,0.17181139277396634,2.4800000000000004,4.489083662755275,3.4397361168801157,-0.18974969573511932,1.2349211551956132,5.545514880519103
1988,2003.11.23.23.01.24,True,-0.13101904715867263,-0.115046533203125,0.1319144583158367,1.26,-3.114,0.17503546763947103,4.3740000000000006,7.196514558157913,25.673077157909493,-0.8784052083008003,1.2461640184564207,8.974831628588602
1989,2003.11.23.23.11.24,True,-0.11300627166628618,-0.1136119873046875,0.13208394566554219,2.185,-1.4515,0.1742249573786569,3.6365,12.551792565672663,15.79483846761088,0.8081958311610273,1.246265686914187,15.663081788967178
1990,2003.11.23.23.21.24,True,-0.11036691398853216,-0.1146166015625,0.13005715041148852,1.4794999999999998,-1.2745000000000002,0.17335500596030154,2.754,8.531751754109177,3.6964165452234945,0.02788743294436532,1.234674544740082,10.546046295352099
1991,2003.11.23.23.31.24,True,-0.11300627166628618,-0.11353249511718749,0.12939875071815357,1.626,-1.0825,0.17215345707866242,2.7085,9.462160196776566,7.271333369513663,0.5061853995222182,1.2356418577788904,11.693481190297028
1992,2003.11.23.23.41.24,True,-0.1094523589524341,-0.11433127441406249,0.12413947595196859,0.8400000000000001,-0.9884999999999999,0.16877330684164382,1.8285,4.971799974964457,1.0270802485478385,0.017943737299918737,1.224556062932506,6.089002774765667
1993,2003.11.23.23.51.24,True,-0.1084658212663061,-0.1144013916015625,0.12763467860652838,0.9215,-1.1915,0.17140465669065258,2.113,5.379473908263719,1.5050904248816293,0.008719027815062808,1.2292702036007723,6.613195017998594
1994,2003.11.24.00.01.24,True,-0.13101904715867263,-0.11527299804687499,0.12831130618969117,1.1415,-1.9215,0.17248968421214184,3.063,6.6252193297814586,7.280713737471087,-0.21249253582915162,1.2351778043125323,8.186155467582894
1995,2003.11.24.00.11.24,True,-0.11749639452215754,-0.114409619140625,0.12550321877556048,0.7775000000000001,-1.1135000000000002,0.16983596957649627,1.891,4.577350753814448,1.1889993419862301,-0.03808155861953724,1.2272180971661362,5.61748590276067
1996,2003.11.24.00.21.24,True,-0.11450819310444216,-0.1146280029296875,0.13201415570234648,1.88,-1.9605000000000001,0.17483547548421494,3.8405,10.752202731554078,8.334518571691385,-0.026966478147434678,1.2419939491964045,13.367392423161922
1997,2003.11.24.00.31.24,True,-0.11539970151325174,-0.1144357666015625,0.12482823017910562,1.2389999999999999,-0.8985,0.169360180058043,2.1375,7.336963091663744,1.6682868303532463,0.07904399226636105,1.224922482266474,8.982462464687815
1998,2003.11.24.00.41.24,True,-0.1094523589524341,-0.11431591796874999,0.12817652535870389,0.958,-1.287,0.1717503521585658,2.245,5.575359444077761,2.0041943710843775,0.02486962405001028,1.229270429552737,6.853466105960348
1999,2003.11.24.00.51.24,True,-0.11949527870414722,-0.1147486572265625,0.12611170307635447,0.9385000000000001,-1.2525,0.17051660254358686,2.1910000000000003,5.534071438011354,1.6974087285341686,-0.045606601751658836,1.2263938509047512,6.785422706579965
2000,2003.11.24.01.01.24,True,-0.13101904715867263,-0.1154411865234375,0.13554300947828357,1.631,-2.283,0.17804162325214407,3.9139999999999997,9.161176390089175,14.48586181341011,-0.4755877202340373,1.2507688153162715,11.449193518727622
2001,2003.11.24.01.11.24,True,-0.11539970151325174,-0.11443701171875001,0.12960246949873644,2.029,-0.8999999999999999,0.17289802527383397,2.9290000000000003,11.778895784269382,6.516645905182829,0.292826736170484,1.2327008156186479,14.535808458902295
2002,2003.11.24.01.21.24,True,-0.07594635779608017,-0.1147664306640625,0.12550779373407497,0.5725,-1.238,0.17008861998564934,1.8105,3.3671648760096105,0.886233331578969,-0.07213958848598831,1.2276024794648042,4.133387241186817
2003,2003.11.24.01.31.24,True,-0.11589749644274894,-0.11409475097656249,0.13262493943579848,1.791,-1.217,0.1749501899563518,3.008,10.244273500500405,4.7672207546116905,0.20202546631439777,1.2385344711157193,12.693033563830726
2004,2003.11.24.01.41.24,True,-0.12898901784429573,-0.11430715332031251,0.1340447834942217,1.461,-3.2045000000000003,0.17616515177309955,4.6655,8.29359673815483,24.682982916054215,-0.8342687748769426,1.2518909942641083,10.385668903702248
2005,2003.11.24.01.51.24,True,-0.11981773688655784,-0.11502880859374999,0.12820257477807884,1.3565,-1.7165,0.17224383716558014,3.073,7.886049969470848,4.554349385212979,0.06274014458402905,1.232283054865699,9.72399357171306
2006,2003.11.24.02.01.24,True,-0.13101904715867263,-0.1150314453125,0.12906520240775732,0.8680000000000001,-1.4235,0.17289054789094704,2.2915,5.009295920784938,1.9068402502671908,-0.07016714476601818,1.2323994843625026,6.172950462874063
2007,2003.11.24.02.11.24,True,-0.12484086793466698,-0.12630065917968752,0.13275901939927276,1.9725000000000001,-1.445,0.1832400252482527,3.4175000000000004,10.759785965297567,7.457356618844576,0.2500415885950644,1.226828769093839,13.212489205945143
2008,2003.11.24.02.21.24,True,-0.11300627166628618,-0.11351779785156249,0.1352331049261974,1.5685,-1.349,0.17656372913778445,2.9175,8.885606999723263,4.8529003442783125,0.19287673309957762,1.24210632055525,11.049296511446736
2009,2003.11.24.02.31.24,True,-0.13101904715867263,-0.11482033691406252,0.13458857927760626,1.5245,-2.349,0.17691220045491374,3.8735,8.629246082159156,10.132473513333458,-0.3016622029914431,1.247382128444452,10.77797946276252
2010,2003.11.24.02.41.24,True,-0.13101904715867263,-0.11515878906249999,0.13611651476367703,1.3855,-1.792,0.17829545762294552,3.1775,7.77082724585218,4.858705188267149,-0.10607024722625742,1.2413593514639607,9.651048821698266
2011,2003.11.24.02.51.24,True,-0.11589749644274894,-0.11442646484375002,0.14221647293284814,2.4535,-2.1470000000000002,0.18253786089432356,4.6005,13.40706974686178,23.685019090547073,0.7642111042813284,1.2668668739343794,17.031098721981255
2012,2003.11.24.03.01.24,True,-0.12898901784429573,-0.1144749267578125,0.13628757823523585,1.1800000000000002,-1.7469999999999999,0.1779878498800117,2.927,6.630116746076495,5.259530385687137,-0.22787435538982728,1.2463629153612634,8.264043336236842
2013,2003.11.24.03.11.24,True,-0.11490224327107967,-0.11504997558593752,0.13662883751685556,1.3195000000000001,-1.67,0.17861684274422157,2.9895,7.39039084113669,4.814573790456647,-0.018525063620541987,1.2468467594269583,9.217459331340692
2014,2003.11.24.03.21.24,True,-0.11589749644274894,-0.113935009765625,0.13623004497265,1.9335,-1.3439999999999999,0.17759457983388088,3.2775,10.88207455726377,6.4703342245727145,0.2760846799164087,1.24539898118402,13.550655730879013
2015,2003.11.24.03.31.24,True,-0.12848236836634574,-0.1147161376953125,0.14284342217263732,1.4975,-3.0549999999999997,0.1832051814810038,4.5525,8.173358755748493,24.551935210336847,-0.8010850296908423,1.265361070389456,10.343412163228452
2016,2003.11.24.03.41.24,True,-0.13101904715867263,-0.1152781494140625,0.14252110706362348,2.0055,-3.5469999999999997,0.18331197142247851,5.5525,10.912660331651736,37.73261701064772,-0.889103615046594,1.26510531490973,13.844496593783159
2017,2003.11.24.03.51.24,True,-0.11500538464745169,-0.114098681640625,0.13581775624609665,1.145,-1.427,0.17738369029711187,2.572,6.454309728875513,3.1183537657654257,-0.03478509659917284,1.2408621398214965,8.010491408916865
2018,2003.11.24.04.01.24,True,-0.11981773688655784,-0.115020751953125,0.13384897086584338,1.4455,-1.6039999999999999,0.17648236881495122,3.0495,8.196592983958583,5.154412536236734,0.08531729472646622,1.240597728366927,10.169561371725276
2019,2003.11.24.04.11.24,True,-0.13101904715867263,-0.1151120361328125,0.13567733055524972,1.317,-2.363,0.17793045398805818,3.68,7.403839812735778,8.164729682093983,-0.32300441646106437,1.2467430946472513,9.233024898362753
2020,2003.11.24.04.21.24,True,-0.11589749644274894,-0.1141629638671875,0.14273091164978702,2.3545,-1.907,0.18277120557723353,4.2615,12.904572461214848,13.458072909106743,0.3552844900282246,1.2612993129823749,16.307484267933553
2021,2003.11.24.04.31.24,True,-0.11589749644274894,-0.11430332031250001,0.13572767172208994,1.6099999999999999,-1.4344999999999999,0.1774498532836344,3.0445,9.101214103195531,5.852383417187974,0.20030225266509577,1.2451512399759666,11.343940797730422
2022,2003.11.24.04.41.24,True,-0.12848236836634574,-0.11471860351562502,0.1466091978607923,1.9555,-3.373,0.18616990346282403,5.3285,10.490532897456546,34.3705038929557,-1.1358065814453029,1.277410319931508,13.42720312524861
2023,2003.11.24.04.51.24,True,-0.11981773688655784,-0.1152552978515625,0.1398032291727861,2.3045,-1.4449999999999998,0.18118911931302137,3.7495,12.739222317057042,11.371847820337084,0.47635344135416036,1.2497500995102095,15.914451354030325
2024,2003.11.24.05.01.24,True,-0.11351481862863877,-0.11463325195312501,0.13624739196451766,1.7295,-2.1740000000000004,0.17805862854334747,3.9035,9.710741662275037,9.765947687703676,-0.022786059645429166,1.2483702729203157,12.121796850462946
2025,2003.11.24.05.11.24,True,-0.11589749644274894,-0.1140977783203125,0.136668955847617,2.467,-1.244,0.1780360365222679,3.711,13.83664533739399,15.62466442953646,0.475295002677651,1.2471443933126458,17.299595744877223
2026,2003.11.24.05.21.24,True,-0.11450819310444216,-0.114263427734375,0.1369473108178822,1.267,-1.46,0.1783579887997719,2.7270000000000003,7.100778068499399,3.2910011699280477,-0.029942830277638176,1.2432170821224129,8.826046425898408
2027,2003.11.24.05.31.24,True,-0.12848236836634574,-0.11465302734375,0.14266886607597312,1.6895,-2.825,0.1830308254787736,4.5145,9.217119387823933,18.95693774027596,-0.3417380999829654,1.2594821834463419,11.625105017555047
2028,2003.11.24.05.41.24,True,-0.11639562828744643,-0.11380053710937502,0.13308088548491676,1.5845,-1.2485,0.1751065733189969,2.833,9.053320122465898,3.994134924239152,0.21050624657054123,1.2361621617880145,11.192164705818186
2029,2003.11.24.05.51.24,True,-0.12898901784429573,-0.113999755859375,0.1410856938438996,1.3479999999999999,-3.0955,0.18138665252232417,4.4435,7.428901214151163,16.102807284866163,-0.6152527251569144,1.2584298529629083,9.3540516623903
2030,2003.11.24.06.01.24,True,-0.13101904715867263,-0.1152416748046875,0.14253760146036243,1.6724999999999999,-2.3120000000000003,0.18329685923964212,3.9844999999999997,9.116805271945532,14.04434463059713,-0.28562246274183345,1.2634504612430444,11.53207629253794
2031,2003.11.24.06.11.24,True,-0.12848236836634574,-0.11470244140625,0.1376137215584255,1.0985,-2.0725000000000002,0.17914972949315805,3.1710000000000003,6.126109985849808,5.755355905603762,-0.2978396951880029,1.248062069337525,7.65635857550438
2032,2003.11.24.06.21.24,True,-0.12898901784429573,-0.1141743408203125,0.14127939720693833,1.3210000000000002,-2.1385,0.18164737708142198,3.4595000000000002,7.2719880678003985,7.104598437571173,-0.20188347560916323,1.2530286051537518,9.117591035367425
2033,2003.11.24.06.31.24,True,-0.13101904715867263,-0.11505991210937501,0.1436219527521758,1.9055,-2.2485,0.18402794345585088,4.154,10.330404302247073,12.073472507620128,-0.15330723603693897,1.2630964262900042,13.096065631784889
2034,2003.11.24.06.41.24,True,-0.12898901784429573,-0.114501953125,0.1330938634743415,0.78,-1.5675,0.17557051580685035,2.3475,4.444588487431507,2.572082924756697,-0.11415984368245005,1.2356347988089937,5.49262155246768
2035,2003.11.24.06.51.24,True,-0.12898901784429573,-0.1143162353515625,0.13443057245371026,1.3719999999999999,-1.9445000000000001,0.17646656682209663,3.3165,7.781414548587572,5.527520815431339,-0.14746435572186925,1.24584527027571,9.697700200166308
2036,2003.11.24.07.01.24,True,-0.13101904715867263,-0.11528671874999999,0.13978840140090687,1.72,-1.9445,0.18119558652930423,3.6645,9.493081139139555,9.631749251514911,-0.05180723776907878,1.2573489053106113,11.935178398925524
2037,2003.11.24.08.01.24,True,-0.12031852200977611,-0.11533063964843751,0.13633656725881876,1.6135,-1.9595,0.17857453405874213,3.573,9.037855309904508,6.739534031063996,0.088269917745713,1.2453344836247329,11.256454033525818
2038,2003.11.24.08.11.24,True,-0.12848236836634574,-0.11464487304687498,0.13927960265969103,1.7174999999999998,-2.7805,0.18039592467426407,4.498,9.519215462641704,21.615120274764706,-0.821449153759136,1.2600037317139599,11.996172534520952
2039,2003.11.24.08.21.24,True,-0.11300627166628618,-0.113396923828125,0.14068665392546537,2.0715000000000003,-1.5234999999999999,0.18069784128776026,3.595,11.459434524835642,11.23603199810644,0.38964207932371486,1.261793290758974,14.477443272948886
2040,2003.11.24.08.31.24,True,-0.1094523589524341,-0.11456813964843751,0.1397068111274746,1.94,-1.7885,0.18067627809263648,3.7284999999999995,10.734101333983679,8.39250415447928,0.01755613340348329,1.2511428121381596,13.45770731964387
2041,2003.11.24.08.41.24,True,-0.12333035850267893,-0.11580266113281251,0.13672133946458265,1.6310000000000002,-1.2585,0.1791770103170268,2.8895,9.12519546301256,4.647138250657171,0.0736302646570436,1.2406857857059923,11.32357375753283
2042,2003.11.24.08.51.24,True,-0.11731888733748785,-0.1146140869140625,0.13249870776309058,1.5234999999999999,-1.3515,0.17519290712066912,2.875,8.716813735256867,3.8616996228687817,0.19713196653777623,1.2362781764260715,10.773381639934911
2043,2003.11.24.09.01.24,True,-0.12898901784429573,-0.11447429199218749,0.13390056533295286,1.022,-2.0765000000000002,0.17616949138898863,3.0985,5.798400308202747,5.652208699282653,-0.3223997446793298,1.2435261980914634,7.208642840176203
2044,2003.11.24.09.11.24,True,-0.11589749644274894,-0.11451298828125,0.13577652268165702,1.8735,-1.7445,0.17762085241137415,3.6180000000000003,10.57165592621229,8.662883114416982,0.26516804843328007,1.2457954568286111,13.17548634988685
2045,2003.11.24.09.21.24,True,-0.11731888733748785,-0.11471916503906249,0.1410447241015868,2.473,-1.599,0.1818080960912096,4.072,13.594273963542513,16.30030206393409,0.699791218034904,1.2595708305744733,17.130113985863986
2046,2003.11.24.10.02.30,True,-0.13356432189332723,-0.1169707763671875,0.13807961790465856,1.969,-2.3805,0.18096470333316167,4.3495,10.880574523110642,11.454679300407133,-0.11582318544100574,1.2507170736161517,13.609197328501898
2047,2003.11.24.10.11.24,True,-0.13101904715867263,-0.114802978515625,0.13443464672114092,1.626,-2.4855,0.17678740423499123,4.1115,9.192551644868164,14.017438908113762,-0.25615420889561047,1.2498702684812169,11.499721196889901
2048,2003.11.24.10.21.24,True,-0.12604636528431357,-0.11329362792968752,0.13395152891291043,1.4049999999999998,-1.9075000000000002,0.17543793871239272,3.3125,8.002559723441964,8.241617668259043,-0.1617827205336755,1.2396719792430817,9.934674661097223
2049,2003.11.24.10.31.24,True,-0.11192455151027558,-0.11417878417968749,0.132868876154222,1.536,-1.9545,0.1751922815257892,3.4905,8.76786811070671,7.593748025227063,0.04826596067289441,1.2431903409456961,10.903376173577971
2050,2003.11.24.10.41.24,True,-0.13305457787425046,-0.115825390625,0.14135206296473352,1.326,-2.29,0.1827456209779412,3.616,7.2468868049107105,10.219181316865406,-0.3703006353040272,1.2576410790682204,9.126074422631529
2051,2003.11.24.10.51.24,True,-0.13356432189332723,-0.117420458984375,0.13399338731143334,0.8385,-1.9935,0.1781623324682416,2.832,4.702651076886431,8.547686696597188,-0.47781886341722757,1.2374237034644864,5.811238496589638
2052,2003.11.24.12.53.55,True,-0.13101904715867263,-0.11500214843749999,0.14407696057848363,1.6345,-1.9529999999999998,0.18434664167026088,3.5875000000000004,8.86462202781094,7.5912861546811605,-0.10943739199742253,1.2575444419235935,11.157530322828585
2053,2003.11.24.12.57.32,True,-0.1056598754833723,-0.114508935546875,0.13981645184544714,1.4075,-1.4515,0.18072362212478338,2.859,7.787252000209309,3.7571057015690563,-0.006264316763063757,1.2481533815155466,9.718940819324464
2054,2003.11.24.13.07.32,True,-0.12898901784429573,-0.114381640625,0.14159065847574115,1.7429999999999999,-2.777,0.18202543764161327,4.52,9.576511196348061,18.138809234751157,-0.302300528185318,1.2579993302266332,12.045798867529548
2055,2003.11.24.13.17.32,True,-0.11731888733748785,-0.1146137451171875,0.13661221537559026,2.1535,-1.7125,0.17832416165429915,3.866,12.080815514624122,7.869854726537152,0.13465393090203254,1.244207149437902,15.040043994709361
2056,2003.11.24.13.27.32,True,-0.11589749644274894,-0.11412236328125,0.15063186427995556,2.454,-2.799,0.1889848412773574,5.253,12.949934731212176,28.226570326851796,0.07394311356033692,1.2889566733279363,16.74102911258711
2057,2003.11.24.13.37.32,True,-0.11529650481067977,-0.1136974365234375,0.14228596678106975,2.1304999999999996,-1.8285,0.18213292790607125,3.959,11.697523098507997,9.010291012594735,0.21386387053485095,1.2558664512565763,14.690776859707185
2058,2003.11.24.13.47.32,True,-0.10895892323990208,-0.11408486328125,0.13934806902314034,1.5270000000000001,-1.8215,0.1800934745634364,3.3485,8.474626617469314,5.523153722528395,0.009469944836438291,1.2515102926812536,10.604952514879667
2059,2003.11.24.13.57.32,True,-0.11589749644274894,-0.11418454589843749,0.14198920103085422,2.838,-2.5,0.1822113657179105,5.338,15.529885330484657,36.1547677635833,0.4844842877599156,1.2689582420497332,19.79334994927485
2060,2003.11.24.14.07.32,True,-0.11981773688655784,-0.115046435546875,0.1463310144989142,2.484,-2.19,0.18615140995060248,4.674,13.313851126438944,19.254024688348277,0.4481438702607461,1.2687704774813766,16.92694838163492
2061,2003.11.24.14.17.32,True,-0.12031852200977611,-0.11539831542968751,0.13823937568299322,2.0435,-1.7465,0.18007615514975323,3.79,11.344518880077349,9.497535145701473,0.22452267479908067,1.2492996013779893,14.182406968347177
2062,2003.11.24.14.27.32,True,-0.11589749644274894,-0.1140586181640625,0.140267756266081,2.14,-1.964,0.1807883079800854,4.104,11.832167222541125,10.336509872043678,0.2671281077212846,1.2556044025241628,14.865189302081028
2063,2003.11.24.14.37.32,True,-0.11981773688655784,-0.1148771728515625,0.14721219840151967,2.9415,-2.521,0.18673772883664655,5.4625,15.73704280046524,27.66713527357811,0.3644808910262169,1.2808775989184058,20.189739021094596
2064,2003.11.24.14.47.32,True,-0.13101904715867263,-0.115441748046875,0.1434196083277013,1.7774999999999999,-3.1825,0.1841144159617204,4.96,9.647663706414521,29.193587525883167,-0.797338351619968,1.2651541731255431,12.213032695983527
2065,2003.11.24.14.57.32,True,-0.13101904715867263,-0.1153557373046875,0.14241145591127585,1.539,-3.059,0.18327487564157463,4.598,8.38907757329109,27.324296637961087,-0.8812526007393757,1.2692192060269938,10.659360310278377
2066,2003.11.24.15.07.32,True,-0.13101904715867263,-0.11570583496093749,0.1362578383536448,1.0470000000000002,-2.4509999999999996,0.17875701586559734,3.4979999999999998,5.8560529390639875,8.926442652309461,-0.4618316389629876,1.246245330432461,7.292350023636113
2067,2003.11.24.15.17.32,True,-0.1094523589524341,-0.114419140625,0.1360309218960863,1.316,-1.627,0.17775374875907238,2.9429999999999996,7.412706338806023,3.2554683722555775,0.020018524513491745,1.239784339273077,9.197552569827224
2068,2003.11.24.15.27.32,True,-0.12898901784429573,-0.11450590820312499,0.13983260823628185,1.582,-3.2485,0.18073483474653218,4.830500000000001,8.75514116759179,17.458560123564343,-0.4237563552350403,1.2503943024108604,10.943443410956341
2069,2003.11.24.15.37.32,True,-0.11589749644274894,-0.11440656738281249,0.13512527220653242,1.3905,-1.412,0.17705323861173156,2.8025,7.8570215541948905,4.140152650483336,0.11389007153776562,1.2377739409535056,9.738122607246073
2070,2003.11.24.15.47.32,True,-0.13101904715867263,-0.1154717529296875,0.13625515558237516,1.5245000000000002,-2.4080000000000004,0.17860351289427748,3.9325,8.523327944288729,8.780530788368342,-0.3608883924866653,1.2482204644707184,10.636322330901553
2071,2003.11.24.15.57.32,True,-0.10558703674272962,-0.11378769531249999,0.13831057933296514,1.4184999999999999,-1.4365,0.17910200758157388,2.855,7.923637218381509,2.8450303806290678,-0.001508895415685928,1.2429499259736734,9.856741867270141
2072,2003.11.24.16.07.32,True,-0.11981773688655784,-0.114928759765625,0.1391326891207305,2.075,-1.7029999999999998,0.18046498326129953,3.7779999999999996,11.48200061348781,10.46831275103381,0.3589505331370538,1.2505050552098205,14.372149444922428
2073,2003.11.24.16.17.32,True,-0.1094523589524341,-0.114133447265625,0.13535580580359866,0.9155,-0.9385,0.17705436382536943,1.854,5.172001278942235,1.0537768490792925,0.026774129660070766,1.234480820915357,6.385272652412305
2074,2003.11.24.16.27.32,True,-0.10895892323990208,-0.114190673828125,0.13607670134948588,0.9755,-1.2894999999999999,0.17764212937328133,2.2649999999999997,5.493716837049489,1.8635733836653334,0.03477732087999566,1.2372532001135468,6.797247659512468
2075,2003.11.24.16.37.32,True,-0.11731888733748785,-0.1147523193359375,0.13605976492697625,1.046,-1.1520000000000001,0.1779897743322622,2.198,5.877829984964223,1.6490005827743266,0.07195069770251047,1.2361707867961003,7.263281423795277
2076,2003.11.24.16.47.32,True,-0.11192455151027558,-0.114847607421875,0.13650068187414305,1.0665,-1.1389999999999998,0.17838874849675396,2.2055,5.978426184058581,1.5655804504417539,-0.014885158151093026,1.2389104488639182,7.4063532828594845
2077,2003.11.24.16.57.32,True,-0.11731888733748785,-0.11464765625000001,0.1429536854684939,1.586,-1.3,0.1832481111397339,2.886,8.6508231721049,3.77853051060458,0.1575055760783,1.2454675794447847,10.781094425567481
2078,2003.11.24.17.07.32,True,-0.11192455151027558,-0.11499516601562501,0.14195056319245603,1.525,-1.599,0.18268539286867796,3.124,8.34958551984947,4.092138513718581,-0.005826318751235314,1.2466273763958813,10.416052372707426
2079,2003.11.24.17.17.32,True,-0.12898901784429573,-0.11422966308593749,0.1412923015670828,1.2035,-1.8505,0.18169848647479214,3.0540000000000003,6.6133661003701505,4.834088036202874,-0.1274522562075341,1.2471796560273396,8.253915188795471
2080,2003.11.24.17.27.32,True,-0.11301863524110867,-0.114688916015625,0.14500905708187228,1.3085,-2.0495,0.1848817728538079,3.358,7.079277821893622,6.413462100573128,-0.03280867943405799,1.2530226195480332,8.881090785596944
2081,2003.11.24.17.37.32,True,-0.13101904715867263,-0.115377099609375,0.13801177507876433,0.7605,-1.05,0.1798875693460364,1.8105,4.2271736135344655,1.11132394968788,-0.05709990715338342,1.236916769746212,5.22908041639082
2082,2003.11.24.17.47.32,True,-0.12898901784429573,-0.1144842529296875,0.1474388960639758,1.787,-2.2720000000000002,0.18667086735022098,4.059,9.548140474681828,13.26393255314881,-0.16942125826538845,1.2644121093255571,12.125445503737566
2083,2003.11.24.17.57.32,True,-0.10904893376264113,-0.11335783691406248,0.14495362018374736,1.4405000000000001,-1.6455,0.18401648068304122,3.086,7.827629367066182,3.5121137852888524,0.04715744093562709,1.249926859873654,9.78346882471158
2084,2003.11.24.18.07.32,True,-0.10895892323990208,-0.1143155517578125,0.13872196375942,1.079,-1.565,0.17975500035553732,2.6439999999999997,6.0023828836904185,2.806291028592462,0.009076684360994958,1.2403174276603584,7.446293736536706
2085,2003.11.24.18.17.32,True,-0.12848236836634574,-0.114740576171875,0.14109832973785552,0.9555,-1.3965,0.1818629822834265,2.3520000000000003,5.252809745043713,1.7015588720868,-0.07533743348561188,1.2377415420775106,6.504581182055387
2086,2003.11.24.18.27.32,True,-0.11981773688655784,-0.114997119140625,0.14519739854886182,1.5565000000000002,-1.4060000000000001,0.18522243769091923,2.9625000000000004,8.397337904188294,4.9688031587608545,0.1169275263032408,1.2517795785100747,10.52820454381549
2087,2003.11.24.18.37.32,True,-0.10371509425551295,-0.113481298828125,0.14064759354917733,1.53,-1.615,0.1807254150869066,3.145,8.453295642221835,3.904626295882369,0.0015088283327590116,1.246277821540597,10.538289513129595
2088,2003.11.24.18.47.32,True,-0.11192455151027558,-0.11448352050781249,0.14118746173792854,1.621,-1.509,0.18177047393700202,3.13,8.91151602245411,4.311069161949556,0.04275864441877163,1.2435731409399668,11.09826291777137
2089,2003.11.24.18.57.32,True,-0.11241999440525041,-0.1138748046875,0.14079487870202634,1.4065,-1.796,0.18108312585262087,3.2025,7.768759987334137,3.192696652805317,0.05167645109017993,1.2423519882474063,9.653318440846821
2090,2003.11.24.19.07.32,True,-0.11999584558274978,-0.1144774169921875,0.1371909906818498,1.0915,-1.482,0.17868258667003437,2.5735,6.104914817249056,2.3603983402860655,-0.046958039791021866,1.2368733659077755,7.550202342986477
2091,2003.11.24.19.17.32,True,-0.11589749644274894,-0.11415061035156249,0.14004350086883582,1.6005,-1.349,0.1806739461500122,2.9495,8.8770868607204,2.9057728592582683,0.1340807922743078,1.237444648688335,10.987714669563413
2092,2003.11.24.19.27.32,True,-0.05634366978946026,-0.11400625,0.13575532842997132,0.554,-1.315,0.17727899530913976,1.869,3.129797872172394,0.8523145137403949,-0.040885950107953706,1.2338794389983143,3.8626264459440476
2093,2003.11.24.19.37.32,True,-0.11044023249797796,-0.114842626953125,0.1380119968128961,0.9924999999999999,-1.033,0.17954816489733266,2.0255,5.527706606045776,0.9584903276903867,0.003163822840931217,1.2333807075166026,6.817783615408608
2094,2003.11.24.19.47.32,True,-0.10463067731054487,-0.11477783203125,0.13708597398096461,0.9630000000000001,-0.853,0.17879335100455507,1.816,5.382534080748,0.9286097077198472,0.055682991809547784,1.2332013058049678,6.635258966563256
2095,2003.11.24.19.57.32,True,-0.12604636528431357,-0.11351787109375001,0.14112443688853427,1.0495,-1.459,0.18111863585588273,2.5084999999999997,5.7944017556778995,2.4431252250275968,-0.07689578573227461,1.241072095613156,7.191569262754174
2096,2003.11.24.20.07.32,True,-0.1320361239104536,-0.1151208984375,0.13797255222473107,0.745,-1.3895,0.17969256848287252,2.1345,4.14505221961298,1.4692658497600934,-0.07319753943545601,1.2404544368627501,5.142189820201011
2097,2003.11.24.20.17.32,True,-0.13101904715867263,-0.11481225585937502,0.13975831949805595,1.2525,-1.849,0.18087556241863922,3.1015,6.913051222218793,3.1506342370834575,-0.07573679838304362,1.2410028766459575,8.579482538300596
2098,2003.11.24.20.27.32,True,-0.11589749644274894,-0.11452236328125001,0.1427215966865824,2.029,-1.5295,0.18298879916759397,3.5585,11.093244873866919,5.0049548973698545,0.1325430241189872,1.2468848377564958,13.845760311464577
2099,2003.11.24.20.37.32,True,-0.11192455151027558,-0.11428769531249999,0.13675346813686978,1.001,-0.9275,0.17823549027078162,1.9285,5.61316185479104,0.9695555457426681,0.03969009075195673,1.235300530939257,6.934426331886876
2100,2003.11.24.20.47.32,True,-0.11162242596648708,-0.1135593017578125,0.138293991909681,1.005,-1.067,0.17894686439824453,2.072,5.619555877066928,1.0007956669425886,-0.030525000391373944,1.2416193780286977,6.978802290610512
2101,2003.11.24.20.57.32,True,-0.10666628825216262,-0.1145448486328125,0.13838972540947797,0.7424999999999999,-1.166,0.1796476727007077,1.9084999999999999,4.133632050093145,0.8264527670880735,-0.038176755538301146,1.2349363729310254,5.104589049789707
2102,2003.11.24.21.07.32,True,-0.0941151578391729,-0.113836865234375,0.13819081796118338,0.7785,-0.8985000000000001,0.17905149930793268,1.677,4.3560983979509,0.7251371667968229,-0.017283321070858157,1.2377373107278127,5.390162884645601
2103,2003.11.24.21.17.32,True,-0.11582363022839681,-0.11526005859375,0.1411794530441746,1.577,-1.51,0.18225627042878012,3.087,8.659310378636143,2.652491027645572,0.05245762152108691,1.2405627017836482,10.744346019451022
2104,2003.11.24.21.27.32,True,-0.037427481977160615,-0.1143482421875,0.13479493473973442,0.6845,-0.829,0.17677698064849592,1.5135,3.878743722109337,0.47289945617117723,-0.03115711255890191,1.2323175332540042,4.7802068181489865
2105,2003.11.24.21.37.32,True,-0.006194751942409482,-0.11446025390625,0.13758656640462935,0.575,-0.9815,0.17898664446921697,1.5565,3.214821657062785,0.5577161703175137,-0.01658551132329655,1.2318476948026114,3.960299915299993
2106,2003.11.24.21.47.32,True,-0.09102766905276716,-0.1142151611328125,0.1356570037650765,0.663,-1.316,0.17734773506770873,1.979,3.725951403263589,0.8842341107947544,-0.07081126589872497,1.236651595564883,4.6076835358783095
2107,2003.11.24.21.57.32,True,-0.09058390487430001,-0.1155187744140625,0.13569336165414814,0.802,-0.8765000000000001,0.17822434603555387,1.6785,4.501232391561076,0.714443220272303,0.0033982042301933073,1.2317456489987095,5.544319810255468
2108,2003.11.24.22.07.32,True,-0.10001755068084661,-0.11411315917968749,0.1351606918002066,0.9299999999999999,-0.901,0.1769059531703826,1.831,5.261458167187961,0.8112879614797592,-0.005632702855075434,1.2336741488209007,6.4903800045655
2109,2003.11.24.22.17.32,True,-0.0768090119540713,-0.115056640625,0.13570923760541992,0.6705,-1.155,0.17792728748375916,1.8255,3.7807421623292115,0.7900889409888572,-0.03662058295915641,1.2341846406144446,4.665313983324801
2110,2003.11.24.22.27.32,True,-0.11333826963987659,-0.114940576171875,0.13583383835706336,1.0825,-1.052,0.1779447356201067,2.1345,6.112002230989286,1.137305508862875,0.018803945560137696,1.231720994309315,7.527984464403483
2111,2003.11.24.22.37.32,True,-0.10623352256055552,-0.1142763671875,0.1373309823604305,0.846,-1.0110000000000001,0.17866381455725294,1.857,4.729062305771766,0.8583979058808142,0.04347044069634952,1.233673225762156,5.834081747077386
2112,2003.11.24.22.47.32,True,-0.10659192654507499,-0.11513359375,0.14060832942451978,0.718,-1.033,0.18173613643768233,1.751,3.9523495784525275,0.8474101220664554,-0.056308432315739135,1.2372424308236882,4.8902695393272895
2113,2003.11.24.22.57.32,True,-0.1094523589524341,-0.11439287109375,0.14125790728048365,1.079,-1.046,0.1817881818152276,2.125,5.950725126510948,1.1533261818585103,0.036652460933486154,1.238094368419702,7.367154729413009
2114,2003.11.24.23.07.32,True,-0.10853894895809435,-0.11387656249999999,0.13993994314670366,0.9375,-1.088,0.18042240548499358,2.0255,5.197048432732801,1.02027035971029,-0.013851509113954646,1.23660530693235,6.427052494726201
2115,2003.11.24.23.17.32,True,-0.10923293832657066,-0.1151651611328125,0.14000964583218645,0.7995,-1.1585,0.18130730737589906,1.9580000000000002,4.421741097840283,0.9365742553125045,0.0027383965781940505,1.2357564380104833,5.462654435892222
2116,2003.11.24.23.27.32,True,-0.1129157726235328,-0.1141385986328125,0.14377107048145127,0.829,-1.229,0.18357436598970112,2.058,4.525976349243212,1.0338494855373068,-0.017217543906264468,1.238877474207178,5.607318362232835
2117,2003.11.24.23.37.32,True,-0.11390833593798111,-0.11448544921875001,0.14221762582576528,1.0875,-1.084,0.18259142477550416,2.1715,5.968807874478168,1.3188601548354504,0.058402152344880984,1.2383844005796747,7.3907344574410585
2118,2003.11.24.23.47.32,True,-0.11589749644274894,-0.11421625976562501,0.1420001185945716,0.9855,-0.9875,0.18224745095991013,1.973,5.417870234673488,1.2266291195762462,0.09618273058114055,1.2362057149744898,6.696127623556686
2119,2003.11.24.23.57.32,True,-0.08942260747166764,-0.11372104492187499,0.14070625435701734,0.8705,-0.876,0.1809334218533566,1.7465,4.831475599326003,0.7572620703280508,0.053299497667702866,1.235507180670328,5.9657039755723025
2120,2003.11.25.10.47.32,True,-0.10558703674272962,-0.113881884765625,0.18293995580170033,1.3895,-1.7445,0.21550379818434784,3.134,6.447989206163814,1.8788340998608577,-0.0005114275970144189,1.2647836635180547,8.155380374315179
2121,2003.11.25.10.57.32,True,-0.11120942845369819,-0.115030078125,0.18402798615056037,2.2145,-2.073,0.21702252226895916,4.2875,10.212607347861036,4.891431394302068,0.030982167877187754,1.2698238414366863,12.982840611160551
2122,2003.11.25.11.07.32,True,-0.11241999440525041,-0.11458720703125,0.18331711383415783,1.4645000000000001,-1.445,0.21618390160401046,2.9095000000000004,6.784439524291049,1.8650281277816447,-0.01607239000519425,1.2630953759542374,8.579367942898292
2123,2003.11.25.11.17.32,True,-0.11341188639207445,-0.113639501953125,0.1877579168660575,1.185,-1.6345,0.21947947849676538,2.8195,5.407066759585265,1.446942227827601,-0.025196373981857603,1.2606203287616573,6.819493729479531
2124,2003.11.25.11.27.32,True,-0.12502018577576524,-0.115349853515625,0.19670314397532276,1.571,-1.6405,0.2280431240487708,3.2115,6.90358871183181,2.0029792641754844,-0.04763229388354376,1.2725271925159374,8.79900042591919
2125,2003.11.25.11.37.32,True,-0.11192455151027558,-0.11502744140625001,0.19827698724859916,1.394,-1.4344999999999999,0.22923144520565827,2.8285,6.0908460952237755,1.4500324273183638,-0.012323095815210922,1.2685111593864362,7.734720360261001
2126,2003.11.25.11.47.32,True,-0.11999584558274978,-0.11442248535156249,0.20233630926352086,1.2105000000000001,-1.8285,0.2324508905635562,3.039,5.214073851566497,1.9999536547903438,-0.04578831331954032,1.2758942235700523,6.655936963516867
2127,2003.11.25.11.57.32,True,-0.1084658212663061,-0.1147595703125,0.20493183005304028,2.0155000000000003,-2.057,0.23487998319908931,4.0725,8.58885633028404,3.0998166849656568,-0.009606413449109112,1.2819650593784595,11.01991116574017
2128,2003.11.25.12.07.32,True,-0.11539970151325174,-0.115313671875,0.20783078152951182,1.483,-1.6465,0.2376806671688958,3.1295,6.2469916536343115,1.896699331395972,-0.022500244041375544,1.2784217243379703,7.991621388078475
2129,2003.11.25.12.17.32,True,-0.11151975924961988,-0.113507421875,0.2104348396086413,1.8675,-1.621,0.23909959619983168,3.4885,7.839528436618686,2.7608120866566788,0.06156966325995758,1.2796608607427706,10.045714126524096
2130,2003.11.25.12.27.32,True,-0.12898901784429573,-0.11442353515625,0.2161071920236359,1.3395,-1.7345000000000002,0.24453430897019718,3.074,5.480104467177631,1.6765647834875037,-0.06944766475098221,1.2833396117294638,7.034008879596332
2131,2003.11.25.12.37.32,True,-0.11341188639207445,-0.1126157470703125,0.21278565489991375,1.7295,-1.487,0.24075497547202057,3.2165,7.190241389858486,2.295666962639449,0.026315978622007984,1.2846284891256847,9.244710576525634
2132,2003.11.25.12.47.32,True,-0.13101904715867263,-0.1154559814453125,0.21068311899946005,1.4405000000000001,-1.6724999999999999,0.24024626448548353,3.113,5.997091383282783,1.6289165386265045,-0.05116445287313251,1.277572296868325,7.662569598421863
2133,2003.11.25.12.57.32,True,-0.11192455151027558,-0.1148780517578125,0.21929824026040398,2.135,-1.597,0.24757024972392094,3.732,8.645616968151252,2.4218943904103916,-0.012834798626158713,1.2844620586764668,11.113714402808535
2134,2003.11.25.13.07.32,True,-0.12949601023033952,-0.11388491210937499,0.22479542939660957,1.6065,-1.968,0.25200926299107496,3.5745000000000005,6.391508031425973,2.4837282510343996,-0.07607742052196836,1.295178640319904,8.285034395215497
2135,2003.11.25.13.17.32,True,-0.11170438734248189,-0.1154226806640625,0.2352316534581988,2.2755,-2.207,0.2620253446899274,4.4825,8.709665079810431,4.789876622912088,0.013762700766375216,1.3050870005520396,11.410476068119673
2136,2003.11.25.13.27.32,True,-0.11931729047310458,-0.11610498046875001,0.23538581021740507,2.0300000000000002,-1.8825,0.2624649006612451,3.9125,7.7662277507064585,3.8275551756034876,0.04270888594097297,1.3033270953019152,10.124805809149397
2137,2003.11.25.13.37.32,True,-0.11300627166628618,-0.1133937255859375,0.24456495962337454,2.8125,-2.3550000000000004,0.26958175594873385,5.1675,10.480378935845597,7.1148423642626195,0.20250285080458802,1.316085447401249,13.827157777522896
2138,2003.11.25.13.47.32,True,-0.13101904715867263,-0.11523061523437499,0.24618781922103175,2.2265,-2.653,0.27184200640981127,4.8795,8.228048091534419,4.515472166359573,-0.04996959276756924,1.3126400742226592,10.79942928562817
2139,2003.11.25.13.57.32,True,-0.12898901784429573,-0.11412248535156251,0.24437160462699087,2.223,-2.493,0.26972250252939617,4.716,8.24641630663726,4.318271602532416,-0.06321051642113651,1.3113103111620659,10.81409349181644
2140,2003.11.25.14.07.32,True,-0.11639562828744643,-0.11637739257812499,0.24797301355494333,2.1995,-2.4935,0.27393872696662186,4.693,8.044835035583963,4.032390514879202,-0.01469425331851077,1.3097878410491337,10.539308741829815
2141,2003.11.25.14.17.32,True,-0.10804613103724625,-0.114334326171875,0.2402202439456304,2.0215,-1.9655,0.2660727657191818,3.987,7.622986622369961,2.5060852822884905,-0.01352401753354944,1.29915674485646,9.901037014509773
2142,2003.11.25.14.27.32,True,-0.13101904715867263,-0.11499479980468749,0.24621638218590178,2.1615,-2.814,0.2717558195472863,4.9755,7.948359312730975,4.432070056966149,-0.05796713631526289,1.3099623228048407,10.411602041491182
2143,2003.11.25.14.37.32,True,-0.11949527870414722,-0.114934814453125,0.25300163598577585,2.263,-1.9995,0.27789901832373054,4.2625,8.13500753892779,3.4190880264953045,-0.039931463217234474,1.3137112984795638,10.687168942706357
2144,2003.11.25.14.47.32,True,-0.13101904715867263,-0.11508242187500001,0.25457355396906783,2.5404999999999998,-3.0175,0.2794049314316842,5.558,9.137196583512024,5.83349999703154,-0.09474653106217011,1.3171892951559692,12.053706215175552
2145,2003.11.25.14.57.32,True,-0.11053042590592443,-0.113059033203125,0.24235423077484636,1.8375000000000001,-2.0645,0.26745356701037704,3.902,6.848482375954982,2.8688495578280437,-0.018014887505158242,1.3070719520792387,8.949066431700759
2146,2003.11.25.15.07.32,True,-0.12848236836634574,-0.11470776367187499,0.2567829846513124,2.0045,-2.052,0.28124302918747773,4.0565,7.131905450158069,2.7317130069768436,-0.08200128488385455,1.310524821733324,9.36030540504819
2147,2003.11.25.15.17.32,True,-0.13356432189332723,-0.1166322265625,0.2543478736083534,1.776,-2.1864999999999997,0.27981699903837853,3.9624999999999995,6.354671532282783,2.801627883735445,-0.11038121333634757,1.309920521253582,8.326287768477526
2148,2003.11.25.15.27.32,True,-0.12848236836634574,-0.11472119140624998,0.25452188818691934,1.8665,-1.9945,0.279183606902674,3.8609999999999998,6.696919781823344,2.4935781930696126,-0.05398955299573801,1.3078013101763708,8.761814839046112
2149,2003.11.25.15.37.32,True,-0.12604636528431357,-0.1132950927734375,0.25931170734565356,2.23,-1.6920000000000002,0.28299078251301546,3.9219999999999997,7.897515591461156,2.8468317016367015,-0.05770311801849365,1.3149254021929977,10.397857444105107
2150,2003.11.25.15.47.32,True,-0.12705670858434992,-0.1132087158203125,0.25292629649922044,1.8900000000000001,-2.0865,0.27711011841263783,3.9765,6.829492286274217,2.314655964991796,-0.06884443181880852,1.3013693825602495,8.891177668602978
2151,2003.11.25.15.57.32,True,-0.13101904715867263,-0.11526201171875,0.2560010429144125,1.6675,-1.647,0.28075623981304454,3.3145,5.93957870682131,2.1924557645755036,-0.0984590410686281,1.3085004853141755,7.772188454837784
2152,2003.11.25.16.07.32,True,-0.1123464772018582,-0.1149207763671875,0.25459482759659974,2.423,-2.2409999999999997,0.2793404923362086,4.664,8.704603105891884,3.228059634305981,0.007455746506348247,1.307875419298385,11.397562845410688
2153,2003.11.25.23.13.21,True,-0.12242923719710752,-0.1125561279296875,0.4620723756861424,4.441,-4.826499999999999,0.4756039641898946,9.2675,9.30435377825948,9.265944424950963,-0.03877932617543019,1.4203139444125599,13.247360461373221
2154,2003.11.25.23.19.56,True,-0.12182291193123651,-0.11023693847656252,0.4988317235379281,4.813000000000001,-4.634,0.5109195730228405,9.447000000000001,9.428630434905468,9.012148701008144,0.08656007307275168,1.4398972067168718,13.566821339316213
2155,2003.11.25.23.29.56,True,-0.13356432189332723,-0.11595493164062501,0.4520178308047099,3.8975,-4.482,0.46665427224759837,8.3795,8.339357209928451,7.601984455102416,-0.09972613354879722,1.4003511783181406,11.702517756027074
2156,2003.11.25.23.39.56,True,-0.12747009720716984,0.006624804687499999,0.5308583541598235,4.257,-4.4165,0.5448053194376139,8.6735,7.754185006426562,5.08420336546621,0.046858462797248576,1.3582711807411032,10.529444426094964
