mean,std,max,min,rms,peak_to_peak,crest_factor,kurtosis,skewness,shape_factor,impulse_factor,reading,filename,progress,is_anomaly,anomaly_score
-0.0937840087890625,0.08407785163685852,0.3075,-0.6020000000000001,0.1260486978346102,0.9095,2.4282175668681902,0.2508535792125859,-0.07262793914047434,1.2050194940924732,2.9300861182494673,1,2003.10.22.12.06.24,0.0,False,0.057452558332239945
-0.09534790039062499,0.08349851825469565,0.26649999999999996,-0.635,0.1268358316898871,0.9015,2.0968766907977736,0.26051464949006586,-0.06721366325786174,1.2012458064760798,2.5205048898416966,2,2003.10.22.12.09.13,0.0463821892393321,False,0.127802559507723
-0.09639257812499999,0.08366536231398278,0.3125,-0.5225,0.12773897252496755,0.835,2.442226726947685,0.1909984178591133,-0.060526096116603034,1.2014550328114126,2.9359794392448917,3,2003.10.22.12.14.13,0.0927643784786642,False,0.056599002676365306
-0.09587578125,0.08340007600522718,0.265,-0.5405,0.12718227964087087,0.8054999999999999,2.080396013904636,0.2544272723455969,-0.0781014035860749,1.2021675027586105,2.5023543640679264,4,2003.10.22.12.19.13,0.13914656771799627,False,0.13140277244527265
-0.09559030761718751,0.0824529612253029,0.3075,-0.6479999999999999,0.1263223515043426,0.9554999999999999,2.4256776182525446,0.3008408101172104,-0.06823696940004155,1.1995173388106726,2.912567250696811,5,2003.10.22.12.24.13,0.1855287569573284,False,0.04465028640026214
-0.0946896484375,0.08307390069114656,0.27949999999999997,-0.564,0.12607374402501623,0.8434999999999999,2.2079419227967856,0.18528679370430146,-0.04199319302019029,1.2005046500062169,2.6534634121027523,6,2003.10.22.12.29.13,0.2319109461966605,False,0.12752474935551938
-0.09522587890625,0.0837268826700962,0.2585,-0.531,0.1269033833132579,0.7895,2.03902238731604,0.16543816268033584,-0.0625416842218358,1.2020907232434213,2.45036859024858,7,2003.10.22.12.34.13,0.27829313543599254,False,0.14738807680586136
-0.0951233154296875,0.0826069104492821,0.2575,-0.6005,0.12607431475297062,0.858,2.042827574102725,0.23623376271009633,-0.05229074276389029,1.199113698591821,2.4494289113291083,8,2003.10.22.12.39.13,0.3246753246753247,False,0.10850856645015716
-0.096394287109375,0.08236117360160192,0.2585,-0.5445,0.12687269888072927,0.8029999999999999,2.0318902473174534,0.17976762414786274,-0.06018616204198993,1.1990968651617653,2.438289537608786,9,2003.10.22.12.44.13,0.3710575139146568,False,0.06698733461607465
-0.095052734375,0.08214845422954364,0.2955,-0.5165,0.1257273931361464,0.812,2.353460467628834,0.08816136297915111,-0.05011270223103882,1.200540322129065,2.8241202893016446,10,2003.10.22.12.49.13,0.4174397031539889,False,0.059211628736330235
-0.09462851562500002,0.08295093444948115,0.3015,-0.52,0.12592558542339125,0.8215,2.3821969741232145,0.09852021606535044,-0.06088265497588773,1.20216846030287,2.8681376377613157,11,2003.10.22.12.54.13,0.463821892393321,False,0.08302751455103935
-0.09494970703125,0.08341916756242895,0.28200000000000003,-0.558,0.12649732588027768,0.84,2.237747609356297,0.13951616843564119,-0.03787084997154667,1.2017527400831796,2.685240163329383,12,2003.10.22.12.59.13,0.5102040816326531,False,0.13091179700549016
-0.095032421875,0.08220830816051372,0.2555,-0.5885,0.12575611714825727,0.844,2.031610415507933,0.2681286063620181,-0.046671831691432034,1.198339770850199,2.4345982757886673,13,2003.10.22.13.04.13,0.5565862708719851,False,0.07808476135957115
-0.0953203125,0.08229428123553303,0.2625,-0.5615,0.1260156863182711,0.824,2.0745114661204354,0.10885959416689817,-0.049841826772661656,1.2004870054752255,2.494109445616332,14,2003.10.22.13.09.13,0.6029684601113172,False,0.10837885105291473
-0.0946512451171875,0.08207495925104447,0.3125,-0.5409999999999999,0.12539126041383886,0.8534999999999999,2.4709028354795257,0.11408938206474906,-0.04428650793744717,1.200604061783073,2.9749572844813734,15,2003.10.22.13.14.13,0.6493506493506493,False,0.024760656763923916
-0.0948634033203125,0.082868339451309,0.2475,-0.615,0.12607120458062585,0.8625,1.9705805352410581,0.3305524970381246,-0.10078107564402655,1.2033152584243902,2.3686264880008494,16,2003.10.22.13.19.13,0.6957328385899815,False,0.0468557819509694
-0.095395068359375,0.08323836782291365,0.2405,-0.5715,0.12671518856078423,0.812,1.89366055763578,0.17151469190940172,-0.05703028791073472,1.2000392349226126,2.273911619335701,17,2003.10.22.13.24.13,0.7421150278293136,False,0.09309987029514277
-0.0953867919921875,0.08377855527477013,0.3225,-0.7115,0.12707435774562503,1.034,2.535665433435139,0.4326302069085779,-0.07271298132610195,1.201053060578834,3.0462014721302983,18,2003.10.22.13.29.13,0.7884972170686457,True,-0.031936023251563306
-0.09562421875000002,0.08388357147506864,0.2525,-0.5105000000000001,0.12729167291094381,0.763,1.9864082798969664,0.0717211070417747,-0.0481160726307993,1.2016837138803342,2.3860526366567205,19,2003.10.22.13.34.13,0.8348794063079777,False,0.06467646045615894
-0.0947837890625,0.08356575039284755,0.272,-0.488,0.12645795432890533,0.76,2.1529529099582376,0.10740441694328906,-0.08284943720250731,1.203847093701305,2.5911414941909565,20,2003.10.22.13.39.13,0.8812615955473098,False,0.09338642765652438
-0.0960703369140625,0.08341149137373817,0.277,-0.5640000000000001,0.1273338974679936,0.841,2.1768756468665016,0.26423967734621967,-0.07998367298996277,1.2018137941188696,2.615651522335212,21,2003.10.22.13.44.13,0.927643784786642,False,0.1268235011889789
-0.09467333984375001,0.08432379221960573,0.31,-0.5505,0.1268811269325112,0.8605,2.4326430872564417,0.19072513056098517,-0.06060305049792867,1.2039255687666315,2.9320593307888005,22,2003.10.22.13.49.13,0.974025974025974,False,0.11679775248028251
-0.094807177734375,0.08417755946169087,0.3005,-0.5980000000000001,0.12689789927045791,0.8985000000000001,2.351867948002061,0.2504035589304412,-0.038943113430851856,1.2010651949393503,2.830328673077841,23,2003.10.22.13.54.13,1.0204081632653061,False,0.10463807068044106
-0.0945017822265625,0.08465274166972794,0.29400000000000004,-0.5935,0.12699402523446393,0.8875,2.3055809592382897,0.2702045298386322,-0.07753051464967067,1.2061617787362435,2.784669727979683,24,2003.10.22.13.59.13,1.0667903525046383,False,0.11442849205157746
-0.09402668457031249,0.0849061817611476,0.2575,-0.4685,0.12678198213329445,0.726,2.0251604627897395,0.08853684386320637,-0.06551687378729171,1.2073398780861837,2.4468796211351913,25,2003.10.22.14.04.13,1.1131725417439702,True,-0.0005689171225715661
-0.09489462890625,0.0841442685242923,0.3235,-0.5245,0.12692843759463138,0.848,2.5425581035637177,0.2767096218689522,-0.05848305593103795,1.2038143852510954,3.0627005509497813,26,2003.10.22.14.09.13,1.1595547309833023,False,0.057123893038139806
-0.0944020751953125,0.08368418547098692,0.27,-0.507,0.12625105689362243,0.7769999999999999,2.136829517999478,0.07659599385284355,-0.041847099988827595,1.2034412359667235,2.5721449990230925,27,2003.10.22.14.14.13,1.2059369202226344,False,0.09123190390551428
-0.0956795654296875,0.0846134150473827,0.28700000000000003,-0.5495,0.12782076465042047,0.8365,2.2403304897216265,0.1831242972811804,-0.04692634614522946,1.201992996225854,2.6943028057630274,28,2003.10.22.14.19.13,1.2523191094619666,False,0.10861139396277442
-0.0951345703125,0.08331623506006089,0.255,-0.5795,0.1265795338187998,0.8345,2.0074152568555044,0.20475061058867894,-0.0723060950149792,1.2018201246756943,2.4146148121171906,29,2003.10.22.14.24.13,1.2987012987012987,False,0.14696916118759834
-0.0945625732421875,0.08345157831427374,0.2635,-0.5025,0.12624844111225136,0.766,2.0921694228667294,0.05331979501706208,-0.07860238077816008,1.2044598350809337,2.518032523582428,30,2003.10.22.14.29.13,1.3450834879406308,False,0.0867375974516314
-0.09552685546875,0.08376306580880849,0.2515,-0.6020000000000001,0.12714487515790854,0.8535,1.9780256466416395,0.3184656646126607,-0.09310811878861774,1.203106194048098,2.3797852503695043,31,2003.10.22.14.34.13,1.391465677179963,False,0.08995406511617593
-0.09474775390625001,0.08382620352031986,0.2575,-0.509,0.12663313488233185,0.7665,2.0217354760967674,0.12126551502217642,-0.03290478917559579,1.2008433824167133,2.4316422566239537,32,2003.10.22.14.39.13,1.437847866419295,False,0.0994993880516657
-0.0949369873046875,0.08449541144107978,0.28300000000000003,-0.519,0.127212977917958,0.802,2.2129606485802134,0.1600013435346539,-0.06153698591184957,1.2043002558532727,2.668859457686084,33,2003.10.22.14.44.13,1.4842300556586272,False,0.1347861176230165
-0.0950720947265625,0.08272676350495903,0.2805,-0.4895,0.1261394664865647,0.77,2.2113105787944507,0.21529471841088355,-0.06841191692698464,1.200769120581847,2.65937480556582,34,2003.10.22.14.49.13,1.530612244897959,False,0.08905207351879102
-0.0948748291015625,0.0834066752617694,0.249,-0.494,0.12644584195501685,0.7430000000000001,1.9722787155993238,0.04696663020371794,-0.06892442083371218,1.2034889057097753,2.3724948842065814,35,2003.10.22.14.54.13,1.5769944341372915,False,0.06845184882620603
-0.09574738769531249,0.08325072983300028,0.28200000000000003,-0.629,0.12698225914944516,0.911,2.229644364077718,0.2805171286989814,-0.0776418985526667,1.2011417172061267,2.675636904901584,36,2003.10.22.14.59.13,1.6233766233766231,False,0.10697367924072937
-0.095228564453125,0.08404219477680148,0.27949999999999997,-0.6479999999999999,0.1271269759760951,0.9275,2.1947250917376544,0.21504675254386663,-0.07624611994048275,1.202650658875358,2.6409975788679594,37,2003.10.22.15.04.13,1.6697588126159555,False,0.116406799462408
-0.094860888671875,0.08313419702667244,0.243,-0.5405,0.12623421097268434,0.7835000000000001,1.91645295196412,0.14971259629645983,-0.06681719344126846,1.201606844252628,2.3055603472487896,38,2003.10.22.15.09.13,1.7161410018552876,False,0.09741135786676969
-0.0951366455078125,0.0827570586802801,0.266,-0.536,0.1261992406549151,0.802,2.110585749868246,0.1567566907177791,-0.03558857818946316,1.2005112483448923,2.532842863175383,39,2003.10.22.15.14.13,1.7625231910946195,False,0.1173276796892328
-0.095326513671875,0.08359408271076132,0.27949999999999997,-0.5835,0.1269139525674324,0.863,2.192616290090431,0.22075102521021073,-0.08053039428685557,1.2027050970530708,2.640199910746783,40,2003.10.22.15.19.13,1.8089053803339517,False,0.15017008169657342
-0.09569501953125001,0.08248833364929538,0.2685,-0.4835,0.1264435230543149,0.752,2.1142259697194525,0.09213951952935595,-0.05496615463673188,1.199864778119451,2.539638261898345,41,2003.10.22.15.24.13,1.855287569573284,False,0.04717211381693087
-0.095098291015625,0.0836759023735505,0.333,-0.482,0.12676881963408831,0.8150000000000001,2.64548173520134,0.13705689015662803,-0.04083122156010367,1.2025564981694261,3.174683410586869,42,2003.10.22.15.29.13,1.901669758812616,False,0.001327473286000247
-0.0937648193359375,0.08397460044663602,0.315,-0.543,0.12596852581209733,0.8580000000000001,2.48472864353428,0.23747462483089676,-0.07209948298057747,1.2048428899836836,2.9993293956842146,43,2003.10.22.15.37.48,1.948051948051948,False,0.03931212886687063
-0.095707421875,0.08254722189403679,0.2995,-0.548,0.12649705521785956,0.8475000000000001,2.3617796591092883,0.1989902053303101,-0.06871955800070648,1.1994835547779417,2.8346039863671875,44,2003.10.22.15.44.13,1.9944341372912802,False,0.09856355205832434
-0.0952012451171875,0.08344242693709922,0.2565,-0.5665,0.1266929114085621,0.823,2.030025062783613,0.134102432762778,-0.056635408197549496,1.2019262616048696,2.438089415690618,45,2003.10.22.15.54.13,2.0408163265306123,False,0.15259063349413937
-0.095487646484375,0.08264974437669734,0.2895,-0.571,0.12637444382865246,0.8605,2.294991014767315,0.24247470301097462,-0.05866103680671322,1.2003701138615834,2.753429098970644,46,2003.10.22.16.04.13,2.0871985157699444,False,0.11705144866512096
-0.094992724609375,0.08326143655494539,0.2615,-0.5125000000000001,0.12641106461433826,0.774,2.0657703663169444,0.19250473267012502,-0.05228423695227634,1.202304112425725,2.484569758313456,47,2003.10.22.16.14.13,2.1335807050092765,False,0.12516116584041226
-0.0947326171875,0.08473112967116869,0.27349999999999997,-0.47850000000000004,0.1272194273505134,0.752,2.15610216065466,0.1260744770042015,-0.04896479448343603,1.204048851480362,2.5936807840461045,48,2003.10.22.16.24.13,2.1799628942486082,False,0.0809728210123094
-0.09524482421875,0.08401109135409426,0.2415,-0.602,0.12710310246732306,0.8434999999999999,1.8938978994719184,0.22933223209729192,-0.07157444643639257,1.2019707947984977,2.278490091272591,49,2003.10.22.16.34.13,2.2263450834879404,False,0.10495948667535615
-0.0953926513671875,0.08300114049346952,0.266,-0.548,0.1265768443177895,0.8140000000000001,2.088204657139503,0.20916267221817453,-0.07839658731436683,1.2007119845293373,2.5119229211955023,50,2003.10.22.16.44.13,2.272727272727273,False,0.1441022279086177
-0.0948507568359375,0.08357677961184204,0.266,-0.5825,0.1265097449550181,0.8485,2.0949231581086654,0.2522911364591043,-0.058521372205939254,1.2017610365693825,2.5199954815669665,51,2003.10.22.16.54.13,2.3191094619666046,False,0.16362416772452154
-0.095396044921875,0.0839581553583481,0.3235,-0.5435,0.12716164564211815,0.867,2.5433927288014253,0.22350165543610578,-0.03882908478189188,1.2012120038029828,3.055372002950384,52,2003.10.22.17.04.13,2.3654916512059367,False,0.055135481635659844
-0.09489768066406251,0.0841972285993916,0.306,-0.554,0.12696712054932638,0.86,2.4146618207216823,0.2829245827223783,-0.0857968060766782,1.2043026165276058,2.906314141440501,53,2003.10.22.17.14.13,2.411873840445269,False,0.09159982663987054
-0.093663671875,0.0828047882037325,0.28800000000000003,-0.5640000000000001,0.12515682743835088,0.852,2.294567532122528,0.23277310382306848,-0.0665615635523785,1.2030973181752667,2.7628435420215065,54,2003.10.22.17.19.38,2.458256029684601,False,0.08174198567446189
-0.09512724609375,0.08375421268737275,0.3065,-0.5115,0.12686884073835777,0.818,2.405253193899009,0.17731794730494954,-0.047162571406913226,1.2008304016171585,2.891683817829949,55,2003.10.22.17.24.13,2.504638218923933,False,0.11093015964248987
-0.09618425292968749,0.08285137429418976,0.2895,-0.5455,0.12703593675938274,0.835,2.281937779861744,0.1805506433132016,-0.06076759127269024,1.1987858061341128,2.7345684057863515,56,2003.10.22.17.34.13,2.5510204081632653,False,0.10383057864437129
-0.09529020996093751,0.08288008160221631,0.254,-0.5155000000000001,0.12638174320918022,0.7695000000000001,2.0075308493270474,0.13218856250505095,-0.07034066714245905,1.2013440254123555,2.412462622009044,57,2003.10.22.17.44.13,2.5974025974025974,False,0.11022280044040617
-0.09547619628906251,0.0825654893126255,0.2425,-0.5495,0.1263304184805733,0.792,1.9181897027146224,0.18170427154170388,-0.08079429984369423,1.200828176919189,2.3039615813407384,58,2003.10.22.17.54.13,2.6437847866419295,False,0.05957238023560496
-0.094766943359375,0.08265227559594335,0.3125,-0.6335,0.12581927154953892,0.946,2.478583483357556,0.38990003497422765,-0.09441821107655937,1.2037315013082956,2.9856067172847807,59,2003.10.22.18.04.13,2.6901669758812616,False,0.0063102553363113545
-0.095187255859375,0.08231204181957189,0.2635,-0.504,0.12593369160423523,0.7675000000000001,2.0927517615760207,0.1600067745423519,-0.043730898126650125,1.1990800999928213,2.509209384852534,60,2003.10.22.18.14.13,2.7365491651205938,False,0.07983351539467015
-0.0946904296875,0.08307598599075014,0.25,-0.5785,0.1260631346010163,0.8285,1.9760875564091838,0.20914008819083119,-0.06173441114508867,1.2019883613114484,2.377671023754787,61,2003.10.22.18.24.13,2.782931354359926,False,0.13524363336791612
-0.095220947265625,0.08219313196494644,0.261,-0.581,0.12587907288811606,0.842,2.0649396856800335,0.19931260674393103,-0.04991140521887086,1.19784454561074,2.4760949347491104,62,2003.10.22.18.34.13,2.829313543599258,False,0.09579004282404563
-0.09505302734374999,0.08261246256616618,0.2615,-0.532,0.1260503427634107,0.7935000000000001,2.0686333850675735,0.18475580251024026,-0.03965229944285604,1.1996616150546529,2.483861864462241,63,2003.10.22.18.44.13,2.87569573283859,False,0.10612584493094057
-0.0954766845703125,0.08420644172514638,0.272,-0.5835,0.12741172286944064,0.8554999999999999,2.12565910478811,0.1367791897138977,-0.04719850196651882,1.201416598425616,2.5567015603880274,64,2003.10.22.18.54.13,2.922077922077922,False,0.1279612837739213
-0.0947858154296875,0.08458673435681965,0.27349999999999997,-0.515,0.1271329993929512,0.7885,2.1441466078895797,0.16144547840088896,-0.05731640931321208,1.2046837947666948,2.5850858546786326,65,2003.10.22.19.04.13,2.9684601113172544,False,0.1353658421071683
-0.094960107421875,0.08380963615991033,0.266,-0.5945,0.12675013272150865,0.8605,2.0869677177709516,0.2758262139629639,-0.09057120869739502,1.2048755890667857,2.517739495924303,66,2003.10.22.19.14.13,3.0148423005565865,False,0.11982374606336421
-0.094900634765625,0.08335298793362625,0.2975,-0.613,0.12643784486117668,0.9105,2.3439378044495855,0.25380860089983903,-0.04988012354297341,1.2010990697944508,2.8184015472251716,67,2003.10.22.19.24.13,3.061224489795918,False,0.09749476415907843
-0.09505146484375,0.0846445848175523,0.265,-0.548,0.12738715112453083,0.813,2.0770162295529535,0.20117476961719327,-0.060704018631241544,1.2040204530675684,2.501833933482952,68,2003.10.22.19.34.13,3.1076066790352503,False,0.15384500461279227
-0.0952413330078125,0.08328141069365053,0.272,-0.6114999999999999,0.12661398690264827,0.8835,2.1418068686109324,0.26181285491368733,-0.05971135216935172,1.2017616399878217,2.57608305282783,69,2003.10.22.19.44.13,3.153988868274583,False,0.1393892574066954
-0.09526586914062499,0.08397988904767759,0.309,-0.6655,0.1271161718745458,0.9744999999999999,2.4167936092454694,0.34288153647317166,-0.09622291972694832,1.2036175479707931,2.913702878629249,70,2003.10.22.19.54.13,3.200371057513915,False,0.05168429948942821
-0.09411027832031249,0.08375386234267321,0.2645,-0.642,0.12608606981569104,0.9065000000000001,2.102646533770602,0.24100951964478723,-0.06520656981057375,1.204478935178419,2.530981591616455,71,2003.10.22.20.04.13,3.2467532467532463,False,0.09524585102144789
-0.09504189453125,0.08328051576881243,0.2955,-0.5225,0.12649742827670368,0.8180000000000001,2.335175222578415,0.1512583857330616,-0.04588026768297866,1.2012047726961779,2.8053426849702676,72,2003.10.22.20.14.13,3.293135435992579,False,0.118284798103518
-0.0950109375,0.08345836455189501,0.259,-0.47450000000000003,0.12657507317395733,0.7335,2.042557373965418,0.07590863062129971,-0.057378317709458754,1.20234788654241,2.456912594546897,73,2003.10.22.20.24.13,3.339517625231911,False,0.07375518803920267
-0.094830615234375,0.08385078738572968,0.2915,-0.5165,0.12668935380092589,0.808,2.307065190318773,0.1582184734040588,-0.05651430250771676,1.2026858304575934,2.7725645069973934,74,2003.10.22.20.34.13,3.385899814471243,False,0.14332993973657393
-0.095297412109375,0.08392715108057944,0.259,-0.5565,0.1270995449879348,0.8154999999999999,2.032605220799281,0.23680287357875662,-0.09482639843946875,1.2037994811565267,2.4486671939293183,75,2003.10.22.20.44.13,3.4322820037105752,False,0.12570814087490995
-0.095044287109375,0.08372172055761559,0.2695,-0.581,0.12679174092727954,0.8505,2.1162842783428966,0.23852015395244952,-0.0748173846302611,1.2026322528983662,2.5485091594037437,76,2003.10.22.20.54.13,3.4786641929499074,False,0.15853790106018628
-0.0944594482421875,0.08346472146053047,0.31000000000000005,-0.5115000000000001,0.12617436304535534,0.8215000000000001,2.4698163497453005,0.1933423724290415,-0.03597173590511913,1.2017767260723442,2.9639619078218575,77,2003.10.22.21.04.13,3.525046382189239,False,0.06523710294765539
-0.0951367431640625,0.08389450599385909,0.2975,-0.5945,0.12697487626677947,0.8920000000000001,2.3547034054340394,0.27433419297342665,-0.0738169511709901,1.2028874184187455,2.8279798014635507,78,2003.10.22.21.14.13,3.571428571428571,False,0.1367514635211804
-0.0948808837890625,0.08345618173605196,0.2845,-0.657,0.12645666924127041,0.9415,2.243955979957401,0.24406584154378486,-0.07756825266793654,1.2031239564536862,2.70136503136105,79,2003.10.22.21.24.13,3.6178107606679033,False,0.10522472716881354
-0.0953920166015625,0.08464704659083873,0.278,-0.5875,0.12764593006932676,0.8655,2.18094595972004,0.28753930250143167,-0.08559281308802136,1.2038358535387166,2.624434661096368,80,2003.10.22.21.34.13,3.6641929499072354,False,0.11831761362945975
-0.09499814453125001,0.08390661279360993,0.269,-0.5075000000000001,0.1268623466817594,0.7765,2.1169425068812857,0.14776736872465435,-0.01668801768417967,1.1997417519126026,2.5410933643751896,81,2003.10.22.21.44.13,3.710575139146568,False,0.09187606646461371
-0.0949056884765625,0.08261680352913973,0.249,-0.5825,0.12596231248340453,0.8315,1.969759988384039,0.20984402830290572,-0.09851973435022159,1.2025561938278289,2.3711085609465066,82,2003.10.22.21.54.13,3.7569573283859,False,0.08440988981132835
-0.0947700439453125,0.08426296042447493,0.254,-0.603,0.12692538980923165,0.857,1.9995254737357953,0.1822778948982997,-0.06629461879390909,1.2029673665297653,2.4059982763178303,83,2003.10.22.22.04.13,3.803339517625232,False,0.13731910249023765
-0.09497106933593749,0.08477040048779998,0.265,-0.525,0.12741662219960526,0.79,2.069834782025404,0.24216840927567485,-0.07537190862424561,1.2043277457133037,2.4956720502135568,84,2003.10.22.22.14.13,3.849721706864564,False,0.12146991715388494
-0.095334765625,0.0843215684287014,0.2505,-0.565,0.12741059900640964,0.8155,1.9541071001217878,0.13723888291803288,-0.0662017320305138,1.2033412741595624,2.3553550657624047,85,2003.10.22.22.24.13,3.896103896103896,False,0.11623561890209427
-0.09515048828125,0.0833479313553141,0.344,-0.615,0.12660018928145414,0.959,2.6960768139242433,0.2754670044954117,-0.07036392039337974,1.2019764067301502,3.2480664044309893,86,2003.10.22.22.34.13,3.942486085343228,False,0.0032833537388986533
-0.094465283203125,0.08463042303411325,0.266,-0.526,0.12694231504738906,0.792,2.099999897649634,0.13616667622813616,-0.04727649368238073,1.2045445250667044,2.5279529110205248,87,2003.10.22.22.44.13,3.9888682745825603,False,0.11762069194278219
-0.09519645996093751,0.08466172933991437,0.2895,-0.6505000000000001,0.1275163606764558,0.9400000000000001,2.2719491175224533,0.42870995540635337,-0.08983476975687385,1.2051071744380137,2.73726966739965,88,2003.10.22.22.54.13,4.0352504638218925,False,0.06594651907011162
-0.09527309570312499,0.08371944263558809,0.28700000000000003,-0.5555,0.12692061629439838,0.8425,2.259083857864657,0.2496412214480117,-0.05397514524583984,1.2023001060137388,2.7168841862889987,89,2003.10.22.23.04.13,4.081632653061225,False,0.14479249290198892
-0.09487392578125001,0.08416514116922633,0.265,-0.6679999999999999,0.1269239994196712,0.933,2.092426749494197,0.264176044011029,-0.06984123276272043,1.2037298050631686,2.517242786981406,90,2003.10.22.23.14.13,4.128014842300557,False,0.1188731699603322
-0.0953093994140625,0.08282080081933658,0.2505,-0.58,0.1263892414758897,0.8305,1.979266342745868,0.1944459439516517,-0.07151177965413111,1.200973162783359,2.3781324830360377,91,2003.10.22.23.24.13,4.174397031539889,False,0.12100102990083417
-0.095431201171875,0.08423341917424311,0.271,-0.5615,0.1274034928593027,0.8325,2.1250910269369987,0.28149756193164865,-0.09367715516870259,1.2050021852250712,2.561347275771313,92,2003.10.22.23.34.13,4.220779220779221,False,0.1173194286537006
-0.09483120117187502,0.0843834322055223,0.27849999999999997,-0.498,0.12704823338343552,0.7765000000000001,2.187952098315168,0.12083408925082706,-0.06075778816502801,1.2046408091175076,2.637185167624464,93,2003.10.22.23.44.13,4.267161410018553,False,0.12250991482921803
-0.09496655273437499,0.0844671301435287,0.299,-0.5775,0.1272048065866524,0.8765000000000001,2.3344305914928123,0.21584816399906925,-0.07065923694471896,1.2047550226743549,2.817016031063201,94,2003.10.22.23.54.13,4.313543599257885,False,0.12744109307428575
-0.0951982177734375,0.08582459831442678,0.2685,-0.5345,0.12827241537348286,0.8029999999999999,2.0955217749343293,0.1876598536327163,-0.052580646771938064,1.205749389337487,2.5259943484301046,95,2003.10.23.00.04.13,4.3599257884972165,False,0.09096339923431557
-0.0947072265625,0.08433766963495559,0.2635,-0.563,0.12691101081993805,0.8265,2.0761612830694776,0.412426259545015,-0.10279289491484832,1.2065603474636188,2.505053917557541,96,2003.10.23.00.14.13,4.406307977736549,False,0.051277229907163324
-0.0950608642578125,0.08385837834642133,0.253,-0.535,0.1268745375963175,0.788,1.995217779646941,0.21174632587920517,-0.09414940338997871,1.2049382107259659,2.4037327498580012,97,2003.10.23.00.24.13,4.452690166975881,False,0.09851319425182947
-0.09494443359375002,0.08343431746195099,0.2925,-0.5285,0.1264934535586922,0.8210000000000001,2.309802862057163,0.22451263583173442,-0.05971907385130858,1.2021915201659037,2.7775842421521126,98,2003.10.23.00.34.13,4.499072356215214,False,0.1377665795254947
-0.09474375,0.0851931925110539,0.28400000000000003,-0.5455000000000001,0.12754062701628635,0.8295,2.233930992411115,0.22987683892283517,-0.08121509354191886,1.2069306073716877,2.6938026902193792,99,2003.10.23.00.44.13,4.545454545454546,False,0.10139808544674916
-0.0948606201171875,0.08468304558159137,0.269,-0.5835,0.1272559640585398,0.8525,2.117591464990979,0.2881252588826999,-0.08204602392393186,1.2051912153714746,2.5510479781052364,100,2003.10.23.00.54.13,4.591836734693878,False,0.11656494810175116
-0.09464790039062501,0.08436186078320176,0.271,-0.5835,0.1269170928236629,0.8545,2.1317291028122223,0.2413468873140887,-0.04926016417797492,1.203041630642808,2.56579058465348,101,2003.10.23.01.04.13,4.638218923933209,False,0.14573836083475183
-0.0945067138671875,0.0838614677637947,0.2845,-0.5065,0.12647605835594994,0.7909999999999999,2.2499975886757415,0.11154959270662967,-0.05145153419539775,1.2027876679450427,2.706080241057409,102,2003.10.23.01.14.13,4.684601113172541,False,0.11126269691511848
-0.09492646484375,0.08425150690048966,0.29800000000000004,-0.5405,0.12703040839065624,0.8385,2.3398451706107792,0.2558041368377404,-0.050368012232099676,1.202617188760105,2.81584691641561,103,2003.10.23.01.24.13,4.7309833024118735,False,0.1315457583555229
-0.094488818359375,0.08442650693095755,0.249,-0.526,0.1268069795386943,0.775,1.962941395915144,0.21123211472895265,-0.06350388646364297,1.2037979281859899,2.3631646289608446,104,2003.10.23.01.34.13,4.777365491651206,False,0.10285221036593101
-0.09473232421875,0.08555861168546994,0.28700000000000003,-0.6045,0.12775800702367685,0.8915,2.242856811756342,0.3188311745030712,-0.07668101813633048,1.2068033850676807,2.7080954715591803,105,2003.10.23.01.44.13,4.823747680890538,False,0.0706168446495895
-0.09459970703125001,0.0844457843390117,0.33099999999999996,-0.482,0.12691745667979115,0.813,2.585782494419209,0.1496846884123073,-0.05236335639070287,1.2043126609783565,3.120127213243989,106,2003.10.23.01.54.13,4.870129870129871,False,0.005295871388825479
-0.09492775878906251,0.08420350655904502,0.29500000000000004,-0.5469999999999999,0.1269973796819805,0.842,2.319648429667047,0.14584928020906163,-0.06499257391778299,1.20288434992234,2.791149782331945,107,2003.10.23.02.04.13,4.916512059369202,False,0.13828991299889326
-0.0944152587890625,0.08533576904350586,0.2525,-0.524,0.12735519624614433,0.7765,1.976533181846,0.20903044861995856,-0.07336544511074838,1.2063485269475331,2.386329641411278,108,2003.10.23.02.14.13,4.962894248608534,False,0.07129357262517277
-0.09516159667968749,0.08428650799763274,0.2885,-0.73,0.12723094683375105,1.0185,2.270215646151851,0.3722679802114539,-0.08298415214522425,1.2032412916760264,2.7308384752710815,109,2003.10.23.02.24.13,5.009276437847866,False,0.022030013831918382
-0.09520056152343749,0.08515501483502694,0.3185,-0.5994999999999999,0.12783420287176536,0.9179999999999999,2.484474372609868,0.2654504131903306,-0.06511052167708485,1.2040723135433677,2.9939358062484343,110,2003.10.23.02.34.13,5.055658627087198,False,0.0533039213440103
-0.0946592529296875,0.08359906570713954,0.2725,-0.5395,0.1263829199230999,0.8119999999999999,2.1442376136131567,0.1419509867383446,-0.08488208965893161,1.204534531002085,2.5861268890813065,111,2003.10.23.02.44.13,5.1020408163265305,False,0.12681692748975493
-0.095436083984375,0.08419707065037868,0.276,-0.5345,0.12740353829979117,0.8105,2.16093644249235,0.18387869229222997,-0.07651882023458151,1.2040977000189386,2.6039589411355655,112,2003.10.23.02.54.13,5.148423005565863,False,0.14476601292904628
-0.0953271240234375,0.08436854787505968,0.27949999999999997,-0.542,0.12746084709429814,0.8214999999999999,2.185246303736821,0.23515258564164276,-0.043393735516945864,1.2009422533753353,2.6269315767930417,113,2003.10.23.03.04.13,5.194805194805195,False,0.13289311918538116
-0.0953547607421875,0.08375206897251872,0.2575,-0.6035,0.12701233998230932,0.861,2.0174989876424103,0.1986351145994789,-0.07736591188788267,1.2035011238029327,2.431320825621091,114,2003.10.23.03.14.13,5.241187384044527,False,0.14456960685991072
-0.0942947998046875,0.08430809161568233,0.271,-0.5785,0.126581560620795,0.8494999999999999,2.134911251714227,0.1777793933206835,-0.061249976372612945,1.2039074978629312,2.5724665993241933,115,2003.10.23.03.24.13,5.287569573283859,False,0.14321995866931292
-0.09474980468750001,0.08437867610735034,0.27449999999999997,-0.5555,0.12699624836283602,0.83,2.169889319805702,0.20521261940714752,-0.06333391521489061,1.2030826597844557,2.607650516001273,116,2003.10.23.03.34.13,5.333951762523191,False,0.1644488333911544
-0.0949758544921875,0.08426109725450748,0.299,-0.554,0.12707822777241035,0.853,2.3550615170513396,0.18368552606273747,-0.056050547292879324,1.2036638347703232,2.8339527417243318,117,2003.10.23.03.44.13,5.380333951762523,False,0.136216915525197
-0.0947146484375,0.08432364225555634,0.3185,-0.603,0.12694590003172782,0.9214999999999999,2.5049913251544886,0.2889893199392317,-0.07489101505475891,1.203958604850806,3.0170769957127166,118,2003.10.23.03.54.13,5.426716141001855,False,0.0689337375691026
-0.0950063232421875,0.08404538487984503,0.2755,-0.5725,0.1269757550976624,0.848,2.159885339498101,0.21280431167801916,-0.06512174357476956,1.2021940373823115,2.5997116100281414,119,2003.10.23.04.04.13,5.4730983302411875,False,0.16468573636714495
-0.0948744384765625,0.08339452640234649,0.22949999999999998,-0.5225,0.12643140950431303,0.752,1.811481646816103,0.16365340148228702,-0.08908228243233238,1.20353439068055,2.1815526987348006,120,2003.10.23.04.14.13,5.51948051948052,False,0.035054985686446716
-0.09513212890625,0.08288926008180739,0.26849999999999996,-0.5545,0.12628162342345975,0.823,2.123401548322195,0.16383015419630365,-0.06985369016923532,1.2008602985572585,2.5507767147524385,121,2003.10.23.04.24.13,5.565862708719852,False,0.1434819373191502
-0.09477949218750001,0.08356471583757567,0.261,-0.536,0.12647738562653965,0.797,2.0650194540796982,0.1950231626122121,-0.06451477182729276,1.2026479479678467,2.48295167115989,122,2003.10.23.04.34.13,5.612244897959184,False,0.1597400959747743
-0.094159423828125,0.08344830381486826,0.298,-0.6040000000000001,0.12591862001713375,0.902,2.3665885100938073,0.19502193615378283,-0.0715295737878899,1.2046664181535767,2.8509570603145304,123,2003.10.23.04.44.13,5.658627087198516,False,0.07956850667573706
-0.094723681640625,0.08411831034212411,0.26949999999999996,-0.571,0.12682197644812357,0.8405,2.1186634913180424,0.20644497645947246,-0.04239101123207846,1.201869913867986,2.548577525622285,124,2003.10.23.04.54.13,5.705009276437848,False,0.14908471894381153
-0.095309228515625,0.08284046500436718,0.2625,-0.5785,0.12637712136934545,0.841,2.0788269112214324,0.21991525632086262,-0.08600783914976526,1.2021845330500902,2.498510436725919,125,2003.10.23.05.04.13,5.75139146567718,False,0.12888017402881774
-0.09519719238281249,0.08341066269436664,0.303,-0.5589999999999999,0.1266634661659469,0.862,2.374260986671165,0.1780620864349447,-0.05817636103102311,1.2024140813162494,2.861488444054754,126,2003.10.23.05.14.13,5.7977736549165115,False,0.12631435984338546
-0.0944055908203125,0.08303643326389974,0.305,-0.5505,0.12584298578300232,0.8555,2.426117331702887,0.22376748829941473,-0.05997224260964361,1.2020505892454352,2.9155568779522882,127,2003.10.23.05.24.13,5.844155844155844,False,0.09786324270513053
-0.09542819824218751,0.08318181000554771,0.2925,-0.503,0.12673108510537495,0.7955000000000001,2.2987399862097755,0.2092656462512792,-0.08778092734118337,1.2026812924573134,2.7682662514834324,128,2003.10.23.05.34.13,5.890538033395176,False,0.09677294728042796
-0.09439570312500001,0.08396711445231467,0.254,-0.552,0.12645101955195115,0.806,2.003132032644265,0.16007856439814683,-0.057005484079699735,1.203008390932395,2.4117163335748275,129,2003.10.23.05.44.13,5.936920222634509,False,0.12667454393638666
-0.09470163574218751,0.08335704204356491,0.277,-0.514,0.12625284853242086,0.7909999999999999,2.18933390717512,0.16307262281952473,-0.08766271800323658,1.204973926384032,2.639474448764986,130,2003.10.23.05.54.13,5.983302411873841,False,0.1130116869147032
-0.09496533203124999,0.08417984759376632,0.26749999999999996,-0.6739999999999999,0.12699200994974064,0.9415,2.103912569437046,0.380068762205231,-0.09182510382307835,1.2052322773966277,2.5365943419927612,131,2003.10.23.06.04.13,6.029684601113173,False,0.07266145951071112
-0.095409423828125,0.0842462809803905,0.261,-0.6545000000000001,0.12740209063276858,0.9155,2.0422678926943236,0.41613025808881665,-0.10661203343240444,1.2044799793087775,2.462315160997357,132,2003.10.23.06.14.13,6.076066790352504,False,0.02919899771313983
-0.09445463867187501,0.08486692197040784,0.2895,-0.6080000000000001,0.12709397891234459,0.8975000000000001,2.277164241814252,0.2799512111542579,-0.07625993407322756,1.2062683292005256,2.74711705897209,133,2003.10.23.06.24.13,6.122448979591836,False,0.09000571016270764
-0.094669482421875,0.08297013369383663,0.2575,-0.56,0.12601337397093598,0.8175,2.0418062080317627,0.19467584852046516,-0.07803593092680025,1.2024508895224988,2.4557171402590274,134,2003.10.23.06.34.13,6.1688311688311686,False,0.13171367119100647
-0.0947365234375,0.08489681257012893,0.2855,-0.608,0.1272980223665859,0.8935,2.238773361372143,0.22309710829637264,-0.10194770140236865,1.2077306349353787,2.7051182580754647,135,2003.10.23.06.44.13,6.215213358070501,False,0.04667661431489589
-0.0942888916015625,0.08382397240450346,0.3165,-0.581,0.12627590954011764,0.8975,2.502342722803366,0.3775804962805964,-0.07298517268252662,1.203796952297743,3.0137823509490147,136,2003.10.23.06.54.13,6.261595547309833,False,0.05168517381345661
-0.094960986328125,0.08303977561500957,0.28300000000000003,-0.608,0.12627266973378135,0.891,2.228765760647251,0.2300703695891837,-0.09666244549429265,1.2029346769003746,2.685128695284586,137,2003.10.23.07.04.13,6.307977736549166,False,0.10171422741605574
-0.09480183105468751,0.08412089812503264,0.27249999999999996,-0.536,0.12686544529695107,0.8085,2.141761913413266,0.25192167485282013,-0.07420516014289265,1.2040678162209006,2.5811917745720323,138,2003.10.23.07.14.13,6.354359925788497,False,0.15134734751782147
-0.0945026611328125,0.08414314502571722,0.306,-0.621,0.12663185062043986,0.9269999999999999,2.4233335971583183,0.2280376572710705,-0.056564089871265204,1.2026512265876843,2.912325846838131,139,2003.10.23.07.24.13,6.40074211502783,False,0.0960341083555733
-0.09436582031250002,0.08311125352623672,0.315,-0.6435,0.12584523624628058,0.9585,2.5031290188036563,0.3627267220226946,-0.06908501979730805,1.2043069332306193,3.014515454746366,140,2003.10.23.07.34.13,6.447124304267161,False,0.020850101007347188
-0.094706103515625,0.0841359035668481,0.27349999999999997,-0.5445,0.12678186783791606,0.8180000000000001,2.1625256263059924,0.19012346048871653,-0.0495221368702308,1.2032808594986917,2.6003171707740096,141,2003.10.23.07.44.13,6.493506493506493,False,0.14935115699536933
-0.0947747802734375,0.0828409336142641,0.249,-0.6054999999999999,0.12598553630656809,0.8545,1.9741185456057235,0.23474160811586908,-0.037614109927402356,1.1992637775982828,2.368331067427788,142,2003.10.23.07.54.13,6.539888682745826,False,0.08353084241334835
-0.095053564453125,0.08413155951667467,0.2425,-0.6165,0.1270319926284552,0.859,1.9087801551542691,0.21117815976367882,-0.05952737609789211,1.2015243775467321,2.2935051995412588,143,2003.10.23.08.04.13,6.586270871985158,False,0.09869405364075312
-0.09453886718750001,0.08363709785882673,0.28700000000000003,-0.5700000000000001,0.12632773220143426,0.857,2.285232302473316,0.20546960159471084,-0.0647908518826423,1.2030683230793764,2.744408900767481,144,2003.10.23.08.14.13,6.63265306122449,False,0.14478315083851317
-0.09501579589843749,0.08333441114103651,0.2695,-0.5385,0.12647844221395166,0.8079999999999999,2.1139512296305716,0.1811398848821859,-0.08312910607631897,1.2027514244077337,2.5473868829955273,145,2003.10.23.08.24.13,6.679035250463822,False,0.14450630982381102
-0.0945576171875,0.08487151859915959,0.27349999999999997,-0.608,0.1271627807410805,0.8815,2.164660559342359,0.21153687087906303,-0.04948237246270412,1.2045629063957564,2.6031661723683786,146,2003.10.23.08.34.13,6.725417439703155,False,0.10682654086619009
-0.09493134765625,0.0837131322116065,0.2635,-0.498,0.12666772085376693,0.7615000000000001,2.073593828112248,0.09344844001586439,-0.05454589629613941,1.2025706999661665,2.495602251221227,147,2003.10.23.08.44.13,6.771799628942486,False,0.1160322081907213
-0.094713427734375,0.08559643276874021,0.2635,-0.6425000000000001,0.12776431648546474,0.906,2.0559277946214127,0.30845469170299045,-0.09695748014101718,1.2075611839495715,2.484505492670758,148,2003.10.23.08.54.13,6.8181818181818175,False,0.04562880326116037
-0.095072705078125,0.08349627319032243,0.2525,-0.587,0.12663211178330108,0.8395,1.9943351880158748,0.2373174537139926,-0.047063502857307565,1.1997060974690463,2.392497821272092,149,2003.10.23.09.04.13,6.8645640074211505,False,0.1277377252179045
-0.094628515625,0.08309102293489179,0.2745,-0.626,0.12603981919178892,0.9005000000000001,2.1673082490836917,0.26957180686245175,-0.07385547363383366,1.2027555073404144,2.6106395917807133,150,2003.10.23.09.14.13,6.910946196660482,False,0.11151838104529455
-0.0950664794921875,0.08360919593119245,0.2475,-0.641,0.12672928605772588,0.8885,1.953614681347857,0.2791506781125479,-0.060016336218154574,1.2015675076800587,2.3471768537067925,151,2003.10.23.09.24.13,6.957328385899815,False,0.0942178969514702
-0.09424509277343751,0.0849818974063866,0.3015,-0.5135000000000001,0.1270115607084159,0.8150000000000001,2.365348644360288,0.2305700582894561,-0.069197319222383,1.2061873728723906,2.855769935395351,152,2003.10.23.09.34.13,7.003710575139147,False,0.07733445149451923
-0.09506564941406251,0.0846079417808713,0.2465,-0.5065,0.12736512660202995,0.753,1.9352203674590072,0.14212597298344365,-0.06191195305854077,1.2037352830353587,2.3295457099820664,153,2003.10.23.09.44.13,7.050092764378478,False,0.07626848134406128
-0.0947722900390625,0.08414448987682743,0.2945,-0.6665000000000001,0.1268377530246409,0.9610000000000001,2.3144638855482293,0.4214004917261296,-0.06618844935135695,1.201452211558806,2.7827564637555073,154,2003.10.23.09.54.13,7.096474953617811,False,0.06806139490399632
-0.094929150390625,0.08367390194209026,0.3185,-0.5640000000000001,0.12665562631585975,0.8825000000000001,2.4932638402034417,0.28732898622384373,-0.07855366116967336,1.2034941802571462,3.008672451945965,155,2003.10.23.10.04.13,7.142857142857142,False,0.0652955160366524
-0.094624853515625,0.08390460384595894,0.29300000000000004,-0.5125,0.1265522422966346,0.8055000000000001,2.3119911138572307,0.17752936527116203,-0.03452576199075234,1.2020801628711344,2.780111565714971,156,2003.10.23.10.14.13,7.189239332096475,False,0.11759823665461477
-0.11626386718750001,0.08747658875807734,0.22499999999999998,-0.6325000000000001,0.1456158377421351,0.8574999999999999,1.5430306886628666,0.30110223008404535,-0.09197102606939209,1.1784807631089027,1.8194911174161028,157,2003.10.29.14.39.46,7.235621521335807,False,0.06539826228021528
-0.11664023437499998,0.08664052273275441,0.298,-0.6154999999999999,0.1454187674133145,0.9135,2.04859867344784,0.4331848505317075,-0.054750861657511585,1.1745697437006943,2.4065623476914357,158,2003.10.29.14.49.46,7.28200371057514,False,0.15224729040524404
-0.1169389892578125,0.08751841059466031,0.34450000000000003,-0.6395,0.1461835580228121,0.984,2.3380312759628317,0.2916043428249857,-0.07924592297567837,1.1787180441712406,2.765271138715357,159,2003.10.29.14.59.46,7.328385899814471,False,0.10259323594809416
-0.1160731689453125,0.08660423536499587,0.23600000000000002,-0.516,0.14494061824651233,0.752,1.6232114881401483,0.10965249773377916,-0.02788076688502787,1.175904087989752,1.9116873011159226,160,2003.10.29.15.09.46,7.374768089053803,True,-0.00467820463930968
-0.11614111328125001,0.08775824875917812,0.354,-0.571,0.14570531456888405,0.925,2.436854797288012,0.2339198878869373,-0.022745669348453956,1.176810994681337,2.864056186346115,161,2003.10.29.15.19.46,7.421150278293136,False,0.05899933764620846
-0.11728100585937501,0.08808614035357384,0.344,-0.614,0.14678034413828422,0.9580000000000001,2.3362397444886946,0.2811965983691298,-0.046443485400291765,1.1772302605940066,2.753962875333192,162,2003.10.29.15.29.46,7.467532467532467,False,0.10801610564995245
-0.1161314453125,0.08805988148980505,0.365,-0.72,0.14586666195921374,1.085,2.4824860162084343,0.5694748387760546,-0.06965290611157218,1.1779138273600278,2.9345958369056833,163,2003.10.29.15.39.46,7.5139146567718,True,-0.024597510794064026
-0.1164776611328125,0.08787694655148467,0.2955,-0.6625000000000001,0.14604396049221868,0.9580000000000001,2.0130787293532837,0.3941719466938165,-0.06835813945200035,1.1779010361394793,2.376791964147164,164,2003.10.29.15.49.46,7.5602968460111315,False,0.15608631851131816
-0.11691535644531251,0.08741071888812432,0.2445,-0.5935,0.14608371588608565,0.8380000000000001,1.6682166161038863,0.24938098475129844,-0.07717071573803452,1.177790952743866,1.967520155169843,165,2003.10.29.15.59.46,7.606679035250464,False,0.14816331467073296
-0.11601306152343749,0.08755528360686712,0.248,-0.6675,0.14544761908790674,0.9155,1.702186304672753,0.2402114515353082,-0.09010252691528939,1.1799871942002664,2.0097743757238558,166,2003.10.29.16.09.46,7.653061224489796,False,0.10844869769610777
-0.11598820800781251,0.0862243667644144,0.266,-0.6214999999999999,0.14462004764887015,0.8875,1.838402658368779,0.2575563222990682,-0.06501824363254452,1.1757593746636652,2.1619498029362765,167,2003.10.29.16.19.46,7.699443413729128,False,0.15351389456837555
-0.11744550781250002,0.087655836559031,0.2995,-0.5515,0.14666816649254738,0.851,2.0322767650776923,0.2262473924114241,-0.04942581532546583,1.1757479550279184,2.3938219021257785,168,2003.10.29.16.29.46,7.745825602968461,False,0.15121846721638815
-0.1160073974609375,0.08882677959684517,0.256,-0.596,0.14622228503377338,0.852,1.7488289582806693,0.34728302688120105,-0.05733263707613291,1.1789712583788643,2.062644795513801,169,2003.10.29.16.39.46,7.792207792207792,False,0.13918523613267547
-0.11584765624999999,0.08652188086434656,0.316,-0.554,0.14466717236849633,0.87,2.177315698385406,0.31023785429175055,-0.05023921302749251,1.1754536177685821,2.5622191224603794,170,2003.10.29.16.49.46,7.838589981447125,False,0.14719779765539798
-0.117616748046875,0.08766685956877471,0.265,-0.6045,0.14678776390427856,0.8694999999999999,1.802367651798515,0.29403597177017393,-0.05776164059418072,1.1763292354608448,2.1215724843978094,171,2003.10.29.16.59.46,7.884972170686456,False,0.17521162891384873
-0.11590354003906249,0.08642239115234929,0.2425,-0.5994999999999999,0.14469947856528115,0.842,1.6745877300299292,0.22844563825248065,-0.07093852429965387,1.1771496718158625,1.971971507509911,172,2003.10.29.17.09.46,7.931354359925788,False,0.12830599146038918
-0.1154993408203125,0.08619705120548507,0.3015,-0.603,0.1441989445390367,0.9045,2.0953620543858333,0.35211529496445837,-0.07145482338410275,1.176882334908271,2.464091715211734,173,2003.10.29.17.19.46,7.977736549165121,False,0.1349063133355115
-0.11742099609375001,0.08833777655516031,0.261,-0.6445000000000001,0.14705734628859785,0.9055,1.775471520428972,0.3434829790681886,-0.0611948273907021,1.1774224167465355,2.090162046302373,174,2003.10.29.17.29.46,8.024118738404452,False,0.1590864460471198
-0.11634323730468749,0.08635519436101224,0.2575,-0.5725,0.14501352514319266,0.8300000000000001,1.7800374495911888,0.2246462356687784,-0.07231549341131058,1.1770093752332926,2.0926155974302127,175,2003.10.29.17.39.46,8.070500927643785,False,0.15173913012944695
-0.1161704345703125,0.08765383830430534,0.3175,-0.631,0.14563333312060386,0.9485,2.1829501710451464,0.30635087932723537,-0.04143307801640087,1.1767373598963347,2.567542660920817,176,2003.10.29.17.49.46,8.116883116883116,False,0.164709620038812
-0.1170300537109375,0.08745009391664743,0.267,-0.5800000000000001,0.14619705326494808,0.847,1.8289895152586326,0.22713474665466316,-0.05504977129033334,1.1766606627329348,2.150727308467353,177,2003.10.29.17.59.46,8.16326530612245,False,0.1743900036518244
-0.1165583740234375,0.08762061064391431,0.276,-0.6665000000000001,0.145915950160638,0.9425,1.8858043628690013,0.35148992259480427,-0.06056233904351094,1.17734160460647,2.2235699546835064,178,2003.10.29.18.09.46,8.20964749536178,False,0.16610772213325342
-0.11609433593749999,0.08861613442603058,0.28200000000000003,-0.5740000000000001,0.14614892170745236,0.856,1.9285546079644713,0.25962924183337877,-0.04084458692747335,1.1792776135221827,2.2747923877421963,179,2003.10.29.18.19.46,8.256029684601113,False,0.15291069001614455
-0.117609765625,0.0869861852354083,0.2525,-0.5875,0.1463665327479775,0.8400000000000001,1.72816576688805,0.2392809173238215,-0.05625140667276585,1.1745108519660596,2.0282670469435695,180,2003.10.29.18.29.46,8.302411873840446,False,0.14860262993573747
-0.11575092773437501,0.08812016981889956,0.31999999999999995,-0.5760000000000001,0.14555846829512886,0.8959999999999999,2.204469347015664,0.3343373670410821,-0.05150911605414705,1.1802944476367405,2.598853901950937,181,2003.10.29.18.39.46,8.348794063079778,False,0.13803935353457358
-0.1167414794921875,0.08795287874893726,0.254,-0.6579999999999999,0.14626736475585375,0.9119999999999999,1.7350306766513643,0.30439090267717384,-0.09127610190232147,1.1791975849959382,2.046601021046401,182,2003.10.29.18.49.46,8.39517625231911,False,0.13189025000961113
-0.11692573242187498,0.08765228108105723,0.3125,-0.681,0.1462446013346957,0.9935,2.1329137033835055,0.31056813414475704,-0.07288065116743868,1.1777836896562346,2.5140326836039164,183,2003.10.29.18.59.46,8.441558441558442,False,0.14331233180767589
-0.11678872070312499,0.08735365880267193,0.305,-0.6619999999999999,0.14595404831254544,0.967,2.0870259528067625,0.41019125349270813,-0.06356037545397236,1.1769161664080023,2.457607345912065,184,2003.10.29.19.09.46,8.487940630797773,False,0.1602063098940097
-0.1162712646484375,0.08700145967812539,0.233,-0.631,0.1453421239578413,0.864,1.5971278922525105,0.328815636066639,-0.0767771711592298,1.17676183437925,1.8828524121344477,185,2003.10.29.19.19.46,8.534322820037106,False,0.11629263752706587
-0.1179864501953125,0.08698011214292738,0.2695,-0.603,0.14668162196446044,0.8725,1.8298802234222282,0.24798725407763444,-0.08458789453086234,1.1764897144630586,2.1566622868888463,186,2003.10.29.19.29.46,8.580705009276437,False,0.14577214507509512
-0.11614951171874999,0.08671337796547743,0.293,-0.5435,0.14504246650033803,0.8365,2.021255749930228,0.23963200240404237,-0.05357812559735105,1.1772737974425396,2.3789371641821395,187,2003.10.29.19.39.46,8.62708719851577,False,0.1601083430485457
-0.11638359374999999,0.08791028843165483,0.2585,-0.581,0.14593022980660908,0.8394999999999999,1.7781338180136552,0.16645791465147242,-0.05096906262362849,1.1789637335022016,2.093325885497987,188,2003.10.29.19.49.46,8.673469387755102,False,0.1332015732376683
-0.117560546875,0.0876013316546683,0.2925,-0.526,0.14671720738608673,0.8185,1.9914430212755068,0.2642770870166433,-0.027424169581586208,1.1739222955147186,2.3388906733819166,189,2003.10.29.19.59.46,8.719851576994433,False,0.10859106487022152
-0.116477392578125,0.08820514140207543,0.27249999999999996,-0.63,0.1462048249578371,0.9025,1.859719333836889,0.2975021978363712,-0.07815311243676917,1.1796567668062106,2.196058277277418,190,2003.10.29.20.09.46,8.766233766233766,False,0.16712628821298603
-0.116287353515625,0.08713513094812916,0.271,-0.625,0.1453987431980996,0.8959999999999999,1.8595285431659305,0.26894282504345046,-0.040491443227119325,1.1768335672263064,2.190503037523816,191,2003.10.29.20.19.46,8.812615955473097,False,0.16754819649752684
-0.11784033203125,0.08731277313045191,0.253,-0.603,0.1467515796407313,0.856,1.7191910392449485,0.295298192920437,-0.07727819302017695,1.1761167819412925,2.024618439924999,192,2003.10.29.20.29.46,8.85899814471243,False,0.15374158386988596
-0.1157625,0.08703320113015617,0.3055,-0.5625,0.14491863359692397,0.868,2.097797238374219,0.21446743851138206,-0.05673778377731067,1.1789701864379825,2.4781784548279786,193,2003.10.29.20.39.46,8.905380333951761,False,0.14245216171258424
-0.1170866455078125,0.0875932671057369,0.3185,-0.6819999999999999,0.14631763986483232,1.0005000000000002,2.1745199212083195,0.3775939491564204,-0.04505556630812549,1.1759520840391962,2.5582481546865017,194,2003.10.29.20.49.46,8.951762523191094,False,0.13566398394288326
-0.11726857910156252,0.08736370162064344,0.2645,-0.6835,0.1463299107893949,0.948,1.8102866693035364,0.467644202542296,-0.09638361317978084,1.1769718145153891,2.129164364607657,195,2003.10.29.20.59.46,8.998144712430427,False,0.09717651785331427
-0.11549108886718751,0.08792599232069628,0.281,-0.6165,0.14524318032073627,0.8975,1.9329406460931584,0.2774807356083002,-0.06428590351727072,1.180445376781214,2.282656740092511,196,2003.10.29.21.09.46,9.044526901669759,False,0.16541130708695956
-0.1161040771484375,0.08802215753121134,0.326,-0.5965,0.14582230943723637,0.9225000000000001,2.23431154403905,0.29519570865973543,-0.03136658338393443,1.1774256328396127,2.631356440094361,197,2003.10.29.21.19.46,9.090909090909092,False,0.12344004425437316
-0.11763486328124999,0.08760666797559641,0.3065,-0.6655,0.1467499054810134,0.972,2.0895499334329752,0.4462714676741839,-0.08929056362367763,1.1773691487272475,2.4596238864149838,198,2003.10.29.21.29.46,9.137291280148423,False,0.11315657036862464
-0.11599736328124999,0.08645159777090682,0.2575,-0.585,0.14473489359239133,0.8425,1.7815402831101441,0.2640169902816132,-0.06820879039329403,1.1764430504564056,2.0947557012388636,199,2003.10.29.21.39.46,9.183673469387756,False,0.1619127961408411
-0.11563747558593751,0.08643165515843361,0.3125,-0.565,0.14443620394756684,0.8775000000000001,2.1658306783383603,0.295075892964606,-0.04061485845111442,1.1757240320813298,2.545295681143743,200,2003.10.29.21.49.46,9.230055658627087,False,0.13036419028412738
-0.1179662353515625,0.08853509832900638,0.27949999999999997,-0.6275,0.147587589258943,0.907,1.89131295189615,0.3093489955080133,-0.07227240427426997,1.1781655366174273,2.2293928131035257,201,2003.10.29.21.59.46,9.276437847866418,False,0.13250290016970034
-0.114820166015625,0.08759020996814032,0.27,-0.6665000000000001,0.1445166252765458,0.9365000000000001,1.8570693296507177,0.30588954741566976,-0.08898290077910341,1.1818203111579733,2.20019021614949,202,2003.10.29.22.09.46,9.322820037105751,False,0.09795271895945662
-0.11578991699218749,0.08709189697478162,0.21450000000000002,-0.6565,0.14496838928891337,0.871,1.4769757692621877,0.26384971878193664,-0.054914243633285745,1.176991424204512,1.7394968306715133,203,2003.10.29.22.19.46,9.369202226345083,False,0.029848284757925447
-0.11650588378906251,0.08774468545321262,0.355,-0.575,0.14595229694210682,0.93,2.4290741662914033,0.22529727702063762,-0.029666807107473357,1.1775850041139038,2.8623739227317664,204,2003.10.29.22.29.46,9.415584415584416,False,0.06445908636422515
-0.115840771484375,0.08781044110130884,0.259,-0.5555,0.14544658357376186,0.8145,1.7722451598807956,0.3079190599842492,-0.06896543071427377,1.178991024064221,2.0930532963041912,205,2003.10.29.22.39.46,9.461966604823747,False,0.15862316624849127
-0.11626496582031248,0.08815149485460111,0.2735,-0.63,0.14598459802824174,0.9035,1.8663802126373268,0.30024557843181765,-0.05041969227156123,1.1789358321732673,2.2030914044044154,206,2003.10.29.22.49.46,9.50834879406308,False,0.1708896308852998
-0.117414697265625,0.08843116372910231,0.321,-0.581,0.14709645593798032,0.902,2.185045294369191,0.32471003372072604,-0.057527460611433545,1.1770939924865154,2.5706648524105287,207,2003.10.29.22.59.46,9.554730983302411,False,0.14426677000599802
-0.115706103515625,0.08887894101650902,0.3065,-0.5895,0.1460046986314233,0.896,2.0979294490730274,0.33962611267271514,-0.04605848002716737,1.1798761301299356,2.4759840425412447,208,2003.10.29.23.09.46,9.601113172541744,False,0.12130092022010425
-0.116182861328125,0.08772944999233592,0.2585,-0.5825,0.14567317350795755,0.841,1.7628557518270587,0.2592763041209041,-0.06015478176879928,1.1782376122576539,2.0827164802296845,209,2003.10.29.23.19.46,9.647495361781075,False,0.17222871522088623
-0.1170094970703125,0.08772624662683323,0.32499999999999996,-0.6165,0.14633879830624003,0.9414999999999999,2.2298358326493917,0.3117312766397691,-0.05839744652452492,1.1769493771202524,2.619844394889731,210,2003.10.29.23.29.46,9.693877551020408,False,0.1511549125768959
-0.116222021484375,0.08780050399268924,0.27349999999999997,-0.607,0.14574854537044857,0.8805000000000001,1.8752326610300294,0.2588536247762916,-0.0644833401760047,1.1789872538845518,2.2113941838779647,211,2003.10.29.23.39.46,9.740259740259742,False,0.18227958628519614
-0.11614951171874999,0.08691321781377859,0.3015,-0.5335000000000001,0.14513250960147095,0.8350000000000001,2.0751289885858983,0.20062978991247382,-0.03641805603463167,1.1763189939366865,2.4418942896881313,212,2003.10.29.23.49.46,9.786641929499073,False,0.12194892256333684
-0.11738149414062499,0.08899654535582802,0.253,-0.6605,0.14741314673628375,0.9135,1.7155788195373605,0.4576300685060859,-0.10322841220960702,1.1797922077336538,2.0243754867329864,213,2003.10.29.23.59.46,9.833024118738404,False,0.038563516998431746
-0.1155084716796875,0.08839379988212727,0.238,-0.5980000000000001,0.14555333808515164,0.8360000000000001,1.635701539792723,0.1998458087357653,-0.041084937636632124,1.1792003889717222,1.9285551712742657,214,2003.10.30.00.09.46,9.879406307977737,False,0.07793564833311051
-0.11689736328125,0.08860095942400803,0.27249999999999996,-0.61,0.1467956086382482,0.8825000000000001,1.8527699369015829,0.3445575929707456,-0.06176447834311419,1.1785605763403355,2.18544709183632,215,2003.10.30.00.19.46,9.925788497217068,False,0.161303132680584
-0.11664921875,0.08905798297300357,0.26749999999999996,-0.6515,0.14685791849269977,0.9189999999999999,1.819337982994983,0.35136244076546164,-0.07832633524700144,1.1798873399163257,2.1475519370345557,216,2003.10.30.00.29.46,9.972170686456401,False,0.12960185072426628
-0.11602458496093748,0.08667324357635245,0.2625,-0.6165,0.14493410325493916,0.879,1.8089929229464108,0.26102910604234686,-0.038774092845449096,1.1756909205262756,2.127838850991118,217,2003.10.30.00.39.46,10.018552875695732,False,0.15466688375900495
-0.11581728515625,0.08655413696030773,0.35650000000000004,-0.643,0.1446647427779705,0.9995,2.4597538231642053,0.30288116714149393,-0.0659527753276005,1.17885194980739,2.901810018076941,218,2003.10.30.00.49.46,10.064935064935066,False,0.04946236236712542
-0.11645932617187499,0.08908566389170386,0.2965,-0.58,0.1467060792690792,0.8765,2.0215462114495373,0.2969936863183329,-0.04224420670396192,1.180081323177625,2.385294482720399,219,2003.10.30.00.59.46,10.111317254174397,False,0.11499247841918481
-0.11594606933593751,0.08842474180480195,0.3115,-0.591,0.14592335559152225,0.9025000000000001,2.130386312638521,0.3144235270669993,-0.042239166398672555,1.1794889397417652,2.5150238100986555,220,2003.10.30.01.09.46,10.157699443413728,False,0.15009281717478629
-0.1158204345703125,0.08718772191721591,0.256,-0.63,0.1450632618867025,0.886,1.7619133163622123,0.26915180414789974,-0.04964654305173462,1.1775751726788242,2.076163374683408,221,2003.10.30.01.19.46,10.204081632653061,False,0.15079944162108494
-0.11708427734375,0.08710556397425731,0.30900000000000005,-0.5775,0.14602276872998643,0.8865000000000001,2.1125836056207365,0.2899208839577523,-0.07648622615234087,1.17849783302336,2.4915179265105016,222,2003.10.30.01.29.46,10.250463821892392,False,0.16800352044901107
-0.1159349365234375,0.08848551749467835,0.2465,-0.6455,0.14595010668579547,0.8919999999999999,1.6835453621455123,0.2599425508783739,-0.0640306597761898,1.179246729763757,1.9878715724608922,223,2003.10.30.01.39.46,10.296846011131725,False,0.11745387559910925
-0.11556494140624998,0.08829028920552823,0.277,-0.6705,0.14554430820559666,0.9475,1.8961877488662977,0.33828298815308333,-0.07241261170138227,1.1808821154555176,2.242749679520143,224,2003.10.30.01.49.46,10.343228200371058,False,0.1283013951084505
-0.116426806640625,0.08794685082389153,0.26,-0.5765,0.14601749791389426,0.8365,1.7843312112757324,0.30616740649710295,-0.04500421261025565,1.1775033224722977,2.099040829118715,225,2003.10.30.01.59.46,10.38961038961039,False,0.16997883890329474
-0.1162333251953125,0.08816845683474198,0.271,-0.6395,0.14595629442080094,0.9105,1.857940882931893,0.3673497658283853,-0.0771754880536602,1.178858503028168,2.1896897399892774,226,2003.10.30.02.09.46,10.435992578849723,False,0.16133762457291084
-0.11572229003906251,0.08886983523544839,0.305,-0.659,0.14599106994407568,0.964,2.086499106404109,0.356888123056168,-0.07346489993795509,1.1815307777180588,2.466415480197488,227,2003.10.30.02.19.46,10.482374768089054,False,0.10906353875312996
-0.1169974365234375,0.08758686285272116,0.2515,-0.6014999999999999,0.14625999246218557,0.853,1.7096510088758845,0.2554425261339044,-0.06255479262028948,1.1767914765092151,2.0167220370727272,228,2003.10.30.02.29.46,10.528756957328387,False,0.17351118177343128
-0.11620073242187501,0.0873226632030745,0.271,-0.62,0.14543357055785683,0.891,1.869304229610853,0.29826762263181705,-0.054191198393193626,1.1776394544901339,2.198707637800601,229,2003.10.30.02.39.46,10.575139146567718,False,0.17556664228010294
-0.116313330078125,0.08780735411781922,0.28700000000000003,-0.6345000000000001,0.14582436027332663,0.9215,1.9661880330442845,0.27443573230460916,-0.05408781330028496,1.1779221490969531,2.316704316724371,230,2003.10.30.02.49.46,10.621521335807051,False,0.1726031364857688
-0.116388427734375,0.0886447435326738,0.306,-0.542,0.1464019094360568,0.8480000000000001,2.0895422252390734,0.2694735103970878,-0.0522044613245524,1.1795977087404865,2.4651770529808417,231,2003.10.30.02.59.46,10.667903525046382,False,0.13196245926437183
-0.11549946289062499,0.08634446634020565,0.26349999999999996,-0.5795,0.14430915278251688,0.843,1.823576293192593,0.2647514263590047,-0.07515638801584598,1.1778305644887543,2.149064078913618,232,2003.10.30.03.09.46,10.714285714285714,False,0.14867575178185038
-0.11596689453125,0.08667017008174552,0.2735,-0.6715,0.14488688690047663,0.945,1.8792176564260852,0.4922210994375198,-0.08083670853331118,1.1759376342375374,2.21417753193644,233,2003.10.30.03.19.46,10.760667903525047,False,0.09987629118795394
-0.1165662109375,0.08797114750245633,0.2415,-0.597,0.14613684023652423,0.8385,1.6468263609722487,0.2123317031564791,-0.07765269822061294,1.1790693514885053,1.9444683198690773,234,2003.10.30.03.29.46,10.807050092764378,False,0.12399239814147245
-0.11586376953125,0.08693053840250059,0.23199999999999998,-0.569,0.14496046095428555,0.8009999999999999,1.596166110653868,0.23742641407433385,-0.0807439159169108,1.1787562036873571,1.8834247408613287,235,2003.10.30.03.39.46,10.85343228200371,False,0.08434753531505346
-0.11590244140625,0.08774675265057558,0.3065,-0.6765,0.1454624949485498,0.9830000000000001,2.0989206412428922,0.5085353312967595,-0.08021742147672509,1.1791017874323635,2.4783500225230926,236,2003.10.31.00.09.46,10.899814471243042,False,0.11573675684332102
-0.11609750976562501,0.08750177753103444,0.2955,-0.581,0.1455149289429709,0.8765,2.0309933720848807,0.2998657879545161,-0.07078095388917155,1.1779446445061033,2.392253293446942,237,2003.10.31.00.19.46,10.946196660482375,False,0.17525254711721522
-0.1168771484375,0.08740194538854351,0.327,-0.62,0.1460619514998625,0.947,2.230600446059048,0.3429177047046612,-0.08056472770588025,1.1776145254715713,2.6312810352927904,238,2003.10.31.00.29.46,10.992578849721706,False,0.14635718575336065
-0.11572690429687499,0.08731637515959349,0.27249999999999996,-0.6325000000000001,0.14506063352628795,0.905,1.8827174180889505,0.3100548229818785,-0.05542371674069491,1.1784180625574054,2.216602966556951,239,2003.10.31.00.39.46,11.03896103896104,False,0.1650097215334294
-0.11609135742187499,0.08796000100315388,0.2695,-0.5395,0.1457613675340037,0.8089999999999999,1.8413595440885349,0.2038228673328193,-0.06406205735626619,1.1795102155813668,2.175940444045472,240,2003.10.31.00.49.46,11.08534322820037,False,0.12892121459933098
-0.11646640625000002,0.08805630917861271,0.2555,-0.591,0.14612571279095796,0.8465,1.752125843584832,0.3249481658326565,-0.05514405151161459,1.1768187919791802,2.059909561879933,241,2003.10.31.00.59.46,11.131725417439704,False,0.16848752947737722
-0.1164059814453125,0.08760187046205556,0.2685,-0.5885,0.14578782471611662,0.857,1.8416539997274244,0.2754139673094862,-0.07442003811973624,1.1789261488092113,2.1712074045669247,242,2003.10.31.01.09.46,11.178107606679037,False,0.18150107852006803
-0.11644814453125002,0.08760928825542363,0.3065,-0.6595,0.14583810504493422,0.966,2.0901387928500705,0.35376139269533957,-0.07759075341023518,1.1787923096704362,2.4691061738506708,243,2003.10.31.01.19.46,11.224489795918368,False,0.15668637414032188
-0.11665048828124999,0.08700050679533246,0.237,-0.597,0.1456102694244781,0.834,1.624723389596817,0.32090591270618196,-0.0627496018738861,1.1758610751520804,1.9118806556792414,244,2003.10.31.01.29.46,11.270871985157699,False,0.14330054452547175
-0.1138244140625,0.0869116151352754,0.28049999999999997,-0.5800000000000001,0.14331384698809102,0.8605,1.952646200782388,0.3044538627811193,-0.06485269377651387,1.1803341697315584,2.307079383819644,245,2003.10.31.01.39.46,11.317254174397032,False,0.11955912816586534
-0.1182592529296875,0.08679897382868171,0.3105,-0.5675,0.146801833630814,0.878,2.1078871594021216,0.26509905672216005,-0.06261470675271433,1.1739870888968649,2.4777387804848425,246,2003.10.31.01.49.46,11.363636363636363,False,0.13420413853888324
-0.1170129150390625,0.08836388253776187,0.2905,-0.6775,0.14674001006695542,0.968,1.973330883574345,0.35002303415194946,-0.07506031998663643,1.1784507883953386,2.3286055589110024,247,2003.10.31.01.59.46,11.410018552875696,False,0.14594116266127377
-0.11609765625000001,0.08767922659795518,0.27549999999999997,-0.614,0.14556541577340915,0.8895,1.8892055493909548,0.2843880674869075,-0.0640034122371653,1.1784305270915607,2.227607566465771,248,2003.10.31.02.09.46,11.456400742115028,False,0.18248086263339264
-0.115983154296875,0.08595110609442672,0.31,-0.624,0.14445998692568834,0.934,2.1477472108975517,0.3030860282907035,-0.04239938362661274,1.17503641892838,2.5227125150940646,249,2003.10.31.02.19.46,11.50278293135436,False,0.13576589951780216
-0.11669130859374999,0.08602479963687001,0.2895,-0.5495,0.145088306368954,0.839,1.9929598093010983,0.23501687083053202,-0.06053006246793094,1.1742949293695588,2.341654646019319,250,2003.10.31.02.29.46,11.549165120593692,False,0.15271845934439876
-0.11609941406249999,0.08679572067637431,0.3185,-0.5945,0.1450585162779811,0.9129999999999999,2.2029494474592726,0.34047181734121557,-0.05159277143636564,1.175966644836226,2.5873146522856456,251,2003.10.31.02.39.46,11.595547309833023,False,0.15999315166793893
-0.116095703125,0.08683821197497052,0.26849999999999996,-0.62,0.14510004888993477,0.8885,1.8464148517005148,0.35255814476518044,-0.05481856341175821,1.1768128580927222,2.1748988527334356,252,2003.10.31.02.49.46,11.641929499072356,False,0.1676813138687968
-0.1173302734375,0.08664499475171274,0.28600000000000003,-0.5825,0.14593581771326453,0.8685,1.9646920207009457,0.35944727115014574,-0.06296641477541895,1.1751889860060118,2.3064653024929203,253,2003.10.31.02.59.46,11.688311688311687,False,0.17120725913469226
-0.11619938964843748,0.08920326264530135,0.2645,-0.663,0.14661180593898288,0.9275,1.8041140344460187,0.42833725784191556,-0.08705304348706758,1.1809154173632523,2.130492559830866,254,2003.10.31.03.09.46,11.73469387755102,False,0.07232114112198007
-0.1164727294921875,0.0882499997297336,0.2675,-0.687,0.14621518732397326,0.9545,1.8243161364876588,0.35639419998924593,-0.07553855326122641,1.1789244219807782,2.153004600774789,255,2003.10.31.03.19.46,11.781076066790352,False,0.1401387502010369
-0.116663671875,0.08718658307117935,0.249,-0.6435,0.14575986107593086,0.8925000000000001,1.708365770555537,0.3651867549854091,-0.07771407963410502,1.1766318110194343,2.0100800401658425,256,2003.10.31.03.29.46,11.827458256029685,False,0.1473270866276869
-0.1163813232421875,0.08764989324757827,0.27249999999999996,-0.603,0.14579477501518587,0.8755,1.8633027263579311,0.2581434945495227,-0.08711981351713251,1.1798357747938382,2.2010919570778826,257,2003.10.31.03.39.46,11.873840445269018,False,0.16230526779453675
-0.1155108154296875,0.0883193949081604,0.29300000000000004,-0.5265,0.14553607840627175,0.8195,2.0090052182630784,0.2564048230398981,-0.05996273180521888,1.1799850995225354,2.3726974870901083,258,2003.10.31.03.49.46,11.920222634508349,False,0.11505996714823535
-0.11745957031249998,0.08873249825350774,0.3405,-0.5845,0.14731322989855933,0.925,2.309305344048253,0.2806540365720034,-0.06208243093255469,1.1791132998901959,2.723880913824793,259,2003.10.31.03.59.46,11.966604823747682,False,0.10279736424325808
-0.1160693359375,0.08894818296140117,0.322,-0.6385000000000001,0.14634326202254824,0.9605000000000001,2.189658476429034,0.4879622188190089,-0.09053060027158248,1.1806292865842196,2.5905014777040645,260,2003.10.31.04.09.46,12.012987012987013,False,0.07389749615366537
-0.11575871582031251,0.08594351595508468,0.243,-0.554,0.1443077009629605,0.7969999999999999,1.6784938018568047,0.2441176931634199,-0.08723673846139549,1.1770381469379383,1.9784423668970423,261,2003.10.31.04.19.46,12.059369202226346,False,0.08024676660369984
-0.11722724609375001,0.08785689653286416,0.272,-0.609,0.14661131647036857,0.881,1.8493274373218558,0.20550687317108696,-0.0696781233931057,1.1779709293423077,2.181699409086411,262,2003.10.31.04.29.46,12.105751391465677,False,0.16025088077508132
-0.11604721679687499,0.08726114987676635,0.248,-0.6065,0.14529720879937724,0.8545,1.695091220572202,0.3752778008229083,-0.08276382773371385,1.1787385047976509,2.0033977450391216,263,2003.10.31.04.39.46,12.152133580705009,False,0.12971461995281441
-0.115893359375,0.0872032008737599,0.26649999999999996,-0.6925,0.14513883158192206,0.9590000000000001,1.8413143534944312,0.3521917436926023,-0.08241640028179498,1.1790423473799527,2.168452012917767,264,2003.10.31.04.49.46,12.198515769944342,False,0.12806747249396794
-0.1173079345703125,0.08681485425777821,0.34199999999999997,-0.6005,0.14606670660056104,0.9424999999999999,2.350847967786064,0.3690063935598953,-0.06560141853515145,1.1749809520787338,2.7571166910009417,265,2003.10.31.04.59.46,12.244897959183673,False,0.12549332719062034
-0.11661933593750001,0.08703754223555224,0.317,-0.5665,0.14562978308564456,0.8835000000000001,2.1793174624061997,0.3445468287443394,-0.0700804773366587,1.1762939032675428,2.562085735545453,266,2003.10.31.05.09.46,12.291280148423006,False,0.1683137537812492
-0.11608637695312499,0.08788665243558194,0.3075,-0.6910000000000001,0.1456806468841697,0.9985,2.1062229602333673,0.37427700165396627,-0.057144012251524864,1.1777735251038242,2.482572966904585,267,2003.10.31.05.19.46,12.337662337662337,False,0.14140287384992206
-0.11689687500000001,0.08717812924345886,0.28150000000000003,-0.5465,0.14594656743208148,0.8280000000000001,1.9192492345015864,0.21492211669780903,-0.0817538564669405,1.1770916936108695,2.2636069820970235,268,2003.10.31.05.29.46,12.384044526901668,False,0.1443858913347903
-0.1156666015625,0.08783979926759508,0.321,-0.607,0.14534851455128212,0.928,2.2115527828798474,0.332673874149926,-0.040699994791090405,1.1768284192480865,2.601067937321633,269,2003.10.31.05.39.46,12.430426716141001,False,0.1472556228278924
-0.11648103027343751,0.086335478782645,0.2905,-0.6005,0.1451137434285038,0.891,1.9962627762817529,0.3368301521124759,-0.045316007505590575,1.1733949726933435,2.3452332815442185,270,2003.10.31.05.49.46,12.476808905380334,False,0.16240658687550197
-0.1168629638671875,0.08705543789405155,0.28200000000000003,-0.5395,0.14581196793655066,0.8215,1.9276293460103495,0.26631387926208805,-0.02786385941420147,1.1747703477438807,2.267592854387466,271,2003.10.31.05.59.46,12.523191094619666,False,0.1419660074193972
-0.1157432373046875,0.08716576206277701,0.298,-0.592,0.14503848182381485,0.89,2.054070110845772,0.39113979649166897,-0.07784233376253619,1.1786638868897508,2.421377116599235,272,2003.10.31.06.09.46,12.569573283858999,False,0.14511184055641513
-0.11520058593749999,0.08766380762488843,0.2895,-0.5995,0.14487337072314782,0.889,2.0005221783750367,0.2203017030636445,-0.05917998553972913,1.1800067327475317,2.359574316542105,273,2003.10.31.06.19.46,12.615955473098332,False,0.14728588331382908
-0.1168820068359375,0.08787014545905802,0.276,-0.609,0.14633528347256036,0.885,1.881135708927978,0.31527277219438266,-0.08503558995085787,1.178265683631406,2.2190724713462116,274,2003.10.31.06.29.46,12.662337662337661,False,0.1691407169705717
-0.116246533203125,0.08744764932749524,0.35650000000000004,-0.6225,0.145557868793589,0.9790000000000001,2.44596595768002,0.464460165100524,-0.07174681794796131,1.1774090139863302,2.8814206162972393,275,2003.10.31.06.39.46,12.708719851576994,False,0.060433461779688336
-0.115491015625,0.0869985875380903,0.2425,-0.62,0.1447103256288202,0.8625,1.6744636421580426,0.3920486994229131,-0.07888536445627793,1.1774716938427576,1.9722926339931417,276,2003.10.31.06.49.46,12.755102040816327,False,0.11124735235822475
-0.11833535156250001,0.08794587835120196,0.348,-0.62,0.14754342873535137,0.968,2.3397237323059774,0.3363115177200484,-0.07043097853627406,1.1770144760443713,2.7642742703732073,277,2003.10.31.06.59.46,12.80148423005566,False,0.06226095140687571
-0.11621506347656249,0.08809781398517522,0.287,-0.6775,0.1459514581804511,0.9645,1.9679395952677396,0.5119632990206364,-0.06750176395942553,1.1777638933338528,2.3169992585350663,278,2003.10.31.07.09.46,12.84786641929499,False,0.12142642289375832
-0.1162411865234375,0.08833992823861139,0.2395,-0.548,0.14613000220137184,0.7875,1.6374513042843941,0.2197602312554061,-0.054646834640725374,1.178469200934034,1.9304466384932186,279,2003.10.31.07.19.46,12.894248608534323,False,0.0879408197161608
-0.1173610107421875,0.08737925721514483,0.28049999999999997,-0.6174999999999999,0.14640468244530602,0.898,1.914665176254398,0.2890407200448706,-0.04391796608870547,1.1748313559155994,2.2499237490178365,280,2003.10.31.07.29.46,12.940630797773656,False,0.1696363116948157
-0.11514609375,0.08784812257039318,0.2735,-0.5820000000000001,0.14494131959778275,0.8555,1.8901926904773112,0.3067649123563534,-0.06715211205330752,1.1811541970162402,2.230781554210625,281,2003.10.31.07.39.46,12.987012987012985,False,0.15137848267075832
-0.11735063476562499,0.08774545047061008,0.271,-0.646,0.14662015877464812,0.917,1.8458072129888392,0.34742471101268113,-0.06310823335922844,1.1763630521315656,2.172326861842978,282,2003.10.31.07.49.46,13.033395176252318,False,0.17086647676725691
-0.11773269042968748,0.08801960502558587,0.303,-0.6165,0.14710841867415006,0.9195,2.043184917246335,0.2720016094042492,-0.06334853638435238,1.176692877984431,2.412690932619673,283,2003.10.31.07.59.46,13.079777365491651,False,0.14752861957517904
-0.1166963134765625,0.08755885254923497,0.2685,-0.5529999999999999,0.14598389644591253,0.8215,1.8324308348903842,0.22122382944475727,-0.05454470153450852,1.1763065496652483,2.158387665500076,284,2003.10.31.08.09.46,13.126159554730984,False,0.1621959243828341
-0.115131884765625,0.08645708368677657,0.2445,-0.5345,0.14408589199992844,0.7789999999999999,1.6908854244086007,0.2801552806579548,-0.09387029154687881,1.1783984606119482,1.9953989102496656,285,2003.10.31.08.19.46,13.172541743970315,False,0.06256288727022008
-0.1176761962890625,0.087199398173753,0.28450000000000003,-0.63,0.14656392051592554,0.9145000000000001,1.9325406031611188,0.29445617454130746,-0.08044185848935206,1.1775654941627474,2.2800852611341167,286,2003.10.31.08.29.46,13.218923933209648,False,0.16636130126548343
-0.11718867187500001,0.08645340340513408,0.264,-0.6519999999999999,0.14574573192199278,0.9159999999999999,1.803870232429159,0.30655767965545855,-0.07328164573288043,1.1753240662136046,2.123752065556012,287,2003.10.31.08.39.46,13.26530612244898,False,0.1577531330216273
-0.1157696044921875,0.08686736620747045,0.294,-0.5395,0.14483599673124575,0.8335,2.030682489173129,0.22938123605214678,-0.037432754677928434,1.1769440246885396,2.3894711177967065,288,2003.10.31.08.49.46,13.311688311688311,False,0.13895318259858758
-0.1179869873046875,0.0868115334556325,0.3075,-0.532,0.14659550999862783,0.8395000000000001,2.0932190135259123,0.3105489688439609,-0.0510620483161546,1.1737538683520832,2.459159063324578,289,2003.10.31.08.59.46,13.358070500927644,False,0.12569097123299533
-0.1162506591796875,0.08654349737458439,0.264,-0.5714999999999999,0.14503080749990324,0.8354999999999999,1.8174425690100893,0.2456353756225913,-0.046247343804854,1.1752626712609753,2.137412058275664,290,2003.10.31.09.09.46,13.404452690166977,False,0.16867683314058096
-0.1156459228515625,0.08674700542652555,0.28049999999999997,-0.636,0.14467275883469888,0.9165000000000001,1.9365372138132502,0.39898579520157873,-0.07235522917931253,1.1774935830086783,2.281384209138582,291,2003.10.31.09.19.46,13.45083487940631,False,0.14569026519443246
-0.11754282226562499,0.08700055527726903,0.3635,-0.6165,0.14635107276342546,0.98,2.500547005843307,0.31286871915860104,-0.029512405319932856,1.1742458471968273,2.926903520293208,292,2003.10.31.09.29.46,13.49721706864564,False,0.022768444061302184
-0.11620964355468749,0.08706597398411142,0.256,-0.6055,0.14530675348237862,0.8615,1.7551159664727876,0.30511498187420383,-0.04916080722008673,1.17618053869989,2.0669495519176184,293,2003.10.31.09.39.46,13.543599257884972,False,0.17375034371280101
-0.11614565429687501,0.08650352608429299,0.242,-0.665,0.144940369072722,0.907,1.6665294027697541,0.3094702587461964,-0.06704613572870423,1.1768735293974406,1.9628921832263326,294,2003.10.31.09.49.46,13.589981447124305,False,0.11631534572454233
-0.1167680908203125,0.08674352943284586,0.27949999999999997,-0.5800000000000001,0.14557357457704362,0.8595,1.9164900097179058,0.27817695884087934,-0.03818087201412593,1.1734904787461518,2.2506277364728975,295,2003.10.31.09.59.46,13.636363636363635,False,0.1690138035194491
-0.116155712890625,0.08672606328038583,0.243,-0.5800000000000001,0.14505218746469856,0.823,1.6689836803076987,0.24983925495860726,-0.08119419231878466,1.1775347884099283,1.968403374922226,296,2003.10.31.10.09.46,13.682745825602968,False,0.13818484849595913
-0.11547009277343749,0.08741809598411306,0.253,-0.5725,0.14492576632619225,0.8255000000000001,1.7460104494788218,0.2631437369907903,-0.07204194325159104,1.180558221574029,2.0611244473073116,297,2003.10.31.12.05.51,13.729128014842301,False,0.13834464967186427
-0.1175141357421875,0.08711394093575392,0.249,-0.7215,0.14638947424518,0.9705,1.7018722882270516,0.3441616902860929,-0.061856388529663534,1.1756932503434392,2.000394085718679,298,2003.10.31.12.11.44,13.77551020408163,False,0.07882520465138809
-0.11709951171875,0.08698086821585171,0.227,-0.615,0.1459576490023199,0.8420000000000001,1.5509782335553157,0.28559234373064113,-0.06561120944185442,1.1752066029563788,1.824467395461654,299,2003.10.31.12.21.44,13.821892393320963,False,0.1016176934240482
-0.1177381103515625,0.08725756481760172,0.2515,-0.5775,0.14668219785727177,0.829,1.7111095842975481,0.3171954590880455,-0.0732801910117336,1.1753452975100267,2.0131174746651066,300,2003.10.31.12.31.44,13.868274582560296,False,0.14514133088013792
-0.11724912109375002,0.08731771511021612,0.2615,-0.6479999999999999,0.14631127726862891,0.9095,1.7849238663543314,0.2699925448399241,-0.07228037788806607,1.1773534224921747,2.102842721994934,301,2003.10.31.12.41.44,13.91465677179963,False,0.16368058545739145
-0.1170916259765625,0.08704203205423416,0.237,-0.647,0.14599633912920815,0.884,1.618937486056176,0.3361225833436623,-0.06576439861884086,1.175051139139617,1.9045368104532274,302,2003.10.31.12.51.44,13.96103896103896,False,0.1222962147686752
-0.1191550048828125,0.0873769323718302,0.292,-0.6325000000000001,0.14786087704527268,0.9245,1.9652030557072926,0.35154833748608705,-0.06720258306521926,1.1730597870047488,2.30964261435373,303,2003.10.31.13.01.44,14.007421150278294,False,0.07274555529725257
-0.1186863037109375,0.08703670049581518,0.3035,-0.5445,0.1472815288652352,0.8480000000000001,2.068210179014831,0.2791489681991772,-0.03688678816302011,1.1733453262381675,2.422889522276284,304,2003.10.31.13.11.44,14.053803339517627,False,0.10295095651202246
-0.1169171875,0.08724366009793799,0.344,-0.665,0.14596325571324587,1.009,2.3468508315296455,0.36904426388658607,-0.059727227664179976,1.1762834772113462,2.7656103970255974,305,2003.10.31.13.21.44,14.100185528756956,False,0.10001287920075558
-0.11821584472656249,0.08610537871473031,0.2685,-0.5545,0.14635999020968202,0.823,1.833637006960767,0.23118649580639028,0.006999064989343854,1.1696345297018713,2.145105503131513,306,2003.10.31.13.31.44,14.14656771799629,False,0.060567480432014764
-0.1169991943359375,0.08775538137452546,0.32,-0.742,0.14636500230214972,1.062,2.1775898416693833,0.4720202246845806,-0.0976469709541192,1.1779540563819144,2.5693046832672226,307,2003.10.31.13.41.44,14.192949907235622,False,0.039284785757276564
-0.1170590087890625,0.08716913975522264,0.2865,-0.5845,0.14604120582597346,0.871,1.9491866971746246,0.3207324595350922,-0.07105426174646007,1.1756674648408278,2.2979056378515117,308,2003.10.31.13.51.44,14.239332096474955,False,0.1871242340416418
-0.116847900390625,0.08579424920954867,0.2535,-0.5005000000000001,0.1450574491397228,0.754,1.7485302326935206,0.19382543296936317,-0.025588672905638384,1.172741767905033,2.0500930218849724,309,2003.10.31.14.01.44,14.285714285714285,False,0.02214890248714463
-0.1169738037109375,0.08649777416734482,0.3345,-0.6065,0.14559292366848975,0.9410000000000001,2.2812587048073265,0.39550546239254225,-0.0569133418320537,1.174348874807639,2.6863695301155346,310,2003.10.31.14.11.44,14.332096474953618,False,0.1314557624063719
-0.11646738281249999,0.08716912919281739,0.3125,-0.6265000000000001,0.14561392452150512,0.939,2.1429606796784295,0.37667798507475814,-0.037342491793701076,1.1752444460436982,2.520290507581488,311,2003.10.31.14.21.44,14.37847866419295,False,0.15956070372851117
-0.116958935546875,0.08691778925828422,0.3295,-0.6165,0.14584515431940687,0.946,2.2398624756799537,0.38657275143688685,-0.04934798382721954,1.173944436449284,2.638913309256903,312,2003.10.31.14.31.44,14.42486085343228,False,0.1303452365576251
-0.1169769775390625,0.08717173565920647,0.3115,-0.6715,0.14600069599580817,0.983,2.1276323528150285,0.41598752452289856,-0.0833129049799739,1.1762270868484836,2.5057158371333577,313,2003.10.31.14.41.44,14.471243042671613,False,0.13222303455788575
-0.1147630126953125,0.0882297233992744,0.2385,-0.5905,0.14486410169994993,0.829,1.641653454415333,0.37265539014637317,-0.05115645991579143,1.179112484968876,1.9380365690762478,314,2003.10.31.14.51.44,14.517625231910946,False,0.07811523643152285
-0.11690886230468749,0.08765358131542798,0.3275,-0.575,0.14625229865079323,0.9025,2.23357073691116,0.4142682527084054,-0.06054745965561564,1.1770562411325627,2.6324768989722784,315,2003.10.31.15.01.44,14.56400742115028,False,0.13913507376275147
-0.11744250488281249,0.08808811115219986,0.27849999999999997,-0.624,0.1469451938668221,0.9025,1.8940760014586702,0.3571777321631151,-0.057595607940439456,1.1770291624503857,2.2299330170322444,316,2003.10.31.15.11.44,14.61038961038961,False,0.1651818365939997
-0.11660917968750001,0.08757297983902276,0.28300000000000003,-0.6885,0.14593551691668832,0.9715,1.9429766023489843,0.356050252033169,-0.06716721863199374,1.1773934554849999,2.2855299250152514,317,2003.10.31.15.21.44,14.656771799628942,False,0.1628983830531885
-0.11701943359375,0.08665738075674806,0.2955,-0.61,0.1457415311419526,0.9055,2.0235977364549713,0.3256570583401972,-0.05814421562612111,1.1753984166211957,2.3811256163265124,318,2003.10.31.15.31.44,14.703153988868275,False,0.17796757702794735
-0.11816169433593751,0.08760043439294311,0.276,-0.5905,0.14719405358764698,0.8665,1.8742810076941059,0.3438223146310515,-0.06589811546202212,1.1753496503604817,2.203310495722378,319,2003.10.31.15.41.44,14.749536178107606,False,0.15090970894860556
-0.1167810546875,0.08812299536083634,0.2415,-0.599,0.14638292011958343,0.8405,1.649233746611146,0.2606231047585186,-0.08809219834711142,1.1800815353375098,1.946501949783563,320,2003.10.31.15.51.44,14.795918367346939,False,0.12187174046570515
-0.1169731689453125,0.08620521136478146,0.262,-0.5955,0.14540860303984077,0.8574999999999999,1.7970770076907296,0.42295272999932254,-0.10486035926498063,1.1766665981690614,2.1171602632882265,321,2003.10.31.16.01.44,14.842300556586272,False,0.10389215978681543
-0.11756911621093749,0.08694097983667218,0.3065,-0.5725,0.14633365758789765,0.879,2.091296538913406,0.2998851923901462,-0.028102480439911523,1.1730394886553972,2.4547488154361177,322,2003.10.31.16.11.44,14.888682745825601,False,0.1350833443662564
-0.116134228515625,0.08811079680260309,0.3295,-0.5529999999999999,0.14590082052330833,0.8825000000000001,2.2542105048825674,0.2570991029481713,-0.06018630683856496,1.1795155996583726,2.660932047565466,323,2003.10.31.16.21.44,14.935064935064934,False,0.11720980249768076
-0.11722458496093752,0.0879071584299249,0.3225,-0.613,0.14666090460719705,0.9355,2.191594253219355,0.39165807454218093,-0.037254132138789746,1.1753280801108041,2.579190233511418,324,2003.10.31.16.31.44,14.981447124304268,False,0.139718273581996
-0.1179956298828125,0.08760022278457641,0.2965,-0.6545,0.147070500147439,0.951,2.0037479609677984,0.4793557041169747,-0.09457017339504951,1.1761271085287817,2.3628112285219034,325,2003.10.31.16.41.44,15.0278293135436,False,0.08458372951408039
-0.1175829833984375,0.0883522005225558,0.277,-0.6114999999999999,0.1471757412300092,0.8885000000000001,1.8792973737514074,0.3478307914287835,-0.07503711541848454,1.1772042496750035,2.2135203580341036,326,2003.10.31.16.51.44,15.07421150278293,False,0.15594648939860778
-0.11682626953125,0.08806980102936725,0.3715,-0.593,0.14641175589751154,0.9644999999999999,2.5395571911273693,0.40720145347641434,-0.06848352003795716,1.177349067758679,2.988844309010749,327,2003.10.31.17.01.44,15.120593692022263,False,0.044302559249908
-0.117261669921875,0.08911046023394387,0.354,-0.6385000000000001,0.1473981886698203,0.9925,2.3945372464411925,0.35894862545522943,-0.05861589873101623,1.1783180116238414,2.825424172140819,328,2003.10.31.17.11.44,15.166975881261596,False,0.048249627836275844
-0.1166347412109375,0.08696576716134473,0.28049999999999997,-0.703,0.14558377897757196,0.9835,1.9233740989180768,0.37552165011576966,-0.09486549080341344,1.177969269121252,2.26723523263888,329,2003.10.31.17.21.44,15.213358070500927,False,0.11112997104688488
-0.1167949951171875,0.08779072710475466,0.2565,-0.5495,0.1462266049857274,0.806,1.7496612083350287,0.35621655269379704,-0.08199973965669816,1.1774864311660362,2.0626347217753565,330,2003.10.31.17.31.44,15.259740259740258,False,0.12698844585484154
-0.11764543457031251,0.08688137228909319,0.3055,-0.598,0.14637698528059806,0.9035,2.080692345811468,0.2656099026716494,-0.04704755210278105,1.1743431872149506,2.447229267335768,331,2003.10.31.17.41.44,15.306122448979592,False,0.15378709280898378
-0.11648066406249999,0.087383472225179,0.3005,-0.5920000000000001,0.14572142421147555,0.8925000000000001,2.057391608277829,0.41927867726360435,-0.05167216202386912,1.1751528761606982,2.419794298881121,332,2003.10.31.17.51.44,15.352504638218925,False,0.15575991359973618
-0.11662143554687501,0.08817680556924097,0.30400000000000005,-0.725,0.14630128165157377,1.029,2.0834447875961803,0.3996031488042493,-0.054565042131945296,1.1781543598973467,2.451551806356292,333,2003.10.31.18.01.44,15.398886827458256,False,0.0741761022385311
-0.11877270507812501,0.08704203898699257,0.249,-0.609,0.14733868296383523,0.8580000000000001,1.6884924656043023,0.30980805903734954,-0.06442450946344877,1.1735749932654191,1.9823362477145032,334,2003.10.31.18.11.44,15.445269016697589,False,0.07643004069589665
-0.11718330078125001,0.08756018132170654,0.3185,-0.7145,0.14638605325349618,1.0330000000000001,2.1627538505736217,0.3612275610726372,-0.037895758905985885,1.1756388211810482,2.548529204631082,335,2003.10.31.18.21.44,15.491651205936922,False,0.08864979138504087
-0.11636347656249998,0.08665617163094748,0.28049999999999997,-0.5775,0.14521158980098198,0.8580000000000001,1.925954948521135,0.2978911267460116,-0.02902999058979657,1.1733553747493017,2.2629000154886154,336,2003.10.31.18.31.44,15.538033395176251,False,0.15469141441687367
-0.117687255859375,0.08924729984589232,0.40800000000000003,-0.6385000000000001,0.14777438977506419,1.0465,2.7870738888413817,0.4479633586095477,-0.06548681058931474,1.1793907259529592,3.276166186237984,337,2003.10.31.18.41.44,15.584415584415584,True,-0.07713058437730735
-0.1169736083984375,0.08726382059801717,0.29900000000000004,-0.665,0.14604399806027143,0.964,2.0406617124334288,0.31949384191826824,-0.030630478778644013,1.1746735775667112,2.4004780751460295,338,2003.10.31.18.51.44,15.630797773654917,False,0.12269089132532501
-0.11692009277343751,0.0875723273683233,0.29200000000000004,-0.5700000000000001,0.14618692102773834,0.8620000000000001,1.993792434207967,0.2522697160705012,-0.04103289036339494,1.1764735370489219,2.3476136430728234,339,2003.10.31.19.01.44,15.67717996289425,False,0.17311372404569753
-0.1178276123046875,0.08720196457311194,0.2585,-0.5740000000000001,0.14668807933026917,0.8325,1.7568252324816804,0.23345967055591266,-0.039503061936776954,1.1742681807776907,2.065612741378185,340,2003.10.31.19.11.44,15.72356215213358,False,0.13589836690057405
-0.1166527587890625,0.08660559425962032,0.2395,-0.585,0.14541177146863588,0.8245,1.644463715476214,0.29394877047423873,-0.060285949249797154,1.174769297474708,1.9331424209819739,341,2003.10.31.19.21.44,15.769944341372913,False,0.12676893440311843
-0.11692729492187501,0.08709789647962804,0.2855,-0.7230000000000001,0.1459143234310831,1.0085,1.9529287568621512,0.46002205856862544,-0.08146039367235346,1.1760431752232297,2.2985091856240043,342,2003.10.31.19.31.44,15.816326530612246,False,0.08476438312604412
-0.11782365722656249,0.08844076266384038,0.242,-0.577,0.14741279619695707,0.819,1.6386318932773594,0.2657960964503221,-0.07882339369012645,1.1779055829796148,1.9313702271379494,343,2003.10.31.19.41.44,15.862708719851575,False,0.08834691004490264
-0.11614499511718748,0.0870831144780407,0.275,-0.6005,0.1452817267393286,0.8755,1.8875416349991765,0.3414990824714912,-0.0486770134005393,1.1763780386539615,2.223097396160374,344,2003.10.31.19.51.44,15.909090909090908,False,0.17814862901141865
-0.1162504150390625,0.08623277689620062,0.2675,-0.7030000000000001,0.1448383503056003,0.9704999999999999,1.8457287486873182,0.3986003289127573,-0.06232125472263343,1.1745400203305454,2.168410757051891,345,2003.10.31.20.01.44,15.955473098330241,False,0.09812143048340288
-0.11729172363281248,0.0867215076289009,0.225,-0.5760000000000001,0.1459872364823722,0.801,1.5383025518120093,0.25197922655506555,-0.06022229591039376,1.1740054234841781,1.8074542710223105,346,2003.10.31.20.11.44,16.001855287569576,False,0.06482691532911777
-0.11683642578125,0.08794456564135375,0.28800000000000003,-0.609,0.14634557914602897,0.897,1.962467944778722,0.38793971953261397,-0.03993104969018948,1.1761490480022387,2.310924087103603,347,2003.10.31.20.21.44,16.048237476808904,False,0.1678318005379104
-0.1165815185546875,0.08730877785593677,0.32099999999999995,-0.6859999999999999,0.14576729252344056,1.007,2.1982892736115307,0.4535777604521589,-0.05368956228398134,1.1763813349961822,2.5879510318850185,348,2003.10.31.20.31.44,16.09461966604824,False,0.11355279131509294
-0.11775876464843749,0.08667878863590486,0.277,-0.6325,0.14632767588222392,0.9095,1.8838639902208834,0.2381981468866894,-0.057939152398731264,1.174169890637871,2.2161403405603646,349,2003.10.31.20.41.44,16.14100185528757,False,0.14872727891712262
-0.11666289062499999,0.08651481474154954,0.278,-0.5735,0.14534503809952404,0.8515,1.9150496774564472,0.20185486291550725,-0.02091197208615141,1.1736133549434968,2.24633135720107,350,2003.10.31.20.51.44,16.1873840445269,False,0.12172581314511804
-0.1168692138671875,0.08739264394444349,0.343,-0.6725000000000001,0.14602487164026223,1.0155,2.3390481219040296,0.3559441485426711,-0.09243980443111373,1.1788762982405943,2.7625148006149876,351,2003.10.31.21.01.44,16.233766233766232,False,0.06625910454452888
-0.11781923828125,0.08756744989844113,0.269,-0.7055,0.14690177045856753,0.9745,1.82842925823961,0.31729877608095824,-0.07861204874298292,1.1760845236846291,2.1517625727910987,352,2003.10.31.21.11.44,16.280148423005567,False,0.12753033239974737
-0.11698706054687502,0.08839609529039791,0.286,-0.6445,0.14674326866138626,0.9305,1.951146229062171,0.34290206164316617,-0.0610270412959452,1.1773359446328477,2.2962657431067264,353,2003.10.31.21.21.44,16.3265306122449,False,0.16926463126833718
-0.11615039062499999,0.08579500447203309,0.245,-0.542,0.14451187106788932,0.7869999999999999,1.6900535889514043,0.2830493987768019,-0.0602031637880341,1.1735740436205673,1.9857664927559253,354,2003.10.31.21.31.44,16.37291280148423,False,0.09040258571451065
-0.11800068359374999,0.08848679068686904,0.272,-0.663,0.1475873097320069,0.935,1.8433969248650373,0.5405214665108014,-0.06435397320741298,1.1759725470428042,2.1675726626866467,355,2003.10.31.21.41.44,16.41929499072356,False,0.07135654273452352
-0.1169623779296875,0.08809817442848802,0.28800000000000003,-0.7035,0.14651532971862252,0.9914999999999999,1.9653121557767825,0.5839295923903662,-0.06947770551163189,1.1764526074822352,2.3122595071788004,356,2003.10.31.21.51.44,16.465677179962896,False,0.08753742515854213
-0.11700219726562501,0.08776519621347553,0.2905,-0.6459999999999999,0.14637424798229687,0.9365,1.9839048700967994,0.42927212063875153,-0.08792009409399511,1.1770044495021987,2.3353789455639387,357,2003.10.31.22.01.44,16.512059369202227,False,0.13921072013019103
-0.11789814453125,0.08792548105497129,0.2525,-0.6395,0.14718631736170829,0.8919999999999999,1.7188751655041277,0.38621019741483376,-0.0709003535019499,1.175348193647019,2.018601784002527,358,2003.10.31.22.11.44,16.558441558441558,False,0.1111981103058089
-0.1168826416015625,0.08721381839649153,0.3135,-0.6335,0.14593859246354574,0.9470000000000001,2.154906466625903,0.3511138749292304,-0.03452301791397297,1.1742164468270937,2.527394234986007,359,2003.10.31.22.21.44,16.604823747680893,False,0.15358924580833183
-0.116666259765625,0.08612171312393088,0.3015,-0.5945,0.14511259380627278,0.8960000000000001,2.073224195310471,0.3733375249753168,-0.08993820915265802,1.1755107765806923,2.439530928834502,360,2003.10.31.22.31.44,16.65120593692022,False,0.14289519797644362
-0.117887353515625,0.08753680878114045,0.321,-0.6495,0.14694039578256884,0.9704999999999999,2.172844964625602,0.4266232533984866,-0.05149337021759702,1.1742994768450337,2.55690639468499,361,2003.10.31.22.41.44,16.697588126159555,False,0.11258669950978611
-0.11603078613281251,0.08734203231302615,0.293,-0.6679999999999999,0.14534368224688032,0.961,2.018635481812318,0.3866234906805197,-0.10520267457579496,1.1801307340744724,2.3807828270039564,362,2003.10.31.22.51.44,16.743970315398887,False,0.11238589526741044
-0.11639653320312499,0.08621993922824675,0.236,-0.5335000000000001,0.1449767037346928,0.7695000000000001,1.6238761454513169,0.24582459772162935,-0.036448556181282794,1.173339509563097,1.9078140475175043,363,2003.10.31.23.01.44,16.79035250463822,False,0.047476814224158836
-0.11732353515624999,0.08754135546217476,0.2585,-0.671,0.1464983037071875,0.9295,1.7601161604216249,0.4977362394814471,-0.08163410769619124,1.1763057538103396,2.072655368304455,364,2003.10.31.23.11.44,16.83673469387755,False,0.09404387116970048
-0.11673200683593751,0.086147150149806,0.2645,-0.5589999999999999,0.1451803392558757,0.8235,1.8246157837226993,0.31414051659469,-0.04721261390896254,1.1733984858958204,2.139504823923493,365,2003.10.31.23.21.44,16.883116883116884,False,0.14816018781621054
-0.1170880859375,0.08768242831943025,0.288,-0.613,0.14633751279141358,0.9009999999999999,1.9682864554512811,0.444227358825235,-0.059194450894803366,1.1767204809457499,2.3160179060855075,366,2003.10.31.23.31.44,16.929499072356215,False,0.15355965462212467
-0.1175900634765625,0.08693768204916277,0.2675,-0.6005,0.14631864370900938,0.868,1.8277873275424426,0.22669494167583593,-0.06289919131405614,1.1748650360365749,2.1476408884301255,367,2003.10.31.23.41.44,16.975881261595546,False,0.1662003157807071
-0.1165192138671875,0.08716361242274762,0.264,-0.5960000000000001,0.14562082321167377,0.86,1.8093228104685588,0.25973266018155194,-0.023607673902402457,1.174653068699111,2.1272793085282324,368,2003.10.31.23.51.44,17.022263450834878,False,0.13772735992896162
-0.1175268798828125,0.08926895075559628,0.31599999999999995,-0.6535,0.14767851260874393,0.9695,2.147240514003903,0.3664014595624365,-0.05322544062596763,1.17885025222875,2.527327736936756,369,2003.11.01.00.01.44,17.068645640074212,False,0.07601011997609564
-0.11782775878906249,0.08704751365260704,0.316,-0.5835,0.14659728954899715,0.8995,2.1496934582396463,0.35276739414963565,-0.07883852712723781,1.1750604133615683,2.5293094642142786,370,2003.11.01.00.11.44,17.115027829313544,False,0.15492766101786604
-0.1172552734375,0.08692690936110342,0.315,-0.609,0.14607863300408874,0.9239999999999999,2.1668719721965957,0.3086476931324651,-0.04744136783971302,1.1745130622409121,2.540409049275041,371,2003.11.01.00.21.44,17.161410018552875,False,0.16641433448157272
-0.11673349609375,0.08731881551308823,0.2945,-0.608,0.14586811430294477,0.9025000000000001,2.0122085886785337,0.30098385393222604,-0.028215678149130823,1.1747125794832116,2.367266637430432,372,2003.11.01.00.31.44,17.20779220779221,False,0.15335807383347083
-0.1169875732421875,0.087523667801928,0.28800000000000003,-0.548,0.14620541599895875,0.8360000000000001,1.9642780028647924,0.36267484919323456,-0.053914393625212845,1.1760464412725957,2.312971758739022,373,2003.11.01.00.41.44,17.25417439703154,False,0.15793648454667447
-0.11592172851562499,0.08803673805309535,0.338,-0.626,0.14565769924413158,0.9640000000000001,2.323180373337631,0.35960172698859094,-0.042181801657570746,1.1784102092620787,2.7365049815261027,374,2003.11.01.00.51.44,17.300556586270872,False,0.1081973192292377
-0.1162697998046875,0.08761711445958845,0.2735,-0.5555000000000001,0.14569165820823538,0.8290000000000001,1.8709350624083643,0.26054343315376394,-0.03466783022201369,1.1762864612982156,2.203743639274726,375,2003.11.01.01.01.44,17.346938775510203,False,0.1614147287990606
-0.1177722412109375,0.08672198990696342,0.3015,-0.603,0.14633558792904544,0.9045,2.064129592747085,0.31875844882374493,-0.04216300587250357,1.1735942358051514,2.4208930433259144,376,2003.11.01.01.11.44,17.393320964749538,False,0.149638013963169
-0.11654877929687499,0.08789224382223876,0.33399999999999996,-0.558,0.1460654297946975,0.892,2.2842047016956815,0.38053330578610556,-0.0340660015720221,1.1770412124339775,2.68972574208264,377,2003.11.01.01.21.44,17.439703153988866,False,0.10685891478015536
-0.11663051757812498,0.08719233699810719,0.2955,-0.5955,0.14575130853658314,0.891,2.013141013319359,0.32706320363768215,-0.04690511157846124,1.1752126446559572,2.372879679089616,378,2003.11.01.01.31.44,17.4860853432282,False,0.1782379278974528
-0.11803232421875,0.0849602149771817,0.2855,-0.638,0.1455275810937186,0.9235,1.9475707926709904,0.2904844228483565,-0.06251547266107742,1.1706627883366916,2.2884176414154735,379,2003.11.01.01.41.44,17.532467532467532,False,0.09198421222415215
-0.1168565185546875,0.08761384953136382,0.277,-0.636,0.14614416765629534,0.913,1.8886543279791121,0.41233903380251613,-0.05761831064579383,1.1767106307652777,2.2257189944233944,380,2003.11.01.01.51.44,17.578849721706867,False,0.1650877627083181
-0.116253173828125,0.08690883599919114,0.267,-0.5760000000000001,0.14525686678252714,0.843,1.83826696868227,0.22130805901391648,-0.040501939161411635,1.1762721613533773,2.1622129752191235,381,2003.11.01.02.01.44,17.625231910946194,False,0.1669477095149532
-0.11800900878906251,0.0876265532096756,0.30300000000000005,-0.6165,0.14707731700671026,0.9195,2.0574738017626064,0.3759441234214853,-0.05476344084411398,1.1753790532603223,2.4194225168997248,382,2003.11.01.02.11.44,17.67161410018553,False,0.15392906645253301
-0.1171815673828125,0.08821650485684666,0.359,-0.69,0.14678580491255055,1.049,2.433235536313042,0.5540715059512709,-0.07303239541778772,1.1764190560054995,2.867138741371794,383,2003.11.01.02.21.44,17.71799628942486,False,0.007808381193317282
-0.11634604492187502,0.08838476952954316,0.29800000000000004,-0.5935,0.14622597342213844,0.8915000000000001,2.0332725986076077,0.35419284539291773,-0.08370071938881894,1.180669510536326,2.403102614413081,384,2003.11.01.02.31.44,17.76437847866419,False,0.14176585063954084
-0.1184673828125,0.08823850253880373,0.316,-0.6545000000000001,0.14785646661680146,0.9705,2.1354728466099173,0.4688265703979464,-0.08857359230731204,1.1770285643759753,2.5145366954457744,385,2003.11.01.02.41.44,17.810760667903523,False,0.040106580166927586
-0.11644003906250001,0.0883226468112496,0.2625,-0.5835,0.14625874561271418,0.8460000000000001,1.7947086190797927,0.3372587441284174,-0.0777627967774969,1.1784584391227573,2.1150140306372656,386,2003.11.01.02.51.44,17.857142857142858,False,0.16712427660543172
-0.11823522949218748,0.08767992242912125,0.28900000000000003,-0.5225,0.14730955439104843,0.8115,1.960363492242295,0.17708107881404755,-0.023020640904737048,1.173652371072618,2.301521723180934,387,2003.11.01.03.01.44,17.90352504638219,False,0.05677356885423279
-0.11805920410156251,0.08763137295241571,0.2625,-0.6655,0.14712936624669654,0.928,1.7854660257304054,0.3670517401000679,-0.05113668585926215,1.1740988818046905,2.0957718791784474,388,2003.11.01.03.11.44,17.94990723562152,False,0.11792531471838863
-0.1174154296875,0.08863990990386506,0.3125,-0.5920000000000001,0.14721067410891436,0.9045000000000001,2.111714012464069,0.401640159383043,-0.05956981669655792,1.1783186511375994,2.4933398641262405,389,2003.11.01.03.21.44,17.996289424860855,False,0.13001148728002776
-0.11655561523437499,0.08701252926992945,0.2465,-0.5435,0.14557411117353325,0.79,1.6937019878801913,0.27173189991302493,-0.06319001503479782,1.1756560353914847,1.9909825824032215,390,2003.11.01.03.31.44,18.042671614100186,False,0.1291459983102285
-0.11852182617187501,0.08722329416248886,0.35650000000000004,-0.5885,0.14725393791002456,0.9450000000000001,2.401297477403653,0.28561280346017415,-0.024273138225421976,1.1722683601109272,2.8242290810796176,391,2003.11.01.03.41.44,18.089053803339517,False,0.014856282634255535
-0.116693798828125,0.08736986788809228,0.3215,-0.5615,0.14590118510212535,0.883,2.1947644892809746,0.24916318681775174,-0.050776094232619993,1.176107970881446,2.585391589036587,392,2003.11.01.03.51.44,18.13543599257885,False,0.15484058587999677
-0.1173809814453125,0.08775650341506744,0.281,-0.657,0.14665049245251846,0.938,1.9059928467815337,0.35154879029357855,-0.06421497550866774,1.1758748189690702,2.2455383314218786,393,2003.11.01.04.01.44,18.181818181818183,False,0.1644186677827285
-0.11742971191406248,0.08724956425537875,0.3105,-0.6285000000000001,0.1463931956677744,0.9390000000000001,2.114793498968624,0.39720461178147715,-0.05651286747028676,1.1749614068998284,2.4882070867905526,394,2003.11.01.04.11.44,18.228200371057515,False,0.15775485808559636
-0.11795622558593749,0.08790579162971474,0.2615,-0.625,0.14719877263899397,0.8865000000000001,1.7785876731159709,0.2967400509420828,-0.05660573643916846,1.1754594400019767,2.08971808295227,395,2003.11.01.04.21.44,18.274582560296846,False,0.14322112568319817
-0.11662568359375,0.08793981690755664,0.31599999999999995,-0.6555,0.14617292140459442,0.9714999999999999,2.158263689888609,0.3862350757285824,-0.04952361149029576,1.1778754695984326,2.5441037184485795,396,2003.11.01.04.31.44,18.320964749536177,False,0.14698372923334635
-0.11622746582031249,0.08871350076728482,0.3225,-0.624,0.1463471284777459,0.9465,2.216649746292593,0.31716836815927096,-0.045060522622245885,1.1790798444371675,2.606216984331759,397,2003.11.01.04.41.44,18.367346938775512,False,0.13123384394028076
-0.116819189453125,0.08868725258934414,0.3245,-0.641,0.14676053656261465,0.9655,2.1950446646173862,0.44108619612368494,-0.0979515197631397,1.1803044121225628,2.5969978563822713,398,2003.11.01.04.51.44,18.41372912801484,False,0.09014163524541896
-0.11747485351562499,0.08787953691162445,0.2855,-0.6054999999999999,0.14681584951979232,0.891,1.937981521300275,0.3053877692672209,-0.06986290761428236,1.1765817673470071,2.2833588100459026,399,2003.11.01.05.01.44,18.460111317254174,False,0.18119815549835172
-0.1174911376953125,0.0876947586806035,0.2905,-0.592,0.14672656574452775,0.8825,1.9722157884877998,0.28782800629675953,-0.03723337062094824,1.1752386250548308,2.3217570229761932,400,2003.11.01.05.11.44,18.506493506493506,False,0.1596625757883034
-0.1174030029296875,0.08855796240677402,0.28200000000000003,-0.581,0.14713855094971534,0.863,1.915553421118701,0.33291090102805243,-0.048226691240979065,1.1772284726451807,2.255570102426247,401,2003.11.01.05.21.44,18.552875695732837,False,0.14824037109956828
-0.11642211914062499,0.08760870607648619,0.271,-0.5760000000000001,0.1458272204727534,0.847,1.8579073444468857,0.2895670880111907,-0.04993978461518578,1.176686474257079,2.186429634021107,402,2003.11.01.05.31.44,18.59925788497217,False,0.18538085704370216
-0.11747099609375,0.0876060818613413,0.244,-0.5355,0.14666583826837526,0.7795,1.6526794335438195,0.18487035459224055,-0.03912306822190861,1.1742477291529232,1.9449989996047365,403,2003.11.01.05.41.44,18.645640074211503,False,0.059409700428479484
-0.1168333251953125,0.08803949234448999,0.28200000000000003,-0.571,0.1463976152166107,0.853,1.9253196833405766,0.3161421654426144,-0.06013185293967244,1.1784212566453496,2.2692917239081574,404,2003.11.01.05.51.44,18.692022263450838,False,0.17899503443828085
-0.116733935546875,0.0870127010559941,0.261,-0.5455,0.14570598910157048,0.8065,1.7904839110009916,0.22293449038802793,-0.04870990674464195,1.1755430154013458,2.105155027520251,405,2003.11.01.06.01.44,18.738404452690165,False,0.14953077660020253
-0.11788227539062499,0.08712899834873011,0.2895,-0.5875,0.14671124162220284,0.877,1.9697204032819209,0.27013522440544024,-0.0477095418504808,1.1745729121300186,2.315206592793867,406,2003.11.01.06.11.44,18.7847866419295,False,0.16328790454666697
-0.11708505859374999,0.08767076462220544,0.27749999999999997,-0.6385000000000001,0.14637276246475897,0.916,1.891813225933026,0.2644356228209521,-0.02095407442910121,1.1758298880810814,2.2268708094006975,407,2003.11.01.06.21.44,18.83116883116883,False,0.13850659568505974
-0.11633232421874999,0.08640008452477174,0.29800000000000004,-0.5495,0.14499966916514595,0.8475,2.052594041427368,0.25782031846771325,-0.021181152889474735,1.1738229314602235,2.410745766851697,408,2003.11.01.06.31.44,18.877551020408163,False,0.12432161081185322
-0.117627880859375,0.08795276484814456,0.2885,-0.635,0.14699113061553262,0.9235,1.9636962967803075,0.33553133357228027,-0.05938216023273265,1.1768320064481848,2.3103890115349976,409,2003.11.01.06.41.44,18.923933209647494,False,0.16932734578898995
-0.116357275390625,0.08756628845331257,0.27949999999999997,-0.565,0.14572090173909635,0.8445,1.9212497625778728,0.24435666294269143,-0.06175435667680211,1.1780524576208995,2.26193700682028,410,2003.11.01.06.51.44,18.97031539888683,False,0.18275391580787342
-0.11655063476562501,0.08715780540755147,0.2965,-0.532,0.1456561761691772,0.8285,2.0282252114828334,0.3372959779991087,-0.06818966715042808,1.1769634597763154,2.391608870427729,411,2003.11.01.07.01.44,19.01669758812616,False,0.14815023586534815
-0.1181154296875,0.08743038901493858,0.3015,-0.609,0.14710120399512006,0.9105,2.0476783722563225,0.335371919094112,-0.049355638766600984,1.1732583453067296,2.4034078032033754,412,2003.11.01.07.11.44,19.06307977736549,False,0.14011052044086847
-0.117338037109375,0.08748666578923929,0.3295,-0.7395,0.14647162797429197,1.069,2.241419326520399,0.43699034278964644,-0.04655882359687771,1.1742701033212226,2.635533488550883,413,2003.11.01.07.21.44,19.109461966604822,False,0.03136134594477402
-0.117009814453125,0.08766847948549127,0.3135,-0.5785,0.14632488982655154,0.892,2.1390687111650104,0.28364549661655647,-0.06993698649665442,1.178232785553562,2.5220249507686985,414,2003.11.01.07.31.44,19.155844155844157,False,0.1718531029114269
-0.1175341796875,0.08645683998036358,0.2575,-0.5605,0.14601293471282284,0.8180000000000001,1.7590232119684177,0.316073792744598,-0.062341331581337436,1.1735442130872034,2.066606742594771,415,2003.11.01.07.41.44,19.20222634508349,False,0.14496924105522635
-0.11609323730468751,0.0873379974090091,0.27,-0.558,0.14536726443590797,0.828,1.855086913249036,0.2811104138162812,-0.028904697414065622,1.175512522967569,2.182023300580993,416,2003.11.01.07.51.44,19.24860853432282,False,0.1430255132447777
-0.11621765136718751,0.08779982500243375,0.28300000000000003,-0.563,0.14574593815283626,0.8460000000000001,1.9424408007206377,0.2859859310299626,-0.05641529802551608,1.1783754170365426,2.288611288099996,417,2003.11.01.08.01.44,19.29499072356215,False,0.18566926083784618
-0.11743681640625,0.08681679508830578,0.255,-0.5935,0.14615475119624116,0.8485,1.7406702442002837,0.2464655261623514,-0.06307985777090178,1.1751094533919912,2.0476738818809377,418,2003.11.01.08.11.44,19.341372912801486,False,0.164551772340422
-0.1168895263671875,0.0870100570208441,0.32699999999999996,-0.5515000000000001,0.14580065158498923,0.8785000000000001,2.2412732966190054,0.2485506981221257,-0.0650280684293652,1.17623876247525,2.636923747174303,419,2003.11.01.08.21.44,19.387755102040817,False,0.12912805380074915
-0.116583984375,0.08730856959593972,0.28700000000000003,-0.5675,0.14578150791394162,0.8545,1.9690942055961238,0.26985876010276044,-0.04045754241835649,1.174540640769246,2.312562323704812,420,2003.11.01.08.31.44,19.434137291280148,False,0.1781670234649429
-0.1174915771484375,0.08814021111716919,0.28900000000000003,-0.624,0.14698194589047442,0.913,1.9623496036106027,0.38245608902753747,-0.062450567401540966,1.1760078320382141,2.309636316849049,421,2003.11.01.08.41.44,19.480519480519483,False,0.16394521959283814
-0.11602490234375,0.08639249718806598,0.33899999999999997,-0.5469999999999999,0.1447739401067077,0.886,2.348165316202281,0.30865141312376676,-0.044265938774563696,1.1746910006260354,2.755318566949393,422,2003.11.01.08.51.44,19.52690166975881,False,0.08654667920289061
-0.1162097900390625,0.08601541738141011,0.277,-0.5885,0.14468558138245494,0.8654999999999999,1.9070516409252067,0.31208836692877906,-0.04168638226772887,1.1740307643783698,2.2423908520037283,423,2003.11.01.09.01.44,19.573283858998145,False,0.15356941928240914
-0.11775239257812499,0.0877766703114993,0.377,-0.6875,0.1469534139035235,1.0645,2.5590265667567946,0.4413448716203132,-0.05116298527113946,1.1755716529099913,3.0114490004506393,424,2003.11.01.09.11.44,19.619666048237477,False,0.0025612754503865354
-0.1169711181640625,0.08519659642454924,0.276,-0.5625,0.14483398354706428,0.8385,1.8986903846577716,0.19320601464571663,-0.05665062814497969,1.1731154813434592,2.2315898182962113,425,2003.11.01.09.21.44,19.666048237476808,False,0.11947649977644825
-0.11603666992187499,0.08659653540677836,0.315,-0.5225,0.14489282635911316,0.8375,2.18149131148731,0.2867782246258037,-0.062313218039613004,1.1763257993681375,2.5627695746831023,426,2003.11.01.09.31.44,19.71243042671614,False,0.11708288642289727
-0.11753928222656249,0.08673849375131681,0.28200000000000003,-0.6125,0.14619594908754213,0.8945,1.9258939909672956,0.32142497737253084,-0.07281380393698378,1.1748703977694661,2.2641812576584295,427,2003.11.01.09.41.44,19.758812615955474,False,0.1769297484487818
-0.116622265625,0.08658934211937047,0.277,-0.5409999999999999,0.14536108940047757,0.818,1.9035975320025353,0.2992377540832236,-0.01383947765796358,1.1722186405669763,2.2323665430048383,428,2003.11.01.09.51.44,19.805194805194805,False,0.11319365806306164
-0.117954638671875,0.08683511246815057,0.27349999999999997,-0.565,0.14656473121668556,0.8385,1.8611061205057973,0.28100328476365877,-0.013120800582745541,1.1715495222118153,2.1826358225491997,429,2003.11.01.10.01.44,19.851576994434136,False,0.10715307182546674
-0.117880078125,0.0875767193451311,0.2415,-0.6040000000000001,0.14696721049646427,0.8455,1.6371324455796241,0.2709363532032456,-0.071249565730365,1.176513602569452,1.929094585508864,430,2003.11.01.10.11.44,19.897959183673468,False,0.12861766429206273
-0.11623974609375001,0.08592893826972833,0.30300000000000005,-0.5885,0.1446448501729785,0.8915000000000001,2.1005045376535287,0.3371567635133925,-0.0703254031864162,1.1757440479306829,2.4660868467214137,431,2003.11.01.10.21.44,19.944341372912803,False,0.1574710055719769
-0.1167875,0.08677752201238098,0.2915,-0.576,0.1456013729971718,0.8674999999999999,1.9886586043628678,0.3310386845242208,-0.05630221621529158,1.1750805605563752,2.3438750418091137,432,2003.11.01.10.31.44,19.990723562152134,False,0.17765116682773435
-0.11689980468749998,0.0867828079983593,0.2465,-0.608,0.1456978507773386,0.8545,1.6826460944522115,0.34659801296676607,-0.050529376197336884,1.1745272530581614,1.9811241694332835,433,2003.11.01.10.41.44,20.037105751391465,False,0.1391123828886574
-0.11641591796875,0.08657463662968724,0.26,-0.7215,0.14517631036580458,0.9815,1.78833604406273,0.4308449421765099,-0.05770368936359768,1.1754991798354235,2.103588418661276,434,2003.11.01.10.51.44,20.0834879406308,False,0.06421093849735326
-0.11681914062500001,0.08609142627667174,0.26249999999999996,-0.6285000000000001,0.145223575011744,0.891,1.8044240513580807,0.34890940499096335,-0.05793498142464862,1.17435534194927,2.1207826446756424,435,2003.11.01.11.01.44,20.12987012987013,False,0.15575408577124455
-0.11789221191406249,0.0860118116425521,0.298,-0.5980000000000001,0.14602580041731414,0.896,2.0407565353515853,0.4251478702877063,-0.07240916792882365,1.173370053909889,2.3945503145715135,436,2003.11.01.11.11.44,20.176252319109462,False,0.12362672374681627
-0.11711887207031252,0.08619995584518114,0.3005,-0.5335000000000001,0.14552548908765034,0.8340000000000001,2.0607772829624937,0.28531153166686973,-0.03602466527764941,1.1735770845487208,2.420522388766636,437,2003.11.01.11.21.44,20.222634508348794,False,0.12554769850200265
-0.11737377929687498,0.08459709712183414,0.2415,-0.6599999999999999,0.1447779319305897,0.9015,1.670873945906191,0.2283426518154088,-0.05470613415163049,1.1703833331723732,1.9541986762632502,438,2003.11.01.11.31.44,20.26901669758813,False,0.031473677600745265
-0.117662939453125,0.08727612308794847,0.2905,-0.619,0.14660135893691323,0.9095,1.9854381160432164,0.34211878126998285,-0.01972744512207434,1.172488477453971,2.3258013744174217,439,2003.11.01.11.41.44,20.315398886827456,False,0.11428624022919337
-0.1170351318359375,0.08791903274920311,0.30000000000000004,-0.621,0.14647465526517991,0.921,2.054303906659568,0.344391426120241,-0.05150526545397764,1.1761106893747761,2.4130704230634175,440,2003.11.01.11.51.44,20.36178107606679,False,0.16782752178588045
-0.1162008056640625,0.08754945513222442,0.2905,-0.6165,0.14559172857261152,0.907,1.9996648588128418,0.32000090004762627,-0.04247205784594901,1.1768334560382283,2.3514547380448074,441,2003.11.01.12.01.44,20.408163265306122,False,0.17489363258992774
-0.1174388671875,0.0873209869996832,0.299,-0.6225,0.14645690359918123,0.9215,2.0347201174775202,0.402657386139887,-0.0639279385949936,1.1751935267561173,2.3949419740393036,442,2003.11.01.12.11.44,20.454545454545457,False,0.16203506522081257
-0.116679345703125,0.08652714306600548,0.295,-0.591,0.14536592247739183,0.8859999999999999,2.019164084862401,0.34011302735510407,-0.06244086730897597,1.1753592057568756,2.378678212626653,443,2003.11.01.12.21.44,20.500927643784784,False,0.17972112771965465
-0.1177743896484375,0.08555916255244636,0.2745,-0.5515,0.14569834516086805,0.8260000000000001,1.8850527679087663,0.24483996776785855,-0.05095436626230006,1.1719158888120447,2.208620391892064,444,2003.11.01.12.31.44,20.54730983302412,False,0.1098841049295371
-0.11681149902343752,0.08765386042562306,0.3,-0.5945,0.14614589854657672,0.8945,2.052058638814803,0.32128171502380476,-0.04883257609130215,1.1764097409496703,2.414380422681738,445,2003.11.01.12.41.44,20.59369202226345,False,0.17946533554173377
-0.116513134765625,0.0878961269210928,0.2855,-0.5994999999999999,0.14606824040709893,0.885,1.951226061015408,0.35008129401561905,-0.06570094965397263,1.1770243278445442,2.2981458870628853,446,2003.11.01.12.51.44,20.64007421150278,False,0.1835965964653276
-0.1164230224609375,0.08578434707432457,0.27249999999999996,-0.7275,0.14473413246249922,1.0,1.8789887686044577,0.5416523980629251,-0.06491554430430563,1.172841072830272,2.2055032538326635,447,2003.11.01.13.01.44,20.686456400742117,False,0.028851199690694274
-0.1174179931640625,0.08633520640806414,0.28800000000000003,-0.6639999999999999,0.14584083412218057,0.952,1.970690092504861,0.3676406170821547,-0.06776722443764545,1.1748117639433748,2.317272585788882,448,2003.11.01.13.11.44,20.732838589981448,False,0.14950068572944192
-0.11513083496093751,0.08656749135559502,0.275,-0.608,0.14415387156677995,0.883,1.9035546939383994,0.28332055778238874,-0.05179042926193775,1.1766825862417996,2.241676185978081,449,2003.11.01.13.21.44,20.77922077922078,False,0.14318470923291737
-0.11667761230468751,0.08633806030391122,0.3185,-0.5605,0.14525003017788432,0.879,2.178999118219881,0.4297710647882911,-0.05707312986424564,1.1746455468283856,2.566530997477807,450,2003.11.01.13.31.44,20.82560296846011,False,0.1172250329700853
-0.1170880126953125,0.08775534088509995,0.3185,-0.6054999999999999,0.14643921936105236,0.9239999999999999,2.167378815897123,0.28485260821338976,-0.0421863550397192,1.1764696637981193,2.5539923467913477,451,2003.11.01.13.41.44,20.871985157699445,False,0.16157903172944932
-0.116621142578125,0.08682849880698251,0.2725,-0.6990000000000001,0.14550706768391053,0.9715,1.8736952407006648,0.40855397219162226,-0.06827868248787146,1.1752136283013472,2.2015644837591957,452,2003.11.01.13.51.44,20.918367346938776,False,0.12387612224635042
-0.1165234619140625,0.08672288147224447,0.2885,-0.6074999999999999,0.14536431341544226,0.896,1.9901784669423774,0.33112409445353075,-0.03420886210077349,1.1738795221581235,2.3335836493375597,453,2003.11.01.14.01.44,20.964749536178108,False,0.16694038937445738
-0.1177860107421875,0.08778949982729556,0.3185,-0.5555,0.1470042109921803,0.874,2.170855626114535,0.25079976965451634,-0.02575727996431476,1.1737998571592736,2.5460198097905646,454,2003.11.01.14.11.44,21.01113172541744,False,0.1001075299530837
-0.11676398925781249,0.08581925738237389,0.26749999999999996,-0.5355,0.1449834348690595,0.8029999999999999,1.842244718245361,0.15317161795783307,-0.027103817577980305,1.1729479245106438,2.1622583031036644,455,2003.11.01.14.21.44,21.057513914656774,False,0.06592166082762474
-0.117411181640625,0.0869705687259884,0.2395,-0.657,0.1462082699428865,0.8965000000000001,1.6331291055220662,0.3113641215941274,-0.059809403076067524,1.1742942625323343,1.919696906673742,456,2003.11.01.14.31.44,21.1038961038961,False,0.1005959617135519
-0.11782197265625,0.08653610340600892,0.261,-0.6200000000000001,0.14628903581792557,0.881,1.787202528958558,0.28790464805341975,-0.0673983110270214,1.1738864368938033,2.0963637939670647,457,2003.11.01.14.41.44,21.150278293135436,False,0.1421510398184639
-0.11671506347656249,0.08523979191737191,0.27449999999999997,-0.6154999999999999,0.14461952057583471,0.8899999999999999,1.8950045320224542,0.4069307474851227,-0.04626532353307631,1.1715679541366724,2.221716271763195,458,2003.11.01.14.51.44,21.196660482374767,False,0.10045627216235126
-0.116935205078125,0.08710535673877001,0.248,-0.5725,0.1458986901723795,0.8205,1.698049948009781,0.2167696583808416,-0.04766448886287001,1.1756340557063858,1.9970405875942077,459,2003.11.01.15.01.44,21.243042671614102,False,0.13772630919782886
-0.1174424560546875,0.08653998651619763,0.2855,-0.6445000000000001,0.1460200014805935,0.9299999999999999,1.951424437991892,0.43840549430537035,-0.04115833607904915,1.1723708321762385,2.289686005585697,460,2003.11.01.15.11.44,21.28942486085343,False,0.11811822480745421
-0.11723818359374999,0.08748644169675163,0.2925,-0.5640000000000001,0.1463988765150386,0.8565,1.9958142129027188,0.2856125899492614,-0.05864784901021544,1.17559584885077,2.3473060407558517,461,2003.11.01.15.21.44,21.335807050092765,False,0.17857851602743274
-0.1170427001953125,0.08654992698047839,0.28300000000000003,-0.5775,0.14568148087942198,0.8605,1.9336706024146935,0.36091044664207095,-0.05696911583865939,1.1739326044291158,2.2752913808513897,462,2003.11.01.15.31.44,21.382189239332096,False,0.16326716059040114
-0.1173298095703125,0.0873485419897994,0.28200000000000003,-0.593,0.14636342498814456,0.875,1.924927909101213,0.3547061583311779,-0.05187697296204097,1.1743486467481743,2.2615043209508023,463,2003.11.01.15.41.44,21.428571428571427,False,0.17157922638932788
-0.1165714111328125,0.08776715484346362,0.28200000000000003,-0.6385000000000001,0.14603692021400896,0.9205,1.9270837604703934,0.3750656180725094,-0.046227210862808746,1.177041899915842,2.2703310221440143,464,2003.11.01.15.51.44,21.474953617810762,False,0.16614793340457762
-0.11697800292968749,0.08793815261696736,0.2895,-0.646,0.14643767238054678,0.9355,1.9674102366991413,0.3882617200670626,-0.08096339135298394,1.1781915609215536,2.323392639636164,465,2003.11.01.16.01.44,21.521335807050093,False,0.15882145894295346
-0.1175262939453125,0.08687423127909583,0.2465,-0.6335,0.14626492824502102,0.88,1.6862067805876721,0.35999150142157976,-0.0872477235385771,1.1748933522221061,1.9806219088540375,466,2003.11.01.16.11.44,21.567717996289424,False,0.10922730240501355
-0.116441015625,0.08630585076195854,0.23349999999999999,-0.5565,0.145034268788718,0.79,1.6096558672603007,0.2308374562670037,-0.06487111053167116,1.1756519799280705,1.892543268680937,467,2003.11.01.16.21.44,21.614100185528756,False,0.08016663619477182
-0.11725312500000001,0.08704265677947788,0.361,-0.536,0.14612278622447922,0.897,2.464491428416583,0.23723067655020147,-0.0033186255823673878,1.1730486216939862,2.893871635192414,468,2003.11.01.16.31.44,21.66048237476809,True,-0.0026570808052618355
-0.1173175537109375,0.0881769369003555,0.2625,-0.608,0.14685991027148115,0.8705,1.782287937027185,0.30330670432556794,-0.05700415929818372,1.1778422660545997,2.1020601897711977,469,2003.11.01.16.41.44,21.70686456400742,False,0.16579350667192477
-0.11647883300781249,0.08652147526126766,0.2565,-0.599,0.14517941797336048,0.8554999999999999,1.7677882458944796,0.28669348293576924,-0.0633845881331188,1.175829751734908,2.078154357145805,470,2003.11.01.16.51.44,21.753246753246753,False,0.17349792231033678
-0.117447900390625,0.0873050008039569,0.3795,-0.6555,0.14645713146459327,1.0350000000000001,2.5951976801960246,0.5008321480797415,-0.07570997274001669,1.1760180077273412,3.0500154999046076,471,2003.11.01.17.01.44,21.799628942486084,True,-0.006745360921699861
-0.1176520751953125,0.0868148354043744,0.27349999999999997,-0.5920000000000001,0.14631256268280912,0.8654999999999999,1.8661693982595495,0.2890186060926372,-0.08202280749046764,1.1752780998902397,2.194802287953766,472,2003.11.01.17.11.44,21.84601113172542,False,0.15633095456326207
-0.1163461669921875,0.08795399492130976,0.2915,-0.6215,0.14596632966887518,0.913,1.9914468302230004,0.3906586249391464,-0.06706975495877128,1.1787641278523509,2.3499881163055427,473,2003.11.01.17.21.44,21.89239332096475,False,0.17146467881847338
-0.11612717285156249,0.08821126081065948,0.3195,-0.6435,0.14594116231681648,0.963,2.195017770278331,0.3133409012939974,-0.05384224711385602,1.1791073598707698,2.5854613570542515,474,2003.11.01.17.31.44,21.93877551020408,False,0.14081398350946406
-0.11720104980468751,0.08691194074120243,0.2885,-0.5445,0.14601313230558327,0.8330000000000001,1.9768940706827771,0.2946334067480201,-0.04926001611578025,1.174635372735361,2.3216073008790508,475,2003.11.01.17.41.44,21.985157699443413,False,0.15914965976470397
-0.11574501953124999,0.08703299452505023,0.281,-0.636,0.14491369155805,0.917,1.9395814864082328,0.2740786829898143,-0.06281094070401322,1.1772982296629446,2.2832328426762816,476,2003.11.01.17.51.44,22.031539888682747,False,0.16403780359775239
-0.116513037109375,0.08631095310689782,0.26749999999999996,-0.541,0.1451152215793482,0.8085,1.8412639166329057,0.25895417958760736,-0.05123770328740791,1.1751973057054546,2.1649813488246563,477,2003.11.01.18.01.44,22.07792207792208,False,0.14305093982632744
-0.11813203124999999,0.08798783962102784,0.2955,-0.591,0.1473914822113519,0.8865000000000001,2.005566282255942,0.37876803138820003,-0.02970458297928731,1.1745526690204469,2.35519765490582,478,2003.11.01.18.11.44,22.12430426716141,False,0.1079139106482585
-0.11755615234375,0.08739803256123452,0.3015,-0.493,0.1465943034842547,0.7945,2.0494376199798654,0.22587755421769873,-0.05193552785799131,1.1760549029107163,2.4134426268913742,479,2003.11.01.18.21.44,22.17068645640074,False,0.11228167924353671
-0.116738671875,0.08710923669150049,0.29900000000000004,-0.671,0.14578567101624992,0.97,2.0435446508108415,0.4557921521724617,-0.06427504105802961,1.1748763997815088,2.404261520379368,480,2003.11.01.18.31.44,22.217068645640072,False,0.13469912597174188
-0.11767219238281248,0.08614927668137781,0.266,-0.5700000000000001,0.14594350453506172,0.8360000000000001,1.830695407030186,0.2861293885348306,-0.079625262164902,1.1742663410762768,2.145401048224311,481,2003.11.01.18.41.44,22.263450834879407,False,0.1494034527097563
-0.1167658203125,0.08650936581953447,0.3295,-0.6605,0.14543686994310168,0.99,2.2481801739533234,0.38458625468992325,-0.07007439953529586,1.1751283065899165,2.651598350137712,482,2003.11.01.18.51.44,22.30983302411874,False,0.12069807446230907
-0.1166831298828125,0.0870799850578299,0.26749999999999996,-0.6519999999999999,0.14571159993061256,0.9195,1.8326116952600668,0.29341719951612943,-0.043062213876373136,1.1750160198471447,2.1547732545463116,483,2003.11.01.19.01.44,22.356215213358073,False,0.15566317725273943
-0.1180279296875,0.0869297469481283,0.3365,-0.5395,0.1466682591097451,0.876,2.2955281303347803,0.2949603401345098,-0.01818794836262566,1.1727239866416008,2.6914413355942233,484,2003.11.01.19.11.44,22.4025974025974,False,0.052007500940663975
-0.1165325927734375,0.08724524518430589,0.278,-0.569,0.14569295585404202,0.847,1.900496742636464,0.2588147964148986,-0.03891401848570207,1.1750090594776832,2.236487651324853,485,2003.11.01.19.21.44,22.448979591836736,False,0.17503180699978033
-0.11621254882812501,0.08869842736400635,0.3455,-0.6799999999999999,0.14630765876300814,1.0255,2.351961870589161,0.46141118293906924,-0.05596468885109607,1.1784903106649263,2.7765411975494185,486,2003.11.01.19.31.44,22.495361781076067,False,0.04405499915517708
-0.1178277587890625,0.08785835313451082,0.28200000000000003,-0.63,0.14706076609109248,0.9119999999999999,1.9137062420490558,0.44678241512167394,-0.06433113686435876,1.174544984969553,2.2494433098512427,487,2003.11.01.19.41.44,22.541743970315398,False,0.13116502938387392
-0.1158315673828125,0.08762572315514415,0.2905,-0.6345,0.14534612579066583,0.925,1.993220407095864,0.4678514314148161,-0.08068213818869804,1.1787822317035799,2.3521922587330497,488,2003.11.01.19.51.44,22.58812615955473,False,0.13095184787038583
-0.1153634033203125,0.08646237319441913,0.271,-0.5845,0.14430233536491308,0.8554999999999999,1.8808505973288119,0.25358203269366775,-0.029532155519339055,1.1755490816086325,2.2094951915099,489,2003.11.01.20.01.44,22.634508348794064,False,0.12627918138783573
-0.1179651611328125,0.0876416397607657,0.3255,-0.615,0.1470935664093665,0.9405000000000001,2.1992796792886518,0.3359227773021085,-0.051452858982097796,1.17446174862485,2.5899189400576277,490,2003.11.01.20.11.44,22.680890538033395,False,0.1328421619397711
-0.11650988769531251,0.08680772621745951,0.3345,-0.5835,0.14539233424295056,0.918,2.292386376671604,0.25967509890869644,-0.057198089762433006,1.1755884111611776,2.6983853911239604,491,2003.11.01.20.21.44,22.727272727272727,False,0.13584856762424896
-0.11626274414062499,0.08783763191274538,0.28200000000000003,-0.5495000000000001,0.1458201695492893,0.8315000000000001,1.925723973475129,0.19421074292794271,-0.04158313568246243,1.177715166843413,2.271366420928973,492,2003.11.01.20.31.44,22.773654916512058,False,0.13991005987860888
-0.117374462890625,0.08896724427783702,0.326,-0.6725,0.14740819418530932,0.9985,2.217464385498891,0.3856892300902015,-0.06667442361189624,1.1779603492296773,2.609445289035605,493,2003.11.01.20.41.44,22.820037105751393,False,0.07766107109401543
-0.1168703857421875,0.08799896629144455,0.28300000000000003,-0.5605,0.14640290878931037,0.8434999999999999,1.9302746360900485,0.22481586241085405,-0.02224677697140285,1.176692710437594,2.272698074371639,494,2003.11.01.20.51.44,22.866419294990724,False,0.11908070278395683
-0.1158770263671875,0.08707674200159381,0.264,-0.619,0.14507478882638794,0.883,1.8129524972737132,0.3631357692749666,-0.07122624198677194,1.1763025201645005,2.135210049687948,495,2003.11.01.21.01.44,22.912801484230055,False,0.16387763878424516
-0.11745976562499999,0.0864434598619078,0.29400000000000004,-0.6505000000000001,0.1459532225967102,0.9445,2.0200110798464066,0.3190069078735285,-0.05426014926554347,1.1738683262226375,2.3680775867391377,496,2003.11.01.21.11.44,22.95918367346939,False,0.1300958352868976
-0.11669538574218749,0.087050162427625,0.256,-0.635,0.14569130154745125,0.891,1.7552334848932265,0.3124153603422797,-0.05728391862963983,1.175122657356941,2.063502008608185,497,2003.11.01.21.21.44,23.00556586270872,False,0.15857115244338632
-0.11692834472656251,0.0881642859666085,0.35150000000000003,-0.637,0.1465071257718062,0.9884999999999999,2.406210005626638,0.33686149774123275,-0.042393000975032236,1.1765673277778614,2.827721556300034,498,2003.11.01.21.31.44,23.051948051948052,False,0.07077226666027592
-0.11631284179687501,0.08814560964861348,0.2685,-0.675,0.14603340074103102,0.9435,1.8305800006183937,0.37802616798026345,-0.08894832919964718,1.1791397941354953,2.1622292459198684,499,2003.11.01.21.41.44,23.098330241187384,False,0.13234712546057925
-0.1170987060546875,0.08614877264196633,0.2625,-0.619,0.14546395598607287,0.8815,1.8044188270759487,0.2952107232622061,-0.057602067832082715,1.174220564127483,2.118854120143674,500,2003.11.01.21.51.44,23.14471243042672,False,0.1555468713348308
-0.11640083007812499,0.08672517043605296,0.249,-0.5625,0.14525622661537763,0.8115,1.7115527543178481,0.24520899651318095,-0.06752151761684093,1.1767323580909634,2.0152909142346815,501,2003.11.01.22.01.44,23.191094619666046,False,0.15486619548196046
-0.1174408203125,0.08795321380106394,0.277,-0.518,0.1468198111559869,0.795,1.8878573512958008,0.20594622491093983,-0.03894312511939545,1.1766088731835098,2.220722830370489,502,2003.11.01.22.11.44,23.23747680890538,False,0.09908313037686
-0.11618923339843751,0.08733824960561104,0.2535,-0.6555,0.14547180076068617,0.909,1.7401442442544695,0.27691710852154916,-0.057573177204561087,1.1771433038425898,2.0496452670238705,503,2003.11.01.22.21.44,23.283858998144712,False,0.1479154557243042
-0.11643896484375,0.08698554386555299,0.272,-0.5575,0.14545129449404948,0.8295,1.8650001352282728,0.2694426240613279,-0.052717515769775215,1.1762538125956736,2.1963846815202595,504,2003.11.01.22.31.44,23.330241187384043,False,0.17211574722186052
-0.118081689453125,0.08721337243887523,0.278,-0.6445,0.14690800294901057,0.9224999999999999,1.8955359998681764,0.38627224386133285,-0.08381707942701927,1.1754073050238565,2.226646813718351,505,2003.11.01.22.41.44,23.376623376623375,False,0.1284654853060917
-0.11695512695312502,0.08794368787326692,0.259,-0.685,0.1464330174001589,0.9440000000000001,1.7677825305021542,0.415398061693264,-0.059767248174366364,1.176783148676883,2.0807942545184934,506,2003.11.01.22.51.44,23.42300556586271,False,0.1168962817280661
-0.116440283203125,0.08751352950239924,0.322,-0.5895,0.14580049740587991,0.9115,2.2017232011047856,0.40267683669879895,-0.04691234430655233,1.1757230252082573,2.592010125225851,507,2003.11.01.23.01.44,23.46938775510204,False,0.15606073451810365
-0.117561328125,0.08740812586074154,0.314,-0.6225,0.1465934073718202,0.9365,2.148941447296889,0.33122248376341656,-0.03404397245042401,1.1747106726569807,2.5213913248429973,508,2003.11.01.23.11.44,23.515769944341372,False,0.15164483737119955
-0.1167064208984375,0.08837920404858218,0.348,-0.6385000000000001,0.14648734103614908,0.9864999999999999,2.3481090891186653,0.2648050027295956,-0.0581953066425165,1.1791533185665233,2.779497946013616,509,2003.11.01.23.21.44,23.562152133580703,False,0.08570527897015207
-0.116209716796875,0.08614043368073734,0.27349999999999997,-0.499,0.14474951432389477,0.7725,1.885797983258918,0.17956653485217622,-0.06213769013384768,1.176311147972074,2.2200199447504687,510,2003.11.01.23.31.44,23.608534322820038,False,0.089081248426923
-0.1180523681640625,0.0873607422711388,0.2255,-0.6214999999999999,0.1469360712801624,0.847,1.5349557700107654,0.34531859163918455,-0.0741232272192397,1.175045761814254,1.8034946521546158,511,2003.11.01.23.41.44,23.65491651205937,False,0.06593355838733617
-0.11590771484375,0.0872170110287898,0.2855,-0.569,0.145155219706003,0.8545,1.962623260658341,0.31237580976463164,-0.06800358190318141,1.1777808739755398,2.3136254004288705,512,2003.11.01.23.51.44,23.7012987012987,False,0.176274644088804
-0.1174548583984375,0.08360259849973706,0.31599999999999995,-0.6125,0.14429519644031555,0.9284999999999999,2.1848927702349457,0.2615321689405756,-0.03326132087127281,1.168299211969818,2.55535727307728,513,2003.11.03.09.53.55,23.747680890538035,False,0.057033288824460904
-0.117378125,0.08378829339793262,0.26349999999999996,-0.6945,0.14432860399591096,0.958,1.8223164914769046,0.3176320620704445,-0.05099286897229091,1.1691011978126198,2.13239523528997,514,2003.11.03.10.01.44,23.794063079777366,False,0.04670574988281817
-0.11688500976562499,0.0835261849929784,0.3035,-0.657,0.14376610143892243,0.9605,2.106591168572365,0.4054796392645019,-0.0674092129397387,1.1692374437361164,2.4654144542977883,515,2003.11.03.10.11.44,23.840445269016698,False,0.06510577282935492
-0.11706364746093749,0.08403799785644922,0.2515,-0.577,0.1442409559324112,0.8285,1.736145201615276,0.360859133237869,-0.07805055274447714,1.1700231898031368,2.0351527309324777,516,2003.11.03.10.21.44,23.88682745825603,False,0.0640707982910439
-0.116831201171875,0.08242942925683414,0.26,-0.5825,0.14310625178064973,0.8425,1.8164342601186503,0.23264388694193516,-0.06695885780642158,1.1681818585906958,2.1221702137366067,517,2003.11.03.10.31.44,23.933209647495364,False,0.07353978622354762
-0.1172711181640625,0.08470464109668627,0.2635,-0.593,0.1447546595370025,0.8565,1.815789603143227,0.23228547843107816,-0.06996678706444914,1.172885412590405,2.1322008547059537,518,2003.11.03.10.41.44,23.97959183673469,False,0.12611303116906136
-0.11741752929687499,0.08244781643673282,0.259,-0.481,0.14358586051816938,0.74,1.8010859305402986,0.17985516616293196,-0.03149865680126576,1.1650774407102764,2.100145745380751,519,2003.11.03.10.51.44,24.025974025974026,True,-0.020467830074873183
-0.1171787841796875,0.08284304799933145,0.23049999999999998,-0.614,0.14366226224478468,0.8445,1.5925551161416436,0.2653098304290076,-0.07491859753175394,1.1673503621636692,1.8652255553238084,520,2003.11.03.11.01.44,24.072356215213357,False,0.013734023441158483
-0.1169765380859375,0.08365358807180487,0.3075,-0.5155000000000001,0.14390403713587874,0.823,2.125886578730231,0.2674059170502203,-0.04760119564046676,1.169407033360795,2.4915335012352697,521,2003.11.03.11.11.44,24.118738404452692,False,0.05320291677700317
-0.11661193847656251,0.08464546561460132,0.2525,-0.657,0.14422408343813214,0.9095,1.7481672306114944,0.2496489379425395,-0.06395383982791192,1.17283018619044,2.0517775290937297,522,2003.11.03.11.21.44,24.16512059369202,False,0.08683974514159953
-0.1174010009765625,0.08336187786053117,0.2245,-0.5675,0.14410145725748003,0.792,1.5597091342671792,0.24474025693320023,-0.04581643137596925,1.1673521652281886,1.819822262448746,523,2003.11.03.11.31.44,24.211502782931355,True,-0.01479828926829918
-0.11703925781249999,0.08280796373228441,0.2735,-0.542,0.14348499438131732,0.8155,1.9071301067186575,0.22657927975446324,-0.04263842336660022,1.1680413439600055,2.227045082135991,524,2003.11.03.11.41.44,24.257884972170686,False,0.05437743122293315
-0.117122802734375,0.08327016927089148,0.2575,-0.558,0.14379722118570465,0.8155000000000001,1.7930053147583882,0.2489147771012461,-0.037651171287063134,1.168336524914382,2.0937007940960255,525,2003.11.03.11.51.44,24.304267161410017,False,0.061014528578845595
-0.1169451904296875,0.08360541777725466,0.2995,-0.5894999999999999,0.14388207707095357,0.889,2.0856851278602235,0.29763025267530585,-0.031882719879594935,1.1677219583824376,2.433611504877473,526,2003.11.03.12.01.44,24.350649350649352,False,0.07032434624017647
-0.11740634765625002,0.08314618640061135,0.231,-0.525,0.1439986270143103,0.756,1.5995515163292706,0.20297614419029042,-0.04308968188625264,1.1672476878366256,1.8693739064627712,527,2003.11.03.12.11.44,24.397031539888683,True,-0.04149196670494404
-0.11722861328125,0.08243694427121702,0.2245,-0.4665,0.1434480483063016,0.6910000000000001,1.5644261034299096,0.12005523152456954,-0.05449878073702037,1.1675942626205111,1.8269724917753494,528,2003.11.03.12.21.44,24.443413729128014,True,-0.06663840123483733
-0.1191398681640625,0.08479303656929774,0.293,-0.5725,0.14634540016842185,0.8654999999999999,1.989365906144622,0.25711378338094537,-0.03752054105785559,1.1671321261753622,2.3278671937918856,529,2003.11.03.12.31.44,24.489795918367346,False,0.08375813814769734
-0.11895224609375,0.08407277502845584,0.24,-0.597,0.1457902692185738,0.837,1.6454609612623596,0.29795382891717526,-0.06428048544935047,1.1671217020084357,1.9208166953407144,530,2003.11.03.12.41.44,24.53617810760668,False,0.038134398860557694
-0.11702680664062501,0.08471522714149107,0.338,-0.5954999999999999,0.1445638031374698,0.9335,2.3263756583200608,0.4045302645960507,-0.06618935575126637,1.1719523716456515,2.731286621857159,531,2003.11.03.12.51.44,24.58256029684601,False,0.08873020930557524
-0.1170416748046875,0.08384411621561916,0.2475,-0.6165,0.14410905155258902,0.864,1.7085408384051268,0.3091276538556176,-0.0495134676953637,1.169377981405753,2.0024635949625402,532,2003.11.03.13.01.44,24.628942486085343,False,0.057925908211649335
-0.1174684814453125,0.08267181186877298,0.295,-0.7155,0.14375667411848814,1.0105,2.038248608298338,0.3972627761187242,-0.06017763532796854,1.1662235402073664,2.3841447731362413,533,2003.11.03.13.11.44,24.675324675324674,False,0.007797507216760979
-0.1171251953125,0.08320349211253437,0.26749999999999996,-0.5225,0.14379048359790994,0.79,1.8461126547764577,0.2636659715138687,-0.06844698354441618,1.1688233646930288,2.1661274990226946,534,2003.11.03.13.21.44,24.72170686456401,False,0.048969240032284866
-0.11796088867187501,0.0826812748118548,0.271,-0.5375,0.14416976970655754,0.8085,1.873273938824268,0.14730924358058317,-0.006541883821068779,1.1650657477399027,2.1856952570100256,535,2003.11.03.13.31.44,24.768089053803337,False,0.0014496890480797386
-0.116784716796875,0.08406568596943731,0.27349999999999997,-0.5505,0.14399867259570687,0.8240000000000001,1.895522702601793,0.21338098179058074,-0.0454877921920518,1.1705353289928926,2.2208163235579943,536,2003.11.03.13.41.44,24.81447124304267,False,0.0788050359207852
-0.11738710937499999,0.08308621900657043,0.2465,-0.6234999999999999,0.14394356751845902,0.87,1.7073362328905066,0.27563457020810866,-0.07422749574910563,1.1681355369538728,1.9969920713974325,537,2003.11.03.13.51.44,24.860853432282003,False,0.052832548734215945
-0.1183233154296875,0.08355247587159378,0.238,-0.5409999999999999,0.1449670044039969,0.779,1.63331004473264,0.12005583499461947,-0.04096269136753407,1.1681225471006298,1.9124450377018645,538,2003.11.03.14.01.44,24.907235621521338,True,-0.02787428342818088
-0.1174176025390625,0.0832544473833727,0.26949999999999996,-0.538,0.14406419170248236,0.8075,1.8750783543664422,0.24293099637474347,-0.05194383561899607,1.168070194887445,2.1879248545399017,539,2003.11.03.14.11.44,24.95361781076067,False,0.05741445902448339
-0.1168552001953125,0.08322862826789276,0.2355,-0.5775,0.14357004680307248,0.813,1.6415926183234115,0.21075815658460972,-0.06685435724918354,1.1697856812270935,1.9195370241380818,540,2003.11.03.14.21.44,25.0,False,0.014964610780974996
-0.11879704589843748,0.08298894486058336,0.28800000000000003,-0.585,0.1450407860057542,0.873,1.980402836221893,0.23173097952434873,-0.04230857783363586,1.1645681562478685,2.3088974624370513,541,2003.11.07.14.51.44,25.04638218923933,False,0.06565705102418773
-0.118056201171875,0.08436682858449157,0.2965,-0.6665,0.14525551514826351,0.963,2.034491670816867,0.446738694593513,-0.04569149494533606,1.1669685761449142,2.377538876144934,542,2003.11.07.15.01.44,25.092764378478666,False,0.039296117908170114
-0.1172097412109375,0.08327295578223237,0.281,-0.571,0.14389856352035613,0.8520000000000001,1.9499907775613214,0.20557375904277508,-0.03167341065605594,1.1671675205231995,2.2773817853943603,543,2003.11.07.15.11.44,25.139146567717997,False,0.06042241377362978
-0.11945068359375,0.08210394378785214,0.26649999999999996,-0.5665,0.14508182674664727,0.833,1.8439698988411133,0.30278353566566807,-0.049862964478449734,1.1627017457242306,2.13989161047576,544,2003.11.07.15.21.44,25.185528756957325,False,0.0584656096700199
-0.11724606933593748,0.0834870357958494,0.2335,-0.5295,0.14407913399211325,0.763,1.6144246579476889,0.1978098585630923,-0.05602977527348518,1.1682318382266281,1.8892661348542577,545,2003.11.07.15.31.44,25.231910946196663,True,-0.02142340216087013
-0.116446875,0.08362022109880324,0.23099999999999998,-0.5775,0.14346848016138283,0.8085,1.6092351120861768,0.26277783398151255,-0.06732032267928773,1.1710951203694102,1.8850449146906818,546,2003.11.07.15.41.44,25.27829313543599,False,0.027354415027691314
-0.1172210205078125,0.08241768722031331,0.322,-0.5615,0.14346782606798747,0.8835,2.228022132177257,0.26745180781348266,-0.06811080196074416,1.166935803535967,2.6091376311371173,547,2003.11.07.15.51.44,25.324675324675322,False,0.04522945521250554
-0.11682109375000001,0.08288745215513317,0.3025,-0.5555,0.14338403063143657,0.858,2.1126566223928283,0.2868597437916618,-0.04565346522473039,1.1671198077399838,2.464263553543134,548,2003.11.07.16.01.44,25.371057513914657,False,0.086297019770596
-0.1165718994140625,0.08295912882670418,0.2295,-0.5375,0.14324109057839599,0.767,1.5937774216448402,0.20005132911589008,-0.07509377722489867,1.1692285196451992,1.8684958430560543,549,2003.11.07.16.11.44,25.41743970315399,True,-0.0174884151985083
-0.117496728515625,0.08255320696289878,0.2415,-0.5165,0.1437455272168664,0.758,1.676134607709424,0.3199630050576281,-0.0711869068656183,1.1662000544655426,1.956730910950542,550,2003.11.07.16.21.44,25.463821892393323,False,9.818381754922445e-05
-0.116165478515625,0.08417306972183251,0.29400000000000004,-0.5325,0.14359258897969226,0.8265,2.0583656241147494,0.23908858749292672,-0.04922877265850449,1.17099804249955,2.4046301380168567,551,2003.11.07.16.31.44,25.510204081632654,False,0.0901462117341022
-0.11702070312499999,0.0829689580119143,0.2565,-0.596,0.1436041177238282,0.8525,1.785815478262933,0.31410689140340975,-0.05220127013265966,1.1673928280001098,2.0849362973425496,552,2003.11.07.16.41.44,25.556586270871982,False,0.07094338873758665
-0.11882143554687499,0.083814162861513,0.3225,-0.6765,0.1455332195740863,0.999,2.2297007123236057,0.3667014470411303,-0.05608009119803686,1.1670038458764185,2.5939906689368435,553,2003.11.07.16.51.44,25.60296846011132,False,0.034260173082029555
-0.11662187499999999,0.0838305254030973,0.243,-0.646,0.14377966960591643,0.889,1.6829174502658684,0.3696017559858489,-0.08088195817644137,1.1699776078301527,1.972441203727797,554,2003.11.07.17.01.44,25.649350649350648,False,0.039855690733119786
-0.11726357421875001,0.0834972744046425,0.254,-0.626,0.14409987318375,0.8799999999999999,1.753778413996377,0.32303619037918074,-0.05571395425893451,1.1678507670575442,2.052212018354395,555,2003.11.07.17.11.44,25.69573283858998,False,0.06926311127987228
-0.11759304199218751,0.08357024439183153,0.2845,-0.508,0.14440654106384315,0.7925,1.9643609122666286,0.21552759821891487,-0.033175415519911315,1.166928059198457,2.2950963833966975,556,2003.11.07.17.21.44,25.742115027829314,False,0.025389426753133604
-0.1172130615234375,0.08467377176457705,0.2565,-0.6105,0.14470447274925471,0.867,1.7701841690482867,0.35369091720838086,-0.04782452579049268,1.1694053228453276,2.0712828172026923,557,2003.11.07.17.31.44,25.788497217068645,False,0.08293514491661785
-0.1171104248046875,0.08455763085630141,0.28800000000000003,-0.6214999999999999,0.14459543669649308,0.9095,1.9900398006884819,0.5132471000210233,-0.06314764087753755,1.170031138298464,2.329289920147931,558,2003.11.07.17.41.44,25.834879406307977,False,0.06812533380379782
-0.117737353515625,0.08187929118339712,0.25,-0.52,0.14357362270511265,0.77,1.7429660736550208,0.27452555153172176,-0.0518242424499524,1.1639663325632785,2.027843506908399,559,2003.11.07.17.51.44,25.88126159554731,True,-0.002440584985399008
-0.1170368896484375,0.08447887803036028,0.28300000000000003,-0.5565,0.14447206030612852,0.8394999999999999,1.9674631601117334,0.34059099192609876,-0.05962041350555209,1.1708372127376607,2.298981436244554,560,2003.11.07.18.01.44,25.927643784786643,False,0.11129270735672508
-0.1170581787109375,0.08267494597166464,0.29400000000000004,-0.6885,0.14346518559784932,0.9824999999999999,2.044113103778836,0.48293597722511517,-0.07422922803824442,1.1667083321436824,2.387855880511179,561,2003.11.07.18.11.44,25.97402597402597,False,0.011712069764762467
-0.11836545410156249,0.08346630214702988,0.298,-0.741,0.14498563397922365,1.0390000000000001,2.0557925905358307,0.5962356301865934,-0.07874359471110427,1.1656335870234455,2.3960521486284567,562,2003.11.07.18.21.44,26.02040816326531,True,-0.029214768005152658
-0.116626123046875,0.08355893906760553,0.26249999999999996,-0.554,0.14359534305961072,0.8165,1.8254269977557986,0.31023014644922986,-0.05983665369075929,1.1692784301017287,2.135782409752163,563,2003.11.07.18.31.44,26.066790352504636,False,0.08932453726272349
-0.1172160400390625,0.083534059832892,0.3175,-0.6445,0.14408399367866917,0.962,2.189560994867035,0.49721744393449985,-0.08879354296978031,1.1687409571921525,2.5663899065962017,564,2003.11.07.18.41.44,26.113172541743975,False,0.03225399603766821
-0.1173156005859375,0.08407477105883969,0.245,-0.508,0.14448009274257947,0.753,1.699595104320649,0.273224844846649,-0.0759532852964138,1.1699651980345123,1.9862529107970026,565,2003.11.07.18.51.44,26.159554730983302,False,0.023970345129314508
-0.11706479492187499,0.08372009303410144,0.314,-0.7815000000000001,0.14407222452008145,1.0955,2.168963002402971,0.698757510406437,-0.08801607037932666,1.1684220534419745,2.5394503924573337,566,2003.11.07.19.01.44,26.205936920222634,True,-0.040549738003783586
-0.11689716796875001,0.08277020416046157,0.3015,-0.703,0.14337550197303556,1.0045,2.0973212466570157,0.5331902835922946,-0.06554718037090956,1.1662757158596604,2.4491631112122936,567,2003.11.07.19.11.44,26.25231910946197,False,0.011584906102774739
-0.118170361328125,0.08477654145835083,0.244,-0.6485,0.14559117402170996,0.8925,1.6727063611203592,0.4186727663278438,-0.07790784706233952,1.1691804540115924,1.9572761551404487,568,2003.11.07.19.21.44,26.2987012987013,False,0.040492479998708863
-0.1168469482421875,0.0840719129538783,0.3015,-0.6114999999999999,0.14408385309379965,0.913,2.0857322215356495,0.41311030236879565,-0.08049898709484166,1.170106727668407,2.4434254477734667,569,2003.11.07.19.31.44,26.34508348794063,False,0.07811797916942864
-0.1168745849609375,0.08500329930929007,0.2185,-0.5885,0.1446418774865854,0.8069999999999999,1.5040065467798807,0.2645249328212431,-0.06988468023231117,1.1719631120311917,1.7656234241708764,570,2003.11.07.19.41.44,26.391465677179966,False,0.012762740053640309
-0.11819729003906251,0.08415313577945038,0.239,-0.6325000000000001,0.14523113367810492,0.8714999999999999,1.645084896180479,0.4677959553999591,-0.09415855333153675,1.1679388814722174,1.9216683399928483,571,2003.11.07.19.51.44,26.437847866419297,True,-0.006310376656773142
-0.1169224609375,0.08330549595248672,0.2615,-0.5700000000000001,0.1437177359941134,0.8314999999999999,1.8121879481313206,0.26767413231256065,-0.042437163439045536,1.1681925768345855,2.1210689377455125,572,2003.11.07.20.01.44,26.484230055658625,False,0.07840846411429925
-0.116557568359375,0.08373496365383462,0.316,-0.552,0.14367669450844867,0.868,2.2008204801391296,0.3289657387027467,-0.05058913921399125,1.169480657951456,2.5730679785945973,573,2003.11.07.20.11.44,26.53061224489796,False,0.07667730178611909
-0.11832563476562499,0.0838166997423519,0.35,-0.685,0.14515318882235972,1.0350000000000001,2.398719209278985,0.41865435041108,-0.05817972788926608,1.167384186063234,2.8066456651624314,574,2003.11.07.20.21.44,26.57699443413729,True,-0.016016992086800075
-0.1167449951171875,0.08389710689579893,0.272,-0.5285,0.14389462775402395,0.8005,1.87248057256029,0.25342398667065313,-0.03600455879353348,1.1682759153261006,2.195268460500066,575,2003.11.07.20.31.44,26.623376623376622,False,0.041713664467667444
-0.1168060302734375,0.08441840483629054,0.305,-0.581,0.14424239535565975,0.886,2.1257886191626154,0.31802210295259403,-0.05425874105079469,1.1705983985837833,2.483290472331911,576,2003.11.07.20.41.44,26.669758812615957,False,0.11363711228927398
-0.11786806640625,0.08518676489008944,0.37,-0.764,0.1455654679952931,1.1340000000000001,2.53876250322205,0.5379319012743973,-0.055645811729799724,1.1702938139964345,2.9729567053355854,577,2003.11.07.20.51.44,26.716141001855288,True,-0.06262669273920585
-0.11668457031250001,0.08330761075445973,0.28700000000000003,-0.657,0.1435125636287941,0.944,2.0091477716509782,0.4119919160863348,-0.06284330567592171,1.1684730414269817,2.343103394185632,578,2003.11.07.21.01.44,26.762523191094616,False,0.05865052185524011
-0.11699274902343751,0.08454604748437482,0.32699999999999996,-0.6275,0.14449691808043752,0.9545,2.2592645440764083,0.4387203185491919,-0.07619097578532127,1.1714206406545493,2.6485681666712733,579,2003.11.07.21.11.44,26.808905380333954,False,0.0682802302760942
-0.11797412109375,0.08355138347122754,0.3005,-0.607,0.14473075843255184,0.9075,2.065537910688267,0.4576152756433949,-0.06588137733870829,1.1670438151163016,2.4171150867970788,580,2003.11.07.21.21.44,26.85528756957328,False,0.0665752586998164
-0.11671970214843752,0.0840588401547066,0.25,-0.6875,0.14397512832480397,0.9375,1.7297682151076308,0.3315610171252268,-0.05476290150731494,1.169726605664816,2.02667435288825,581,2003.11.07.21.31.44,26.90166975881262,False,0.028926520136838607
-0.1160990234375,0.08455041904020427,0.272,-0.6325000000000001,0.14379386023870833,0.9045,1.889998364561558,0.5015205601149273,-0.06745615394966457,1.1706641030055926,2.213420358769645,582,2003.11.07.21.41.44,26.948051948051948,False,0.05807727188028211
-0.11773515625,0.08527424736045983,0.2635,-0.6285000000000001,0.1455525049127956,0.892,1.812115603751634,0.3395411317290489,-0.06719046501650185,1.1708366637310794,2.120805084312571,583,2003.11.07.21.51.44,26.99443413729128,False,0.11889292889483472
-0.1173625244140625,0.0839480028183131,0.27349999999999997,-0.7275,0.14444736107241285,1.001,1.8910224373982485,0.40589507412179815,-0.0709896061330319,1.1694849341550955,2.2127962358307336,584,2003.11.07.22.01.44,27.040816326530614,False,0.00693030829399488
-0.1170706787109375,0.08507025723235719,0.2845,-0.6140000000000001,0.144846770566259,0.8985000000000001,1.9738026888585867,0.3650154765178195,-0.021766975436915796,1.1698557312382474,2.304585052572686,585,2003.11.07.22.11.44,27.087198515769945,False,0.0768628793116124
-0.11807624511718749,0.084257819932206,0.2795,-0.6335,0.14520947462460015,0.913,1.9158613154169257,0.45865481973227773,-0.06343526467558971,1.1677288209957435,2.2416432017621064,586,2003.11.07.22.21.44,27.133580705009276,False,0.06525209828505285
-0.1175398193359375,0.08400490785005542,0.2885,-0.6565,0.14463103606754818,0.945,1.9924620320861584,0.3763243264449725,-0.05320728297002707,1.1676017548962816,2.3274248338177532,587,2003.11.07.22.31.44,27.17996289424861,False,0.056233680841933364
-0.11657309570312499,0.0840149899973145,0.2515,-0.571,0.14382514964565532,0.8225,1.73925856890562,0.31349112542654733,-0.0587217622729139,1.1700764019867234,2.039708079777237,588,2003.11.07.22.41.44,27.226345083487942,False,0.08151766211729455
-0.11637541503906249,0.08488498511390265,0.3115,-0.5529999999999999,0.1441915014972408,0.8645,2.1482226417184727,0.28474145430865017,-0.05654052089348864,1.1724074159089908,2.524652335154041,589,2003.11.08.10.22.19,27.27272727272727,False,0.10602967820572806
-0.11917045898437499,0.08396736508383852,0.26249999999999996,-0.614,0.14593528749536566,0.8765,1.7960651448523546,0.34625078584950963,-0.05580943591460731,1.1655749192658376,2.094870273040273,590,2003.11.08.10.31.44,27.319109461966605,False,0.07515598846615568
-0.11714226074218748,0.0844894624715129,0.2965,-0.6154999999999999,0.14458442706181646,0.912,2.042257927231092,0.4344645594385419,-0.0778429956956252,1.1708160633957085,2.3950044379392095,591,2003.11.08.10.41.44,27.365491651205936,False,0.08684862587036729
-0.117608154296875,0.08436140883254434,0.32099999999999995,-0.5845,0.14487250011735905,0.9055,2.2234661836914986,0.43173221707321896,-0.04232532661965434,1.1679822652419203,2.592560614204576,592,2003.11.08.10.51.44,27.411873840445267,False,0.059532076789278854
-0.11711999511718749,0.08361018126694866,0.281,-0.615,0.14404926242262395,0.8959999999999999,1.9501154246531462,0.3320914382201767,-0.05586216562942532,1.168267277056494,2.2785902803202918,593,2003.11.08.11.01.44,27.458256029684602,False,0.0909524047893931
-0.1165898681640625,0.08438882397020175,0.34550000000000003,-0.669,0.14408021711369015,1.0145,2.391560340462471,0.4022646212346115,-0.06661156133467452,1.1706681756466195,2.8032992711495592,594,2003.11.08.11.11.44,27.504638218923933,False,0.021470043050984766
-0.1168827392578125,0.08629692825132657,0.30300000000000005,-0.615,0.1454264420901367,0.9179999999999999,2.0807808691502814,0.3612830146362296,-0.03404737964787452,1.17270160654273,2.441430901166111,595,2003.11.08.11.21.44,27.55102040816326,False,0.14047539978577106
-0.116950927734375,0.08426336425189224,0.249,-0.6335,0.1442672653315491,0.8825,1.7214672084649316,0.3126575524005002,-0.06400392502311003,1.1703253308145714,2.017080793095966,596,2003.11.08.11.31.44,27.5974025974026,False,0.07203444783574142
-0.11743754882812499,0.08488410114623528,0.3305,-0.757,0.14501992592878926,1.0875,2.2623526175213673,0.42757373943872823,-0.05478459273763083,1.1712275915925685,2.6579227793236804,597,2003.11.08.11.41.44,27.643784786641927,True,-0.012559593000926794
-0.1176597900390625,0.0846178176230125,0.261,-0.6005,0.14506595934093378,0.8614999999999999,1.7950926293228473,0.3965259955344733,-0.054186636579722766,1.1692334433827893,2.101041352107863,598,2003.11.08.11.51.44,27.690166975881265,False,0.07696435518747735
-0.11698022460937499,0.08415194242220302,0.27549999999999997,-0.6725,0.14428719902492082,0.948,1.9070160522671784,0.5693564642180231,-0.09962409702673333,1.1701348368626183,2.23285633822262,599,2003.11.08.12.01.44,27.736549165120593,False,0.013847699499310528
-0.117064990234375,0.08316514341603624,0.359,-0.5489999999999999,0.14374319454920925,0.9079999999999999,2.487908204796668,0.2822278617368945,-0.06350232146077986,1.1688598759674278,2.9131152561287292,600,2003.11.08.12.11.44,27.782931354359924,True,-0.0062038694848652876
-0.1167825927734375,0.08491379224439255,0.3015,-0.6165,0.14452090192805128,0.918,2.0917614878253206,0.3730627416443222,-0.045071362383929926,1.1704286406061781,2.445455644770411,601,2003.11.08.12.21.44,27.82931354359926,False,0.09689092567039226
-0.11690129394531251,0.08381568385225024,0.283,-0.5565,0.14398833775052228,0.8395000000000001,1.9513933137238961,0.2719434811840198,-0.03846278853547454,1.1687854139055607,2.2886216147483873,602,2003.11.08.12.31.44,27.87569573283859,False,0.09073775993468047
-0.11734831542968749,0.083374437495574,0.2725,-0.609,0.14408851064486095,0.8815,1.8779893290136456,0.3372649670471257,-0.06803615383444098,1.1675341346624117,2.1993415005496324,603,2003.11.08.12.41.44,27.92207792207792,False,0.08259937007854834
-0.117444970703125,0.08317748982766186,0.28200000000000003,-0.6399999999999999,0.1440521623486608,0.9219999999999999,1.9623772575871032,0.45362685100909905,-0.04596761191387373,1.167013972389814,2.287733376534339,604,2003.11.08.12.51.44,27.968460111317256,False,0.03980594391909442
-0.1166173828125,0.08375205293581975,0.3065,-0.5589999999999999,0.1437344632861146,0.8654999999999999,2.1208341758267197,0.4340865911581948,-0.05840704022256134,1.1680850715415272,2.4834990560756887,605,2003.11.08.13.01.44,28.014842300556587,False,0.0726311620480321
-0.11672150878906251,0.08407609808713841,0.265,-0.6859999999999999,0.14399550021015867,0.951,1.8257549642207391,0.602895555877061,-0.06422664095441083,1.167391535414401,2.1382913066999016,606,2003.11.08.13.11.44,28.061224489795915,False,0.029676523157695422
-0.1170547119140625,0.08281050613467897,0.272,-0.604,0.14351087126334416,0.876,1.9025507258645216,0.336159948508862,-0.05496951812414841,1.1671439402002792,2.2165447174780546,607,2003.11.08.13.21.44,28.107606679035253,False,0.07461642680956637
-0.11637207031249999,0.08379100696555741,0.2395,-0.5935,0.14353401746849695,0.8330000000000001,1.6548765812607105,0.31049758874602906,-0.053958455601978886,1.169536705021088,1.9414311722103137,608,2003.11.08.13.31.44,28.15398886827458,False,0.04309562998406513
-0.11695493164062501,0.08291250933284214,0.26349999999999996,-0.5715,0.1434945245290171,0.835,1.8338186089817181,0.30984758982286364,-0.055080431071317805,1.1667604293543985,2.1407034422525513,609,2003.11.08.13.41.44,28.200371057513912,False,0.08558879462442709
-0.11718076171875,0.08457552997891199,0.265,-0.5395,0.14462581158358642,0.8045,1.8217768652272874,0.2407203428146536,-0.04484877122485311,1.1698340860520675,2.136751469194435,610,2003.11.08.13.51.44,28.246753246753247,False,0.08129554263472366
-0.1169263427734375,0.08457665856087043,0.316,-0.6435,0.14444502375744844,0.9595,2.1887384139536286,0.373164443312372,-0.021944310033643746,1.1692127751207098,2.5585001932023084,611,2003.11.08.14.01.44,28.29313543599258,False,0.04458796983648261
-0.11663354492187501,0.08309131729164117,0.2895,-0.542,0.14337032246128842,0.8315,2.0119424136263646,0.32472469716755725,-0.06565364195193721,1.1682887887638407,2.3541517468055675,612,2003.11.08.14.11.44,28.339517625231913,False,0.07696400099625511
-0.1166783447265625,0.08278337766534055,0.244,-0.6154999999999999,0.14320886769986596,0.8594999999999999,1.7056812645613233,0.31296623850795124,-0.08628547498562682,1.1682885408788457,1.9918016027314338,613,2003.11.08.14.21.44,28.385899814471244,False,0.03990277680357002
-0.11703327636718751,0.08458202725195196,0.31,-0.53,0.14453951075098528,0.84,2.1464479377678183,0.3794343417704573,-0.03609686778675381,1.1699133823780032,2.5102366876427924,614,2003.11.08.14.31.44,28.432282003710576,False,0.04878621266168415
-0.11665468749999999,0.0857635382509126,0.3175,-0.544,0.14490783301975269,0.8614999999999999,2.1822899058224494,0.25914690963300924,-0.03605695062686648,1.1726993509805084,2.5636656480248403,615,2003.11.08.14.41.44,28.47866419294991,False,0.09396246330025321
-0.11657446289062501,0.0835421113896894,0.29300000000000004,-0.6595,0.14358208955487362,0.9525,2.045672877973173,0.3390807297144929,-0.053310533180354405,1.1686239154776854,2.3877700561523865,616,2003.11.08.14.51.44,28.525046382189238,False,0.05910635187281765
-0.117323583984375,0.08254201299774672,0.277,-0.5675,0.1436170097071015,0.8445,1.9284190150356588,0.31675316251438734,-0.07225951634964801,1.1666147083911995,2.249895542548905,617,2003.11.08.15.01.44,28.57142857142857,False,0.08185078978017096
-0.11606313476562499,0.08328003704400544,0.26849999999999996,-0.635,0.14298321483885693,0.9035,1.8753882351354663,0.40900817831810654,-0.07009850285027283,1.1697990537018597,2.19511706467427,618,2003.11.08.15.11.44,28.617810760667904,False,0.060631210385099665
-0.11663757324218749,0.08334793646140529,0.27949999999999997,-0.5925,0.14351180049590914,0.8720000000000001,1.9407098140073265,0.3534428973793813,-0.05938242610203062,1.1686210194352193,2.2716622930949755,619,2003.11.08.15.21.44,28.664192949907235,False,0.0851798215571048
-0.116896337890625,0.08477553100609422,0.2915,-0.5385,0.1445621463555175,0.83,2.018072227412107,0.2798439023209618,-0.03407086007769007,1.169821221156588,2.3600234192512084,620,2003.11.08.15.31.44,28.710575139146567,False,0.08723906570050144
-0.11677810058593749,0.08424237380130786,0.2465,-0.594,0.1441533257395859,0.8405,1.7124694354558156,0.27566021171861643,-0.045302108608083314,1.1693470020009968,2.0012293823337033,621,2003.11.08.15.41.44,28.7569573283859,False,0.0663089746556822
-0.116608740234375,0.08371034316335627,0.2905,-0.613,0.14369105221453343,0.9035,2.010929113090318,0.28940917482105744,-0.05400413486639391,1.1707067425361286,2.3599891268287014,622,2003.11.08.15.51.44,28.803339517625233,False,0.09441941884534782
-0.11672893066406251,0.08381634666592491,0.299,-0.6615,0.14387684036452209,0.9604999999999999,2.0916892034087415,0.3370454356132684,-0.04825457924511435,1.1686568811765672,2.437405519389556,623,2003.11.08.16.01.44,28.84972170686456,False,0.06653712200490147
-0.116767236328125,0.08407135170269955,0.2525,-0.6435,0.14405030965525895,0.896,1.750014077352132,0.39748668614402605,-0.07185702424259205,1.1702616243535657,2.0494717930025788,624,2003.11.08.16.11.44,28.8961038961039,False,0.0524354938098156
-0.11673596191406249,0.08464876296642757,0.2585,-0.5775,0.14434328412045505,0.836,1.7844626775271961,0.325068541754445,-0.07412501187117941,1.1722500302774654,2.0952072799168016,625,2003.11.08.16.21.44,28.942486085343226,False,0.11703036167602676
-0.117028662109375,0.08303849060506699,0.3185,-0.681,0.14365781575581446,0.9995,2.2272314794653525,0.4177723216674625,-0.041739111782446256,1.1662924223834163,2.5924766314249457,626,2003.11.08.16.31.44,28.988868274582558,False,0.014555017259706315
-0.11650178222656249,0.08413851904638517,0.2905,-0.6375,0.14384575942584188,0.9279999999999999,2.020769606639691,0.3303931251085579,-0.05938357984395684,1.1704128605449147,2.3645176487972503,627,2003.11.08.16.41.44,29.035250463821892,False,0.08335862911238173
-0.11659709472656252,0.08358692676223164,0.2865,-0.6715,0.1436152076681509,0.958,1.9862823200017656,0.38585846664973267,-0.0810053945599652,1.1705735834857438,2.3298528975718935,628,2003.11.08.16.51.44,29.081632653061224,False,0.050639189975612786
-0.11709057617187499,0.08422934563303688,0.2895,-0.52,0.1444246561432306,0.8095,1.9984859411251432,0.3028444635331087,-0.0470132215646388,1.1685742182702124,2.3385812440626594,629,2003.11.08.17.01.44,29.12801484230056,False,0.06642887434382494
-0.1168786865234375,0.08432021564988504,0.35250000000000004,-0.6995,0.14423077803205062,1.052,2.4544845198211336,0.6501707123880314,-0.055220766741723014,1.1694605915420522,2.865565064044245,630,2003.11.08.17.11.44,29.17439703153989,True,-0.04826894562721784
-0.11714794921875002,0.08405609178129808,0.31,-0.5589999999999999,0.14433146001336292,0.869,2.1279872670343467,0.3393385970072822,-0.05189841419357294,1.169177023263368,2.4985325295200345,631,2003.11.08.17.21.44,29.22077922077922,False,0.09600319941376956
-0.1167457763671875,0.08457318693417468,0.227,-0.5569999999999999,0.14429798328823346,0.784,1.5669391196983073,0.29302154149041293,-0.058125869011851385,1.1704665401519736,1.8366793694804382,632,2003.11.08.17.31.44,29.267161410018556,False,0.01587127542955602
-0.1170393310546875,0.08371338617484414,0.3035,-0.5920000000000001,0.14405931512666076,0.8955,2.0971757137492517,0.45503569074148187,-0.04788479705340677,1.1675693344269384,2.453847225348017,633,2003.11.08.17.41.44,29.313543599257883,False,0.06580295779997514
-0.1170561279296875,0.08289556095301967,0.249,-0.646,0.14357484055761355,0.895,1.73468072576843,0.41021230387287244,-0.06938036214724111,1.1668159555411455,2.0238557682166802,634,2003.11.08.17.51.44,29.359925788497215,False,0.03270427757429384
-0.116507275390625,0.08446454426788491,0.2955,-0.6105,0.14405933044073183,0.906,2.045438523080128,0.4467461515335174,-0.05794049337207484,1.1708871706616222,2.3977308140630633,635,2003.11.08.18.01.44,29.40630797773655,False,0.08383362380146642
-0.1173835205078125,0.08325898002927808,0.2565,-0.5155000000000001,0.14402854588181485,0.772,1.7845245542943529,0.25836112398971944,-0.04584205910198923,1.166623933056796,2.0800315206259556,636,2003.11.08.18.11.44,29.45269016697588,False,0.035886734514961605
-0.11677951660156251,0.08354911531382132,0.2795,-0.5945,0.14372587546586096,0.8740000000000001,1.9337840498227679,0.3815787580202197,-0.08884003157584616,1.1704675739711283,2.268396933565481,637,2003.11.08.18.21.44,29.499072356215212,False,0.06354706989717906
-0.1169711181640625,0.08414580925803133,0.29200000000000004,-0.6174999999999999,0.14424393533319835,0.9095,2.014743308684752,0.3503605620774073,-0.06874833900599407,1.169973779340971,2.361787979995873,638,2003.11.08.18.31.44,29.545454545454547,False,0.09189145576339458
-0.11637802734375,0.08283734362575847,0.354,-0.626,0.14300333383699138,0.98,2.458762846545323,0.4716719232364375,-0.04675285956449649,1.1670289439867227,2.880167549894675,639,2003.11.08.18.41.44,29.591836734693878,True,-0.027750639033970792
-0.11694685058593751,0.08326165763603366,0.2515,-0.577,0.1437121833868078,0.8285,1.7449777110090583,0.2633526327946689,-0.05586894223144101,1.1682122569747686,2.041138541592649,640,2003.11.08.18.51.44,29.638218923933206,False,0.06675050923561998
-0.117317529296875,0.0843698515931795,0.26,-0.6385000000000001,0.1446517504361049,0.8985000000000001,1.7946226933902203,0.4212797544998437,-0.05292096465223649,1.1692305442616373,2.099766068582672,641,2003.11.08.19.01.44,29.684601113172544,False,0.06638645017371403
-0.11713779296875,0.0842422821720509,0.299,-0.5565,0.1444352580825397,0.8555,2.0715277623369044,0.34447623972957686,-0.04205266246896305,1.1683110060411168,2.4195226915791306,642,2003.11.08.19.11.44,29.73098330241187,False,0.0941046161660033
-0.1154395751953125,0.08317770886687467,0.265,-0.5515,0.14243208954054654,0.8165,1.8565190040423873,0.28655438338977457,-0.047016059533444156,1.17012260304681,2.1743646927523494,643,2003.11.08.19.21.44,29.777365491651203,False,0.07165207489647041
-0.1169818603515625,0.08412957817620348,0.3025,-0.558,0.14424670092161446,0.8605,2.083322249378769,0.30403528728874285,-0.03870241173917433,1.170208417865848,2.446089418926735,644,2003.11.08.19.31.44,29.823747680890538,False,0.09518036662994706
-0.11728730468749998,0.0839564831416455,0.264,-0.527,0.14438500807620297,0.791,1.8265537696912264,0.24998818015869073,-0.03984211985791383,1.168424925349559,2.13512811062895,645,2003.11.08.19.41.44,29.87012987012987,False,0.039099646592850146
-0.11691003417968751,0.08206771062082678,0.287,-0.5275000000000001,0.1429828050274742,0.8145,1.9938903771556031,0.24375497975790683,-0.06879635400012418,1.1665684247691575,2.3329037120400193,646,2003.11.08.19.51.44,29.916512059369204,False,0.03411542681957003
-0.11604211425781251,0.08439703844283261,0.32099999999999995,-0.625,0.14361379390680812,0.946,2.2313766464579197,0.4875425997535656,-0.07073356063701158,1.1716363141256565,2.616474792370545,647,2003.11.08.20.01.44,29.962894248608535,False,0.056075665959755994
-0.11674494628906251,0.08451825147899156,0.2645,-0.6539999999999999,0.14425861486022912,0.9185,1.827710854715054,0.39672169131299073,-0.06833131930526051,1.1709577036666747,2.1429514203718316,648,2003.11.08.20.11.44,30.009276437847866,False,0.0788484855845642
-0.11681203613281249,0.08234780761490257,0.237,-0.48950000000000005,0.14304912646187995,0.7264999999999999,1.6474040095770417,0.16471744909615138,-0.04855122579774844,1.1667351322965387,1.9263493924930084,649,2003.11.08.20.21.44,30.0556586270872,True,-0.03636377282153247
-0.11716396484375,0.0842454077949876,0.2785,-0.641,0.144459258629628,0.9195,1.9163148715868386,0.3492085726343803,-0.06920311441006692,1.169718792655091,2.247327529154756,650,2003.11.08.20.31.44,30.102040816326532,False,0.09196353475326696
-0.11724838867187498,0.08266211870585538,0.2965,-0.663,0.14361470856649855,0.9595,2.057202080691164,0.3969260538595307,-0.04752030445721281,1.1655814617366391,2.4019516150151663,651,2003.11.08.20.41.44,30.14842300556586,False,0.032524615034888904
-0.11742138671874999,0.08308448849359484,0.3235,-0.5469999999999999,0.1439885929536017,0.8705,2.228951783852243,0.32112037622802614,-0.07052621821589064,1.167973816078534,2.6121597764010582,652,2003.11.08.20.51.44,30.1948051948052,False,0.058958199799992506
-0.1168968017578125,0.08352945787971627,0.3015,-0.593,0.1438116227960108,0.8945,2.0983208220190352,0.3858067037406736,-0.09284473335209262,1.1700220746515044,2.454222678937754,653,2003.11.08.21.01.44,30.241187384044526,False,0.05955326600808597
-0.1174224853515625,0.08242131061580563,0.278,-0.685,0.14362346187327515,0.963,1.9418223801573782,0.4508848481533927,-0.05736250472751597,1.1649384901380024,2.258993335996342,654,2003.11.08.21.11.44,30.287569573283857,False,0.013473168198928964
-0.11726098632812501,0.0834258293520766,0.25,-0.5405,0.14403261542833945,0.7905,1.731288267760818,0.2455128646064073,-0.055465305876331694,1.1682605838555697,2.0247176093014208,655,2003.11.08.21.21.44,30.333951762523192,False,0.03948029100538808
-0.11730617675781249,0.0849948720536588,0.26,-0.5665,0.14500416632737206,0.8265,1.7854500771748643,0.27670131469738046,-0.042496006426962885,1.1698140842664508,2.09276369909091,656,2003.11.08.21.31.44,30.380333951762523,False,0.10311382130872943
-0.11758925781249999,0.08322727635370936,0.315,-0.5705,0.14420098306792745,0.8855000000000001,2.173484263802658,0.31769431480571964,-0.04042651308079388,1.1670704285652036,2.542614208771684,657,2003.11.08.21.41.44,30.426716141001855,False,0.06511045260681536
-0.1172571533203125,0.0841138160395428,0.2955,-0.6020000000000001,0.14446853457015255,0.8975000000000001,2.036532973810776,0.37438630141854357,-0.0454528679284827,1.16858886998951,2.384313515963888,658,2003.11.08.21.51.44,30.47309833024119,False,0.07310203858264375
-0.1172008056640625,0.08411604420982308,0.2895,-0.5445,0.1444160575101469,0.834,1.9873554007829304,0.28300545262838694,-0.07779945377444919,1.1704434094735345,2.3342012163482986,659,2003.11.08.22.01.44,30.519480519480517,False,0.092603729126219
-0.1173335693359375,0.08441843187038367,0.2845,-0.6655,0.14471125718715216,0.95,1.9519601204482497,0.459745153951973,-0.0713646234882028,1.1691115305015098,2.28886734325689,660,2003.11.08.22.11.44,30.565862708719855,False,0.061771290073702745
-0.1173806884765625,0.08317013446954605,0.2955,-0.6275,0.14400756214568078,0.923,2.0336918116815927,0.42435598042434064,-0.0619625039131391,1.1667464128369045,2.381506949830228,661,2003.11.08.22.21.44,30.612244897959183,False,0.05704213359543142
-0.1171281982421875,0.08328947827569107,0.2525,-0.587,0.14385484767116613,0.8394999999999999,1.757161979755955,0.3469400804631497,-0.04545110969477302,1.1670523095043475,2.049678660266702,662,2003.11.08.22.31.44,30.658627087198514,False,0.055540293979216004
-0.11631396484374999,0.08422603182309532,0.2555,-0.594,0.14375102039399323,0.8495,1.7671315795328466,0.3454648269239433,-0.07110365865472867,1.1710099384106845,2.0745881969656765,663,2003.11.08.22.41.44,30.70500927643785,False,0.09042728582646259
-0.11718642578125002,0.08493508062745651,0.276,-0.593,0.14485492058535915,0.869,1.9035463994456636,0.3625359080046011,-0.05284942513634579,1.1713568294230543,2.2306152244896262,664,2003.11.08.22.51.44,30.75139146567718,False,0.10041577542424684
-0.1169433837890625,0.08302483522605231,0.2905,-0.613,0.143554186060828,0.9035,2.0205008462796354,0.2782479945114944,-0.07605824761815945,1.168399597369643,2.362542886208057,665,2003.11.08.23.01.44,30.79777365491651,False,0.07229403779918964
-0.1171093505859375,0.0832355041168551,0.26249999999999996,-0.5155000000000001,0.1438218743225931,0.778,1.8319987321528215,0.2584517851537742,-0.037895400266813165,1.166772254946697,2.1335438686161026,666,2003.11.08.23.11.44,30.844155844155846,False,0.02838682820902838
-0.1167012939453125,0.08426134467277324,0.383,-0.6114999999999999,0.14405214420942913,0.9944999999999999,2.6440573272963146,0.34663737949972084,-0.020521928170147138,1.17018249444058,3.101281045866922,667,2003.11.08.23.21.44,30.890538033395178,True,-0.031266581732318
-0.116857373046875,0.08468869796472658,0.3185,-0.6655,0.14447469991451434,0.984,2.190786189504496,0.49337033625094207,-0.07120016121089193,1.1710737002255138,2.573567916855948,668,2003.11.08.23.31.44,30.936920222634505,False,0.056491551194858936
-0.11656171875000002,0.08259194907608529,0.244,-0.496,0.14300389052923684,0.74,1.6970300984434732,0.1416452001269255,-0.034672851968139254,1.1669020345049819,1.985105970563306,669,2003.11.08.23.41.44,30.983302411873844,True,-0.03206349067027536
-0.1172876953125,0.08244121893361747,0.2395,-0.5455,0.14352630737825434,0.7849999999999999,1.6688557742044736,0.1776126506933975,-0.01684508233023866,1.1638931700504866,1.942276147645169,670,2003.11.08.23.51.44,31.02968460111317,True,-0.03684552811047748
-0.11709809570312499,0.08362693040047231,0.2555,-0.587,0.14403967670000972,0.8425,1.7634232745953404,0.3095019906113723,-0.06141188943938353,1.1687638989860538,2.0660009798033787,671,2003.11.09.00.01.44,31.076066790352503,False,0.08941035882888959
-0.11650109863281251,0.08365433602930156,0.3395,-0.614,0.14355623263414935,0.9535,2.3540573337670847,0.3280205917301364,-0.052968171137266096,1.1704242774270992,2.761381764565731,672,2003.11.09.00.11.44,31.122448979591837,False,0.04063569320971816
-0.11644365234375,0.08256587397504395,0.239,-0.5055000000000001,0.14291128817042814,0.7445,1.6678745716896448,0.16934821302510317,-0.022601481618653312,1.1661286640366895,1.9474267651404453,673,2003.11.09.00.21.44,31.16883116883117,True,-0.047738559195914076
-0.116938037109375,0.08202785370928414,0.276,-0.6020000000000001,0.14299350781514367,0.8780000000000001,1.9212869592488002,0.4135974749343492,-0.08714226527661617,1.1666204232848973,2.246456973936838,674,2003.11.09.00.31.44,31.2152133580705,False,0.04005296285065385
-0.117003173828125,0.08166839373485982,0.2585,-0.5725,0.1428153429074529,0.831,1.8064904697176982,0.2676943184023106,-0.04595839423645793,1.1638856069320394,2.104311514363224,675,2003.11.09.00.41.44,31.261595547309835,False,0.055869847384396154
-0.11706328125000001,0.0823989804346226,0.28700000000000003,-0.516,0.14329048642080558,0.8029999999999999,1.9952912376730276,0.2842456796742747,-0.05041543678982612,1.166794669332051,2.3328311554720678,676,2003.11.09.00.51.44,31.307977736549162,False,0.04474608498645605
-0.1171281494140625,0.08349986808726699,0.249,-0.632,0.14398398846588445,0.881,1.735044042206895,0.3336682968903504,-0.06829609930390285,1.1685389338438947,2.0247090587310086,677,2003.11.09.01.01.44,31.3543599257885,False,0.06583465817961598
-0.11671560058593751,0.08337873647181471,0.3135,-0.54,0.14361053978309274,0.8535,2.177099768657879,0.4178918384882482,-0.05938356640218141,1.167908322956819,2.545804558716396,678,2003.11.09.01.11.44,31.40074211502783,False,0.045763585354410496
-0.11685207519531249,0.08378253006896641,0.3235,-0.5675,0.14391929747638701,0.891,2.2448886737983287,0.3377695633680411,-0.024260846852919456,1.169062306367938,2.6261077749749444,679,2003.11.09.01.21.44,31.44712430426716,False,0.03859051000283642
-0.1176718994140625,0.08438416988042961,0.2525,-0.571,0.14494765751543903,0.8235,1.7385081638566726,0.4270259516661121,-0.0834301835631168,1.1688242284005534,2.033779725331011,680,2003.11.09.01.31.44,31.493506493506494,False,0.03728008913974101
-0.11722727050781251,0.08410751784621986,0.271,-0.5435,0.14442247260854002,0.8145,1.8733760799080166,0.27033777999099873,-0.03967285553318885,1.1685784937266717,2.1905070260299375,681,2003.11.09.01.41.44,31.539888682745826,False,0.06450511626270694
-0.11708361816406249,0.0840704790267919,0.317,-0.6054999999999999,0.1442797816245213,0.9224999999999999,2.1746255545277355,0.40598395156068445,-0.06474338481977135,1.1699334308932752,2.5551830932793647,682,2003.11.09.01.51.44,31.586270871985157,False,0.08229709185542183
-0.11730869140625,0.08343685634154666,0.2175,-0.6739999999999999,0.14412127969522492,0.8915000000000001,1.501149445977748,0.2930211761748769,-0.09170113125405596,1.1693472537943097,1.7595270676769506,683,2003.11.09.02.01.44,31.63265306122449,True,-0.030529551381518583
-0.11677290039062499,0.08335389030200813,0.2915,-0.516,0.1436305813441392,0.8075000000000001,2.024648143306272,0.28331431060199663,-0.028147628370521604,1.1676813523351142,2.3668292818792867,684,2003.11.09.02.11.44,31.679035250463823,False,0.03181392917718506
-0.117392724609375,0.08363810522569437,0.32199999999999995,-0.57,0.14429394402245233,0.8919999999999999,2.2264032027790854,0.3342237582680707,-0.04823407873556841,1.167555941875356,2.6023114471136526,685,2003.11.09.02.21.44,31.72541743970315,False,0.06900670645845197
-0.116998388671875,0.08317031372384445,0.259,-0.6495,0.14372116319749603,0.9085000000000001,1.803216243110605,0.28413221279664436,-0.028079902920492728,1.1669107498073275,2.1036151244220496,686,2003.11.09.02.31.44,31.77179962894249,False,0.02755506508965555
-0.11729562988281249,0.08310868482301781,0.3115,-0.526,0.14391756303591638,0.8374999999999999,2.142208966035194,0.18488826468069397,-0.031079838035677237,1.1670620741086901,2.512442715917063,687,2003.11.09.02.41.44,31.818181818181817,False,0.025068035980822412
-0.11660869140625002,0.08202646860744062,0.2635,-0.5505,0.1427368886813813,0.8140000000000001,1.8398865104821902,0.19950969089061332,-0.036371244112958376,1.1655930914213486,2.1481273695495284,688,2003.11.09.02.51.44,31.864564007421148,False,0.04141348718471283
-0.117112548828125,0.08246804137331998,0.236,-0.607,0.1433912385299883,0.843,1.6451148072036943,0.27425303820994307,-0.0601052638603299,1.1663510982741616,1.9191539925884793,689,2003.11.09.03.01.44,31.910946196660483,False,0.02020148517596121
-0.117259130859375,0.08335896099887233,0.244,-0.5505,0.14400513588084782,0.7945,1.695938643977855,0.2948513028028932,-0.04798841280485122,1.1673593111288723,1.9789523887526919,690,2003.11.09.03.11.44,31.957328385899814,False,0.03705169894799121
-0.11733483886718749,0.08282716535147427,0.22799999999999998,-0.6005,0.1437716732724981,0.8285,1.5851505425565404,0.2869582899659897,-0.04505750918967571,1.1660242450730212,1.8486533828400646,691,2003.11.09.03.21.44,32.00371057513915,False,0.0009211350242426253
-0.11710307617187499,0.08319369659715653,0.33799999999999997,-0.6095,0.14380089711376262,0.9475000000000001,2.348871205939309,0.3425023654182353,-0.0663199076916634,1.1682501814134227,2.7449512792802304,692,2003.11.09.03.31.44,32.050092764378476,False,0.0479877991762665
-0.1171592041015625,0.08387829937125574,0.2515,-0.6114999999999999,0.1442494089499629,0.863,1.7409678767973027,0.23445042288601603,-0.0570593361874728,1.1695932489275798,2.0376928976923923,693,2003.11.09.03.41.44,32.09647495361781,False,0.06695941517977344
-0.11696340332031249,0.08373615392166944,0.267,-0.61,0.14397144584315116,0.877,1.8493641318788936,0.2071539410996115,-0.05320287446313006,1.170101467905197,2.1666704048526273,694,2003.11.09.03.51.44,32.142857142857146,False,0.07343583058918157
-0.1171285888671875,0.08347382079293947,0.3005,-0.558,0.1439700885100263,0.8585,2.090718277139418,0.3586057453218263,-0.05061218600358474,1.1684338552207114,2.440812234561908,695,2003.11.09.04.01.44,32.18923933209648,False,0.07379358995118235
-0.11690104980468749,0.08299288095867294,0.2465,-0.5674999999999999,0.14350765128080162,0.814,1.708967040945361,0.2916894874377127,-0.06154266134270775,1.168233129780319,2.000880255898711,696,2003.11.09.04.11.44,32.23562152133581,False,0.05762786660775532
-0.11724599609375,0.08270693112520933,0.266,-0.6315,0.14367077765543163,0.8975,1.848390538035165,0.46833294124134506,-0.07497939670708946,1.1662645041331785,2.1575168290355524,697,2003.11.09.04.21.44,32.28200371057514,False,0.041617451007268325
-0.1174091796875,0.08347541499704741,0.2565,-0.548,0.14420135650064814,0.8045,1.7868361484929804,0.23576933979882875,-0.06469554872957146,1.1682077721703004,2.0834357627138234,698,2003.11.09.04.31.44,32.32838589981447,False,0.07037913967624565
-0.1168171875,0.08300752886071293,0.2685,-0.608,0.14347763713245448,0.8765,1.8577180304448522,0.2666854763799609,-0.05261829068474715,1.167898651470459,2.1773934495686147,699,2003.11.09.04.41.44,32.3747680890538,False,0.0743578027277576
-0.11771623535156252,0.08502890533913031,0.22250000000000003,-0.619,0.14535858748478117,0.8415,1.5188576324139191,0.33473749612010173,-0.0831401485165176,1.1706671951894232,1.784453719302745,700,2003.11.09.04.51.44,32.42115027829314,False,0.017084735438391396
-0.1170042236328125,0.08387942458133872,0.2565,-0.5385,0.1441106104679526,0.795,1.7692187326002218,0.23003592551239138,-0.0688668199250135,1.1700411494475258,2.0749877277955444,701,2003.11.09.05.01.44,32.467532467532465,False,0.06987423582260088
-0.11725544433593751,0.08312528128486182,0.304,-0.569,0.14385949278052967,0.873,2.1272891869061694,0.22594360001763403,-0.047593630823287804,1.1675524290443366,2.477202119407556,702,2003.11.09.05.11.44,32.513914656771796,False,0.08129643779040524
-0.11717509765624999,0.08278989697996972,0.256,-0.5615,0.14359898063807897,0.8175,1.780775005368715,0.22158418067243235,-0.041313819579306375,1.1666723736884217,2.0785669257322947,703,2003.11.09.05.21.44,32.560296846011134,False,0.049523951479853
-0.1166346435546875,0.0831705466293158,0.2855,-0.5834999999999999,0.1434191927156035,0.869,1.9848654129310292,0.25875354095518044,-0.03770185261118723,1.16805235794791,2.3213822235299135,704,2003.11.09.05.31.44,32.606679035250465,False,0.08175414452842694
-0.1172812255859375,0.08371508318651769,0.397,-0.6114999999999999,0.14423551104316407,1.0085,2.7536140308649877,0.49859758061388915,-0.047501440378953125,1.169505790305141,3.219687028986904,705,2003.11.09.05.41.44,32.6530612244898,True,-0.0693065344113587
-0.11687827148437499,0.08380833619081944,0.2975,-0.64,0.1439891635002849,0.9375,2.057510752412578,0.3975248451830269,-0.05995351878892147,1.168884906233409,2.4096681569869904,706,2003.11.09.05.51.44,32.69944341372913,False,0.06559326461962411
-0.11741376953125,0.08293156157887738,0.2895,-0.6265000000000001,0.14388642204610994,0.916,2.0029693756419893,0.36778825512095503,-0.049106923161334734,1.165902838786024,2.3402232469003263,707,2003.11.09.06.01.44,32.74582560296846,False,0.05701877077206274
-0.1167868896484375,0.08233373214911607,0.2745,-0.541,0.14305685458756823,0.8155000000000001,1.91022991454729,0.2432258269676697,-0.04227154862528354,1.1655485065182747,2.231054811854831,708,2003.11.09.06.11.44,32.7922077922078,False,0.05704354582346993
-0.1167628173828125,0.08249285183734491,0.255,-0.609,0.14311391314953303,0.864,1.785194631603293,0.17991949483292347,-0.026606692289767864,1.1665393370293913,2.0808567668675586,709,2003.11.09.06.21.44,32.83858998144712,False,0.016060819287979644
-0.1171087890625,0.08393679514661712,0.306,-0.6619999999999999,0.1442373945886649,0.968,2.1212271888437613,0.36345031791016136,-0.06583637517728512,1.1695696657491155,2.48107275620237,710,2003.11.09.06.31.44,32.88497217068645,False,0.07262535581478724
-0.1168400390625,0.08412568718671527,0.226,-0.6295,0.1441142854824881,0.8554999999999999,1.5609985071126102,0.27780319823903477,-0.08511280435651555,1.1720632931679291,1.833194371769324,711,2003.11.09.06.41.44,32.93135435992579,False,0.01885176345705697
-0.1171640380859375,0.08338368174864771,0.244,-0.6174999999999999,0.14397122006988586,0.8614999999999999,1.6896227021863715,0.3679803455528323,-0.0488856405574487,1.1674025256454794,1.9755351630356806,712,2003.11.09.06.51.44,32.97773654916512,False,0.03352254523191067
-0.1171885009765625,0.08385614199934961,0.2855,-0.5469999999999999,0.1442791763379737,0.8325,1.9783368514910749,0.24474231108495892,-0.04005086517588989,1.1684599305545214,2.3118358501749157,713,2003.11.09.07.01.44,33.024118738404454,False,0.08829748799237952
-0.11564460449218751,0.08435533641739258,0.3285,-0.7164999999999999,0.1432943434959485,1.045,2.291902124612255,0.5763437543034557,-0.07378369481627137,1.1722981864572604,2.6870990656322062,714,2003.11.09.07.11.44,33.070500927643785,True,-0.0202045535055827
-0.11729523925781249,0.08242477942240695,0.259,-0.552,0.14355085775801713,0.8109999999999999,1.7975031528081016,0.21360914462636327,-0.0557173040194895,1.1660075918888664,2.100068825363965,715,2003.11.09.07.21.44,33.116883116883116,False,0.05965141898672721
-0.11698605957031251,0.08262084411277884,0.26849999999999996,-0.548,0.14338054889862806,0.8165,1.8781954861532677,0.21429998589383858,-0.041406837249915965,1.1670864285860048,2.188794600210817,716,2003.11.09.07.31.44,33.16326530612245,False,0.052059318871599425
-0.11686079101562502,0.08418993332913623,0.2465,-0.625,0.14418401811270976,0.8715,1.6952950932989606,0.2677984002469207,-0.07669985480720799,1.170888785130034,1.9917311948299647,717,2003.11.09.07.41.44,33.209647495361786,False,0.06898642176975656
-0.11745004882812499,0.08366762762768787,0.293,-0.5495,0.1443688326494601,0.8425,2.0195226619017346,0.21347188374310644,-0.01556352116785657,1.166481565300533,2.360728111257821,718,2003.11.09.07.51.44,33.25602968460111,False,0.052963265718855235
-0.1169456298828125,0.08367602161398068,0.3415,-0.613,0.14392615493156383,0.9544999999999999,2.37384703863333,0.4250793627937066,-0.04523649256314065,1.169216461409674,2.775089266881407,719,2003.11.09.08.01.44,33.30241187384044,False,0.021480589964981922
-0.11822670898437498,0.08522331747129921,0.293,-0.5994999999999999,0.14590408783904135,0.8925,1.9941734676786695,0.33681330318504843,-0.05609456621170299,1.1702341783174184,2.3416312306076015,720,2003.11.09.08.11.44,33.34879406307978,False,0.11180473071452468
-0.1175748779296875,0.08450560624226379,0.259,-0.6154999999999999,0.14494146849962516,0.8745,1.7932901640430656,0.4120782456793348,-0.06743113218247579,1.1703520657476714,2.0951145864624294,721,2003.11.09.08.20.39,33.39517625231911,False,0.07687566701600312
-0.1177311279296875,0.08283932063627145,0.2295,-0.6345,0.1440855096482735,0.8639999999999999,1.5884646525566062,0.27070950384985415,-0.060936753297824664,1.1665288603010557,1.8551310992702388,722,2003.11.09.08.25.58,33.44155844155844,False,0.00452412110405942
-0.11771772460937499,0.08350648726435009,0.33299999999999996,-0.6699999999999999,0.14449935126855096,1.0030000000000001,2.296385042804919,0.3800336560583748,-0.04990478295433817,1.1677572674254209,2.6857236564847025,723,2003.11.09.08.35.58,33.48794063079777,False,0.01460108851467512
-0.11863041992187501,0.08467839008791946,0.271,-0.6885,0.14589406147234124,0.9595,1.850458837359663,0.41697445620120366,-0.10216340028733939,1.1696690620416694,2.1676362746520654,724,2003.11.09.08.45.58,33.534322820037104,False,0.015231304162455772
-0.11747744140625,0.0828724724925071,0.2145,-0.5335000000000001,0.14390755924971965,0.748,1.4915540177730258,0.27322172672305256,-0.05900344217971998,1.166476283179362,1.739357023696167,725,2003.11.09.08.55.58,33.58070500927644,True,-0.03489734162284208
-0.117025048828125,0.08317462806795498,0.29300000000000004,-0.609,0.14371954943946758,0.902,2.0370496829160847,0.3357133361310227,-0.028214013546527177,1.1664467462088068,2.376913961997894,726,2003.11.09.09.05.58,33.62708719851577,False,0.058661677065386275
-0.1185440673828125,0.08462297693692236,0.244,-0.5905,0.14579561884436695,0.8345,1.6737322029746604,0.3117793224278782,-0.07643545947876002,1.1693213337446535,1.957055101384384,727,2003.11.09.09.15.58,33.6734693877551,False,0.05644888097400047
-0.1168126220703125,0.08299212724750671,0.28200000000000003,-0.6045,0.14345461379865365,0.8865,1.955751685438528,0.3350359005715817,-0.06342144847158496,1.1681388222557894,2.2893825508647665,728,2003.11.09.09.25.58,33.71985157699444,False,0.08852150241313395
-0.1167341064453125,0.08486452837695614,0.25,-0.53,0.14450468224688878,0.78,1.7255217464049863,0.27721359376423726,-0.051911843734477464,1.1714209998916734,2.0239899532845103,729,2003.11.09.09.35.58,33.76623376623377,False,0.04621982633506816
-0.11848244628906249,0.0838870600492651,0.28300000000000003,-0.5715,0.1453565460740251,0.8545,1.9389611954806556,0.2893763258781943,-0.038299934466683457,1.1666371328340857,2.2665129145868854,730,2003.11.09.09.45.58,33.8126159554731,False,0.08232434072558587
-0.117068310546875,0.08329035862943852,0.2345,-0.565,0.14382869063128662,0.7994999999999999,1.6256569543603792,0.37284590447567023,-0.050223831543466824,1.1663955119843772,1.8987818776874628,731,2003.11.09.09.55.58,33.85899814471243,True,-0.0005618471468208375
-0.1162449951171875,0.08388350647190385,0.2645,-0.7555000000000001,0.14349885500411275,1.02,1.8345837520445172,0.5128160815787615,-0.08948027681591525,1.170845460334716,2.152522442422881,732,2003.11.09.10.05.58,33.90538033395176,True,-0.03486618734945368
-0.11824780273437499,0.0835159345150652,0.2505,-0.521,0.14491743156514722,0.7715000000000001,1.7294600722455238,0.2551204041343824,-0.06283548917976722,1.167336769346723,2.018341139220884,733,2003.11.09.10.15.58,33.95176252319109,False,0.029308578208600666
-0.11611064453125,0.08351942291789446,0.28049999999999997,-0.6125,0.14318641437554686,0.893,1.9457343322535041,0.3671666862957865,-0.0712558364809718,1.170018424412985,2.2836344830673814,734,2003.11.09.10.25.58,33.99814471243043,False,0.07237113431911246
-0.11705476074218751,0.08298314829893107,0.265,-0.69,0.14362485774210604,0.955,1.8429557007318929,0.36612777410996,-0.09201461421072009,1.1686074530167958,2.154625715218746,735,2003.11.09.10.35.58,34.044526901669755,False,0.022840604520561913
-0.1182341064453125,0.08369015105621655,0.265,-0.515,0.14499141352126804,0.78,1.8222650155672966,0.22987896660768992,-0.02845308537618351,1.16545788330076,2.1264945090452194,736,2003.11.09.10.45.58,34.090909090909086,False,0.008836172948798238
-0.1168160888671875,0.08475296201735047,0.271,-0.6265000000000001,0.14445091016537695,0.8975,1.872635852265434,0.3180775057043468,-0.0712847225183473,1.1722486126833722,2.1968845379450137,737,2003.11.09.10.55.58,34.137291280148425,False,0.1129028793907435
-0.116780712890625,0.0829829336192397,0.3075,-0.5680000000000001,0.14339974755188634,0.8755000000000001,2.1504907593457268,0.2807683681399358,-0.03276600428534144,1.166264010490138,2.505295478880769,738,2003.11.09.11.05.58,34.183673469387756,False,0.06613171046583433
-0.11772634277343749,0.08328096050620573,0.27,-0.6040000000000001,0.14438248614303278,0.8740000000000001,1.8656115583418043,0.33114285150434997,-0.0431475351304926,1.166312372745724,2.178191231931604,739,2003.11.09.11.15.58,34.23005565862709,False,0.07400328329739247
-0.11687880859375001,0.0840479337596169,0.267,-0.542,0.14411605027407065,0.8089999999999999,1.8460710404574554,0.3021422225563437,-0.07646697789458148,1.1704213511941453,2.164427255818436,740,2003.11.09.11.25.58,34.27643784786642,False,0.08062567538962634
-0.1172069580078125,0.08388574026947579,0.27349999999999997,-0.5965,0.14427687088567506,0.8699999999999999,1.892097426213605,0.2625267528055575,-0.07194474639555015,1.1704762554542023,2.216471714945154,741,2003.11.09.11.35.58,34.32282003710575,False,0.09040719404700498
-0.1183859375,0.08231379013673346,0.2575,-0.5429999999999999,0.14432549180764118,0.8005,1.7830558309071884,0.2664507595892489,-0.03913702775451561,1.1633399372759698,2.07478824752792,742,2003.11.09.11.45.58,34.36920222634509,False,0.02877391459027767
-0.11708115234375,0.08317191778515562,0.243,-0.6775,0.14379309873028834,0.9205,1.6851821992413658,0.36341932774615815,-0.02644614864008946,1.1662562388734568,1.9678375606141167,743,2003.11.09.11.55.58,34.41558441558442,True,-0.02779502710722992
-0.11724228515625001,0.08264492829471429,0.248,-0.669,0.14357041606518461,0.917,1.7292503558326189,0.3747798172946779,-0.05554740382295187,1.166349070437477,2.0160279593238606,744,2003.11.09.12.05.58,34.46196660482374,False,0.007425745980387255
-0.1178989501953125,0.0825546335877113,0.26,-0.53,0.14412294497964923,0.7899999999999999,1.798100423479676,0.14117165005208943,-0.020034901185852834,1.1635198471199546,2.0954017351678633,745,2003.11.09.12.15.58,34.50834879406308,True,-0.009094353457850701
-0.11686806640625,0.08406022213476251,0.2465,-0.6054999999999999,0.14412008817476518,0.852,1.6993670325562111,0.28642535351624776,-0.0866589096528379,1.1711229914920542,1.996125070509332,746,2003.11.09.12.25.58,34.55473098330241,False,0.06168290500716478
-0.11683220214843751,0.08319973831446661,0.264,-0.5605,0.14357826371728222,0.8245,1.8299552394299585,0.26092273528476073,-0.04483534986097653,1.1671617518575548,2.139636478968493,747,2003.11.09.12.35.58,34.601113172541744,False,0.07921967377798295
-0.118352783203125,0.0848235732393306,0.2575,-0.5225,0.14576626127378914,0.78,1.7579761535875786,0.2560771400327506,-0.06079803237825486,1.1697885212621868,2.0612551589841166,748,2003.11.09.12.45.58,34.647495361781075,False,0.06692593158970805
-0.116576806640625,0.08234504812058994,0.26,-0.5665,0.1428794105953467,0.8265,1.8233805637610525,0.22474536497961495,-0.0531613472173076,1.1668990439475186,2.126023879940927,749,2003.11.09.12.55.58,34.69387755102041,False,0.06587627367076987
-0.11692763671875,0.08289571462610137,0.2885,-0.625,0.14348012284144962,0.9135,2.003523696148461,0.3562928515110708,-0.04112407609441496,1.1664067687381436,2.3407315911329043,750,2003.11.09.13.05.58,34.74025974025974,False,0.05155333653620808
-0.1181743408203125,0.08260697911249035,0.2415,-0.654,0.14432617813701942,0.8955,1.6671942765346186,0.34726477309556225,-0.06225537214921227,1.1646406270416012,1.9448912731135768,751,2003.11.09.13.15.58,34.786641929499076,False,0.020530364686421776
-0.11684189453125,0.08254954762133385,0.23950000000000002,-0.5895,0.1432199593336998,0.8290000000000001,1.6652266720382787,0.38039203109343656,-0.07834254785600986,1.1668112683117937,1.9464893006147443,752,2003.11.09.13.25.58,34.8330241187384,False,0.01756515567122119
-0.11715078125,0.08265258931857823,0.226,-0.574,0.143503189884533,0.7999999999999999,1.5750864458733196,0.21061623150232633,-0.018448366534242408,1.1652011111285092,1.8351786150246188,753,2003.11.09.13.35.58,34.87940630797773,True,-0.05082769317643321
-0.11809353027343751,0.08146114322688713,0.2135,-0.5015000000000001,0.14361528680059998,0.715,1.4829031629991847,0.14917727836588157,-0.025661081028826378,1.1619232800366652,1.7250903269430187,754,2003.11.09.13.45.58,34.92578849721707,True,-0.10023946155932006
-0.1169173828125,0.08280240901747529,0.3015,-0.5885,0.14340202137869415,0.89,2.115780722893593,0.23194354063993283,-0.06711786609285457,1.168666368562501,2.465991449359311,755,2003.11.09.13.55.58,34.9721706864564,False,0.07026954678625286
-0.11709143066406251,0.08271924684569532,0.254,-0.5615,0.14349327836795145,0.8155,1.7614704829206356,0.2896318346855866,-0.04798449306988954,1.1656961290880568,2.0571449027848283,756,2003.11.09.14.05.58,35.01855287569573,False,0.05399769450096903
-0.1184947265625,0.08293660010460324,0.2575,-0.5640000000000001,0.1447844598005317,0.8214999999999999,1.77448761134778,0.25237234434636346,-0.050992673460771194,1.1649669330918384,2.0690652623032078,757,2003.11.09.14.15.58,35.064935064935064,False,0.05752451067277631
-0.116675830078125,0.0823799797842764,0.22949999999999998,-0.532,0.142989187219549,0.7615,1.5939828772056008,0.19143579020875978,-0.04339300051597017,1.1663789523713395,1.8648530660539593,758,2003.11.09.14.25.58,35.111317254174395,True,-0.04100294327101073
-0.11671828613281249,0.08223960738730851,0.264,-0.658,0.14291575275420065,0.922,1.8443237406442181,0.3919076597639817,-0.09216633448661352,1.167736120841877,2.1553406648972917,759,2003.11.09.14.35.58,35.15769944341373,False,0.025034983997893057
-0.11747880859375001,0.08214503878509688,0.2355,-0.624,0.1434887855065529,0.8594999999999999,1.6399558970756927,0.2010203696771624,-0.053231251851150914,1.1658708694502806,1.9126241659891847,760,2003.11.09.14.45.58,35.204081632653065,True,-0.021362655708085487
-0.1170451171875,0.08270543078540205,0.2515,-0.603,0.14345575754516904,0.8545,1.7506155257472007,0.42296532584156177,-0.07662013910881392,1.1662882124463019,2.0430743906929307,761,2003.11.09.14.55.58,35.25046382189239,False,0.038846199714014484
-0.1167802734375,0.08328833702972238,0.23049999999999998,-0.553,0.143592193991484,0.7835000000000001,1.604950073478223,0.21184453469266207,-0.04109266730255761,1.1669578888236543,1.873055349909858,762,2003.11.09.15.05.58,35.29684601113173,True,-0.018169068858851722
-0.11823098144531251,0.0831467816465403,0.2425,-0.4965,0.14469108622916926,0.739,1.6711842686966487,0.19933273864176626,0.007349890353188107,1.1634423893615349,1.94717873237692,763,2003.11.09.15.15.58,35.34322820037106,True,-0.04950768750576473
-0.11707443847656251,0.08256342188765052,0.29300000000000004,-0.5954999999999999,0.14341110679275282,0.8885000000000001,2.0413591609977213,0.350575018081414,-0.06836082847627832,1.1664550546222978,2.382158209486937,764,2003.11.09.15.25.58,35.38961038961039,False,0.07499891258892
-0.1170008056640625,0.08373434887385822,0.2575,-0.5545,0.14402466520028068,0.812,1.7878296862645364,0.26739238748909133,-0.057874772436003925,1.1689336756266646,2.089884225024554,765,2003.11.09.15.35.58,35.43599257884972,False,0.07944710165615976
-0.11767685546875001,0.08226391432737531,0.244,-0.5185,0.14375161573546086,0.7625,1.6850146240445159,0.14123963339088608,-0.030110650397634213,1.164598523636859,1.969205757867023,766,2003.11.09.15.45.58,35.48237476808905,True,-0.03500268003716578
-0.11657412109375001,0.08252845460488217,0.23900000000000002,-0.5900000000000001,0.14300341755739185,0.829,1.6641816567060745,0.276996077411803,-0.08313814659670717,1.1679363643649316,1.94753562615877,767,2003.11.09.15.55.58,35.52875695732838,False,0.022185174668026497
-0.117291162109375,0.08138437852616122,0.2575,-0.5185,0.14290942671867307,0.7759999999999999,1.794821514018187,0.2708578283246301,-0.06459814418089958,1.1641956098755388,2.093431768731993,768,2003.11.09.16.05.58,35.57513914656772,False,0.023386241784728923
-0.11745124511718749,0.08307648708300713,0.2455,-0.5895,0.14401148712641013,0.835,1.7056109656885354,0.25499667713591534,-0.04086417069575271,1.1667048553535433,1.9894304813332075,769,2003.11.09.16.15.58,35.621521335807046,False,0.03038774854585602
-0.1166488037109375,0.08280648955038321,0.28600000000000003,-0.629,0.14320046115773405,0.915,1.9954706778870723,0.33205870014482697,-0.05924291054544381,1.167636137607965,2.3308960726723758,770,2003.11.09.16.25.58,35.667903525046384,False,0.07207648836627223
-0.117187158203125,0.08304085946473586,0.2405,-0.652,0.14376946490415213,0.8925000000000001,1.6742777028221507,0.307577727725197,-0.05717275877068366,1.1669788303460376,1.953152070457822,771,2003.11.09.16.35.58,35.714285714285715,False,0.023272617736814993
-0.11852062988281249,0.08303299369892375,0.3125,-0.5275000000000001,0.14486438592243056,0.8400000000000001,2.1452437892183966,0.25409738632573253,-0.05275905304510324,1.1656302685034343,2.5072186032335346,772,2003.11.09.16.45.58,35.76066790352505,False,0.050174734861438974
-0.117156787109375,0.08219262302202662,0.22949999999999998,-0.6275,0.1432728137253823,0.857,1.6063015361045614,0.26359221793738374,-0.04197740514189932,1.1637125555876278,1.8668429206356552,773,2003.11.09.16.55.58,35.80705009276438,True,-0.023043005965285968
-0.117604736328125,0.08238423781447349,0.26,-0.565,0.14372378355581572,0.825,1.805146599500048,0.23059449114465513,-0.03717216321959171,1.1648083194465664,2.1045108712805827,774,2003.11.09.17.05.58,35.85343228200371,False,0.04536297417057433
-0.1184818359375,0.08306637367845868,0.321,-0.5335000000000001,0.1448628383726171,0.8545,2.204251034181524,0.2528533372011854,-0.013673601195157589,1.164204719883303,2.5722831202236343,775,2003.11.09.17.15.58,35.89981447124304,False,0.022035386580295357
-0.1170239013671875,0.08273664178218924,0.2635,-0.587,0.14346692041504744,0.8505,1.8239288784205194,0.3600677934288148,-0.06151897230049597,1.167381952220682,2.136150853396082,776,2003.11.09.17.25.58,35.94619666048238,False,0.07121819506684879
-0.11746259765625,0.08246069121688335,0.248,-0.5715,0.1436400287674336,0.8195,1.7154074979535001,0.19510605649261326,-0.05131454898817785,1.165453664241924,2.004677517130121,777,2003.11.09.17.35.58,35.99257884972171,False,0.0295560607600871
-0.11760373535156249,0.08248040242139494,0.2405,-0.5640000000000001,0.1437776747223045,0.8045,1.667332374635928,0.2547531298384911,-0.03219823301559667,1.165240294164204,1.9457704953342843,778,2003.11.09.17.45.58,36.038961038961034,True,-0.0023275600922932904
-0.11729797363281252,0.08287474007265808,0.266,-0.7115,0.14378085212803232,0.9775,1.838999091783034,0.3232260225746393,-0.0897294457475063,1.168341781869315,2.154262112902484,779,2003.11.09.17.55.58,36.08534322820037,True,-0.0019482275046950326
-0.1174788818359375,0.0826694983738868,0.25,-0.609,0.14378561315961771,0.859,1.7303500627633412,0.318080954733716,-0.032156573398987115,1.1644579203015906,2.0189151205327462,780,2003.11.09.18.05.58,36.131725417439704,False,0.030309164122786725
-0.11770146484374999,0.08253632886356618,0.238,-0.5565,0.14391803730485753,0.7945,1.6571326441464627,0.24079595564991396,-0.04528382194544191,1.1650713618720192,1.9289306126985553,781,2003.11.09.18.15.58,36.178107606679035,True,-0.004236273710440663
-0.115560205078125,0.08271908002505829,0.299,-0.5825,0.14227549578163745,0.8815,2.092519618973894,0.242680431011973,-0.053633349674431355,1.1704911103691562,2.453700808344398,782,2003.11.09.22.02.15,36.224489795918366,False,0.07459331374880063
-0.11722219238281249,0.08358845400865121,0.2855,-0.546,0.14410770163133624,0.8315,1.9871627767568185,0.23145958274328127,-0.062314935208437,1.1689292527832433,2.3200501830871287,783,2003.11.09.22.05.58,36.2708719851577,False,0.09722503389758397
-0.11678100585937501,0.08355230985663911,0.275,-0.6065,0.14376005149725873,0.8815000000000001,1.9135793636210043,0.22385330329749564,-0.05717204933303606,1.1698940656463201,2.2382943631300645,784,2003.11.09.22.15.58,36.31725417439703,False,0.09145899344676461
-0.11733583984375,0.0829629820406152,0.21,-0.5640000000000001,0.1438206689676658,0.774,1.4544185542157981,0.17167214628548066,-0.05319738904403399,1.168070052911535,1.701641677769993,785,2003.11.09.22.25.58,36.36363636363637,True,-0.04951158534348399
-0.11720969238281251,0.0818073364298932,0.256,-0.619,0.1430758733620417,0.875,1.7826184978448318,0.27285928806243076,-0.05449461624658484,1.1651628692044094,2.0808882665938624,786,2003.11.09.22.35.58,36.4100185528757,False,0.048330705688679254
-0.11718454589843749,0.08164865467214855,0.2295,-0.509,0.14294081212370036,0.7384999999999999,1.605966029989942,0.2512487727777837,-0.04551619229051659,1.1640928671348663,1.8692847848930727,787,2003.11.09.22.45.58,36.45640074211503,True,-0.05745812298672881
-0.11716677246093751,0.08280482847619497,0.277,-0.5325,0.1435925030451496,0.8095000000000001,1.9144751138489662,0.2131613305282658,-0.052257992203965736,1.166987209815384,2.2418698836353,788,2003.11.09.22.55.58,36.50278293135436,False,0.05733262236659975
-0.11737783203125,0.08182909947206604,0.2955,-0.5685,0.14323226961609642,0.864,2.058734740493663,0.30091568482312203,-0.03976751341267236,1.1635281405055893,2.3979644134651408,789,2003.11.09.23.05.58,36.54916512059369,False,0.06524396183012326
-0.1174763427734375,0.08310322467582718,0.2785,-0.6095,0.1440745817455777,0.8880000000000001,1.9234661383220555,0.34309295944420026,-0.05576926171976621,1.1668801992646753,2.2498945760295337,790,2003.11.09.23.15.58,36.59554730983302,False,0.07597741004688896
-0.1169397216796875,0.08395804917250976,0.27849999999999997,-0.597,0.14409702385702516,0.8755000000000001,1.9265773916708677,0.43547485925433493,-0.06680205978421773,1.1692046766332318,2.2556478155149766,791,2003.11.09.23.25.58,36.641929499072354,False,0.07933954504210344
-0.11732844238281251,0.08262270288077375,0.2465,-0.515,0.14365317980129133,0.7615000000000001,1.710749228347718,0.2782246339003398,-0.041017841293129395,1.1658497500801264,1.9974283921867124,792,2003.11.09.23.35.58,36.688311688311686,True,-0.002374545940476147
-0.1168048095703125,0.08354849070009554,0.29300000000000004,-0.5945,0.14375162228601623,0.8875,2.0501915250830858,0.24024695408741903,-0.06364181949860741,1.1698951391932968,2.3915820226814404,793,2003.11.09.23.45.58,36.734693877551024,False,0.08860153639974999
-0.1173277099609375,0.08253969724444635,0.282,-0.5429999999999999,0.14357423166385386,0.825,1.9525992695333207,0.2482567594453271,-0.03834086543927278,1.1658495926668069,2.2822318958451144,794,2003.11.09.23.55.58,36.781076066790355,False,0.060328861245631527
-0.11800466308593749,0.08238379888207754,0.2245,-0.521,0.14407994100394522,0.7455,1.5539251327615047,0.1483685534075707,-0.027420122666478794,1.1640301552331815,1.811115618003107,795,2003.11.10.00.05.58,36.82745825602968,True,-0.08165229329836687
-0.11737744140625,0.08315488411130029,0.254,-0.6505000000000001,0.1440010933963494,0.9045,1.7566484785347103,0.3508840620852478,-0.07077161138975047,1.1677523511029082,2.055060265778775,796,2003.11.10.00.15.58,36.87384044526902,False,0.05336810133529879
-0.11653283691406251,0.08389719563633707,0.2685,-0.6765,0.14373582351233705,0.945,1.8594137939297797,0.4542549799429121,-0.03148872203442972,1.1676277240634736,2.175914190603485,797,2003.11.10.00.25.58,36.92022263450835,False,0.01620495111872422
-0.1173529296875,0.08392169730971304,0.3235,-0.6445000000000001,0.14442539683986919,0.968,2.2348614865105065,0.41245955655546274,-0.06942876756461072,1.1696834815361863,2.6167299651537324,798,2003.11.10.00.35.58,36.96660482374768,False,0.05634425065954507
-0.117302099609375,0.08257258883210354,0.278,-0.5375,0.14362064187458468,0.8155,1.9300060706947613,0.22274445885172445,-0.0726405260936185,1.1675602124068947,2.256529043813657,799,2003.11.10.00.45.58,37.01298701298701,False,0.06047061080476379
-0.116990576171875,0.08322270120795464,0.266,-0.6699999999999999,0.1437253964293575,0.936,1.8506850011627591,0.36368799491159476,-0.05507104567065352,1.1679499395646706,2.1615401335225526,800,2003.11.10.00.55.58,37.05936920222634,False,0.04720419719106472
-0.116969921875,0.0834138342597795,0.232,-0.5615,0.14381667402217954,0.7935000000000001,1.606251812134438,0.236413902127383,-0.047578428156035524,1.1674810586783746,1.8785324939280459,801,2003.11.10.01.05.58,37.105751391465674,False,0.002879675143574012
-0.11681313476562499,0.081544145271823,0.276,-0.586,0.14262215370810322,0.862,1.9321923047521556,0.30399723182282545,-0.014627088672250658,1.16215960957923,2.2470525474254046,802,2003.11.10.01.15.58,37.15213358070501,False,0.04861393817562809
-0.1170210693359375,0.08384615049168093,0.2235,-0.625,0.14412257045400872,0.8485,1.5437874297937504,0.23488603127614427,-0.06974214246437224,1.169266374559978,1.808302825532746,803,2003.11.10.01.25.58,37.19851576994434,True,-0.001760221696129327
-0.11691855468750001,0.08380455241969043,0.272,-0.614,0.14398274494436902,0.8859999999999999,1.8794450771417484,0.4170242100723365,-0.05524932191799879,1.1687448089012609,2.201175673607456,804,2003.11.10.01.35.58,37.244897959183675,False,0.06793093214498336
-0.1174678466796875,0.08271394981839254,0.267,-0.621,0.1438309725725565,0.888,1.8615737402903045,0.21145725046756247,-0.0542407955978912,1.166534223428358,2.168984416064416,805,2003.11.10.01.45.58,37.291280148423006,False,0.05163490430140916
-0.11787260742187501,0.08220106577613479,0.254,-0.591,0.14386575153576314,0.845,1.7658985392061486,0.4067747193476845,-0.07220330633154551,1.16501639455708,2.0571195881642037,806,2003.11.10.01.55.58,37.33766233766234,False,0.023042773390875237
-0.11706811523437499,0.08276350264186483,0.297,-0.68,0.14353061682035742,0.9770000000000001,2.0584333339962955,0.314087059650352,-0.062249244653703906,1.1676809832464086,2.409018743671079,807,2003.11.10.02.05.58,37.384044526901675,False,0.040606616719851885
-0.11661423339843749,0.08310295041150685,0.273,-0.6505000000000001,0.1433415473405652,0.9235,1.8967947701916699,0.35806227091681153,-0.05219805317190819,1.16803359862199,2.2194405943206155,808,2003.11.10.02.15.58,37.430426716141,False,0.06157769137801883
-0.11670283203124998,0.08274313182123053,0.2515,-0.5820000000000001,0.1432383282855412,0.8335,1.7589917591346205,0.21039008891352884,-0.05987841250310205,1.167941220851878,2.0526056400073944,809,2003.11.10.02.25.58,37.47680890538033,False,0.05299656740673753
-0.1172707763671875,0.0836095961230237,0.304,-0.6435,0.14417046615732665,0.9475,2.0908354148523967,0.34328335837843293,-0.07988987848882928,1.1694194216878975,2.4538010316574232,810,2003.11.10.02.35.58,37.52319109461967,False,0.07227851075804759
-0.11587465820312501,0.0823514518633301,0.27349999999999997,-0.6345000000000001,0.14230784679341696,0.9079999999999999,1.9199339125149657,0.3723227592433289,-0.036878510077141685,1.1670435699929103,2.2415927160054405,811,2003.11.10.02.45.58,37.569573283859,False,0.05126636680443608
-0.11706408691406249,0.08252907632038524,0.26749999999999996,-0.5905,0.14336388047373988,0.858,1.8494270878544252,0.26004901329681207,-0.036986077496723405,1.1654430031290195,2.1634996974133665,812,2003.11.10.02.55.58,37.615955473098325,False,0.059407937489255325
-0.11658701171875,0.08239618096643743,0.2125,-0.626,0.14290924988476827,0.8385,1.4818758732460715,0.2748885348591388,-0.08357491459185587,1.1682619355762784,1.7339003622086318,813,2003.11.10.03.05.58,37.66233766233766,True,-0.037721506133890026
-0.11730270996093752,0.08167923693572524,0.2515,-0.615,0.14308437785583705,0.8665,1.7566730441972989,0.24891603296254705,-0.06638161831395592,1.1654768204880854,2.0479149426633043,814,2003.11.10.03.15.58,37.708719851576994,False,0.039229558662785546
-0.1172063232421875,0.0839846191327106,0.2665,-0.6105,0.14433261037951972,0.877,1.8389121751926745,0.3191275907431006,-0.015299181013930956,1.1664311210539604,2.1486643703796995,815,2003.11.10.03.25.58,37.755102040816325,False,0.055765603516325535
-0.11716840820312502,0.08388834679110066,0.28700000000000003,-0.6385,0.14428698222917496,0.9255,1.996577548612306,0.27832541774050457,-0.0735563852173896,1.170868811426684,2.3329768084028943,816,2003.11.10.03.35.58,37.80148423005566,False,0.0739982403602093
-0.11733669433593752,0.08284006587890924,0.232,-0.6214999999999999,0.143838949254943,0.8535,1.602591420501493,0.2615385566120578,-0.06950074878166355,1.1669362629568298,1.8754612276919298,817,2003.11.10.03.45.58,37.84786641929499,False,0.014571647611470784
-0.11692421875,0.08267120581764834,0.2345,-0.529,0.14335641311850916,0.7635000000000001,1.6342262499220088,0.21751326045757136,-0.07220349076107657,1.1677400515672747,1.9091996485191824,818,2003.11.10.03.55.58,37.894248608534326,True,-0.023734398229888987
-0.1175276611328125,0.08293393210064914,0.29400000000000004,-0.635,0.14401251536510484,0.929,2.0492552523618475,0.38300055453997417,-0.07364838728557667,1.1670833222592862,2.3872864041864643,819,2003.11.10.04.05.58,37.94063079777366,False,0.04739132857318362
-0.11725537109375,0.0840178730780976,0.248,-0.596,0.14438926706026856,0.844,1.714597355889486,0.36190950249446274,-0.05541870861223719,1.1686446510965491,2.0050611884292158,820,2003.11.10.04.15.58,37.98701298701299,False,0.05590146000684493
-0.1168866455078125,0.08444611249067654,0.2645,-0.612,0.14436652164710845,0.8765,1.82683592009578,0.2906598587852678,-0.038976942670144225,1.1694912102313073,2.138865042423268,821,2003.11.10.04.25.58,38.03339517625232,False,0.08817448265415034
-0.1172268310546875,0.08287662703063614,0.2465,-0.5860000000000001,0.14371900506316054,0.8325,1.7049034032448098,0.3072660949783137,-0.04931011944086336,1.166305987757977,1.9935406053781919,822,2003.11.10.04.35.58,38.07977736549165,False,0.047176137547410235
-0.117310888671875,0.08373347141004252,0.3525,-0.6295,0.14428733173767846,0.982,2.4313845136169,0.4129486328396348,-0.01718803802885722,1.1662867592609596,2.841631455584763,823,2003.11.10.04.45.58,38.12615955473098,True,-0.030917078752062177
-0.11705595703124999,0.08312311843791947,0.23049999999999998,-0.636,0.14371917799014722,0.8665,1.6036270694156678,0.37740363500040464,-0.07507731054631253,1.167753608618912,1.872742762592143,824,2003.11.10.04.55.58,38.17254174397032,False,0.014619264482859329
-0.1166962158203125,0.08267652125852218,0.249,-0.631,0.14313470232363318,0.8799999999999999,1.7337497993424316,0.3228258619786428,-0.06196107462354359,1.16729594748625,2.0270670624830243,825,2003.11.10.05.05.58,38.218923933209645,False,0.05702306975877136
-0.1166795166015625,0.08290224980723124,0.3075,-0.6495,0.1433003838607833,0.9570000000000001,2.131553259375653,0.34839613115432644,-0.050405954406656586,1.1679045629234008,2.4973777521212,826,2003.11.10.05.15.58,38.265306122448976,False,0.05357079415042976
-0.1164920166015625,0.08377414496769467,0.242,-0.614,0.14363608413071605,0.856,1.6855148434148015,0.39139065250793337,-0.04868427573020764,1.1680929555102677,1.9684926945924452,827,2003.11.10.05.25.58,38.311688311688314,False,0.029457939627469898
-0.1169632568359375,0.0829015890160387,0.23299999999999998,-0.6165,0.14351050495763323,0.8494999999999999,1.62286467470838,0.30848031086667405,-0.04383279781762756,1.1663727959135204,1.8932069473320894,828,2003.11.10.05.35.58,38.358070500927646,False,0.007834891444006953
-0.11737509765625,0.0833905846247163,0.317,-0.575,0.14413525241646624,0.892,2.181655787717744,0.37220338759248883,-0.03468723242330872,1.1660017295006173,2.5525973660144086,829,2003.11.10.05.45.58,38.40445269016698,False,0.0487133478784606
-0.1170187744140625,0.08286871102203687,0.2905,-0.604,0.14353334829262382,0.8945000000000001,2.0206014399568994,0.3818672995719372,-0.043405562079544185,1.1654312671646843,2.3566557286672314,830,2003.11.10.05.55.58,38.45083487940631,False,0.056595506177351096
-0.11698491210937499,0.08231373792374308,0.28800000000000003,-0.653,0.14319734271562984,0.941,2.004649016751036,0.3000310312888761,-0.06422052090531251,1.1658052378036097,2.340245320591886,831,2003.11.10.06.05.58,38.49721706864564,False,0.046056784542203855
-0.11767097167968751,0.08183035199011432,0.255,-0.56,0.14347642135708538,0.815,1.775546728020308,0.27109909627900675,-0.02535818140232676,1.1626684657074695,2.065448575723291,832,2003.11.10.06.15.58,38.54359925788497,False,0.014739661148649552
-0.11707629394531252,0.08356989961166472,0.2515,-0.48350000000000004,0.1440036590057114,0.7350000000000001,1.7423878871755556,0.2229933786430074,-0.0020180406499520766,1.1662263071191283,2.034193505449392,833,2003.11.10.06.25.58,38.5899814471243,True,-0.0378570101759409
-0.11645048828125001,0.0834302213970434,0.258,-0.5735,0.1434020930517997,0.8315,1.8035366688419425,0.31659756299624564,-0.046896142528498344,1.168847888964857,2.1057590414858867,834,2003.11.10.06.35.58,38.63636363636363,False,0.07997215552565101
-0.1169259765625,0.08303521026357646,0.2635,-0.5955,0.14352914265677025,0.859,1.8268771737577136,0.24383840288500758,-0.06863121799298447,1.168976879956201,2.139893491878396,835,2003.11.10.06.45.58,38.68274582560297,False,0.07551533938891197
-0.11734270019531251,0.08402640857930828,0.23700000000000002,-0.48950000000000005,0.14447017403692658,0.7265,1.6344899860424418,0.16103103454203826,-0.03414270163879564,1.1683229623565157,1.912784991448596,836,2003.11.10.06.55.58,38.7291280148423,True,-0.04313847653761782
-0.116920703125,0.08282873162061039,0.266,-0.5885,0.14342305941984543,0.8545,1.8532210647899592,0.2897143675878866,-0.028129326284071866,1.1656619958142982,2.160902369053778,837,2003.11.10.07.05.58,38.775510204081634,False,0.0538665987736765
-0.1167361328125,0.08270779063759343,0.365,-0.7505,0.14323619682945407,1.1155,2.549387306841237,0.5535985839537614,-0.06509525868660881,1.1672182037899832,2.9749593643241075,838,2003.11.10.07.15.58,38.821892393320965,True,-0.0879771443358831
-0.1169277099609375,0.08394554237016061,0.249,-0.5860000000000001,0.14411550024680206,0.835,1.7262603016789542,0.29891784214472694,-0.08131651833389117,1.1697104931008084,2.0199397217984156,839,2003.11.10.07.25.58,38.868274582560296,False,0.07082450631401216
-0.1162447998046875,0.08345420324431693,0.2835,-0.6799999999999999,0.14322493521694518,0.9635,1.9771108550056948,0.4703709159040508,-0.0624103031717214,1.169748789983654,2.3140013290169517,840,2003.11.10.07.35.58,38.91465677179963,False,0.03453734054588897
-0.11730031738281249,0.08368923915044633,0.3005,-0.5785,0.14422324864003977,0.879,2.0702732292651107,0.29974419089770077,-0.047993559581226,1.1687718620332408,2.4261320201346113,841,2003.11.10.07.45.58,38.961038961038966,False,0.08891933014553638
-0.1170646484375,0.0832404530751375,0.32799999999999996,-0.563,0.14380856290483657,0.891,2.262524172761844,0.3509851752979989,-0.03377874459974824,1.1666132749806861,2.6494971828725764,842,2003.11.10.07.55.58,39.00742115027829,False,0.021684771599769226
-0.11747866210937499,0.08347020884617679,0.22949999999999998,-0.5920000000000001,0.1442757037150691,0.8215,1.5879129899328628,0.3462574406220127,-0.07833401542317212,1.1682957844987256,1.8566294297574344,843,2003.11.10.08.05.58,39.05380333951762,False,0.019735449258547866
-0.1165880859375,0.0830056208919634,0.275,-0.5295000000000001,0.1432660350987638,0.8045,1.922302097438529,0.2182197029174524,-0.02359204968553951,1.1682964740277209,2.2440543300100195,844,2003.11.10.08.15.58,39.10018552875696,False,0.028804308915191368
-0.11748996582031249,0.08335666613317144,0.222,-0.6174999999999999,0.14422047865656631,0.8394999999999999,1.5411562157830674,0.2664965213540367,-0.06429064452409125,1.1674831006579816,1.7983726458265876,845,2003.11.10.08.25.58,39.14656771799629,False,2.7554947240160388e-05
-0.1170384521484375,0.08247267362096036,0.238,-0.7215,0.1433204265639357,0.9595,1.6619261826234872,0.3353252121699486,-0.08463745924735915,1.1676873469469382,1.9399069086532212,846,2003.11.10.08.35.58,39.19294990723562,True,-0.045345347326191665
-0.11690810546875,0.08277097708003395,0.277,-0.6225,0.14340381364736882,0.8995,1.9311057606638073,0.3413150202843249,-0.05544952960213256,1.1672912895770748,2.254441226998919,847,2003.11.10.08.45.58,39.23933209647495,False,0.07343527554897578
-0.11712499999999999,0.08285579611584246,0.28450000000000003,-0.61,0.14361362526273164,0.8945,1.9718172829611036,0.25599358129125305,-0.05297531983310527,1.1676833924944798,2.3079705145116547,848,2003.11.10.08.55.58,39.285714285714285,False,0.07537848526523805
-0.117008642578125,0.08368691736209999,0.266,-0.5775,0.14399373849107377,0.8435,1.8347688048644968,0.3267337826572658,-0.06500438685954016,1.1695678119798611,2.152203972554152,849,2003.11.10.09.05.58,39.332096474953616,False,0.09838890579466941
-0.11710439453124999,0.08253233704867208,0.26349999999999996,-0.636,0.14342009709027181,0.8995,1.833594718732391,0.34713372688754474,-0.05304279226358888,1.1659626115111825,2.13977842113073,850,2003.11.10.09.15.58,39.378478664192954,False,0.057604120710721074
-0.1176302001953125,0.08391640122247315,0.236,-0.6575,0.14465596196839725,0.8935000000000001,1.626992538176165,0.34674361173434787,-0.08041469403389302,1.1692646010084047,1.9048416943619038,851,2003.11.10.09.25.58,39.42486085343228,False,0.02113603233136696
-0.1170339111328125,0.08367492645799242,0.255,-0.5775,0.14403634609489754,0.8325,1.758416018026203,0.2892525989724082,-0.0735743762223983,1.1694852366325779,2.0621328957909695,852,2003.11.10.09.35.58,39.47124304267162,False,0.08326998708168937
-0.1179033447265625,0.08433690169062968,0.276,-0.625,0.14510086104583572,0.901,1.906476424344861,0.41314226053678427,-0.05255215588670384,1.168917987263474,2.2260418324658913,853,2003.11.10.09.45.58,39.51762523191095,False,0.08008483541968708
-0.117266650390625,0.08417320170954376,0.2515,-0.5715,0.14451386161472835,0.823,1.7428047992735203,0.31264440840511765,-0.05672787612527191,1.1686716301390594,2.0354693034468454,854,2003.11.10.09.55.58,39.56400742115028,False,0.08227897710849374
-0.1172018798828125,0.08348935057288366,0.2575,-0.542,0.14404858449697355,0.7995,1.7759075854101913,0.2999035702979529,-0.07410684588499056,1.16828469342448,2.08071185148084,855,2003.11.10.10.05.58,39.61038961038961,False,0.06959065831592715
-0.11706979980468751,0.0826079870975723,0.28200000000000003,-0.5235000000000001,0.1434175597569773,0.8055000000000001,1.9590134730647928,0.28487126993805667,-0.03531650705267999,1.1657920123983205,2.2882950941467923,856,2003.11.10.10.15.58,39.65677179962894,False,0.04759708117256112
-0.11678781738281249,0.08243673717312404,0.28800000000000003,-0.63,0.1431289743969904,0.918,2.0131971580649726,0.3731692979406245,-0.04984646620493435,1.1666235459529921,2.3481262233045905,857,2003.11.10.10.25.58,39.70315398886827,False,0.050507199506387934
-0.11708193359374999,0.08298435142345703,0.254,-0.6825000000000001,0.1436340109404591,0.9365000000000001,1.7668442719460635,0.33475727664376365,-0.06245199355153714,1.167392856917806,2.0633328891919165,858,2003.11.10.10.35.58,39.74953617810761,False,0.03057137136474486
-0.11719719238281251,0.08361383714218983,0.255,-0.5700000000000001,0.1441198187172505,0.825,1.7665200709651336,0.32651332171614045,-0.05462624846562601,1.1683886544385065,2.065629525680983,859,2003.11.10.10.45.58,39.795918367346935,False,0.08119118024306232
-0.11733903808593751,0.08306273306250153,0.26949999999999996,-0.5065,0.1438980289380397,0.776,1.8691086697882686,0.18829460050530988,-0.014342800233231338,1.1651406252654706,2.179546061290208,860,2003.11.10.10.55.58,39.84230055658627,False,0.0004071782953055658
-0.116959619140625,0.08401680822254354,0.372,-0.554,0.1441914326576772,0.9259999999999999,2.5482491647395538,0.33323791311813533,-0.036754061954715055,1.1692837672233614,2.995376480002573,861,2003.11.10.11.05.58,39.888682745825605,True,-0.021478647508105575
-0.116940673828125,0.08436757009086968,0.276,-0.5640000000000001,0.14433396661249184,0.8400000000000001,1.910956688157913,0.39289034795570066,-0.040032216585898686,1.1688220237548483,2.2341584332186466,862,2003.11.10.11.15.58,39.935064935064936,False,0.07388798351286219
-0.11611777343749999,0.08527680133016574,0.332,-0.5529999999999999,0.14423775916933176,0.885,2.303924587059484,0.340113106126146,-0.0433194275066191,1.1720426452814334,2.699130722828067,863,2003.11.10.11.25.58,39.98144712430427,False,0.0745316800329574
-0.11702651367187501,0.08284417528631213,0.238,-0.533,0.14353447899545388,0.771,1.653416759643981,0.22034698983873025,-0.06503156906193099,1.1674368792518925,1.9325472667121768,864,2003.11.10.11.35.58,40.0278293135436,False,5.322605403590419e-05
-0.11721499023437498,0.08304565765466282,0.28800000000000003,-0.6275,0.1438084207628355,0.9155,1.9836399184363889,0.37849795512033335,-0.05195273473155676,1.1663181204846633,2.3236564940948723,865,2003.11.10.11.45.58,40.07421150278293,False,0.05875159675619379
-0.11715424804687499,0.0839001156553302,0.271,-0.6995,0.1442491463757879,0.9705,1.8856517022541794,0.3673446352735099,-0.07898309544864332,1.1695160101849944,2.2019939049920842,866,2003.11.10.11.55.58,40.12059369202227,False,0.0416408691022262
-0.1170794677734375,0.08303559494921817,0.29400000000000004,-0.5775,0.1437066815703854,0.8715,2.0378688151322444,0.31706368010728836,-0.04846420760723362,1.1661323452238055,2.380433886140282,867,2003.11.10.12.05.58,40.1669758812616,False,0.08976083946473012
-0.117164453125,0.08335482916595591,0.249,-0.565,0.14395191777781075,0.8140000000000001,1.7200769390197377,0.23511880803862217,-0.053832151289294916,1.1679567522311374,2.014197513690257,868,2003.11.10.12.15.58,40.213358070500924,False,0.05486882588549624
-0.11744931640625,0.08322768498239089,0.3285,-0.5820000000000001,0.1440659977547354,0.9105000000000001,2.270103253974682,0.3931758700258541,-0.049177953918153876,1.1670522755115056,2.6546853524601373,869,2003.11.10.12.25.58,40.25974025974026,False,0.038133038978402034
-0.1167507080078125,0.08392926501586467,0.276,-0.5335,0.143945240596206,0.8095,1.9113518574333788,0.32768862715096425,-0.03178997586846448,1.1682789702309413,2.235818551956746,870,2003.11.10.12.35.58,40.30612244897959,False,0.056805602100052255
-0.11725126953125001,0.083272032266857,0.3285,-0.653,0.1439366813616041,0.9815,2.2685578925837877,0.44676698476721066,-0.04742293428045863,1.1667760120189117,2.654029571032693,871,2003.11.10.12.45.58,40.352504638218925,False,0.0134618231769279
-0.11751115722656251,0.08443379769851196,0.239,-0.62,0.14486766192761258,0.859,1.650432374138207,0.3820343000085138,-0.06700470703387572,1.1690919699099056,1.9291611098957449,872,2003.11.10.12.55.58,40.398886827458256,False,0.03716528775561967
-0.1171957763671875,0.08402167066526434,0.2465,-0.6105,0.14438279800039433,0.857,1.6990682749060764,0.33640247024777037,-0.07096163367760142,1.1699555011277318,1.9921815388635782,873,2003.11.10.13.05.58,40.44526901669759,False,0.06803170397675429
-0.1167448974609375,0.08389069481561591,0.2745,-0.6785000000000001,0.14394743049142367,0.9530000000000001,1.9089473467367504,0.46855582540890417,-0.06572619758812087,1.1686209187597723,2.2297545333189044,874,2003.11.10.13.15.58,40.49165120593692,False,0.04441000217477231
-0.11647634277343749,0.08280132303835822,0.2575,-0.575,0.14308706561717088,0.8325,1.802728668536271,0.23137668683621992,-0.04662832279633083,1.1671486139460474,2.102436768559247,875,2003.11.10.13.25.58,40.53803339517626,False,0.07015248385927197
-0.11733359374999999,0.08313296196440212,0.277,-0.6835,0.14396485094281739,0.9605,1.9322058821492103,0.4534845057213148,-0.048979492401617905,1.1656364362711578,2.2481872881774025,876,2003.11.10.13.35.58,40.58441558441558,False,0.027672300120969107
-0.11740637207031249,0.08423100154372376,0.2625,-0.5565,0.14463695340045632,0.819,1.8137618506131232,0.32349757562384673,-0.05732319106707946,1.1693898348578489,2.121598095273095,877,2003.11.10.13.45.58,40.63079777365491,False,0.10542994566563824
-0.116423291015625,0.08367915628666842,0.2675,-0.6259999999999999,0.14351850333774066,0.8935,1.8559768782113832,0.2964480484982692,-0.03420121108288739,1.1677855996047324,2.170872793916921,878,2003.11.10.13.55.58,40.67717996289425,False,0.07284987307450419
-0.11716342773437499,0.0840204941097567,0.2415,-0.6165,0.14431309570228176,0.858,1.6745820714315518,0.357564877767129,-0.050014228380203384,1.168166143262288,1.955550665960937,879,2003.11.10.14.05.58,40.72356215213358,False,0.040870770793142164
-0.1175004150390625,0.08456028591685985,0.28600000000000003,-0.657,0.1449057133677264,0.9430000000000001,1.9720409340687017,0.3882984224797177,-0.07683665693582817,1.1708529076144163,2.309728550950277,880,2003.11.10.14.15.58,40.76994434137291,False,0.08435168391928916
-0.1176341796875,0.08398333966542293,0.2725,-0.552,0.14470578809888418,0.8245,1.8742883991815504,0.30198491074464684,-0.05176743984093728,1.168061843880483,2.1937765120255976,881,2003.11.10.14.25.58,40.816326530612244,False,0.08290550382004946
-0.11762287597656251,0.08382744584808238,0.2855,-0.6835,0.14461434380233873,0.969,1.9693966843098032,0.3628092063270867,-0.07924882874752705,1.1690969494973213,2.3047538813797637,882,2003.11.10.14.35.58,40.862708719851575,False,0.05122410758705476
-0.116965673828125,0.08168309575720652,0.20400000000000001,-0.552,0.14279805137046014,0.756,1.4222078935965383,0.2338479014008934,-0.05489229349688155,1.1642936033398443,1.6586644738883978,883,2003.11.10.14.45.58,40.909090909090914,True,-0.05895349315961673
-0.1173685546875,0.08406447751727149,0.3125,-0.608,0.1445007277379438,0.9205,2.157674849431552,0.3865503430039616,-0.02715913300866131,1.16708790865912,2.52048708858764,884,2003.11.10.14.55.58,40.955473098330245,False,0.05400907011911127
-0.1166290283203125,0.08267836707369619,0.264,-0.6335,0.14309999956865924,0.8975,1.8455223157165441,0.2541752799653809,-0.049140354250970075,1.1678021288681735,2.1548370862640036,885,2003.11.10.15.05.58,41.00185528756957,False,0.06636227359437985
-0.11686149902343751,0.08341624842413214,0.23299999999999998,-0.575,0.14370270034351157,0.808,1.6179150709848664,0.2797283600355711,-0.02409914829058181,1.1664264421624704,1.888722807125079,886,2003.11.10.15.15.58,41.04823747680891,True,-0.013349116573344477
-0.11690078125,0.08287957075125144,0.261,-0.6005,0.14347328398970843,0.8614999999999999,1.8095444835844585,0.2824758914830432,-0.07123461760430708,1.1679555964564976,2.118485775193761,887,2003.11.10.15.25.58,41.09461966604824,False,0.08131058310956435
-0.11691066894531249,0.08418959442190385,0.281,-0.6859999999999999,0.14421472830651583,0.9670000000000001,1.9376412171406001,0.4241830621682352,-0.09292934597912905,1.1706404089858575,2.2737422656472064,888,2003.11.10.15.35.58,41.14100185528757,False,0.05135621930461687
-0.1170054931640625,0.08360210193258928,0.3175,-0.5369999999999999,0.1439355696837088,0.8545,2.2049083275516423,0.3695588096028981,-0.07153181932854834,1.1691832723727853,2.5784210629739395,889,2003.11.10.15.45.58,41.1873840445269,False,0.04651620762301345
-0.116780712890625,0.08358109194027633,0.3385,-0.5275000000000001,0.14375432477996236,0.8660000000000001,2.3444536309167106,0.2526196030727106,-0.043674371185095984,1.169270463454275,2.7466931768568243,890,2003.11.10.15.55.58,41.23376623376623,False,0.019180990690161548
-0.117322705078125,0.08238180674074516,0.2225,-0.5105,0.14352811699120388,0.733,1.5440300129133546,0.24689442492948177,-0.05901945883831576,1.1664038464540072,1.8050089090985229,891,2003.11.10.16.05.58,41.28014842300556,True,-0.05132502974939457
-0.117122314453125,0.08300977264436099,0.245,-0.6375,0.14373507604712754,0.8825000000000001,1.7027075666494713,0.25690475320200923,-0.02122313380643299,1.1665057456836427,1.9872165534552588,892,2003.11.10.16.15.58,41.3265306122449,True,-0.003977909229921139
-0.11615263671875001,0.0838263636437833,0.326,-0.615,0.14338532539868748,0.9410000000000001,2.2724408907121267,0.42751106064280275,-0.04684839293868404,1.1691268979649674,2.6573256165646804,893,2003.11.10.16.25.58,41.37291280148423,False,0.04394881066011469
-0.11734501953125001,0.08274509040385425,0.221,-0.603,0.1437272680456076,0.8240000000000001,1.5344466974446198,0.16918860096633215,-0.062120091239856685,1.1678255162620987,1.7936516462209715,894,2003.11.14.11.02.17,41.41929499072356,True,-0.023203561449092858
-0.1191689453125,0.08153746495645989,0.3285,-0.603,0.14454340181025616,0.9315,2.269803052325152,0.3827883926625921,-0.06084083235947041,1.1614905321820266,2.638021405587226,895,2003.11.14.11.12.17,41.465677179962896,False,0.024702441824891896
-0.11845734863281249,0.08164309969726845,0.266,-0.5895,0.14402858656133133,0.8555,1.8415951917762126,0.3439078175549233,-0.0572840991716585,1.1618446137059228,2.1429931810359912,896,2003.11.14.11.22.17,41.51205936920223,False,0.04122670235519443
-0.1180118896484375,0.08195298178064225,0.2395,-0.5845,0.1438426787826311,0.824,1.6599261607435152,0.2827857093336481,-0.025226498321510603,1.1616491360081964,1.9307200152864028,897,2003.11.14.11.32.17,41.55844155844156,True,-0.012554264633130918
-0.1180911865234375,0.08224695160690726,0.308,-0.6375,0.14403377283214774,0.9455,2.125772587937378,0.41591372822597505,-0.06789453549282173,1.1646484900144265,2.482060792690133,898,2003.11.14.11.42.17,41.60482374768089,False,0.049166338522316666
-0.11807036132812498,0.08215139067200944,0.276,-0.681,0.14395623328190416,0.9570000000000001,1.913420350227056,0.37567058128867825,-0.06933801855787308,1.1647572105916715,2.2310090211507516,899,2003.11.14.11.52.17,41.65120593692022,False,0.01957398716609593
-0.1179260009765625,0.0824471620037815,0.2965,-0.548,0.14402296209730592,0.8445,2.0556693397255676,0.25666618345935266,-0.0507549179748544,1.165448301455994,2.3976503305028496,900,2003.11.14.12.02.17,41.69758812615956,False,0.06538401207370825
-0.11714792480468751,0.08199161561475488,0.2945,-0.613,0.1431380065630551,0.9075,2.0539150942079187,0.2912573228159683,-0.018020507308113446,1.163870884965954,2.3926202566771337,901,2003.11.14.12.12.17,41.74397031539889,False,0.036072535400238026
-0.11818645019531249,0.08349573277651334,0.292,-0.5309999999999999,0.14485599991230186,0.823,2.0175195786629416,0.30101026735943215,-0.05493000812996115,1.1673022215228808,2.354055078450478,902,2003.11.14.12.22.17,41.790352504638214,False,0.07017602207116935
-0.1172101806640625,0.08373902061994778,0.2695,-0.576,0.14419053888821626,0.8454999999999999,1.8617586408392863,0.2804701805760095,-0.034342121614682655,1.1674309937162581,2.176996268159451,903,2003.11.14.12.32.17,41.83673469387755,False,0.07413339431671828
-0.1175910888671875,0.0839855564263681,0.239,-0.5775,0.14466653031270724,0.8165,1.647650974761344,0.2710407791555993,-0.04533536563446939,1.16801419168572,1.9268615869968386,904,2003.11.14.12.42.17,41.883116883116884,False,0.026246307122418155
-0.118452099609375,0.08261432577946742,0.23299999999999998,-0.636,0.14453144226481343,0.869,1.607852959050029,0.26126874525027954,-0.04636381183220705,1.1648689269031764,1.8752696712371812,905,2003.11.14.12.52.17,41.929499072356215,True,-0.019301893452088104
-0.117401708984375,0.08403430544091728,0.2525,-0.5760000000000001,0.14451773685038616,0.8285,1.7487454042661836,0.25580274525917646,-0.04215034195614739,1.1688362307835802,2.0431928694824455,906,2003.11.14.13.02.17,41.975881261595546,False,0.056905804778887514
-0.1166786376953125,0.08312389888376051,0.2945,-0.581,0.14342022710506191,0.8755,2.0470485449464983,0.38951139933440304,-0.05185402406376815,1.1681892575323412,2.3948766404183592,907,2003.11.14.13.12.17,42.02226345083488,False,0.06989569963510911
-0.118668701171875,0.083991376943337,0.298,-0.5920000000000001,0.14557398772727648,0.89,2.0323180739223368,0.3609104901071345,-0.06948397629231232,1.1665849776344457,2.3788064853379343,908,2003.11.14.13.22.17,42.06864564007421,False,0.08251619201143329
-0.11685793457031249,0.0829965776312131,0.249,-0.5760000000000001,0.14349205677929525,0.825,1.729171854069202,0.26981155343582985,-0.06028950539103886,1.1674584704038233,2.0219090705367155,909,2003.11.14.13.32.17,42.11502782931355,False,0.056358851099998386
-0.1159909912109375,0.08359743527554128,0.2515,-0.5785,0.14310164066020917,0.8300000000000001,1.7522176785203039,0.2628815993819602,-0.025856577171863526,1.169321341895695,2.051562994657883,910,2003.11.14.13.42.17,42.16141001855288,False,0.026082311553729087
-0.1174261474609375,0.08376216297885557,0.27,-0.5765,0.14440802731568322,0.8465,1.856612117703206,0.3131621893002947,-0.03843200025787152,1.1666734902480307,2.1724721116640975,911,2003.11.14.13.52.17,42.2077922077922,False,0.07903230602403039
-0.117116064453125,0.08401549130131392,0.2475,-0.5845,0.14431054053138195,0.8320000000000001,1.7126540173395022,0.3907443255762437,-0.0614472894117975,1.1682743428682356,2.002084472012659,912,2003.11.14.14.02.17,42.25417439703154,False,0.050403892955507845
-0.11722678222656249,0.08336574586780174,0.2955,-0.63,0.1439966628819537,0.9255,2.0427402702583812,0.4653378691380896,-0.08748700051806789,1.1685235768815527,2.3921189449951363,913,2003.11.14.14.12.17,42.30055658627087,False,0.029547916503341765
-0.11774658203124999,0.08277115568015028,0.28450000000000003,-0.5455,0.1440775571482828,0.83,1.964806030826491,0.18742578863156023,-0.06826380499351697,1.1667302687301055,2.298358923491036,914,2003.11.14.14.22.17,42.3469387755102,False,0.06848785469511176
-0.119543896484375,0.08274116498280087,0.2525,-0.5935,0.14551694244282373,0.8460000000000001,1.7325499861824372,0.2750474081257608,-0.042084672910151104,1.162622139515513,2.0157873100757913,915,2003.11.14.14.32.17,42.393320964749535,False,0.037037267382622585
-0.11663017578125001,0.081887702343659,0.2225,-0.5860000000000001,0.14266239257058833,0.8085,1.5567183196374725,0.33231507032538454,-0.0625208498486407,1.1649637655104834,1.8149987182420488,916,2003.11.14.14.42.17,42.439703153988866,True,-0.006873518069993145
-0.117600390625,0.08272224658175122,0.281,-0.603,0.14392586036495822,0.8839999999999999,1.9561843335651048,0.30554361268581864,-0.04015573384059083,1.165093675248302,2.277186165967369,917,2003.11.14.14.52.17,42.486085343228204,False,0.06807328999549633
-0.117511474609375,0.08299147303508322,0.2525,-0.647,0.14400366666115616,0.8995,1.7493312544772879,0.42064210604604324,-0.05447075188680012,1.165341658140664,2.0405414709670384,918,2003.11.14.15.02.17,42.532467532467535,False,0.020312760182187195
-0.11588154296875,0.08356965096990629,0.27599999999999997,-0.603,0.1430330128447394,0.879,1.9165365161142984,0.30003130600108774,-0.054033192309008944,1.169944008549946,2.2498531384266554,919,2003.11.14.15.12.17,42.57884972170686,False,0.08932837006738692
-0.11768330078125,0.08333433272953422,0.28200000000000003,-0.565,0.14433642987381695,0.847,1.9460552931596542,0.30443361108297196,-0.03975948446645101,1.1674591359604771,2.276268940814953,920,2003.11.14.15.22.17,42.6252319109462,False,0.0860660538086887
-0.11694052734375002,0.08221611378946615,0.3305,-0.6479999999999999,0.14308685356675566,0.9784999999999999,2.318200215696261,0.3825187384048079,-0.02281428802085615,1.1654607527156098,2.696968816269849,921,2003.11.14.15.32.17,42.67161410018553,True,-0.00925992165502143
-0.11728188476562498,0.08365779325676567,0.3505,-0.6359999999999999,0.1441914292140809,0.9864999999999999,2.4193253682492344,0.46426153408518034,-0.07528251806753,1.1682201145774798,2.831995896390932,922,2003.11.14.15.42.17,42.71799628942486,True,-0.0035087999221977695
-0.11818940429687501,0.08327698936061362,0.227,-0.536,0.14476315087221556,0.763,1.5629023292922963,0.27471249276274623,-0.05226285693768122,1.1659790933390517,1.8251580071852869,923,2003.11.14.15.52.17,42.76437847866419,True,-0.017121282592234666
-0.116924365234375,0.08401104150520095,0.26849999999999996,-0.5635,0.14412890519722402,0.832,1.8588674199005926,0.31984070302823553,-0.04905654421586429,1.1694016292399176,2.175872771938238,924,2003.11.14.16.02.17,42.81076066790352,False,0.08834844870611652
-0.11710068359375,0.0840354818992067,0.39949999999999997,-0.6275,0.14427285671419585,1.027,2.7613121414811026,0.4326326899631998,-0.051853156181165774,1.1696597194426386,3.233862526455943,925,2003.11.14.16.12.17,42.857142857142854,True,-0.07875782175411217
-0.1175435791015625,0.08318827698447243,0.2745,-0.558,0.14413745761989552,0.8325,1.9065294640072434,0.28474207700339726,-0.045331970208921456,1.1677060839395388,2.225205674071633,926,2003.11.14.16.22.17,42.90352504638219,False,0.08149891967785611
-0.1171703125,0.08387975972145084,0.30900000000000005,-0.69,0.14422888710696732,0.999,2.1374440655837494,0.3170406042984242,-0.04037359221598319,1.1677392904703585,2.4984304948440768,927,2003.11.14.16.32.17,42.949907235621524,False,0.041949081376313924
-0.1169578369140625,0.08413343468158194,0.3115,-0.5845,0.14425049308876658,0.8960000000000001,2.14314172171045,0.34813277279474053,-0.03125720576920222,1.1680667001605067,2.5106304876610093,928,2003.11.14.16.42.17,42.99628942486085,False,0.06799355772069271
-0.11790048828125001,0.08443363133782558,0.2725,-0.5595,0.14516163465503573,0.832,1.867977780200675,0.29649861830028024,-0.06483031727975673,1.1692503561310914,2.189299137214909,929,2003.11.14.16.52.17,43.042671614100186,False,0.10144104508374202
-0.117027099609375,0.08333864027171582,0.233,-0.5469999999999999,0.1438073980507306,0.78,1.612901071237568,0.24506049588443335,-0.043581659448381604,1.1676949540259027,1.8867136787327787,930,2003.11.14.17.02.17,43.08905380333952,True,-0.011008280220043853
-0.1163981689453125,0.0846963000847438,0.2735,-0.5575,0.1441078975923779,0.831,1.8991311686982368,0.2509398370510165,-0.05650064830686794,1.171399144326137,2.2240540106176336,931,2003.11.14.17.12.17,43.13543599257885,False,0.09967133340065337
-0.1181090087890625,0.08375131894499739,0.27349999999999997,-0.569,0.14497868104844946,0.8425,1.8974311690598624,0.3511431946985739,-0.09163995828778859,1.1682169838691177,2.210881779051139,932,2003.11.14.17.52.14,43.18181818181818,False,0.061583481599465695
-0.1178573486328125,0.08267713337006646,0.256,-0.56,0.14413444685736396,0.816,1.7717718688313484,0.25828214871304755,-0.04145831156788368,1.1659268070825675,2.0681953215441955,933,2003.11.14.17.58.46,43.22820037105751,False,0.050315092507993486
-0.11722238769531251,0.08371376939068914,0.28300000000000003,-0.5515,0.14422990987920914,0.8345,1.951955332922331,0.30954492578094417,-0.03270187337925244,1.166729647226374,2.282745361255297,934,2003.11.14.18.08.46,43.27458256029685,False,0.07923613092441173
-0.11703154296875001,0.08352576467581824,0.22349999999999998,-0.5954999999999999,0.14395079890833987,0.819,1.5500722731389263,0.2507385187968765,-0.056270665660506175,1.1681661313649605,1.8120216846933193,935,2003.11.14.18.18.46,43.32096474953618,False,0.002894666499673071
-0.1177931884765625,0.0851575667314344,0.2585,-0.6435,0.14549717598031855,0.902,1.7768531167684225,0.26827342574785984,-0.05751090797488968,1.1707023504714003,2.080075747877252,936,2003.11.14.18.28.46,43.36734693877551,False,0.08141075866802783
-0.1175386474609375,0.08333810113784906,0.2675,-0.531,0.14422729961301037,0.7985,1.8484361050222669,0.282672481352666,-0.06786150313378525,1.1675498758635932,2.1611992982365056,937,2003.11.14.18.38.46,43.41372912801484,False,0.05875209692753558
-0.117386865234375,0.08352739082868998,0.3015,-0.592,0.14423019552510358,0.8935,2.08088387458236,0.2917589770355269,-0.08178645817577856,1.168917775071837,2.4375633851187732,938,2003.11.14.18.48.46,43.460111317254174,False,0.07682310605439935
-0.11782021484375,0.08293961039983794,0.27,-0.5655,0.14422026497204066,0.8355,1.8764110459803072,0.2893484584146617,-0.038495565725350955,1.1661319835926518,2.1858724301096646,939,2003.11.14.18.58.46,43.506493506493506,False,0.0659429219965687
-0.116879443359375,0.08443522269913892,0.2845,-0.614,0.14433945678954047,0.8985,1.9814033804431799,0.4548534244836382,-0.06040013622716424,1.1695144905381682,2.3118228444171733,940,2003.11.14.19.08.46,43.55287569573284,False,0.08193835739539113
-0.1165813232421875,0.08389294191628349,0.275,-0.6174999999999999,0.14377584292348877,0.8925,1.9082542660306214,0.40843704668408076,-0.05971090326395079,1.1693397145268514,2.2335537505102243,941,2003.11.14.19.18.46,43.59925788497217,False,0.08114968039677095
-0.117559130859375,0.08516421175758246,0.2395,-0.6125,0.1453435096858701,0.8520000000000001,1.6479813661358622,0.3637002308334061,-0.05644363808231696,1.169603191145621,1.9274017818593425,942,2003.11.14.19.28.46,43.6456400742115,False,0.05846789555077503
-0.11709296875,0.08329365674546094,0.309,-0.565,0.14386571222522418,0.8739999999999999,2.134280920453531,0.3525594897243216,-0.04971913758339379,1.168067055537776,2.5005298086771215,943,2003.11.14.19.38.46,43.69202226345084,False,0.07709583398584674
-0.11756870117187498,0.08310356367249827,0.3235,-0.6205,0.14411662043965184,0.9440000000000001,2.2379275502966935,0.43778398366603355,-0.035674663137611605,1.1655850366936313,2.6120513042535607,944,2003.11.14.19.48.46,43.73840445269017,False,0.03334379578860658
-0.118397314453125,0.08366587960499791,0.283,-0.653,0.1451483406380777,0.9359999999999999,1.9377674843965744,0.3597132379804262,-0.10221388621282226,1.1679021607835174,2.26907527245506,945,2003.11.14.19.58.46,43.7847866419295,False,0.03558136306344306
-0.1166386474609375,0.0843233107625801,0.2505,-0.5545,0.14408176095210645,0.8049999999999999,1.7441728120236613,0.32892075072458593,-0.04340805133889756,1.1688543864892682,2.0359680918320207,946,2003.11.14.20.08.46,43.83116883116883,False,0.06674967175052804
-0.11662233886718751,0.08442866046433048,0.2685,-0.6495,0.14415497528438648,0.9179999999999999,1.854668059525339,0.45256232711299305,-0.0447117083429731,1.1689430917798758,2.1720161589130687,947,2003.11.14.20.18.46,43.87755102040816,False,0.054517785114545636
-0.118640185546875,0.08351556583623071,0.293,-0.6799999999999999,0.14523166789085384,0.973,2.019997331995234,0.406875597511823,-0.04975268410058144,1.1649476611396734,2.3517949800836684,948,2003.11.14.20.28.46,43.9239332096475,False,0.03126927884071673
-0.11708400878906249,0.08489886399539233,0.2735,-0.5714999999999999,0.14476690468822762,0.845,1.889573083237337,0.26086164646890087,-0.04218038150985513,1.1705769765920706,2.211724578733041,949,2003.11.14.20.38.46,43.970315398886825,False,0.10054780825400317
-0.11722988281249999,0.0834627928795894,0.2685,-0.653,0.14408869806477204,0.9215,1.8572426240690387,0.41018909639784673,-0.03584397057487344,1.1667436828889892,2.170553872255059,950,2003.11.14.20.48.46,44.016697588126156,False,0.03832519676424062
-0.118775830078125,0.08315897375797013,0.31,-0.613,0.14516107039378204,0.9229999999999999,2.1317282095852716,0.39903982189974285,-0.06724198120552724,1.1651634063435274,2.485908402625443,951,2003.11.14.20.58.46,44.063079777365495,False,0.07299098194117148
-0.11764785156249999,0.08267778968900172,0.2965,-0.629,0.1439492806461823,0.9255,2.0469321302446506,0.30736715733094444,-0.057960341125469446,1.1649619904602548,2.3915173572222224,952,2003.11.14.21.08.46,44.109461966604826,False,0.06194641764779296
-0.1171012939453125,0.08394788491499544,0.29200000000000004,-0.5405,0.14425104970418579,0.8325,2.024073888674864,0.29344303068938027,-0.0713992132037062,1.169968831914117,2.3681925756682944,953,2003.11.14.21.18.46,44.15584415584416,False,0.08734698506154731
-0.11716403808593749,0.08334413027810106,0.3065,-0.576,0.14394766901166794,0.8825000000000001,2.112282058584369,0.2726251942975271,-0.044138912497059105,1.1675170710167786,2.475436846903259,954,2003.11.14.21.28.46,44.20222634508349,False,0.08031353624248849
-0.11683449707031249,0.08355989749473586,0.2735,-0.574,0.14375045598697167,0.8474999999999999,1.9026043880925387,0.30595641492122505,-0.05828234237921302,1.1695808031071806,2.2252486785194563,955,2003.11.14.21.38.46,44.24860853432282,False,0.09493279027810947
-0.11734897460937499,0.08408262370871841,0.266,-0.66,0.14450709308999335,0.926,1.8393067261445197,0.41057729204192506,-0.06336336741961689,1.1690077066952962,2.1509220935708244,956,2003.11.14.21.48.46,44.29499072356215,False,0.06389323552949866
-0.11745109863281251,0.08256032043131362,0.288,-0.5640000000000001,0.1437209898291592,0.8520000000000001,1.9915088282374303,0.334981448157869,-0.03655649159151627,1.1652329648607231,2.3282012006650046,957,2003.11.14.21.58.46,44.34137291280148,False,0.0705811655485098
-0.11658308105468751,0.08479008260237303,0.23399999999999999,-0.5640000000000001,0.14434452881339824,0.798,1.6189955002657714,0.3171543871878182,-0.0788198260211659,1.171499830949026,1.8977655781842373,958,2003.11.14.22.08.46,44.38775510204081,False,0.03971283271463655
-0.11680224609375,0.08557452476005478,0.2945,-0.618,0.14496909214656872,0.9125000000000001,2.023019960990484,0.26222556631983207,-0.06382337341812033,1.1735301174759578,2.37889121284247,959,2003.11.14.22.18.46,44.434137291280145,False,0.1337664209042299
-0.11809321289062502,0.08411627588199311,0.2455,-0.5700000000000001,0.14515516890344365,0.8155,1.6922623296584463,0.39399068870965115,-0.05182802128193807,1.1667012946325288,1.973840119594115,960,2003.11.14.22.28.46,44.48051948051948,False,0.03197424718038977
-0.11690947265625,0.08291192136805159,0.2675,-0.6445000000000001,0.14348912671542474,0.912,1.8677116902489077,0.2576948572013853,-0.06258629444219879,1.1674724337333184,2.1784827838645784,961,2003.11.14.22.38.46,44.526901669758814,False,0.060784311685181946
-0.1165907470703125,0.08402325982194993,0.271,-0.5735,0.14382802264762967,0.8445,1.877582076155111,0.32810621799158235,-0.03253844177059999,1.1685971462504143,2.1973241120265095,962,2003.11.14.22.48.46,44.573283858998145,False,0.0784292096309746
-0.11773767089843751,0.08374025268008548,0.28049999999999997,-0.619,0.14462897277271058,0.8995,1.9428976989562212,0.3303096980994824,-0.05673352897407195,1.1675618813773956,2.2666597758956737,963,2003.11.14.22.58.46,44.61966604823748,False,0.09330183499302719
-0.11690439453124998,0.08383352910390071,0.249,-0.5700000000000001,0.14401422855776524,0.819,1.7219862737103724,0.19930920736532798,-0.0731418576208166,1.169915154443037,2.0183763781585546,964,2003.11.14.23.08.46,44.66604823747681,False,0.057440958063528225
-0.1166324462890625,0.0839175167920086,0.239,-0.5285,0.1438560201703466,0.7675,1.6592878042952193,0.32095755022772887,-0.03593194266101367,1.1675779825802963,1.9385383485076095,965,2003.11.14.23.18.46,44.712430426716146,True,-0.01432826050593039
-0.1177550537109375,0.08387301430812222,0.2845,-0.6074999999999999,0.14471265501253194,0.892,1.9585518252199177,0.2576413247384055,-0.03986716887039283,1.167757820089863,2.2907572061123305,966,2003.11.14.23.28.46,44.75881261595547,False,0.07496528542626524
-0.11715073242187501,0.08425368858691515,0.304,-0.6225,0.14446450848118203,0.9265000000000001,2.0975976692229747,0.4469736325477649,-0.0391393234028518,1.1681920858237111,2.4541412840402446,967,2003.11.14.23.38.46,44.8051948051948,False,0.06157089197114618
-0.11671152343749999,0.08427346726313098,0.2885,-0.554,0.1441356092655217,0.8425,1.993988344664075,0.26287897555182704,-0.018998046049422443,1.169121287850058,2.335247812814577,968,2003.11.14.23.48.46,44.85157699443414,False,0.06741996011055551
-0.11668403320312501,0.08437293971432859,0.264,-0.593,0.14411161862270633,0.857,1.832556848648473,0.2350473299687048,-0.06687169194109627,1.1719885274422608,2.1473938962064394,969,2003.11.14.23.58.46,44.89795918367347,False,0.11646492042457335
-0.11701357421875,0.08287052021070099,0.2475,-0.51,0.14354604981892255,0.7575000000000001,1.7252986166133715,0.26499569198335093,-0.06603322915272002,1.1674987091059101,2.0136901001175076,970,2003.11.15.00.08.46,44.9443413729128,False,0.019343142917903622
-0.11689204101562499,0.08543217263348181,0.233,-0.5355000000000001,0.14491916798065388,0.7685000000000001,1.6003462316175074,0.23406084892439027,-0.039489218622026694,1.1720322493492539,1.8793995460638002,971,2003.11.15.00.18.46,44.990723562152134,False,0.014281861230331261
-0.11802167968749999,0.08404102083836987,0.2585,-0.669,0.1450554584696892,0.9275,1.7729653975945776,0.422479550218805,-0.07116090480086879,1.1677963682430246,2.075182317566419,972,2003.11.15.00.28.46,45.037105751391465,False,0.0361879038053492
-0.1164260009765625,0.08525164133338274,0.2735,-0.5285,0.1444668166962223,0.802,1.8942933285028478,0.24987449239584802,-0.00864273685199909,1.170212854278343,2.2161178061607307,973,2003.11.15.00.38.46,45.083487940630796,False,0.03645698681642617
-0.116690576171875,0.08490310908628433,0.32699999999999996,-0.6055,0.14447647197299468,0.9325000000000001,2.2591141440023566,0.47364559137326445,-0.04842835597067302,1.1699337355735522,2.645392194338257,974,2003.11.15.00.48.46,45.12987012987013,False,0.04938132458719613
-0.11805078125,0.08492743154392339,0.281,-0.62,0.14559641476065777,0.901,1.9295531419758098,0.36109137621615983,-0.07637145672565322,1.1699348837334367,2.2576707553080837,975,2003.11.15.00.58.46,45.17625231910946,False,0.09997715786416306
-0.11684343261718749,0.08333443115580838,0.2905,-0.5845,0.14365319282976524,0.875,2.0195190574721233,0.38035268201845573,-0.06880152463712827,1.1683423038761256,2.360778468158383,976,2003.11.15.01.08.46,45.2226345083488,False,0.07314299567241445
-0.11637749023437499,0.08516566355099706,0.34299999999999997,-0.6505000000000001,0.1443795735487774,0.9935,2.3775111691491757,0.4138309761203365,-0.053270241458435924,1.171144710331984,2.7834791449773117,977,2003.11.15.01.18.46,45.26901669758813,False,0.023338675891039662
-0.11760212402343749,0.0840352489652838,0.271,-0.519,0.14470095133836275,0.79,1.8714357370172046,0.2508955565986035,-0.042821208140626954,1.1685627288271534,2.1876334476913586,978,2003.11.15.01.28.46,45.31539888682746,False,0.04092572901559377
-0.1163963623046875,0.08440878346509482,0.2955,-0.626,0.14394174593044057,0.9215,2.0588926899726365,0.5942526533385395,-0.037957043676915755,1.1682985519401208,2.402583752560478,979,2003.11.15.01.38.46,45.36178107606679,False,0.04570112296700113
-0.1161252197265625,0.08385477065583502,0.2575,-0.5795,0.14340012552425133,0.837,1.789751959561499,0.3594882801556383,-0.052834501313369114,1.1691049156281024,2.09551042954433,980,2003.11.15.01.48.46,45.40816326530612,False,0.07193756605118862
-0.11777524414062501,0.08461917559242269,0.27,-0.5395000000000001,0.14519085104404883,0.8095000000000001,1.8493615014640703,0.3040517588400591,-0.0646725997318373,1.1697385011586436,2.168321236131539,981,2003.11.15.01.58.46,45.45454545454545,False,0.08964582985978714
-0.1165997802734375,0.0857250853109689,0.28049999999999997,-0.7284999999999999,0.14488482887650136,1.009,1.9336964059490596,0.46667064166454164,-0.05175334925990006,1.172051035054666,2.2675081037019167,982,2003.11.15.02.08.46,45.50092764378479,False,0.043979657296096986
-0.1172808837890625,0.08590045109537126,0.2965,-0.6054999999999999,0.14551950947273606,0.902,2.029801570788738,0.395680009674499,-0.04055807653639659,1.1722882126410068,2.3835000181578785,983,2003.11.15.02.18.46,45.547309833024116,False,0.12712291899598588
-0.1181051025390625,0.08391952971798322,0.244,-0.6485000000000001,0.14501027303107078,0.8925000000000001,1.687216294541733,0.28348522653345487,-0.06350735462718463,1.1685115769113108,1.9690941157297033,984,2003.11.15.02.28.46,45.59369202226345,False,0.044238050161964027
-0.11673862304687502,0.08428773201598741,0.259,-0.5435,0.1441633810529316,0.8025,1.7946463734086415,0.2562150761766018,-0.018338694481743727,1.1687088676620223,2.0984546260014527,985,2003.11.15.02.38.46,45.640074211502785,False,0.04387188991155544
-0.11696125488281249,0.0844037689068618,0.29400000000000004,-0.6105,0.14438054325125188,0.9045000000000001,2.0295657985088478,0.3714338765633789,-0.07629625754558858,1.171207259089098,2.380618965998029,986,2003.11.15.02.48.46,45.68645640074212,False,0.09522186691328938
-0.1180403564453125,0.08449278344532185,0.27549999999999997,-0.5615,0.14533847066708344,0.837,1.892126581571861,0.4467782854599984,-0.04707505861520074,1.1676312460462337,2.2113959993799073,987,2003.11.15.02.58.46,45.73283858998145,False,0.06917655959450963
-0.11677875976562499,0.08432098315695627,0.376,-0.6775,0.14418886522042312,1.0535,2.6213422897378926,0.5365504613101748,-0.03950362630538702,1.169737165615245,3.059238952381074,988,2003.11.15.03.08.46,45.77922077922078,True,-0.06538327319003889
-0.1169441650390625,0.08497125632704916,0.3225,-0.7224999999999999,0.14468551931482065,1.045,2.2270161676181006,0.39309237573975153,-0.05584872543704919,1.1714163859046782,2.609660451546665,989,2003.11.15.03.18.46,45.82560296846011,False,0.011671459478972634
-0.1177066162109375,0.08484413229659946,0.266,-0.5265,0.14521630515269332,0.7925,1.8319493812940495,0.2324523129353746,-0.026969750090895604,1.1688898610688216,2.141250058956491,990,2003.11.15.03.28.46,45.87198515769944,False,0.02628324281581207
-0.117176611328125,0.08408977672935561,0.3685,-0.5920000000000001,0.14433997259918813,0.9605,2.5687108682048954,0.3016680026540277,-0.04886391829719271,1.1701620324207376,2.9976458190690662,991,2003.11.15.03.38.46,45.91836734693878,True,-0.010647546718446144
-0.1173607177734375,0.08508045016350317,0.261,-0.6859999999999999,0.14510913552148674,0.9470000000000001,1.806293015724878,0.3802109696964815,-0.07636527496129707,1.171449961695843,2.1118116072700572,992,2003.11.15.03.48.46,45.964749536178104,False,0.06734480195694625
-0.1176683837890625,0.08437061427998536,0.2955,-0.618,0.1449301766357995,0.9135,2.0315548953811557,0.4205196200207775,-0.056109552489387204,1.1686622193641203,2.3777748545391617,993,2003.11.15.03.58.46,46.01113172541744,False,0.0726279756179351
-0.1172324951171875,0.08278167854101631,0.2845,-0.554,0.14367929021014408,0.8385,1.9775505562894877,0.3746498294107876,-0.035357517637770966,1.1654929167615764,2.3062739438882147,994,2003.11.15.04.08.46,46.057513914656774,False,0.045206168597894725
-0.1170301513671875,0.08379534963860757,0.281,-0.641,0.14408739858941877,0.9219999999999999,1.9335486313232617,0.2914940371056376,-0.04371476904749451,1.1679823496320423,2.2664911712570013,995,2003.11.15.04.18.46,46.103896103896105,False,0.07439201029590004
-0.1180275146484375,0.08368644695434985,0.237,-0.5405,0.14483144957683824,0.7775000000000001,1.633106422049585,0.2741789915828079,-0.03498725679841373,1.1653852967606462,1.9047788460191424,996,2003.11.15.04.28.46,46.150278293135436,True,-0.012491128370939575
-0.11707634277343751,0.08438369447657817,0.345,-0.631,0.1444991096056385,0.976,2.393653997022052,0.41902477424706963,-0.027975554778876532,1.168590287177797,2.7942867365406805,997,2003.11.15.04.38.46,46.19666048237477,True,-0.0003863731322985009
-0.11680666503906251,0.08456110467361627,0.27,-0.6214999999999999,0.14439608873440762,0.8915,1.867028000185125,0.3796701238838587,-0.059603990579399746,1.1694982793873918,2.1848210152265315,998,2003.11.15.04.48.46,46.2430426716141,False,0.08670501593839886
-0.118206640625,0.08401010051925506,0.309,-0.6505000000000001,0.14517831610277926,0.9595,2.1192003216860678,0.36421141734914353,-0.06108405339474403,1.1681202613733341,2.4802274576521537,999,2003.11.15.04.58.46,46.28942486085344,False,0.07256387534467645
-0.11693408203125,0.08399723373817605,0.3165,-0.5885,0.14411760939203858,0.905,2.185325277882396,0.3622856382518229,-0.06934850401624276,1.1698232708153922,2.5621357645869387,1000,2003.11.15.05.08.46,46.33580705009276,False,0.08751780849689322
-0.117251513671875,0.0840435969751488,0.27749999999999997,-0.635,0.14438482677567954,0.9124999999999999,1.9210198778143437,0.369872067346275,-0.03229869675172556,1.1680556588392237,2.2442787393270827,1001,2003.11.15.05.18.46,46.38218923933209,False,0.06320163842236892
-0.1176411865234375,0.0828723073844572,0.26,-0.657,0.14407233792196844,0.917,1.8017823425423711,0.4495917118322419,-0.07073690892001275,1.1663214199598522,2.103008561921998,1002,2003.11.15.05.28.46,46.42857142857143,False,0.02256695485132454
-0.11654682617187499,0.08273716531890664,0.297,-0.49550000000000005,0.1430757864195829,0.7925,2.065307182147018,0.22867398572783326,-0.03554346468963622,1.167528959917191,2.4165594631583978,1003,2003.11.15.05.38.46,46.47495361781076,False,0.029967493987320237
-0.1164720458984375,0.08340570068767456,0.28200000000000003,-0.652,0.14341795927878187,0.934,1.9642972720251946,0.3575565738252615,-0.08155439176410895,1.1697147509321746,2.2986878807642634,1004,2003.11.15.05.48.46,46.52133580705009,False,0.06115565832801417
-0.11802937011718749,0.08437221223958599,0.259,-0.631,0.1452488995647122,0.89,1.778848459492045,0.40018013393449614,-0.07831478513206226,1.1687077970397448,2.0811677188040814,1005,2003.11.15.05.58.46,46.567717996289424,False,0.0751017963608609
-0.1166091552734375,0.0845577996672719,0.3125,-0.586,0.14421170900565466,0.8985,2.1590724067592424,0.34957930668173853,-0.036784495703907585,1.1695082763671822,2.5290113865162906,1006,2003.11.15.06.08.46,46.614100185528756,False,0.09167348770631034
-0.117185009765625,0.08352109868028978,0.2855,-0.6765,0.1440336474533117,0.962,1.9813547945834082,0.44972595121487635,-0.05978926563954147,1.1675019011864167,2.3136701129128943,1007,2003.11.15.06.18.46,46.66048237476809,False,0.03309785288746758
-0.11780588378906251,0.08311322796886447,0.242,-0.6545000000000001,0.1443408075691386,0.8965,1.666574720944762,0.30294551717950013,-0.08347063264786315,1.1677082935140561,1.9513249343404033,1008,2003.11.15.06.28.46,46.706864564007425,False,0.016380454670684053
-0.11658134765625,0.08345588514643418,0.35050000000000003,-0.5335,0.14353049252494932,0.884,2.4185380082435275,0.3555038546258569,-0.05516765158057044,1.1681363291515914,2.8374692339549084,1009,2003.11.15.06.38.46,46.75324675324675,True,-0.010196708023883505
-0.11650776367187499,0.08411901109178702,0.298,-0.5954999999999999,0.14384140630601766,0.8935,2.058847892752041,0.39548882652234485,-0.05106660712604076,1.1698005813982428,2.414464268275136,1010,2003.11.15.06.48.46,46.79962894248609,False,0.08690300030412496
-0.11751342773437501,0.08258106589938176,0.23550000000000001,-0.554,0.1437956573269297,0.7895,1.629543690326662,0.24834670150201932,-0.02367991500163999,1.1637065944510745,1.9005799858747099,1011,2003.11.15.06.58.46,46.84601113172542,True,-0.03767507796508385
-0.1165697265625,0.08425996195351365,0.278,-0.579,0.14398790547799134,0.857,1.9265354727427315,0.3929805623511371,-0.039741087884062457,1.1680311248338366,2.2522339428459377,1012,2003.11.15.07.08.46,46.89239332096475,False,0.07556177298600075
-0.11679260253906251,0.08294621845881693,0.309,-0.6665000000000001,0.14339313699039724,0.9755,2.1570051891342974,0.458155130235661,-0.06242146575016704,1.1675284438956006,2.5173174685482382,1013,2003.11.15.07.18.46,46.93877551020408,False,0.041107092433969594
-0.117717041015625,0.08392954839733885,0.227,-0.5934999999999999,0.1447229888919313,0.8205,1.5691727695282816,0.2526651414417431,-0.05266123396017958,1.1679395966038852,1.8323620137483245,1014,2003.11.15.07.28.46,46.98515769944341,False,0.008529070833390384
-0.11692937011718749,0.0829853770356636,0.271,-0.492,0.1435592778705722,0.763,1.8750028952239917,0.23890490436847522,-0.05421189927474471,1.1673287927158598,2.1959233111461742,1015,2003.11.15.07.38.46,47.031539888682744,False,0.025714994358568388
-0.1166321044921875,0.08423561366837068,0.28300000000000003,-0.5740000000000001,0.14402923101740733,0.857,1.9593536923959465,0.4296726176065482,-0.040229279223241425,1.1686286110274282,2.2929456866852815,1016,2003.11.15.07.48.46,47.07792207792208,False,0.07187118590858921
-0.11866896972656249,0.08346667466733307,0.28200000000000003,-0.5955,0.14523614170005478,0.8775000000000001,1.9461960468344341,0.33923940828170296,-0.060591029428769115,1.1662256145009422,2.2672641013411434,1017,2003.11.15.07.58.46,47.124304267161406,False,0.0897091467422656
-0.1172894775390625,0.08432834532009659,0.265,-0.624,0.14458843823254952,0.889,1.8289822863028387,0.4602749615780102,-0.08329600355577316,1.1700936325610412,2.1420463123630706,1018,2003.11.15.08.08.46,47.17068645640074,False,0.0596694228935305
-0.11769567871093749,0.08407190988168015,0.3175,-0.5640000000000001,0.14481451943466028,0.8815,2.173737673687506,0.42577231205104726,-0.06265022642242887,1.1682759614957687,2.5500444242582896,1019,2003.11.15.08.18.46,47.217068645640076,False,0.06372190356639829
-0.1181617431640625,0.08464388283972646,0.27749999999999997,-0.6325000000000001,0.14546883876141142,0.91,1.9119424190315493,0.46589572744391994,-0.06064596420371397,1.168854198953956,2.232509562340322,1020,2003.11.15.08.28.46,47.26345083487941,False,0.07141303125382448
-0.1171960205078125,0.08418386000598027,0.2245,-0.5455,0.14441512909680626,0.77,1.5548394145757345,0.23485774229505552,-0.0595199398007438,1.1694054815832176,1.8180803234751668,1021,2003.11.15.08.38.46,47.30983302411874,True,-0.00684209842098038
-0.116533447265625,0.08283910761775398,0.27949999999999997,-0.509,0.1431444664993232,0.7885,1.9471620213109437,0.24953328746569392,-0.05830377612919953,1.167696343365741,2.276640471715444,1022,2003.11.15.08.48.46,47.35621521335807,False,0.04928044799787423
-0.11813420410156249,0.0838706186202984,0.36,-0.548,0.14502491140255702,0.9079999999999999,2.463627640826897,0.37458349535716273,-0.06324555119208483,1.1675402311850906,2.885920298417146,1023,2003.11.15.08.58.46,47.4025974025974,True,-0.011502251699787802
-0.11651533203125,0.0822505023903736,0.2525,-0.603,0.14278997742461075,0.8554999999999999,1.7671348864171925,0.4074098933042871,-0.0452186117989289,1.1652680678766325,2.059875530353824,1024,2003.11.15.09.08.46,47.44897959183674,False,0.032716425870100485
-0.1168553466796875,0.0825089603139044,0.3025,-0.6455,0.14320532944981798,0.9480000000000001,2.113071863896509,0.3574109600192532,-0.036544338782927115,1.1658428324773638,2.4631334998372623,1025,2003.11.15.09.18.46,47.49536178107607,False,0.0398335462752728
-0.1181413818359375,0.08403350007356397,0.2905,-0.5825,0.14514507088054607,0.873,1.9879537989420515,0.360424910659225,-0.060140535741433174,1.1675805960556964,2.3279739757807203,1026,2003.11.15.09.28.46,47.541743970315395,False,0.08867270393520471
-0.11729777832031249,0.0817035588400011,0.265,-0.5605,0.14307861941511502,0.8254999999999999,1.8426628313583164,0.3311673135798012,-0.021625887772393125,1.1634950526349406,2.1493744142006452,1027,2003.11.15.09.38.46,47.58812615955473,False,0.03748859596650511
-0.11634587402343749,0.08310453357913389,0.2405,-0.5785,0.14308551810273057,0.819,1.6790727541811177,0.2551478944234713,-0.024960334379544164,1.1669824742840627,1.9602447847750741,1028,2003.11.15.09.48.46,47.634508348794064,False,0.015325562853189534
-0.117704541015625,0.08262875636584001,0.2515,-0.6125,0.14396041243043678,0.864,1.74059652029365,0.33089057545251954,-0.02547829098788771,1.1634825792717698,2.0285600793680003,1029,2003.11.15.09.58.46,47.680890538033395,False,0.017415712616824508
-0.1172640380859375,0.08260651777656577,0.276,-0.5565,0.14359657506898238,0.8325,1.9163735544027272,0.36613266309374004,-0.03185193729953091,1.165282412896703,2.2362079263855743,1030,2003.11.15.10.08.46,47.72727272727273,False,0.032137077940175174
-0.11696555175781251,0.08275285127138704,0.264,-0.581,0.14344129384013893,0.845,1.8361705455840354,0.3460426028063497,-0.04948206570940966,1.1664038125176481,2.1438607368907734,1031,2003.11.15.10.18.46,47.77365491651206,False,0.07251790406976588
-0.11751340332031252,0.08249473269130761,0.2785,-0.5405,0.14373894030443884,0.819,1.9279444817496743,0.24703180764657762,-0.022850975085158,1.164599996175381,2.2506650787667724,1032,2003.11.15.10.28.46,47.82003710575139,False,0.03787388512758194
-0.11681379394531251,0.08248426578582727,0.2565,-0.6185,0.14314710623802485,0.875,1.7870045011570967,0.35285339769518353,-0.07281730103110622,1.167297085252489,2.088642947254294,1033,2003.11.15.10.38.46,47.86641929499073,False,0.06187905096649016
-0.1168411865234375,0.08216854494588013,0.2625,-0.6619999999999999,0.143016828410143,0.9245,1.8357079036409387,0.47250754842218123,-0.06987823441916446,1.1654854037258624,2.1393549433641,1034,2003.11.15.10.48.46,47.91280148423006,False,0.01862502059579063
-0.11786467285156249,0.08314373265146721,0.2525,-0.626,0.14438038050488802,0.8785,1.739466264076643,0.2829371759627912,-0.059978782537327524,1.165962167434484,2.032398581830765,1035,2003.11.15.10.58.46,47.95918367346938,False,0.056666202302993796
-0.1168673583984375,0.08325702055485812,0.33299999999999996,-0.537,0.14364119940831194,0.8700000000000001,2.315969353609494,0.32964018851748045,-0.050821744663129303,1.1680206017832226,2.70637197760252,1036,2003.11.15.11.08.46,48.00556586270872,False,0.04201069407783875
-0.11656455078125,0.08351259438439139,0.287,-0.536,0.14354296104824343,0.823,1.9851865395170138,0.25917253818202046,-0.02415914270900639,1.168294076968263,2.3256512673892793,1037,2003.11.15.11.18.46,48.05194805194805,False,0.04745017905594595
-0.1181265625,0.08287941502088302,0.3185,-0.5569999999999999,0.1444451078602824,0.8755,2.191847518480645,0.3608310105848367,-0.04147606196463449,1.1648055640326995,2.5599929186213553,1038,2003.11.15.11.28.46,48.098330241187384,False,0.04890540804146715
-0.1171734130859375,0.08382312820939716,0.321,-0.5615,0.14418322530822683,0.8825000000000001,2.2199987473161915,0.2732766493624519,-0.03361021814162185,1.1684456703247497,2.5970296139060434,1039,2003.11.15.11.38.46,48.144712430426715,False,0.055621982675786885
-0.1172852294921875,0.0829448036775069,0.2575,-0.565,0.143817095904208,0.8225,1.788912965235328,0.3249590619154603,-0.05846401211853418,1.1669809866161862,2.0883964237502353,1040,2003.11.15.11.48.46,48.191094619666046,False,0.08315906024064051
-0.1178821044921875,0.08378247499707875,0.2475,-0.5665,0.14477787775692733,0.814,1.7033964420102752,0.3773951159894804,-0.04750108011982915,1.166896456106031,1.9908543004217711,1041,2003.11.15.11.58.46,48.237476808905384,False,0.025412862269265757
-0.1168338623046875,0.08402134088011964,0.3355,-0.6065,0.14405797476635296,0.9420000000000001,2.327225387385236,0.44382098714918916,-0.05304551626821849,1.1688345240371931,2.7210265756640926,1042,2003.11.15.12.08.46,48.283858998144716,False,0.03892350373548337
-0.1163151611328125,0.08394571598018405,0.2945,-0.657,0.14362446538416324,0.9514999999999999,2.035293994564565,0.4258743063228172,-0.07997983712953347,1.1704806297933692,2.3906752593610725,1043,2003.11.15.12.18.46,48.33024118738404,False,0.0545984708928996
-0.11775734863281251,0.08435917340155012,0.276,-0.602,0.14503131345195736,0.8779999999999999,1.894907689893536,0.3177959762861131,-0.03963965449671248,1.1678799656808239,2.217316851861411,1044,2003.11.15.12.28.46,48.37662337662338,False,0.08758743574423716
-0.11670375976562503,0.08381344741008032,0.25,-0.6739999999999999,0.14382801005796367,0.9239999999999999,1.7305521295214612,0.40059392299970464,-0.07294996385694116,1.170013968065777,2.027929315287213,1045,2003.11.15.12.38.46,48.42300556586271,False,0.03179052720826758
-0.1174283203125,0.08409990561662989,0.22699999999999998,-0.5115,0.14459268564515185,0.7384999999999999,1.5689902285754758,0.25521386804169954,-0.02914359216421021,1.167634118202076,1.8324342286504298,1046,2003.11.15.12.48.46,48.46938775510204,True,-0.06320083911869923
-0.1177065185546875,0.084889840207751,0.255,-0.5945,0.1453069083206216,0.8495,1.7507352415722266,0.2898939292901028,-0.040719708803573396,1.168080923531078,2.0471175843516156,1047,2003.11.15.12.58.46,48.51576994434137,False,0.08061678709129916
-0.117349951171875,0.08400717566991475,0.2845,-0.6165,0.1444963529885064,0.901,1.953326449156743,0.3815182512658306,-0.07700846236971756,1.1688116853302257,2.2907393961393185,1048,2003.11.15.13.08.46,48.5621521335807,False,0.0848673306168522
-0.1168866943359375,0.08361109131363331,0.271,-0.575,0.14384616839622577,0.8460000000000001,1.8677949558927756,0.30267389386302224,-0.05264767881379517,1.1675620886924651,2.1881235409121147,1049,2003.11.15.13.18.46,48.608534322820034,False,0.08968373752198822
-0.11767707519531251,0.0845007261987702,0.26,-0.632,0.14500883014982424,0.892,1.7958920257168276,0.4293062843841664,-0.0695384384211529,1.1686278176439382,2.0972576816610076,1050,2003.11.15.13.28.46,48.65491651205937,False,0.07262838374699443
-0.11660024414062499,0.08388457339435602,0.3915,-0.6325000000000001,0.14382367814516892,1.024,2.692087508914017,0.5417376039735975,-0.061893835201309796,1.168797713781667,3.162765873164025,1051,2003.11.15.13.38.46,48.701298701298704,True,-0.08138213550592188
-0.11677978515625001,0.08346479985156757,0.261,-0.6234999999999999,0.1436860914328782,0.8845000000000001,1.8157166960822653,0.3580807944259319,-0.0676030829364823,1.1694482444445087,2.123766670455331,1052,2003.11.15.13.48.46,48.74768089053803,False,0.0784726756508346
-0.11720957031250001,0.08429872348614537,0.2445,-0.536,0.1445540540318553,0.7805,1.692735177103744,0.23262550598952259,-0.042159666296024564,1.1685972701849345,1.9774254474279576,1053,2003.11.15.13.58.46,48.79406307977737,False,0.02095699042308019
-0.11634226074218751,0.08379566759156765,0.3365,-0.619,0.14351594888765673,0.9555,2.3284138643599226,0.4497865049933645,-0.052224759963027875,1.1697080017439685,2.7311957123240984,1054,2003.11.15.14.08.46,48.8404452690167,False,0.029405699260219076
-0.116915771484375,0.08424626701723743,0.303,-0.6485,0.14424263765785678,0.9514999999999999,2.0830848274984444,0.46056404276649765,-0.07956850131543358,1.1708325937109945,2.4475954902451287,1055,2003.11.15.14.18.46,48.88682745825603,False,0.06773258017650441
-0.11770747070312498,0.08295303065972781,0.2575,-0.5245,0.14412297460260448,0.782,1.7840350693793643,0.25949462209519614,-0.040287931252621756,1.1657529071127715,2.0811449744903214,1056,2003.11.15.14.28.46,48.93320964749536,False,0.020368025103297493
-0.11627531738281251,0.08445209090543351,0.249,-0.5675,0.14384442614840956,0.8165,1.7240482884288373,0.26239101859428504,-0.06280508777788088,1.172282580909513,2.024436412920034,1057,2003.11.15.14.38.46,48.97959183673469,False,0.09149723425850476
-0.116622705078125,0.08428890812189083,0.28300000000000003,-0.542,0.14404660444613948,0.825,1.959081538554487,0.33320286468075766,-0.03871637574432415,1.1694077342315374,2.293696972616451,1058,2003.11.15.14.48.46,49.02597402597403,False,0.08413640035056019
-0.11775390625000001,0.08332218037613146,0.305,-0.659,0.14439971069094076,0.964,2.1023812343063017,0.3766243994128684,-0.03247907115382591,1.165046479547492,2.454356029302785,1059,2003.11.15.14.58.46,49.07235621521336,False,0.03552347103649989
-0.12281306152343749,0.08406735023255324,0.331,-0.637,0.14898224193087833,0.968,2.210566774091591,0.44898509077071935,-0.05875922908653629,1.1621489343383646,2.5755620148207363,1060,2003.11.15.15.08.46,49.118738404452685,False,0.008167539894207043
-0.11695612792968751,0.08499772030646172,0.2835,-0.6094999999999999,0.14474035818737907,0.893,1.9497586801531637,0.4409308365257867,-0.06291190839663968,1.1701768018316998,2.2859075341784445,1061,2003.11.15.15.18.46,49.16512059369202,False,0.09318534371650461
-0.1178417724609375,0.0827538450556811,0.27349999999999997,-0.565,0.14415471823495163,0.8385,1.8969914547293771,0.2570772565644053,-0.03954219009785939,1.1656028469899171,2.211296440878209,1062,2003.11.15.15.28.46,49.211502782931355,False,0.06334470132009518
-0.11661325683593751,0.08438245605676947,0.2975,-0.5545,0.1440880969212634,0.852,2.0614198560461423,0.30558371479200575,-0.013163255240125772,1.168019451392086,2.409571879316707,1063,2003.11.15.15.38.46,49.257884972170686,False,0.06782397742958657
-0.1169686767578125,0.08386780925053162,0.3795,-0.623,0.1441178577773799,1.0025,2.6017937714902475,0.40967113171571956,-0.03794701525261972,1.1678530232815447,3.055242086904713,1064,2003.11.15.15.48.46,49.30426716141002,True,-0.03723762367124561
-0.1177670166015625,0.08423782025339746,0.2635,-0.5589999999999999,0.1449448886810653,0.8225,1.81149453402322,0.3120173766017573,-0.03178276543054091,1.167678122307469,2.1188371816603797,1065,2003.11.15.15.58.46,49.35064935064935,False,0.07468760430723209
-0.11735754394531249,0.08431784689184854,0.3955,-0.6214999999999999,0.14464274001426802,1.017,2.7351584980571593,0.3757852789172078,-0.03964152333392956,1.1691847789532421,3.197492965083475,1066,2003.11.15.16.08.46,49.39703153988868,True,-0.05455069324224049
-0.1165785888671875,0.08346471687302835,0.27249999999999996,-0.558,0.1435600013018729,0.8305,1.8972195540152383,0.35159064367193427,-0.0507987766333422,1.1684578447160183,2.217328538345316,1067,2003.11.15.16.18.46,49.44341372912802,False,0.07183969203752494
-0.118323974609375,0.08444934716240673,0.3125,-0.6065,0.14551864644080068,0.919,2.1491952078525243,0.4114781496797486,-0.05405110974868704,1.16854354848198,2.5104430908468967,1068,2003.11.15.16.28.46,49.48979591836735,False,0.09472463979441065
-0.1165304931640625,0.08291873818181289,0.3135,-0.6645000000000001,0.1431791347729617,0.9780000000000001,2.2009256078104773,0.3680867453718908,-0.04549149768720466,1.167580859995652,2.563753890794797,1069,2003.11.15.16.38.46,49.53617810760667,False,0.03397503552205983
-0.1165328125,0.08249572710882591,0.33199999999999996,-0.5395,0.14293011032028408,0.8714999999999999,2.3163005611688297,0.35453182749703616,-0.05519385965993863,1.166842893506551,2.706312845407166,1070,2003.11.15.16.48.46,49.58256029684601,False,0.028773238641036536
-0.117980419921875,0.08469801722032264,0.266,-0.5735,0.14540023537360772,0.8395,1.8239794918902752,0.3565648999536246,-0.060739309353562726,1.1689592323246127,2.1350973366061563,1071,2003.11.15.16.58.46,49.62894248608534,False,0.09838359917372619
-0.117010595703125,0.08423579058222375,0.28049999999999997,-0.6014999999999999,0.14431180289741208,0.8819999999999999,1.9309779553547903,0.2855268942299469,-0.04464858355860623,1.169909450338939,2.2654967071294125,1072,2003.11.15.17.08.46,49.67532467532468,False,0.099129235754363
-0.11650214843750001,0.08379216470673129,0.2685,-0.602,0.14368027568685268,0.8705,1.8573695334846847,0.36446634021894275,-0.05265176858270315,1.1683655355145164,2.176195913269753,1073,2003.11.15.17.18.46,49.721706864564005,False,0.07701010937683439
-0.11758349609374999,0.08450816835334135,0.2895,-0.5700000000000001,0.1449721435969359,0.8594999999999999,1.9944304533398327,0.39864495335161987,-0.06980004102790426,1.169948341006839,2.334659799363807,1074,2003.11.15.17.28.46,49.76808905380334,False,0.08542762979618868
-0.1169318115234375,0.08450056276193332,0.254,-0.6385000000000001,0.1443897856491276,0.8925000000000001,1.7571650420890381,0.4196622707340867,-0.07259148480323915,1.1703962109598152,2.0576569994607623,1075,2003.11.15.17.38.46,49.814471243042675,False,0.06013334484766719
-0.1171102294921875,0.08394000782413787,0.248,-0.5545,0.14425462808186204,0.8025,1.7210162761628949,0.2585300197871041,-0.04664406787250046,1.1689668597777216,2.010827788206084,1076,2003.11.15.17.48.46,49.860853432282006,False,0.048616743525339734
-0.1175116943359375,0.08243800083092662,0.267,-0.4945,0.14370313278835495,0.7615000000000001,1.8496859753859543,0.14377050052396556,-0.008338187254477672,1.1641939514254773,2.157952470652171,1077,2003.11.15.17.58.46,49.90723562152134,True,-0.025794211984342508
-0.117296533203125,0.08424320558160288,0.2575,-0.6495,0.14455962972656036,0.907,1.7676674990213752,0.27181671296828447,-0.0684971062660786,1.170511610879439,2.076637469030303,1078,2003.11.15.18.08.46,49.95361781076067,False,0.07951869020058805
-0.11629787597656249,0.08416532978207852,0.28700000000000003,-0.675,0.14374068847728705,0.962,1.9861096108275338,0.49776295272023674,-0.08913095007396592,1.1705942863415641,2.3306792585115312,1079,2003.11.15.18.18.46,50.0,False,0.02765077383021619
-0.11753532714843751,0.08396839628391464,0.3105,-0.536,0.14462220644097085,0.8465,2.154490372693087,0.30591927137217767,-0.0461050152921764,1.1677515750155365,2.511967852790443,1080,2003.11.15.18.28.46,50.04638218923934,False,0.07155790668730078
-0.11723601074218751,0.08440910329487317,0.2905,-0.7045,0.14462300689394722,0.9950000000000001,2.004651344059192,0.5022145301905325,-0.08896604123822795,1.1702515495507142,2.3478964932900306,1081,2003.11.15.18.38.46,50.09276437847866,False,0.020696724974256786
-0.1173415283203125,0.08356198502942691,0.275,-0.5345,0.1442143869262142,0.8094999999999999,1.8916755314728222,0.19357838898664115,-0.023352028310928422,1.1667904395934978,2.2158181154253875,1082,2003.11.15.18.48.46,50.139146567717994,False,0.03308467254856218
-0.1175987060546875,0.08394005587409271,0.3005,-0.6034999999999999,0.1446102210644793,0.904,2.078251799021913,0.335569123712975,-0.06214467506782829,1.168352753893935,2.4280255803652135,1083,2003.11.15.18.58.46,50.18552875695733,False,0.09374770542920996
-0.11735715332031249,0.08373222404417027,0.27749999999999997,-0.6595,0.14434763042379534,0.937,1.928411891263424,0.41980487691952106,-0.07428645324642504,1.168076295617759,2.2494340202302805,1084,2003.11.15.19.08.46,50.231910946196656,False,0.0610642060678066
-0.11761567382812499,0.08316978915605441,0.2845,-0.614,0.14421073256222938,0.8985,1.976145367682061,0.26205096382609727,-0.0585796430485698,1.166554116709563,2.3035954534418037,1085,2003.11.15.19.18.46,50.278293135435995,False,0.07475354700827064
-0.11799042968750001,0.08281192102021809,0.304,-0.5885,0.14433295790709533,0.8925,2.110091199886263,0.33262130717630933,-0.0603343980354222,1.165860672815349,2.4577538109813855,1086,2003.11.15.19.28.46,50.324675324675326,False,0.08161336373134331
-0.11668488769531252,0.08280050918882326,0.243,-0.5920000000000001,0.14322661347771432,0.835,1.6923798189760664,0.3102717489316871,-0.08438903580845589,1.169154299099605,1.980882333146179,1087,2003.11.15.19.38.46,50.37105751391465,False,0.041576059642490115
-0.11668935546875,0.08344992240579521,0.23199999999999998,-0.5575,0.14362579099407363,0.7895,1.6143469331286013,0.2899693827101557,-0.06050171920256019,1.168438226229985,1.8867882332005252,1088,2003.11.15.19.48.46,50.41743970315399,False,0.016439482470905653
-0.11826245117187499,0.08416973078579568,0.304,-0.6080000000000001,0.14533466269346174,0.912,2.083546054910502,0.3721507779329378,-0.03651398024513144,1.1666601493335507,2.435193298482062,1089,2003.11.15.19.58.46,50.46382189239333,False,0.08534715942214971
-0.1165703369140625,0.08369204352604342,0.242,-0.6275,0.14364364810086583,0.8694999999999999,1.6865184398671587,0.36848867363890725,-0.03985701559010295,1.1686166297786587,1.969951455422243,1090,2003.11.15.20.08.46,50.51020408163265,False,0.029858383140816236
-0.1171093017578125,0.08452899653993295,0.28300000000000003,-0.641,0.14460170476010337,0.9239999999999999,1.952565101700312,0.4022892023291831,-0.0582006637100824,1.1695503434361039,2.2860561296752206,1091,2003.11.15.20.18.46,50.55658627087198,False,0.0878820532924558
-0.11837587890625,0.0831726157054915,0.28800000000000003,-0.6265000000000001,0.14483711406133298,0.9145,1.9882553883497156,0.40919113214013825,-0.07575375000793615,1.1652512139105564,2.3169254408721542,1092,2003.11.15.20.28.46,50.60296846011132,False,0.06437158844232249
-0.1177442138671875,0.08342215857260249,0.2455,-0.6080000000000001,0.1444717761571192,0.8535,1.7010957345269053,0.38145146312236555,-0.017227800995092933,1.1652045785179224,1.9811758206330816,1093,2003.11.15.20.38.46,50.649350649350644,True,-0.0031752969724850866
-0.11742353515625001,0.08395827855977547,0.244,-0.5845,0.1445089725619329,0.8285,1.6902965575759064,0.25805059972057154,-0.05960052304729976,1.169856510535838,1.9764247682318,1094,2003.11.15.20.48.46,50.69573283858998,False,0.06063147033042071
-0.11816643066406249,0.0840372612261826,0.26949999999999996,-0.6455,0.14518229794813842,0.9149999999999999,1.8512663906638889,0.301407460350102,-0.044564284761289145,1.1675374242870924,2.1641355642707545,1095,2003.11.15.20.58.46,50.742115027829314,False,0.06397839659945315
-0.11752255859375,0.08468368072825949,0.23550000000000001,-0.581,0.14502302728484762,0.8165,1.6164466413415846,0.21330097741454335,-0.021770200613918447,1.1675506044348827,1.8911522280015358,1096,2003.11.15.21.08.46,50.78849721706865,True,-0.01569418930914912
-0.11795375976562499,0.0852038941977492,0.2895,-0.635,0.14567725228824463,0.9245,1.973551899526334,0.3669344289193821,-0.03082224725869334,1.1690509125480453,2.3139047285625214,1097,2003.11.15.21.18.46,50.83487940630798,False,0.07480384238725801
-0.11766552734374999,0.08487824619875023,0.316,-0.708,0.1452657104768313,1.024,2.167949526818087,0.5014254282017812,-0.08835438297667203,1.1700570644563808,2.540620477186817,1098,2003.11.15.21.28.46,50.881261595547315,False,0.004299791771762984
-0.11640810546875,0.08260645932084236,0.3185,-0.6095,0.14289954397603005,0.928,2.2072301116292556,0.3084689506535654,-0.055636476564981996,1.1672951354565169,2.5868832998199918,1099,2003.11.15.21.38.46,50.927643784786646,False,0.05230087230421787
-0.11702182617187501,0.08445050438366064,0.23049999999999998,-0.5725,0.14445815055630867,0.8029999999999999,1.5953953995174426,0.28918144727728756,-0.051242571152011945,1.1696863162625626,1.8662318538294282,1100,2003.11.15.21.48.46,50.97402597402597,False,0.017665986879512596
-0.11794055175781251,0.0835047063103582,0.2905,-0.544,0.14466908245236648,0.8345,2.004557485814333,0.3071696945517641,-0.04903393448786934,1.1668590343863514,2.340752608653136,1101,2003.11.15.21.58.46,51.02040816326531,False,0.08604005338908571
-0.11668823242187501,0.08309794839875081,0.254,-0.5640000000000001,0.14341051831136897,0.8180000000000001,1.769185474704862,0.2806578482290094,-0.047484832766949536,1.167505655248709,2.0664363824782694,1102,2003.11.15.22.08.46,51.06679035250464,False,0.06351909416109025
-0.11642734375,0.08226927904402474,0.2465,-0.5854999999999999,0.14270909837699686,0.832,1.7230973900685485,0.22719251325691658,-0.04526899155138331,1.1673765362153876,2.0137806770658964,1103,2003.11.15.22.18.46,51.113172541743964,False,0.04002000131229777
-0.1178006103515625,0.08410256951444942,0.2635,-0.5985,0.14489055622580754,0.862,1.8188222590241618,0.2530541708716241,-0.04102597454285399,1.1680726299242545,2.124403898112768,1104,2003.11.15.22.28.46,51.1595547309833,False,0.0757331702461439
-0.1167813232421875,0.08296408969159996,0.255,-0.5515,0.14341344265674205,0.8065,1.7699116487941127,0.22426141881352946,-0.02658995469303262,1.1669878260796724,2.0698775781903933,1105,2003.11.15.22.38.46,51.20593692022264,False,0.02249964055750986
-0.11705322265625001,0.08377053914550198,0.2355,-0.577,0.14410170059348565,0.8125,1.6289770377312036,0.30990721641865937,-0.042736910367673964,1.1678569039288929,1.9051852711262383,1106,2003.11.15.22.48.46,51.252319109461965,False,0.02091536714212161
-0.11863073730468748,0.0836663961792945,0.3345,-0.5605,0.1453483864050469,0.895,2.3079506645604706,0.3236765563956139,-0.053892352595264204,1.1665722156321203,2.6887816870747407,1107,2003.11.15.22.58.46,51.298701298701296,False,0.04990591482654627
-0.11640358886718749,0.08285614885581538,0.243,-0.59,0.14302003596756105,0.833,1.6848203385635179,0.29161947252619,-0.027193469954419795,1.1662734977076292,1.9715709043032188,1108,2003.11.15.23.08.46,51.345083487940634,False,0.01745916008536208
-0.1161781494140625,0.08345697098321073,0.276,-0.714,0.14322700688362144,0.99,1.9307877174915906,0.4365069348126751,-0.049839232992708093,1.1692051400522514,2.25558855208509,1109,2003.11.15.23.18.46,51.39146567717996,False,0.010325813638050407
-0.1173947998046875,0.08515945786398713,0.265,-0.5740000000000001,0.1451855827259121,0.839,1.8278574641572216,0.31573309494068824,-0.057208128340097725,1.1708105504805644,2.138752350319428,1110,2003.11.15.23.28.46,51.4378478664193,False,0.11892945012346712
-0.11670136718750002,0.08478963751339688,0.2845,-0.5785,0.1444269356081092,0.863,1.9619550135966741,0.4500837668683384,-0.06302114909694075,1.1707025613938637,2.3006689686583393,1111,2003.11.15.23.38.46,51.48423005565863,False,0.08699050317018503
-0.11717553710937499,0.08394615709967637,0.28300000000000003,-0.654,0.14433692348227112,0.937,1.9525129161453434,0.317132627297378,-0.03705088409022558,1.1674958077163307,2.284002601144187,1112,2003.11.15.23.48.46,51.53061224489795,False,0.0628929787861332
-0.11818828125,0.08392304304117082,0.238,-0.542,0.14511143325140657,0.78,1.6357672715651057,0.4190724583689964,-0.07427147574153117,1.1677187866682814,1.9122503599205372,1113,2003.11.15.23.58.46,51.57699443413729,True,-0.0017366679076096236
-0.11658615722656249,0.08289438571032234,0.27549999999999997,-0.5545,0.14317136684502568,0.8300000000000001,1.931141669144505,0.30222203576179374,-0.03791945179362523,1.1663414081304833,2.2489598781941718,1114,2003.11.16.00.08.46,51.62337662337663,False,0.07463472130854354
-0.11715568847656249,0.08468658286206018,0.238,-0.537,0.14472338746269303,0.775,1.6408641886758941,0.2699656100221437,-0.05150077256801421,1.1701632756005766,1.9217858429837764,1115,2003.11.16.00.18.46,51.66975881261595,False,0.017392683199724535
-0.1177951904296875,0.08511394783202814,0.4185,-0.593,0.14547440863014638,1.0115,2.870645639853267,0.45830637351390946,-0.061847157316249894,1.1702850881745022,3.362543898959086,1116,2003.11.16.00.28.46,51.716141001855284,True,-0.04402436184745784
-0.11683979492187502,0.08431627713720181,0.2395,-0.646,0.14424290753330707,0.8855,1.6588882565850964,0.3264298156029335,-0.0686088294566103,1.171411146645946,1.9440728693377656,1117,2003.11.16.00.38.46,51.76252319109462,False,0.046378558525836056
-0.1170546875,0.08481734339400418,0.32199999999999995,-0.5825,0.14469163999836587,0.9045000000000001,2.2356842952036073,0.44577643637963615,-0.030485247727836548,1.1697452645392947,2.6104458861267723,1118,2003.11.16.00.48.46,51.80890538033395,False,0.041613629617838765
-0.1174176513671875,0.08429275135178119,0.32199999999999995,-0.5675,0.1447001653309964,0.8895,2.2215353727518896,0.35946382475139704,-0.06826854589570905,1.169902534511885,2.600880691212777,1119,2003.11.16.00.58.46,51.855287569573285,False,0.07651582330764084
-0.1168357666015625,0.08285819140604353,0.232,-0.5700000000000001,0.1433961630679749,0.802,1.6098858414213668,0.24873791742896656,-0.07155464320971927,1.1684856468046945,1.8848616231818722,1120,2003.11.16.01.08.46,51.901669758812616,False,0.006432898645196583
-0.116756494140625,0.0844973621903071,0.2505,-0.5505,0.1442837880109224,0.8009999999999999,1.7338358221026915,0.2974641007744503,-0.034993276295124276,1.1691181317720236,2.0283525059364074,1121,2003.11.16.01.18.46,51.94805194805194,False,0.049416381594552417
-0.1177968505859375,0.08371847725047071,0.28200000000000003,-0.5994999999999999,0.14464023723873184,0.8815,1.9470569549271066,0.3450723298853222,-0.04839425892555702,1.1674308665719844,2.2744679435054125,1122,2003.11.16.01.28.46,51.99443413729128,False,0.09148343646903295
-0.11719782714843749,0.08359129933990772,0.28200000000000003,-0.577,0.1441124975873873,0.859,1.9650065240207768,0.4906921735177303,-0.05825666775388502,1.167385923250415,2.2898478182952333,1123,2003.11.16.01.38.46,52.04081632653062,False,0.05862496419382546
-0.11725998535156248,0.08493656907966014,0.28350000000000003,-0.5549999999999999,0.1449260718408414,0.8385,1.9451938670396745,0.3910077316493419,-0.07247452309563368,1.1711601852099824,2.2844198056109106,1124,2003.11.16.01.48.46,52.08719851576994,False,0.09269663355646018
-0.11807978515624999,0.08318173674366183,0.316,-0.598,0.14459695530648828,0.9139999999999999,2.1641388938704225,0.25319616386242827,-0.04122665374044911,1.165322742728664,2.5316914883015014,1125,2003.11.16.01.58.46,52.13358070500927,False,0.05632412685998789
-0.11646699218749999,0.08396735505529732,0.271,-0.6519999999999999,0.14370529579714972,0.923,1.894163763146185,0.40339761754607806,-0.06956725414952283,1.1709389299146145,2.213809404598683,1126,2003.11.16.02.08.46,52.17996289424861,False,0.07103914276483236
-0.11658117675781252,0.08447135352774707,0.3065,-0.563,0.14413260354630603,0.8694999999999999,2.108536046026046,0.23934857160544798,-0.025704448511318027,1.1694237371101428,2.4736962333668417,1127,2003.11.16.02.18.46,52.22634508348795,False,0.07542606242204775
-0.117324609375,0.08564014199628006,0.3245,-0.637,0.14543010986220944,0.9615,2.222161401382794,0.34873540813039994,-0.05056719392710446,1.1723793901355926,2.6102912790821913,1128,2003.11.16.02.28.46,52.27272727272727,False,0.09619500436733791
-0.11714147949218749,0.08379469747122911,0.309,-0.587,0.14419742242513506,0.896,2.1160975022138437,0.3398556558816057,-0.05015291670332224,1.168136472078043,2.48683265929281,1129,2003.11.16.02.38.46,52.319109461966605,False,0.09413181799241777
-0.1166154052734375,0.08429884092536724,0.3025,-0.6275,0.1440519879676208,0.9299999999999999,2.0799539082255123,0.39310184558825445,-0.0562702230411051,1.1696822347963498,2.4434625523435773,1130,2003.11.16.02.48.46,52.36549165120594,False,0.09098194325200154
-0.115985400390625,0.08681196978570194,0.287,-0.597,0.14501171750966962,0.8839999999999999,1.9633965936595361,0.37232972490387173,-0.056663833112816406,1.17511761228256,2.313801123443171,1131,2003.11.16.02.58.46,52.41187384044527,False,0.16667643194503595
-0.1168347412109375,0.08386204830741284,0.243,-0.605,0.1439776904816669,0.848,1.6847281556918454,0.28486328177956266,-0.05063866045056227,1.168739535943514,1.9705297138989954,1132,2003.11.16.03.08.46,52.458256029684605,False,0.05589665444082803
-0.11645324707031249,0.08543992738852636,0.255,-0.558,0.14457794082450573,0.813,1.7597381381024924,0.3623400566755284,-0.05785318443992761,1.1722696999521371,2.0648913082685243,1133,2003.11.16.03.18.46,52.50463821892394,False,0.10241360984912856
-0.11837773437499999,0.08486293917692406,0.278,-0.538,0.14580950354871575,0.8160000000000001,1.9024105104463929,0.27008075508086593,-0.03403472455328562,1.1682305796654642,2.2244539819903153,1134,2003.11.16.03.28.46,52.55102040816326,False,0.07588832911855936
-0.1168549072265625,0.08482038308686043,0.272,-0.6385000000000001,0.144551403586315,0.9105000000000001,1.8843287351190765,0.3523436664049986,-0.03240542176592753,1.1705712457883002,2.2043889424360996,1135,2003.11.16.03.38.46,52.5974025974026,False,0.07776017084798964
-0.11677856445312501,0.08483646807439879,0.2955,-0.619,0.1445093410381934,0.9145,2.033411786251431,0.33817578308380547,-0.040684962306266004,1.1704967012059002,2.386039309553875,1136,2003.11.16.03.48.46,52.64378478664193,False,0.09719345375537541
-0.1176255615234375,0.08323480527008492,0.2555,-0.585,0.1442426717847794,0.8405,1.7714018385215704,0.2961718528586883,-0.08020564276206751,1.1689415530832754,2.0706235046310977,1137,2003.11.16.03.58.46,52.69016697588126,False,0.07727647373138241
-0.1166700927734375,0.08513414473558287,0.35250000000000004,-0.5980000000000001,0.1446088626588506,0.9505000000000001,2.4159182426209824,0.4259350173372194,-0.06877533276760661,1.1713005658542872,2.8399559199386495,1138,2003.11.16.04.08.46,52.73654916512059,False,0.038703902454534145
-0.1165596435546875,0.08386535641746537,0.2345,-0.5835,0.1437505091946601,0.8180000000000001,1.63141643715436,0.2653577197494028,-0.044043577723958685,1.1694517852100026,1.9078026450020977,1139,2003.11.16.04.18.46,52.78293135435993,False,0.024244878028932937
-0.1183498291015625,0.08360443716391118,0.311,-0.613,0.14506157314036627,0.924,2.1499707689638794,0.2945830524988904,-0.055190240147824324,1.167238594295973,2.5066765232502437,1140,2003.11.16.04.28.46,52.829313543599255,False,0.07558209720110165
-0.11688312988281249,0.08286786277566449,0.28049999999999997,-0.5935,0.1434441231022627,0.8740000000000001,1.9506510866474052,0.3116504170606842,-0.021824542805174273,1.165214033407198,2.2755235482620053,1141,2003.11.16.04.38.46,52.875695732838594,False,0.05028934927006523
-0.1170964111328125,0.08394288896342653,0.2615,-0.6054999999999999,0.14420275903193763,0.867,1.8120341162666325,0.45564031912025316,-0.039247455687265,1.168447067299681,2.117994466164954,1142,2003.11.16.04.48.46,52.922077922077925,False,0.04910805493386705
-0.1170958251953125,0.08455120992266571,0.321,-0.594,0.14457969554829886,0.915,2.2074101138872395,0.31897627387660643,-0.043970400428219925,1.1701276590547494,2.589691669614833,1143,2003.11.16.04.58.46,52.96846011131725,False,0.09143502845843177
-0.116402001953125,0.08545944220913368,0.2685,-0.636,0.1445537623604327,0.9045,1.8492827051270035,0.28929716767840064,-0.05997136193216042,1.1730605853340583,2.17337303303766,1144,2003.11.16.05.08.46,53.01484230055659,False,0.13070916727716775
-0.11684565429687499,0.08462698583787692,0.2895,-0.52,0.14442492347891478,0.8095,2.009563340605416,0.26039742190670445,-0.02783274298909465,1.1700778383582489,2.3488957883431647,1145,2003.11.16.05.18.46,53.06122448979592,False,0.0439817640264728
-0.1177416748046875,0.0846038938652694,0.28200000000000003,-0.6005,0.14512388043782548,0.8825000000000001,1.9387754247155362,0.30430786693806566,-0.040687472388368603,1.1686907107649753,2.2678276947193723,1146,2003.11.16.05.28.46,53.10760667903524,False,0.10009905178105638
-0.11661748046875,0.0825519862404636,0.2455,-0.565,0.14302293079058498,0.8105,1.7179040865887454,0.3211801271695167,-0.05974737065325001,1.167489587882507,2.004911148858948,1147,2003.11.16.05.38.46,53.15398886827458,False,0.054862037931182495
-0.11661169433593749,0.0834868069695164,0.3165,-0.614,0.14357150850760542,0.9305,2.1887534992681252,0.32438901086461414,-0.06269282693412985,1.1695103612244293,2.5680742441190945,1148,2003.11.16.05.48.46,53.20037105751392,False,0.08111487378168053
-0.117759765625,0.08449872283978313,0.259,-0.6385,0.1451308596255702,0.8975,1.7856271105965316,0.3738814400526609,-0.06654501847326443,1.1693278373191571,2.0874293315649366,1149,2003.11.16.05.58.46,53.246753246753244,False,0.07910074619683982
-0.11696396484375,0.08412178282222388,0.3085,-0.585,0.14424457302917315,0.8935000000000001,2.133986332785722,0.3869870726455691,-0.046199484468838065,1.1687408650007378,2.496508732658116,1150,2003.11.16.06.08.46,53.293135435992575,False,0.07986582803592607
-0.11694755859375,0.08531620865265008,0.272,-0.565,0.14490010024949043,0.837,1.8728236632967235,0.2450156557041645,-0.05462888608216605,1.1726269375945608,2.1982657412747955,1151,2003.11.16.06.18.46,53.33951762523191,False,0.13104898185055053
-0.118343212890625,0.08471435435186703,0.316,-0.62,0.14568015521318933,0.9359999999999999,2.1538304849137297,0.3308846132172174,-0.039950462127478416,1.1677347282003987,2.522299851926901,1152,2003.11.16.06.28.46,53.38589981447124,False,0.08595626170130133
-0.11624028320312502,0.0853537811092189,0.3125,-0.5445,0.1443786457030228,0.857,2.1541560101383688,0.31187702419261076,-0.04035259738665221,1.172504939126695,2.530605733786172,1153,2003.11.16.06.38.46,53.432282003710576,False,0.09923957711913572
-0.11639296875,0.08488290254645071,0.28200000000000003,-0.6459999999999999,0.14422969600962782,0.9279999999999999,1.949205156471016,0.348175376463683,-0.012890161218131638,1.1691499640646388,2.2819886757774506,1154,2003.11.16.06.48.46,53.47866419294991,False,0.052727783456447574
-0.11800708007812499,0.08430437921489237,0.272,-0.6495,0.14519815965007488,0.9215,1.8667676147085572,0.33938855015727754,-0.0391540042754439,1.1675043351529721,2.1831525925321875,1155,2003.11.16.06.58.46,53.52504638218923,False,0.0658105525989745
-0.117561181640625,0.08391133739460985,0.303,-0.609,0.14460129307271197,0.9119999999999999,2.081675281411526,0.41542697232918124,-0.05127928633457601,1.1677053086132565,2.439158836135709,1156,2003.11.16.07.08.46,53.57142857142857,False,0.07766588075248015
-0.11671296386718752,0.0843820606505898,0.2905,-0.5885,0.14420295311747344,0.879,2.012747499801663,0.3124673649556371,-0.049896567133809494,1.170599610366777,2.3570385501630575,1157,2003.11.16.07.18.46,53.61781076066791,False,0.10651784094783051
-0.11775383300781249,0.08386456400450638,0.3295,-0.5800000000000001,0.14471191373290548,0.9095,2.2572221286687,0.4456545100675471,-0.026322635329947493,1.1662150797560384,2.642324245657541,1158,2003.11.16.07.28.46,53.66419294990723,False,0.01740857352092351
-0.11627412109375,0.0829607772202917,0.28300000000000003,-0.5409999999999999,0.14301742935647532,0.824,1.969372287706141,0.29401837781131324,-0.03408167521007633,1.1668422771858826,2.303489274119281,1159,2003.11.16.07.38.46,53.71057513914656,False,0.06622065670501909
-0.11700424804687501,0.08366052921802816,0.299,-0.592,0.14398920938753607,0.891,2.0776999639682536,0.3493086442803517,-0.053404507094615576,1.1679842036230152,2.426174420279095,1160,2003.11.16.07.48.46,53.7569573283859,False,0.09153463247530774
-0.11778798828125,0.08403156389252929,0.249,-0.521,0.1448295627396128,0.77,1.715646000176096,0.21383159664555174,-0.028011425074099393,1.1676412006694212,2.0051427963108894,1161,2003.11.16.07.58.46,53.80333951762524,True,-0.012872693004107427
-0.116790771484375,0.08500205319530273,0.2845,-0.6325000000000001,0.14459661714421818,0.917,1.968823098491073,0.4525687143575363,-0.055591056167416816,1.170873075744049,2.30454003790393,1162,2003.11.16.08.08.46,53.849721706864564,False,0.08579926514654174
-0.11700756835937501,0.08425106106766896,0.299,-0.5640000000000001,0.14432912239335366,0.863,2.07099358692433,0.3275903649731873,-0.03705946317068555,1.1687547806320808,2.4208252889522974,1163,2003.11.16.08.18.46,53.896103896103895,False,0.10212634685540634
-0.1178332763671875,0.0832871953485084,0.276,-0.6395,0.14444515085245158,0.9155,1.9050869127680101,0.28908045852754416,-0.012905514283104887,1.1647148759664128,2.2218308476269355,1164,2003.11.16.08.28.46,53.94248608534323,False,0.034884318068423514
-0.11691586914062499,0.08464188553033544,0.281,-0.5625,0.14445398055987863,0.8434999999999999,1.9423009711093226,0.3077164065207554,-0.05949142295989239,1.1703162692815239,2.2743943113622005,1165,2003.11.16.08.38.46,53.98886827458256,False,0.11134359548942707
-0.11632065429687499,0.0852735831454646,0.316,-0.5994999999999999,0.14439664977350858,0.9155,2.1907173435377953,0.23080976132843278,-0.03556666600285907,1.171983112885314,2.566239086266005,1166,2003.11.16.08.48.46,54.035250463821896,False,0.09699158074752046
-0.11728488769531249,0.0836911857248119,0.249,-0.613,0.14423021888982432,0.8620000000000001,1.7305119203075305,0.3300660269885147,-0.0809961218686671,1.1692894262141857,2.021309555500789,1167,2003.11.16.08.58.46,54.08163265306123,False,0.07029652276509091
-0.11695759277343751,0.08408656387991184,0.29400000000000004,-0.7155,0.14423017448010608,1.0095,2.03651501961712,0.48061352778293953,-0.05959135341271535,1.1686477484393105,2.3810658672609293,1168,2003.11.16.09.08.46,54.12801484230055,False,0.004809966278516931
-0.11671540527343749,0.08463503270072967,0.3075,-0.6045,0.14433764878744296,0.9119999999999999,2.1319482664856935,0.3755712972942311,-0.03669721195488786,1.1695845232565192,2.4927438424206487,1169,2003.11.16.09.18.46,54.17439703153989,False,0.09025961126077953
-0.11746301269531251,0.08257969283991845,0.364,-0.6120000000000001,0.14373248305192032,0.976,2.5401968379037143,0.3864332186092303,-0.03094853892410252,1.165297585331777,2.9557385461201893,1170,2003.11.16.09.28.46,54.22077922077923,True,-0.03888191680998687
-0.1171117431640625,0.08408424547976122,0.306,-0.649,0.14431811295821115,0.955,2.1256966193791182,0.42902403531633726,-0.0585559126519837,1.169341780772735,2.4829148025984438,1171,2003.11.16.09.38.46,54.26716141001855,False,0.06738521000424247
-0.1168673095703125,0.08390534539944915,0.3345,-0.6595,0.14401090541649364,0.994,2.31965040099229,0.44731609324213717,-0.03997209107649381,1.1695231728672089,2.714539472308373,1172,2003.11.16.09.48.46,54.31354359925788,False,0.008545447048220134
-0.1179757568359375,0.0840043842291914,0.2915,-0.6105,0.1449641548455362,0.9020000000000001,1.997839042615791,0.42651425358952366,-0.0530476913869312,1.1672186720578397,2.3385440916162645,1173,2003.11.16.09.58.46,54.35992578849722,False,0.07347995037525812
-0.116837451171875,0.08289156742608425,0.2995,-0.679,0.1434136677851984,0.9784999999999999,2.092661284660746,0.4338443797573117,-0.049439403178637695,1.167110689403094,2.4401223687676374,1174,2003.11.16.10.08.46,54.406307977736546,False,0.035692696664583745
-0.11655178222656251,0.0829882604514628,0.25,-0.5845,0.1432254664446545,0.8345,1.743710789217067,0.25760410583983684,-0.026669833251785974,1.1673358331508705,2.036454820357583,1175,2003.11.16.10.18.46,54.452690166975884,False,0.025191032027056748
-0.11750947265624999,0.08321122892819766,0.3085,-0.629,0.14411838838158691,0.9375,2.142190888194671,0.32683413894987345,-0.04826313514681159,1.1668612063514874,2.4989291814997374,1176,2003.11.16.10.28.46,54.499072356215216,False,0.06982151079282473
-0.1168308837890625,0.08200277469301409,0.2455,-0.5265,0.14288578431704618,0.772,1.7128836727359626,0.2580311339404271,-0.03243358995890273,1.1649787669851872,1.9984213072488606,1177,2003.11.16.10.38.46,54.54545454545454,True,-0.024628931802922915
-0.1168364990234375,0.0843876038404103,0.3065,-0.5875,0.14427628992442068,0.894,2.1300364400670775,0.4197906298975016,-0.025613368704692094,1.169069502390407,2.4871567115844266,1178,2003.11.16.10.48.46,54.59183673469388,False,0.06315768237389474
-0.1173776611328125,0.08418540730061377,0.34199999999999997,-0.6094999999999999,0.14459623284134743,0.9515,2.3472841969112386,0.49929649452734104,-0.04702445106141187,1.1679544468751208,2.7518771388632963,1179,2003.11.16.10.58.46,54.63821892393321,False,0.019752433538824277
-0.1175434326171875,0.08434283805608703,0.359,-0.6325000000000001,0.14482931645464187,0.9915,2.4764522138897815,0.4287380803846237,-0.047361385630207024,1.168563213777337,2.8952020046520137,1180,2003.11.16.11.08.46,54.68460111317254,True,-0.012206147430536718
-0.1169664794921875,0.08407707537643602,0.326,-0.5725,0.14420295429940208,0.8985000000000001,2.2501134160294862,0.3090918585618416,-0.04469813724734999,1.1698825858616904,2.6378993289972916,1181,2003.11.16.11.18.46,54.73098330241187,False,0.06356342885286459
-0.11791984863281249,0.08386071875861191,0.2345,-0.647,0.14484330132219927,0.8815,1.6151826611717954,0.30796999863511254,-0.05381390548692794,1.1679975150730144,1.8884866459492162,1182,2003.11.16.11.28.46,54.77736549165121,False,0.009684135903490265
-0.116931298828125,0.08299115529075107,0.3275,-0.665,0.14355192195098204,0.9924999999999999,2.2744565368070893,0.40920844135045975,-0.06274315001383393,1.167345245332783,2.658929157506803,1183,2003.11.16.11.38.46,54.823747680890534,False,0.03764078826046635
-0.11704006347656251,0.08427460967515926,0.2955,-0.6859999999999999,0.14439599442034612,0.9815,2.0409520500339773,0.5188025514314571,-0.07292059723691041,1.1702943846632996,2.391878672590529,1184,2003.11.16.11.48.46,54.87012987012987,False,0.03307651118025012
-0.1168171142578125,0.08403144635270386,0.28400000000000003,-0.5995,0.14404996409250015,0.8835000000000001,1.9671333772647892,0.4273945542083195,-0.03202170987874872,1.1679608254663432,2.2996049278180326,1185,2003.11.16.11.58.46,54.916512059369204,False,0.054898034716641786
-0.11657133789062499,0.08334597962639052,0.354,-0.5740000000000001,0.14345468292475844,0.9279999999999999,2.4596613566191254,0.3879340135813729,-0.04360029556819711,1.1683782908880693,2.877921548613395,1186,2003.11.16.12.08.46,54.96289424860853,True,-0.02370972045867681
-0.1169066162109375,0.08255973740420547,0.3055,-0.5995,0.14327361241474745,0.905,2.1311573114724784,0.31102209562418737,-0.0429392623558611,1.1653150637389906,2.48413037254297,1187,2003.11.16.12.18.46,55.009276437847866,False,0.07098505170495906
-0.11822424316406249,0.0831648417241927,0.265,-0.5835,0.14468467674128077,0.8485,1.828220387506479,0.3626533975200352,-0.049029067294283156,1.165365782371076,2.1322185867470695,1188,2003.11.16.12.28.46,55.0556586270872,False,0.0690635848997394
-0.116632568359375,0.0829182426457616,0.3395,-0.6285000000000001,0.14326126565257083,0.968,2.3572198557766364,0.4112736193667761,-0.04027194599662365,1.1671159705714453,2.7575991398868354,1189,2003.11.16.12.38.46,55.10204081632652,False,0.008181538801674715
-0.1169456787109375,0.08326592867576589,0.2505,-0.5429999999999999,0.1436826372408254,0.7934999999999999,1.7357656509339279,0.2843873284052012,-0.06416076306157323,1.170040795910638,2.0350333608410014,1190,2003.11.16.12.48.46,55.14842300556586,False,0.052043538443156456
-0.1179160400390625,0.08294062022116999,0.304,-0.614,0.14431251257484617,0.9179999999999999,2.108016641643106,0.42925197180682173,-0.059047456520995245,1.1657523145592812,2.456669516699795,1191,2003.11.16.12.58.46,55.1948051948052,False,0.061073583603214465
-0.11706955566406249,0.08330765770287371,0.2725,-0.6765,0.14383159828568465,0.949,1.886221540625118,0.48681719252107536,-0.06185904008888875,1.1681557115657677,2.2083794499992857,1192,2003.11.16.13.08.46,55.24118738404453,False,0.03735416409359871
-0.117562255859375,0.08392650607292157,0.3025,-0.6114999999999999,0.14458654321677375,0.914,2.0958899771909243,0.4259994586154352,-0.0555559405626712,1.1675324127043427,2.44492065057267,1193,2003.11.16.13.18.46,55.287569573283854,False,0.07339384898206747
-0.11810925292968749,0.08202455319331742,0.227,-0.607,0.14395897305771196,0.8340000000000001,1.5709728836054344,0.27617867722866474,-0.04434787241021107,1.1635688180770556,1.8311529292836517,1194,2003.11.16.13.28.46,55.33395176252319,True,-0.02392044773335278
-0.11642705078124999,0.08286120958803044,0.27949999999999997,-0.6765000000000001,0.14306211402653435,0.9560000000000001,1.9370094885848643,0.378913663943093,-0.058024253484906224,1.1672193341681782,2.2702601954682735,1195,2003.11.16.13.38.46,55.38033395176253,False,0.041301930269915355
-0.11685720214843749,0.08237150508862179,0.23099999999999998,-0.5549999999999999,0.143154876755633,0.786,1.6117030803791486,0.2054274392911244,-0.045855846340117676,1.1665329637707964,1.881293738731752,1196,2003.11.16.13.48.46,55.426716141001855,True,-0.026645144680670363
-0.117812548828125,0.08246283960723583,0.2585,-0.5589999999999999,0.14394868030358537,0.8174999999999999,1.7909530295537945,0.3586163965719906,-0.05555522873797754,1.1649181854660862,2.088794798021811,1197,2003.11.16.13.58.46,55.473098330241186,False,0.04795650994755207
-0.11726904296875,0.08164657019544495,0.3115,-0.5765,0.14303805349415533,0.8879999999999999,2.1570101079994517,0.36881556004193783,-0.045337215263541675,1.1626872321287984,2.5183321166682093,1198,2003.11.16.14.08.46,55.519480519480524,False,0.0490944794796101
-0.116904248046875,0.08289501745952146,0.2905,-0.7215,0.14347158611998462,1.012,2.0287079196377826,0.4038926380923116,-0.0405564391476389,1.166224606795934,2.363599991658065,1199,2003.11.16.14.18.46,55.56586270871985,True,-0.009161218787740566
-0.11823886718749999,0.08378746403186665,0.254,-0.5785,0.14506671673092458,0.8325,1.7477541970645438,0.3245255579162265,-0.04229721241244497,1.1664512083039948,2.0403243130940907,1200,2003.11.16.14.28.46,55.61224489795919,False,0.06420572149896409
-0.11737814941406251,0.083928552069154,0.314,-0.6140000000000001,0.14446797974905973,0.928,2.165174608298388,0.33346709273653796,-0.06484320460769163,1.1691216534327609,2.5358774861528137,1201,2003.11.16.14.38.46,55.65862708719852,False,0.08943795838187207
-0.1169685546875,0.08347605502145541,0.361,-0.663,0.14387772768596196,1.024,2.4972953950837598,0.5232867936059975,-0.04048907490951032,1.16741227053889,2.9217241798881366,1202,2003.11.16.14.48.46,55.70500927643784,True,-0.05088885556196521
-0.1174612548828125,0.08366202779434237,0.2695,-0.536,0.14437576586253706,0.8055,1.8591568941531242,0.19460768182337018,-0.06550524889033243,1.1687576942096543,2.1767746900968765,1203,2003.11.16.14.58.46,55.75139146567718,False,0.06530688374485283
-0.1170259521484375,0.08511928728011062,0.34550000000000003,-0.636,0.14487774538220238,0.9815,2.382675009284781,0.5137167837983472,-0.029162920380731792,1.1704102266069936,2.7900362884998025,1204,2003.11.16.15.08.46,55.79777365491652,True,-0.0026083134484824466
-0.116659521484375,0.08328606075418564,0.3725,-0.554,0.1435177900109776,0.9265,2.5735072599036113,0.29328850196591216,0.0068951754137346385,1.1652915574981582,3.009759886320885,1205,2003.11.16.15.18.46,55.84415584415584,True,-0.041735305835803316
-0.11805432128906249,0.08353932668026685,0.27949999999999997,-0.6045,0.14478869715250975,0.884,1.9256819585446663,0.31916632510376197,-0.05836458964633145,1.1670374559383059,2.250101657409025,1206,2003.11.16.15.28.46,55.890538033395174,False,0.09242606917612112
-0.11641540527343752,0.08355498199656824,0.3125,-0.674,0.14346853319551528,0.9864999999999999,2.165698197280121,0.4084890206984477,-0.05288201036164248,1.169210041702775,2.538821110004931,1207,2003.11.16.15.38.46,55.93692022263451,False,0.052156159666403745
-0.1168273193359375,0.08463767953602618,0.2555,-0.648,0.14437606589163654,0.9035,1.7647392517817027,0.3779870353631849,-0.03853802788954361,1.1700163801474677,2.0671519577026687,1208,2003.11.16.15.48.46,55.98330241187384,False,0.05605770363648055
-0.1174463623046875,0.08371419816517386,0.3115,-0.5725,0.14438705094483048,0.8839999999999999,2.148166640592358,0.2370258686204625,-0.052383267433172856,1.168406198553512,2.5149880008809866,1209,2003.11.16.15.58.46,56.029684601113175,False,0.08625944005418867
-0.1173313720703125,0.08295185082572154,0.2415,-0.6970000000000001,0.14383064483894037,0.9385,1.6740567670513222,0.346548609912837,-0.03609794889914511,1.165651137183416,1.9537946577272067,1210,2003.11.16.16.08.46,56.076066790352506,True,-0.03101710169713634
-0.116829345703125,0.08464572800626041,0.255,-0.5549999999999999,0.14441736638784233,0.81,1.759157858117773,0.27125159844251634,-0.03827521383211938,1.1693481260540852,2.060349472764693,1211,2003.11.16.16.18.46,56.12244897959183,False,0.07090922229394547
-0.1179222900390625,0.08415095746825527,0.344,-0.5945,0.14502759480118962,0.9385,2.3670575022105003,0.36307780839173165,-0.034837795773505036,1.1675773230063413,2.7660818678675447,1212,2003.11.16.16.28.46,56.16883116883117,False,0.02946194886202791
-0.1171048828125,0.08354075988461401,0.261,-0.624,0.14401122528540466,0.885,1.8183633283805138,0.4059990809763854,-0.06571531104134572,1.1688833098111466,2.1220503769278114,1213,2003.11.16.16.38.46,56.21521335807051,False,0.06213900525715921
-0.11655200195312501,0.08264894040932347,0.3295,-0.5725,0.14302159864791636,0.9019999999999999,2.298328077020224,0.2899988521263701,-0.0302968355545475,1.1666834835862043,2.6844098480265672,1214,2003.11.16.16.48.46,56.26159554730983,False,0.023439376762228847
-0.11815615234375,0.08348977868553144,0.256,-0.538,0.1448730855830106,0.794,1.768078293264892,0.26430188096106977,-0.033849170398856814,1.1654453611942444,2.0600321128928343,1215,2003.11.16.16.58.46,56.30797773654916,False,0.036610330016279446
-0.1169243408203125,0.08341906460309267,0.273,-0.5785,0.14379535494113826,0.8514999999999999,1.8902226415374672,0.2589181262683984,-0.0357125050753142,1.1679459574941444,2.2120757062326595,1216,2003.11.16.17.08.46,56.3543599257885,False,0.07654728270011157
-0.11639299316406251,0.08371505881889038,0.2905,-0.6265000000000001,0.1435405365857493,0.917,2.017374628179512,0.34970243210576357,-0.04886848681456235,1.1686109915752962,2.360771717764675,1217,2003.11.16.17.18.46,56.400742115027825,False,0.07464040839041741
-0.1181842529296875,0.08300339266247869,0.276,-0.6265000000000001,0.14458690830646695,0.9025,1.9092682369601348,0.2956810862589059,-0.03860456229541051,1.1643338245508335,2.2228064532024012,1218,2003.11.16.17.28.46,56.44712430426716,False,0.06273595790298658
-0.117022412109375,0.08405487646963267,0.297,-0.599,0.14425178525347587,0.8959999999999999,2.059735424475124,0.3966107065158293,-0.07110406851706455,1.1695394272877064,2.4084746303674875,1219,2003.11.16.17.38.46,56.493506493506494,False,0.08208021835151558
-0.116650341796875,0.08416164015971685,0.3015,-0.5275000000000001,0.14399168514619987,0.8290000000000001,2.090190690659279,0.2854497684609447,-0.01719560497835205,1.168355128571434,2.443884645989213,1220,2003.11.16.17.48.46,56.53988868274582,False,0.037292484224630607
-0.11779768066406252,0.08350321315829176,0.265,-0.6325000000000001,0.14455664632982163,0.8975,1.8275807526685974,0.3966586695284251,-0.07408234371421978,1.1682205325391921,2.1382859862620123,1221,2003.11.16.17.58.46,56.58627087198516,False,0.06852440920243741
-0.1169173583984375,0.08531413286422872,0.325,-0.6014999999999999,0.14486488932118505,0.9265,2.24207988444423,0.4807146353589604,-0.0836785626796249,1.1728390851942327,2.6302859667914014,1222,2003.11.16.18.08.46,56.63265306122449,False,0.06106911936582182
-0.1167716552734375,0.08439106400215003,0.3675,-0.632,0.14422065832923064,0.9994999999999999,2.5342960807223305,0.4308891898581071,-0.046482614803998866,1.1691417133637056,2.969845584232872,1223,2003.11.16.18.18.46,56.679035250463826,True,-0.02172206615335104
-0.11787109375000002,0.08476587686057988,0.28200000000000003,-0.642,0.14533588896108823,0.924,1.9371902876057399,0.3434147051099532,-0.051741192723753895,1.1695455862569246,2.2672536093619833,1224,2003.11.16.18.28.46,56.72541743970315,False,0.08301606998082672
-0.116742822265625,0.08352625727973426,0.305,-0.5760000000000001,0.14368866031559058,0.881,2.122589630804545,0.363065954054109,-0.06075899193312908,1.1699687034894688,2.4833961942302043,1225,2003.11.16.18.38.46,56.77179962894249,False,0.07950965901498602
-0.11722072753906249,0.08476901569788689,0.2905,-0.5945,0.14481063669439853,0.885,1.9966476718448911,0.41259903148049437,-0.03010984243585413,1.1688909828143865,2.33864776194141,1226,2003.11.16.18.48.46,56.81818181818182,False,0.0720087407257074
-0.1178814453125,0.08295654438146485,0.293,-0.5385,0.14430346188915366,0.8314999999999999,2.030386174970835,0.3493450138760108,-0.02455686021527797,1.1643307877097633,2.364070243729413,1227,2003.11.16.18.58.46,56.86456400742115,False,0.035221598779773156
-0.11665908203125,0.0833822011604492,0.28700000000000003,-0.5785,0.1435313788730761,0.8655,1.996907389061485,0.33435544698339004,-0.08558826386388603,1.1701352025805294,2.3380270095471865,1228,2003.11.16.19.08.46,56.91094619666048,False,0.08333208866507219
-0.117205615234375,0.08429006302288103,0.28200000000000003,-0.6014999999999999,0.14451924968429364,0.8835,1.9565764347364671,0.4658460954976742,-0.037739328904684954,1.1685038793020572,2.2833768439097657,1229,2003.11.16.19.18.46,56.95732838589982,False,0.06650056498773549
-0.11788417968750001,0.08260051543731678,0.28049999999999997,-0.6155,0.14408212987980956,0.896,1.9578737755733293,0.23969459212580668,-0.03571345541832905,1.1654919454365293,2.2755040583346533,1230,2003.11.16.19.28.46,57.003710575139145,False,0.04609181055765599
-0.11684453125,0.0833134715574122,0.277,-0.681,0.14364882102430937,0.9580000000000001,1.9256687923401405,0.48563743356761946,-0.046701379023000776,1.167263738323693,2.249384932241907,1231,2003.11.16.19.38.46,57.050092764378476,False,0.026206846793507488
-0.11658171386718749,0.08325097031044229,0.3,-0.6215,0.143423859526574,0.9215,2.074273641230457,0.42545382880821103,-0.04818354725769414,1.1680402621911272,2.432128820757331,1232,2003.11.16.19.48.46,57.096474953617815,False,0.06549576430127446
-0.11847082519531249,0.08389630074225712,0.33399999999999996,-0.5994999999999999,0.1453295486304439,0.9335,2.28055675724944,0.35627968236673757,-0.0576944532153639,1.1671620381759569,2.670684932307732,1233,2003.11.16.19.58.46,57.14285714285714,False,0.053797293487706344
-0.1171445068359375,0.08392706047119675,0.28550000000000003,-0.6945,0.14425781290457385,0.98,1.96893469031736,0.5764288819686152,-0.07801723888837375,1.1687437198747217,2.3067997043880806,1234,2003.11.16.20.08.46,57.18923933209648,False,0.018673598629698862
-0.1172591796875,0.08334942265697474,0.261,-0.645,0.14398391191295715,0.906,1.8140359433888553,0.40323788397670746,-0.04981483960231211,1.1670172812916952,2.1162961822426274,1235,2003.11.16.20.18.46,57.23562152133581,False,0.04998876951030473
-0.1175350341796875,0.08321922851032003,0.2995,-0.546,0.14415403745324332,0.8454999999999999,2.0535934749980767,0.29868993163544877,-0.03905598285842988,1.1661746527048273,2.407254405367706,1236,2003.11.16.20.28.46,57.28200371057513,False,0.07287939623852113
-0.1162805908203125,0.08396434502642298,0.29200000000000004,-0.647,0.14355638308407936,0.9390000000000001,2.0472460421298226,0.3139324379815889,-0.09639418168958323,1.172838687067581,2.3943556261705874,1237,2003.11.17.10.18.56,57.32838589981447,False,0.06642828053657879
-0.1187808349609375,0.08445543660094947,0.27849999999999997,-0.585,0.14590913093103167,0.8634999999999999,1.9034829618755627,0.4292399001899956,-0.06292503425260873,1.1672979799592946,2.224621121499524,1238,2003.11.17.10.22.30,57.37476808905381,False,0.07256653625931342
-0.11991767578125,0.08468063801315397,0.3175,-0.6165,0.14694628467733406,0.9339999999999999,2.1630355569974924,0.43283126365521696,-0.027586592783987278,1.1645070364345287,2.5177880589890242,1239,2003.11.17.10.32.30,57.42115027829313,False,0.050603573759519294
-0.119333642578125,0.08460646964154624,0.2645,-0.597,0.1464716119120834,0.8614999999999999,1.7963231832360411,0.41157987482804703,-0.09087786719743751,1.1672373381082841,2.101664588776968,1240,2003.11.17.10.42.30,57.467532467532465,False,0.05362881122137342
-0.1183219482421875,0.08420513943737824,0.33,-0.537,0.1454035031228047,0.867,2.271978192788178,0.3786440868507024,-0.046815757194475754,1.1676629395787348,2.651386474855436,1241,2003.11.17.10.52.30,57.5139146567718,False,0.0410065900913118
-0.119058056640625,0.08378537187958238,0.249,-0.5740000000000001,0.1457503053196616,0.823,1.704833658047544,0.3662905763593969,-0.028635149376276516,1.1640125459864827,1.9864106459220863,1242,2003.11.17.11.02.30,57.56029684601113,True,-0.004529966031221022
-0.11867531738281249,0.08433335285698798,0.3115,-0.602,0.14576758395976064,0.9135,2.1376118819568095,0.31948865299868445,-0.0382582456817694,1.165837327652896,2.4917796846909654,1243,2003.11.17.11.12.30,57.606679035250465,False,0.0818555264587858
-0.117479833984375,0.08411437527112318,0.28200000000000003,-0.591,0.14463609836383917,0.873,1.944428356303802,0.3107416467265989,-0.055795876373477035,1.1689940941237973,2.275781943923462,1244,2003.11.17.11.22.30,57.6530612244898,False,0.10390802011183076
-0.11635305175781249,0.08450855606989023,0.31999999999999995,-0.6065,0.14396663266814455,0.9265,2.2170460614403042,0.4365969257213498,-0.06349282837983922,1.1714783234072077,2.6000800455929896,1245,2003.11.17.11.32.30,57.69944341372912,False,0.07998361069031207
-0.11787460937500001,0.08395327901551045,0.3125,-0.6555,0.14485744193745315,0.968,2.1530856711473456,0.36869085675188695,-0.04754301321668063,1.1680074887448342,2.51714785831314,1246,2003.11.17.11.42.30,57.74582560296846,False,0.0543165343914368
-0.1169622802734375,0.08359093802648254,0.26149999999999995,-0.598,0.14392573437923903,0.8594999999999999,1.8130865381123353,0.353296601095906,-0.010741577029260553,1.1655382837236434,2.11503498515781,1247,2003.11.17.11.52.30,57.7922077922078,False,0.04167452993961507
-0.1169274169921875,0.08351425093574455,0.3,-0.5615,0.14383791966922677,0.8614999999999999,2.0903608402413263,0.4730122976342088,-0.048850471658181474,1.1677465106250542,2.438477457148889,1248,2003.11.17.12.02.30,57.83858998144712,False,0.05355293270533912
-0.1168961181640625,0.08360989248959855,0.293,-0.5465,0.14386222524345182,0.8394999999999999,2.019934693765433,0.25573155494668787,-0.06018393588278099,1.169578827995606,2.3705166595356673,1249,2003.11.17.12.12.30,57.88497217068645,False,0.09284647127465534
-0.116432763671875,0.08290674743291422,0.27249999999999996,-0.5920000000000001,0.1431013112777596,0.8645,1.9032904606205037,0.40256890629238096,-0.06909482845363665,1.1675388458506553,2.2226765471009378,1250,2003.11.17.12.22.30,57.93135435992579,False,0.07427859824226302
-0.116874755859375,0.08349634367796854,0.28200000000000003,-0.72,0.14381322878535513,1.002,1.9666641548470802,0.3829269415386316,-0.06556927200599658,1.1689022564257274,2.2956172625023337,1251,2003.11.17.12.32.30,57.977736549165115,False,0.014102014840062238
-0.11784321289062502,0.08474385441501014,0.248,-0.637,0.14530245963330385,0.885,1.699676905459381,0.3793508374886776,-0.05269864346669359,1.1694132052237927,1.9913872623106497,1252,2003.11.17.12.42.30,58.024118738404454,False,0.04249733921298049
-0.1165689208984375,0.08436974346533518,0.29200000000000004,-0.6214999999999999,0.14403804901215378,0.9135,2.02588089712233,0.3932335807020173,-0.038991047025807635,1.1685924910152503,2.3680396668991506,1253,2003.11.17.12.52.30,58.070500927643785,False,0.07367168702440274
-0.1160737548828125,0.08410828638560316,0.2425,-0.5405,0.14349618281853663,0.7829999999999999,1.6887265749318678,0.2151742515492523,-0.03355779893398062,1.170678587610408,1.9775344641929422,1254,2003.11.17.13.02.30,58.11688311688312,False,0.008100923878893052
-0.11774106445312499,0.08364211128292745,0.276,-0.6505,0.1445831753907243,0.9264999999999999,1.9037955288089414,0.4207105675439682,-0.062214523700148114,1.1669607634394887,2.2246689537355326,1255,2003.11.17.13.12.30,58.16326530612245,False,0.06320497987539497
-0.11683979492187499,0.08378637239675435,0.248,-0.7104999999999999,0.14394911791689408,0.9584999999999999,1.7157756229767056,0.5398585936418112,-0.04594563122819517,1.1669089260848526,2.0055869274429776,1256,2003.11.17.13.22.30,58.209647495361786,True,-0.03737364679084165
-0.11678276367187498,0.08309801371704009,0.2915,-0.669,0.14350416727279913,0.9605000000000001,2.029295821892165,0.5000858288705832,-0.03828552280988372,1.1661952714467452,2.3676840379367663,1257,2003.11.17.13.32.30,58.25602968460112,False,0.017159491955664463
-0.11485913085937499,0.08248005603226485,0.3015,-0.6945,0.14151893876018795,0.996,2.1284497331150503,0.5388296607346321,-0.04387823630477776,1.1681355188149856,2.487341283628723,1258,2003.11.17.13.42.30,58.30241187384044,False,0.0014529625290815584
-0.11733215332031251,0.08461292888878696,0.281,-0.7055,0.14477320027418927,0.9864999999999999,1.9401692472907588,0.43463980821654546,-0.07770196702120012,1.170713153709134,2.271829793713855,1259,2003.11.17.13.52.30,58.34879406307978,False,0.049082279008988094
-0.11692331542968748,0.08360541516178828,0.2955,-0.5249999999999999,0.14388326104610305,0.8205,2.057630632312035,0.3055004085234727,-0.018145043944810216,1.1677746049819164,2.400772627386204,1260,2003.11.17.14.02.30,58.39517625231912,False,0.03155132493577173
-0.11804492187500001,0.08451670670438596,0.3175,-0.597,0.14532988757946452,0.9145000000000001,2.1785982218996365,0.370094826146788,-0.04141854216035362,1.1686387195460606,2.5492296337257265,1261,2003.11.17.14.12.30,58.44155844155844,False,0.09123885990181224
-0.11733132324218748,0.08463997162911197,0.27949999999999997,-0.6910000000000001,0.14482802851022863,0.9705,1.922980975262957,0.5418390726098232,-0.08247277596125656,1.1704383030648926,2.254010102190802,1262,2003.11.17.14.22.30,58.48794063079777,False,0.03378115546953919
-0.11694606933593749,0.08358521973455892,0.249,-0.5775,0.14388791068827267,0.8265,1.7268445231297278,0.2759481331629985,-0.028506566974792005,1.167631375677697,2.0182277549547916,1263,2003.11.17.14.32.30,58.53432282003711,False,0.03065987917283397
-0.117756689453125,0.08466918426768444,0.2975,-0.6579999999999999,0.145172049630889,0.9554999999999999,2.054720492628066,0.29989454321960785,-0.037453600790897934,1.1689026525418962,2.399052781372352,1264,2003.11.17.14.42.30,58.580705009276436,False,0.057219909488218756
-0.1173451416015625,0.08311215090807196,0.2915,-0.5215000000000001,0.14395480500389407,0.813,2.0254526496967507,0.25004161443003703,-0.017404018965873812,1.16575322166856,2.3609220963489737,1265,2003.11.17.14.52.30,58.62708719851577,False,0.03131917971279985
-0.11708623046875001,0.08346821314478013,0.34299999999999997,-0.554,0.1439372642494126,0.897,2.3792459433656434,0.36465899132526536,-0.04740998231126892,1.1680661406310657,2.781147772181906,1266,2003.11.17.15.02.30,58.673469387755105,False,0.002371801625171588
-0.1181990234375,0.08366894671232447,0.33899999999999997,-0.613,0.14499340931998111,0.9520000000000001,2.340145564277184,0.3671516104453958,-0.03394475300814849,1.166398892253741,2.7285090240304783,1267,2003.11.17.15.12.30,58.71985157699443,False,0.025216540089258777
-0.11722841796875,0.08352678359261109,0.3285,-0.6225,0.14409337451006327,0.951,2.259146702574428,0.38248576439880955,-0.08030895643135604,1.169295426994829,2.6528051821433576,1268,2003.11.17.15.22.30,58.76623376623377,False,0.05112846343155686
-0.1180496337890625,0.08252106402202525,0.2575,-0.6054999999999999,0.14419834788327623,0.863,1.7845447611781455,0.24868306400326,-0.04685277974855696,1.1654672283940157,2.0804929178677027,1269,2003.11.17.15.32.30,58.8126159554731,False,0.0499686571897523
-0.11873698730468751,0.0827368711681814,0.2915,-0.5115000000000001,0.1448752061176924,0.8029999999999999,2.0009891239800006,0.25485487212512314,-0.014696882209591767,1.1636076610850847,2.3354828380995265,1270,2003.11.17.15.42.30,58.85899814471243,False,0.016846641024146125
-0.11752104492187501,0.08452310952462813,0.3165,-0.49450000000000005,0.14490870374513956,0.8109999999999999,2.1938532280128045,0.2729225584587718,-0.023342948754141606,1.168827759445387,2.5591346940902175,1271,2003.11.17.15.52.30,58.90538033395176,False,0.01694487154266333
-0.116832568359375,0.08404981848702295,0.278,-0.72,0.14409276705880614,0.998,1.9211301964450067,0.5063354149545494,-0.07498977369363524,1.170253622273513,2.252775229524052,1272,2003.11.17.16.02.30,58.9517625231911,False,0.003491572893363104
-0.1177372314453125,0.08437568630130038,0.271,-0.653,0.1450023850471614,0.9239999999999999,1.8690014113281421,0.4316798320538624,-0.06364830268886208,1.168426660244077,2.1837608426162176,1273,2003.11.17.16.12.30,58.998144712430424,False,0.06533271184565115
-0.1174573974609375,0.08394118836847668,0.2735,-0.546,0.14449389255536554,0.8195,1.8958841706802922,0.3144412914642085,-0.050951925366829486,1.1694459657982215,2.2156370092524673,1274,2003.11.17.16.22.30,59.044526901669755,False,0.08015156084726965
-0.1181108642578125,0.08370169456144666,0.27,-0.5785,0.1449006156719418,0.8485,1.8638524055330319,0.34662604795665186,-0.06406769338682182,1.1676008917155742,2.1759521419612033,1275,2003.11.17.16.32.30,59.09090909090909,False,0.0857515238635308
-0.1186670654296875,0.08382510236939592,0.28200000000000003,-0.5409999999999999,0.1454585562388785,0.823,1.9272977290914137,0.32820682092556197,-0.055596965364802776,1.166318541017646,2.2549403628736564,1276,2003.11.17.16.42.30,59.13729128014842,False,0.07947366226083813
-0.1174525146484375,0.08401176637806107,0.26,-0.612,0.14455853776419414,0.872,1.804679846127421,0.23125737770977683,-0.07056229369113487,1.1695814253010435,2.1079309776130426,1277,2003.11.17.16.52.30,59.183673469387756,False,0.08727585425776446
-0.11783349609374999,0.08436079887343562,0.36150000000000004,-0.6625,0.1450922068870813,1.024,2.4862228475180244,0.406257780277711,-0.029765602646012208,1.1674606928780626,2.9054445055182434,1278,2003.11.17.17.02.30,59.23005565862709,True,-0.034695379472213794
-0.11830000000000002,0.08473628464452623,0.36,-0.5625,0.14570329588783343,0.9225000000000001,2.4531463992791984,0.3800605143866891,-0.027489533302124065,1.1672270765734567,2.8725775898633836,1279,2003.11.17.17.12.30,59.27643784786641,True,-0.016887440541149434
-0.1178974853515625,0.08539284478794733,0.2695,-0.552,0.145752838868383,0.8214999999999999,1.842412378548083,0.3388690335412403,-0.05081676212027908,1.1703375320166327,2.159489483126276,1280,2003.11.17.17.22.30,59.32282003710575,False,0.10441364472056269
-0.1178479248046875,0.0844509449144482,0.28800000000000003,-0.663,0.14512255530961754,0.9510000000000001,1.9766194946876707,0.318694484045158,-0.046027788668353845,1.1684394759151817,2.313511359942593,1281,2003.11.17.17.32.30,59.36920222634509,False,0.0684023385557685
-0.11829208984374999,0.08308637313409725,0.287,-0.543,0.14473718374596434,0.8300000000000001,1.969307869299573,0.23625915988162083,-0.008415459836193899,1.163072143931299,2.29762384183317,1282,2003.11.17.17.42.30,59.41558441558441,False,0.04406840514850019
-0.11716333007812502,0.08389012373161386,0.248,-0.626,0.14422688337856765,0.874,1.7149252925625313,0.38317651038720224,-0.06178424730636493,1.1691845393862477,2.00760428986467,1283,2003.11.17.17.52.30,59.46196660482374,False,0.05034724693098458
-0.1170062744140625,0.08562598280499184,0.2905,-0.6065,0.14515271354967094,0.897,2.006326376441546,0.2746331903369241,-0.055107939398640074,1.1722333916340197,2.3493360786410356,1284,2003.11.17.18.02.30,59.50834879406308,False,0.140095554849075
-0.11874147949218748,0.08429536752177141,0.2475,-0.5820000000000001,0.14578624579311372,0.8295,1.6937185334270537,0.33795966664764543,-0.05727607668936498,1.1675211174073206,1.9795092297918566,1285,2003.11.17.18.12.30,59.554730983302406,False,0.05427766599849615
-0.11735908203125,0.08544783090656015,0.2945,-0.609,0.14533947524438978,0.9035,2.0199126826708484,0.3916308528048331,-0.03982100664975088,1.1702595346905522,2.366811826768684,1286,2003.11.17.18.22.30,59.601113172541744,False,0.10146952599113412
-0.11808095703124999,0.08493936354552942,0.349,-0.6055,0.14559861887631834,0.9545000000000001,2.415463000811403,0.41870459482953715,-0.0424868396388359,1.16897661903728,2.813804054586567,1287,2003.11.17.18.32.30,59.647495361781075,False,0.02651184039443244
-0.1182699462890625,0.08414571885542216,0.23099999999999998,-0.5794999999999999,0.14530127032889623,0.8105,1.5940541862723503,0.1898436407764117,-0.04893086508842887,1.1681975866077683,1.8597446344830533,1288,2003.11.17.18.42.30,59.693877551020414,True,-0.003244279410803963
-0.11695622558593749,0.08438646733951588,0.271,-0.614,0.14437603155946463,0.885,1.871341278534182,0.3770189029292501,-0.05232386756998443,1.1703660309226047,2.1930745353919785,1289,2003.11.17.18.52.30,59.74025974025974,False,0.07981248458784845
-0.116932470703125,0.0839571531806551,0.2355,-0.5589999999999999,0.14411588486653562,0.7945,1.6339867989812844,0.24398202490740828,-0.039637591334939076,1.1684725322130691,1.9093292298695053,1290,2003.11.17.19.02.30,59.786641929499076,False,0.004534824049483244
-0.1184829833984375,0.08435418580768712,0.26149999999999995,-0.5675,0.14563000591809752,0.829,1.7920941852990129,0.29307539626600554,-0.022226518839653306,1.165711473000193,2.091050823799391,1291,2003.11.17.19.12.30,59.83302411873841,False,0.05492412324687501
-0.1170441162109375,0.08527830624620064,0.2465,-0.5469999999999999,0.1449960567683444,0.7935,1.6901694213188967,0.2275708670481993,-0.053830468554888,1.1710962821519533,1.984408433399181,1292,2003.11.17.19.22.30,59.87940630797773,False,0.06456347034498422
-0.1171932373046875,0.08509994117010988,0.28900000000000003,-0.6295,0.145002252518746,0.9185000000000001,1.9887377211454595,0.5015762292288264,-0.05143879356403553,1.1700282775293558,2.3289857180959928,1293,2003.11.17.19.32.30,59.92578849721707,False,0.06565177412517176
-0.118135302734375,0.0858298943932864,0.2565,-0.629,0.1462093720512179,0.8855,1.7538454128977101,0.33131476142171135,-0.08761377266675845,1.1724155406023122,2.0564499691005493,1294,2003.11.17.19.42.30,59.97217068645641,False,0.10634123042900101
-0.11702900390624998,0.0848147703849024,0.2865,-0.6005,0.14469655916246324,0.887,1.9750666116551827,0.3470987294085943,-0.04901634874470269,1.1706268610848416,2.314698736342649,1295,2003.11.17.19.52.30,60.01855287569573,False,0.11025339501827669
-0.1172384033203125,0.08492933484403076,0.2635,-0.5715,0.1449291043126498,0.835,1.8168005808633376,0.22433915116612946,-0.05186036538447206,1.1713532266145492,2.1287660222468583,1296,2003.11.17.20.02.30,60.064935064935064,False,0.10474589332603607
-0.11830283203125,0.0856099754146191,0.271,-0.6005,0.14620433113201364,0.8714999999999999,1.848901081027893,0.33593959091825343,-0.07260517011956368,1.17131017101718,2.168098435749486,1297,2003.11.17.20.12.30,60.1113172541744,False,0.11956894851932892
-0.1172831787109375,0.08388575217770453,0.27949999999999997,-0.6005,0.14436230171506953,0.88,1.922335399105471,0.30883000470887856,-0.04241866008617874,1.1677087657446465,2.2518354690630353,1298,2003.11.17.20.22.30,60.157699443413726,False,0.08669201271652477
-0.1171495361328125,0.08440124595827576,0.281,-0.6214999999999999,0.14454623580199247,0.9025,1.9500413424878573,0.3659547655433868,-0.04063975031075025,1.1686158209622008,2.2755313405376847,1299,2003.11.17.20.32.30,60.204081632653065,False,0.08838896677933361
-0.118190234375,0.08402636831855617,0.27349999999999997,-0.6385000000000001,0.14517528695218584,0.912,1.883860329865856,0.265131132874014,-0.04964730734884189,1.1681106928120366,2.2005936680628153,1300,2003.11.17.20.42.30,60.250463821892396,False,0.07100151022172274
-0.1168905517578125,0.08461287721040095,0.254,-0.5495,0.14442898836830576,0.8035,1.751104199673358,0.27249113952269743,-0.039079992672664064,1.169441743316821,2.0510836670104164,1301,2003.11.17.20.52.30,60.29684601113172,False,0.059463242586882514
-0.116839599609375,0.08493311712022675,0.28600000000000003,-0.552,0.1446457280379726,0.838,1.9586542206088553,0.35286848985230757,-0.04613517986215946,1.1703079583552578,2.3032309585890482,1302,2003.11.17.21.02.30,60.34322820037106,False,0.09619605607587389
-0.118317626953125,0.08504217907057204,0.28700000000000003,-0.62,0.1458999370286564,0.907,1.9614488118924938,0.33938348566225573,-0.05414494697702142,1.1684092814791556,2.2946640694984692,1303,2003.11.17.21.12.30,60.3896103896104,False,0.10129798309429394
-0.1172956298828125,0.08490653768052686,0.2405,-0.5675,0.14496267774866728,0.808,1.6565899479649924,0.24133163898838284,-0.051566147822125194,1.1707960299004612,1.9406378279819547,1304,2003.11.17.21.22.30,60.43599257884972,False,0.041662314052076654
-0.117311474609375,0.08570993908708849,0.3225,-0.5945,0.14549925216647572,0.9169999999999999,2.211482937419336,0.34124655415421445,-0.030243801927211024,1.1703220226409021,2.5906352188674355,1305,2003.11.17.21.32.30,60.48237476808905,False,0.09077304879170295
-0.1180667724609375,0.08432249712614134,0.3235,-0.62,0.14525963092150185,0.9435,2.20938317490708,0.4052385706444579,-0.03158912164129391,1.167295878273341,2.588833033833261,1306,2003.11.17.21.42.30,60.52875695732839,False,0.054298947936158526
-0.1168980224609375,0.08428910886553942,0.244,-0.5854999999999999,0.14430375211108692,0.8294999999999999,1.6945913766349343,0.32940609077637184,-0.0542942829946801,1.1694674610641471,1.9798946767643366,1307,2003.11.17.21.52.30,60.575139146567714,False,0.0666552949342204
-0.1173087890625,0.08393172869865204,0.2205,-0.516,0.14442227223395385,0.7365,1.5209367856994966,0.196764133571236,-0.04618227520875584,1.1685730511953862,1.7801879576247215,1308,2003.11.17.22.02.30,60.621521335807046,True,-0.049769948864339275
-0.11767187500000001,0.08439365637186308,0.32799999999999996,-0.6125,0.14499734860032615,0.9405,2.2580600514003524,0.5070368519744284,-0.05815004177077582,1.1685786634055444,2.640851250765782,1309,2003.11.17.22.12.30,60.667903525046384,False,0.043054359237774564
-0.1179864990234375,0.08346176834540496,0.3085,-0.554,0.14468125905307666,0.8625,2.1466325427066724,0.33929302571615105,-0.043797766627360686,1.166214480414537,2.4957233443414486,1310,2003.11.17.22.22.30,60.71428571428571,False,0.08484278362295727
-0.1168951171875,0.08377826588409726,0.3,-0.5545,0.14396630007141828,0.8545,2.0887690590055636,0.3827680375083937,-0.04667887176047446,1.1691157415536044,2.439267731072755,1311,2003.11.17.22.32.30,60.76066790352505,False,0.0646426265137231
-0.117725439453125,0.08385648808146084,0.2465,-0.6995,0.14469630641824147,0.946,1.7021762243017209,0.40003639247845446,-0.05531825753571698,1.1675742634482298,1.988117283290304,1312,2003.11.17.22.42.30,60.80705009276438,True,-0.0007736739172233831
-0.1170936279296875,0.08423378025643863,0.253,-0.624,0.1443841636672275,0.877,1.7528857464176886,0.3220119454884003,-0.0763706703044896,1.1704104002369786,2.051297046105291,1313,2003.11.17.22.52.30,60.85343228200371,False,0.0878427082084321
-0.11738579101562499,0.0839368309594733,0.249,-0.5185,0.14447964349036388,0.7675,1.7146627088099158,0.20003662708144332,-0.033074763430018035,1.167915617125516,2.006904275859256,1314,2003.11.17.23.02.30,60.89981447124304,True,-0.003259159534496625
-0.11801794433593751,0.08385919963329597,0.272,-0.5685,0.14493604940955446,0.8405,1.876243389986206,0.32197861260372496,-0.04508118314568835,1.1667062862954374,2.189233624450182,1315,2003.11.17.23.12.30,60.94619666048238,False,0.08645975378422577
-0.11792639160156249,0.08558480688515402,0.328,-0.592,0.14588326632564913,0.9199999999999999,2.25263190795693,0.42032649770449004,-0.042377449512527934,1.1694383447695111,2.632233555582973,1316,2003.11.17.23.22.30,60.9925788497217,False,0.07483320134325389
-0.11749902343749999,0.08512989680449301,0.349,-0.5665,0.14524737066260326,0.9155,2.397625843668488,0.3506098015226775,-0.036527922788770664,1.1702809552340443,2.808584669962478,1317,2003.11.17.23.32.30,61.038961038961034,False,0.02091023040281681
-0.1186759033203125,0.08386290631389702,0.249,-0.6080000000000001,0.14549440603169747,0.857,1.7060310033331758,0.274350493741246,-0.0442718819600203,1.1664196000542244,1.993073419796716,1318,2003.11.17.23.42.30,61.08534322820037,False,0.04302811562070452
-0.11707443847656251,0.08404987162828476,0.321,-0.5605,0.14429197412253053,0.8815,2.209289547886905,0.37986541545833674,-0.043851063752576594,1.1682430490871525,2.588375012078461,1319,2003.11.17.23.52.30,61.13172541743971,False,0.05400586456003009
-0.1174529052734375,0.08482664149900795,0.3015,-0.579,0.14505326969807347,0.8805000000000001,2.077347049873232,0.3462456761789654,-0.01771892710565309,1.1682709237273492,2.4275323117570125,1320,2003.11.18.00.02.30,61.178107606679035,False,0.07554106242990644
-0.11830361328125,0.0842372562562855,0.266,-0.5435,0.14539749996102308,0.8095,1.8240924606279818,0.32030135268935456,-0.044929306072947546,1.166758800351484,2.1309448320119317,1321,2003.11.18.00.12.30,61.224489795918366,False,0.0862652722527314
-0.11800773925781251,0.08424854939128666,0.277,-0.5675,0.1451500028515525,0.8445,1.9007153714728025,0.30339456211457394,-0.059393713077668164,1.167807023702289,2.223527984069512,1322,2003.11.18.00.22.30,61.270871985157704,False,0.1050058269752211
-0.11752355957031249,0.08528870527759988,0.3515,-0.5885,0.1453868472255668,0.94,2.421004651714112,0.35675276532039857,-0.050791338017954504,1.1703616106004557,2.8316763187851164,1323,2003.11.18.00.32.30,61.31725417439703,False,0.033351802059823576
-0.11807092285156248,0.08481875027842037,0.2465,-0.6275,0.14556480964309698,0.8739999999999999,1.6801747973710253,0.2932994874728987,-0.0391360439228955,1.1686837913119894,1.9707246307680455,1324,2003.11.18.00.42.30,61.36363636363637,False,0.05380509349065832
-0.11716154785156249,0.08463060121366861,0.2905,-0.647,0.14467131697090124,0.9375,2.0019927039529035,0.41122506625871846,-0.046833886860859736,1.1701933669696678,2.3459660193332885,1325,2003.11.18.00.52.30,61.4100185528757,False,0.07069020744931465
-0.11730297851562502,0.08580011521442521,0.28,-0.5740000000000001,0.14549672466243296,0.8540000000000001,1.9241058044814678,0.29258787911519013,-0.047568046477566996,1.171279662030794,2.253835568086103,1326,2003.11.18.01.02.30,61.45640074211502,False,0.139470919203257
-0.11889655761718751,0.08577595525804077,0.253,-0.6495,0.14678882694186496,0.9025,1.7190419073826533,0.3540401755153604,-0.06341538501709541,1.1696961617423942,2.013058767457452,1327,2003.11.18.01.12.30,61.50278293135436,False,0.05851074447686022
-0.11670624999999998,0.08492048201800692,0.31,-0.5860000000000001,0.14450501410985775,0.896,2.1413074465688724,0.31155398411562496,-0.021902284307627945,1.170017393402808,2.507420856582695,1328,2003.11.18.01.22.30,61.5491651205937,False,0.08073735399786636
-0.1167669921875,0.08369243393917733,0.23900000000000002,-0.5725,0.1438295230254578,0.8115000000000001,1.6543233055071678,0.19418817411676148,0.0022636891707825332,1.1660854038299395,1.9327046617548844,1329,2003.11.18.01.32.30,61.59554730983302,True,-0.018345840970902194
-0.1189241455078125,0.08567443661934858,0.294,-0.5675,0.14669729783379504,0.8614999999999999,1.9926638764056737,0.2649943762882685,-0.06733123496058244,1.1717596416525062,2.340487901297188,1330,2003.11.18.01.42.30,61.641929499072354,False,0.10845488063285436
-0.1172224609375,0.08624977710068563,0.281,-0.6335000000000001,0.14568197757668735,0.9145,1.9259741726629669,0.2837485070155912,-0.03731068382131123,1.172247673547327,2.2593120600046044,1331,2003.11.18.01.52.30,61.68831168831169,False,0.1398121272387809
-0.1174382568359375,0.08440452234674894,0.264,-0.6125,0.14478890116203708,0.8765000000000001,1.8161962085109775,0.27776354752080357,-0.05720143285029559,1.169681716019632,2.1282885038825303,1332,2003.11.18.02.02.30,61.73469387755102,False,0.10175847882414069
-0.11827946777343751,0.08534597827320026,0.2805,-0.7395,0.1460218358497322,1.02,1.911382223024873,0.44304256153893906,-0.07126799379583632,1.1695087279669232,2.24049082139365,1333,2003.11.18.02.12.30,61.781076066790355,True,-0.0014593118801906613
-0.11787519531250001,0.08550890525310723,0.28200000000000003,-0.5285,0.14578799781707702,0.8105,1.9245001347029547,0.2703274624991603,-0.06481703775711595,1.17126511143649,2.2592048467634536,1334,2003.11.18.02.22.30,61.827458256029686,False,0.10267555622797336
-0.11737548828125001,0.08476622383828727,0.2465,-0.6405,0.1449378174872029,0.887,1.6926618621413194,0.37021360103717393,-0.06430604267736045,1.1694839609609247,1.9831716620193178,1335,2003.11.18.02.32.30,61.87384044526901,False,0.06373326697754689
-0.118011572265625,0.08524874449892829,0.344,-0.5225,0.14574998962666477,0.8665,2.3474609155106574,0.3490422789892216,-0.014710895703399457,1.1678474703398294,2.748520710791365,1336,2003.11.18.02.42.30,61.92022263450835,False,0.019956785940471455
-0.11706330566406248,0.08442049801757226,0.2835,-0.6325000000000001,0.1444862305648197,0.9159999999999999,1.953041437867904,0.34756715523102844,-0.06926096965474358,1.1697142214289193,2.288799153888456,1337,2003.11.18.02.52.30,61.96660482374769,False,0.10176574532906696
-0.117947216796875,0.08482065687254159,0.255,-0.5505,0.14543151897151263,0.8054999999999999,1.7451018979835724,0.21899382808720813,-0.03366714392027326,1.1685109218450858,2.0430225258638397,1338,2003.11.18.03.02.30,62.01298701298701,False,0.05342157517443713
-0.11941601562499998,0.08440225130797502,0.2855,-0.5615,0.14640017770475477,0.847,1.9539683693860255,0.31312614951951967,-0.0715157394464028,1.1672390436460727,2.278824345064172,1339,2003.11.18.03.12.30,62.05936920222634,False,0.098219355267822
-0.1171692138671875,0.0840259845235726,0.2795,-0.5795,0.14434930023300419,0.859,1.9264403495027178,0.2963039969254304,-0.037684913735445275,1.1673011240179916,2.2534087105286207,1340,2003.11.18.03.22.30,62.10575139146568,False,0.08948721070271642
-0.11771181640625,0.08444512526418699,0.309,-0.692,0.14504241508749155,1.001,2.128697591489157,0.36964857548692653,-0.058681011024641405,1.1685692166758757,2.488393943812439,1341,2003.11.18.03.32.30,62.152133580705005,False,0.05546895648219363
-0.11819375000000001,0.08462882420334057,0.238,-0.5980000000000001,0.1455310249221432,0.8360000000000001,1.6312747648834858,0.2671676852999616,-0.06007489399208816,1.1692713611373224,1.9095933439690698,1342,2003.11.18.03.42.30,62.19851576994434,False,0.041995320047638285
-0.1164153076171875,0.08501499548674273,0.30300000000000005,-0.5760000000000001,0.1443275054694115,0.879,2.0966216511191083,0.3065963528919651,-0.011882964170461793,1.171311520873191,2.4572047393648937,1343,2003.11.18.03.52.30,62.244897959183675,False,0.07950466447330273
-0.11746796875000001,0.08472636186307933,0.3075,-0.6165,0.1450155129877217,0.924,2.1171637854390517,0.39224481714679094,-0.04474182192171986,1.1694214487603036,2.477770695974736,1344,2003.11.18.04.02.30,62.291280148423,False,0.0860457122809049
-0.11762785644531251,0.08561453756805684,0.3345,-0.6385000000000001,0.14563825102595626,0.9730000000000001,2.3126200983997265,0.3768890254711701,-0.07644692707506581,1.1728536790643627,2.704537459101842,1345,2003.11.18.04.12.30,62.33766233766234,False,0.08252196068601142
-0.11728540039062502,0.08507498454587727,0.2965,-0.569,0.14506569834392286,0.8655,2.0517459868486227,0.3542000129553011,-0.033346003824662546,1.1693388576369848,2.395318189845172,1346,2003.11.18.04.22.30,62.384044526901675,False,0.08717280063315425
-0.11730881347656251,0.08452610585149387,0.298,-0.5395000000000001,0.14475669616490616,0.8375,2.0617820340396587,0.3441142826377468,0.00018166843762262679,1.1661724834065124,2.402635772330563,1347,2003.11.18.04.32.30,62.430426716141,False,0.05287775822221841
-0.1179107177734375,0.08583005253798501,0.31000000000000005,-0.588,0.14600232914797873,0.8979999999999999,2.118764838856792,0.4622878667597661,-0.059691683047531925,1.170390744072558,2.48176666211838,1348,2003.11.18.04.42.30,62.47680890538033,False,0.09858751432011592
-0.11709343261718749,0.08233938917523836,0.277,-0.5309999999999999,0.14327972634100578,0.808,1.9350266363865423,0.3127399341304036,-0.02771524135059465,1.1648589195199837,2.2531113711587585,1349,2003.11.18.04.52.30,62.52319109461967,False,0.02829329241987688
-0.11732646484375,0.08348790909839202,0.2575,-0.62,0.14417066815917426,0.8775,1.7844852247664065,0.45040588915332,-0.03601314738230082,1.165879011589031,2.0813775737138,1350,2003.11.18.05.02.30,62.569573283859,False,0.033238999903510646
-0.11875954589843749,0.08428048006994233,0.2615,-0.6455,0.14577564715286068,0.907,1.791433959037761,0.3991853472717344,-0.07100922908468126,1.167783658808005,2.093344024257652,1351,2003.11.18.05.12.30,62.615955473098325,False,0.05871811728220411
-0.11655219726562499,0.0834997600652585,0.255,-0.503,0.14354951370292848,0.758,1.7692592202932136,0.21173338890509186,0.010370590945410483,1.1662092359349,2.066833482965379,1352,2003.11.18.05.22.30,62.66233766233766,True,-0.02614310693624633
-0.1176679443359375,0.08328609640033703,0.2305,-0.5295,0.14435578956235146,0.76,1.5989536420995387,0.28482596203828403,-0.028156925283939798,1.1650207179804832,1.8615482934015617,1353,2003.11.18.05.32.30,62.708719851577,True,-0.059296894572867576
-0.1176214111328125,0.08538248997388424,0.3345,-0.592,0.14548337904706304,0.9265,2.2747774055865153,0.36034897984511316,-0.046876954248667224,1.1708796142691047,2.6762407079202406,1354,2003.11.18.05.42.30,62.755102040816325,False,0.07534562028912095
-0.1171315673828125,0.08380897362972692,0.23049999999999998,-0.5465,0.14420095932904575,0.777,1.5836541221162204,0.2194919861839859,-0.04679586800316547,1.168597486859889,1.858195595720302,1355,2003.11.18.05.52.30,62.80148423005566,True,-0.019812351243309267
-0.11714997558593751,0.08434797843790397,0.276,-0.5760000000000001,0.14455955365516082,0.8520000000000001,1.9031907437081679,0.27138080724583924,-0.01957131803586186,1.1684433276849622,2.2272412136788224,1356,2003.11.18.06.02.30,62.847866419294995,False,0.07256995336576699
-0.11844748535156252,0.08330418734744294,0.244,-0.575,0.1449721752830026,0.8190000000000001,1.6748564793038847,0.2514254993824572,-0.04671293614206947,1.1654378148056226,1.956651434726937,1357,2003.11.18.06.12.30,62.89424860853432,False,0.033817245723519296
-0.11734990234375,0.08462369296085401,0.29800000000000004,-0.7130000000000001,0.14484160516643274,1.0110000000000001,2.0558427803922577,0.4001853886168443,-0.024356417920465254,1.1687038630930993,2.4034514059826275,1358,2003.11.18.06.22.30,62.94063079777366,False,0.011392819639628127
-0.1168409912109375,0.08451355058540728,0.2465,-0.603,0.1443737263431325,0.8495,1.7089613410945224,0.32746443125193125,-0.05328890113641178,1.1697924533827404,1.9983363415723434,1359,2003.11.18.06.32.30,62.98701298701299,False,0.07464298645542689
-0.11822922363281249,0.08388309719986531,0.25,-0.6275,0.1451249664014322,0.8775,1.7157660864218183,0.32777899569009783,-0.0576422901253569,1.1675898177850903,2.007035450928512,1360,2003.11.18.06.42.30,63.03339517625231,False,0.060186732283877054
-0.1172330810546875,0.08475317439121671,0.2895,-0.614,0.144824198787799,0.9035,1.991864145422796,0.2505812944251802,-0.041598197050636915,1.1706665742158378,2.3356868113774683,1361,2003.11.18.06.52.30,63.07977736549165,False,0.09058925168632564
-0.11713193359374999,0.08343157288150355,0.2345,-0.569,0.143984580589066,0.8035,1.6248215385898757,0.24457515831993226,-0.060995334093655346,1.1681955736584035,1.9001259430348028,1362,2003.11.18.07.02.30,63.12615955473099,False,0.023712778582077654
-0.118183349609375,0.08428957983612961,0.2615,-0.6225,0.14535323972872607,0.8839999999999999,1.7913647870064435,0.4398399849696948,-0.05118857913470225,1.1672236697636025,2.0952764539952025,1363,2003.11.18.07.12.30,63.172541743970314,False,0.06064581273074754
-0.11705859375000001,0.08481103805156856,0.29400000000000004,-0.563,0.1447283026045895,0.857,2.0269941649384164,0.4080751061185137,-0.04404893237385942,1.1696349227877945,2.372968726527864,1364,2003.11.18.07.22.30,63.218923933209645,False,0.07882111349338078
-0.1173746337890625,0.08414747392954913,0.277,-0.641,0.14458493740490141,0.918,1.9131200766323742,0.35082580577944444,-0.05461482939683876,1.168870659621221,2.237768617357043,1365,2003.11.18.07.32.30,63.26530612244898,False,0.08375561164508766
-0.118453662109375,0.08375820779417245,0.2355,-0.5409999999999999,0.14525418305825208,0.7765,1.6240887403241953,0.24758048971836333,-0.044700648412474744,1.1666505755269165,1.893296586758685,1366,2003.11.18.07.42.30,63.31168831168831,True,-0.010671005910614428
-0.11742333984374997,0.08319738697416834,0.238,-0.5395000000000001,0.14407293191165443,0.7775000000000001,1.6485453456508359,0.21043713990628632,-0.05043205360749692,1.167347586612244,1.9264189552754,1367,2003.11.18.07.52.30,63.358070500927646,True,-0.0069351995924055165
-0.11776071777343751,0.08492256049416827,0.245,-0.5834999999999999,0.14533106031219217,0.8285,1.6893220112660616,0.34684966570396814,-0.05444612545699284,1.1693969640100974,1.973641693591404,1368,2003.11.18.08.02.30,63.40445269016698,False,0.06271948780061254
-0.11788991699218751,0.08392050519537717,0.2365,-0.5385,0.14487022041700248,0.775,1.631018794545314,0.1990171943146255,-0.038139741773974625,1.166739209059787,1.9036166915963832,1369,2003.11.18.08.12.30,63.4508348794063,True,-0.021837853976047983
-0.11720920410156249,0.08539419752236256,0.365,-0.6385000000000001,0.14516870877192034,1.0035,2.507138784716301,0.5108866971462442,-0.032323864568771996,1.169748036768886,2.936415399666741,1370,2003.11.18.08.22.30,63.49721706864564,True,-0.024467350210187977
-0.1168331787109375,0.08517636835649556,0.2505,-0.603,0.144778757056169,0.8534999999999999,1.7278708245809749,0.37762031902290283,-0.05678694253805099,1.1715614891823782,2.0255154331755376,1371,2003.11.18.08.32.30,63.54359925788498,False,0.08179570464252395
-0.1181882080078125,0.08521235662830667,0.3015,-0.5835,0.1458513659150653,0.885,2.0599350851768747,0.32426806945971376,-0.04293955294621199,1.1695655787444643,2.4127317414200924,1372,2003.11.18.08.42.30,63.5899814471243,False,0.11387922629824315
-0.117544970703125,0.08480533022067287,0.2905,-0.6385,0.14510424890019624,0.9289999999999999,2.000991733904861,0.35271197143711475,-0.05421372660216266,1.1697620607610766,2.341202184827247,1373,2003.11.18.08.52.30,63.63636363636363,False,0.07956859801048982
-0.1176268798828125,0.08523085873408108,0.26749999999999996,-0.602,0.14541242253800984,0.8694999999999999,1.8345053259336144,0.38877732941681487,-0.07539444117935085,1.1714159480679762,2.151497235485948,1374,2003.11.18.09.02.30,63.68274582560297,False,0.10609630402589676
-0.1183532470703125,0.08556454033009749,0.3185,-0.603,0.14620751840444762,0.9215,2.1641038912858392,0.3847379106635911,-0.04928827313301403,1.1696072938980073,2.5382756760670064,1375,2003.11.18.09.12.30,63.729128014842296,False,0.09437858638624042
-0.117164404296875,0.08483327090486228,0.248,-0.6565,0.14484162630525182,0.9045000000000001,1.717296549994139,0.4105240194642017,-0.08909175887067715,1.1716395537339963,2.0091748643777643,1376,2003.11.18.09.22.30,63.775510204081634,False,0.0560035105881741
-0.1174861083984375,0.08574978292906679,0.254,-0.5875,0.1456201297844797,0.8414999999999999,1.739488070070851,0.3168630032356705,-0.014110579761928081,1.1691735202918212,2.0361717861331066,1377,2003.11.18.09.32.30,63.821892393320965,False,0.07653806197670954
-0.11814143066406249,0.08548641299630859,0.2445,-0.537,0.14598831013789307,0.7815000000000001,1.6776446517404169,0.23049526449063706,-0.058765122486716975,1.1714465398484482,1.9638787602846834,1378,2003.11.18.09.42.30,63.86827458256029,False,0.06309069543168333
-0.11737958984374999,0.08525610039373772,0.316,-0.6174999999999999,0.14521993353072563,0.9335,2.168254548475513,0.3110205660292358,-0.014634551561758167,1.16930587792293,2.539806566914093,1379,2003.11.18.09.52.30,63.91465677179963,False,0.07734152509679915
-0.11755458984375,0.08643701786031142,0.34450000000000003,-0.6859999999999999,0.14608493567160435,1.0305,2.3618449475524987,0.4505236205917629,-0.04741196812865735,1.1723352930760544,2.7670553925001466,1380,2003.11.18.10.02.30,63.961038961038966,False,0.015795700055048267
-0.117932421875,0.08556494256688807,0.2565,-0.591,0.1458815489042219,0.8475,1.7546505612926508,0.34789277304954047,-0.06428617748449797,1.1705933519213438,2.056025584936256,1381,2003.11.18.10.12.30,64.0074211502783,False,0.10405157821341315
-0.11747421875,0.08469545575368487,0.3395,-0.5700000000000001,0.14498506756279433,0.9095,2.3492458903170848,0.37135509804048517,-0.04285810507519631,1.169032567829156,2.742515429469086,1382,2003.11.18.10.22.30,64.05380333951763,False,0.04226327090708826
-0.117497802734375,0.08476850338315184,0.28049999999999997,-0.5825,0.14505341625866663,0.863,1.920694403594844,0.34432894643766465,-0.05730515757802075,1.170119674880834,2.254584073530784,1383,2003.11.18.10.32.30,64.10018552875695,False,0.10240935848497806
-0.118547412109375,0.0849585072629454,0.2845,-0.5555,0.14602224436160843,0.84,1.9462815555501507,0.2623023048263251,-0.06502868923013272,1.169857103296835,2.277980708759066,1384,2003.11.18.10.42.30,64.14656771799629,False,0.09962780835472135
-0.117177197265625,0.08527367544923418,0.34750000000000003,-0.598,0.14511647108062917,0.9455,2.3999134049761732,0.4494068886231466,-0.027987372429826803,1.1698341248490585,2.8048972636888005,1385,2003.11.18.10.52.30,64.19294990723562,False,0.007702222108616152
-0.1168406494140625,0.08552292738623626,0.2855,-0.6725,0.1449443223505943,0.958,1.978224913943201,0.4899608171928844,-0.06763437330411412,1.1727419615076897,2.31581668989561,1386,2003.11.18.11.02.30,64.23933209647495,False,0.0858005369154144
-0.11897041015625,0.08489942483042007,0.3005,-0.6325000000000001,0.14634534450041634,0.933,2.0585770353268966,0.327540092685763,-0.05585797953586322,1.167717042102928,2.4010507933872605,1387,2003.11.18.11.12.30,64.28571428571429,False,0.0831273744485383
-0.1171632568359375,0.0852949025933867,0.2745,-0.57,0.1450695761266475,0.8445,1.8836446490239676,0.36968838568908335,-0.05545845291273087,1.1707100091046803,2.2092615491939216,1388,2003.11.18.11.22.30,64.33209647495362,False,0.10079413037318147
-0.11712412109375,0.08416817362666554,0.292,-0.6225,0.14441249357004252,0.9145,2.0231578673448283,0.3355802148118141,-0.038221089256472975,1.1681706465653894,2.362787914842169,1389,2003.11.18.11.32.30,64.37847866419295,False,0.08493829434023398
-0.118259814453125,0.08547996142822309,0.34450000000000003,-0.624,0.14612542469587353,0.9685,2.353342598601184,0.3769546287520942,-0.045953922940404734,1.1691903030981723,2.7537092774889578,1390,2003.11.18.11.42.30,64.42486085343229,False,0.03185552794933155
-0.117523974609375,0.08629900942099236,0.2455,-0.6359999999999999,0.1459500049039178,0.8815,1.6786218366878465,0.2801328227075184,-0.01334706014620023,1.1710503727426724,1.967575207693904,1391,2003.11.18.11.52.30,64.47124304267162,False,0.04151823563385837
-0.116922900390625,0.08347458349643941,0.2465,-0.492,0.14382857112885322,0.7384999999999999,1.7077278810310328,0.22005585145606332,-0.046487874636794546,1.1684875025943855,1.9987452638186094,1392,2003.11.18.12.02.30,64.51762523191094,False,0.008734894927883485
-0.1183261474609375,0.08500915440448617,0.28300000000000003,-0.6479999999999999,0.14584683724221345,0.9309999999999999,1.9450092584708192,0.4961318423122367,-0.0674868786761884,1.1686202732613737,2.270598923792309,1393,2003.11.18.12.12.30,64.56400742115028,False,0.06191961721104844
-0.11702016601562501,0.0854358641579678,0.256,-0.5985,0.14506718461625373,0.8544999999999999,1.7602010185709076,0.3327984072330168,-0.053206702884798104,1.171212363325048,2.063911392738754,1394,2003.11.18.12.22.30,64.6103896103896,False,0.11609089563826136
-0.1171684814453125,0.08400370101920629,0.236,-0.5925,0.14433220091538057,0.8285,1.634383104425127,0.2287398890944643,-0.05360905073666855,1.1693812884744812,1.9116065759923575,1395,2003.11.18.12.32.30,64.65677179962894,False,0.03221291869669973
-0.11891608886718749,0.08583870278628297,0.2585,-0.663,0.14683224807949588,0.9215,1.753759417032554,0.4218980238198551,-0.023021280948609796,1.1671952646457822,2.0502612868373467,1396,2003.11.18.12.42.30,64.70315398886828,False,0.02193805088844014
-0.1175533203125,0.08464934702874054,0.28400000000000003,-0.5529999999999999,0.14501816448090332,0.837,1.9579388994868823,0.35942920420338065,-0.030374605883425075,1.1685110574743551,2.2881282339750895,1397,2003.11.18.12.52.30,64.7495361781076,False,0.06346494061833985
-0.11718500976562499,0.08482700849231804,0.2585,-0.6174999999999999,0.14482846789864012,0.876,1.7782946501076637,0.3955174630901874,-0.04770658730092764,1.1686066315289585,2.081332976858691,1398,2003.11.18.13.02.30,64.79591836734694,False,0.07813324280291312
-0.118647802734375,0.08388522545377462,0.244,-0.702,0.1454728588472438,0.946,1.6768201150115338,0.5137989142856136,-0.06324800742867344,1.1661107900106218,1.9556382553778893,1399,2003.11.18.13.12.30,64.84230055658628,True,-0.026038848724250996
-0.117633935546875,0.08665471924551119,0.3295,-0.6225,0.1462669544268544,0.952,2.2342266018485932,0.48033906991923025,-0.06972238347105696,1.1734315794596566,2.63107295439911,1400,2003.11.18.13.22.30,64.8886827458256,False,0.09814476033771108
-0.11742766113281251,0.08335210330187477,0.27,-0.554,0.1441743582873488,0.824,1.8633074991919232,0.25178292466016483,-0.033888526149772474,1.1679317091598653,2.181626382168064,1401,2003.11.18.13.32.30,64.93506493506493,False,0.06215652070909872
-0.11889235839843748,0.08467329534776313,0.2575,-0.6125,0.14613469972092735,0.87,1.7623309736825012,0.29555215507680277,-0.05516368551606572,1.1674811715705116,2.057362985183934,1402,2003.11.18.13.42.30,64.98144712430427,False,0.07807326032544937
-0.117320166015625,0.08541943836277341,0.247,-0.6005,0.14528589282799553,0.8475,1.691774794363743,0.2885475501840389,-0.04506348869550447,1.1711930762621068,1.9859309649755958,1403,2003.11.18.13.52.30,65.02782931354359,False,0.0898331234114903
-0.11715424804687499,0.0841259791320937,0.259,-0.613,0.14442651623003602,0.8720000000000001,1.7901039417371518,0.33836686506433167,-0.022609088832095146,1.166029824311177,2.0888871803093343,1404,2003.11.18.14.02.30,65.07421150278293,False,0.05263607480860566
-0.11812639160156249,0.08517620231466885,0.248,-0.5760000000000001,0.145742425302694,0.8240000000000001,1.7032171979081494,0.25604423794474385,-0.0663871488747938,1.1709066778415442,1.9935605151564704,1405,2003.11.18.14.12.30,65.12059369202227,False,0.0902905047668604
-0.11742822265625,0.08612529195560614,0.2585,-0.659,0.14576411085066093,0.9175,1.770928187687527,0.28642878977566766,-0.05050226642548726,1.1723286736134229,2.0773589784183355,1406,2003.11.18.14.22.30,65.16697588126159,False,0.10567333820963204
-0.117925341796875,0.08460194101979879,0.316,-0.56,0.14528079429756285,0.876,2.172706506205823,0.42033191639488465,-0.05722464478814505,1.1683129892799382,2.539535215986154,1407,2003.11.18.14.32.30,65.21335807050093,False,0.08149052246238458
-0.11811350097656251,0.08468950335220415,0.28800000000000003,-0.659,0.1454840800918954,0.9470000000000001,1.9783222077258,0.4420096745775701,-0.04300014024446962,1.1674908744047088,2.310322039294162,1408,2003.11.18.14.42.30,65.25974025974025,False,0.051293742873427695
-0.1176767822265625,0.08490162618204317,0.266,-0.6395,0.14525713022218328,0.9055000000000001,1.8297992556247331,0.3513032457866254,-0.06207082260994335,1.1698662261682307,2.141387982022294,1409,2003.11.18.14.52.30,65.3061224489796,False,0.09189053200056252
-0.11726577148437499,0.08384108945039609,0.2855,-0.5435000000000001,0.1442999402620534,0.8290000000000001,1.979670183824791,0.25044698481147165,-0.03351080117683904,1.1689762578260239,2.313525882431156,1410,2003.11.18.15.02.30,65.35250463821892,False,0.07850757979154183
-0.1188480224609375,0.08380221089608857,0.299,-0.5820000000000001,0.14559415936660403,0.881,2.041228207466147,0.33018667767250065,-0.07710278835705929,1.167107669530093,2.389285538513361,1411,2003.11.18.15.12.30,65.39888682745826,False,0.0934072404800339
-0.11724599609375,0.08342750885663301,0.344,-0.685,0.14406520247395377,1.029,2.3676803754453184,0.44872062214565145,-0.06320252449321104,1.1670634814656653,2.7743154041416695,1412,2003.11.18.15.22.30,65.4452690166976,True,-0.01355290731614689
-0.11747851562499999,0.08441005106179042,0.30400000000000005,-0.5549999999999999,0.144823660541641,0.859,2.107730275878792,0.3097148583050242,-0.06025732143784858,1.1695348223749062,2.4608713193101144,1413,2003.11.18.15.32.30,65.49165120593692,False,0.11063641102338873
-0.11853530273437501,0.08386310807894304,0.2615,-0.538,0.1453581736430648,0.7995,1.7942913683722423,0.2266044665302278,-0.051538305908389995,1.1669046978207644,2.0962945142506237,1414,2003.11.18.15.42.30,65.53803339517626,False,0.05761166804630535
-0.116946923828125,0.08442798278486269,0.281,-0.7055,0.144421359502247,0.9864999999999999,1.9398369965567528,0.4378783289607804,-0.06269242299684179,1.1699276769576015,2.272387711246953,1415,2003.11.18.15.52.30,65.5844155844156,False,0.04795648054911572
-0.11791530761718749,0.0841947825056511,0.3245,-0.675,0.14504765496685107,0.9995,2.236220067087237,0.4932445758811228,-0.09633267013342058,1.1693757077518363,2.615521472455533,1416,2003.11.18.16.02.30,65.63079777365492,False,0.0040805572620323805
-0.1179984130859375,0.08503506032507066,0.276,-0.6105,0.14559541575734475,0.8865000000000001,1.897619389664354,0.41165261940855324,-0.043021232782353036,1.1693401762757203,2.2179491371287163,1417,2003.11.18.16.12.30,65.67717996289424,False,0.08721674406591928
-0.11718122558593749,0.08484668593857356,0.3075,-0.5735,0.1448503782117617,0.8810000000000001,2.11739117337356,0.3962289007814024,-0.016920116489378113,1.1674336233601634,2.4749027771669816,1418,2003.11.18.16.22.30,65.72356215213358,False,0.06295770965852654
-0.1172938720703125,0.08487718039743408,0.2955,-0.6080000000000001,0.14492508289534545,0.9035000000000001,2.031918438342471,0.4146557903447745,-0.03373381757059604,1.1690593852182602,2.3791069841309014,1419,2003.11.18.16.32.30,65.7699443413729,False,0.07523173285246643
-0.11898752441406249,0.08465814288653833,0.315,-0.5800000000000001,0.14624935208294687,0.895,2.1512274237954996,0.39690053876561815,-0.06115742203622428,1.1670838563361592,2.5121705849468894,1420,2003.11.18.16.42.30,65.81632653061224,False,0.08599494583325984
-0.11716887207031251,0.0839540449312878,0.32599999999999996,-0.5505,0.1443077791910598,0.8765000000000001,2.2534744156978985,0.3663108279059848,-0.047738356576007245,1.168522745352241,2.636351611072892,1421,2003.11.18.16.52.30,65.86270871985158,False,0.043805816761513405
-0.1167884765625,0.08371226530617815,0.2855,-0.5920000000000001,0.14387651218191494,0.8775000000000001,1.9769796995003157,0.30227031582184427,-0.036056546352508066,1.1680303826350817,2.313527847742805,1422,2003.11.18.17.02.30,65.9090909090909,False,0.08755915952847015
-0.118316552734375,0.08308292798221284,0.28099999999999997,-0.5945,0.14469836977675374,0.8755,1.9276774462464816,0.34325049358808624,-0.04024993262953909,1.1649662636870084,2.252244914747664,1423,2003.11.18.17.12.30,65.95547309833024,False,0.06955508216701412
-0.1171712646484375,0.08588610985341752,0.3015,-0.6545000000000001,0.14544460941519782,0.9560000000000001,2.053507948846868,0.3941371585413047,-0.06690001904120836,1.1720163064679898,2.416427038555617,1424,2003.11.18.17.22.30,66.00185528756958,False,0.12032894544726208
-0.11689650878906249,0.0840052472677778,0.322,-0.608,0.14412199661054692,0.9299999999999999,2.217662182809389,0.4224676996399992,-0.041316999817392404,1.1688216598944376,2.6009351945070156,1425,2003.11.18.17.32.30,66.04823747680891,False,0.055622998798245615
-0.11838247070312499,0.0851662432225643,0.27949999999999997,-0.6375,0.1459767101201241,0.917,1.9121686563216789,0.43449323358146996,-0.03236274164492496,1.167941148375292,2.234642754762903,1426,2003.11.18.17.42.30,66.09461966604823,False,0.05980296700127885
-0.1171962158203125,0.08476762426908911,0.2565,-0.5469999999999999,0.1447815709914121,0.8034999999999999,1.7665214760333061,0.28056989849287994,-0.07486341005532597,1.1708804780644964,2.0712119005759533,1427,2003.11.18.17.52.30,66.14100185528757,False,0.09250859861570859
-0.1178605224609375,0.08600260707421502,0.321,-0.563,0.14605705099367655,0.884,2.186037966863702,0.35569143527043456,-0.04826198978614556,1.1707829353826151,2.564839094746458,1428,2003.11.18.18.02.30,66.1873840445269,False,0.10756024201784065
-0.1181227783203125,0.08477237931168966,0.355,-0.6375,0.145590444044238,0.9924999999999999,2.4440418352619733,0.4397748940956354,-0.03120527812564307,1.1679807758161878,2.851001063777047,1429,2003.11.18.18.12.30,66.23376623376623,True,-0.013525413079995885
-0.11619150390625,0.08414327640465175,0.271,-0.6385000000000001,0.14365032976610623,0.9095,1.882089952340559,0.4523821873197611,-0.06345178621616546,1.1696950663093706,2.203576053913878,1430,2003.11.18.18.22.30,66.28014842300557,False,0.062999569193538
-0.11695532226562501,0.08559348516474169,0.308,-0.624,0.14510504986492465,0.932,2.108334727905606,0.33660350024045593,-0.057065936591592245,1.1719831735240702,2.4773177781295965,1431,2003.11.18.18.32.30,66.3265306122449,False,0.1363376638632517
-0.11826872558593751,0.08502830357131669,0.332,-0.626,0.14577429407325587,0.9580000000000001,2.2666553308177813,0.3434741369183185,-0.07013510873482733,1.171418879393542,2.661271612205819,1432,2003.11.18.18.42.30,66.37291280148423,False,0.07582454042608666
-0.11738295898437498,0.08590227191670896,0.264,-0.6395,0.14561968508431067,0.9035000000000001,1.7999518633865723,0.37893603236198325,-0.03508591553260585,1.170799690215234,2.113316437041531,1433,2003.11.18.18.52.30,66.41929499072357,False,0.0912027799007486
-0.1168973388671875,0.0856265335420432,0.2585,-0.6054999999999999,0.1450845068754928,0.864,1.7791819168823495,0.28228114304234864,-0.05037336526293224,1.1714533610319178,2.0855015176187677,1434,2003.11.18.19.02.30,66.4656771799629,False,0.12365573403696245
-0.117697998046875,0.08577180294498346,0.26649999999999996,-0.6535,0.14579618034949032,0.9199999999999999,1.8254450669431237,0.3834154750067642,-0.05410876103149755,1.1706481206702484,2.1380328912664104,1435,2003.11.18.19.12.30,66.51205936920222,False,0.08732231649732203
-0.116565771484375,0.08605308533357596,0.266,-0.6715,0.14504987402289776,0.9375,1.8336618633286195,0.550386319588857,-0.07737488821950707,1.1739061681694516,2.1526442802180563,1436,2003.11.19.09.06.09,66.55844155844156,False,0.09295510024101644
-0.11816989746093749,0.08534673166392606,0.41600000000000004,-0.6419999999999999,0.14590399916660074,1.0579999999999998,2.843384725153235,0.45761124476324855,-0.02981056200080922,1.168988652589845,3.3280038119257926,1437,2003.11.19.09.12.30,66.60482374768088,True,-0.07868297741268715
-0.1177397705078125,0.08514120865959435,0.26849999999999996,-0.5785,0.14544659540151,0.847,1.8436023122338303,0.2941000591294558,-0.0463306277989826,1.17014918865475,2.1584468748163186,1438,2003.11.19.09.22.30,66.65120593692022,False,0.1083436644971103
-0.116969775390625,0.08466077641417752,0.31499999999999995,-0.646,0.14458347385909906,0.9610000000000001,2.17342196406162,0.3721574615235046,-0.0437962810415689,1.1688842531669712,2.543076881045594,1439,2003.11.19.11.04.17,66.69758812615956,False,0.07106330578147213
-0.11778176269531251,0.08401260509996866,0.3165,-0.575,0.14481797210610264,0.8915,2.194255467672342,0.3103346678912673,-0.0304255813161375,1.1668982582511707,2.55565082304249,1440,2003.11.19.11.06.07,66.74397031539888,False,0.059247713989708406
-0.1174532958984375,0.08431363629696792,0.2735,-0.6579999999999999,0.14474550381902007,0.9315,1.880290952306321,0.39557280760610336,-0.0769100394857025,1.1696998662699138,2.203667461719057,1441,2003.11.19.11.16.07,66.79035250463822,False,0.07845571487079678
-0.11763281249999999,0.084296838380665,0.265,-0.6174999999999999,0.14487029086210124,0.8825,1.827111471136897,0.3623067328400842,-0.05314027921156636,1.1692205613020354,2.137432478376718,1442,2003.11.19.11.26.07,66.83673469387756,False,0.07948611248832188
-0.11822727050781248,0.08455078148277474,0.2945,-0.6565000000000001,0.14549197743429154,0.9510000000000001,2.0107636437801886,0.38386663456495884,-0.006189640710291975,1.1658622482990189,2.350930017282044,1443,2003.11.19.11.36.07,66.88311688311688,False,0.035696545277236535
-0.11715263671875001,0.08403780821719697,0.259,-0.5894999999999999,0.1443262199718926,0.8485,1.791392337639926,0.3348369321993758,-0.03324460405817193,1.1669973824236264,2.09199503960777,1444,2003.11.19.11.46.07,66.92949907235621,False,0.07136532395308304
-0.117521435546875,0.08476159293804252,0.256,-0.7155,0.14503865917284475,0.9715,1.7568697000206166,0.455826089949684,-0.08980793638548831,1.170713029087053,2.0608428011073556,1445,2003.11.19.11.56.07,66.97588126159555,True,-0.008721006821523325
-0.1183238525390625,0.08539486855709419,0.2735,-0.5985,0.14606432989262086,0.872,1.8618398611962879,0.3911652938955985,-0.04660186642255601,1.1694422451592585,2.1819402832215613,1446,2003.11.19.12.06.07,67.02226345083488,False,0.0877514797527515
-0.11744675292968751,0.08500957011310224,0.29400000000000004,-0.5275000000000001,0.14509575762523658,0.8215,2.018741286038207,0.29121473855782076,-0.03527021766529846,1.1699550688732918,2.3653510506570754,1447,2003.11.19.12.16.07,67.06864564007421,False,0.07718103278259081
-0.116696923828125,0.08522298472460292,0.2735,-0.542,0.14470414599680725,0.8155000000000001,1.8803485032756222,0.31753456361957455,-0.0653607623414772,1.1722844582534102,2.2096473951150153,1448,2003.11.19.12.26.07,67.11502782931355,False,0.11802653999565604
-0.1186037109375,0.08410403362934568,0.249,-0.624,0.14555866632216197,0.873,1.7079922654450723,0.3182428502557133,-0.05092538874151803,1.1666574334584383,1.9941287996527202,1449,2003.11.19.12.36.07,67.16141001855289,False,0.04758902015826583
-0.11728041992187499,0.08367628023578884,0.276,-0.5385,0.1442634457902987,0.8145,1.9153068219140827,0.3742655369144743,-0.07392193769590569,1.1684731524520524,2.2367818286924708,1450,2003.11.19.12.46.07,67.20779220779221,False,0.058534653528800384
-0.11744755859375,0.08518498081495043,0.332,-0.58,0.1452393442882811,0.9119999999999999,2.275219744329906,0.3475439340547737,-0.02317256473453402,1.1690705813470834,2.665252682027237,1451,2003.11.19.12.56.07,67.25417439703153,False,0.05291639599667797
-0.118852001953125,0.08425404124789361,0.28600000000000003,-0.6045,0.14584878955912978,0.8905000000000001,1.952481068245285,0.49174445618123697,-0.08592259613056553,1.1672980596031541,2.2830704072009533,1452,2003.11.19.13.06.07,67.30055658627087,False,0.0504671325346947
-0.117427783203125,0.08443196652594231,0.29200000000000004,-0.624,0.14477432494162545,0.916,2.015547274934989,0.4377258422361203,-0.026897013471600575,1.1669931455829508,2.352772617539202,1453,2003.11.19.13.16.07,67.3469387755102,False,0.04716201735707615
-0.11769807128906251,0.08449693043437312,0.253,-0.6905,0.14504685966226272,0.9435,1.7386309653355023,0.43316880700740823,-0.05291873639389458,1.1684207333331962,2.0345626677209823,1454,2003.11.19.13.26.07,67.39332096474953,False,0.014660190768420622
-0.11802868652343751,0.085677845744178,0.305,-0.774,0.14598366127342854,1.079,2.0800087867250876,0.6243397432740252,-0.07596122436121064,1.1708082748158226,2.439855377256266,1455,2003.11.19.13.36.07,67.43970315398887,True,-0.010476936079762522
-0.116833935546875,0.0848779792291822,0.30300000000000005,-0.5900000000000001,0.14457147707129453,0.893,2.0892163539227573,0.34864027100089046,-0.05795213523798021,1.1710658279035848,2.45020392854005,1456,2003.11.19.13.46.07,67.4860853432282,False,0.10951176303169174
-0.11727133789062501,0.08512250809255043,0.264,-0.663,0.14503062109611492,0.927,1.822543223230535,0.4832002757101528,-0.07346571499151551,1.1709933224167735,2.1331892688315737,1457,2003.11.19.13.56.07,67.53246753246754,False,0.06044057308608908
-0.11828557128906249,0.08561867436628517,0.348,-0.663,0.14621102654227114,1.0110000000000001,2.371675349798581,0.4992721768982096,-0.06315809759986621,1.170943290890576,2.7819217276020556,1458,2003.11.19.14.06.07,67.57884972170687,False,0.01335503747220601
-0.11690737304687498,0.08499756949397379,0.289,-0.636,0.14469746208878964,0.9249999999999999,1.9837168421117541,0.36746436903880464,-0.058210839173453495,1.1708709654754497,2.330294483522085,1459,2003.11.19.14.16.07,67.6252319109462,False,0.0960260392135513
-0.1171258544921875,0.08378820931105135,0.3855,-0.6225,0.1441734587695656,1.008,2.650347146689625,0.4590286421697307,-0.043292869301813794,1.1681157359215355,3.1086849887830477,1460,2003.11.19.14.26.07,67.67161410018552,True,-0.04084004448724199
-0.1178537841796875,0.0855503523921356,0.2795,-0.597,0.14578899783013038,0.8765000000000001,1.9194173948825375,0.3799097594548073,-0.04194435556642751,1.1704313981087688,2.245361055892322,1461,2003.11.19.14.36.07,67.71799628942486,False,0.10042510147102107
-0.11735073242187499,0.08322323580497898,0.259,-0.5735,0.14403963762904476,0.8325,1.793933141698568,0.30730841256861874,-0.04411813699939539,1.1664798404210919,2.0949390819684406,1462,2003.11.19.14.46.07,67.76437847866418,False,0.07279207750589911
-0.11751010742187501,0.08419393872970225,0.28700000000000003,-0.609,0.14470733399295177,0.896,1.9759263213918465,0.3452522842898351,-0.04533362971808685,1.168100710678291,2.312394391983963,1463,2003.11.19.14.56.07,67.81076066790352,False,0.09569411848032527
-0.118346240234375,0.08438166019498297,0.276,-0.565,0.14547785732152493,0.841,1.8933726440645136,0.32061462976144806,-0.04264478602006958,1.1673061841013719,2.212153469298302,1464,2003.11.19.15.06.07,67.85714285714286,False,0.09504162604496968
-0.1173362060546875,0.08437171617683197,0.3075,-0.6910000000000001,0.1446620901263972,0.9985,2.122444917280861,0.6246840161734324,-0.08385006116551888,1.169817646393759,2.48470609308471,1465,2003.11.19.15.16.07,67.90352504638219,False,0.012200945717987355
-0.11741574707031249,0.08459734224002542,0.3565,-0.6015,0.1448933028009956,0.9580000000000001,2.4508405975516845,0.42983971558169864,-0.03603047887919168,1.1682160594805904,2.868459589157803,1466,2003.11.19.15.26.07,67.94990723562152,False,0.0015953322154889094
-0.11859433593749999,0.08477847374585945,0.2785,-0.592,0.14594368986653594,0.8704999999999999,1.8953828832069266,0.3454163864607589,-0.04912230132718942,1.1685648290103232,2.2214774055733533,1467,2003.11.19.15.36.07,67.99628942486086,False,0.07963510656936379
-0.1174109619140625,0.08360662745369321,0.2855,-0.631,0.14430358232391416,0.9165000000000001,1.9761872574627586,0.49376255451431317,-0.060625327587941674,1.167538530705433,2.3086847028924,1468,2003.11.19.15.46.07,68.04267161410019,False,0.050615532206628955
-0.1173192626953125,0.08340392490125312,0.236,-0.51,0.14411667168186787,0.746,1.6325787393087738,0.2819463034988565,-0.04298314997420106,1.1666925776278059,1.9072130674377985,1469,2003.11.19.15.56.07,68.08905380333951,True,-0.019016644964271134
-0.1185616455078125,0.0841742494264261,0.3165,-0.548,0.1455602008020685,0.8645,2.1514505777261643,0.4205689892434996,-0.020622847834381054,1.1649077928652734,2.5184308479725286,1470,2003.11.19.16.06.07,68.13543599257885,False,0.032893210857782185
-0.11671181640625,0.084823092149403,0.2885,-0.6285000000000001,0.14445103715369884,0.917,1.994950955198877,0.4498711060741254,-0.06770483259870247,1.1710978775811387,2.3373590664775072,1471,2003.11.19.16.16.07,68.18181818181817,False,0.08192984978609369
-0.1173481201171875,0.08444188340438268,0.3015,-0.542,0.14474977079009455,0.8435,2.0737315612095997,0.3683910508437076,-0.018838647109376026,1.1676809860036803,2.4262013764543804,1472,2003.11.19.16.26.07,68.22820037105751,False,0.04628548675552502
-0.1185743896484375,0.08521790808577097,0.2645,-0.6045,0.14615629114449447,0.869,1.803611763413142,0.4291676002898521,-0.06800180297985735,1.1699435152829456,2.113122575279047,1473,2003.11.19.16.36.07,68.27458256029685,False,0.07652197273489925
-0.11780512695312499,0.0862143671134315,0.3305,-0.619,0.14614157296368846,0.9495,2.240588466932808,0.4024592434804708,-0.06018927882024668,1.1719676866932103,2.6370208562626587,1474,2003.11.19.16.46.07,68.32096474953617,False,0.11152153277849247
-0.11773903808593748,0.08616596130158867,0.2905,-0.603,0.14605036481239966,0.8935,1.9820138483984637,0.45785559046753344,-0.03551212812921156,1.17133938579153,2.3251465337186783,1475,2003.11.19.16.56.07,68.36734693877551,False,0.09593851468200582
-0.118448876953125,0.08564700170221543,0.28800000000000003,-0.6445000000000001,0.14629931928529066,0.9325000000000001,1.9683123395591493,0.5490770931121296,-0.07696020267855253,1.1698618601613857,2.302773554384747,1476,2003.11.19.17.06.07,68.41372912801485,False,0.056793883648360355
-0.11782058105468748,0.08675098412383761,0.3835,-0.5675,0.14646785848402638,0.9510000000000001,2.604565540322133,0.5262847741652983,-0.07736942455220591,1.1738288651068445,3.06373686762742,1477,2003.11.19.17.16.07,68.46011131725417,False,0.006691502051173637
-0.1175685302734375,0.08496609173933058,0.277,-0.601,0.14520872890259465,0.8780000000000001,1.9089390327425886,0.37769558531684067,-0.050206077349601266,1.1692692225187553,2.23133233859319,1478,2003.11.19.17.26.07,68.5064935064935,False,0.09246289287367965
-0.11834733886718748,0.08651253335602346,0.3345,-0.6125,0.14672456794470634,0.9470000000000001,2.2598788831032532,0.5672080201813448,-0.052085146318552954,1.1706379350254992,2.65610306135324,1479,2003.11.19.17.36.07,68.55287569573284,False,0.05761362071408016
-0.1174534423828125,0.08664985297836827,0.36,-0.6074999999999999,0.14612390164536979,0.9675,2.4575937227423275,0.40363512030039805,-0.04149963349448454,1.1728581949525907,2.885536277936355,1480,2003.11.19.17.46.07,68.59925788497218,False,0.03980723781652307
-0.11831579589843749,0.08602013776588874,0.2785,-0.5615,0.14642342019450394,0.8400000000000001,1.903362974360413,0.3277934504443103,-0.04286639478325903,1.1700826847589165,2.2264068371993453,1481,2003.11.19.17.56.07,68.6456400742115,False,0.11881394764105624
-0.117524658203125,0.08603226496075413,0.3255,-0.6345000000000001,0.14582961251854948,0.9600000000000001,2.221926638644691,0.46573606710772397,-0.04867511002087367,1.1712231990628115,2.6077116917328738,1482,2003.11.19.18.06.07,68.69202226345084,False,0.06519590058421476
-0.11762543945312501,0.08618593988218033,0.3065,-0.6114999999999999,0.14594005700098706,0.9179999999999999,2.106892457937075,0.42150152254183615,-0.08027697742046397,1.1738147173619202,2.4700983093027316,1483,2003.11.19.18.16.07,68.73840445269018,False,0.13439643496919135
-0.117530712890625,0.08614492348562412,0.3055,-0.6519999999999999,0.14585969169907564,0.9575,2.092396311482193,0.4180008465971281,-0.04925984944045138,1.1717103327495433,2.452640644213297,1484,2003.11.19.18.26.07,68.7847866419295,False,0.09910125176612677
-0.11835671386718749,0.08508757345953896,0.266,-0.6875,0.1459257297859436,0.9535,1.8214404366532593,0.4135579945341663,-0.037039653405259915,1.1681073973948672,2.1283763371878512,1485,2003.11.19.18.36.07,68.83116883116884,False,0.04364759923505934
-0.1171546630859375,0.08626130308490487,0.265,-0.7505,0.14564796660650445,1.0154999999999998,1.8173545651613643,0.5168602110352118,-0.07397880214387151,1.1730799913025174,2.1330151224607183,1486,2003.11.19.18.46.07,68.87755102040816,False,0.02986525537221263
-0.11760803222656249,0.0849758525902207,0.2625,-0.5565,0.14523567063956017,0.819,1.809410256952104,0.35087119146989587,-0.057811974524881425,1.170045983991311,2.11597820756667,1487,2003.11.19.18.56.07,68.92393320964749,False,0.09536040107280608
-0.1186189453125,0.08560544501834663,0.278,-0.593,0.14640188414410865,0.871,1.8997860971561442,0.4990339949871787,-0.04187128717227373,1.168524911992852,2.2195478203163264,1488,2003.11.19.19.06.07,68.97031539888683,False,0.05863937607968439
-0.11764580078125,0.0868285396318196,0.3175,-0.56,0.14641405167662602,0.8775000000000001,2.1693037810551097,0.45518533511165815,-0.04707457781305646,1.1727262719500255,2.543580910160318,1489,2003.11.19.19.16.07,69.01669758812616,False,0.09910125340489984
-0.1171994384765625,0.08505554899156964,0.299,-0.6214999999999999,0.14496203546354608,0.9205,2.0649474390585847,0.4585165836737206,-0.06243178135566324,1.1697314304798598,2.414248665393937,1490,2003.11.19.19.26.07,69.06307977736549,False,0.08404547977637522
-0.118422119140625,0.08628376586231021,0.3335,-0.6835,0.14665954939514053,1.017,2.269458961812762,0.5888703061945977,-0.06693990317223196,1.1718148034333065,2.661814245018202,1491,2003.11.19.19.36.07,69.10946196660483,False,0.029146440710462795
-0.1175158935546875,0.08506624182691688,0.2685,-0.5665,0.1452323044865631,0.835,1.839439630867881,0.3578941406511449,-0.07467836872975958,1.171532886386696,2.160201180508789,1492,2003.11.19.19.46.07,69.15584415584416,False,0.10479296064001398
-0.1171051513671875,0.08711359690092527,0.26,-0.663,0.14612040076017435,0.923,1.7793120974338885,0.4949859993435246,-0.08918169560220163,1.1746829648845067,2.090150429287924,1493,2003.11.19.19.56.07,69.20222634508349,False,0.09157546112111264
-0.1181094482421875,0.08443059111354344,0.33099999999999996,-0.609,0.14532891114859614,0.94,2.27046660549596,0.4545413433292522,-0.05639134485955136,1.1684511863221911,2.6571218363253557,1494,2003.11.19.20.06.07,69.24860853432281,False,0.06361197043407996
-0.11669760742187502,0.08469897543159725,0.316,-0.6579999999999999,0.14434395824280694,0.974,2.1863631642800083,0.3624424829423496,-0.04910625938468448,1.1705282196279174,2.5606211646990165,1495,2003.11.19.20.16.07,69.29499072356215,False,0.07159817886238262
-0.117377001953125,0.08654336356467739,0.367,-0.6275,0.1459715093051103,0.9944999999999999,2.4784889900622415,0.42899335189746046,-0.05743915394033246,1.1737488888100573,2.9245859632414284,1496,2003.11.19.20.26.07,69.34137291280148,False,0.02697485381504039
-0.11887905273437502,0.08549862604542391,0.2585,-0.6395,0.14658104058359156,0.8979999999999999,1.7622382351478114,0.32515725374906745,-0.06543750783374241,1.1691312047117512,2.0609298738227437,1497,2003.11.19.20.36.07,69.38775510204081,False,0.07905925918643014
-0.117364501953125,0.08552114464025942,0.299,-0.687,0.14535792187325497,0.986,2.0604600166340488,0.517978874888124,-0.04935050899603302,1.1708715873029478,2.4106987458220055,1498,2003.11.19.20.46.07,69.43413729128015,False,0.0545270226045772
-0.117473095703125,0.0867804320043157,0.294,-0.5885,0.14619020113686032,0.8825000000000001,1.9995930746866808,0.4044148625806967,-0.029404694984638966,1.171753016195772,2.348332295497796,1499,2003.11.19.20.56.07,69.48051948051948,False,0.12526550610768988
-0.1183118408203125,0.08605020835913892,0.271,-0.625,0.14645206803105354,0.8959999999999999,1.8474235915057888,0.4236049007781406,-0.04771566183405308,1.170252596300978,2.163564980926175,1500,2003.11.19.21.06.07,69.52690166975881,False,0.08333055131987477
-0.117761962890625,0.08512709984546606,0.29700000000000004,-0.6615,0.14546688812807956,0.9585,2.05152957865077,0.42582423982880924,-0.061103544190495004,1.1700130640268562,2.3953976190274737,1501,2003.11.19.21.16.07,69.57328385899815,False,0.07399636883796035
-0.117140185546875,0.08566466770536314,0.315,-0.6095,0.14524945639472683,0.9245,2.169662671695126,0.5133875316151908,-0.0397694661543116,1.1712525551393944,2.540711571534256,1502,2003.11.19.21.26.07,69.61966604823748,False,0.07872411236462296
-0.1181280517578125,0.08687792763214702,0.332,-0.5885,0.14678940493897238,0.9205,2.264607519677149,0.40362371577776535,-0.0750854041886055,1.1740036186193143,2.657102510765588,1503,2003.11.19.21.36.07,69.6660482374768,False,0.11409064662784069
-0.116911962890625,0.08521231258383949,0.27949999999999997,-0.614,0.14482599627894016,0.8935,1.9289428649096618,0.42032649061043137,-0.04648514530099299,1.1709325599206197,2.2591701323334847,1504,2003.11.19.21.46.07,69.71243042671614,False,0.09081771995147525
-0.1170365966796875,0.08554662879161165,0.3335,-0.619,0.14512176484318046,0.9525000000000001,2.2837058248646773,0.3353704839618292,-0.06171780226093537,1.173159515583802,2.685953978637783,1505,2003.11.19.21.56.07,69.75881261595546,False,0.1023156532781529
-0.11867062988281249,0.08553998583237812,0.389,-0.615,0.146419340522217,1.004,2.6369521228197845,0.4834256126843437,-0.06972521290411417,1.170106813583233,3.0944008211849114,1506,2003.11.19.22.06.07,69.8051948051948,True,-0.03735356551532576
-0.11720146484374999,0.0859665294182553,0.3285,-0.687,0.14550723584500086,1.0154999999999998,2.253130067427649,0.5387282689432751,-0.06227120543153819,1.170966876282256,2.6407270546346027,1507,2003.11.19.22.16.07,69.85157699443414,False,0.03970637181186676
-0.116334228515625,0.084211278322466,0.276,-0.62,0.14377834147831153,0.896,1.91836004489568,0.34553261082877995,-0.06321581130138074,1.1703337488168335,2.2457112454876453,1508,2003.11.20.11.50.35,69.89795918367348,False,0.10053986821373512
-0.1174630859375,0.08341157090176274,0.2345,-0.5854999999999999,0.14421377161570037,0.82,1.6249611656122311,0.22852700955224337,-0.06923037957869542,1.1681626028868624,1.898802202978431,1509,2003.11.20.11.54.03,69.9443413729128,False,0.019345349460157202
-0.11758659667968752,0.08287625823580029,0.32699999999999996,-0.6495,0.14400093669211178,0.9764999999999999,2.265534476458418,0.4208755579610197,-0.05295203946983944,1.16631133288725,2.6450794543739593,1510,2003.11.20.11.59.03,69.99072356215214,False,0.018435249836206702
-0.11873718261718752,0.0839157996506803,0.28049999999999997,-0.603,0.1455440226053604,0.8835,1.92386098736196,0.32700183274055195,-0.015658995156619778,1.1645520529135465,2.2422596072735956,1511,2003.11.20.12.04.03,70.03710575139146,False,0.05420839391796328
-0.117959423828125,0.08466765797906727,0.3015,-0.6505,0.14533740980600593,0.952,2.0710450485222553,0.53157276329637,-0.04759286089008226,1.1675380771792288,2.4199729251823325,1512,2003.11.20.12.09.03,70.08348794063079,False,0.04675728772716048
-0.119413623046875,0.08407502287801755,0.2455,-0.6435,0.14621642241299931,0.889,1.6715262683493721,0.2923024626321622,-0.048013268371195156,1.1653431505434337,1.9517723820974089,1513,2003.11.20.12.14.03,70.12987012987013,False,0.023039474398795723
-0.11948349609375,0.0844624509391282,0.29300000000000004,-0.56,0.14649280941946968,0.853,1.998927358268197,0.28141366993438566,-0.04543016635093074,1.166242636212632,2.3318275533543096,1514,2003.11.20.12.19.03,70.17625231910947,False,0.09539786582287446
-0.11814067382812499,0.08456130728501092,0.2615,-0.6815,0.14544275088850206,0.9430000000000001,1.7907460309368624,0.4560347386827719,-0.08208774704808691,1.1688684269269238,2.0970618450738647,1515,2003.11.20.12.24.03,70.22263450834879,False,0.03335093190228555
-0.118132861328125,0.08473832430839628,0.3225,-0.636,0.14556653754565024,0.9585,2.2160886492161564,0.3723806538751617,-0.03766908644785176,1.1674312202634747,2.5867877556137904,1516,2003.11.20.12.29.03,70.26901669758813,False,0.05894046236128814
-0.11794111328124998,0.08301064474964832,0.245,-0.5775,0.14436582700339975,0.8225,1.695269715082491,0.19965020851142934,-0.05142193788594395,1.1668875183009528,1.97914213559338,1517,2003.11.20.12.34.03,70.31539888682747,False,0.0264656671049589
-0.11810185546874999,0.08255280870745907,0.2915,-0.5640000000000001,0.14425122519512457,0.8555,2.02627375774921,0.2604115866695822,-0.03729770042635754,1.1651274223385795,2.3572057854691546,1518,2003.11.20.12.39.03,70.36178107606679,False,0.06719346407671045
-0.118097509765625,0.08475332420615067,0.267,-0.5445,0.14552481253176805,0.8114999999999999,1.8259001621550124,0.27660785210524086,-0.05376332315780734,1.16889011575931,2.139436228032335,1519,2003.11.20.12.44.03,70.40816326530613,False,0.08943031870054974
-0.1189823974609375,0.08238385482533907,0.2585,-0.51,0.14486975071858582,0.7685,1.7734242951681907,0.1161097153505859,-0.04133169198026887,1.1641036208048872,2.070008344689786,1520,2003.11.20.12.49.03,70.45454545454545,True,-0.006289231727344968
-0.1176647216796875,0.08483600657927212,0.3285,-0.6545000000000001,0.14521810161892207,0.983,2.254747420670998,0.46892398639075195,-0.05729320076859664,1.1692939300038319,2.64033178570832,1521,2003.11.20.12.54.03,70.50092764378478,False,0.037397744752036055
-0.11889096679687501,0.083921604503963,0.3055,-0.5920000000000001,0.14565808053039098,0.8975,2.091630297920331,0.32628239951063054,-0.050303209391041964,1.1661571073315844,2.4419901786451312,1522,2003.11.20.12.59.03,70.54730983302412,False,0.09165833590430333
-0.1183801513671875,0.0843997860536809,0.2855,-0.6275,0.14552628901810574,0.913,1.9570194983156737,0.31968380025418086,-0.0605322564106661,1.1675706953877212,2.28726489469526,1523,2003.11.20.13.04.03,70.59369202226345,False,0.10191756219313652
-0.1178780029296875,0.08413543377929186,0.27,-0.6205,0.14498329463859466,0.8905000000000001,1.8658726685885145,0.3011337960304332,-0.051045051983847185,1.1678139535446883,2.1769782742661863,1524,2003.11.20.13.09.03,70.64007421150278,False,0.08509076422088757
-0.1175062744140625,0.0846248447876872,0.3455,-0.5934999999999999,0.1449640084672163,0.939,2.3709550909727586,0.4377180182592322,-0.04905507090039782,1.1692480198836928,2.7782767515996944,1525,2003.11.20.13.14.03,70.68645640074212,False,0.043168230267943475
-0.11762463378906252,0.0854204220781824,0.34299999999999997,-0.5455,0.14549394545508965,0.8885,2.35361266992925,0.3118408212546049,-0.04920215723943909,1.171029447601861,2.7577725510127102,1526,2003.11.20.13.19.03,70.73283858998145,False,0.06279595249306302
-0.11781838378906251,0.08496715623558476,0.326,-0.6555,0.14539883213725954,0.9815,2.245950981904354,0.4250600049669533,-0.08593824898871835,1.171061151672548,2.6282242460855416,1527,2003.11.20.13.24.03,70.77922077922078,False,0.05327382690570237
-0.117693798828125,0.08465879218688079,0.2405,-0.5429999999999999,0.14512484218106084,0.7835,1.652331096410951,0.33926331165290025,-0.045965997511675,1.168037168538004,1.9322592610907219,1528,2003.11.20.13.29.03,70.82560296846012,False,0.02045659772802977
-0.11822070312499999,0.08435811465678594,0.28700000000000003,-0.6385000000000001,0.14537400066715828,0.9255,1.9794747104794617,0.4220615103627907,-0.0480354309009681,1.1671198371057578,2.3077180348831643,1529,2003.11.20.13.34.03,70.87198515769944,False,0.07248863337832201
-0.1177256103515625,0.08379585391170663,0.3275,-0.626,0.14466294009794076,0.9535,2.2521466854087135,0.345286967825597,-0.05988276854241678,1.168240437587933,2.6366251103657845,1530,2003.11.20.13.39.03,70.91836734693877,False,0.06000685383543469
-0.11919765625,0.08461430578492156,0.3185,-0.61,0.14631579066963535,0.9285,2.170813400481358,0.4131527749475681,-0.03568074685240226,1.1661447757011212,2.5346233718963758,1531,2003.11.20.13.44.03,70.9647495361781,False,0.07203921513212419
-0.118367724609375,0.08505792931550028,0.2565,-0.6645000000000001,0.14595542028100356,0.921,1.75486302562834,0.42334969498104646,-0.06789339689136198,1.168645705018235,2.052188183864005,1532,2003.11.20.13.49.03,71.01113172541744,False,0.05509952923785322
-0.1174588623046875,0.08489405481640958,0.2475,-0.615,0.145047797802643,0.8625,1.7019229601834067,0.35412972221421524,-0.04344147087878178,1.1696060184108745,1.9930102959259184,1533,2003.11.20.13.54.03,71.05751391465677,False,0.05882536037093
-0.1176048583984375,0.08360781735933805,0.29400000000000004,-0.6775,0.14445414997774092,0.9715,2.032652082327448,0.34753218188658797,-0.032695200823038215,1.1670488999229796,2.3735303063803492,1534,2003.11.20.13.59.03,71.1038961038961,False,0.026470300799132818
-0.117542626953125,0.08415054656688245,0.2635,-0.5925,0.14471928088720243,0.8560000000000001,1.8207003318836947,0.38242447077706965,-0.009025843531120384,1.1659952235150957,2.122964453855512,1535,2003.11.20.14.04.03,71.15027829313544,False,0.04318166649802846
-0.117529150390625,0.08444546509550419,0.281,-0.51,0.1448685924795595,0.7909999999999999,1.9393359203905227,0.2529220471760245,-0.007051128947187787,1.168215999417134,2.2657723264318155,1536,2003.11.20.14.09.03,71.19666048237477,False,0.020815949048079152
-0.11870344238281251,0.08352388058345278,0.3025,-0.563,0.14530801537692728,0.8654999999999999,2.07215271673915,0.2918475104231981,-0.032221475728463664,1.1653291770888374,2.4201413161741114,1537,2003.11.20.14.14.03,71.24304267161409,False,0.07239510443340524
-0.1178453125,0.0838392571231005,0.2565,-0.5505,0.14485285369072165,0.8069999999999999,1.7604457444912511,0.2539771117038856,-0.06918471762659043,1.1670033446699888,2.059455303478156,1538,2003.11.20.14.19.03,71.28942486085343,False,0.0720750950962179
-0.11746909179687501,0.08383137195960988,0.36750000000000005,-0.5565,0.14446850982737974,0.924,2.5395168824070335,0.38724847042386057,-0.021701873840432297,1.1663806084938892,2.964280815967258,1539,2003.11.20.14.24.03,71.33580705009277,True,-0.04475053334407608
-0.1179769775390625,0.08281137426919616,0.27,-0.592,0.1442603344008345,0.862,1.8673118253620637,0.29281905644096007,-0.06618918312728055,1.1666648142960234,2.1808712702911226,1540,2003.11.20.14.29.03,71.38218923933209,False,0.07519516826854455
-0.117420166015625,0.08433501989297307,0.2955,-0.5589999999999999,0.14474100875119364,0.8545,2.0296455393118804,0.22297288924883563,-0.01758572701341979,1.1670541356713775,2.374765518364913,1541,2003.11.20.14.34.03,71.42857142857143,False,0.06933090794912777
-0.11975258789062501,0.08444215517775072,0.321,-0.5505,0.1466894556714202,0.8715,2.1804935315347747,0.2581040483537058,-0.022769638662339897,1.1654057905163637,2.545304210552673,1542,2003.11.20.14.39.03,71.47495361781077,False,0.047622167963654705
-0.1182077880859375,0.08394578803408827,0.3235,-0.598,0.14513982904031839,0.9215,2.2228398368787725,0.4050102971402878,-0.06547681590183282,1.1671319322472993,2.5972395049134294,1543,2003.11.20.14.44.03,71.5213358070501,False,0.07337551258195396
-0.117755078125,0.08499804615151416,0.319,-0.748,0.1454136028231391,1.067,2.182743562535466,0.5097416347603261,-0.04748403971260254,1.1682936348325277,2.5556702011913535,1544,2003.11.20.14.49.03,71.56771799628943,True,-0.01149564160938965
-0.11720786132812501,0.08455148663513265,0.30600000000000005,-0.6705000000000001,0.1446771752148869,0.9765000000000001,2.1095107950044016,0.44397720057455325,-0.05677657520048916,1.169820584153312,2.470383915184212,1545,2003.11.20.14.54.03,71.61410018552876,False,0.05917967105768118
-0.11793576660156249,0.08471911961205486,0.2855,-0.5715,0.14536215233210809,0.857,1.9521978747626516,0.3425379923159144,-0.05846921331830797,1.1689931752596374,2.2886515279744244,1546,2003.11.20.14.59.03,71.66048237476808,False,0.10980507550929602
-0.11740290527343751,0.0839039937335046,0.2845,-0.581,0.14446864070051485,0.8655,1.976322138930998,0.3758006281260331,-0.05992510170070546,1.1689500016211842,2.3066549527135516,1547,2003.11.20.15.04.03,71.70686456400742,False,0.07826064194592058
-0.117777783203125,0.08377306567642104,0.259,-0.6335,0.1446676617724097,0.8925,1.784996640290807,0.2758863505186082,-0.05455965875185148,1.1681229145066019,2.0877623055799024,1548,2003.11.20.15.09.03,71.75324675324676,False,0.0637509374922336
-0.118387646484375,0.08424727229055455,0.2855,-0.6435,0.14546883628692164,0.929,1.9614273303714915,0.41111176274670336,-0.028820400976266876,1.166224385153817,2.2881537775599625,1549,2003.11.20.15.14.03,71.79962894248608,False,0.04598386796626175
-0.11689011230468749,0.08360965248214146,0.3125,-0.636,0.14385496786023105,0.9485,2.15378703093107,0.2841499912055314,-0.04447929084906664,1.168964015538941,2.526867570459385,1550,2003.11.20.15.19.03,71.84601113172542,False,0.062376151966923477
-0.11751574707031251,0.084290813221593,0.236,-0.618,0.1447540037955783,0.854,1.6295517856735584,0.2579869842457123,-0.03316011009269326,1.1686472736976088,1.9048160721199277,1551,2003.11.20.15.24.03,71.89239332096476,False,0.015311773287114638
-0.1177912841796875,0.083917539394291,0.266,-0.609,0.14479475547326331,0.875,1.8319560247036617,0.3229974519567367,-0.049098402569286194,1.167444930214697,2.1416277517414213,1552,2003.11.20.15.29.03,71.93877551020408,False,0.08499081947980824
-0.1175123291015625,0.08299865619065017,0.272,-0.6080000000000001,0.1440500702565537,0.8800000000000001,1.8805666128100318,0.34634533287052016,-0.034858484986876416,1.1648891949375964,2.195324681609728,1553,2003.11.20.15.34.03,71.98515769944342,False,0.04963882229458605
-0.1173165283203125,0.08404282030195989,0.26,-0.6285,0.14446540100320465,0.8885,1.7962685743924447,0.29944949580067903,-0.0462143086168104,1.1685982649135798,2.100622312905725,1554,2003.11.20.15.39.03,72.03153988868274,False,0.07598028436695181
-0.117848486328125,0.08413910766600824,0.28900000000000003,-0.5605,0.14497864180774384,0.8495,2.0035096979421017,0.3543920745814575,-0.02516873886932413,1.1663475783228234,2.331764399000134,1555,2003.11.20.15.44.03,72.07792207792207,False,0.059469290978812706
-0.11764929199218749,0.0843708507777026,0.2525,-0.5860000000000001,0.1449491665059563,0.8385,1.73475735876245,0.3005019649139795,-0.02356359565947054,1.16711998584169,2.0287625888433873,1556,2003.11.20.15.49.03,72.1243042671614,False,0.03911426190958911
-0.11783188476562499,0.08337208986912727,0.277,-0.5589999999999999,0.14451053656502982,0.836,1.9084377425506192,0.1876270532395523,-0.04324399069130894,1.1676614768757965,2.232865398147505,1557,2003.11.20.15.54.03,72.17068645640074,False,0.08247648943417701
-0.11786591796874998,0.08472505243978583,0.2855,-0.5225,0.14532138330413585,0.808,1.96117574172599,0.22657257818277898,-0.05031098642343788,1.1700860098036312,2.2965750729616214,1558,2003.11.20.15.59.03,72.21706864564007,False,0.06965510043119794
-0.11777402343749999,0.08486031234334811,0.23299999999999998,-0.63,0.14531645901529971,0.863,1.606805923533363,0.3781423794489418,-0.05981975259815871,1.1688100270567188,1.8763767265667428,1559,2003.11.20.16.04.03,72.26345083487941,False,0.022961786554316244
-0.11733173828125001,0.08447947397153492,0.26,-0.6739999999999999,0.14473846453841788,0.9339999999999999,1.7923925370517853,0.38527824718931414,-0.04471795352173023,1.1692883463519799,2.098048171173326,1560,2003.11.20.16.09.03,72.30983302411875,False,0.04448477726434252
-0.1188908447265625,0.08366205414667577,0.2565,-0.5529999999999999,0.14551536169091617,0.8095,1.7618291843093385,0.2600684047727093,-0.04373316634148921,1.1663313314154309,2.0553376325803208,1561,2003.11.20.16.14.03,72.35621521335807,False,0.059476343987049374
-0.11751008300781249,0.08350937681540344,0.26,-0.5555,0.14431398039507087,0.8155,1.8014004439988822,0.2538101040260281,-0.035153673547263224,1.166330453495583,2.101156739913673,1562,2003.11.20.16.19.03,72.40259740259741,False,0.05338317465640585
-0.118022119140625,0.08518358998433437,0.31,-0.6735,0.14569948472761196,0.9835,2.117566410450019,0.3488664783128608,-0.06335023314159441,1.170915552455722,2.483947129947468,1563,2003.11.20.16.24.03,72.44897959183673,False,0.0863208465458361
-0.11780517578125,0.08451405747300257,0.2685,-0.5665,0.1451263188600762,0.835,1.842959957385859,0.23646478938255777,-0.03905096771562068,1.1686053804199619,2.1573883302096233,1564,2003.11.20.16.29.03,72.49536178107606,False,0.08180711150270431
-0.117548388671875,0.08229253371047515,0.198,-0.5165,0.14364193090714,0.7144999999999999,1.3760177481079843,0.2201426346912243,-0.052541239380631155,1.1651839292893333,1.6046786856753832,1565,2003.11.20.16.34.03,72.5417439703154,True,-0.06475206650684329
-0.117019189453125,0.08364538589669543,0.29400000000000004,-0.5595,0.14400246803229166,0.8535,2.020061214356367,0.23798728619534204,-0.04408673862866368,1.1686006521147787,2.37086099787361,1566,2003.11.20.16.39.03,72.58812615955473,False,0.0894359749614107
-0.11865605468750001,0.0833484518615967,0.2405,-0.5675,0.14515477113445288,0.808,1.6567371126569412,0.2572594292885402,-0.0325818160056969,1.1646173537657956,1.929526212278609,1567,2003.11.20.16.44.03,72.63450834879406,False,0.005565810822782513
-0.11708784179687501,0.0851655864041583,0.28800000000000003,-0.527,0.1449643077748135,0.815,1.985572616562244,0.2988761828277653,-0.06265927799124471,1.1716733164365412,2.327006973488916,1568,2003.11.20.16.49.03,72.6808905380334,False,0.0994377926576992
-0.11739750976562499,0.0852672446153587,0.242,-0.6555,0.1452373115177854,0.8975,1.6670274360107147,0.3723482735688062,-0.07961086306852047,1.1715470484609516,1.9525868021083208,1569,2003.11.20.16.54.03,72.72727272727273,False,0.05740635264459193
-0.11822727050781251,0.08341156039124441,0.27249999999999996,-0.581,0.14482950659685295,0.8534999999999999,1.879372290525628,0.23054831929703012,-0.05453794616034623,1.167444786745686,2.1951668422995683,1570,2003.11.20.16.59.03,72.77365491651206,False,0.07821340509564817
-0.11759487304687499,0.08315229692380784,0.28200000000000003,-0.602,0.14421101574101364,0.884,1.9484386623823164,0.36422648076302977,-0.06046725676692992,1.1666126507095567,2.277245662264206,1571,2003.11.20.17.04.03,72.8200371057514,False,0.07741519567655852
-0.11718862304687501,0.08487952439779275,0.34199999999999997,-0.5435,0.14486809301241754,0.8855,2.3720778418877644,0.23233556225530005,-0.007422693116306179,1.1693742501250104,2.7684041709194362,1572,2003.11.20.17.09.03,72.86641929499072,False,0.008188582288023105
-0.118241064453125,0.08405379535133424,0.272,-0.5555,0.14524340273211475,0.8274999999999999,1.8700584857875957,0.26601490397074223,-0.047743588414720574,1.1675720935899576,2.18512405719607,1573,2003.11.20.17.14.03,72.91280148423006,False,0.08325987714221683
-0.11765561523437498,0.08376137303195191,0.2895,-0.586,0.14456124437419016,0.8755,1.9861954751457083,0.25587679983974243,-0.010579242312679949,1.166381987162732,2.3244563950126613,1574,2003.11.20.17.19.03,72.95918367346938,False,0.05993280346120966
-0.11756882324218751,0.08598715310192011,0.29300000000000004,-0.5960000000000001,0.14580399335329633,0.889,2.0055828002103744,0.305234710639509,-0.04201517568107989,1.1715434315242654,2.3516047872566186,1575,2003.11.20.17.24.03,73.00556586270872,False,0.1329954812235818
-0.11756298828125,0.0827477980249142,0.2905,-0.542,0.14392575618748213,0.8325,1.9940904058850895,0.2528589264781531,-0.04411106648014254,1.1652753995613072,2.3370720009695294,1576,2003.11.20.17.29.03,73.05194805194806,False,0.06452950526319412
-0.11768168945312502,0.08391388775764942,0.328,-0.5894999999999999,0.14469735652526222,0.9175,2.253038994952603,0.41903930000475054,-0.02343304348091494,1.1656717665788594,2.63349357576702,1577,2003.11.20.17.34.03,73.09833024118738,False,0.025782510124845004
-0.117465283203125,0.08374368147720318,0.249,-0.5665,0.14442170669169568,0.8155,1.720499323281502,0.3173170439440205,-0.05169205040281585,1.1674671323183956,2.010609525725071,1578,2003.11.20.17.39.03,73.14471243042672,False,0.06473421129836143
-0.1184537353515625,0.08473917836923545,0.29900000000000004,-0.5945,0.14583078591598642,0.8935000000000001,2.0573947488926487,0.37507339266747386,-0.07779220182707418,1.169599238408566,2.4024075778984297,1579,2003.11.20.17.44.03,73.19109461966605,False,0.08970036948203541
-0.11747084960937501,0.08393717813521889,0.27449999999999997,-0.5529999999999999,0.1445391083793528,0.8274999999999999,1.893588510781822,0.3319176308679732,-0.030349055403633727,1.1670735924256843,2.2132353105748086,1580,2003.11.20.17.49.03,73.23747680890537,False,0.06498038179249788
-0.11755173339843748,0.08435063557165906,0.259,-0.5125,0.14484722751350287,0.7715000000000001,1.7774257013929842,0.1729983468849423,-0.024212018864292008,1.1676490239564457,2.0809683669239405,1581,2003.11.20.17.54.03,73.28385899814471,True,-0.00047008626934252895
-0.11764440917968749,0.085126819219774,0.288,-0.6055,0.14538250772455524,0.8935000000000001,1.969465344605323,0.34253487520327996,-0.051926520983767724,1.1709613699616748,2.3124952850259315,1582,2003.11.20.17.59.03,73.33024118738405,False,0.11119571348978047
-0.11756359863281249,0.08451632069052367,0.2615,-0.6045,0.14494873900356114,0.8660000000000001,1.801581721404613,0.32721528289524704,-0.045242164984484246,1.169401561223363,2.108057389405497,1583,2003.11.20.18.04.03,73.37662337662337,False,0.09243266487646323
-0.1179056640625,0.08379017167098528,0.217,-0.63,0.14478956993295813,0.847,1.5003651087688137,0.22995230262900224,-0.05356918782119041,1.1678721043513445,1.7513822369252112,1584,2003.11.20.18.09.03,73.42300556586271,True,-0.01900642518498341
-0.11808562011718751,0.08395288547499098,0.30500000000000005,-0.5735,0.14501291642483086,0.8785000000000001,2.099583191680181,0.27598807698046235,-0.049212539046417564,1.1686599351593616,2.4557794293431665,1585,2003.11.20.18.14.03,73.46938775510205,False,0.09001520162384513
-0.118080712890625,0.0842183711132815,0.2855,-0.6545000000000001,0.14519519206137874,0.9400000000000001,1.9602810226082823,0.3904209655201536,-0.026368976982718395,1.1661485210511642,2.2888163052007124,1586,2003.11.20.18.19.03,73.51576994434137,False,0.044724594029912246
-0.11762470703125,0.08457852698905105,0.28450000000000003,-0.647,0.14504020720428004,0.9315,1.951464053717447,0.3438434017932319,-0.06041696507056381,1.1688073605161131,2.285860107378327,1587,2003.11.20.18.24.03,73.56215213358071,False,0.08100439442368113
-0.11637106933593751,0.08527186916976265,0.28200000000000003,-0.579,0.14444383356882864,0.861,1.9520410040587466,0.3915826272326912,-0.03490509457248884,1.171074538304842,2.2861319649296696,1588,2003.11.20.18.29.03,73.60853432282003,False,0.0946686756313555
-0.117309033203125,0.0841304859864882,0.3025,-0.597,0.1445059786445685,0.8995,2.083364335109504,0.2475241502923733,-0.06672903634299855,1.1695019525870551,2.441408559990638,1589,2003.11.20.18.34.03,73.65491651205936,False,0.08993729099022191
-0.11719233398437501,0.08434832356456409,0.355,-0.5445,0.14456103438513743,0.8995,2.462702770636973,0.34714074542897166,-0.05046332186647139,1.1694552282263708,2.8756505057683674,1590,2003.11.20.18.39.03,73.7012987012987,False,0.0009798084068119994
-0.11795788574218752,0.08363351279223362,0.2515,-0.5445,0.14474825053676005,0.796,1.7259700469143668,0.2761558975727718,-0.005430189750748299,1.164657582437611,2.0160503422092324,1591,2003.11.20.18.44.03,73.74768089053804,False,0.0032371598660962952
-0.117636767578125,0.08489862706476779,0.2525,-0.585,0.14525441185038773,0.8375,1.737187583365765,0.30841620897605804,-0.037844436128808515,1.169147600946606,2.031632805315454,1592,2003.11.20.18.49.03,73.79406307977736,False,0.06900377240969713
-0.1176134033203125,0.08403625519972742,0.33299999999999996,-0.525,0.14468702804398068,0.858,2.2826447813181865,0.30174897451344274,-0.04953275875498011,1.1681093396528426,2.6759977153954444,1593,2003.11.20.18.54.03,73.8404452690167,False,0.03193853863941465
-0.11741015625,0.08304297587503337,0.23349999999999999,-0.58,0.1440080013653574,0.8135,1.6101824899329809,0.30451896594774075,-0.07381601343105788,1.1670570849582251,1.8855560398118882,1594,2003.11.20.18.59.03,73.88682745825604,False,0.016928261208991602
-0.1167133056640625,0.08480683675846831,0.27,-0.615,0.14442563637115682,0.885,1.8737939579781857,0.4481634848301308,-0.07964294163852766,1.1717388710684935,2.193216376433197,1595,2003.11.20.19.04.03,73.93320964749536,False,0.08068684796713121
-0.117680224609375,0.08432616651512088,0.3015,-0.5640000000000001,0.1449431080393807,0.8655,2.0858984649899517,0.3032853425581301,-0.03778189239220624,1.1687015740967328,2.4346473525803916,1596,2003.11.20.19.09.03,73.9795918367347,False,0.09414657648100444
-0.11853151855468749,0.0843566558487203,0.2345,-0.581,0.14564001936502255,0.8155,1.6062382418013859,0.34349741040995285,-0.04973255472254656,1.1667046578916316,1.8760699335891369,1597,2003.11.20.19.14.03,74.02597402597402,False,0.013965001300004887
-0.1174984619140625,0.08465140518798958,0.316,-0.552,0.1449831851185008,0.868,2.1659693136992493,0.40370153680874954,-0.033867687174518435,1.1686799319391619,2.537517231171175,1598,2003.11.20.19.19.03,74.07235621521335,False,0.06642413186111618
-0.1178696044921875,0.08406271210283983,0.249,-0.6335,0.14493851914681238,0.8825000000000001,1.7171337784087535,0.2768807824617059,-0.04674516352428343,1.1684422773270793,2.0068144969380572,1599,2003.11.20.19.24.03,74.11873840445269,False,0.040759412581724996
-0.1176251220703125,0.08424195349033478,0.244,-0.6859999999999999,0.14484572476720434,0.9299999999999999,1.682959002459214,0.39663672780056625,-0.06292967041042952,1.1690646123883404,1.9684934854046912,1600,2003.11.20.19.29.03,74.16512059369202,False,0.013058394854736588
-0.11755373535156251,0.08491552695087676,0.27449999999999997,-0.5945,0.14518176132892588,0.869,1.8843428607121593,0.3796569921834083,-0.06422051488210138,1.171108285535953,2.210108706790912,1601,2003.11.20.19.34.03,74.21150278293135,False,0.09913740488088518
-0.1175544189453125,0.08510837448932926,0.3235,-0.5589999999999999,0.145323798335807,0.8825000000000001,2.2394341936164723,0.3431635409102587,-0.03254739600266482,1.1696583681445212,2.612201322633762,1602,2003.11.20.19.39.03,74.25788497217069,False,0.06966372729327674
-0.11841203613281251,0.08546665348640765,0.29500000000000004,-0.6359999999999999,0.14622504584505014,0.931,2.014662895511706,0.533964541590114,-0.09332173566629348,1.1694670574400594,2.3576397298611456,1603,2003.11.20.19.44.03,74.30426716141002,False,0.03664686004444273
-0.11754633789062499,0.08464897706412672,0.2445,-0.7030000000000001,0.14502974897649185,0.9475,1.6874903942876949,0.3799346982086276,-0.06504840322009434,1.1699735202554298,1.9734351598457205,1604,2003.11.20.19.49.03,74.35064935064936,False,0.011003127859736339
-0.1172212890625,0.08516661197420076,0.30300000000000005,-0.537,0.14507130050067105,0.84,2.084629695563036,0.3131269938081078,-0.03740388746425309,1.1704936924535683,2.4420928584089836,1605,2003.11.20.19.54.03,74.39703153988869,False,0.08824312475614232
-0.11724006347656249,0.0849129832356067,0.276,-0.6140000000000001,0.1449352325658302,0.89,1.9013828596003877,0.31135025097473124,-0.05861135120900727,1.170208141272294,2.226699063151253,1606,2003.11.20.19.59.03,74.44341372912801,False,0.10460952908236887
-0.11767880859374999,0.08520208465604573,0.28049999999999997,-0.6875,0.14543283190426137,0.968,1.9305421449340536,0.3504241985182057,-0.009856975284399192,1.1674792140960675,2.25302898702948,1607,2003.11.20.20.04.03,74.48979591836735,False,0.0444482389441434
-0.11731418457031251,0.08575642610864076,0.3115,-0.5115000000000001,0.14548830742701258,0.823,2.131832208366003,0.2642675382125905,-0.042648769623977095,1.1720939506103418,2.503338664862471,1608,2003.11.20.20.09.03,74.53617810760667,False,0.08291134698508135
-0.11814580078125,0.08483361035137182,0.27749999999999997,-0.5225,0.14564113807895626,0.8,1.9005228650593615,0.23890064915846354,-0.037314504632168045,1.1682403972856954,2.2229769841111064,1609,2003.11.20.20.14.03,74.58256029684601,False,0.056207346555308346
-0.1177087646484375,0.08557040928413734,0.281,-0.5980000000000001,0.1457186938032065,0.879,1.9266286958779286,0.42707808843869177,-0.06337293424659968,1.1695250146436447,2.254188528045038,1610,2003.11.20.20.19.03,74.62894248608535,False,0.09644160782635713
-0.117718798828125,0.08511089720572988,0.34750000000000003,-0.5960000000000001,0.14542913486703063,0.9435,2.373908685053872,0.38711418740914216,-0.05065588977730741,1.170299754067376,2.784974226198956,1611,2003.11.20.20.24.03,74.67532467532467,False,0.05060232293856137
-0.11711313476562499,0.08521220763954823,0.27949999999999997,-0.5565,0.1449986677347863,0.8360000000000001,1.9243119626723417,0.31419603346938474,-0.04606615773154463,1.1709865691141934,2.255136255145625,1612,2003.11.20.20.29.03,74.72170686456401,False,0.11545067772817574
-0.1171919189453125,0.08556497956824996,0.2525,-0.609,0.14526601247839416,0.8614999999999999,1.7399257021504613,0.38653557556467466,-0.06360401860970019,1.1719092257964414,2.038164595092426,1613,2003.11.20.20.34.03,74.76808905380335,False,0.10695296471395965
-0.1172061279296875,0.08603194111917362,0.26949999999999996,-0.5835,0.14557398357969087,0.853,1.8491282452630973,0.3537328247004994,-0.0724798832374662,1.1728018469408705,2.1697358365331105,1614,2003.11.20.20.39.03,74.81447124304268,False,0.14947420462690958
-0.11675693359375,0.08535326824095363,0.2785,-0.581,0.1447817694462541,0.8595,1.912212461552767,0.365936430561872,-0.04530373035748146,1.1707026924293191,2.244050762317412,1615,2003.11.20.23.40.19,74.860853432282,False,0.10568616359764915
-0.11779367675781251,0.08678581174077529,0.26849999999999996,-0.696,0.14646090699214298,0.9645,1.829621792153695,0.47728366950081846,-0.09214681742971985,1.1743871656362035,2.1504058191006523,1616,2003.11.20.23.44.03,74.90723562152134,False,0.06829126370084704
-0.1175186767578125,0.08553977100352966,0.2635,-0.6325000000000001,0.14549137159314968,0.896,1.809856115644083,0.4346804276542706,-0.05650685954625728,1.1703643277218982,2.118778632711635,1617,2003.11.20.23.54.03,74.95361781076066,False,0.09119867492774825
-0.11741767578125001,0.08522657690480885,0.259,-0.5589999999999999,0.14523488042617025,0.8180000000000001,1.7899126055653902,0.20974512684797286,-0.004287539336322081,1.1702630229061135,2.090769733152863,1618,2003.11.21.00.04.03,75.0,False,0.052814297398484866
-0.11727802734375001,0.0866191844934944,0.33799999999999997,-0.6495,0.14597292887213084,0.9874999999999999,2.3139935867055463,0.4349284446204673,-0.05827143790528627,1.1736665865829683,2.716665770864441,1619,2003.11.21.00.14.03,75.04638218923934,False,0.08032735899123439
-0.1176779052734375,0.0846330494152269,0.26,-0.62,0.1450709067257938,0.88,1.7920547447515007,0.3609331237468807,-0.04787708806191343,1.1687620036913189,2.094566769247154,1620,2003.11.21.00.24.03,75.09276437847866,False,0.07446362869018985
-0.11752126464843751,0.08525263525305819,0.28800000000000003,-0.5800000000000001,0.14535723987335092,0.8680000000000001,1.977399984292033,0.3102462424576724,-0.0381967275243879,1.1694397978098154,2.3147364766324623,1621,2003.11.21.00.34.03,75.139146567718,False,0.11707376210959203
-0.11731335449218751,0.08471801961656053,0.3415,-0.642,0.1448670379386296,0.9835,2.3486963383805426,0.46730170321173925,-0.0442358337258346,1.1688915754858185,2.74954065426494,1622,2003.11.21.00.44.03,75.18552875695732,False,0.015048201268600958
-0.11778972167968749,0.08543246872352248,0.3225,-0.625,0.14566812608837,0.9475,2.2036274609177875,0.4126306793158554,-0.037967583806295384,1.1702004340031495,2.583946340033632,1623,2003.11.21.00.54.03,75.23191094619665,False,0.07885472000596888
-0.1169834716796875,0.08398801185482047,0.276,-0.642,0.14418379419674052,0.9179999999999999,1.9026139412168601,0.34713277940302834,-0.031518998082572504,1.1680974730626008,2.2284582142926586,1624,2003.11.21.01.04.03,75.27829313543599,False,0.05315053334441677
-0.1177289306640625,0.08576769694695124,0.309,-0.5785,0.14582932608437976,0.8875,2.1248039171719553,0.5112670734681175,-0.061544894330785097,1.1710557575138125,2.4849035585424355,1625,2003.11.21.01.14.03,75.32467532467533,False,0.07957161251352729
-0.117008349609375,0.08487597822594461,0.27949999999999997,-0.5209999999999999,0.14470360939190102,0.8005,1.9318349458620414,0.33577656236068676,-0.05692864101668324,1.1704054961787347,2.2608871625428266,1626,2003.11.21.01.24.03,75.37105751391465,False,0.0799198801948321
-0.1171960205078125,0.08673038573724175,0.38449999999999995,-0.652,0.1459199137979431,1.0365,2.6418803849532884,0.48742417936679683,-0.0577302192566445,1.1739011893075668,3.0978219062594636,1627,2003.11.21.01.34.03,75.41743970315399,True,-0.024363653493270743
-0.1170168701171875,0.08592656331335433,0.2625,-0.603,0.1453485946170725,0.8654999999999999,1.8037597552633855,0.4540456522654963,-0.038865273852477324,1.1714217442561394,2.114165707305803,1628,2003.11.21.01.44.03,75.46382189239333,False,0.0950731026446352
-0.1168776611328125,0.0856417540750056,0.2575,-0.635,0.1450655332811911,0.8925,1.7760691444456405,0.41246294741190104,-0.0615391243891239,1.1714962591490634,2.0801032431344075,1629,2003.11.21.01.54.03,75.51020408163265,False,0.10294251321207659
-0.11672250976562501,0.08491680375692953,0.23650000000000002,-0.609,0.14451958675230542,0.8455,1.6302803340864513,0.2776041666068234,-0.030003038186203826,1.1695560100976188,1.9102313454594804,1630,2003.11.21.02.04.03,75.55658627087199,False,0.022529007395362233
-0.11788610839843751,0.0854950944770379,0.308,-0.6395,0.14576688581275565,0.9474999999999999,2.1114292011882565,0.43732302796439426,-0.0318060253678618,1.1699567560963076,2.471094041803668,1631,2003.11.21.02.14.03,75.60296846011131,False,0.06531859325606881
-0.11771821289062499,0.08537955023996552,0.2555,-0.5775,0.14559888825077483,0.833,1.745299894252083,0.3955998452177747,-0.035086396204635883,1.1685504080086093,2.044726146037383,1632,2003.11.21.02.24.03,75.64935064935064,False,0.06507879147652185
-0.11763391113281249,0.08558361907550288,0.26,-0.687,0.1456430724279416,0.947,1.782328567324258,0.3936855222749245,-0.06019996315011096,1.171057494489716,2.0886717164095496,1633,2003.11.21.02.34.03,75.69573283858998,False,0.06885560656409861
-0.1177076171875,0.08577303262172226,0.2725,-0.542,0.14578559588488138,0.8145,1.8729427357907045,0.35452984896729833,-0.06901526974037465,1.1718358250021896,2.1927220759944435,1634,2003.11.21.02.44.03,75.74211502782931,False,0.10642003429889413
-0.11745173339843751,0.0869380915069532,0.3015,-0.648,0.14624704497444302,0.9495,2.048840779301641,0.471820880000944,-0.08239519406726045,1.1740839918807093,2.4110912102423185,1635,2003.11.21.02.54.03,75.78849721706865,False,0.10041593859502002
-0.1178214111328125,0.08574864094770032,0.316,-0.575,0.1458695843514592,0.891,2.159862576806029,0.3835798508702315,-0.04449500499639079,1.1707560573944744,2.5319169890988693,1636,2003.11.21.03.04.03,75.83487940630798,False,0.10132973061911632
-0.11780671386718751,0.08716650530783163,0.3185,-0.6165,0.146703221393222,0.9349999999999999,2.1764807342572974,0.3886820039150316,-0.03403272540767105,1.1721812010676795,2.5485850681482383,1637,2003.11.21.03.14.03,75.88126159554731,False,0.11963576594726799
-0.117085400390625,0.08633966435730173,0.28200000000000003,-0.5589999999999999,0.1456332475077523,0.841,1.9310881349969802,0.35432279299842784,-0.039490476757670624,1.1725906496074545,2.2673631294164696,1638,2003.11.21.03.24.03,75.92764378478665,False,0.13559099693495114
-0.11725563964843749,0.08589206701396221,0.2905,-0.5225,0.14545861972480237,0.8130000000000001,1.992539437257971,0.3582065896870257,-0.0245324084001194,1.1713743298577424,2.336446984494125,1639,2003.11.21.03.34.03,75.97402597402598,False,0.07472372973010333
-0.117982763671875,0.08731548013443358,0.34650000000000003,-0.61,0.1469297224037478,0.9565,2.351356733538859,0.5554355569475273,-0.05594812103602091,1.1724578414537081,2.760129874300238,1640,2003.11.21.03.44.03,76.0204081632653,False,0.05890435624529
-0.1171439208984375,0.08680372235659928,0.264,-0.6055,0.14594699152916324,0.8695,1.8098021072037955,0.48533128200702214,-0.049650291948973635,1.1731639414670298,2.1227477165041133,1641,2003.11.21.03.54.03,76.06679035250464,False,0.11395151758851846
-0.11798840332031252,0.08625842851829851,0.38949999999999996,-0.6345000000000001,0.14629792480528023,1.024,2.65562967590259,0.5422119661083444,-0.06038559809286807,1.1721843839390178,3.1160898068666825,1642,2003.11.21.04.04.03,76.11317254174396,True,-0.027227093179493567
-0.11680219726562502,0.08463964002145898,0.2515,-0.6005,0.1443952593487387,0.8519999999999999,1.7338791499867456,0.3798035131010915,-0.062496321977482616,1.1706038407494614,2.0342076337206723,1643,2003.11.21.04.14.03,76.1595547309833,False,0.07505268789119501
-0.1176551025390625,0.085936258945464,0.37949999999999995,-0.5800000000000001,0.1458719775438471,0.9595,2.597471050957054,0.4750153876554961,-0.02109520371831709,1.1696831616403598,3.0402209728244585,1644,2003.11.21.04.24.03,76.20593692022264,True,-0.016772975539043222
-0.11765617675781251,0.08511761512764021,0.303,-0.6345000000000001,0.14536190909260632,0.9375,2.075756727116018,0.44920954332348795,-0.0677159237722995,1.1702144152513556,2.433251403912531,1645,2003.11.21.04.34.03,76.25231910946196,False,0.07955222613951113
-0.11783459472656249,0.08456563739256343,0.2405,-0.587,0.14519045601870245,0.8275,1.6527650875479516,0.2917123533356991,-0.04112883872390561,1.1685135197222647,1.9331634526113386,1646,2003.11.21.04.44.03,76.2987012987013,False,0.040337350250518544
-0.1178114013671875,0.08537451120460757,0.2905,-0.5815,0.14563140725872947,0.872,1.9835552448392844,0.2512974144511477,-0.04675011516802549,1.1719677827471309,2.3306246339844288,1647,2003.11.21.04.54.03,76.34508348794064,False,0.1206681344462997
-0.11745493164062498,0.08620043304480796,0.337,-0.6679999999999999,0.1458691523737047,1.005,2.2997950907545075,0.4772133903647129,-0.05579491250825604,1.1721410005989568,2.70148807017549,1648,2003.11.21.05.04.03,76.39146567717997,False,0.05475687750554037
-0.11781672363281251,0.0870499918727261,0.281,-0.6565000000000001,0.1466500195130298,0.9375,1.9155883321538762,0.47824647485027216,-0.05418542648885908,1.172559077000403,2.2464085322941543,1649,2003.11.21.05.14.03,76.43784786641929,False,0.09261021215581677
-0.11721333007812498,0.08545901902454309,0.3235,-0.6945,0.14520371976150834,1.018,2.2428337641641436,0.41939701728287915,-0.029237716180628072,1.1699785736708095,2.616222041842559,1650,2003.11.21.05.24.03,76.48423005565863,False,0.02480710334392
-0.1177040771484375,0.08415664864451583,0.332,-0.5700000000000001,0.1448425206901906,0.902,2.2819940611536818,0.4145383470000561,-0.03687878114355719,1.1675619494235545,2.6706005861828586,1651,2003.11.21.05.34.03,76.53061224489795,False,0.03512275434426759
-0.117243359375,0.08639001756959394,0.3285,-0.624,0.14577966853143237,0.9525,2.246649595608138,0.35417547632346524,-0.05073133240741224,1.1738340504418985,2.640663627862163,1652,2003.11.21.05.44.03,76.57699443413729,False,0.12001706253071592
-0.1178857666015625,0.08613353278648363,0.251,-0.724,0.14616638994247305,0.975,1.714133196819238,0.5314570053263394,-0.04660191268852136,1.1702623534381567,2.007646666557572,1653,2003.11.21.05.54.03,76.62337662337663,True,-0.028875754318077207
-0.1169489990234375,0.08581219505966542,0.3015,-0.627,0.14523210272796344,0.9285000000000001,2.0612071577323383,0.36974308830581926,-0.04716708834010416,1.1719289996051376,2.424248144131685,1654,2003.11.21.06.04.03,76.66975881261595,False,0.13283764118068148
-0.1174962158203125,0.08632040860781481,0.3085,-0.587,0.14592698867626291,0.8955,2.1155269455368364,0.3594107319129851,-0.052435255513803694,1.1726920326187518,2.4802204672526584,1655,2003.11.21.06.14.03,76.71614100185529,False,0.1418377904593367
-0.11782785644531249,0.08588552211728687,0.277,-0.6539999999999999,0.14595135415403493,0.9309999999999999,1.9024525814671023,0.34772223621501386,-0.050757785838088654,1.1715442053473213,2.2263739335659887,1656,2003.11.21.06.24.03,76.76252319109463,False,0.10252249480042058
-0.11753593749999999,0.08438140925266074,0.33799999999999997,-0.6145,0.14484195869078975,0.9525,2.3377175877582594,0.511897712983294,-0.022828025824020978,1.1673618981770053,2.7267217447095833,1657,2003.11.21.06.34.03,76.80890538033395,False,0.0012725469065846262
-0.11724172363281249,0.08547184721302137,0.29800000000000004,-0.5860000000000001,0.14523141132274325,0.884,2.046146377752316,0.3486632849971949,-0.06136681671550087,1.1713718766026942,2.3994332644977088,1658,2003.11.21.06.44.03,76.85528756957328,False,0.1255096065859646
-0.11742912597656249,0.08548416898351538,0.29400000000000004,-0.5785,0.14540784364223602,0.8725,2.020451590038724,0.45123044064661166,-0.04274953339391446,1.1696735433972258,2.3640504884802698,1659,2003.11.21.06.54.03,76.90166975881262,False,0.08425556656023947
-0.11878742675781251,0.08488350169173914,0.256,-0.6045,0.14613091134043152,0.8604999999999999,1.7449214476500157,0.2705467074372696,-0.04388704611303594,1.1670666054913963,2.0395073677578615,1660,2003.11.21.07.04.03,76.94805194805194,False,0.07856189466005398
-0.11771579589843749,0.08454530515719774,0.27349999999999997,-0.6065,0.1451003890864031,0.88,1.88092091195657,0.4544959711271326,-0.07141469333119543,1.169681078950034,2.2024811280512653,1661,2003.11.21.07.14.03,76.99443413729128,False,0.08191763122522189
-0.11820910644531252,0.08482076134020636,0.277,-0.5860000000000001,0.14565980255228603,0.863,1.8996917767278148,0.338109725961832,-0.05628789148808286,1.1689919052361013,2.2217578467913617,1662,2003.11.21.07.24.03,77.04081632653062,False,0.10525653918278677
-0.117714599609375,0.08544932747308331,0.3295,-0.5615,0.14559743934698488,0.891,2.2483609005264333,0.3575043936947939,-0.02634032679079188,1.169080381463977,2.6366117159426405,1663,2003.11.21.07.34.03,77.08719851576994,False,0.0496327144042531
-0.1172412841796875,0.08635650180912494,0.26849999999999996,-0.6225,0.1457519244843279,0.891,1.8381295139424525,0.46127971690923064,-0.05492331119875748,1.1725364601364427,2.1571825444199892,1664,2003.11.21.07.44.03,77.13358070500928,False,0.1135979469986359
-0.1177419677734375,0.0868263060076263,0.3085,-0.631,0.14644132967995813,0.9395,2.0866065439858072,0.35830123967816774,-0.09886945780699621,1.175917372752888,2.462797060235506,1665,2003.11.21.07.54.03,77.1799628942486,False,0.12961394419017386
-0.117946337890625,0.08573674707175079,0.2675,-0.6014999999999999,0.14595494250099186,0.869,1.8339335083502841,0.39006594302214026,-0.06068134421267893,1.1706073421900651,2.1462585828948333,1666,2003.11.21.08.04.03,77.22634508348794,False,0.10999556621060996
-0.11741796875,0.08729521481222854,0.3005,-0.6945,0.14646091225701646,0.9950000000000001,2.0455728033484477,0.5626085042350706,-0.0809494665722525,1.1746531631301194,2.405717756240458,1667,2003.11.21.08.14.03,77.27272727272727,False,0.09264206658758634
-0.1154751708984375,0.08661332184398642,0.309,-0.6174999999999999,0.1445043788173261,0.9265,2.1441570764506057,0.48869040561683663,-0.07579450720716033,1.1770254755575003,2.5201623203034913,1668,2003.11.21.10.29.21,77.3191094619666,False,0.1035134650960145
-0.1175514892578125,0.08558100077318838,0.344,-0.5920000000000001,0.14554736687468217,0.936,2.350444920749347,0.4440211008844086,-0.03288213290178363,1.1706617983837262,2.7590917018686674,1669,2003.11.21.10.38.36,77.36549165120594,False,0.03685192636773715
-0.1173000732421875,0.08582261772463574,0.29400000000000004,-0.6005,0.14547618483088365,0.8945,2.028390882043028,0.5027482164894304,-0.06327991740621693,1.1712562688606307,2.3721953782683087,1670,2003.11.21.10.48.36,77.41187384044527,False,0.09302809719155664
-0.11891928710937498,0.08538511252327394,0.26649999999999996,-0.659,0.14654459403545475,0.9255,1.8150797171353954,0.45908042997832177,-0.0667658723970812,1.1691130971105737,2.12394803180209,1671,2003.11.21.10.58.36,77.4582560296846,False,0.057595037013989825
-0.1176934814453125,0.08496581893647079,0.3065,-0.6325000000000001,0.14530192048168938,0.939,2.0960012557569616,0.3402294140917812,-0.06289085369661872,1.1709417263938255,2.460854990368146,1672,2003.11.21.11.08.36,77.50463821892394,False,0.10255420363935613
-0.11737309570312501,0.08571798208778461,0.2955,-0.5529999999999999,0.14547334351942834,0.8485,2.0263340151951463,0.3065819356844406,-0.031777399842358334,1.17083275628862,2.3747339868915915,1673,2003.11.21.11.18.36,77.55102040816327,False,0.11426214958189801
-0.11844848632812499,0.08732953235763771,0.28200000000000003,-0.5954999999999999,0.14733613693517436,0.8775,1.9235066572448147,0.3802592026162763,-0.07387717431295719,1.173609950416159,2.251654504593345,1674,2003.11.21.11.28.36,77.59740259740259,False,0.11494013913863671
-0.11727043457031251,0.0858649614195926,0.2575,-0.5465,0.14549008804980745,0.8039999999999999,1.7631779189200496,0.4211915222561615,-0.06647446338933682,1.1725874659500795,2.070740119252604,1675,2003.11.21.11.38.36,77.64378478664193,False,0.09144174134372501
-0.11771884765625,0.08598064212495335,0.2465,-0.591,0.14593159335503017,0.8375,1.6866543345826197,0.3301700140600077,-0.02033670479738147,1.1701570085574424,1.9749486750582594,1676,2003.11.21.11.48.36,77.69016697588125,False,0.06328025284491279
-0.11873864746093751,0.08582833496185185,0.2785,-0.702,0.14669594253036952,0.9804999999999999,1.9015965156212162,0.38515322614193703,-0.04113463335611511,1.1693533598308723,2.22193564393556,1677,2003.11.21.11.58.36,77.73654916512059,False,0.03484789655443088
-0.1179567626953125,0.08662518814255465,0.3675,-0.5945,0.14649296673229711,0.962,2.5012021512506575,0.34132225370656166,-0.05677796005194237,1.1730514530616811,2.9374005484614756,1678,2003.11.21.12.08.36,77.78293135435993,False,0.04300879140001601
-0.11794077148437501,0.08612680882949436,0.2955,-0.5954999999999999,0.14618790586733799,0.891,2.023067071556227,0.4176789192702377,-0.057834460134963135,1.1719539249156634,2.3700499054449917,1679,2003.11.21.12.18.36,77.82931354359926,False,0.12126280188808808
-0.1183070556640625,0.08609749500476377,0.33199999999999996,-0.6519999999999999,0.14647133611901977,0.984,2.2498455144523413,0.4785345666651528,-0.03977203061455328,1.1702977447858314,2.641022471320018,1680,2003.11.21.12.28.36,77.8756957328386,False,0.027837879871969617
-0.11749912109375,0.08648900503884926,0.271,-0.621,0.14606263390992436,0.892,1.8541063787305954,0.467446147030415,-0.07046444930283725,1.172288745464543,2.174123412212063,1681,2003.11.21.12.38.36,77.92207792207793,False,0.11125724718593855
-0.11820625,0.08688645392712904,0.348,-0.542,0.14684316085591853,0.89,2.352778048357254,0.3676148698265813,-0.03767600597076023,1.1727440085895653,2.767540178314515,1682,2003.11.21.12.48.36,77.96846011131726,False,0.03681438277882498
-0.11876740722656251,0.08520976064129619,0.2835,-0.5735,0.1463071702208047,0.857,1.9291512940868394,0.26433674316658995,-0.024265871673060362,1.1682746311051013,2.2578083334145966,1683,2003.11.21.12.58.36,78.01484230055658,False,0.0746419591916011
-0.1178421875,0.08630412765259633,0.277,-0.5285,0.14622946710035223,0.8055,1.894044944657709,0.3099063941079008,-0.030903128435352138,1.1703841108257054,2.216880104800873,1684,2003.11.21.13.08.36,78.06122448979592,False,0.0875508946057883
-0.11730283203125,0.08568155365000629,0.3005,-0.514,0.14540279591472377,0.8145,2.06567323040901,0.24714327543858672,-0.06176865568299328,1.1723430560078805,2.42213962718613,1685,2003.11.21.13.18.36,78.10760667903524,False,0.09914663425652692
-0.11850446777343751,0.08645889275198775,0.22699999999999998,-0.526,0.14681667365219642,0.7529999999999999,1.544110259085373,0.12375085461650515,-0.02346149402894396,1.171305861850518,1.8097478650983305,1686,2003.11.21.14.58.36,78.15398886827458,True,-0.05034897198977584
-0.1178207275390625,0.08701324608672673,0.2635,-0.5335,0.1465940497097876,0.7969999999999999,1.7996872187296589,0.19884122749305422,-0.027574646388321924,1.1734065383694419,2.110709519823606,1687,2003.11.21.15.08.36,78.20037105751392,False,0.08206533000928001
-0.11765651855468749,0.08684449577842315,0.2965,-0.5700000000000001,0.14636683808741496,0.8664999999999999,2.0247744405017025,0.23122178613133726,-0.04271038370536172,1.1738353900896095,2.3771905296119233,1688,2003.11.21.15.18.36,78.24675324675324,False,0.14872543319787923
-0.11689531250000001,0.08518057115298669,0.21000000000000002,-0.6335,0.14476667707589644,0.8434999999999999,1.4484378176518415,0.30154800631301226,-0.07243717948234442,1.1720096054738987,1.6987534316549833,1689,2003.11.21.15.28.36,78.29313543599258,False,0.016183888129709056
-0.118090087890625,0.08619172042277023,0.28300000000000003,-0.5495,0.1463264681643611,0.8325,1.9323053222587152,0.3194031013236882,-0.0843369680888794,1.1745272915818559,2.2706016668508537,1690,2003.11.21.16.40.54,78.33951762523192,False,0.12648932869263535
-0.11943354492187502,0.08620206691373311,0.242,-0.5794999999999999,0.14741084313452335,0.8214999999999999,1.638629921456833,0.27411185004718597,-0.06881226081442307,1.1708757377200252,1.920204606261373,1691,2003.11.21.16.46.56,78.38589981447124,False,0.04055210549770205
-0.12001943359374999,0.08617105129621268,0.278,-0.614,0.14786934219291725,0.892,1.8782861321635265,0.3764297663350149,-0.07948739713932693,1.1698117252158893,2.1982024424731446,1692,2003.11.21.16.56.56,78.43228200371057,False,0.05581008574087509
-0.12001352539062499,0.08641456958527671,0.28700000000000003,-0.6225,0.14800575137406874,0.9095,1.9303946637243663,0.28302866762502643,-0.042887042049776516,1.1702889271859827,2.2631408577517993,1693,2003.11.21.17.06.56,78.4786641929499,False,0.07569577514608206
-0.1177583740234375,0.08629193542672045,0.2955,-0.6455,0.14613769937190313,0.9410000000000001,2.0071520432586056,0.35304051328392183,-0.062012612120930545,1.1719149799554014,2.3591338559320927,1694,2003.11.21.17.16.56,78.52504638218923,False,0.11037622952540493
-0.11952143554687501,0.08717330286493055,0.293,-0.647,0.14807630120199788,0.94,1.98075116514616,0.32406160397958916,-0.05153329160325064,1.171248769060818,2.318977442767278,1695,2003.11.21.17.26.56,78.57142857142857,False,0.05972303712354121
-0.11789169921875,0.08713599214631976,0.321,-0.6005,0.14670689124247885,0.9215,2.1935842037178928,0.28302737591103266,-0.03251286365418352,1.1745695576614756,2.5737843826680145,1696,2003.11.21.17.36.56,78.61781076066791,False,0.12609760511739643
-0.118027294921875,0.08517640083925232,0.3025,-0.6105,0.14570635957296169,0.913,2.0785438737237594,0.3946267449557128,-0.038070305173419854,1.1690574412408559,2.4285821293675713,1697,2003.11.21.17.46.56,78.66419294990723,False,0.09644221736039643
-0.11897197265625001,0.08701299867585752,0.277,-0.5885,0.14750091681010835,0.8655,1.8717209627603224,0.22711035629330634,-0.04132809366557508,1.1711179244945575,2.194708338094742,1698,2003.11.21.17.56.56,78.71057513914657,False,0.08499150162551622
-0.117159765625,0.08666436397569108,0.3065,-0.6165,0.14584425436397763,0.923,2.103086807849861,0.3865132794198938,-0.06308397748401645,1.1745964897024423,2.469581263636023,1699,2003.11.21.18.06.56,78.75695732838591,False,0.16319709570967406
-0.11727468261718749,0.08676131197476836,0.2745,-0.6555,0.14598241059690956,0.9299999999999999,1.8814386490691881,0.26189674499596394,-0.04094546351187325,1.1744161977716765,2.2090397419558774,1700,2003.11.21.18.16.56,78.80333951762523,False,0.1411202135005683
-0.1185706298828125,0.08609158608195955,0.259,-0.547,0.14664507527173126,0.806,1.7684184369043043,0.27293005485708255,-0.0359235966103189,1.1700916922268276,2.068024783248842,1701,2003.11.21.18.26.56,78.84972170686456,False,0.08006589942868203
-0.1175064208984375,0.08671270149588436,0.242,-0.669,0.14618040490117462,0.911,1.651202872567218,0.31343171529593916,-0.08220920312270748,1.175304227403397,1.9427649403044018,1702,2003.11.21.18.36.56,78.8961038961039,False,0.09296892640653254
-0.11786513671874999,0.08522726660091826,0.2955,-0.615,0.14559558506676584,0.9105,2.0098609617604613,0.29633532985141975,-0.0458444664212725,1.1700173932386724,2.361392937110086,1703,2003.11.21.18.46.56,78.94248608534323,False,0.09854591803079854
-0.11881838378906251,0.08706001347442546,0.2455,-0.598,0.1474318355971156,0.8434999999999999,1.66193832139118,0.2634025401979514,-0.03940826309354537,1.1715260517084398,1.9486889257812567,1704,2003.11.21.18.56.56,78.98886827458256,False,0.05454886720472352
-0.117313525390625,0.08558797253583536,0.2525,-0.653,0.14535836555746728,0.9055,1.7385787156116832,0.3064072806534026,-0.08313365461333685,1.1740607832350352,2.0404178096789556,1705,2003.11.21.19.06.56,79.0352504638219,False,0.11239431263426597
-0.11721306152343751,0.08619404004929417,0.32,-0.609,0.1456360180940166,0.929,2.1946979053701265,0.29234466906398504,-0.024569054618857333,1.1727218934908246,2.575081373956143,1706,2003.11.21.19.16.56,79.08163265306123,False,0.11453988032504903
-0.11863483886718751,0.08643839099995287,0.27949999999999997,-0.5835,0.14690938224736452,0.863,1.9090915195790232,0.3481051636349941,-0.07118974142481255,1.172072939852758,2.2346548851358197,1707,2003.11.21.19.26.56,79.12801484230056,False,0.11625655436835863
-0.1176286865234375,0.08570179281813209,0.2585,-0.653,0.14566610622004167,0.9115,1.7613039713646195,0.34286742148722205,-0.06113996357434169,1.1712150983136944,2.069683390813055,1708,2003.11.21.19.36.56,79.17439703153988,False,0.10254178660507007
-0.11651376953124998,0.0863989417954428,0.23399999999999999,-0.5785,0.14520255727987463,0.8125,1.6094133749379007,0.25448655135418763,-0.04839668725448713,1.1741597290942798,1.8906952204421765,1709,2003.11.21.19.46.56,79.22077922077922,False,0.08686987929633139
-0.118649560546875,0.08643442537658245,0.2955,-0.5589999999999999,0.14692511457931903,0.8545,2.0121919149973544,0.3401857969225286,-0.03163416529810879,1.170245246154563,2.354264953197225,1710,2003.11.21.19.56.56,79.26716141001855,False,0.08505934310123603
-0.1176845703125,0.08578661438942652,0.26,-0.615,0.14573541065620205,0.875,1.7858680807836869,0.27655193846913195,-0.034059299779029086,1.1717183607814696,2.0917061217316397,1711,2003.11.21.20.06.56,79.31354359925788,False,0.1045384178534311
-0.117692138671875,0.08636693010262383,0.3025,-0.6419999999999999,0.14608307069408066,0.9444999999999999,2.0738789630160364,0.31184239269211567,-0.04452219389846466,1.1727647134469552,2.43051231418124,1712,2003.11.21.20.16.56,79.35992578849722,False,0.1179101139139152
-0.11882988281249998,0.08669174313920082,0.30400000000000005,-0.685,0.1472211769477928,0.989,2.0622607366040886,0.5042820717116256,-0.05394760542179748,1.1716015111630473,2.4179223902125093,1713,2003.11.21.20.26.56,79.40630797773655,False,0.046439969661081326
-0.11789318847656251,0.08718103922468654,0.27949999999999997,-0.5685,0.14676794008570515,0.848,1.8888385057215151,0.25501779041858663,-0.046217138092674,1.1733705998777983,2.2241598143124293,1714,2003.11.21.20.36.56,79.45269016697588,False,0.1414464574725423
-0.11823583984375,0.08732501864907738,0.293,-0.543,0.14712260441825875,0.8360000000000001,1.9756343539279668,0.26238623810015715,-0.050504709162500536,1.1738692571178464,2.3267456629367436,1715,2003.11.21.20.46.56,79.49907235621522,False,0.12851421712714184
-0.117713330078125,0.08702119716159586,0.3115,-0.574,0.14653666384387906,0.8855,2.1238819370032465,0.3711664593470174,-0.05753665160136763,1.1735872036386559,2.4935159318607325,1716,2003.11.21.20.56.56,79.54545454545455,False,0.14294900871272287
-0.11740932617187501,0.08778067701366868,0.298,-0.6154999999999999,0.14670687312940067,0.9135,2.0340688770802187,0.2839917837623267,-0.04947216380728651,1.175183360770117,2.3892429732564358,1717,2003.11.21.21.06.56,79.59183673469387,False,0.16633985700290038
-0.1178370849609375,0.08657019937542451,0.2635,-0.5640000000000001,0.14634018264036047,0.8275,1.803740658967214,0.20752565752108976,-0.024628169721903095,1.1716871143682586,2.1119573083360756,1718,2003.11.21.21.16.56,79.63821892393321,False,0.09514742336856746
-0.1191078857421875,0.08719700229983128,0.271,-0.612,0.1477227687557086,0.883,1.8443469405648405,0.3274369106919368,-0.026902927456474955,1.1706165227122032,2.1547116464983356,1719,2003.11.21.21.26.56,79.68460111317253,False,0.05876125608180249
-0.11809399414062499,0.08812039827406487,0.3185,-0.5945,0.14748619610795732,0.913,2.163453241635438,0.46579832917549835,-0.06073556935338065,1.1757393359817943,2.541691333417837,1720,2003.11.21.21.36.56,79.73098330241187,False,0.09362277273492081
-0.11838107910156251,0.08918786386860515,0.2505,-0.6435,0.14835785494663772,0.8939999999999999,1.6845682626904712,0.2881986172511968,-0.02753863193302036,1.1756158701138784,1.9821008668173241,1721,2003.11.21.21.46.56,79.77736549165121,False,0.024534293509320126
-0.11833493652343749,0.08840262605185632,0.33199999999999996,-0.5265,0.14784379777258277,0.8585,2.2405270489012103,0.18005873089067692,-0.037254048872534584,1.1758154508893746,2.6369028416830096,1722,2003.11.21.21.56.56,79.82374768089053,False,0.004100885196913651
-0.117349609375,0.08722538920405609,0.271,-0.6519999999999999,0.14636430783113866,0.923,1.8497252514630897,0.4069504366861174,-0.07297382223415405,1.1750706851162551,2.1743837711798015,1723,2003.11.21.22.06.56,79.87012987012987,False,0.14576118597050397
-0.1183041015625,0.08808145893730968,0.2795,-0.62,0.1476098285372987,0.8995,1.8841355364672419,0.33789096534339236,-0.06851044616323104,1.175324904559543,2.2183315351734745,1724,2003.11.21.22.16.56,79.91651205936921,False,0.11925668540323936
-0.11789509277343749,0.08761057711517735,0.26149999999999995,-0.587,0.14702183066101426,0.8485,1.7751360377846521,0.2908056232685745,-0.03584683313675608,1.1736883464208558,2.085197709415756,1725,2003.11.21.22.26.56,79.96289424860854,False,0.13252954736157546
-0.1171518798828125,0.08698316778196635,0.265,-0.569,0.1460542584622087,0.8340000000000001,1.8127526997382182,0.1905563729570856,-0.02495345322967367,1.173820893658032,2.128608169887868,1726,2003.11.21.22.36.56,80.00927643784786,False,0.11149892716902793
-0.11705400390625001,0.08899215798542814,0.304,-0.607,0.14721185504486486,0.911,2.0539827768388537,0.23761134744785783,-0.049322247232099936,1.1783891228808474,2.4257963782475582,1727,2003.11.21.22.46.56,80.0556586270872,False,0.11054115742643089
-0.11763684082031249,0.08840638592006264,0.28700000000000003,-0.6105,0.14728925363618353,0.8975,1.944348497626394,0.37222291855752565,-0.03312241212316516,1.175922088049976,2.2882596112134563,1728,2003.11.21.22.56.56,80.10204081632652,False,0.13927377545642855
-0.11759677734375,0.08677171473771905,0.37,-0.5994999999999999,0.14629859927888525,0.9695,2.508990986850095,0.46713846441033136,-0.04092971486224042,1.1734487886194798,2.9539690936510605,1729,2003.11.21.23.06.56,80.14842300556586,False,0.020576277102903107
-0.11735571289062499,0.08849792930549771,0.2615,-0.619,0.1470967455156844,0.8805000000000001,1.7810747831898146,0.4259417748785348,-0.07113022939815608,1.1764381856457238,2.0938053488187944,1730,2003.11.21.23.16.56,80.1948051948052,False,0.1209060374963919
-0.11808869628906249,0.08894852634791711,0.2905,-0.5760000000000001,0.14796742914685623,0.8665,1.9591308943437982,0.3681051680763787,-0.04415998288275734,1.1765682180549422,2.3070310026447047,1731,2003.11.21.23.26.56,80.24118738404454,False,0.08462266910763722
-0.1171900634765625,0.08818433030476196,0.28200000000000003,-0.6065,0.14675682450110986,0.8885000000000001,1.91573525455652,0.2932337768992461,-0.039667944904578006,1.175635676194121,2.2552865234162693,1732,2003.11.21.23.36.56,80.28756957328386,False,0.16162092202371725
-0.1171621826171875,0.08760226333801208,0.26,-0.5885,0.14642309734832792,0.8485,1.7681157134459986,0.18423713669277175,-0.03825621133052509,1.175478377961666,2.08223417550688,1733,2003.11.21.23.46.56,80.3339517625232,False,0.13885102256354426
-0.1185789794921875,0.08747041757199644,0.3285,-0.615,0.1474796520666814,0.9435,2.231941643034768,0.29154060978622764,-0.053905852590383975,1.1738412752775353,2.617729580599099,1734,2003.11.21.23.56.56,80.38033395176252,False,0.09196920108706852
-0.1177565673828125,0.08867381629011983,0.3295,-0.6114999999999999,0.14751749361947125,0.9410000000000001,2.2377002819759033,0.3568586120208801,-0.053706201605850816,1.1768401106910553,2.631729484129429,1735,2003.11.22.00.06.56,80.42671614100185,False,0.10567509216260496
-0.11766457519531251,0.087578139337123,0.26749999999999996,-0.613,0.14683771653510314,0.8805,1.8179318273923943,0.34136736967418835,-0.02569905563642419,1.1728474718893325,2.1340323094714924,1736,2003.11.22.00.16.56,80.47309833024119,False,0.1261424096057298
-0.117929296875,0.0866196720736575,0.3135,-0.596,0.14643972865182048,0.9095,2.124351892720002,0.23098569688495463,-0.05475338305146737,1.173656178930952,2.5007481576685793,1737,2003.11.22.00.26.56,80.51948051948052,False,0.13420135027464658
-0.1174161376953125,0.0877537226604276,0.276,-0.631,0.14673211599818692,0.907,1.8796557715825069,0.28954533459537624,-0.07690685702949217,1.1770313965907255,2.2130873830941797,1738,2003.11.22.00.36.56,80.56586270871985,False,0.1689206893078138
-0.1172653564453125,0.0886182294871788,0.3745,-0.6154999999999999,0.14709695510325643,0.99,2.5658567637351557,0.2861914089300588,-0.014561685904183224,1.1753003816588912,3.008113814462654,1739,2003.11.22.00.46.56,80.61224489795919,True,-0.002021461627100374
-0.118244140625,0.08896139685816454,0.27749999999999997,-0.6115,0.14810370665948308,0.889,1.8727063537916102,0.32787429901546217,-0.04469747625935504,1.1761945530603137,2.203134281294844,1740,2003.11.22.00.56.56,80.65862708719852,False,0.09341648991290341
-0.11757077636718749,0.08880162760633072,0.26,-0.669,0.147489104296949,0.929,1.7669629152509243,0.24607578284326048,-0.043141106440448856,1.1764281825010787,2.0767313146716626,1741,2003.11.22.01.06.56,80.70500927643785,False,0.0810648723794502
-0.1170722900390625,0.08725841500134311,0.2895,-0.5469999999999999,0.14616884828159488,0.8365,1.969065148757117,0.24821507135994292,-0.03555769033659525,1.1741924161169934,2.3173519638674858,1742,2003.11.22.01.16.56,80.75139146567719,False,0.14869372092342437
-0.117669091796875,0.08782948279280685,0.2625,-0.613,0.14697707307547736,0.8755,1.78378720239647,0.2967314524576121,-0.07379454271303987,1.1763177026441043,2.0993512746591443,1743,2003.11.22.01.26.56,80.79777365491651,False,0.16684822938307547
-0.11710185546874999,0.08836134759290215,0.27849999999999997,-0.5700000000000001,0.14683984556656712,0.8485,1.8931351731880324,0.27360285330124623,-0.03674428120328594,1.177673009947021,2.2313312283727313,1744,2003.11.22.01.36.56,80.84415584415584,False,0.15069097946155785
-0.1179208251953125,0.08842548269962379,0.2575,-0.7215,0.14749968120948437,0.979,1.742063437565979,0.28003436631651457,-0.05083660712267715,1.176285857231238,2.050698400538274,1745,2003.11.22.01.46.56,80.89053803339517,False,0.0511349972818369
-0.1187693359375,0.08818519386502827,0.266,-0.5565,0.14805944225608225,0.8225,1.7865332740070623,0.1735409539124264,-0.04175321872404887,1.1754229039231858,2.105233389793836,1746,2003.11.22.01.56.56,80.93692022263451,False,0.05257367203322716
-0.117360009765625,0.08951074648350296,0.265,-0.6685,0.14775909097410755,0.9335,1.7876769334101414,0.2833755627490482,-0.043862496832053524,1.1778688172961507,2.108116242339954,1747,2003.11.22.02.06.56,80.98330241187384,False,0.07882061234284193
-0.1167083984375,0.08822735919208982,0.3015,-0.569,0.14644772076632973,0.8705,2.0651128407959725,0.28251699798912333,-0.05833254201437288,1.1769461416063582,2.4276691988307304,1748,2003.11.22.02.16.56,81.02968460111317,False,0.16230094183168964
-0.118746240234375,0.08899275300363968,0.28600000000000003,-0.5905,0.14853977568456078,0.8765000000000001,1.9264617884388462,0.4479665906416519,-0.0680961528587039,1.1753517127248911,2.2637815575894935,1749,2003.11.22.02.26.56,81.07606679035251,False,0.044956572624113234
-0.11769785156250001,0.0883707842473753,0.3185,-0.6930000000000001,0.14731641219957944,1.0114999999999998,2.157530275760704,0.5294866602042161,-0.03210022593721902,1.1751824461722058,2.5375533627029347,1750,2003.11.22.02.36.56,81.12244897959184,False,0.047295529508901035
-0.11804677734374999,0.08846543848943948,0.2855,-0.5725,0.14766193625843166,0.858,1.9187436879561286,0.27121834906349895,-0.0394279975291882,1.1757406526823415,2.262426059451347,1751,2003.11.22.02.46.56,81.16883116883116,False,0.11588988743331474
-0.11876652832031251,0.08782971726605523,0.3015,-0.6995,0.1478942423495636,1.001,2.032595712378571,0.39087605838635775,-0.06813884699126699,1.1737217979550647,2.3886352839245673,1752,2003.11.22.02.56.56,81.2152133580705,False,0.05909328242523271
-0.11729270019531249,0.09003141815330121,0.266,-0.707,0.14803116070986416,0.973,1.7939248443222509,0.3605351581542495,-0.021915909328624555,1.1770138957232403,2.112792976566458,1753,2003.11.22.03.06.56,81.26159554730982,False,0.03649133088293466
-0.11693330078125,0.08915151073501172,0.2905,-0.5740000000000001,0.1471828566279404,0.8645,1.96770537872997,0.19842805623431925,-0.03569805878642418,1.1774606323125492,2.3193475226061953,1754,2003.11.22.03.16.56,81.30797773654916,False,0.08958055685252903
-0.118673095703125,0.08774947666626423,0.272,-0.6505,0.1477464819141523,0.9225,1.835648576557114,0.35370055890884977,-0.05000068828678105,1.1727777217535145,2.1556684063297102,1755,2003.11.22.03.26.56,81.3543599257885,False,0.07344460598533276
-0.11674670410156252,0.08846167753600583,0.4125,-0.5569999999999999,0.14661314592619357,0.9695,2.804078467483773,0.36676456573413696,-0.04346884123108425,1.1777715174969583,3.306652584983713,1756,2003.11.22.03.36.56,81.40074211502782,True,-0.028796809869366724
-0.11779711914062499,0.08885463857779663,0.3065,-0.5860000000000001,0.1477111883283529,0.8925,2.077058176814104,0.3016289794394662,-0.02596644261070139,1.1761924656444736,2.442073562333272,1757,2003.11.22.03.46.56,81.44712430426716,False,0.08192518437969099
-0.11849274902343751,0.08907792472113613,0.28200000000000003,-0.641,0.14839331995485192,0.923,1.9088496993397,0.3465299041136065,-0.05084883038748713,1.174725017174064,2.238945760809023,1758,2003.11.22.03.56.56,81.4935064935065,False,0.071634548397427
-0.1166621826171875,0.09101985006684118,0.327,-0.581,0.14815314554270673,0.908,2.2119230006916952,0.30246254315834986,-0.05366650489281726,1.182576526923784,2.613732345730484,1759,2003.11.22.04.06.56,81.53988868274583,False,0.06591446410842106
-0.1167017578125,0.09001541836616564,0.354,-0.6885,0.14758104224990984,1.0425,2.396050712908617,0.4601403667076722,-0.05696947434692337,1.1804067263097076,2.8293306227668333,1760,2003.11.22.04.16.56,81.58627087198515,False,0.0016422360660908186
-0.11835759277343749,0.08777049997051421,0.28550000000000003,-0.609,0.14753636368386483,0.8945,1.924826855438424,0.33799532167814483,-0.06330642525331137,1.174451586551863,2.266307176095522,1761,2003.11.22.04.26.56,81.63265306122449,False,0.13106067570822355
-0.11735219726562499,0.08855281190132655,0.28200000000000003,-0.597,0.14724673230681135,0.879,1.9085854824462172,0.27529178656646125,-0.07596738330486733,1.1774007185322848,2.250003490990225,1762,2003.11.22.04.36.56,81.67903525046383,False,0.14762235983439365
-0.11773454589843749,0.08831401037712386,0.303,-0.5615,0.14735991571449453,0.8645,2.062551392237125,0.37301343233086315,-0.03443033816522047,1.1735188372412586,2.417695461982558,1763,2003.11.22.04.46.56,81.72541743970315,False,0.10453596296288159
-0.1177521728515625,0.08780737171873759,0.3015,-0.626,0.1471048762788415,0.9275,2.0393020171418708,0.37812743617134825,-0.05310404668880388,1.1739910431061982,2.399047334619868,1764,2003.11.22.04.56.56,81.77179962894249,False,0.1353661518205771
-0.11751960449218748,0.08912109648589613,0.265,-0.5165,0.14767203310907612,0.7815,1.788316024310959,0.23085554192920066,-0.03787821566013973,1.1765880220807237,2.1064495170816544,1765,2003.11.22.05.06.56,81.81818181818183,False,0.04985963816902861
-0.117538623046875,0.08912910704904722,0.3115,-0.6174999999999999,0.14766800309940842,0.929,2.0934436739328524,0.44815379587058635,-0.06693621991562754,1.1775215458361756,2.4712081374857138,1766,2003.11.22.05.16.56,81.86456400742115,False,0.08912222679604515
-0.11898486328124999,0.088518213927906,0.28200000000000003,-0.646,0.14848135753771352,0.928,1.8908434786631898,0.3751029413243465,-0.07576458412061231,1.1753041733320657,2.2267530356829983,1767,2003.11.22.05.26.56,81.91094619666049,False,0.07198787529953532
-0.11730458984375,0.08969527880241573,0.271,-0.6105,0.1478565371408485,0.8815000000000001,1.8257302108568223,0.26597212453678076,-0.033653031387008175,1.1775572972577444,2.152946330204952,1768,2003.11.22.05.36.56,81.95732838589981,False,0.09391549919297615
-0.11768105468750001,0.08731738806827037,0.322,-0.548,0.14671194848250896,0.8700000000000001,2.2087429958532065,0.23356278940902198,-0.038746484746909005,1.1735075835410913,2.5854256749847866,1769,2003.11.22.05.46.56,82.00371057513914,False,0.10396796885939963
-0.1187067138671875,0.08817456218885647,0.29800000000000004,-0.5015000000000001,0.14807968811001893,0.7995,2.0214514402212433,0.20493910189941267,-0.030723912371239274,1.1725603869523904,2.3664921360000117,1770,2003.11.22.05.56.56,82.05009276437848,False,0.023422550616605142
-0.11740373535156251,0.08897337154779539,0.27949999999999997,-0.685,0.1475020832821344,0.9644999999999999,1.8910623147706147,0.46610390125118784,-0.045668630060039704,1.1759653630851423,2.225623371209406,1771,2003.11.22.06.06.56,82.09647495361781,False,0.05574864638905208
-0.11699084472656252,0.08913577693864885,0.259,-0.5835,0.14727316998169432,0.8425,1.7632726815608002,0.1735679068251852,-0.0482201530258589,1.1777001169874055,2.0748281066356835,1772,2003.11.22.06.16.56,82.14285714285714,False,0.08291399039733582
-0.11841145019531252,0.08785009610194419,0.2905,-0.587,0.14763550213583515,0.8775,1.9636179926659587,0.29746967398103186,-0.04100327768512699,1.1730036088998812,2.305144832938953,1773,2003.11.22.06.26.56,82.18923933209648,False,0.11076979146262567
-0.11744848632812499,0.08852822643190747,0.28200000000000003,-0.5165,0.1472571690196331,0.7985,1.9180276307899873,0.24791016551177347,-0.03640320764133552,1.1767286393703595,2.2555374452086365,1774,2003.11.22.06.36.56,82.23562152133582,False,0.1004230523497171
-0.117454296875,0.08846724181521526,0.3225,-0.741,0.14723882106998135,1.0635,2.1860017956831137,0.4247610718994008,-0.03485220928784955,1.1759121640662493,2.5726664068873726,1775,2003.11.22.06.46.56,82.28200371057514,False,0.018140939936591938
-0.11828896484375001,0.08944136160444227,0.2405,-0.577,0.14849872025420696,0.8175,1.605672750175813,0.3087410562652948,-0.04549978123713032,1.1751382581817433,1.8933712903938416,1776,2003.11.22.06.56.56,82.32838589981448,False,0.026183553001122406
-0.1169848388671875,0.08929583344736784,0.3175,-0.587,0.14734520447767305,0.9045000000000001,2.1492071974042446,0.37409633771665507,-0.04378292583647048,1.1775182899033059,2.5332902395985384,1777,2003.11.22.07.06.56,82.3747680890538,False,0.1068752503747894
-0.11737980957031251,0.08797880730435356,0.28800000000000003,-0.6165,0.14688369082164998,0.9045000000000001,1.9666666725059767,0.3823371758484393,-0.07357437067341695,1.1755912008427496,2.309384167376985,1778,2003.11.22.07.16.56,82.42115027829313,False,0.16241790228021308
-0.118363525390625,0.08891813535871745,0.284,-0.577,0.1482235629879068,0.861,1.8996794590301418,0.24448852858368664,-0.031665283640155334,1.1754549309366842,2.2405174626469972,1779,2003.11.22.07.26.56,82.46753246753246,False,0.06295897626244595
-0.1173231689453125,0.0905625668739724,0.349,-0.6699999999999999,0.148440862181486,1.019,2.322002149435874,0.49901850985922924,-0.048340588986469674,1.1786917652054605,2.750569016892043,1780,2003.11.22.07.36.56,82.5139146567718,True,-0.004945237637670519
-0.1166558837890625,0.0878858953141656,0.266,-0.5225,0.14624575949004248,0.7885,1.8137924441671076,0.1938769697672531,-0.03403449089753486,1.1752798321489428,2.133863744027834,1781,2003.11.22.07.46.56,82.56029684601113,False,0.08719847614555332
-0.1178927490234375,0.08915028934380947,0.306,-0.631,0.1480014641705231,0.9369999999999998,2.0458437590419187,0.39783053791544143,-0.04279966596742512,1.1755904995486524,2.4151778903348093,1782,2003.11.22.07.56.56,82.60667903525047,False,0.07889747515144752
-0.11760947265625,0.08931549923247936,0.2895,-0.586,0.14788349471664083,0.8755,1.955166278649536,0.3183340608586287,-0.03927840227801804,1.1774286220220649,2.3033074716950335,1783,2003.11.22.08.06.56,82.6530612244898,False,0.09790983723807972
-0.11687128906250001,0.08845335582216508,0.2905,-0.591,0.14677646846192877,0.8815000000000001,1.975683478668846,0.25151404682265044,-0.04985652972508192,1.177032225972484,2.327122593449671,1784,2003.11.22.08.16.56,82.69944341372913,False,0.1520635120742736
-0.1182537353515625,0.08859902660721904,0.242,-0.6105,0.14794063458664114,0.8525,1.6312237343831169,0.29852140025073504,-0.06056453659803676,1.175612347179587,1.919809739455919,1785,2003.11.22.08.26.56,82.74582560296847,False,0.05546474714163907
-0.117287109375,0.0887004960652249,0.2525,-0.5800000000000001,0.1472399356070026,0.8325,1.7094668629806424,0.350082397939002,-0.08372639734826434,1.177945499239787,2.015945675801057,1786,2003.11.22.08.36.56,82.79220779220779,False,0.10715900339943246
-0.117661767578125,0.08946576527692136,0.256,-0.5894999999999999,0.1480180469324296,0.8454999999999999,1.733173388873039,0.3334258070105811,-0.041364524466456755,1.1759850764742663,2.0365402400403547,1787,2003.11.22.08.46.56,82.83858998144711,False,0.07760086557896895
-0.1179346435546875,0.08900735587991565,0.3115,-0.5249999999999999,0.14794405321563742,0.8365,2.1006734911308618,0.2571861664936341,-0.02518166747996061,1.176571838272722,2.4740618859080037,1788,2003.11.22.08.56.56,82.88497217068645,False,0.04140922007321157
-0.117831494140625,0.08822451464983869,0.2965,-0.593,0.14741396526754497,0.8895,2.0013788901990757,0.30677828968556864,-0.010255188188260506,1.1735890967131508,2.353234042663967,1789,2003.11.22.09.06.56,82.93135435992579,False,0.09313232796961757
-0.11781525878906252,0.09048020176769048,0.315,-0.707,0.14874781980548873,1.0219999999999998,2.1101258215833427,0.5746382507109353,-0.09073755813520606,1.1804978438848504,2.493911069438148,1790,2003.11.22.09.16.56,82.97773654916512,True,-0.013697731897796772
-0.1186462646484375,0.08805301231952806,0.262,-0.6140000000000001,0.14792394144939225,0.8760000000000001,1.7654898351685153,0.2801379875222225,-0.05271399406550498,1.1735506669401046,2.074526562362645,1791,2003.11.22.09.26.56,83.02411873840445,False,0.07961954273784361
-0.117381884765625,0.08770801474153721,0.293,-0.5745,0.1467197830817774,0.8674999999999999,1.9807020396084247,0.25815136120376403,-0.02288277503033679,1.1740496368207933,2.3339655638369043,1792,2003.11.22.09.36.56,83.07050092764379,False,0.12699411075725686
-0.1176912109375,0.089308793591408,0.27449999999999997,-0.587,0.14791991837118,0.8614999999999999,1.8536395804858732,0.33436621804736455,-0.07233313439992416,1.1790974595473496,2.1866588494661654,1793,2003.11.22.09.46.56,83.11688311688312,False,0.09383897679009101
-0.11840769042968749,0.08740176846128922,0.3075,-0.6345000000000001,0.14736142470589353,0.942,2.070539637397269,0.3161119568206827,-0.042852741876536635,1.1721663752929863,2.4344703836218122,1794,2003.11.22.09.56.56,83.16326530612244,False,0.10696405273462961
-0.11706745605468749,0.08828521638807911,0.28200000000000003,-0.7689999999999999,0.14679846017715845,1.051,1.9138599980217197,0.6837662452266065,-0.05958414764390957,1.1748812749336457,2.252024894950851,1795,2003.11.22.10.06.56,83.20964749536178,False,0.024595853357897268
-0.1169810791015625,0.08824558052904749,0.267,-0.6214999999999999,0.1466842538168741,0.8885000000000001,1.8253847540798842,0.3280058538405066,-0.026559624026710485,1.1755122337855601,2.1434177738762283,1796,2003.11.22.10.16.56,83.25602968460112,False,0.13884640314576013
-0.118280029296875,0.08897221781309086,0.2905,-0.6519999999999999,0.14822116079829825,0.9425,1.9508481243176157,0.3273427273759315,-0.055152244697764,1.1752238239640058,2.2965700054959375,1797,2003.11.22.10.26.56,83.30241187384044,False,0.07960839607489861
-0.11756018066406251,0.08817171059343668,0.269,-0.6065,0.14714873569723602,0.8755,1.8250498271724627,0.274465121289581,-0.059196029031585384,1.175857756473302,2.1474012584253552,1798,2003.11.22.10.36.56,83.34879406307978,False,0.1531089659516015
-0.11689042968749999,0.08954726750087857,0.3125,-0.6225,0.1474744816229894,0.935,2.1114445232850745,0.38232178605761735,-0.03860632819544113,1.1770425552187724,2.4886521091970293,1799,2003.11.22.10.46.56,83.39517625231912,False,0.10249827876986123
-0.11848269042968751,0.08986363283650747,0.2645,-0.6775,0.14894182149673138,0.942,1.7702730969542924,0.3454104124546231,-0.057202819872351394,1.1761537803809181,2.084335050766352,1800,2003.11.22.10.56.56,83.44155844155844,False,0.045929202015304815
-0.1171491455078125,0.08995107534223312,0.271,-0.641,0.14794131497313529,0.912,1.8272897022959458,0.36506931512155116,-0.04830432067103229,1.1789095557402045,2.1561537956061994,1801,2003.11.22.11.06.56,83.48794063079778,False,0.08687478295150236
-0.117056103515625,0.08866268677931843,0.2465,-0.6214999999999999,0.14705118179806087,0.868,1.6628237786614517,0.2611924109653998,-0.04956282439244644,1.176327592256105,1.961361678083884,1802,2003.11.22.11.16.56,83.5343228200371,False,0.10809002278216362
-0.118128857421875,0.08894457218365714,0.2675,-0.5175000000000001,0.1481043160009452,0.785,1.7920725810653093,0.24861133513917144,-0.03619438382841937,1.1744517846731575,2.1111958033865323,1803,2003.11.22.11.26.56,83.58070500927643,False,0.040488075870980356
-0.11737775878906251,0.09071846382180494,0.2905,-0.5385,0.1485634759378826,0.829,1.9485183713805931,0.3430724188508658,-0.01207379237203246,1.1769401884483257,2.2960752377970914,1804,2003.11.22.11.36.56,83.62708719851577,False,0.04844001407708609
-0.1170639404296875,0.09022877735440664,0.3055,-0.629,0.1480104313095763,0.9345000000000001,2.060737378733891,0.38835817321389454,-0.027093854383009958,1.17805901346044,2.4290219600835243,1805,2003.11.22.11.46.56,83.6734693877551,False,0.07048686730803233
-0.11820419921875,0.09041674019683377,0.29500000000000004,-0.652,0.14905869561482818,0.9470000000000001,1.9763996905039922,0.38752106578435486,-0.05017640688229605,1.176531808059948,2.326417502855186,1806,2003.11.22.11.56.56,83.71985157699443,False,0.07328774818305694
-0.11734208984375,0.09046463059965654,0.255,-0.5525,0.14841065587768493,0.8075,1.7152951066939326,0.2397720165176176,-0.049934107295354926,1.1797654083533775,2.0249192377962237,1807,2003.11.22.12.06.56,83.76623376623377,False,0.0720613201795296
-0.1176735107421875,0.09051009864927015,0.2845,-0.6605000000000001,0.14868802920844199,0.9450000000000001,1.8996083349718254,0.3698845270599984,-0.02777544327806416,1.1766254408159362,2.2410260951176424,1808,2003.11.22.12.16.56,83.8126159554731,False,0.054199995394242695
-0.1181879150390625,0.09161607140391191,0.272,-0.6174999999999999,0.1497536892987585,0.8895,1.8085841949907147,0.24284706870409423,-0.05769203850166901,1.1805478788889463,2.138074978647864,1809,2003.11.22.12.26.56,83.85899814471243,False,0.06604051366657959
-0.11712314453125,0.09061591672229907,0.29500000000000004,-0.5545,0.14832208328916674,0.8494999999999999,1.981227729686446,0.22756565765159875,-0.050155004317881086,1.1802656621612937,2.3418698513730094,1810,2003.11.22.12.36.56,83.90538033395177,False,0.08317635320735034
-0.1169730224609375,0.09102528728143433,0.2965,-0.5920000000000001,0.14846562078755596,0.8885000000000001,1.994826722483677,0.3412111634205992,-0.050348716798623606,1.1804473973162573,2.3557193752020424,1811,2003.11.22.12.46.56,83.95176252319109,False,0.09776076234640646
-0.11856816406249998,0.09008058757422775,0.304,-0.563,0.14914540001067866,0.867,2.028834920607418,0.3719221226484333,-0.02595292137674679,1.1749856897849145,2.387885932985888,1812,2003.11.22.12.56.56,83.99814471243042,False,0.03907023128905662
-0.1177297607421875,0.09079916724283221,0.308,-0.5775,0.14889856664921464,0.8855,2.0611426612473784,0.42073082289339814,-0.03174743944053079,1.1784971665061876,2.432414160311489,1813,2003.11.22.13.06.56,84.04452690166976,False,0.05447027620573297
-0.117292822265625,0.09085769320383874,0.256,-0.548,0.14858489519060714,0.8039999999999999,1.7132837440597477,0.20752558587732683,-0.0020181475468969406,1.1774749177411485,2.0209551987746384,1814,2003.11.22.13.16.56,84.0909090909091,False,0.010632104314697965
-0.1181913818359375,0.09029654400004218,0.26,-0.5675,0.14897773287285088,0.8274999999999999,1.7335989424548828,0.27377510168370955,-0.04334591311313679,1.1770491059316304,2.045502413542737,1815,2003.11.22.13.26.56,84.13729128014842,False,0.07282567035921428
-0.11746896972656248,0.08987571723270052,0.2855,-0.5800000000000001,0.14813376301946762,0.8655,1.9277557273518051,0.2448366045048449,-0.046984119810733894,1.1783370781999731,2.2713281197167134,1816,2003.11.22.13.36.56,84.18367346938776,False,0.09545256440195166
-0.11692072753906249,0.09066447379014254,0.30000000000000004,-0.5894999999999999,0.14819271596912859,0.8895,2.0202852695598366,0.3497788195841198,-0.06067373650491019,1.1803009065204577,2.3861927913973693,1817,2003.11.22.13.46.56,84.2300556586271,False,0.09560427666337978
-0.11830056152343751,0.09023179648888459,0.2835,-0.571,0.14904155790994233,0.8545,1.8869221911975518,0.3538698170879375,-0.010810830992740522,1.1749405301286941,2.224226288965464,1818,2003.11.22.13.56.56,84.27643784786642,False,0.040052804755242755
-0.1172163818359375,0.0891586895628648,0.2955,-0.5765,0.1474998992839766,0.8720000000000001,1.9993555809753405,0.25913905729909126,-0.03521107125478913,1.1766494940763244,2.3542273143204278,1819,2003.11.22.14.06.56,84.32282003710576,False,0.10309155410843301
-0.117857421875,0.08921585547835764,0.3055,-0.5495,0.1480180150377469,0.855,2.0560944903806537,0.25737933717328687,-0.018253463414252893,1.17470896832794,2.4185970819036497,1820,2003.11.22.14.16.56,84.36920222634508,False,0.051666584860612375
-0.1181001708984375,0.0910505062394738,0.2685,-0.641,0.14937446312296948,0.9095,1.7984162014848402,0.3026604743906729,-0.03592521974913861,1.178872965763465,2.119686404670988,1821,2003.11.22.14.26.56,84.4155844155844,False,0.06819355343866706
-0.11720659179687501,0.09089007930136217,0.34550000000000003,-0.63,0.14860070512952006,0.9754999999999999,2.318943519777245,0.37722250175703587,-0.06951631448446542,1.1813252010761812,2.742259379480576,1822,2003.11.22.14.36.56,84.46196660482374,False,0.036783211015045
-0.117590966796875,0.08853379004991538,0.3255,-0.6225,0.14740427779415882,0.948,2.2096028965116443,0.4426398793138151,-0.041346350549899,1.1736517060686649,2.592780205474324,1823,2003.11.22.14.46.56,84.50834879406308,False,0.07250979303280247
-0.11899692382812499,0.09048884571886753,0.32,-0.6174999999999999,0.14973917242527193,0.9375,2.1347043375756702,0.341293374406074,-0.05628054506385243,1.177008109877125,2.51358873047786,1824,2003.11.22.14.56.56,84.5547309833024,False,0.07146828211962208
-0.117426513671875,0.08969341207606601,0.306,-0.5825,0.14801565116214227,0.8885000000000001,2.049872046708341,0.3233723950846541,-0.06506225979228092,1.1785034587890193,2.4235886486499862,1825,2003.11.22.15.06.56,84.60111317254174,False,0.10211991579201635
-0.1171651611328125,0.09062260807192951,0.2955,-0.603,0.148359527566215,0.8985000000000001,1.9735607993567252,0.27880391789762915,-0.03872801144868232,1.1793622516685511,2.334624420956692,1826,2003.11.22.15.16.56,84.64749536178108,False,0.09010520896607449
-0.118604248046875,0.09030599176214864,0.27949999999999997,-0.6185,0.14930714431060269,0.8979999999999999,1.8651778953971583,0.4801512249491251,-0.04755482187604057,1.175691571533497,2.195899531421671,1827,2003.11.22.15.26.56,84.6938775510204,False,0.026568525338852567
-0.117407861328125,0.08962171322647372,0.2515,-0.5845,0.14790665122308655,0.836,1.688184809945725,0.21650884843240537,-0.031284638388286545,1.1764715333385591,1.990688877284421,1828,2003.11.22.15.36.56,84.74025974025975,False,0.05147869011612893
-0.11707607421875,0.09122200569025861,0.33699999999999997,-0.5935,0.14867972283079206,0.9305000000000001,2.2403898813215006,0.41485741731195125,0.005318233327091271,1.17763023572127,2.6486374507187973,1829,2003.11.22.15.46.56,84.78664192949907,False,0.028207019237021957
-0.11843178710937499,0.08971683583252357,0.27349999999999997,-0.6214999999999999,0.14882757138157038,0.895,1.837312506922586,0.3594955854688886,-0.05311963482464459,1.1776410333011293,2.1638933516428835,1830,2003.11.22.15.56.56,84.83302411873841,False,0.0752094409551548
-0.11802197265625,0.08848600478174931,0.326,-0.5680000000000001,0.147722426454469,0.894,2.2060976834159938,0.28530294979732407,-0.02554873344727864,1.1748872218580002,2.592272604333512,1831,2003.11.22.16.06.56,84.87940630797773,False,0.06505137940754102
-0.1173173095703125,0.08939876940257509,0.2895,-0.619,0.1477110341685069,0.9085,1.9621933160367147,0.3476822120363787,-0.04822603170174308,1.177316994327438,2.30914377655826,1832,2003.11.22.16.16.56,84.92578849721707,False,0.11501496574849152
-0.118713427734375,0.09063613502216075,0.26849999999999996,-0.643,0.1496114540952,0.9115000000000001,1.7763897562050521,0.3898529453829933,-0.07418761958965667,1.178416565840189,2.1016316807427353,1833,2003.11.22.16.26.56,84.97217068645641,False,0.05595257672928178
-0.1169615966796875,0.0895767829967753,0.306,-0.5955,0.14756825350503538,0.9015,2.0625657774685786,0.3655493693637666,-0.020208613523177016,1.1764124554841877,2.4309490786376857,1834,2003.11.22.16.36.56,85.01855287569573,False,0.07412257283550905
-0.1165324462890625,0.08965487986655529,0.2685,-0.5505,0.14722245865948033,0.819,1.815662686668606,0.2617694721245343,0.01192342012711267,1.17536119369146,2.137553504725891,1835,2003.11.22.16.46.56,85.06493506493507,False,0.05981717826606814
-0.11796794433593752,0.08922963629045358,0.3385,-0.509,0.148143444791434,0.8475,2.2755428333406273,0.20691063038490887,-0.0195897058080965,1.1766629814398875,2.6820507176558754,1836,2003.11.22.16.56.56,85.1113172541744,True,-0.010622400370605911
-0.11690390625,0.08908734643772481,0.255,-0.5934999999999999,0.14720154225423815,0.8484999999999999,1.72729938989542,0.2630385925468117,-0.055915479448905236,1.1779338336763328,2.0368856360827508,1837,2003.11.22.17.06.56,85.15769944341372,False,0.11765964922634459
-0.11678681640625001,0.08859894782913548,0.355,-0.5700000000000001,0.1467832609477573,0.9249999999999999,2.4066244656003457,0.4148323705972603,-0.05268852130007522,1.1771394634630057,2.838452029800284,1838,2003.11.22.17.16.56,85.20408163265306,False,0.06556448919574909
-0.1186447998046875,0.0902061908714708,0.30300000000000005,-0.673,0.14923756907567065,0.976,2.024600898936742,0.4177568085686443,-0.06884297012534166,1.177240992227224,2.3858939774396206,1839,2003.11.22.17.26.56,85.2504638218924,False,0.041642273022071574
-0.116564013671875,0.08912533859989304,0.2735,-0.5549999999999999,0.14694133328040432,0.8285,1.86219268830677,0.2351784888325632,-0.03309379272805374,1.1775090548379021,2.1923268827581133,1840,2003.11.22.17.36.56,85.29684601113172,False,0.11133425087283955
-0.1173150146484375,0.0884956575748076,0.2575,-0.5369999999999999,0.14715845939170347,0.7945,1.755165973017784,0.21042413005099747,-0.04639534123692046,1.1755713883576169,2.0610244184540596,1841,2003.11.22.17.46.56,85.34322820037106,False,0.09280084840690334
-0.11822626953125001,0.0903500591089547,0.287,-0.6970000000000001,0.1490190140602624,0.984,1.9287051640948443,0.3644954131457536,-0.01983488233277379,1.1758069644785136,2.2665999487850845,1842,2003.11.22.17.56.56,85.3896103896104,False,0.03948615607248207
-0.11755717773437502,0.08896428978846724,0.3015,-0.6505000000000001,0.14763882301252762,0.952,2.039082910051943,0.2563944785923966,-0.05524993507410188,1.1779976526415248,2.403387205496845,1843,2003.11.22.18.06.56,85.43599257884972,False,0.08330855361071454
-0.11639309082031252,0.08891721688577858,0.3065,-0.5895,0.14670534389052187,0.896,2.081995116559633,0.32862886601457797,-0.011515770987912097,1.1763931896537816,2.4522585967906845,1844,2003.11.22.18.16.56,85.48237476808906,False,0.09065989553015835
-0.118091015625,0.08787417932552612,0.311,-0.641,0.14742983620396835,0.952,2.1023805583631803,0.39989204136535506,-0.037287687351177,1.1727981631758846,2.468748870552692,1845,2003.11.22.18.26.56,85.52875695732838,False,0.09742625266182114
-0.1174763427734375,0.08998084330066439,0.2955,-0.6114999999999999,0.1481940233335851,0.907,1.9932951155680527,0.38440147627433086,-0.06797126281183423,1.1793525538425444,2.3511490890260163,1846,2003.11.22.18.36.56,85.57513914656771,False,0.0927626434063219
-0.11733337402343749,0.08836152947647014,0.26,-0.637,0.14710610177658143,0.897,1.7625543057562558,0.3202152922529675,-0.04151815155273254,1.1742092161675448,2.0716430944896596,1847,2003.11.22.18.46.56,85.62152133580705,False,0.12621354633609327
-0.11811789550781249,0.08941464439675721,0.309,-0.599,0.14837416457773972,0.9079999999999999,2.066167619327938,0.4057457283650383,-0.04141620163365915,1.1751139507014492,2.4349030449362923,1848,2003.11.22.18.56.56,85.66790352504638,False,0.06961472538119096
-0.11750734863281251,0.08819406144683392,0.2845,-0.6054999999999999,0.14714747229684655,0.89,1.9244538992712616,0.3634719680076952,-0.03004605131702994,1.1740472677087692,2.26310408504611,1849,2003.11.22.19.06.56,85.71428571428571,False,0.12578660494552857
-0.11720913085937501,0.0899482080911671,0.3015,-0.5945,0.14794212556178016,0.8959999999999999,2.025018265059197,0.34485106242552477,-0.04581541358886756,1.178009137672635,2.39090128022149,1850,2003.11.22.19.16.56,85.76066790352505,False,0.09268675911404212
-0.11869423828125,0.0895574246097818,0.2955,-0.7055,0.14896104585922054,1.001,1.9803359215079228,0.42931376020016554,-0.03527183641317863,1.1750526254275293,2.3286835731914675,1851,2003.11.22.19.26.56,85.80705009276438,False,0.015013929423254191
-0.1172695556640625,0.08943828290327943,0.2895,-0.5745,0.14770705727111033,0.8640000000000001,1.9575262402769926,0.38621184450764723,-0.034074732714112634,1.176927043661267,2.3050099661264536,1852,2003.11.22.19.36.56,85.85343228200371,False,0.0922375231372135
-0.11675378417968749,0.08813652112226329,0.3295,-0.5295000000000001,0.14646493724775955,0.8590000000000001,2.2514151490746093,0.24270076368791105,-0.025110550355943347,1.176423544987098,2.64790419607031,1853,2003.11.22.19.46.56,85.89981447124305,False,0.06471282327091965
-0.11811806640625,0.08986662352355099,0.3075,-0.6345000000000001,0.14861806578118986,0.942,2.0597117921232506,0.3720069545661644,-0.02790266055886314,1.1759674224301522,2.426040425210714,1854,2003.11.22.19.56.56,85.94619666048237,False,0.05924831353924531
-0.1166920166015625,0.08856200574760359,0.337,-0.5665,0.1467056965409102,0.9035,2.285250495437219,0.2928402062773052,-0.06131272037902665,1.1782046369192682,2.6978863026921953,1855,2003.11.22.20.06.56,85.9925788497217,False,0.12354150939423597
-0.11701145019531249,0.08823733628234556,0.2905,-0.6519999999999999,0.14674528238421486,0.9425,1.97741794748864,0.27739420915934243,-0.01945074268257157,1.1744287903963746,2.32342262620927,1856,2003.11.22.20.16.56,86.03896103896103,False,0.100263239275653
-0.11782243652343749,0.08831284762180275,0.27749999999999997,-0.7384999999999999,0.1474644032071963,1.016,1.8651788550076602,0.5200415249394552,-0.08247664961551379,1.175743406505286,2.200568071015891,1857,2003.11.22.23.14.58,86.08534322820037,False,0.030466889558678045
-0.117757275390625,0.08846342871369814,0.2465,-0.537,0.14750059123914083,0.7835000000000001,1.6647082567081857,0.26159899216241667,-0.0449302018445682,1.1739127231711448,1.9572995010156544,1858,2003.11.22.23.16.56,86.13172541743971,False,0.06035528416747127
-0.1171976806640625,0.08989083793278553,0.3115,-0.608,0.14791420331010763,0.9195,2.0916884012099697,0.28955046801749984,-0.03887959410479354,1.1779948411241228,2.470905857092166,1859,2003.11.22.23.26.56,86.17810760667903,False,0.08929216964248549
-0.1170354736328125,0.08877545576758608,0.3135,-0.5369999999999999,0.14712169065507819,0.8504999999999999,2.1293597769543737,0.28225328384529247,-0.03716193940791385,1.1762371237276141,2.505282087438683,1860,2003.11.22.23.36.56,86.22448979591837,False,0.09377674803194014
-0.11741513671875001,0.08928621320400175,0.316,-0.5995,0.14771944261930345,0.9155,2.1302720244360795,0.36723899412933725,-0.03503497408573331,1.1758266659467789,2.5085554890544195,1861,2003.11.22.23.46.56,86.2708719851577,False,0.0941920401004615
-0.11742302246093751,0.09061258479033701,0.3345,-0.6839999999999999,0.1485691623965648,1.0185,2.2254668132437354,0.4725227264289471,-0.05445783150008829,1.1792866507612654,2.6373745981984116,1862,2003.11.22.23.56.56,86.31725417439704,False,0.011539745443035043
-0.11731889648437499,0.090495822419748,0.277,-0.6385000000000001,0.1483958385647759,0.9155,1.8568408411756723,0.24656263335012318,-0.06809968656474835,1.1801418202896459,2.195170736322068,1863,2003.11.23.00.06.56,86.36363636363636,False,0.09527212363815768
-0.11692629394531251,0.08888787215862784,0.2515,-0.688,0.1470726970449393,0.9395,1.7074771719372597,0.400525649295415,-0.05346043732948392,1.1774501086439417,2.0115903714508043,1864,2003.11.23.00.16.56,86.4100185528757,False,0.05537824306072192
-0.11757028808593749,0.09036115031785633,0.254,-0.5835,0.14854863909960847,0.8375,1.710249909744336,0.32159467921852136,-0.041422626485850475,1.1774406373606716,2.013569581017224,1865,2003.11.23.00.26.56,86.45640074211502,False,0.07376702096919807
-0.1175386962890625,0.08979270078129986,0.3035,-0.5785,0.14817000787764337,0.8820000000000001,2.043200144855986,0.2093159482754463,-0.03741528808529615,1.1782604902637699,2.409577546661586,1866,2003.11.23.00.36.56,86.50278293135436,False,0.054087460580661606
-0.11635029296874999,0.08978193607419484,0.316,-0.636,0.14716806001492033,0.952,2.1451989639564184,0.4434252323172967,-0.045477347073982564,1.1781709171153352,2.5281496085719057,1867,2003.11.23.00.46.56,86.5491651205937,False,0.08775639122980328
-0.117202001953125,0.08976757629519401,0.3055,-0.657,0.14789936838365964,0.9625000000000001,2.0587331614014603,0.28214482901141835,-0.024356196749434976,1.1766096447995584,2.4255043974556383,1868,2003.11.23.00.56.56,86.59554730983302,False,0.045063906050511915
-0.11688491210937499,0.08950214225238226,0.2735,-0.5515,0.14747054999863435,0.825,1.8559254456582281,0.29119569991310135,-0.04085389391854789,1.1776434191839358,2.1850677029994525,1869,2003.11.23.01.06.56,86.64192949907236,False,0.10966820051958498
-0.1188853515625,0.08937844628081969,0.2855,-0.6605000000000001,0.14897555355996722,0.946,1.9030367701904396,0.3738911170396111,-0.06895997308855177,1.1760234106718357,2.2442114231168095,1870,2003.11.23.01.16.56,86.68831168831169,False,0.05288380964866013
-0.117339208984375,0.08942813090986036,0.2475,-0.6615,0.14777234039745252,0.9089999999999999,1.6628013284717456,0.2984132646491844,-0.019872142247166973,1.1753077813384887,1.9599658226102181,1871,2003.11.23.01.26.56,86.73469387755102,False,0.027769942041515394
-0.117111474609375,0.0906529172222066,0.34199999999999997,-0.575,0.14834061651132074,0.917,2.3004546912936075,0.4453560117004869,-0.06445504228677842,1.1807186858198815,2.7184716851764246,1872,2003.11.23.01.36.56,86.78107606679035,False,0.04137011666950452
-0.11772490234375,0.09057981944463084,0.27749999999999997,-0.5760000000000001,0.1487582871395749,0.8535,1.8601463888406498,0.2883216396798114,-0.04290108339179634,1.1780298167417542,2.193560030790116,1873,2003.11.23.01.46.56,86.82745825602969,False,0.09534885426483403
-0.11671630859375001,0.09116394985648417,0.29300000000000004,-0.6555,0.14831800984925778,0.9485000000000001,1.9682372637232044,0.49023926202590085,-0.043664561924203,1.1793256777255787,2.3237883547754894,1874,2003.11.23.01.56.56,86.87384044526901,False,0.05362125064128909
-0.1170347412109375,0.09074513353388837,0.3015,-0.5995,0.14832216639486373,0.901,2.0228192296342584,0.3540207483605302,-0.03604637550861718,1.1800563885842894,2.3912500637198284,1875,2003.11.23.02.06.56,86.92022263450835,False,0.08040736512789787
-0.1182698974609375,0.0908240553664994,0.36650000000000005,-0.647,0.14932892927081645,1.0135,2.4484253988669873,0.4298761983965409,-0.03240949339888977,1.1782020758604825,2.8873220254580683,1876,2003.11.23.02.16.56,86.96660482374769,True,-0.027459687405191002
-0.11772446289062499,0.09017503640909687,0.283,-0.6205,0.14852477079810694,0.9035,1.8875150197105077,0.2665943204426233,-0.02144510608201566,1.1767057700593246,2.228916991174515,1877,2003.11.23.02.26.56,87.01298701298701,False,0.06595768841721361
-0.11748974609375001,0.08944508714190419,0.32,-0.6055,0.14788127524848388,0.9255,2.1462940340365275,0.37817756602332264,-0.04182077285354684,1.1760770476535631,2.531322553995793,1878,2003.11.23.02.36.56,87.05936920222635,False,0.09524957384757732
-0.11824055175781249,0.08979543846600341,0.30300000000000005,-0.676,0.14874266677992554,0.9790000000000001,2.0344224149699777,0.3662128329119785,-0.033106728897305045,1.1752145710705442,2.392186946654544,1879,2003.11.23.02.46.56,87.10575139146567,False,0.051025129101039624
-0.11722924804687501,0.08878593273391643,0.2975,-0.5489999999999999,0.1472532420749336,0.8465,2.0076916383375254,0.2512038318273324,-0.008537681853033151,1.1733340181513374,2.3606887390340985,1880,2003.11.23.02.56.56,87.152133580705,False,0.0724217624063952
-0.1169576171875,0.0898642996161938,0.2905,-0.642,0.14770029305172883,0.9325,1.9604787866397622,0.29298405104839675,-0.0485257845987363,1.1787930909168929,2.3136324917335385,1881,2003.11.23.03.06.56,87.19851576994434,False,0.10851947554183955
-0.119265478515625,0.08910806121546519,0.2505,-0.6605000000000001,0.14911528563480525,0.911,1.6640177784707415,0.36785489568708907,-0.03998621815530194,1.172014536359288,1.9567316584414485,1882,2003.11.23.03.16.56,87.24489795918367,True,-0.012209710950232489
-0.1170711181640625,0.08931166862692269,0.2505,-0.6799999999999999,0.1474470024349409,0.9304999999999999,1.6902510741135193,0.3755488319251832,-0.06985849427824249,1.1780166582301042,1.994604268413297,1883,2003.11.23.03.26.56,87.291280148423,False,0.06374857763845831
-0.11719826660156249,0.08971199587006817,0.35150000000000003,-0.679,0.14779849296216613,1.0305,2.3554227987940157,0.4094272112996511,-0.03473897295981233,1.1777128406655866,2.7833821661529665,1884,2003.11.23.03.36.56,87.33766233766234,True,-0.006975710231428733
-0.1179404541015625,0.09052533560058584,0.2965,-0.6455,0.14887453296785452,0.942,1.9944265513750916,0.3821989501456893,-0.07216452094704157,1.17988304007297,2.351926235860069,1885,2003.11.23.03.46.56,87.38404452690168,False,0.06983640438664995
-0.117209423828125,0.08992951102623765,0.3635,-0.569,0.14793792133317524,0.9325000000000001,2.431958469453213,0.36740270546113973,-0.05072259588945782,1.1783829066743676,2.876632555041981,1886,2003.11.23.03.56.56,87.430426716141,False,0.014244192246412712
-0.11723613281249999,0.09006678666312792,0.26749999999999996,-0.625,0.1480651804491287,0.8925,1.8011520804370946,0.302270108454606,-0.05325137774640737,1.1785241459770122,2.125027725653466,1887,2003.11.23.04.06.56,87.47680890538034,False,0.10180984308783741
-0.117898876953125,0.08977235224168509,0.2905,-0.692,0.14839990265501118,0.9824999999999999,1.946679395358005,0.4032207612422052,-0.04441302308874158,1.1758410727326671,2.2936311702490877,1888,2003.11.23.04.16.56,87.52319109461966,False,0.05532542822116515
-0.117121435546875,0.08980055016850436,0.2705,-0.6375,0.147780147702536,0.908,1.8221659845410396,0.4172821414346668,-0.03455452849520488,1.177286300152405,2.1487087550827435,1889,2003.11.23.04.26.56,87.569573283859,False,0.07679516570153044
-0.1171013916015625,0.08934438386818078,0.316,-0.6225,0.1475340108688754,0.9385,2.1456614362153834,0.2649312440603415,-0.05002394390439303,1.1767988230751245,2.523475431500457,1890,2003.11.23.04.36.56,87.61595547309832,False,0.10165872834898865
-0.118387060546875,0.08952917805294741,0.298,-0.6945,0.14859885375380372,0.9924999999999999,1.9877539951838439,0.3246430998631733,-0.018861908887587278,1.1750300926194983,2.342582624643728,1891,2003.11.23.04.46.56,87.66233766233766,False,0.02438080846452806
-0.11778408203125,0.09061690331029573,0.35150000000000003,-0.614,0.14878318701988857,0.9655,2.35964418081125,0.33099404688860123,-0.041272696816589974,1.1776783837804214,2.7800114765470116,1892,2003.11.23.04.56.56,87.708719851577,False,0.037074057542443306
-0.1172716796875,0.09062384691069844,0.353,-0.608,0.14839256708882842,0.961,2.369010741060361,0.36187031651552237,-0.03298355914607163,1.179271014448633,2.797962515930846,1893,2003.11.23.05.06.56,87.75510204081633,False,0.027382450326506103
-0.11862673339843749,0.09002598742105734,0.321,-0.6555,0.14908524042962934,0.9764999999999999,2.158697885187468,0.4072254329897429,-0.051432561105518776,1.1773151395449808,2.5389041145711175,1894,2003.11.23.05.16.56,87.80148423005566,False,0.046511278943466294
-0.11754597167968751,0.09039611472881323,0.2905,-0.5589999999999999,0.1484743659002443,0.8494999999999999,1.9418434706096175,0.24070793576787675,-0.04264361672836675,1.1787153264264025,2.294543307109916,1895,2003.11.23.05.26.56,87.847866419295,False,0.0853284257778038
-0.11755876464843751,0.09030778190750187,0.28200000000000003,-0.6005,0.1483960074582002,0.8825,1.89319801975055,0.25978267910155006,-0.03481649122329516,1.178616523924474,2.2344107549125583,1896,2003.11.23.05.36.56,87.89424860853433,False,0.08218173895660502
-0.1186539794921875,0.09099484614450279,0.3115,-0.625,0.14971288769940247,0.9365000000000001,2.0724841152960325,0.40277830758806243,-0.03987718993401141,1.1779134644117248,2.444610556751451,1897,2003.11.23.05.46.56,87.94063079777365,False,0.06263165232922652
-0.117196435546875,0.08937620712615066,0.27249999999999996,-0.6014999999999999,0.14755954363173318,0.874,1.8300998307368783,0.19165426941392538,-0.02771010990819208,1.1766530422815888,2.1603927263685265,1898,2003.11.23.05.56.56,87.98701298701299,False,0.0663268460955353
-0.11679365234374998,0.09009416068609175,0.2955,-0.5860000000000001,0.14773077881850044,0.8815000000000001,1.9934483172031678,0.2654267003585016,-0.015774017008964077,1.1781301578317853,2.3511926073278855,1899,2003.11.23.06.06.56,88.03339517625231,False,0.06686998561111956
-0.1178566162109375,0.09008394527269109,0.28800000000000003,-0.6555,0.14850216954460915,0.9435,1.9456424996117025,0.38481346148854767,-0.03451380590399452,1.1773124740500385,2.28810579421907,1900,2003.11.23.06.16.56,88.07977736549165,False,0.08286767617408403
-0.11712800292968749,0.08982083716486917,0.2845,-0.6055,0.14781812860676213,0.89,1.9244923517998906,0.3664292682362402,-0.03738986663084199,1.1779721802859098,2.2670695818062185,1901,2003.11.23.06.26.56,88.12615955473099,False,0.09502322843720079
-0.11698688964843751,0.08995670927963634,0.33799999999999997,-0.654,0.1477563967593542,0.992,2.269318382426655,0.3588725385905287,-0.0430946528391776,1.1784050902469008,2.6816765274569496,1902,2003.11.23.06.36.56,88.17254174397031,False,0.04112898516763153
-0.11753620605468751,0.09048949292151527,0.299,-0.571,0.1485552783036826,0.87,2.019571612255073,0.22549439151914208,-0.02758638864150203,1.1788093189616684,2.377830477996662,1903,2003.11.23.06.46.56,88.21892393320965,False,0.06674402210339592
-0.11720356445312499,0.09010891932018268,0.3065,-0.659,0.1480666733923544,0.9655,2.0489828805787713,0.3591198616788436,-0.04930093306559209,1.1790820347962245,2.4247918055020676,1904,2003.11.23.06.56.56,88.26530612244898,False,0.07287847537571956
-0.117422021484375,0.08909588337596051,0.3225,-0.538,0.1476103292846335,0.8604999999999999,2.1816648690004605,0.3447947189139644,-0.02141732298403628,1.1744908962861058,2.563638447108604,1905,2003.11.23.07.06.56,88.31168831168831,False,0.0527917224016371
-0.118455078125,0.08969762817187663,0.29500000000000004,-0.637,0.14879245003862135,0.9319999999999999,1.9737856362881383,0.3301920230504647,-0.045993273365223124,1.1752703751345712,2.3236767819205957,1906,2003.11.23.07.16.56,88.35807050092764,False,0.07631193319840379
-0.11682402343750001,0.08934958247695621,0.2855,-0.6045,0.14726008571564186,0.89,1.9346545934844595,0.266898867690994,-0.0462507798620263,1.1791715514025145,2.282956834886251,1907,2003.11.23.07.26.56,88.40445269016698,False,0.1205175452769906
-0.11738085937500001,0.08888586745175986,0.3185,-0.77,0.14742965966822733,1.0885,2.1511048832815387,0.4960464695814326,-0.05731132813224025,1.1757644546363348,2.5333057109752684,1908,2003.11.23.07.36.56,88.4508348794063,False,0.00842776892850805
-0.11808010253906248,0.08854357519312467,0.277,-0.5855,0.14774874427843504,0.8625,1.8692489156170282,0.27850802938313235,-0.03790161719684573,1.175070623680571,2.198968199672232,1909,2003.11.23.07.46.56,88.49721706864564,False,0.09765767675547876
-0.117541552734375,0.08902682224529247,0.255,-0.6605,0.14766918634585213,0.9155,1.7225398896397226,0.20190590333326486,-0.04805858595839525,1.1775361814794083,2.030389567777008,1910,2003.11.23.07.56.56,88.54359925788498,False,0.05047390389485018
-0.11757939453124999,0.08818847148392422,0.27599999999999997,-0.563,0.14715007969465654,0.839,1.86094360292953,0.3053747444976498,-0.061825828603869704,1.1757267397971245,2.195272482178787,1911,2003.11.23.08.06.56,88.5899814471243,False,0.15600602266712227
-0.11755234374999998,0.08891466290001604,0.32599999999999996,-0.625,0.14756849548118578,0.951,2.202532133849884,0.4037768666143935,-0.008712152638784054,1.1745230084972689,2.58954471074797,1912,2003.11.23.08.16.56,88.63636363636364,False,0.04959266725003886
-0.11680002441406251,0.08799674309893313,0.27949999999999997,-0.53,0.14641015083545275,0.8095,1.9038960075074574,0.27281811787841503,-0.026822115250138407,1.1747498957066589,2.2389371193257173,1913,2003.11.23.08.26.56,88.68274582560296,False,0.10711080436398113
-0.1170105712890625,0.0895673263725767,0.34199999999999997,-0.6825,0.1475572593648134,1.0245,2.3141282645351016,0.48288028343480494,-0.0639737972875214,1.1786673410535575,2.7291106105337355,1914,2003.11.23.08.36.56,88.7291280148423,False,0.02566688401964412
-0.1188618896484375,0.08937516655346642,0.28200000000000003,-0.6165,0.14888659136321583,0.8985000000000001,1.8926494315371993,0.36306571923366016,-0.05918156087306596,1.1761043385913643,2.2266098811993986,1915,2003.11.23.08.46.56,88.77551020408163,False,0.062463370170013466
-0.1172481201171875,0.08727379210404079,0.2635,-0.565,0.14631714024027848,0.8285,1.7929207622388466,0.2140144004920581,-0.03850918202845094,1.1747191639275834,2.109704911690993,1916,2003.11.23.08.56.56,88.82189239332097,False,0.15192347263151418
-0.11728574218750001,0.08847984421072591,0.272,-0.5545,0.147066836212245,0.8265,1.8479531676393817,0.2714918763807652,-0.026522349111835458,1.176087182472247,2.17403783078488,1917,2003.11.23.09.06.56,88.86827458256029,False,0.10984453207357181
-0.1180979248046875,0.08770291421518882,0.249,-0.5565,0.14726162634343865,0.8055,1.6863933476636448,0.24901444495715963,-0.0073319184753045715,1.1719537646109217,1.9783559278646985,1918,2003.11.23.09.16.56,88.91465677179963,False,0.04205885879247073
-0.11727792968749999,0.08818411392726751,0.33599999999999997,-0.6995,0.14690377263199028,1.0354999999999999,2.2715273567032854,0.37026068828115544,-0.012112516945843844,1.1744000931710605,2.674277860986659,1919,2003.11.23.09.26.56,88.96103896103897,False,0.019501545015109922
-0.11687749023437499,0.08835839878063464,0.291,-0.5445,0.14669695718854525,0.8355,1.9864921404185174,0.3382076072987066,-0.04719769456029012,1.1759937327603593,2.334888550076662,1920,2003.11.23.09.36.56,89.0074211502783,False,0.1394099991352335
-0.11864208984374999,0.08856988949271813,0.3175,-0.5955,0.1482438570612017,0.913,2.123332028659948,0.3585342682812587,-0.03723910994140722,1.173967613065372,2.5012440607667616,1921,2003.11.23.09.46.56,89.05380333951763,False,0.06464605396080514
-0.11742578125,0.08939163393022717,0.34550000000000003,-0.6655,0.14776268623508187,1.0110000000000001,2.3310921224470045,0.4060168343598505,-0.043582128524628644,1.176915640268751,2.746548599558431,1922,2003.11.23.09.56.56,89.10018552875695,False,0.021416822109686207
-0.1174521484375,0.08919124243604842,0.275,-0.6125,0.14762091709108247,0.8875,1.8527125035366776,0.2716781561938002,-0.06885410084180327,1.1791314005179414,2.18866015281204,1923,2003.11.23.10.06.56,89.14656771799629,False,0.11689319631712891
-0.11817229003906249,0.0893216666021732,0.2725,-0.542,0.14833879926962712,0.8145,1.8251169150843711,0.25343613753073346,-0.021643950594928105,1.1747510502361649,2.1502089668787607,1924,2003.11.23.10.16.56,89.19294990723562,False,0.046112349189728064
-0.11683625488281249,0.0905931202975816,0.3115,-0.598,0.1479940855251916,0.9095,2.0919451397586166,0.22621446626078656,-0.01079446480205965,1.1784583705253089,2.469812916294443,1925,2003.11.23.10.26.56,89.23933209647495,False,0.0446249045548297
-0.1173677978515625,0.08863068330812862,0.26,-0.581,0.14722992463231188,0.841,1.759719027176115,0.21557895172504216,-0.04382517908669575,1.1767026383569887,2.0732689337653034,1926,2003.11.23.10.36.56,89.28571428571429,False,0.11624827050283804
-0.117653515625,0.0898820959435476,0.3115,-0.6005,0.14824650469640344,0.9119999999999999,2.0894523168521006,0.26523919828885734,-0.003982839248217945,1.1762137803858828,2.4630325751674356,1927,2003.11.23.10.46.56,89.33209647495362,False,0.049713810945854475
-0.11753476562500001,0.08964487373215332,0.3015,-0.6759999999999999,0.14801957619014627,0.9774999999999999,2.040297728420795,0.3512913812830656,-0.019584579503302352,1.1760224409666025,2.397956384287186,1928,2003.11.23.10.56.56,89.37847866419295,False,0.03738408126668247
-0.117076220703125,0.08797947194338851,0.287,-0.5685,0.14665293180895894,0.8554999999999999,1.9384270979700495,0.272791289827395,-0.0047332562927912885,1.1724624446707326,2.2806866109606863,1929,2003.11.23.11.06.56,89.42486085343229,False,0.10847612852555893
-0.1183623779296875,0.08931489151104596,0.27849999999999997,-0.6885,0.14847099413296283,0.967,1.870622667558159,0.3556702485755332,-0.04378675883664437,1.1760084728536842,2.2024775042155063,1930,2003.11.23.11.16.56,89.47124304267162,False,0.0433913143830017
-0.1168830322265625,0.08936663211175377,0.3355,-0.7495,0.147326337346537,1.085,2.2890529759959546,0.5221810577682482,-0.09484297247910915,1.179778925995144,2.6958309420646387,1931,2003.11.23.11.26.56,89.51762523191094,True,-0.034206307069247655
-0.1171431884765625,0.08830591429686879,0.2955,-0.708,0.14690022292068816,1.0034999999999998,2.0158433738088717,0.34945688413373577,-0.04034626824867771,1.1759061537383735,2.368614401138495,1932,2003.11.23.11.36.56,89.56400742115028,False,0.08917042385008428
-0.11856411132812501,0.08888216019712977,0.3125,-0.604,0.14834065230071108,0.9165000000000001,2.0910385193509478,0.2591854404970728,-0.0263918172172241,1.17475094500995,2.462410512943937,1933,2003.11.23.11.46.56,89.6103896103896,False,0.05900571092639095
-0.11680407714843749,0.08948449884456422,0.259,-0.5935,0.14733409214396345,0.8525,1.7468684221212314,0.31894483128105966,-0.05246034934205357,1.179240620412336,2.0645822236211764,1934,2003.11.23.11.56.56,89.65677179962894,False,0.11674578256434404
-0.11732060546875,0.08930255766599773,0.36850000000000005,-0.609,0.1476564972752034,0.9775,2.476428922116142,0.41648231528519375,-0.05846151751858075,1.177772066994257,2.9264334419729927,1935,2003.11.23.12.06.56,89.70315398886828,False,0.007563539527110308
-0.11779362792968749,0.08848687084059181,0.27849999999999997,-0.5155000000000001,0.14751566175282432,0.794,1.879892701322738,0.22046668755082433,-0.041100541172885585,1.1759439840204058,2.214478625723625,1936,2003.11.23.12.16.56,89.7495361781076,False,0.07972799283571225
-0.11720144042968751,0.088812118769457,0.2845,-0.587,0.14721988184399704,0.8714999999999999,1.9178864519258663,0.3117730063998543,-0.026633935699874427,1.1760895963495264,2.2622169127248477,1937,2003.11.23.12.26.56,89.79591836734694,False,0.11657527070067175
-0.11710651855468751,0.08863395357907908,0.2855,-0.587,0.14701774311002985,0.8725,1.9365556409240603,0.3155500183570874,-0.04235551455563629,1.1765846947812273,2.2807039099707187,1938,2003.11.23.12.36.56,89.84230055658628,False,0.15099244042194543
-0.11848713378906249,0.08927948508259895,0.34099999999999997,-0.619,0.14854728544987386,0.96,2.279677452872729,0.3646022791916712,-0.03393284999559844,1.176090758600119,2.6875439335403275,1939,2003.11.23.12.46.56,89.8886827458256,False,0.02808620887403457
-0.1174993408203125,0.08912418238992595,0.2645,-0.7104999999999999,0.147638576532381,0.975,1.785306782676244,0.39589767967117084,-0.06689210349206579,1.1764841982514662,2.1030582009864887,1940,2003.11.23.12.56.56,89.93506493506493,False,0.044637407680184316
-0.116779296875,0.08873655769436328,0.297,-0.642,0.14685317912190976,0.9390000000000001,2.0123062206656113,0.44739264892437114,-0.050817423938836696,1.1769327093480197,2.372911679347835,1941,2003.11.23.13.06.56,89.98144712430427,False,0.11097745942806397
-0.1185564453125,0.08830197660085475,0.267,-0.5785,0.14799233839871062,0.8454999999999999,1.7986360440857747,0.30013991458023637,-0.018469484783050646,1.1725369028235724,2.1116132462055472,1942,2003.11.23.13.16.56,90.02782931354359,False,0.06017364779371204
-0.117295068359375,0.08942085703750297,0.2515,-0.607,0.14770183262235237,0.8584999999999999,1.6988273608357363,0.3025066688203364,-0.05957019068043782,1.1779574786218183,2.0029745171087208,1943,2003.11.23.13.26.56,90.07421150278293,False,0.09482508694537556
-0.11685549316406249,0.08933456792975702,0.308,-0.5860000000000001,0.14723662170923787,0.894,2.0892127139235814,0.36084461090236974,-0.06753032561495616,1.1799335114301959,2.46635600865733,1944,2003.11.23.13.36.56,90.12059369202227,False,0.11548816832015651
-0.11877575683593751,0.08918963625783133,0.304,-0.671,0.14871790350611291,0.975,2.024874113936203,0.4052197380334046,-0.05279751119953862,1.1750190030755507,2.3885079550608093,1945,2003.11.23.13.46.56,90.16697588126159,False,0.04123591069069388
-0.117576220703125,0.08927314703016831,0.2615,-0.6599999999999999,0.14779549385127871,0.9215,1.7643331536808249,0.4220906491540537,-0.06764118871320506,1.177588928032312,2.0800168301935438,1946,2003.11.23.13.56.56,90.21335807050093,False,0.057401676803224944
-0.11825747070312498,0.0884198095985313,0.2475,-0.5955,0.1478450619279453,0.843,1.6674544251910497,0.21741259906978216,-0.034516987027752286,1.1747605156006204,1.9620484444818738,1947,2003.11.23.14.06.56,90.25974025974025,False,0.044329421405688296
-0.11811318359374998,0.08984907399950318,0.281,-0.6005,0.14858479800790783,0.8815,1.8908675507845305,0.26960814888178297,-0.04145913405435563,1.1766057280111677,2.2249348864408205,1948,2003.11.23.14.16.56,90.3061224489796,False,0.0744682485347441
-0.1163296630859375,0.08801336187565062,0.2725,-0.5495,0.1460642781213746,0.822,1.8555909979355976,0.2783319087969016,-0.03642077820743034,1.176621258819344,2.188693640774929,1949,2003.11.23.14.26.56,90.35250463821892,False,0.14796991419452465
-0.1169759521484375,0.08875686333550359,0.322,-0.687,0.14701384586994404,1.009,2.171391808632913,0.34693542974487457,-0.057030329638486324,1.1772016778200773,2.565884452845807,1950,2003.11.23.14.36.56,90.39888682745826,False,0.09266624117279676
-0.118215087890625,0.08860135465339875,0.316,-0.542,0.14792737647060267,0.8580000000000001,2.1279440503592535,0.27841849289292186,-0.023347827866947255,1.1741561544538284,2.502160817593259,1951,2003.11.23.14.46.56,90.4452690166976,False,0.05605686664027165
-0.116894677734375,0.08909445121918418,0.29300000000000004,-0.6735,0.1471593808990422,0.9665,1.9840132647937494,0.3879837505950974,-0.035069376193059804,1.1767945796468684,2.3376333810492476,1952,2003.11.23.14.56.56,90.49165120593692,False,0.09772780321067709
-0.1172102783203125,0.08953224311786666,0.3135,-0.6325000000000001,0.14767531514866622,0.946,2.134875584426005,0.27661128180776484,-0.05108415193379946,1.1790580059334517,2.5117323595506345,1953,2003.11.23.15.06.56,90.53803339517626,False,0.09633913930132237
-0.11836025390624999,0.0899944637773919,0.265,-0.6174999999999999,0.14886988884351865,0.8825000000000001,1.7784713129260554,0.2659691649754863,-0.048164052561612714,1.1772383945881069,2.0944926687799086,1954,2003.11.23.15.16.56,90.5844155844156,False,0.07276767018506336
-0.1173965576171875,0.08891344186405888,0.2625,-0.5675,0.14743266389360438,0.8300000000000001,1.7782604127744956,0.38251692317054586,-0.050867150597375364,1.1759729200546567,2.0922286155682004,1955,2003.11.23.15.26.56,90.63079777365492,False,0.10237972081511743
-0.11726611328125,0.08927450971698912,0.254,-0.619,0.1475432695271209,0.873,1.722208025736626,0.33763886429708556,-0.011667134257124893,1.175367537704128,2.023915104368677,1956,2003.11.23.15.36.56,90.67717996289424,False,0.06642019953474576
-0.118495458984375,0.08935946266148342,0.2515,-0.6055,0.1486040381001732,0.857,1.6922348475441549,0.3448908833898858,-0.0747755418358704,1.1772817845181227,1.9923279290522533,1957,2003.11.23.15.46.56,90.72356215213358,False,0.055546366902931354
-0.1170421630859375,0.08997357620307041,0.26249999999999996,-0.5845,0.14783434242904264,0.847,1.7729280127035811,0.2541877344767667,-0.018961038404033823,1.1771115375840977,2.088099414884228,1958,2003.11.23.15.56.56,90.7699443413729,False,0.06787777103887516
-0.1171752197265625,0.08946548408940869,0.3055,-0.6579999999999999,0.14757358389971365,0.9635,2.069144582888327,0.2907184377353942,-0.03167855754477076,1.1776798516945148,2.4372639065721424,1959,2003.11.23.16.06.56,90.81632653061224,False,0.07072739605767142
-0.1182826171875,0.08908663952617174,0.2955,-0.669,0.1482236654091585,0.9645,1.9890093744942003,0.42892854064282093,-0.057351494341080445,1.175629498299327,2.340203053178598,1960,2003.11.23.16.16.56,90.86270871985158,False,0.05257930862712901
-0.11742971191406251,0.09047053076474426,0.2465,-0.6105,0.14841621462925764,0.857,1.6607093182440806,0.2714170123980759,-0.03820703475803555,1.178605992303991,1.9574026253885408,1961,2003.11.23.16.26.56,90.9090909090909,False,0.06456879248815728
-0.11736733398437499,0.09032360658718998,0.2745,-0.6045,0.14828122960469117,0.879,1.8531296672409359,0.3604730270728582,-0.030508975572938538,1.178315287350242,2.1826439559690805,1962,2003.11.23.16.36.56,90.95547309833024,False,0.08671626170336699
-0.11882158203125,0.09138712099514869,0.3085,-0.6759999999999999,0.15006131253742688,0.9845,2.050161344339956,0.32450486553600943,-0.06351795469290146,1.1801260419445736,2.422121010636638,1963,2003.11.23.16.46.56,91.00185528756958,False,0.042713450457294466
-0.11609624023437498,0.08976349472388405,0.3175,-0.6065,0.146907020775921,0.9239999999999999,2.171881665757243,0.38236003789735196,-0.04678684077406193,1.1797608908255386,2.5576703737762765,1964,2003.11.23.16.56.56,91.04823747680891,False,0.10587441071967146
-0.1173328369140625,0.08859083485982498,0.271,-0.5715,0.1471870916514988,0.8425,1.8436184416181511,0.3316983909880886,-0.05851755566954232,1.1773258344063153,2.169376462254176,1965,2003.11.23.17.06.56,91.09461966604823,False,0.14803199491213087
-0.11832976074218751,0.08975731071265822,0.26949999999999996,-0.597,0.14867732769555667,0.8665,1.8077639688747102,0.2080807818648962,-0.0596484671742958,1.1789294713762133,2.1332841256354955,1966,2003.11.23.17.16.56,91.14100185528757,False,0.06071515034902264
-0.11741474609375,0.08875623123263778,0.27849999999999997,-0.5800000000000001,0.14733582158610295,0.8585,1.8824939084015258,0.23517206519499712,-0.030300071546885736,1.1757039717115507,2.216568858886375,1967,2003.11.23.17.26.56,91.1873840445269,False,0.10687526214364979
-0.1174414794921875,0.089631452580763,0.3415,-0.681,0.14792547152528016,1.0225,2.305631159421713,0.5468764561862132,-0.09062242791520105,1.1792611200225773,2.7202882806017743,1968,2003.11.23.17.36.56,91.23376623376623,True,-0.015198998293420307
-0.11664672851562499,0.08896682284834281,0.2735,-0.7004999999999999,0.1468379886481787,0.974,1.8519878071581832,0.4154472022786946,-0.05167087620736026,1.1778956854895921,2.18628998218499,1969,2003.11.23.20.01.11,91.28014842300557,False,0.08014688544005782
-0.1164985107421875,0.0876472950346812,0.286,-0.5529999999999999,0.14593470148891757,0.839,1.9618596655702494,0.33456572294929576,-0.023555151346940417,1.1752836529571278,2.3046791721945166,1970,2003.11.23.20.01.24,91.3265306122449,False,0.1355450030164922
-0.1170964111328125,0.09030236518946691,0.292,-0.6945,0.14802247022430803,0.9864999999999999,1.9746209972921998,0.4920017875766496,-0.042431819008666695,1.1795266086186806,2.3281588176352126,1971,2003.11.23.20.11.24,91.37291280148423,False,0.037644524387010714
-0.117641357421875,0.08963887768162423,0.3145,-0.6995,0.1480864973626339,1.014,2.121763216423146,0.5290379145062147,-0.07493864729326477,1.1779009413749977,2.500127362410834,1972,2003.11.23.20.21.24,91.41929499072357,False,0.04275300315041253
-0.117437158203125,0.08877182799161126,0.286,-0.587,0.14734762209847063,0.873,1.9431630205890902,0.31656311049636177,-0.02872481769014689,1.1762250481406502,2.2847288372604617,1973,2003.11.23.20.31.24,91.4656771799629,False,0.12013985536764443
-0.11724318847656251,0.08815234551136847,0.3005,-0.641,0.14684942442713925,0.9415,2.032456527557078,0.29911376751747487,-0.055594926853669985,1.1769348466819194,2.398664571690932,1974,2003.11.23.20.41.24,91.51205936920222,False,0.15280546781444532
-0.1173748779296875,0.08884397736256852,0.399,-0.641,0.14737162400483153,1.04,2.6995000970936265,0.3402721795964352,-0.0361991762704574,1.1770270506678127,3.1819355114903756,1975,2003.11.23.20.51.24,91.55844155844156,True,-0.05010956731119631
-0.11654758300781251,0.08856725318574984,0.321,-0.558,0.14651853245320054,0.879,2.1949772519190653,0.41392333263585357,-0.040400921615818174,1.1770784379862729,2.581864749859298,1976,2003.11.23.21.01.24,91.60482374768088,False,0.11161816338892966
-0.1178823486328125,0.08915483892778725,0.33299999999999996,-0.6214999999999999,0.1479583680372761,0.9545,2.2597082451025976,0.26719468451323247,-0.005013919222047336,1.174788401149356,2.6508953606288816,1977,2003.11.23.21.11.24,91.65120593692022,False,0.0212195673637382
-0.11732565917968749,0.08888211375899768,0.271,-0.6125,0.1473630692042326,0.8835,1.8403473720298986,0.3718931695679286,-0.051978133226037615,1.1764714832882261,2.164545016232669,1978,2003.11.23.21.21.24,91.69758812615956,False,0.1273585258322063
-0.1169227294921875,0.08897829298169849,0.303,-0.6385,0.1470843389112789,0.9415,2.0641406766607333,0.38826619329131584,-0.04971996603997571,1.177235996135445,2.428416150746516,1979,2003.11.23.21.31.24,91.74397031539888,False,0.10898159689157383
-0.1171516845703125,0.08828894954035924,0.299,-0.6605000000000001,0.14688521852461064,0.9595,2.0277561501634533,0.460731918171277,-0.06628698653182262,1.1758148151025074,2.388414693723007,1980,2003.11.23.21.41.24,91.79035250463822,False,0.11652464139017016
-0.1177628173828125,0.08847275875892532,0.2745,-0.5589999999999999,0.14744792279465668,0.8334999999999999,1.8539063686183792,0.3122368380144427,-0.030700606016680333,1.174190409673709,2.1803832880558263,1981,2003.11.23.21.51.24,91.83673469387756,False,0.11529867582292497
-0.11756381835937499,0.08966224138473126,0.3075,-0.624,0.1479942944761195,0.9315,2.0742617173202893,0.5204512966736488,-0.06894215610985757,1.1772865316970371,2.4437928091480856,1982,2003.11.23.22.01.24,91.88311688311688,False,0.07112191083623265
-0.117127783203125,0.08782239838311492,0.317,-0.5895,0.14657300616025354,0.9065,2.1490841429272667,0.23910126863306047,-0.04325381730081052,1.1750257551998449,2.531814790882407,1983,2003.11.23.22.11.24,91.92949907235621,False,0.14978250296910434
-0.1171037841796875,0.08897060713228909,0.2945,-0.532,0.14722895277938733,0.8265,2.000536135976748,0.3320621243724955,-0.04261766672468419,1.178205683356721,2.356908163372367,1984,2003.11.23.22.21.24,91.97588126159555,False,0.09711306740105768
-0.11697055664062501,0.09054768986678373,0.2905,-0.6685000000000001,0.14807184930089423,0.9590000000000001,1.961515300829424,0.4598763722493231,-0.06993069697650303,1.18084509042553,2.3164089772960295,1985,2003.11.23.22.31.24,92.02226345083488,False,0.05690344030548955
-0.1173029541015625,0.08908487349728378,0.3015,-0.69,0.14744366775133816,0.9915,2.042488857841199,0.47678250334398364,-0.058505770323782125,1.1779399457089808,2.407022058551665,1986,2003.11.23.22.41.24,92.06864564007421,False,0.06769981341303488
-0.1174506103515625,0.08924546257487372,0.28300000000000003,-0.618,0.14766462937241337,0.901,1.9074918179138822,0.24563311255371145,-0.05480050266555413,1.177804312380359,2.2508147364067526,1987,2003.11.23.22.51.24,92.11502782931355,False,0.10875438542394111
-0.11760991210937499,0.08881997827196482,0.28800000000000003,-0.625,0.14754590872792733,0.913,1.9509040443874408,0.30357146854615125,-0.05807406385407912,1.1775532086882485,2.2977540626098447,1988,2003.11.23.23.01.24,92.16141001855289,False,0.1405832504325561
-0.11745068359375,0.08898469467058555,0.26,-0.6154999999999999,0.14749152264286605,0.8755,1.7548653577028022,0.2760927198051579,-0.0459421457250797,1.1770914465180542,2.069201360669487,1989,2003.11.23.23.11.24,92.20779220779221,False,0.10634541966977429
-0.1174785400390625,0.08905081203473275,0.315,-0.603,0.14759968740156942,0.9179999999999999,2.117736867605144,0.4526304170191313,-0.07029728871789973,1.1777418972605678,2.5026129611077343,1990,2003.11.23.23.21.24,92.25417439703153,False,0.09848228025263617
-0.11718566894531252,0.08834188227656854,0.29200000000000004,-0.652,0.146895769645071,0.9440000000000001,1.9924339555116841,0.28771283628677313,-0.05076796413672513,1.1766362144542524,2.3421820133556754,1991,2003.11.23.23.31.24,92.30055658627087,False,0.14561919499514842
-0.1174934326171875,0.08954658750775299,0.29800000000000004,-0.6575,0.14786151439993594,0.9555,2.024068124716783,0.3564696382943833,-0.06905972170558523,1.1792481251897864,2.3828265609963717,1992,2003.11.23.23.41.24,92.3469387755102,False,0.08210445876505956
-0.11741357421875001,0.08832318636486672,0.248,-0.6345,0.1470655312740991,0.8825,1.6918384063955538,0.35608773582868136,-0.04947566988996013,1.1752560610212868,1.9858129039864971,1993,2003.11.23.23.51.24,92.39332096474953,False,0.10982443254408447
-0.1174588623046875,0.08857142144239116,0.262,-0.665,0.14724403397790647,0.927,1.7836456373239025,0.25777517393850724,-0.038760371538859986,1.1766626999497853,2.0966960111230994,1994,2003.11.24.00.01.24,92.43970315398887,False,0.1012090529347025
-0.1178543212890625,0.08825866628703677,0.27349999999999997,-0.6234999999999999,0.14738319110733467,0.897,1.8538265509439495,0.3044418408316323,-0.04215384890238558,1.1744065018259238,2.1779448692506707,1995,2003.11.24.00.11.24,92.4860853432282,False,0.13863712778009885
-0.1169302490234375,0.08921491059750891,0.265,-0.5905,0.147226629152797,0.8555,1.7901367788569065,0.300352687736656,-0.03639792983454798,1.1775813044123842,2.1123491786192936,1996,2003.11.24.00.21.24,92.53246753246754,False,0.11247176975110601
-0.117243115234375,0.08745488811207039,0.271,-0.6815,0.14638968162250265,0.9525,1.8481915483928892,0.4308243399098175,-0.07062767131920658,1.1756790245720858,2.1740523027084557,1997,2003.11.24.00.31.24,92.57884972170687,False,0.13585675958695315
-0.1170668701171875,0.08809468798821621,0.3065,-0.6615,0.14663444452891639,0.968,2.083729564507855,0.43381351195331286,-0.0535503393372405,1.1761373701754398,2.454076715310151,1998,2003.11.24.00.41.24,92.6252319109462,False,0.12971810189091176
-0.11734379882812501,0.08850493133345932,0.23900000000000002,-0.5589999999999999,0.14710350098607053,0.798,1.6176742147142513,0.28524012324807346,-0.03852072803574017,1.1752015540294252,1.9040741286221419,1999,2003.11.24.00.51.24,92.67161410018552,False,0.07615248610016134
-0.1167955078125,0.08902440053922603,0.326,-0.7144999999999999,0.14702402885691804,1.0405,2.206786590638954,0.5143221599019432,-0.08488844046561463,1.1795250846743945,2.6078831206902127,2000,2003.11.24.01.01.24,92.71799628942486,False,0.010018367652345983
-0.1170844970703125,0.0890881825092311,0.2905,-0.597,0.14726391664861527,0.8875,1.978214710395701,0.3119616600668327,-0.06440651187133824,1.178273876940287,2.328295629499978,2001,2003.11.24.01.11.24,92.76437847866418,False,0.13437838453421214
-0.11722500000000001,0.08970773984545322,0.2845,-0.6165,0.14773899256183437,0.901,1.9189041788439216,0.32065350165982665,-0.018165986764297763,1.1772216716023745,2.2618687139082096,2002,2003.11.24.01.21.24,92.81076066790352,False,0.08012894009663352
-0.1173460693359375,0.0881004890814136,0.28049999999999997,-0.5954999999999999,0.14690657508320204,0.8759999999999999,1.9070784963614953,0.30056581121277937,-0.028341354586797766,1.1739842596091528,2.2401480737981236,2003,2003.11.24.01.31.24,92.85714285714286,False,0.13382417697394455
-0.117452685546875,0.08817731236140453,0.399,-0.66,0.14701342098462034,1.0590000000000002,2.7094829224907944,0.5060141108819411,-0.012352112257912926,1.174503835802482,3.1845020809991658,2004,2003.11.24.01.41.24,92.90352504638219,True,-0.06437715012844258
-0.1167658935546875,0.08809081215558227,0.32,-0.5665,0.14641586063053816,0.8865000000000001,2.179304340115311,0.27267747480849347,-0.009895059220862562,1.1753556680684345,2.564892636033532,2005,2003.11.24.01.51.24,92.94990723562152,False,0.09763814428247924
-0.11755939941406252,0.08816418512440413,0.35050000000000003,-0.6699999999999999,0.1470744053610149,1.0205,2.3811245509514998,0.41034757209668915,-0.05958197499481423,1.176221600639197,2.8016518150725687,2006,2003.11.24.02.01.24,92.99628942486086,False,0.05395747952404262
-0.1175154296875,0.08893320132725185,0.3165,-0.619,0.1475379880886617,0.9355,2.1308460085308845,0.33284098761117265,-0.027818371370453624,1.1773261758742768,2.5156133978681146,2007,2003.11.24.02.11.24,93.04267161410019,False,0.09330719097173723
-0.1172101318359375,0.08815982229040246,0.355,-0.612,0.14681676849496017,0.967,2.4383795636380494,0.36419330787395476,-0.07710130762331205,1.1777161129082792,2.8616241173502015,2008,2003.11.24.02.21.24,93.08905380333951,False,0.07696409085546208
-0.11721809082031251,0.08803776970133301,0.3465,-0.6555,0.14673873500466098,1.0019999999999998,2.3634967822194763,0.43673338861705857,-0.03033527951784592,1.175475934437062,2.777299679457828,2009,2003.11.24.02.31.24,93.13543599257885,False,0.04932103426645684
-0.117356982421875,0.08884521710066817,0.2845,-0.6234999999999999,0.14736032390340792,0.908,1.9230745667928526,0.4288270053055081,-0.03277881854974492,1.1757943860721491,2.2646938814367417,2010,2003.11.24.02.41.24,93.18181818181817,False,0.10641574278715632
-0.11719099121093751,0.0882188231579017,0.265,-0.646,0.146825617365483,0.911,1.8005265771299679,0.34009792427018537,-0.057885793234627295,1.17671413950352,2.12058792199051,2011,2003.11.24.02.51.24,93.22820037105751,False,0.16712786382238243
-0.1170212890625,0.08810442880567687,0.254,-0.6555,0.1466529749506115,0.9095,1.724391551379493,0.43202685967392673,-0.07209634171104587,1.1769350018059643,2.03306107258473,2012,2003.11.24.03.01.24,93.27458256029685,False,0.11165812285764992
-0.1173520263671875,0.08885322894319526,0.35650000000000004,-0.558,0.1473359369777678,0.9145,2.427359681135628,0.3339703967772263,-0.03307599745697688,1.1762704173098202,2.851989986009488,2013,2003.11.24.03.11.24,93.32096474953617,False,0.036444163954993614
-0.117612744140625,0.08888414289298201,0.298,-0.6885,0.14756277944109053,0.9864999999999999,2.008261893842821,0.4766271581622321,-0.061858051418199715,1.1777214638444846,2.3706397573811477,2014,2003.11.24.03.21.24,93.36734693877551,False,0.06284659220176414
-0.11731823730468749,0.08842689813054176,0.3355,-0.5885,0.14704967794168705,0.924,2.278326776554583,0.3651427198987214,-0.03254057387307647,1.1761675670977978,2.68119867913924,2015,2003.11.24.03.31.24,93.41372912801485,False,0.09791398806684459
-0.11775344238281249,0.0881292571851538,0.33199999999999996,-0.6375,0.14725642577106418,0.9695,2.2486007739835383,0.33424733627124414,-0.02722291680392083,1.1744428697734461,2.643776553635215,2016,2003.11.24.03.41.24,93.46011131725417,False,0.06827726877176932
-0.11786396484375,0.08746046766864587,0.273,-0.647,0.14694069860249676,0.9199999999999999,1.8504578764662196,0.47203987932550917,-0.06773997621006847,1.1738614906475089,2.175792602269324,2017,2003.11.24.03.51.24,93.5064935064935,False,0.10168627329974522
-0.11685178222656249,0.08951067345299812,0.244,-0.662,0.14735105666841522,0.906,1.6527097535385011,0.3509665517153888,-0.0440687721493542,1.1780587729383734,1.9484416591785525,2018,2003.11.24.04.01.24,93.55287569573284,False,0.06147760298229554
-0.11730043945312502,0.08809689634071945,0.2675,-0.6005,0.14683659685148354,0.868,1.8208107745670103,0.31385234227195746,-0.049194728694211,1.176329089592727,2.142276449278876,2019,2003.11.24.04.11.24,93.59925788497218,False,0.16756862054821092
-0.11717668457031251,0.08851666361840294,0.29900000000000004,-0.631,0.14700625643551768,0.93,2.0280153842670368,0.32873142887449136,-0.07217046462236129,1.1781313738262824,2.391923843842844,2020,2003.11.24.04.21.24,93.6456400742115,False,0.15645568834408768
-0.11761726074218751,0.08733985440076208,0.2855,-0.5565,0.1466470508654807,0.8420000000000001,1.9332386002196935,0.2307563530533152,-0.04888887159111112,1.1747902739423526,2.2776173036262466,2021,2003.11.24.04.31.24,93.69202226345084,False,0.15577346676030246
-0.11747961425781249,0.08993100194224068,0.33,-0.6205,0.14809829230872512,0.9505,2.23108377223024,0.3832842263795453,-0.029331703320592192,1.1774354107708604,2.6257735942820473,2022,2003.11.24.04.41.24,93.73840445269018,False,0.05514494122269209
-0.11706042480468751,0.08802999688920098,0.287,-0.548,0.14664216735805918,0.835,1.9444802078289567,0.28318534293469044,-0.05223628496865501,1.175998420525811,2.292520021125083,2023,2003.11.24.04.51.24,93.7847866419295,False,0.16173330058093832
-0.1175519775390625,0.0882064756226468,0.271,-0.577,0.14710734432077696,0.8480000000000001,1.8491895741949187,0.24538669208094133,-0.03610561433480527,1.1746080800645966,2.168642169371873,2024,2003.11.24.05.01.24,93.83116883116884,False,0.12893891370063293
-0.11761025390625,0.08863737930742968,0.28700000000000003,-0.692,0.14741751175570209,0.979,1.9413954250946461,0.45745326010765996,-0.047278654363242176,1.1754957537555382,2.284385892536105,2025,2003.11.24.05.11.24,93.87755102040816,False,0.07244913718795787
-0.117233203125,0.08793759316735347,0.271,-0.5545,0.14670702024741344,0.8254999999999999,1.8401780971714097,0.3347437937957991,-0.050135327305803966,1.1763877987563605,2.1684156354818915,2026,2003.11.24.05.21.24,93.92393320964749,False,0.15492087561140766
-0.1175776123046875,0.0892978049596733,0.265,-0.6785,0.14777389009575692,0.9435,1.788822254601016,0.3788678413564579,-0.05023413675221365,1.1771376058280834,2.1076695377174772,2027,2003.11.24.05.31.24,93.97031539888683,False,0.07029461083378952
-0.11715908203124999,0.0876538832001787,0.27949999999999997,-0.602,0.14647092111486598,0.8815,1.907014321937258,0.34654549686850866,-0.029229472633223078,1.1729033993157492,2.2372165334186356,2028,2003.11.24.05.41.24,94.01669758812616,False,0.1463216205394342
-0.11783386230468751,0.08941469304293592,0.2865,-0.5934999999999999,0.14809302881685077,0.88,1.9256945239308372,0.3033144599915023,-0.04195633254969231,1.176403865805001,2.2696376793618507,2029,2003.11.24.05.51.24,94.06307977736549,False,0.09671645950362368
-0.11769506835937499,0.08951154561139989,0.2865,-0.565,0.14799298431402272,0.8514999999999999,1.9220060866162343,0.28823233633116296,-0.054051291534982324,1.1780545006906977,2.2699115036530433,2030,2003.11.24.06.01.24,94.10946196660483,False,0.10062203678221182
-0.117168994140625,0.08893689502484803,0.2635,-0.543,0.1472414741635128,0.8065,1.7893999759867523,0.22997686208032153,-0.03151845777093019,1.1772839705721292,2.1067203648969244,2031,2003.11.24.06.11.24,94.15584415584416,False,0.08476620935397966
-0.11746496582031249,0.08906901962737722,0.294,-0.7344999999999999,0.1475642148555284,1.0285,1.980929324413529,0.5401431350598727,-0.053835985703294585,1.177395758239792,2.3382939150071227,2032,2003.11.24.06.21.24,94.20222634508349,False,0.011620436165426962
-0.1172375244140625,0.08967355114880317,0.3245,-0.6539999999999999,0.14776375369513126,0.9784999999999999,2.1951522286731837,0.34766792860107754,-0.048811623014596545,1.1790923250373981,2.5887570947961445,2033,2003.11.24.06.31.24,94.24860853432281,False,0.06097679842345871
-0.11744416503906252,0.08864282537436227,0.2555,-0.5725,0.1472927028008022,0.8280000000000001,1.7335964872724414,0.2642463692716617,-0.06047676490549897,1.176886229276717,2.040687986232512,2034,2003.11.24.06.41.24,94.29499072356215,False,0.1334463001161209
-0.11761953124999999,0.08865179798955461,0.28200000000000003,-0.6995,0.14745193535880885,0.9815,1.9166961531183375,0.40304809742680137,-0.023539693955168445,1.1750967590154318,2.2500329371555123,2035,2003.11.24.06.51.24,94.34137291280148,False,0.05662762522685816
-0.11802700195312502,0.08900478237638162,0.275,-0.5700000000000001,0.14795679698478126,0.845,1.8592677389554861,0.2660730308149497,-0.040535182633473485,1.1771903353586195,2.1884026785542323,2036,2003.11.24.07.01.24,94.38775510204081,False,0.09068503863884408
-0.11871562499999999,0.08959685648578136,0.2735,-0.5625,0.1488832962831926,0.836,1.8296522831950117,0.30775272556330235,-0.04307073227767242,1.177063118277153,2.1570701907774095,2037,2003.11.24.08.01.24,94.43413729128015,False,0.06607686525662904
-0.11816743164062501,0.08883582310113355,0.2955,-0.5335,0.1480066342776373,0.829,1.999332121435215,0.2259487165621541,-0.03784838693526788,1.1766633172236487,2.3511514710372943,2038,2003.11.24.08.11.24,94.48051948051948,False,0.0637744771681914
-0.1169104248046875,0.08895931655112846,0.2905,-0.608,0.14703726074207307,0.8985000000000001,1.973481157317074,0.2595401287303454,-0.04905387775527937,1.1787202889018555,2.327240584286648,2039,2003.11.24.08.21.24,94.52690166975881,False,0.12651744874135656
-0.117099755859375,0.08946802231303927,0.32099999999999995,-0.6165,0.14746717105096763,0.9375,2.1714825448202872,0.30079209286272457,-0.052968888390551805,1.1792436831540805,2.562713408281196,2040,2003.11.24.08.31.24,94.57328385899815,False,0.10202853969895448
-0.11757424316406251,0.09133270361012841,0.267,-0.5640000000000001,0.14901446431359844,0.831,1.7865878481952038,0.26429724098997776,-0.049997151458127026,1.1813962443041535,2.1129890581521433,2041,2003.11.24.08.41.24,94.61966604823748,False,0.08185143773678721
-0.117765625,0.0872347391411074,0.326,-0.6455,0.14670590074329057,0.9715,2.195251370153835,0.29203719533750916,-0.050640847577952855,1.1737636326312129,2.5893748951945383,2042,2003.11.24.08.51.24,94.6660482374768,False,0.10153975753796718
-0.11790727539062501,0.08850326915204906,0.3135,-0.5994999999999999,0.14757209644154556,0.9129999999999999,2.1225421900982564,0.26731776872559254,-0.0597059176386541,1.1767157552702157,2.4984866585737553,2043,2003.11.24.09.01.24,94.71243042671614,False,0.11914049376350322
-0.11736704101562499,0.08828677941951354,0.266,-0.5825,0.1470087203454218,0.8485,1.8064947596594654,0.24361818842976013,-0.06569090505350272,1.1779390139327086,2.1295468478374553,2044,2003.11.24.09.11.24,94.75881261595546,False,0.15663161413454568
-0.11754367675781249,0.08903291494428217,0.2565,-0.6114999999999999,0.14762478715899163,0.868,1.7325272219981445,0.2418847783603797,-0.022169632180677003,1.17554688993284,2.038755269359667,2045,2003.11.24.09.21.24,94.8051948051948,False,0.05785259435686396
-0.12017822265625001,0.08922324216118624,0.26949999999999996,-0.5345,0.14981281560614443,0.804,1.7943733127259023,0.20365616423881372,-0.02357418276099741,1.1728659993614565,2.1067614491467435,2046,2003.11.24.10.02.30,94.85157699443414,False,0.005489990384306531
-0.118059033203125,0.09021570225632877,0.28049999999999997,-0.6799999999999999,0.148716017128391,0.9605,1.8809723236882792,0.38684805471593653,-0.06569752474178993,1.1790083592749245,2.2196761443271193,2047,2003.11.24.10.11.24,94.89795918367348,False,0.05820103165320922
-0.11689357910156249,0.08888346173364248,0.2905,-0.6345000000000001,0.1470050300151312,0.925,1.982783552839795,0.3403564665466914,-0.036994186432532175,1.177195963112713,2.331007589328375,2048,2003.11.24.10.21.24,94.9443413729128,False,0.1275694512046538
-0.11815197753906251,0.08894291435079033,0.281,-0.56,0.14800902617638814,0.841,1.9006527298549942,0.197709103950366,-0.050521856581321356,1.1770038862292986,2.236153992203488,2049,2003.11.24.10.31.24,94.99072356215214,False,0.06118374436981422
-0.1181768798828125,0.08909748248077304,0.2535,-0.6615,0.1481392406554421,0.915,1.7087389851449633,0.3552123709103612,-0.06180947211638883,1.176505342852858,2.0114116799230266,2050,2003.11.24.10.41.24,95.03710575139146,False,0.05357417244669371
-0.11946879882812499,0.08981491253609267,0.29300000000000004,-0.642,0.14960576378256263,0.935,1.95352646620554,0.3217994178629673,-0.03526290664826642,1.1758831131442107,2.2992800306582932,2051,2003.11.24.10.51.24,95.08348794063079,False,0.06448943496624637
-0.11842250976562499,0.09133449958980963,0.321,-0.6114999999999999,0.14972539732617207,0.9325,2.1368794985063047,0.3037412108110731,-0.02814269934776089,1.1795277489227296,2.523722982499491,2052,2003.11.24.12.53.55,95.12987012987013,False,0.05307964491518691
-0.117971337890625,0.09007413718920217,0.28200000000000003,-0.5785,0.14862015975752005,0.8605,1.8886503411998348,0.31683397481961073,-0.04147563862810977,1.1778931903067846,2.2287324481135307,2053,2003.11.24.12.57.32,95.17625231910947,False,0.0796718951399471
-0.118538134765625,0.08966217638300741,0.3055,-0.5589999999999999,0.14878487354057185,0.8645,2.0459352119574783,0.18704508884876336,-0.032397767806497585,1.1769566220453487,2.41156281037311,2054,2003.11.24.13.07.32,95.22263450834879,False,0.034287213189035604
-0.1172138916015625,0.09006939117211249,0.3285,-0.532,0.14794341445112374,0.8605,2.21327886069599,0.2780634205509189,-0.03158075998753483,1.1793726334947636,2.612887921051686,2055,2003.11.24.13.17.32,95.26901669758813,False,0.04067079325810674
-0.11804523925781249,0.09132447981274947,0.3345,-0.5675,0.1494086216255241,0.9019999999999999,2.2321749509017312,0.23803294090035187,-0.042299460440754215,1.1807350932625944,2.638640825723451,2056,2003.11.24.13.27.32,95.31539888682747,False,0.03344417769225594
-0.11785419921875001,0.0924154500315994,0.2855,-0.5894999999999999,0.14996371134271097,0.8749999999999999,1.907508790462047,0.2621812806275987,-0.06481153272534511,1.1839991383857835,2.256929586762237,2057,2003.11.24.13.37.32,95.36178107606679,False,0.07070912496747384
-0.11750895996093749,0.09168678403343108,0.266,-0.7164999999999999,0.1492104717525581,0.9825,1.7827021968362562,0.26191766107819037,-0.04650427204786079,1.1816943454671995,2.106615356332552,2058,2003.11.24.13.47.32,95.40816326530613,False,0.00513177235309159
-0.1177504150390625,0.08967957354191389,0.299,-0.601,0.14820035616632038,0.8999999999999999,2.00455302955976,0.12317595130900227,-0.020588947035962268,1.1773310783075914,2.3669151347878685,2059,2003.11.24.13.57.32,95.45454545454545,False,0.024430699970654057
-0.1177304931640625,0.09012602884402113,0.2885,-0.625,0.14846135847735414,0.9135,1.9450743863346651,0.312633668419116,-0.056182494326781365,1.1782412110880767,2.290842468112615,2060,2003.11.24.14.07.32,95.50092764378478,False,0.11564859160456603
-0.11715043945312498,0.09030375259387455,0.26849999999999996,-0.7155,0.1480712008544906,0.984,1.8123075615646695,0.2992686467364303,-0.06017323993463022,1.180521653045779,2.139890091297659,2061,2003.11.24.14.17.32,95.54730983302412,False,0.042125113445321216
-0.117897900390625,0.0910107881798744,0.333,-0.6105,0.1491006388410731,0.9435,2.2218787783834517,0.2619668814136913,-0.04971717422884051,1.1800222126684248,2.627663414903536,2062,2003.11.24.14.27.32,95.59369202226345,False,0.04927894779821729
-0.1177613525390625,0.089869407221153,0.2915,-0.542,0.14829499675866936,0.8335,1.9685054643952684,0.30538919623553484,-0.021461441986445406,1.1770443339033863,2.3155579919125246,2063,2003.11.24.14.37.32,95.64007421150278,False,0.06296320230252506
-0.11817187500000001,0.09043793405497488,0.27449999999999997,-0.524,0.14894067273033623,0.7985,1.8274437261757805,0.1838476111922065,-0.024296018771342125,1.1777363417767726,2.158003229996954,2064,2003.11.24.14.47.32,95.68645640074212,False,0.019796475523676027
-0.11826845703125,0.09031247745333584,0.27949999999999997,-0.6005,0.14896189758295064,0.8800000000000001,1.872066230435122,0.24956086515224962,-0.04613804837005436,1.1789692471685622,2.209318187427532,2065,2003.11.24.14.57.32,95.73283858998145,False,0.06890478868902494
-0.11780920410156251,0.09017352327464831,0.26,-0.6094999999999999,0.14848200329767647,0.8694999999999999,1.7517330307072942,0.27669647811582365,-0.05812910586144389,1.1798789393718274,2.0665448151938826,2066,2003.11.24.15.07.32,95.77922077922078,False,0.0805400925544067
-0.118130615234375,0.09040663723969986,0.29300000000000004,-0.632,0.14894824198007142,0.925,1.965592291752881,0.3491095633073782,-0.06412317860186649,1.1793732617550805,2.318864861356141,2067,2003.11.24.15.17.32,95.82560296846012,False,0.09194448422537616
-0.1178197265625,0.09103904731979974,0.2455,-0.5860000000000001,0.14906048187836676,0.8315,1.6434403400741342,0.2067517382847528,-0.020516765743828,1.1787459043137738,1.9388902003852508,2068,2003.11.24.15.27.32,95.87198515769944,False,0.008052025585681744
-0.1180666015625,0.0901673987553252,0.316,-0.6775,0.14871520271974759,0.9934999999999999,2.136157843315895,0.4466816490936467,-0.06045630568339747,1.1776247388323475,2.510150249252331,2069,2003.11.24.15.37.32,95.91836734693877,False,0.0544364510598252
-0.117379443359375,0.09133382424937811,0.2975,-0.6054999999999999,0.1489190699028732,0.903,1.9884123470601636,0.2927444002959101,-0.04880923652181346,1.1798203960211753,2.3498079617684677,2070,2003.11.24.15.47.32,95.9647495361781,False,0.08879953953735947
-0.1169112060546875,0.09052241899939986,0.265,-0.558,0.14800154336787574,0.823,1.7794171243737487,0.18396565976748214,-0.040199433416276874,1.1808362195769915,2.106094930061549,2071,2003.11.24.15.57.32,96.01113172541744,False,0.058826623651514476
-0.1174551025390625,0.09069387117155495,0.3125,-0.702,0.14857704245692138,1.0145,2.086712233869058,0.4600222710822732,-0.03794619720226337,1.179695089194405,2.4688406455662193,2072,2003.11.24.16.07.32,96.05751391465677,False,0.03207395148899428
-0.117979296875,0.09157033898511731,0.3105,-0.6465,0.1495205617967597,0.957,2.074690034764866,0.36803564685853174,-0.03297723012610704,1.1794879891075398,2.4479208775588317,2073,2003.11.24.16.17.32,96.1038961038961,False,0.06085571505026055
-0.11721020507812499,0.09101850933329855,0.2945,-0.574,0.1485401421944147,0.8684999999999999,1.9868181835787286,0.224118909185256,-0.04818887991589147,1.1805766442927568,2.343772607220668,2074,2003.11.24.16.27.32,96.15027829313544,False,0.07986343476390173
-0.1176471435546875,0.09107574923440243,0.2405,-0.5445,0.1489515019555987,0.7849999999999999,1.6130047147157185,0.20397677958632832,-0.0403480812186859,1.1796081088342174,1.9033950684390426,2075,2003.11.24.16.37.32,96.19666048237477,False,0.0012899752248933805
-0.1169859130859375,0.09109907653351934,0.29400000000000004,-0.603,0.14842894432646886,0.897,1.9794098566093226,0.36779636605838495,-0.07155559476174736,1.1822264981487607,2.340682175583008,2076,2003.11.24.16.47.32,96.24304267161409,False,0.08439567345628596
-0.1176119873046875,0.09146252016950224,0.271,-0.598,0.14915801734522988,0.869,1.8084710283900431,0.19891622321833857,-0.03655805580763409,1.1807895210705734,2.13897164271895,2077,2003.11.24.16.57.32,96.28942486085343,False,0.05061072270102307
-0.11722333984375,0.09194814738826478,0.27349999999999997,-0.6725,0.14919410223260088,0.946,1.8267744765806286,0.2849049761524618,-0.053810954314648766,1.1820477477132048,2.162158550567999,2078,2003.11.24.17.07.32,96.33580705009277,False,0.05698145414358868
-0.1178685791015625,0.0912367454766558,0.2555,-0.6945,0.14925200561531565,0.95,1.7006519586089226,0.2541964290414904,-0.034676808880880775,1.1789359593234248,2.009904587774201,2079,2003.11.24.17.17.32,96.38218923933209,False,0.018167366184387634
-0.11784375,0.09188239880478766,0.28700000000000003,-0.625,0.14959594907655716,0.912,1.9098002241665655,0.29092755701651374,-0.0615398142809582,1.1829398287649966,2.2629608102226246,2080,2003.11.24.17.27.32,96.42857142857143,False,0.0738050520305179
-0.11796633300781251,0.09205739755508727,0.267,-0.592,0.14977625740625744,0.859,1.7761626440304212,0.23642482282701338,-0.06300960076990601,1.1833251981264894,2.1044707951393553,2081,2003.11.24.17.37.32,96.47495361781077,False,0.05782690461609552
-0.117095556640625,0.09097570763122356,0.28600000000000003,-0.5665,0.14844324281630428,0.8524999999999999,1.932464581176943,0.2662119251644708,-0.04565614691300005,1.1809772102241316,2.2790229015856944,2082,2003.11.24.17.47.32,96.5213358070501,False,0.0977586991435071
-0.117318017578125,0.09296084874563315,0.259,-0.6105,0.14980149331804504,0.8694999999999999,1.7246873486684564,0.21596999436922815,-0.042852407299614065,1.183467265302582,2.0426072764426872,2083,2003.11.24.17.57.32,96.56771799628943,False,0.05615808447617121
-0.11795283203125001,0.09211446148240991,0.3075,-0.8029999999999999,0.1498170222393435,1.1105,2.051871314424065,0.4567415692962915,-0.04575314135769171,1.1812759000252664,2.424082903805905,2084,2003.11.24.18.07.32,96.61410018552876,True,-0.044200527168124504
-0.11730839843750002,0.09003861835181748,0.276,-0.5555,0.14800306795594834,0.8315,1.8570730751692468,0.2288599589858995,-0.029564788906088456,1.1784025895452954,2.1921445209098924,2085,2003.11.24.18.17.32,96.66048237476808,False,0.07106659602485665
-0.1177447509765625,0.09085513992788573,0.28700000000000003,-0.592,0.14886277918113783,0.879,1.9275058373344367,0.2528118262045571,-0.04523254058874345,1.1803518261987231,2.275359361603571,2086,2003.11.24.18.27.32,96.70686456400742,False,0.08352106711839158
-0.11713811035156249,0.08947691646617897,0.27349999999999997,-0.5795,0.147546740606549,0.853,1.8524578039977122,0.2014388486051344,-0.029661707940187815,1.178366489777431,2.183399906871048,2087,2003.11.24.18.37.32,96.75324675324676,False,0.07520847421656585
-0.11742314453125,0.09148977627933748,0.255,-0.5575,0.1489843535017638,0.8125,1.7094661711752317,0.150832976768154,-0.02427270105420334,1.1809197376076725,2.019533934132727,2088,2003.11.24.18.47.32,96.79962894248608,False,0.011705832856800935
-0.11755605468750002,0.09127335785384627,0.28,-0.6825,0.14897955199122592,0.9625,1.8846234627043021,0.32055826294572265,-0.06632676615629084,1.1811201724353375,2.223716334496442,2089,2003.11.24.18.57.32,96.84601113172542,False,0.06465797174149779
-0.1167657958984375,0.09158158195762744,0.29200000000000004,-0.5455,0.1485142930187168,0.8374999999999999,1.9632379094399117,0.2680230233872083,-0.050562169935835954,1.1829522269419197,2.3236123403897095,2090,2003.11.24.19.07.32,96.89239332096476,False,0.08373385000739764
-0.1173720703125,0.09220446723576682,0.29300000000000004,-0.642,0.14937114191181294,0.935,1.960978124985017,0.227212741895084,-0.037498311856980694,1.183003844555477,2.3200932966141017,2091,2003.11.24.19.17.32,96.93877551020408,False,0.060316779774196694
-0.117776953125,0.09256334385092449,0.27949999999999997,-0.5885,0.14993393833031687,0.868,1.8572933788965076,0.20595185956654705,-0.0472097928524375,1.1827415511447634,2.1992659147476807,2092,2003.11.24.19.27.32,96.98515769944342,False,0.05368404362484258
-0.11768984375000001,0.09323844674710564,0.2845,-0.6165,0.15030324560598396,0.901,1.8932477176410258,0.2438173136221633,-0.026632075847518265,1.182696191963136,2.238966218303136,2093,2003.11.24.19.37.32,97.03153988868274,False,0.04222374680809837
-0.11761591796875001,0.09212632764896828,0.2895,-0.56,0.14955104497210137,0.8494999999999999,1.9358900884209755,0.21563376976952386,-0.03925091396896456,1.1827326127093531,2.289588008492534,2094,2003.11.24.19.47.32,97.07792207792207,False,0.05798632907714529
-0.1176502685546875,0.09242879301306295,0.336,-0.619,0.14974234635105155,0.955,2.2486448023421204,0.36849530938867936,-0.030309954058838868,1.181427684779678,2.654845523187063,2095,2003.11.24.19.57.32,97.1243042671614,False,0.03482838924025178
-0.1181659423828125,0.09342770990934737,0.28900000000000003,-0.657,0.15080545683259253,0.946,1.9120134530295028,0.26930276448425894,-0.028776571257311673,1.1824447864805778,2.262581177395496,2096,2003.11.24.20.07.32,97.17068645640074,False,0.0349759868287578
-0.1172002197265625,0.09266795970200321,0.29900000000000004,-0.7315,0.14954072100603777,1.0305,2.0061359438764894,0.35496210422574004,-0.038303002860091966,1.1824283734653467,2.369672426453985,2097,2003.11.24.20.17.32,97.21706864564007,True,-0.0033774301375036897
-0.1173436767578125,0.09284385999547178,0.2855,-0.5855,0.14980489198398494,0.871,1.902382657708712,0.2747335740066379,-0.05227401800368567,1.1840469539270682,2.2541146874804836,2098,2003.11.24.20.27.32,97.26345083487941,False,0.08114502935280532
-0.1172677734375,0.0927349219496208,0.31,-0.685,0.14968293159725404,0.9949999999999999,2.062578934480668,0.3752337927868039,-0.045866839930444436,1.183066814109387,2.4435085891182142,2099,2003.11.24.20.37.32,97.30983302411875,False,0.054665232776131
-0.11785144042968751,0.09170404308991725,0.3025,-0.664,0.14949441192642432,0.9665,2.0284739106417975,0.2403057479609776,-0.037486692353616145,1.1819489712226345,2.395252802071364,2100,2003.11.24.20.47.32,97.35621521335807,False,0.036820643012560716
-0.11732958984375,0.09277306402145233,0.3335,-0.5575,0.1497301907381075,0.891,2.2204327538064668,0.3409238573282318,-0.010534947194435882,1.1809162832348057,2.6246765751182703,2101,2003.11.24.20.57.32,97.40259740259741,False,0.021985551704888695
-0.11675920410156249,0.09268774820798222,0.3345,-0.626,0.14923546129877321,0.9605,2.24314981541729,0.3870547030950853,-0.07360751212663412,1.1858147752521673,2.6591602372363186,2102,2003.11.24.21.07.32,97.44897959183673,False,0.05157331788254638
-0.11747844238281249,0.09190065792390395,0.254,-0.6065,0.1493218887261359,0.8605,1.6902363733120196,0.18353164093528895,-0.048512284347423676,1.1822579671387614,2.002902681921621,2103,2003.11.24.21.17.32,97.49536178107606,False,0.047424221870347116
-0.1171490478515625,0.09232872831604479,0.3175,-0.5785,0.14932964073370528,0.896,2.1229988675835516,0.3845975428875432,-0.03839232797679227,1.1830321293483492,2.51306109712689,2104,2003.11.24.21.27.32,97.5417439703154,False,0.06334768072122432
-0.11769326171875,0.09278953624714104,0.34750000000000003,-0.587,0.150031215583696,0.9345,2.3159276149630186,0.358211709846338,-0.054941504227535534,1.1836998634430387,2.741461754426598,2105,2003.11.24.21.37.32,97.58812615955473,False,0.03601972309240531
-0.11719865722656249,0.09125409973283971,0.35750000000000004,-0.621,0.14871812690402608,0.9785,2.4169849609469276,0.2695895222297806,-0.08079640362214566,1.1834296597506695,2.853701104978751,2106,2003.11.24.21.47.32,97.63450834879406,True,-0.01492863905592201
-0.11747248535156252,0.09257915254880414,0.365,-0.599,0.1497271629173567,0.964,2.422799841332006,0.33883310059568394,-0.03660053410137777,1.1831207397993446,2.873129528179028,2107,2003.11.24.21.57.32,97.6808905380334,True,-0.009890396875528618
-0.1170543701171875,0.0915435865603624,0.3135,-0.6505,0.14878887712615374,0.964,2.0962592121583175,0.296688217201613,-0.03927962493313823,1.1811067623405656,2.480625192699276,2108,2003.11.24.22.07.32,97.72727272727273,False,0.059132758072157676
-0.11765322265624999,0.09104822698592002,0.2785,-0.664,0.14892028981508587,0.9425000000000001,1.858351154469489,0.2797566083696188,-0.0562253054914437,1.1812357936128342,2.200282138687702,2109,2003.11.24.22.17.32,97.77365491651206,False,0.07078095015142438
-0.1172573486328125,0.09302805165603167,0.3195,-0.6225,0.14985425706339134,0.9420000000000001,2.1301990619301194,0.23000490704184418,-0.03061837563838797,1.1840683865437276,2.5230958840565156,2110,2003.11.24.22.27.32,97.8200371057514,False,0.05053886095502769
-0.11766645507812501,0.09223854564945085,0.27749999999999997,-0.575,0.14968173908010585,0.8525,1.860216983652808,0.24935556470060805,-0.040453077156323194,1.181663045596132,2.1956277286626804,2111,2003.11.24.22.37.32,97.86641929499072,False,0.07966323964002708
-0.11747514648437499,0.09305994012354538,0.3115,-0.5589999999999999,0.15001291638685782,0.8705,2.0730441660824814,0.1874318352442632,-0.009775090399237477,1.183013870206233,2.4538710529975214,2112,2003.11.24.22.47.32,97.91280148423006,False,0.018247069843105534
-0.11779379882812502,0.09322328568986832,0.2835,-0.5545,0.1503695781027397,0.8380000000000001,1.887335637099626,0.27466032670841156,-0.06199435814415609,1.1843059209139155,2.2344524451044463,2113,2003.11.24.22.57.32,97.95918367346938,False,0.06764748720889735
-0.1173419921875,0.09400975394855116,0.22849999999999998,-0.6054999999999999,0.15050044172563332,0.834,1.515384113478433,0.1794652040945719,-0.034638945694847025,1.1844828152878888,1.796176531920404,2114,2003.11.24.23.07.32,98.00556586270872,True,-0.019350438721979613
-0.1180343017578125,0.09478016857060714,0.28650000000000003,-0.581,0.15155177276564602,0.8675,1.8803800343162325,0.17890342326983388,-0.04425038862890523,1.1858301198937857,2.234266360258365,2115,2003.11.24.23.17.32,98.05194805194806,False,0.032092964597243645
-0.11701166992187499,0.09365354920706905,0.34650000000000003,-0.62,0.15004169192045858,0.9665,2.2950417795155884,0.3926142909529735,-0.024413106022657293,1.183786846355408,2.722985881257424,2116,2003.11.24.23.27.32,98.09833024118738,False,0.013183949209985779
-0.11743435058593751,0.09450178107543189,0.332,-0.638,0.15086598233746853,0.97,2.1880037478328633,0.3374143253006856,-0.020518889114095384,1.184273282177074,2.596378040100661,2117,2003.11.24.23.37.32,98.14471243042672,False,0.025046002756552
-0.1173988525390625,0.09480159232160013,0.29300000000000004,-0.6605,0.1510723302025899,0.9535,1.93439110954114,0.3138705057094391,-0.038554015864614724,1.1865246719926317,2.297466256164496,2118,2003.11.24.23.47.32,98.19109461966605,False,0.06576890922935219
-0.118067529296875,0.09555424234748887,0.3055,-0.687,0.15206660083058626,0.9925,2.0126418974549196,0.30180994479330514,-0.0713345850539239,1.1879837922633696,2.389501273965423,2119,2003.11.24.23.57.32,98.23747680890537,False,0.036151471336311025
-0.11829804687499999,0.09988511395994953,0.2855,-0.6055,0.15498794539311478,0.891,1.8457324128053472,0.2289624680486213,-0.023122518889170617,1.1918281730928326,2.1983826872325634,2120,2003.11.25.10.47.32,98.28385899814471,False,0.017638257097777
-0.1176889404296875,0.10159394945383411,0.3115,-0.6835,0.15565806863622053,0.995,2.000952992915982,0.2885688744674586,-0.009777912648211508,1.1938432846840599,2.38892195166729,2121,2003.11.25.10.57.32,98.33024118738405,True,-0.00100666184887932
-0.11712504882812502,0.10359677048676821,0.322,-0.6325000000000001,0.15656781626528365,0.9545,2.0594903872890415,0.19478946292186805,-0.02953327568023194,1.1994083449516746,2.469119463874038,2122,2003.11.25.11.07.32,98.37662337662337,False,0.011373806683121601
-0.117336865234375,0.10561348993169906,0.337,-0.6114999999999999,0.15803560541111406,0.9485,2.1217686144021037,0.23225209044117867,0.003357963202188838,1.1979780784386629,2.5454989341746046,2123,2003.11.25.11.17.32,98.42300556586271,True,-0.0010495107521394376
-0.1180412109375,0.10822434851332359,0.39649999999999996,-0.6325000000000001,0.16033172179556446,1.029,2.4695990074423477,0.4241695303877133,0.019042706418483078,1.2002685219355107,2.9651213273503503,2124,2003.11.25.11.27.32,98.46938775510205,True,-0.0649353876219817
-0.1176871826171875,0.108203505878704,0.3915,-0.607,0.16005702796249865,0.9984999999999999,2.4361145859553974,0.38864860490619435,0.0003047952129453576,1.2025197736604651,2.932643866192695,2125,2003.11.25.11.37.32,98.51576994434137,True,-0.048313362424441064
-0.11733437499999999,0.10975284868461563,0.41500000000000004,-0.5825,0.16083948270937382,0.9975,2.57770175218107,0.2613437248867476,0.0010898019657046426,1.2028830512792923,3.10149603728137,2126,2003.11.25.11.47.32,98.56215213358071,True,-0.06184630826365389
-0.11708132324218751,0.11107621835353397,0.3625,-0.6065,0.16154424856232297,0.969,2.2331564277499663,0.28757724754488234,0.0137859771407943,1.2030646504624842,2.689246775154924,2127,2003.11.25.11.57.32,98.60853432282003,True,-0.03073972525485169
-0.11783847656250002,0.11282700398295278,0.5065000000000001,-0.5885,0.16334713896992886,1.0950000000000002,3.092506327807366,0.23822595919152167,0.0037282482891884796,1.206673578775225,3.733910783619591,2128,2003.11.25.12.07.32,98.65491651205936,True,-0.12276107632076305
-0.11731884765625,0.11354297660183729,0.36750000000000005,-0.6405,0.16346219540179663,1.008,2.2449948067180414,0.4283471271927548,-0.00721882941043708,1.2094419764575293,2.7162132093730635,2129,2003.11.25.12.17.32,98.7012987012987,True,-0.02948284987372285
-0.118025634765625,0.11371504241815317,0.371,-0.729,0.16410815249325594,1.1,2.262817536807845,0.3771878800962172,-0.004481961329706143,1.2054925744825034,2.7272534683823126,2130,2003.11.25.12.27.32,98.74768089053804,True,-0.0719052667451795
-0.1171140380859375,0.1140578527442709,0.361,-0.735,0.16363670023884386,1.096,2.2032391164099376,0.33918173476981206,0.023279167940740364,1.2065120310967519,2.658933048728125,2131,2003.11.25.12.37.32,98.79406307977736,True,-0.06934412077983831
-0.11739826660156251,0.11615391317808832,0.4505,-0.635,0.16531209895117688,1.0855000000000001,2.714210312870693,0.2954891407996212,0.012545929379973187,1.2086243138512054,3.2831325083419403,2132,2003.11.25.12.47.32,98.8404452690167,True,-0.11480764116699949
-0.11734863281249999,0.12040610598282481,0.391,-0.624,0.16831737176734052,1.015,2.3172208700989776,0.30940092492720095,0.017428277576210432,1.210988205784722,2.8071497235623113,2133,2003.11.25.12.57.32,98.88682745825604,True,-0.03538768188734287
-0.117453662109375,0.12209206927837417,0.4385,-0.6579999999999999,0.16955226162440779,1.0965,2.5760794964902423,0.29558999213318216,0.006602455390350214,1.215304683235201,3.131979560880869,2134,2003.11.25.13.07.32,98.93320964749536,True,-0.09357566228326519
-0.11808195800781252,0.1223136786900792,0.42000000000000004,-0.7164999999999999,0.1701651515558931,1.1364999999999998,2.465531863016639,0.3890549154636358,0.0053642991951884204,1.214162303425066,2.9939823711484834,2135,2003.11.25.13.17.32,98.9795918367347,True,-0.1014368044384677
-0.117405712890625,0.12176793101957421,0.47850000000000004,-0.6455,0.1692922527892332,1.124,2.824254768694459,0.3465876615753902,0.029761678239504735,1.2126515700249483,3.425391977711548,2136,2003.11.25.13.27.32,99.02597402597402,True,-0.11107215687280891
-0.11740732421875,0.12322635619338987,0.394,-0.643,0.17034867152817434,1.037,2.307584135459664,0.3289302488271122,0.06497576063494939,1.2117295535318247,2.7972745497932197,2137,2003.11.25.13.37.32,99.07235621521335,True,-0.06014496169900474
-0.117646044921875,0.12326963516541008,0.4835,-0.608,0.17054901965486297,1.0915,2.8147978085102534,0.346048246285076,0.035787708502332344,1.2141035908363476,3.4207290566953548,2138,2003.11.25.13.47.32,99.11873840445269,True,-0.11676923904563163
-0.11783647460937499,0.12333573745760773,0.4235,-0.6579999999999999,0.17071082251714198,1.0815,2.4790467871183184,0.26791706425323714,0.043261076527031705,1.212306875727459,3.0056583050039256,2139,2003.11.25.13.57.32,99.16512059369202,True,-0.0915261432643254
-0.1178652099609375,0.12724428416583583,0.4505,-0.692,0.1735736077847892,1.1425,2.596336480674199,0.35108072223785003,0.06907734799457826,1.2157220210659703,3.156237895278351,2140,2003.11.25.14.07.32,99.21150278293135,True,-0.09937568468844082
-0.117656005859375,0.12740548735044335,0.526,-0.681,0.17356758488133653,1.2069999999999999,3.0209920506723904,0.3292428910167209,0.07077506013982492,1.214206605494864,3.669460703318785,2141,2003.11.25.14.17.32,99.25788497217069,True,-0.11870492626992868
-0.1176407470703125,0.12653525043543584,0.4455,-0.685,0.17287505971276051,1.1305,2.575191014500897,0.3602122546551345,0.05357623872089336,1.2145606782401224,3.1279909837145174,2142,2003.11.25.14.27.32,99.30426716141002,True,-0.09709075517277455
-0.117613671875,0.1273891811558753,0.4555,-0.6535,0.17350670409965072,1.109,2.615124596739396,0.3327076515878009,0.03784237333400723,1.2176219949879021,3.1863571045791392,2143,2003.11.25.14.37.32,99.35064935064936,True,-0.10335429551500186
-0.1172287353515625,0.12996415823445565,0.45399999999999996,-0.6455,0.17515620779186963,1.0995,2.5883925300946844,0.3787209744991822,0.0404007970782406,1.2189719172279647,3.155889143333391,2144,2003.11.25.14.47.32,99.39703153988869,True,-0.09356054225112886
-0.11722038574218749,0.12771765221904718,0.509,-0.7055,0.1734962047352102,1.2145000000000001,2.9210840248941494,0.43974936788734476,0.02952697917026878,1.2171058601176834,3.558133425257374,2145,2003.11.25.14.57.32,99.44341372912801,True,-0.12285128264692868
-0.1175328369140625,0.12864570258577943,0.4325,-0.704,0.1744195776079737,1.1365,2.462680054401785,0.35727281095103214,0.027144312043616243,1.2184539782662873,3.00634979707527,2146,2003.11.25.15.07.32,99.48979591836735,True,-0.09527913583017367
-0.1175058349609375,0.13059352169370136,0.4225,-0.7275,0.17586992669460244,1.1500000000000001,2.3982311060141295,0.3408008298290426,-0.007139328512669775,1.2231068154541158,2.9344707714770673,2147,2003.11.25.15.17.32,99.53617810760667,True,-0.09402959418614687
-0.117825732421875,0.12988460686979483,0.4905,-0.7555000000000001,0.1755817018678739,1.246,2.8050818478562527,0.358106792272328,0.02705181946595573,1.218407156491084,3.4138817931875862,2148,2003.11.25.15.27.32,99.58256029684601,True,-0.12826161147405835
-0.11734567871093748,0.13190942420573115,0.47950000000000004,-0.7015,0.17675857694791056,1.181,2.6974770524076073,0.3327876468084494,0.008595743377801411,1.2215198590813343,3.3003917523473145,2149,2003.11.25.15.37.32,99.62894248608535,True,-0.11533076642119533
-0.11789716796875001,0.13014490097019996,0.4565,-0.6995,0.17586743268872218,1.156,2.592872984725788,0.35717487429452976,0.046389273971560854,1.218070417261362,3.1591912067457137,2150,2003.11.25.15.47.32,99.67532467532467,True,-0.0989180801953915
-0.1177770263671875,0.13172489455074052,0.42700000000000005,-0.6759999999999999,0.17694853674589384,1.103,2.408475329048783,0.381892105441515,0.0256220149263178,1.2196617321652847,2.9391161204531113,2151,2003.11.25.15.57.32,99.72170686456401,True,-0.08677345984692764
-0.1170507080078125,0.13247172591757905,0.503,-0.6895,0.17704259170837083,1.1925,2.84645446553265,0.3678283216462608,0.0435357475888691,1.220383060800554,3.4719927543539555,2152,2003.11.25.16.07.32,99.76808905380335,True,-0.11578385828602122
-0.11649345703125001,0.15349225079088497,0.5215000000000001,-0.8029999999999999,0.19280969860632163,1.3245,2.7042864472779127,0.354963007209109,-0.0015288309335264663,1.2359293676077547,3.3423288307680563,2153,2003.11.25.23.13.21,99.81447124304268,True,-0.12209507535395059
-0.11824633789062501,0.16061430336321836,0.64,-0.8300000000000001,0.1995406882837561,1.47,3.1944738408004865,0.4764458307789521,0.011193391557502813,1.2409936124492789,3.9649607817129864,2154,2003.11.25.23.19.56,99.860853432282,True,-0.1397904408163726
-0.11820083007812501,0.15196042950297395,0.4635,-0.9055,0.19254937983421755,1.3689999999999998,2.4113901750783477,0.22633921302760873,-0.017368141603000462,1.2355021562192579,2.9778350476729782,2155,2003.11.25.23.29.56,99.90723562152134,True,-0.10388087185529549
-0.1174408447265625,0.17009923103041602,0.609,-0.78,0.2067287040407812,1.389,2.9349703016398876,0.31902815448055,0.029926319702443062,1.241749045419053,3.644465740593977,2156,2003.11.25.23.39.56,99.95361781076066,True,-0.12606553011137045
