reading,bearing1_score,bearing1_anomaly,bearing2_score,bearing2_anomaly,bearing3_score,bearing3_anomaly,bearing4_score,bearing4_anomaly,machine_score,machine_anomaly
1,-0.05064095352128872,True,0.057452558332239945,False,0.11790588346016662,False,0.20813564575530252,False,-0.05064095352128872,True
2,0.06246157998720214,False,0.127802559507723,False,0.09194357398808128,False,0.16928732115957595,False,0.06246157998720214,False
3,0.06276353657162359,False,0.056599002676365306,False,0.09855504769559542,False,0.21753978320330447,False,0.056599002676365306,False
4,0.09996878075670212,False,0.13140277244527265,False,0.12998497896866518,False,0.20078012749702628,False,0.09996878075670212,False
5,0.12994444595344706,False,0.04465028640026214,False,0.13512400417507808,False,0.21615132969377143,False,0.04465028640026214,False
6,0.032398488874402775,False,0.12752474935551938,False,0.19049738814998285,False,0.02343999035998634,False,0.02343999035998634,False
7,0.1304147626485042,False,0.14738807680586136,False,0.11624000547482827,False,-0.04884215705523354,True,-0.04884215705523354,True
8,0.12313380552092168,False,0.10850856645015716,False,0.030786536214417737,False,0.10076099893578316,False,0.030786536214417737,False
9,0.10677430755222339,False,0.06698733461607465,False,0.09528697026997568,False,0.043271378537644734,False,0.043271378537644734,False
10,0.13523593020178287,False,0.059211628736330235,False,0.13346200618861342,False,0.16795082271191447,False,0.059211628736330235,False
11,-0.015823979976151703,True,0.08302751455103935,False,0.08527373391414395,False,0.08886128862251808,False,-0.015823979976151703,True
12,0.08816342784196596,False,0.13091179700549016,False,0.14662631916241609,False,0.1464919084297096,False,0.08816342784196596,False
13,0.06650919462167981,False,0.07808476135957115,False,0.11569989689222593,False,0.16519016048720825,False,0.06650919462167981,False
14,0.10154305830982607,False,0.10837885105291473,False,0.14395179559549098,False,0.18743615391479168,False,0.10154305830982607,False
15,0.05352115768442245,False,0.024760656763923916,False,0.1764307656959378,False,0.18338140887188592,False,0.024760656763923916,False
16,0.11986872717359648,False,0.0468557819509694,False,0.10725909781073073,False,0.20656944032086272,False,0.0468557819509694,False
17,0.12826447559640186,False,0.09309987029514277,False,0.12551012074757212,False,0.1737601778601569,False,0.09309987029514277,False
18,0.07009715042638986,False,-0.031936023251563306,True,0.11604938453099367,False,0.21779165696197944,False,-0.031936023251563306,True
19,0.12850056666607784,False,0.06467646045615894,False,0.1314397300642044,False,0.2305504913272584,False,0.06467646045615894,False
20,0.09180863644967063,False,0.09338642765652438,False,0.1586214201344464,False,-0.053626384178953046,True,-0.053626384178953046,True
21,0.09304146018851289,False,0.1268235011889789,False,0.1465253778477763,False,0.165015263190035,False,0.09304146018851289,False
22,0.14360317604442568,False,0.11679775248028251,False,0.14671605032339785,False,0.20354548189305055,False,0.11679775248028251,False
23,0.07531619738388662,False,0.10463807068044106,False,0.13358623524047025,False,0.2035222394159676,False,0.07531619738388662,False
24,0.012286607116682835,False,0.11442849205157746,False,0.19940237228508612,False,0.11906503731256335,False,0.012286607116682835,False
25,0.07020408797848332,False,-0.0005689171225715661,True,0.16782009074272874,False,-0.05475516708076544,True,-0.05475516708076544,True
26,0.12786167327743037,False,0.057123893038139806,False,0.18389052099872577,False,0.2012387704317502,False,0.057123893038139806,False
27,0.10746427068848957,False,0.09123190390551428,False,0.1466800770253474,False,0.1809983625434347,False,0.09123190390551428,False
28,0.09107081689463326,False,0.10861139396277442,False,0.1844387614005214,False,0.22039349760289206,False,0.09107081689463326,False
29,0.11616050256933991,False,0.14696916118759834,False,0.16815448977131459,False,0.18468789435665012,False,0.11616050256933991,False
30,0.04891363439209073,False,0.0867375974516314,False,0.16527159802269625,False,0.21305116908731225,False,0.04891363439209073,False
31,0.11474488907723412,False,0.08995406511617593,False,0.1990754887263167,False,0.018348430155431084,False,0.018348430155431084,False
32,0.08255073189993356,False,0.0994993880516657,False,0.1954003233115208,False,0.13991933141572765,False,0.08255073189993356,False
33,0.13329892348429573,False,0.1347861176230165,False,0.1201763612282497,False,0.15407881271462687,False,0.1201763612282497,False
34,0.12865310631817573,False,0.08905207351879102,False,0.17272046302247346,False,0.2024959916771038,False,0.08905207351879102,False
35,0.15860150297862213,False,0.06845184882620603,False,0.1300608222799145,False,0.18460743544058628,False,0.06845184882620603,False
36,0.10969269906821527,False,0.10697367924072937,False,0.16729058136251052,False,0.20559687549993388,False,0.10697367924072937,False
37,0.10387572546691737,False,0.116406799462408,False,0.1347765747511624,False,0.03647159153414414,False,0.03647159153414414,False
38,0.03453511141727261,False,0.09741135786676969,False,0.16673201020623823,False,0.20364797892115405,False,0.03453511141727261,False
39,0.08749882617999782,False,0.1173276796892328,False,0.06536822644068252,False,0.19776033609605242,False,0.06536822644068252,False
40,0.12555901346734039,False,0.15017008169657342,False,0.1720664077024791,False,0.08582135186513262,False,0.08582135186513262,False
41,0.09476181831212455,False,0.04717211381693087,False,0.12718929150412767,False,0.2021397629072026,False,0.04717211381693087,False
42,0.10399229274832666,False,0.001327473286000247,False,0.14783415239587605,False,-0.01177041433019932,True,-0.01177041433019932,True
43,0.06356156663119406,False,0.03931212886687063,False,0.05174883405183894,False,0.12487089457099343,False,0.03931212886687063,False
44,0.06581994164717286,False,0.09856355205832434,False,0.19209528197582515,False,0.2062200376880574,False,0.06581994164717286,False
45,0.1012360944953965,False,0.15259063349413937,False,0.022789783717595657,False,0.19476468533244495,False,0.022789783717595657,False
46,0.13866996222172773,False,0.11705144866512096,False,0.18019276905934212,False,0.1705932055094158,False,0.11705144866512096,False
47,0.0038920294103299558,False,0.12516116584041226,False,0.15583440612734462,False,0.1472741905660433,False,0.0038920294103299558,False
48,0.0576176378060429,False,0.0809728210123094,False,0.16727358666547165,False,0.1900861527396266,False,0.0576176378060429,False
49,0.10585348490282542,False,0.10495948667535615,False,0.1627754630867802,False,0.18875071339028948,False,0.10495948667535615,False
50,-0.004111133790864141,True,0.1441022279086177,False,0.15900235765681198,False,0.24170551166851806,False,-0.004111133790864141,True
51,0.10611906262018622,False,0.16362416772452154,False,0.19693883242667587,False,0.23819171789128474,False,0.10611906262018622,False
52,0.15555214768205272,False,0.055135481635659844,False,0.17913225998670268,False,0.20682029345607317,False,0.055135481635659844,False
53,0.143035165787958,False,0.09159982663987054,False,0.19877320666382353,False,0.2214554316740701,False,0.09159982663987054,False
54,0.09516757385128327,False,0.08174198567446189,False,0.07448032979285646,False,0.2081930286828924,False,0.07448032979285646,False
55,0.14373812894504323,False,0.11093015964248987,False,0.17339523961072806,False,0.09692297744424039,False,0.09692297744424039,False
56,0.10607441265299511,False,0.10383057864437129,False,0.15794371111178995,False,0.1682175175012932,False,0.10383057864437129,False
57,0.09074177798757277,False,0.11022280044040617,False,0.16893998524148818,False,0.22419717813892742,False,0.09074177798757277,False
58,0.09615488286788682,False,0.05957238023560496,False,0.0771343015970587,False,0.1990506521942199,False,0.05957238023560496,False
59,0.06374035645847242,False,0.0063102553363113545,False,0.020067879282769763,False,0.22207219769908854,False,0.0063102553363113545,False
60,-0.0042358267660684845,True,0.07983351539467015,False,0.026055296437365705,False,0.2121798208225808,False,-0.0042358267660684845,True
61,0.1610520281903548,False,0.13524363336791612,False,0.11693878965051074,False,0.20291358074318405,False,0.11693878965051074,False
62,0.08271186891197113,False,0.09579004282404563,False,0.15000887598695056,False,0.19047187950483802,False,0.08271186891197113,False
63,0.14540674535218118,False,0.10612584493094057,False,0.160598955866454,False,0.23380454217510732,False,0.10612584493094057,False
64,0.13807719916911015,False,0.1279612837739213,False,0.15272220721917268,False,0.2364210165070622,False,0.1279612837739213,False
65,0.1538090684139775,False,0.1353658421071683,False,0.1971912284631568,False,0.19771449811397196,False,0.1353658421071683,False
66,0.13498891961449322,False,0.11982374606336421,False,0.10982643670999248,False,0.24297341024329083,False,0.10982643670999248,False
67,0.1286793712126183,False,0.09749476415907843,False,0.16288852333185472,False,0.21561352980908316,False,0.09749476415907843,False
68,0.1622056083660558,False,0.15384500461279227,False,0.11915908259270014,False,0.21560838271708171,False,0.11915908259270014,False
69,0.1120263512702393,False,0.1393892574066954,False,0.10795829311672012,False,0.2209966802137952,False,0.10795829311672012,False
70,0.12443422209538785,False,0.05168429948942821,False,0.1443346602032104,False,0.19529010420417764,False,0.05168429948942821,False
71,0.153804494468603,False,0.09524585102144789,False,0.09598923337474308,False,0.22404490297604374,False,0.09524585102144789,False
72,0.15218075926917812,False,0.118284798103518,False,0.13858878795253105,False,0.2026621263388631,False,0.118284798103518,False
73,0.15316788850280016,False,0.07375518803920267,False,0.1454605871839536,False,0.11763732075864952,False,0.07375518803920267,False
74,0.12933398231278825,False,0.14332993973657393,False,0.18271432694984935,False,0.22101224986061607,False,0.12933398231278825,False
75,0.14093154361784072,False,0.12570814087490995,False,0.1158168607109864,False,0.17686457727066907,False,0.1158168607109864,False
76,0.134634919866641,False,0.15853790106018628,False,0.1675817006950877,False,0.235706836447153,False,0.134634919866641,False
77,0.0004921126469916715,False,0.06523710294765539,False,0.18802372764359065,False,0.24327545405827966,False,0.0004921126469916715,False
78,0.16084626336150132,False,0.1367514635211804,False,0.18754509969265487,False,0.20180433642681678,False,0.1367514635211804,False
79,0.15892326461863476,False,0.10522472716881354,False,0.18390943212871314,False,0.20087794954567811,False,0.10522472716881354,False
80,0.1570350670340258,False,0.11831761362945975,False,0.15909703811426396,False,0.2167892328032519,False,0.11831761362945975,False
81,0.1486204577267496,False,0.09187606646461371,False,0.15946990449670284,False,0.20095754855079656,False,0.09187606646461371,False
82,0.16257991478650574,False,0.08440988981132835,False,0.06974635202680857,False,0.21224123541995038,False,0.06974635202680857,False
83,0.008497574479893633,False,0.13731910249023765,False,0.15696636983395318,False,0.13879000443111833,False,0.008497574479893633,False
84,0.1573033725913054,False,0.12146991715388494,False,0.18236304204242093,False,0.22963595634051853,False,0.12146991715388494,False
85,0.1288137983689699,False,0.11623561890209427,False,0.1698675970023079,False,0.2201593089463647,False,0.11623561890209427,False
86,0.08138613448581267,False,0.0032833537388986533,False,0.1350840730245917,False,0.22288378573511697,False,0.0032833537388986533,False
87,0.17050333635881276,False,0.11762069194278219,False,0.16710254216913561,False,0.18246826963928148,False,0.11762069194278219,False
88,0.01774154527306604,False,0.06594651907011162,False,0.11790515428096449,False,0.23022194985543676,False,0.01774154527306604,False
89,0.1407562278280755,False,0.14479249290198892,False,0.144754149283094,False,0.20745224870018175,False,0.1407562278280755,False
90,0.11116636057091761,False,0.1188731699603322,False,0.18998661693275964,False,0.21706641228483342,False,0.11116636057091761,False
91,0.095969196220282,False,0.12100102990083417,False,0.044557392423590914,False,0.1775694992481161,False,0.044557392423590914,False
92,0.1391722673801299,False,0.1173194286537006,False,0.1956703687804891,False,0.22455246983500787,False,0.1173194286537006,False
93,0.09956072888857226,False,0.12250991482921803,False,0.18042464634687755,False,0.23768234840281915,False,0.09956072888857226,False
94,0.12726236362051496,False,0.12744109307428575,False,0.18820159466710734,False,0.1963175662212177,False,0.12726236362051496,False
95,0.10196120953970972,False,0.09096339923431557,False,0.16913804286464157,False,0.22252282472156248,False,0.09096339923431557,False
96,0.10211610652391984,False,0.051277229907163324,False,0.1791328696931032,False,0.17249384874059326,False,0.051277229907163324,False
97,0.14651535093524637,False,0.09851319425182947,False,0.17390294343756896,False,0.20692352032942213,False,0.09851319425182947,False
98,0.09634042706672097,False,0.1377665795254947,False,0.11302615828986462,False,0.212572068001599,False,0.09634042706672097,False
99,0.15572159668066615,False,0.10139808544674916,False,0.16954100903369163,False,0.15910426845306136,False,0.10139808544674916,False
100,0.10698597507551372,False,0.11656494810175116,False,0.18021960853964886,False,0.24113100913606944,False,0.10698597507551372,False
101,0.031831024682598574,False,0.14573836083475183,False,0.07229704329688269,False,0.20645573471651085,False,0.031831024682598574,False
102,0.13648324708994974,False,0.11126269691511848,False,0.15105454093287263,False,0.10964486415671826,False,0.10964486415671826,False
103,0.15366600496746807,False,0.1315457583555229,False,0.12411698898195733,False,0.19025442662492087,False,0.12411698898195733,False
104,0.138264707660265,False,0.10285221036593101,False,0.1863058512710863,False,0.23007165737317037,False,0.10285221036593101,False
105,0.14265481245088696,False,0.0706168446495895,False,0.15404341697533475,False,0.23616287854909152,False,0.0706168446495895,False
106,0.13714167493475143,False,0.005295871388825479,False,0.18686025941020962,False,0.23098535570024076,False,0.005295871388825479,False
107,0.11899107484822041,False,0.13828991299889326,False,0.18022003787707436,False,0.20268430503448587,False,0.11899107484822041,False
108,0.15640300151017794,False,0.07129357262517277,False,0.1345515933276608,False,0.20395473742113773,False,0.07129357262517277,False
109,0.14723357003117787,False,0.022030013831918382,False,0.18561065399845067,False,0.1021260827140209,False,0.022030013831918382,False
110,0.08725387282599661,False,0.0533039213440103,False,0.09422368702202233,False,0.17404716072776827,False,0.0533039213440103,False
111,0.13879304253078018,False,0.12681692748975493,False,0.17898727973392486,False,0.2235579782264821,False,0.12681692748975493,False
112,0.12358559575494449,False,0.14476601292904628,False,0.17773457068593773,False,0.21174637358339787,False,0.12358559575494449,False
113,0.06039497465509447,False,0.13289311918538116,False,0.11014224961423402,False,0.19621112887756376,False,0.06039497465509447,False
114,0.164782950736657,False,0.14456960685991072,False,0.14904432090296288,False,0.23727326060581955,False,0.14456960685991072,False
115,0.13712460561141082,False,0.14321995866931292,False,0.12849638701123195,False,0.1719147857043219,False,0.12849638701123195,False
116,0.1760321810601157,False,0.1644488333911544,False,0.17495786901992555,False,0.20243992622384765,False,0.1644488333911544,False
117,0.10211813361015781,False,0.136216915525197,False,0.10048650051590247,False,0.10578047926448197,False,0.10048650051590247,False
118,0.13154894772620102,False,0.0689337375691026,False,0.1145613843737664,False,0.23658972655506205,False,0.0689337375691026,False
119,0.1439606316636557,False,0.16468573636714495,False,0.19001113110648127,False,0.19311380160254676,False,0.1439606316636557,False
120,0.1711646985215466,False,0.035054985686446716,False,0.19074174166622537,False,0.20532504597318085,False,0.035054985686446716,False
121,0.14385938665854836,False,0.1434819373191502,False,0.18120774381748977,False,0.24700152300182493,False,0.1434819373191502,False
122,0.11854103065395788,False,0.1597400959747743,False,0.19439389901024495,False,0.23506956247425403,False,0.11854103065395788,False
123,0.12014008715972052,False,0.07956850667573706,False,0.08019193067149821,False,0.22976647180363113,False,0.07956850667573706,False
124,0.08477125772329774,False,0.14908471894381153,False,0.19502619206426364,False,0.10477580691210997,False,0.08477125772329774,False
125,0.15714011244116327,False,0.12888017402881774,False,0.17870914477277383,False,0.23369859806407334,False,0.12888017402881774,False
126,0.09537542410845323,False,0.12631435984338546,False,0.1635247954181177,False,0.20641620326469362,False,0.09537542410845323,False
127,0.14511572594769762,False,0.09786324270513053,False,0.19095301902201245,False,0.21004250034591826,False,0.09786324270513053,False
128,0.12959149732525416,False,0.09677294728042796,False,0.08023573289319197,False,0.22244790855734464,False,0.08023573289319197,False
129,0.13059676777032486,False,0.12667454393638666,False,0.16398755040124074,False,0.22014235393515175,False,0.12667454393638666,False
130,0.1451367486146823,False,0.1130116869147032,False,0.16444056221358677,False,0.16680042313463234,False,0.1130116869147032,False
131,0.10314257461129506,False,0.07266145951071112,False,0.1886244203125496,False,0.19349172029968315,False,0.07266145951071112,False
132,0.07734029253734764,False,0.02919899771313983,False,0.10588863390997372,False,0.2195741637455788,False,0.02919899771313983,False
133,0.10968000115639803,False,0.09000571016270764,False,0.06484197822954674,False,0.18872526646637588,False,0.06484197822954674,False
134,0.1596860744478253,False,0.13171367119100647,False,0.186381540843296,False,0.2425295638552311,False,0.13171367119100647,False
135,0.14828234006951524,False,0.04667661431489589,False,0.16848153237879432,False,0.1943618613636397,False,0.04667661431489589,False
136,0.07872928314331828,False,0.05168517381345661,False,0.18662501486131688,False,0.2076580189942172,False,0.05168517381345661,False
137,0.1619938245598314,False,0.10171422741605574,False,-0.024392382303203064,True,0.22871157125626096,False,-0.024392382303203064,True
138,0.135252131291068,False,0.15134734751782147,False,0.08764710623312233,False,0.11900885026941055,False,0.08764710623312233,False
139,0.1094177480980032,False,0.0960341083555733,False,0.1780124895366338,False,0.21943515904948868,False,0.0960341083555733,False
140,0.04475033733753764,False,0.020850101007347188,False,0.18419049198330595,False,0.21731675858216515,False,0.020850101007347188,False
141,0.12650933161411682,False,0.14935115699536933,False,0.13065720738914444,False,0.1359278813124538,False,0.12650933161411682,False
142,0.15060759067422647,False,0.08353084241334835,False,0.1596339358330089,False,0.2185917500335562,False,0.08353084241334835,False
143,0.12109905904084722,False,0.09869405364075312,False,0.18286040172933882,False,0.23201524433026305,False,0.09869405364075312,False
144,0.13713313195265486,False,0.14478315083851317,False,0.05738806597934132,False,0.22048543995685066,False,0.05738806597934132,False
145,0.14241991722150754,False,0.14450630982381102,False,0.14871335211009384,False,0.241828918658828,False,0.14241991722150754,False
146,0.1249722930608343,False,0.10682654086619009,False,0.11415465553883408,False,0.19822109308717828,False,0.10682654086619009,False
147,0.12795076999137012,False,0.1160322081907213,False,0.15992574384034658,False,0.20698355720720335,False,0.1160322081907213,False
148,0.10005330421797243,False,0.04562880326116037,False,0.17400165146983937,False,0.1919420726455715,False,0.04562880326116037,False
149,0.12560003123131847,False,0.1277377252179045,False,0.18619074011405268,False,0.22395222397875753,False,0.12560003123131847,False
150,0.16970766073964189,False,0.11151838104529455,False,0.1363305622780303,False,0.15473767913118924,False,0.11151838104529455,False
151,0.08891406882674269,False,0.0942178969514702,False,0.1548942738577978,False,0.22875050661683427,False,0.08891406882674269,False
152,0.13932961277180195,False,0.07733445149451923,False,0.16920949128044865,False,0.18755224233621265,False,0.07733445149451923,False
153,0.15301763634151716,False,0.07626848134406128,False,0.1647801221798892,False,0.21666679729528915,False,0.07626848134406128,False
154,0.12308040305750845,False,0.06806139490399632,False,0.18357060262096964,False,0.1996212096593955,False,0.06806139490399632,False
155,0.17681488915319582,False,0.0652955160366524,False,0.105920886693743,False,0.19228319467256338,False,0.0652955160366524,False
156,0.12128308060848253,False,0.11759823665461477,False,0.05934273319775529,False,0.04218448603497915,False,0.04218448603497915,False
157,0.06518442665317625,False,0.06539826228021528,False,0.21152027474186624,False,0.20312720577172105,False,0.06518442665317625,False
158,0.11670563833627162,False,0.15224729040524404,False,0.10335875085994595,False,0.1940230424617585,False,0.10335875085994595,False
159,0.17704001289395394,False,0.10259323594809416,False,0.1346490301843853,False,0.22073193515657058,False,0.10259323594809416,False
160,0.0759796758888106,False,-0.00467820463930968,True,0.0798564061786795,False,0.20079992610271852,False,-0.00467820463930968,True
161,0.16375752447104802,False,0.05899933764620846,False,0.07866564510429863,False,0.20572468341293854,False,0.05899933764620846,False
162,0.12279671791149044,False,0.10801610564995245,False,0.10580898829548468,False,0.21997794417061184,False,0.10580898829548468,False
163,0.09487338980154847,False,-0.024597510794064026,True,0.19336782158894622,False,-0.00023686606840511715,True,-0.024597510794064026,True
164,0.16783827955777053,False,0.15608631851131816,False,0.15450044938397378,False,0.19627103531975937,False,0.15450044938397378,False
165,0.1384575958333547,False,0.14816331467073296,False,0.16965871006474575,False,0.2073850561895128,False,0.1384575958333547,False
166,0.039773847426331055,False,0.10844869769610777,False,0.1966479841198137,False,0.22903339580450294,False,0.039773847426331055,False
167,0.14116130178145192,False,0.15351389456837555,False,0.14575557317482368,False,0.13068832736954017,False,0.13068832736954017,False
168,0.15529897990410468,False,0.15121846721638815,False,0.21584966224218932,False,0.22149727182293422,False,0.15121846721638815,False
169,0.16920740529951472,False,0.13918523613267547,False,0.20973753156545671,False,0.21970844672317574,False,0.13918523613267547,False
170,0.1329216986438861,False,0.14719779765539798,False,0.09928922264886231,False,0.22128602979205647,False,0.09928922264886231,False
171,0.08536674626293916,False,0.17521162891384873,False,0.16239424777664696,False,0.19921430880284857,False,0.08536674626293916,False
172,0.14472351588801802,False,0.12830599146038918,False,0.1939700937616285,False,0.24174224569053399,False,0.12830599146038918,False
173,0.05056594481980892,False,0.1349063133355115,False,0.17655946844900683,False,0.21626077390891646,False,0.05056594481980892,False
174,0.15103276930654264,False,0.1590864460471198,False,0.1913706936214537,False,0.20981779842204923,False,0.15103276930654264,False
175,0.06336935183097181,False,0.15173913012944695,False,0.1778560618057759,False,0.2321050602619566,False,0.06336935183097181,False
176,0.17158877295304248,False,0.164709620038812,False,0.2132790382253153,False,0.22793882880991018,False,0.164709620038812,False
177,0.12255119365503375,False,0.1743900036518244,False,0.10738298329796281,False,0.21672979077123683,False,0.10738298329796281,False
178,0.14120185821312659,False,0.16610772213325342,False,0.221105692834014,False,0.15895133114856186,False,0.14120185821312659,False
179,0.15611629887603834,False,0.15291069001614455,False,0.18375334391547032,False,0.20293440717933592,False,0.15291069001614455,False
180,0.03793362685221391,False,0.14860262993573747,False,0.19616171096873297,False,0.20317061739256748,False,0.03793362685221391,False
181,0.053716713933582905,False,0.13803935353457358,False,0.2053359801229115,False,0.24692254175150885,False,0.053716713933582905,False
182,0.034410638919721404,False,0.13189025000961113,False,0.2147446746173849,False,0.18582047264297824,False,0.034410638919721404,False
183,0.09268916319347753,False,0.14331233180767589,False,0.219747575242084,False,0.2416610985874728,False,0.09268916319347753,False
184,0.07423194777275688,False,0.1602063098940097,False,0.18447217251960502,False,0.23053096388519195,False,0.07423194777275688,False
185,0.10802194674124799,False,0.11629263752706587,False,0.16319808200081048,False,0.22129223799011777,False,0.10802194674124799,False
186,0.09331576952733045,False,0.14577214507509512,False,0.2155626321132898,False,0.2137893102242059,False,0.09331576952733045,False
187,0.10280754693449279,False,0.1601083430485457,False,0.13560638571063888,False,0.2385487281433823,False,0.10280754693449279,False
188,0.13768164836557711,False,0.1332015732376683,False,0.20550766099829038,False,0.1308901033868176,False,0.1308901033868176,False
189,0.07808760687130323,False,0.10859106487022152,False,0.1693409068646991,False,0.23140576534287466,False,0.07808760687130323,False
190,0.10579551863399927,False,0.16712628821298603,False,0.12055259259315698,False,0.23506185205804647,False,0.10579551863399927,False
191,0.11580409861925073,False,0.16754819649752684,False,0.17585460945403136,False,0.22228182574174515,False,0.11580409861925073,False
192,0.03764161416458234,False,0.15374158386988596,False,0.17685213741845185,False,0.23981348321432072,False,0.03764161416458234,False
193,0.09707853357757135,False,0.14245216171258424,False,0.18354879582087819,False,0.2126574274674295,False,0.09707853357757135,False
194,0.10307944168170735,False,0.13566398394288326,False,0.2294685059586743,False,0.24975875962659277,False,0.10307944168170735,False
195,0.077225764586068,False,0.09717651785331427,False,0.1905390673745213,False,0.18429008124148938,False,0.077225764586068,False
196,0.04401951211729338,False,0.16541130708695956,False,0.2275304203579095,False,0.25170635014633413,False,0.04401951211729338,False
197,0.06510151244905793,False,0.12344004425437316,False,0.21720237276427012,False,0.16127496007786668,False,0.06510151244905793,False
198,0.10426369508950833,False,0.11315657036862464,False,0.22855283789117553,False,0.23050376037494563,False,0.10426369508950833,False
199,0.07807548216527815,False,0.1619127961408411,False,0.20341115051893666,False,0.24482550769613404,False,0.07807548216527815,False
200,0.07952166395171101,False,0.13036419028412738,False,0.20725011486969158,False,0.24318397361296407,False,0.07952166395171101,False
201,0.126924186999265,False,0.13250290016970034,False,0.18004039510528486,False,0.22271603710989862,False,0.126924186999265,False
202,0.10741056783867037,False,0.09795271895945662,False,0.14810708779793796,False,0.23324571493602558,False,0.09795271895945662,False
203,0.1342869403706367,False,0.029848284757925447,False,0.19766692436399907,False,0.1947538845515578,False,0.029848284757925447,False
204,0.0961867239950937,False,0.06445908636422515,False,0.18891844656743845,False,0.22724890116247398,False,0.06445908636422515,False
205,0.029798381808822882,False,0.15862316624849127,False,0.19423734015548139,False,0.25320214368295707,False,0.029798381808822882,False
206,0.08348348623343982,False,0.1708896308852998,False,0.19063966785945524,False,0.1750151241086073,False,0.08348348623343982,False
207,0.15771163840102337,False,0.14426677000599802,False,0.01073915392282443,False,0.16587964072953265,False,0.01073915392282443,False
208,0.13344516833670822,False,0.12130092022010425,False,0.22478195767635678,False,0.2508127403891406,False,0.12130092022010425,False
209,0.15800747867362108,False,0.17222871522088623,False,0.1917392747925759,False,0.24850582837230262,False,0.15800747867362108,False
210,0.1644564148777678,False,0.1511549125768959,False,0.22125127553901852,False,0.17159105754963194,False,0.1511549125768959,False
211,0.16063373400098035,False,0.18227958628519614,False,0.20737559549586487,False,0.23887294574440332,False,0.16063373400098035,False
212,0.08964662767476472,False,0.12194892256333684,False,0.13882136385028043,False,0.23096903404226377,False,0.08964662767476472,False
213,0.1173059052922622,False,0.038563516998431746,False,0.20489180065361018,False,0.21855578634837836,False,0.038563516998431746,False
214,0.1585564601767342,False,0.07793564833311051,False,0.1840971399381346,False,0.24365490665171013,False,0.07793564833311051,False
215,0.10357434091194245,False,0.161303132680584,False,0.19384120045747388,False,0.19295983267871053,False,0.10357434091194245,False
216,0.10290097479450527,False,0.12960185072426628,False,0.19012857654488996,False,0.242619265673565,False,0.10290097479450527,False
217,0.17186155380919826,False,0.15466688375900495,False,0.1930360933611241,False,0.19446281801667714,False,0.15466688375900495,False
218,0.13716501682160864,False,0.04946236236712542,False,0.13328831585916784,False,0.22946427583113016,False,0.04946236236712542,False
219,0.05317108869404075,False,0.11499247841918481,False,0.21807363670324514,False,0.19357622263473617,False,0.05317108869404075,False
220,0.16789674096498636,False,0.15009281717478629,False,0.22701490979946293,False,0.23763614739379757,False,0.15009281717478629,False
221,0.1444860476784609,False,0.15079944162108494,False,0.21952579939989098,False,0.23464047520710885,False,0.1444860476784609,False
222,0.17481444064479212,False,0.16800352044901107,False,0.1384664582628216,False,0.19892063594037146,False,0.1384664582628216,False
223,0.17992501811230371,False,0.11745387559910925,False,0.20282606968545197,False,0.2435740873715444,False,0.11745387559910925,False
224,0.1652772639900057,False,0.1283013951084505,False,0.2189390094543437,False,0.2049780932981617,False,0.1283013951084505,False
225,0.1327724855702439,False,0.16997883890329474,False,0.16869289200772508,False,0.1558685711825648,False,0.1327724855702439,False
226,0.16586617454209923,False,0.16133762457291084,False,0.2033832299092651,False,0.21299427757982342,False,0.16133762457291084,False
227,0.1624628476652486,False,0.10906353875312996,False,0.20545865948380526,False,0.20369526081697525,False,0.10906353875312996,False
228,0.171450461250091,False,0.17351118177343128,False,0.22811339802280617,False,0.21043459162774591,False,0.171450461250091,False
229,0.13295997260532072,False,0.17556664228010294,False,0.19551164973855778,False,0.2435947741882769,False,0.13295997260532072,False
230,0.1712587680155842,False,0.1726031364857688,False,0.19803077770113214,False,0.22432611122691026,False,0.1712587680155842,False
231,0.08192868090490935,False,0.13196245926437183,False,0.1981519815551041,False,0.24069199574762823,False,0.08192868090490935,False
232,0.16173470130548934,False,0.14867575178185038,False,0.18945628291948707,False,0.23171617167268915,False,0.14867575178185038,False
233,0.178870559667482,False,0.09987629118795394,False,0.18039402766960355,False,0.25041343878208305,False,0.09987629118795394,False
234,0.11434574060928826,False,0.12399239814147245,False,0.21865084176902516,False,0.17834170619525835,False,0.11434574060928826,False
235,0.1320472129526562,False,0.08434753531505346,False,0.20905327774331456,False,0.24170889396216794,False,0.08434753531505346,False
236,0.16538427624542024,False,0.11573675684332102,False,0.19736765952924862,False,0.1840147964662554,False,0.11573675684332102,False
237,0.1820349000863386,False,0.17525254711721522,False,0.14685293878672756,False,0.2337554128531666,False,0.14685293878672756,False
238,0.2020721795019942,False,0.14635718575336065,False,0.18544769770623454,False,0.17506173942800896,False,0.14635718575336065,False
239,0.13659797258013667,False,0.1650097215334294,False,0.2170531071824361,False,0.2333082140617172,False,0.13659797258013667,False
240,0.18693349802311515,False,0.12892121459933098,False,0.07972425044389297,False,0.08298351379026347,False,0.07972425044389297,False
241,0.2028821222334362,False,0.16848752947737722,False,0.11903506292045607,False,0.25044795939587083,False,0.11903506292045607,False
242,0.19625841824022466,False,0.18150107852006803,False,0.18610564133946672,False,0.2550418543447243,False,0.18150107852006803,False
243,0.2107953027002457,False,0.15668637414032188,False,0.1988176882305569,False,0.19839836898379548,False,0.15668637414032188,False
244,0.17405468763536996,False,0.14330054452547175,False,0.16312029491948737,False,0.21160541329818977,False,0.14330054452547175,False
245,0.17459167229232192,False,0.11955912816586534,False,0.20219793452586293,False,0.15651038792329236,False,0.11955912816586534,False
246,0.18421672858254273,False,0.13420413853888324,False,0.15433192796538026,False,0.21585800631164787,False,0.13420413853888324,False
247,0.09115965087150801,False,0.14594116266127377,False,0.039709529513655695,False,0.20840284323976682,False,0.039709529513655695,False
248,0.15729430344967654,False,0.18248086263339264,False,0.2271435766417474,False,0.24503867983733563,False,0.15729430344967654,False
249,0.17525948266145974,False,0.13576589951780216,False,0.2121829538479118,False,0.2250987014495185,False,0.13576589951780216,False
250,0.1639348544603147,False,0.15271845934439876,False,-0.0028345970305766466,True,0.19669228405260192,False,-0.0028345970305766466,True
251,0.183250898632982,False,0.15999315166793893,False,0.18981367055817866,False,0.1333038105209402,False,0.1333038105209402,False
252,0.17419162902846058,False,0.1676813138687968,False,0.18099139901046957,False,0.26742439472296287,False,0.1676813138687968,False
253,0.19331734239224402,False,0.17120725913469226,False,0.19434679771701935,False,0.1241562949697882,False,0.1241562949697882,False
254,0.19487883173163295,False,0.07232114112198007,False,0.17444569915138108,False,0.2526890060550214,False,0.07232114112198007,False
255,0.19347306847798562,False,0.1401387502010369,False,0.19760748417044294,False,0.21052394370448319,False,0.1401387502010369,False
256,0.18232499327573348,False,0.1473270866276869,False,0.18359690705829262,False,0.18943834681926147,False,0.1473270866276869,False
257,0.20015835074850213,False,0.16230526779453675,False,0.2319904768434486,False,0.2594995374159529,False,0.16230526779453675,False
258,0.197541978488327,False,0.11505996714823535,False,0.18329434719970034,False,0.1940034644386776,False,0.11505996714823535,False
259,0.19359346320576154,False,0.10279736424325808,False,0.18537039748684164,False,0.17065303785038188,False,0.10279736424325808,False
260,0.15328108546143732,False,0.07389749615366537,False,0.1018171121015613,False,0.2120174235745676,False,0.07389749615366537,False
261,0.17214095184011474,False,0.08024676660369984,False,0.18823449591308355,False,0.23945013011871447,False,0.08024676660369984,False
262,0.17171596806843775,False,0.16025088077508132,False,0.12468128402313666,False,0.2557830584970907,False,0.12468128402313666,False
263,0.19705558387934508,False,0.12971461995281441,False,-0.044744671803699676,True,0.22407902752558212,False,-0.044744671803699676,True
264,0.11030658277009292,False,0.12806747249396794,False,0.18549881464703616,False,0.24701707852376803,False,0.11030658277009292,False
265,0.18963950830189813,False,0.12549332719062034,False,0.22436759257909733,False,0.2562864052679011,False,0.12549332719062034,False
266,0.20737910171201418,False,0.1683137537812492,False,0.21107013963372578,False,0.2108904951062836,False,0.1683137537812492,False
267,0.1666610424216119,False,0.14140287384992206,False,0.13165415047494944,False,0.16593459017856943,False,0.13165415047494944,False
268,0.16856309690050758,False,0.1443858913347903,False,0.11591109120482557,False,0.25247851932767884,False,0.11591109120482557,False
269,0.1366941964818253,False,0.1472556228278924,False,0.211259572048469,False,0.26740438040600845,False,0.1366941964818253,False
270,0.1706199697612057,False,0.16240658687550197,False,0.17594247406262337,False,0.1692243611796117,False,0.16240658687550197,False
271,0.17223324947234042,False,0.1419660074193972,False,0.22909658028837626,False,0.2564707398959581,False,0.1419660074193972,False
272,0.20767759428750004,False,0.14511184055641513,False,0.21693967295146876,False,0.17736115380711676,False,0.14511184055641513,False
273,0.15139198002533627,False,0.14728588331382908,False,0.22898692782294072,False,0.251219947944606,False,0.14728588331382908,False
274,0.2111473677328139,False,0.1691407169705717,False,0.1847937573576287,False,0.25795731780583264,False,0.1691407169705717,False
275,0.15801945095161357,False,0.060433461779688336,False,0.1756157883612126,False,0.2265330750091969,False,0.060433461779688336,False
276,0.13309820972606684,False,0.11124735235822475,False,0.21840129376894246,False,0.1569448441364526,False,0.11124735235822475,False
277,0.08907596105083282,False,0.06226095140687571,False,0.16045366128079175,False,0.20932205975426238,False,0.06226095140687571,False
278,0.17216696275719995,False,0.12142642289375832,False,0.22521810992870311,False,0.2654708311441759,False,0.12142642289375832,False
279,0.17510326346045085,False,0.0879408197161608,False,0.1992337500712022,False,0.23409029021135547,False,0.0879408197161608,False
280,0.15052342468628582,False,0.1696363116948157,False,0.20354231037204829,False,0.260894390542855,False,0.15052342468628582,False
281,0.21247049999908996,False,0.15137848267075832,False,0.11889602466949067,False,0.2201177319603811,False,0.11889602466949067,False
282,0.19625205166147403,False,0.17086647676725691,False,0.18203007354441308,False,0.14252874499300255,False,0.14252874499300255,False
283,0.05299777827083896,False,0.14752861957517904,False,0.1799714368521892,False,0.1974504682434448,False,0.05299777827083896,False
284,0.19890522255380821,False,0.1621959243828341,False,0.19154517750322586,False,0.20084878468983103,False,0.1621959243828341,False
285,0.19738206923561907,False,0.06256288727022008,False,0.16104865427897236,False,0.2481521444725811,False,0.06256288727022008,False
286,0.17816393875567677,False,0.16636130126548343,False,0.13767060348591104,False,0.24486271166418294,False,0.13767060348591104,False
287,0.20386413670340364,False,0.1577531330216273,False,0.20325800506816188,False,0.24176134638061508,False,0.1577531330216273,False
288,0.20484823706243616,False,0.13895318259858758,False,0.20941940748086207,False,0.24154584280285113,False,0.13895318259858758,False
289,0.18802267669033612,False,0.12569097123299533,False,0.21916293056562275,False,0.21713568441276954,False,0.12569097123299533,False
290,0.1998697063965858,False,0.16867683314058096,False,0.22566185291843716,False,0.25053529315201306,False,0.16867683314058096,False
291,0.0948601585849409,False,0.14569026519443246,False,0.19343951265210496,False,0.2331477968044786,False,0.0948601585849409,False
292,0.1828794169037225,False,0.022768444061302184,False,0.19850745329656871,False,0.24292318175996003,False,0.022768444061302184,False
293,0.14729723178658255,False,0.17375034371280101,False,0.23351127246591985,False,0.23385056759057204,False,0.14729723178658255,False
294,0.20785691552294183,False,0.11631534572454233,False,0.23163334083150322,False,0.23084079626247472,False,0.11631534572454233,False
295,0.152671200255328,False,0.1690138035194491,False,0.17811140163850014,False,0.26476627571351574,False,0.152671200255328,False
296,0.15185193794064744,False,0.13818484849595913,False,0.18478524962793774,False,0.19940688404441048,False,0.13818484849595913,False
297,0.15404725721615203,False,0.13834464967186427,False,0.20570824158882323,False,0.23021968372656015,False,0.13834464967186427,False
298,0.11695833406217265,False,0.07882520465138809,False,0.19213202397313273,False,0.24629561557863172,False,0.07882520465138809,False
299,0.20794516358451381,False,0.1016176934240482,False,0.19392248446236798,False,0.1425701068523359,False,0.1016176934240482,False
300,0.19506660840252427,False,0.14514133088013792,False,0.18361404643776613,False,0.25437161308784745,False,0.14514133088013792,False
301,0.15973698511778306,False,0.16368058545739145,False,0.13823157918547774,False,0.26373800750177745,False,0.13823157918547774,False
302,0.1847145078336654,False,0.1222962147686752,False,0.2068774129478343,False,0.18918749495798254,False,0.1222962147686752,False
303,0.1304353351197678,False,0.07274555529725257,False,0.16504809870300247,False,0.22226270071758675,False,0.07274555529725257,False
304,0.12301527171767795,False,0.10295095651202246,False,0.1406316343549664,False,0.23539558419268058,False,0.10295095651202246,False
305,0.05916580151977002,False,0.10001287920075558,False,-0.0595332993878136,True,0.26203560718920293,False,-0.0595332993878136,True
306,0.16741763953246175,False,0.060567480432014764,False,0.14402039001207267,False,0.20602736014385548,False,0.060567480432014764,False
307,0.20419203236428995,False,0.039284785757276564,False,0.19319642430491685,False,0.21483963756839447,False,0.039284785757276564,False
308,0.20548192355009304,False,0.1871242340416418,False,0.16177012037230987,False,0.2184940750448373,False,0.16177012037230987,False
309,0.20680889069398145,False,0.02214890248714463,False,0.12744139128385795,False,0.2534494450378088,False,0.02214890248714463,False
310,0.2070511887454789,False,0.1314557624063719,False,0.1399771414027326,False,0.25198684457734266,False,0.1314557624063719,False
311,0.16738802145399173,False,0.15956070372851117,False,0.16137141780487563,False,0.20747885489351747,False,0.15956070372851117,False
312,0.124327320840462,False,0.1303452365576251,False,0.18810174616606695,False,0.24318080490097965,False,0.124327320840462,False
313,0.2024619681863844,False,0.13222303455788575,False,0.1552995143968341,False,0.24639386714493938,False,0.13222303455788575,False
314,0.07892177792552157,False,0.07811523643152285,False,0.19058325524138364,False,0.15644763145437007,False,0.07811523643152285,False
315,0.2002958683764967,False,0.13913507376275147,False,0.2170496369526092,False,0.23171695813065812,False,0.13913507376275147,False
316,0.1836868197784104,False,0.1651818365939997,False,0.16380843283602686,False,0.2614611693144406,False,0.16380843283602686,False
317,0.1984426560096832,False,0.1628983830531885,False,0.19551849843889857,False,0.2656019180738767,False,0.1628983830531885,False
318,0.1609953286047519,False,0.17796757702794735,False,0.180663496846533,False,0.21341634876271826,False,0.1609953286047519,False
319,0.15797472444550525,False,0.15090970894860556,False,0.20218315976963602,False,0.25903887425311045,False,0.15090970894860556,False
320,0.17044967969752367,False,0.12187174046570515,False,0.2062112558653676,False,0.2585018084625332,False,0.12187174046570515,False
321,0.17139466435632322,False,0.10389215978681543,False,0.14694703985442048,False,0.11364103368214418,False,0.10389215978681543,False
322,0.17286147197131335,False,0.1350833443662564,False,0.20830748966226081,False,0.13264586563040415,False,0.13264586563040415,False
323,0.17602362913986203,False,0.11720980249768076,False,0.12607267706506475,False,0.07110800619343383,False,0.07110800619343383,False
324,0.19563838411729378,False,0.139718273581996,False,0.17152031551411984,False,0.25766421676808704,False,0.139718273581996,False
325,0.12885236884938078,False,0.08458372951408039,False,0.05385310443969615,False,0.26393453075373835,False,0.05385310443969615,False
326,0.2186538396920254,False,0.15594648939860778,False,0.21229074662050135,False,0.19859747065906314,False,0.15594648939860778,False
327,0.17517198440743675,False,0.044302559249908,False,0.1397779514740995,False,0.20029960383375933,False,0.044302559249908,False
328,0.010168156947795048,False,0.048249627836275844,False,0.1463391014208199,False,0.23728715808341005,False,0.010168156947795048,False
329,0.2080945284179334,False,0.11112997104688488,False,0.17589139891907912,False,0.24834687797302396,False,0.11112997104688488,False
330,0.1841310901148293,False,0.12698844585484154,False,0.18287226330638462,False,0.21786952760158046,False,0.12698844585484154,False
331,0.1750951834221416,False,0.15378709280898378,False,0.1856886513223323,False,0.2544539395381609,False,0.15378709280898378,False
332,0.18631589131019782,False,0.15575991359973618,False,0.2201606957691543,False,0.21143307088383334,False,0.15575991359973618,False
333,0.19160521893177318,False,0.0741761022385311,False,0.16386534926430318,False,0.23462138684707484,False,0.0741761022385311,False
334,0.17404136137507775,False,0.07643004069589665,False,0.11336584796948046,False,0.23886325770330008,False,0.07643004069589665,False
335,0.17431368513333217,False,0.08864979138504087,False,0.2254513397107747,False,0.26076641574876475,False,0.08864979138504087,False
336,0.172695862829425,False,0.15469141441687367,False,0.17226376554257838,False,0.24915647180410117,False,0.15469141441687367,False
337,0.1751418390811713,False,-0.07713058437730735,True,0.16888813269016834,False,0.24770879148818065,False,-0.07713058437730735,True
338,0.10121747305129208,False,0.12269089132532501,False,0.18765717204236654,False,0.16228879203472046,False,0.10121747305129208,False
339,0.0603593174109498,False,0.17311372404569753,False,0.1260285589460855,False,0.11493814545971326,False,0.0603593174109498,False
340,0.18247190923226025,False,0.13589836690057405,False,0.2043889695859113,False,0.24178409805296142,False,0.13589836690057405,False
341,0.20523852715574986,False,0.12676893440311843,False,0.22271462519665408,False,0.2510911034587735,False,0.12676893440311843,False
342,0.1705894855904404,False,0.08476438312604412,False,0.006614059738012212,False,0.2668382776837428,False,0.006614059738012212,False
343,0.12351250034343991,False,0.08834691004490264,False,0.16895400116751086,False,0.24497377979415363,False,0.08834691004490264,False
344,0.15951304558674156,False,0.17814862901141865,False,0.11453494795295471,False,0.25932944264772784,False,0.11453494795295471,False
345,0.20127486104704945,False,0.09812143048340288,False,0.20530759201865867,False,0.256871112411614,False,0.09812143048340288,False
346,0.18900009306641202,False,0.06482691532911777,False,0.1984648468080436,False,0.25345954586612973,False,0.06482691532911777,False
347,0.17964839069574318,False,0.1678318005379104,False,0.21458185526957163,False,0.2305242583213884,False,0.1678318005379104,False
348,0.11113304464134893,False,0.11355279131509294,False,0.18674788857307612,False,0.26235823793214863,False,0.11113304464134893,False
349,-0.0002109054201393512,True,0.14872727891712262,False,0.16054458236907226,False,0.25226522318441635,False,-0.0002109054201393512,True
350,0.18815647283867132,False,0.12172581314511804,False,0.211806867634811,False,0.22007671441411814,False,0.12172581314511804,False
351,0.19633596532374759,False,0.06625910454452888,False,0.2190817760166588,False,0.24804322721981764,False,0.06625910454452888,False
352,0.1555528669370042,False,0.12753033239974737,False,0.13873053400200486,False,0.22005098704827525,False,0.12753033239974737,False
353,0.19130225917354354,False,0.16926463126833718,False,0.18064140436050452,False,0.22346320397502734,False,0.16926463126833718,False
354,0.2001009730369971,False,0.09040258571451065,False,0.19235755962019963,False,0.25927926027920223,False,0.09040258571451065,False
355,0.1216013194863772,False,0.07135654273452352,False,0.17021398512174163,False,0.23471658241289978,False,0.07135654273452352,False
356,0.19307519509372112,False,0.08753742515854213,False,0.21259030400517714,False,0.25841353658842864,False,0.08753742515854213,False
357,0.1901664815780884,False,0.13921072013019103,False,0.20652766983757648,False,0.26703794128302233,False,0.13921072013019103,False
358,0.18087689157772074,False,0.1111981103058089,False,0.2132924041609799,False,0.13773015359180207,False,0.1111981103058089,False
359,0.02698255304871744,False,0.15358924580833183,False,0.16850867379027407,False,0.09012966041006443,False,0.02698255304871744,False
360,0.15857254675342353,False,0.14289519797644362,False,0.1689659685317299,False,0.17690237213532733,False,0.14289519797644362,False
361,0.17788765415842728,False,0.11258669950978611,False,0.18566549342089272,False,0.23633371346808246,False,0.11258669950978611,False
362,0.1656356016277215,False,0.11238589526741044,False,0.12862474223425452,False,0.22343462744014186,False,0.11238589526741044,False
363,0.15821766789625963,False,0.047476814224158836,False,0.22340832002598604,False,0.25781269193694106,False,0.047476814224158836,False
364,0.13717040477131176,False,0.09404387116970048,False,0.019132950704814466,False,0.24788521223862647,False,0.019132950704814466,False
365,0.14380571003246023,False,0.14816018781621054,False,0.22644878134332996,False,0.22998995796454647,False,0.14380571003246023,False
366,0.21823038771065095,False,0.15355965462212467,False,0.1667549926269168,False,0.23216248272082773,False,0.15355965462212467,False
367,0.07919976549814278,False,0.1662003157807071,False,0.2070856478921248,False,0.20405331747158784,False,0.07919976549814278,False
368,0.17943165347725715,False,0.13772735992896162,False,0.21573118013801218,False,0.22362455799233727,False,0.13772735992896162,False
369,0.2001256438712879,False,0.07601011997609564,False,0.21120826862748115,False,0.21651469022928388,False,0.07601011997609564,False
370,0.11501546222116465,False,0.15492766101786604,False,0.11262401565109259,False,0.2344435001966188,False,0.11262401565109259,False
371,0.10898646313166316,False,0.16641433448157272,False,0.20191978573766778,False,0.2370358124921354,False,0.10898646313166316,False
372,0.1664586460462485,False,0.15335807383347083,False,0.07977987684352328,False,0.2387608175392319,False,0.07977987684352328,False
373,0.18520510732868878,False,0.15793648454667447,False,0.11194621384949766,False,0.20645710785412835,False,0.11194621384949766,False
374,0.16726293006281595,False,0.1081973192292377,False,0.16436454872800543,False,0.24409380061300534,False,0.1081973192292377,False
375,0.13711348830520143,False,0.1614147287990606,False,0.1415925111250746,False,0.24690425430936702,False,0.13711348830520143,False
376,0.0884432921275099,False,0.149638013963169,False,0.19473992501444315,False,0.245943101780292,False,0.0884432921275099,False
377,0.18849647253537133,False,0.10685891478015536,False,0.12227141133963815,False,0.24253511180163728,False,0.10685891478015536,False
378,0.14369216085051378,False,0.1782379278974528,False,0.2049802268696393,False,0.26223617983544795,False,0.14369216085051378,False
379,0.15545764515404942,False,0.09198421222415215,False,0.19075179415982546,False,0.23575559059055223,False,0.09198421222415215,False
380,0.16600172507280053,False,0.1650877627083181,False,0.14840344738932076,False,0.23670018992379271,False,0.14840344738932076,False
381,0.19172453426981612,False,0.1669477095149532,False,0.2216702523164481,False,0.2154480895292296,False,0.1669477095149532,False
382,0.17901139018855572,False,0.15392906645253301,False,0.1496842380863483,False,0.23249124512712172,False,0.1496842380863483,False
383,0.18450688571363832,False,0.007808381193317282,False,0.16110615406930334,False,0.2514187746241359,False,0.007808381193317282,False
384,0.14806478826459318,False,0.14176585063954084,False,0.19451942446400777,False,0.2033091642003434,False,0.14176585063954084,False
385,0.1483639937104576,False,0.040106580166927586,False,0.1989756955928083,False,0.23267371892479555,False,0.040106580166927586,False
386,0.15358300785088158,False,0.16712427660543172,False,0.18207173527372916,False,0.1986523099935023,False,0.15358300785088158,False
387,0.12063502983581642,False,0.05677356885423279,False,0.14968776377069187,False,0.24273391088596447,False,0.05677356885423279,False
388,0.20534598326414272,False,0.11792531471838863,False,0.2146189013155222,False,0.2524790292086935,False,0.11792531471838863,False
389,0.21146799440383274,False,0.13001148728002776,False,0.14270817837082217,False,0.18792625333706675,False,0.13001148728002776,False
390,0.15470130140971006,False,0.1291459983102285,False,0.18157979579087985,False,0.2544129824083852,False,0.1291459983102285,False
391,0.14789741441573218,False,0.014856282634255535,False,0.17606672322754024,False,0.2481297009838513,False,0.014856282634255535,False
392,0.2081580279472992,False,0.15484058587999677,False,0.21988363997843535,False,0.12604905727063076,False,0.12604905727063076,False
393,0.1820042342061508,False,0.1644186677827285,False,0.20432674017636276,False,0.26530251575525365,False,0.1644186677827285,False
394,0.08423000196312269,False,0.15775485808559636,False,0.06413212273109481,False,0.14658852214832263,False,0.06413212273109481,False
395,0.1974394590667518,False,0.14322112568319817,False,0.23135232763969577,False,0.2073951483200372,False,0.14322112568319817,False
396,0.2062200009625083,False,0.14698372923334635,False,0.2310557622762276,False,0.1906188125190053,False,0.14698372923334635,False
397,0.19071031130830246,False,0.13123384394028076,False,0.1575908036996071,False,0.09677273740222891,False,0.09677273740222891,False
398,0.19312481913406282,False,0.09014163524541896,False,0.19598735252689437,False,0.21415338422197527,False,0.09014163524541896,False
399,0.19954578370517673,False,0.18119815549835172,False,0.18999358244182885,False,0.060142550125517835,False,0.060142550125517835,False
400,0.149962098500372,False,0.1596625757883034,False,0.13162507427691156,False,0.09107635586166263,False,0.09107635586166263,False
401,0.1645352759766791,False,0.14824037109956828,False,0.1656711898880594,False,0.14658662532524713,False,0.14658662532524713,False
402,0.211458030583769,False,0.18538085704370216,False,0.17148485237752176,False,0.1963150648413295,False,0.17148485237752176,False
403,0.1744360471705138,False,0.059409700428479484,False,0.1804976393555317,False,0.2118145560876291,False,0.059409700428479484,False
404,0.20129823624315418,False,0.17899503443828085,False,0.136692435530681,False,0.19251985158386548,False,0.136692435530681,False
405,0.15749637285936247,False,0.14953077660020253,False,0.20554238299080602,False,0.24902032106427835,False,0.14953077660020253,False
406,0.17927873869334798,False,0.16328790454666697,False,0.18808319423530118,False,0.196269593002037,False,0.16328790454666697,False
407,0.18246626048523396,False,0.13850659568505974,False,0.20714182363694406,False,0.20346711319712885,False,0.13850659568505974,False
408,0.1480552556147362,False,0.12432161081185322,False,0.22419506093057223,False,0.21729688878430242,False,0.12432161081185322,False
409,0.19458857017562808,False,0.16932734578898995,False,0.20062227622979156,False,0.2275233876057295,False,0.16932734578898995,False
410,0.18390688735220134,False,0.18275391580787342,False,0.17934925133306479,False,0.21790307161490352,False,0.17934925133306479,False
411,0.08515745542494646,False,0.14815023586534815,False,0.22377684057829017,False,0.22254219951038307,False,0.08515745542494646,False
412,0.11773320191813558,False,0.14011052044086847,False,0.1811518146419806,False,0.17833850138389912,False,0.11773320191813558,False
413,0.19901897981005917,False,0.03136134594477402,False,0.03661884323119102,False,0.25362883656790863,False,0.03136134594477402,False
414,0.15696075647447505,False,0.1718531029114269,False,0.22318424614820476,False,0.24965893889749552,False,0.15696075647447505,False
415,0.18746848651677794,False,0.14496924105522635,False,0.2237699639049487,False,0.2195499236197463,False,0.14496924105522635,False
416,0.14241116169881646,False,0.1430255132447777,False,0.12632172568090017,False,0.23650096712992025,False,0.12632172568090017,False
417,0.1201468842786017,False,0.18566926083784618,False,-0.00877961072574407,True,0.10386698236165715,False,-0.00877961072574407,True
418,0.14971493236467137,False,0.164551772340422,False,0.1708448958097193,False,0.22026191770040726,False,0.14971493236467137,False
419,0.08572110025635671,False,0.12912805380074915,False,0.16921575793029908,False,0.211505853357224,False,0.08572110025635671,False
420,0.1525270696441327,False,0.1781670234649429,False,0.10171023091701137,False,0.16395616616864894,False,0.10171023091701137,False
421,0.1774046250859166,False,0.16394521959283814,False,0.2268176016068274,False,0.23725688432478043,False,0.16394521959283814,False
422,0.19549128935462023,False,0.08654667920289061,False,0.2164222713287307,False,0.0005526874929452363,False,0.0005526874929452363,False
423,0.13768953035505582,False,0.15356941928240914,False,0.21701139727425178,False,0.21044904556436683,False,0.13768953035505582,False
424,0.16824683339786262,False,0.0025612754503865354,False,0.18503819144195804,False,0.1928040459060264,False,0.0025612754503865354,False
425,0.16829094730054245,False,0.11947649977644825,False,0.13712828957522527,False,0.26590370027779076,False,0.11947649977644825,False
426,0.180331869073159,False,0.11708288642289727,False,0.1877277270909315,False,0.21688159846123772,False,0.11708288642289727,False
427,0.17549567886774992,False,0.1769297484487818,False,0.1667438916145712,False,0.23539115670547717,False,0.1667438916145712,False
428,0.16055656478262004,False,0.11319365806306164,False,0.1568735924369386,False,0.24252076608465478,False,0.11319365806306164,False
429,0.16216493695735035,False,0.10715307182546674,False,0.18154410981662805,False,0.240826421326803,False,0.10715307182546674,False
430,0.15446398027892672,False,0.12861766429206273,False,0.21681879980100044,False,0.23269204844364316,False,0.12861766429206273,False
431,0.0005373217654555118,False,0.1574710055719769,False,0.11674340454995713,False,0.2522581208441436,False,0.0005373217654555118,False
432,0.16818305194982092,False,0.17765116682773435,False,0.20439851477854276,False,0.228320312211668,False,0.16818305194982092,False
433,0.07526552949313758,False,0.1391123828886574,False,0.0654027376876094,False,0.11355922273377816,False,0.0654027376876094,False
434,0.16200830997458954,False,0.06421093849735326,False,0.14279394992453187,False,0.22579663754031676,False,0.06421093849735326,False
435,0.16579571582493247,False,0.15575408577124455,False,0.1854081804031409,False,0.20738987761910294,False,0.15575408577124455,False
436,0.14356579442071027,False,0.12362672374681627,False,0.15153113772772037,False,0.15179741993228457,False,0.12362672374681627,False
437,0.08758243020453071,False,0.12554769850200265,False,0.20416844735360262,False,0.20950370230025944,False,0.08758243020453071,False
438,0.16301634481386745,False,0.031473677600745265,False,0.07234994170862141,False,0.2258978950685801,False,0.031473677600745265,False
439,0.10841919315341136,False,0.11428624022919337,False,0.19027807090385818,False,0.24227987672776702,False,0.10841919315341136,False
440,0.17279622170888403,False,0.16782752178588045,False,0.20878784493233699,False,0.21610896160327164,False,0.16782752178588045,False
441,0.20197303093897823,False,0.17489363258992774,False,0.15819331279746152,False,0.22742875333529333,False,0.15819331279746152,False
442,0.15589240309712094,False,0.16203506522081257,False,0.19621199224086766,False,0.23337052259434443,False,0.15589240309712094,False
443,0.15704480517692554,False,0.17972112771965465,False,0.09535420494630875,False,0.20823390813240938,False,0.09535420494630875,False
444,0.17884223755360895,False,0.1098841049295371,False,0.18173086059197935,False,0.23543987473814165,False,0.1098841049295371,False
445,0.023727805596360785,False,0.17946533554173377,False,0.19740428015732758,False,0.17403641324373126,False,0.023727805596360785,False
446,0.1574177423218333,False,0.1835965964653276,False,0.21690431169630875,False,0.16430013435807633,False,0.1574177423218333,False
447,0.12629378252328105,False,0.028851199690694274,False,0.1701534055831731,False,0.1775478302390034,False,0.028851199690694274,False
448,0.19658414727183426,False,0.14950068572944192,False,0.19741270150401302,False,0.21546549962641875,False,0.14950068572944192,False
449,0.14988958668887992,False,0.14318470923291737,False,0.10278627998641665,False,0.23659142402965416,False,0.10278627998641665,False
450,0.09795389681128897,False,0.1172250329700853,False,0.08793000702276887,False,0.23525412834932824,False,0.08793000702276887,False
451,0.17365989337649235,False,0.16157903172944932,False,0.20407978893182854,False,0.18693420552716833,False,0.16157903172944932,False
452,0.1918584798433961,False,0.12387612224635042,False,0.22674010341180129,False,0.18944108207780952,False,0.12387612224635042,False
453,0.14336928527847093,False,0.16694038937445738,False,0.17526028136425098,False,0.2102836609509544,False,0.14336928527847093,False
454,0.18630013014247426,False,0.1001075299530837,False,0.19033788900865672,False,0.2167374838323347,False,0.1001075299530837,False
455,0.16771083438985185,False,0.06592166082762474,False,0.02738747968869515,False,0.2626781739724987,False,0.02738747968869515,False
456,0.19230657456280031,False,0.1005959617135519,False,0.2008982279053801,False,0.23665552021567,False,0.1005959617135519,False
457,0.16030481334511748,False,0.1421510398184639,False,0.2159314868712896,False,0.22518384649173034,False,0.1421510398184639,False
458,0.18883007761623283,False,0.10045627216235126,False,0.13255645792072857,False,0.19718479592601718,False,0.10045627216235126,False
459,0.18053300323689914,False,0.13772630919782886,False,0.15801329135236675,False,0.1362790460657034,False,0.1362790460657034,False
460,0.16230442391734035,False,0.11811822480745421,False,0.06496356611596044,False,0.2612765428611258,False,0.06496356611596044,False
461,0.19709454778222263,False,0.17857851602743274,False,0.13886046097451882,False,0.254395481109294,False,0.13886046097451882,False
462,0.13627542588756214,False,0.16326716059040114,False,0.16690827574608036,False,0.1747504767727912,False,0.13627542588756214,False
463,0.19498545985802307,False,0.17157922638932788,False,0.18869775692372598,False,0.23343605156615532,False,0.17157922638932788,False
464,0.192377722642129,False,0.16614793340457762,False,0.21840126267814436,False,0.21037911025842487,False,0.16614793340457762,False
465,0.11387541169684051,False,0.15882145894295346,False,0.1933023656068184,False,0.17024210166718506,False,0.11387541169684051,False
466,0.16845976653311567,False,0.10922730240501355,False,0.19783929087550156,False,0.2477837785869189,False,0.10922730240501355,False
467,0.06840148113162314,False,0.08016663619477182,False,0.15392462131297135,False,0.22394105226499622,False,0.06840148113162314,False
468,0.1669390967699586,False,-0.0026570808052618355,True,0.13353340856116291,False,0.13643870352419485,False,-0.0026570808052618355,True
469,0.1677405154331395,False,0.16579350667192477,False,0.18459548935107378,False,0.2118070599545117,False,0.16579350667192477,False
470,0.21123071801778676,False,0.17349792231033678,False,0.16346342329674407,False,0.22949288750218122,False,0.16346342329674407,False
471,0.0865735129968832,False,-0.006745360921699861,True,0.22044600918465013,False,0.21012351269226198,False,-0.006745360921699861,True
472,0.18463217020678174,False,0.15633095456326207,False,0.167798832398232,False,0.24167304483415247,False,0.15633095456326207,False
473,0.16989209369672725,False,0.17146467881847338,False,0.19158074756945942,False,0.17363321525403375,False,0.16989209369672725,False
474,0.06315855153499361,False,0.14081398350946406,False,0.1456296544289356,False,0.20828542171777437,False,0.06315855153499361,False
475,0.17498121420816493,False,0.15914965976470397,False,0.15960464830593435,False,0.22029773318996798,False,0.15914965976470397,False
476,0.15112222952242893,False,0.16403780359775239,False,0.17646183781837027,False,0.2422118633819504,False,0.15112222952242893,False
477,0.2064305886069584,False,0.14305093982632744,False,0.22598175313194813,False,0.2307061043312369,False,0.14305093982632744,False
478,0.13867729528876066,False,0.1079139106482585,False,0.17021876532907354,False,0.19734138425433262,False,0.1079139106482585,False
479,0.09456530592640872,False,0.11228167924353671,False,0.14091637240346028,False,0.19234631196915492,False,0.09456530592640872,False
480,0.17427105609108196,False,0.13469912597174188,False,0.21048502643852157,False,0.15652437754857185,False,0.13469912597174188,False
481,0.1873735641328909,False,0.1494034527097563,False,0.22192907359439756,False,0.187079562513428,False,0.1494034527097563,False
482,0.14690234609556047,False,0.12069807446230907,False,0.1520476810690498,False,0.23739495181965248,False,0.12069807446230907,False
483,0.003981517967004411,False,0.15566317725273943,False,0.21520832911271842,False,0.1472331823924543,False,0.003981517967004411,False
484,0.11600055275584109,False,0.052007500940663975,False,0.20265515510969,False,0.2487042163743286,False,0.052007500940663975,False
485,0.1418605303283803,False,0.17503180699978033,False,0.20169099744399482,False,0.13731203627221944,False,0.13731203627221944,False
486,0.12997487347077646,False,0.04405499915517708,False,0.20359750940660581,False,0.16409735768906147,False,0.04405499915517708,False
487,0.1770162607761282,False,0.13116502938387392,False,0.12660899823963206,False,0.22702307234871943,False,0.12660899823963206,False
488,0.16051145738543537,False,0.13095184787038583,False,0.22435752843182816,False,0.24915173990853345,False,0.13095184787038583,False
489,0.06735203543723678,False,0.12627918138783573,False,0.19510276710862934,False,0.15702033793105352,False,0.06735203543723678,False
490,0.16040025264122765,False,0.1328421619397711,False,0.2278041097268808,False,0.20159487521599706,False,0.1328421619397711,False
491,0.14894828973049595,False,0.13584856762424896,False,0.1680413825662978,False,0.1302412592048795,False,0.1302412592048795,False
492,0.13124066296529596,False,0.13991005987860888,False,0.18563608342962107,False,0.14832757100729427,False,0.13124066296529596,False
493,0.13723746696607547,False,0.07766107109401543,False,0.1882256497622407,False,0.2343728389179896,False,0.07766107109401543,False
494,0.1807080302957233,False,0.11908070278395683,False,0.11944722544714381,False,0.2091360191394946,False,0.11908070278395683,False
495,0.17119302139382048,False,0.16387763878424516,False,0.1721162647759164,False,0.23742361004701384,False,0.16387763878424516,False
496,0.1323178134180571,False,0.1300958352868976,False,0.07852830628719654,False,0.24235478921897236,False,0.07852830628719654,False
497,0.17001692184273404,False,0.15857115244338632,False,0.21603299178850888,False,0.16575296954957247,False,0.15857115244338632,False
498,0.16793835464963003,False,0.07077226666027592,False,0.2194914009296116,False,0.11391686127493361,False,0.07077226666027592,False
499,0.03738437273260853,False,0.13234712546057925,False,0.11363193568585717,False,0.20793311899950956,False,0.03738437273260853,False
500,0.11861614541843801,False,0.1555468713348308,False,0.21302472663482175,False,0.13620456643603074,False,0.11861614541843801,False
501,0.1531429791595153,False,0.15486619548196046,False,0.07362827276208694,False,0.249772798063439,False,0.07362827276208694,False
502,0.10935724001310976,False,0.09908313037686,False,0.1543842573815441,False,0.0055974642215042,False,0.0055974642215042,False
503,0.19180295300137123,False,0.1479154557243042,False,0.18283240459997618,False,0.24403244110717814,False,0.1479154557243042,False
504,0.14299649528846625,False,0.17211574722186052,False,0.22309564558803213,False,0.14346858415466252,False,0.14299649528846625,False
505,0.18214055862220546,False,0.1284654853060917,False,0.1062599403102229,False,0.19300227738709608,False,0.1062599403102229,False
506,0.13609681299215037,False,0.1168962817280661,False,0.20299790897373216,False,0.17305645195690644,False,0.1168962817280661,False
507,0.1878098157982001,False,0.15606073451810365,False,0.21175168710157966,False,0.19131235810345693,False,0.15606073451810365,False
508,0.1305283104337051,False,0.15164483737119955,False,0.19482035581681567,False,0.2056457960404091,False,0.1305283104337051,False
509,0.0552305829231432,False,0.08570527897015207,False,0.17850155117824207,False,0.18242583107775928,False,0.0552305829231432,False
510,0.1369275395425858,False,0.089081248426923,False,0.13536764875211788,False,0.17551061475877822,False,0.089081248426923,False
511,0.16070675176558102,False,0.06593355838733617,False,0.1204762555704742,False,0.17349803508156597,False,0.06593355838733617,False
512,0.19879901692310825,False,0.176274644088804,False,0.15958923895564137,False,0.00900934082558924,False,0.00900934082558924,False
513,-0.0074039139802253295,True,0.057033288824460904,False,0.13902504725547937,False,0.24856352666075493,False,-0.0074039139802253295,True
514,0.01928536299255723,False,0.04670574988281817,False,0.20196045984436184,False,0.2515815461668484,False,0.01928536299255723,False
515,0.03497257772327689,False,0.06510577282935492,False,0.14672106121990364,False,0.23721250903578878,False,0.03497257772327689,False
516,0.08211526146868753,False,0.0640707982910439,False,0.18246268529075116,False,0.24334370009773093,False,0.0640707982910439,False
517,0.011954789620000628,False,0.07353978622354762,False,0.036864834591845086,False,0.24363655362222214,False,0.011954789620000628,False
518,0.010769857244379843,False,0.12611303116906136,False,0.1964538236587528,False,0.2480306685082097,False,0.010769857244379843,False
519,0.021693643197099877,False,-0.020467830074873183,True,0.11436000989653816,False,0.2191438982574651,False,-0.020467830074873183,True
520,-0.006137477006547876,True,0.013734023441158483,False,0.15083334828631745,False,0.23686114916576267,False,-0.006137477006547876,True
521,0.06593679255080187,False,0.05320291677700317,False,-0.0030974967163581724,True,0.15347373135021813,False,-0.0030974967163581724,True
522,0.04256908596969167,False,0.08683974514159953,False,0.1710446174732299,False,0.17329459007533715,False,0.04256908596969167,False
523,0.06874879364029185,False,-0.01479828926829918,True,0.18960750175895286,False,0.16527600703127232,False,-0.01479828926829918,True
524,0.052094965542594296,False,0.05437743122293315,False,0.11162983049110065,False,0.2212100661992908,False,0.052094965542594296,False
525,-0.04172857062812907,True,0.061014528578845595,False,0.19946363523544297,False,-0.0005890983725647114,True,-0.04172857062812907,True
526,-0.08212935432888835,True,0.07032434624017647,False,0.07213832139012888,False,0.2528844372257474,False,-0.08212935432888835,True
527,-0.013942728746912492,True,-0.04149196670494404,True,0.16824831937491375,False,0.24265679251282107,False,-0.04149196670494404,True
528,0.01077614691097939,False,-0.06663840123483733,True,0.14438841020194965,False,0.18813147651481715,False,-0.06663840123483733,True
529,0.027917313272851407,False,0.08375813814769734,False,0.11894094980878678,False,0.2510894469641331,False,0.027917313272851407,False
530,-0.0042566917661477355,True,0.038134398860557694,False,0.1208263489176184,False,0.22519720134426857,False,-0.0042566917661477355,True
531,0.004843046504801274,False,0.08873020930557524,False,0.21712257973169702,False,0.2558177827907499,False,0.004843046504801274,False
532,0.033492522654243295,False,0.057925908211649335,False,0.07391674651637226,False,0.1881005278565393,False,0.033492522654243295,False
533,-0.008915763991608205,True,0.007797507216760979,False,0.158975909240056,False,0.21355120634678332,False,-0.008915763991608205,True
534,0.01728346638637812,False,0.048969240032284866,False,0.025143299839714306,False,0.24727367915122017,False,0.01728346638637812,False
535,0.013650915463514268,False,0.0014496890480797386,False,0.12557439530965353,False,0.17458971546203184,False,0.0014496890480797386,False
536,0.011124760709439352,False,0.0788050359207852,False,0.1315027513898055,False,0.10969191346133433,False,0.011124760709439352,False
537,0.03797042908940218,False,0.052832548734215945,False,0.09300052513128743,False,0.2376803061135741,False,0.03797042908940218,False
538,-0.023286646285749724,True,-0.02787428342818088,True,0.15251272334332577,False,0.10092148424598191,False,-0.02787428342818088,True
539,0.06543266383846214,False,0.05741445902448339,False,0.15544302923853703,False,0.21174120266917484,False,0.05741445902448339,False
540,0.04498322851986247,False,0.014964610780974996,False,0.11293488153770648,False,0.2237964608688981,False,0.014964610780974996,False
541,0.13357955213375128,False,0.06565705102418773,False,0.04486932753539086,False,0.21870450661329316,False,0.04486932753539086,False
542,0.04461387341265566,False,0.039296117908170114,False,0.0514938036154714,False,0.2369342597675521,False,0.039296117908170114,False
543,0.05329406282611271,False,0.06042241377362978,False,0.12111314291468017,False,0.2214653547830765,False,0.05329406282611271,False
544,-0.02202599450992937,True,0.0584656096700199,False,0.11662551940587862,False,0.1898563980088377,False,-0.02202599450992937,True
545,0.09363144750258556,False,-0.02142340216087013,True,0.12221547311252862,False,0.24413371713735033,False,-0.02142340216087013,True
546,0.1402171427621513,False,0.027354415027691314,False,0.1281049076864762,False,0.23631940755026154,False,0.027354415027691314,False
547,0.1292032863210416,False,0.04522945521250554,False,0.18752005314462916,False,0.23336139823241864,False,0.04522945521250554,False
548,-0.021154850276099202,True,0.086297019770596,False,0.20906572089937003,False,0.2210567746848418,False,-0.021154850276099202,True
549,0.12052104006962783,False,-0.0174884151985083,True,0.19346155876459015,False,0.24919735431844053,False,-0.0174884151985083,True
550,0.07131219659207999,False,9.818381754922445e-05,False,0.1702562471769034,False,0.21538616878771122,False,9.818381754922445e-05,False
551,0.006389874876118751,False,0.0901462117341022,False,0.17150740852205387,False,0.23524121996629083,False,0.006389874876118751,False
552,0.020067380602634577,False,0.07094338873758665,False,0.050111429502454174,False,0.23136406776165352,False,0.020067380602634577,False
553,0.06773752873069239,False,0.034260173082029555,False,0.1375621705230901,False,0.20805675850443217,False,0.034260173082029555,False
554,0.13111717455133126,False,0.039855690733119786,False,0.14551231149324084,False,0.21195049711576475,False,0.039855690733119786,False
555,0.00744678665774956,False,0.06926311127987228,False,0.20601313887897754,False,0.2154267477698696,False,0.00744678665774956,False
556,-0.0719931212562519,True,0.025389426753133604,False,0.14768051269168597,False,0.21749842448398365,False,-0.0719931212562519,True
557,0.12593344197439488,False,0.08293514491661785,False,0.11727033206004911,False,0.22956871281650992,False,0.08293514491661785,False
558,-0.0829524240776256,True,0.06812533380379782,False,0.1538838046709617,False,0.23353685526089163,False,-0.0829524240776256,True
559,0.10431827287658363,False,-0.002440584985399008,True,0.0838735653490672,False,0.2035978438856038,False,-0.002440584985399008,True
560,0.12107460236677448,False,0.11129270735672508,False,0.13272038807506187,False,0.2159625012112933,False,0.11129270735672508,False
561,0.1035419721905339,False,0.011712069764762467,False,0.17058423904538644,False,0.19855076681924205,False,0.011712069764762467,False
562,0.0931407255850899,False,-0.029214768005152658,True,0.11220870197893007,False,0.2102863670755744,False,-0.029214768005152658,True
563,0.046086459385098144,False,0.08932453726272349,False,0.18268841680003894,False,0.2492188252872679,False,0.046086459385098144,False
564,-0.026951052034243306,True,0.03225399603766821,False,0.1958106127668085,False,0.256428286722662,False,-0.026951052034243306,True
565,0.020370556129571504,False,0.023970345129314508,False,0.13614343535104378,False,0.22412170318013447,False,0.020370556129571504,False
566,0.12826293495732471,False,-0.040549738003783586,True,0.10514186397422276,False,0.2505936958621765,False,-0.040549738003783586,True
567,0.04048524012222787,False,0.011584906102774739,False,0.10764843293206738,False,0.2392128404803313,False,0.011584906102774739,False
568,0.08151242419829907,False,0.040492479998708863,False,0.18508342639642028,False,0.2109956003271382,False,0.040492479998708863,False
569,0.1697776108787643,False,0.07811797916942864,False,0.10099238936010368,False,0.22040114981055658,False,0.07811797916942864,False
570,0.10196517610147438,False,0.012762740053640309,False,0.1476335216811573,False,0.2138021612056215,False,0.012762740053640309,False
571,0.003729965319746009,False,-0.006310376656773142,True,0.03811324051460441,False,0.21482442415635605,False,-0.006310376656773142,True
572,0.11983942228338468,False,0.07840846411429925,False,0.14661632589853774,False,0.19342677125789964,False,0.07840846411429925,False
573,0.1472511382134699,False,0.07667730178611909,False,0.19153638235479886,False,0.19947535671498895,False,0.07667730178611909,False
574,0.01680248811235141,False,-0.016016992086800075,True,0.10168422349101258,False,0.18467362150376032,False,-0.016016992086800075,True
575,0.10773580566370361,False,0.041713664467667444,False,0.1205456567698856,False,0.2109964992332637,False,0.041713664467667444,False
576,0.12083095683226702,False,0.11363711228927398,False,0.0321818128637017,False,0.2181801599574007,False,0.0321818128637017,False
577,0.11115358245782431,False,-0.06262669273920585,True,0.09437196480541765,False,0.22390228836144155,False,-0.06262669273920585,True
578,0.0237781124106623,False,0.05865052185524011,False,0.17341830718366025,False,0.25176842762112556,False,0.0237781124106623,False
579,0.06858359084254562,False,0.0682802302760942,False,0.12715685747469946,False,0.18303176460327747,False,0.0682802302760942,False
580,0.0451124518827658,False,0.0665752586998164,False,0.13165227679443198,False,0.21216908596898876,False,0.0451124518827658,False
581,0.14840004889037334,False,0.028926520136838607,False,0.14691957858822563,False,0.2583940601674132,False,0.028926520136838607,False
582,0.04375065189239036,False,0.05807727188028211,False,0.10246669841070943,False,0.21937810206162012,False,0.04375065189239036,False
583,0.08209450664913098,False,0.11889292889483472,False,0.1353839848750869,False,0.225520715200223,False,0.08209450664913098,False
584,0.1257390811185427,False,0.00693030829399488,False,0.18370140228382953,False,0.2215714368370813,False,0.00693030829399488,False
585,0.09797706995049166,False,0.0768628793116124,False,0.16360162166551978,False,0.2255432573317313,False,0.0768628793116124,False
586,0.12011609830134212,False,0.06525209828505285,False,0.17354421242082751,False,0.21138372871093247,False,0.06525209828505285,False
587,0.17281095942434094,False,0.056233680841933364,False,0.12506494801314422,False,0.21777693890916766,False,0.056233680841933364,False
588,0.1270213414871182,False,0.08151766211729455,False,0.14746317400291659,False,0.2117388464885791,False,0.08151766211729455,False
589,0.1499149197098928,False,0.10602967820572806,False,0.15910277167457226,False,0.20292580099926327,False,0.10602967820572806,False
590,0.02384205898799685,False,0.07515598846615568,False,0.10084935509279302,False,0.19983134817701997,False,0.02384205898799685,False
591,0.06760004717578816,False,0.08684862587036729,False,0.11902458436704133,False,0.18887486099608364,False,0.06760004717578816,False
592,0.05552381457433275,False,0.059532076789278854,False,0.08202938221483702,False,0.2147113033496415,False,0.05552381457433275,False
593,0.143222134799998,False,0.0909524047893931,False,0.13818227622523432,False,0.2209966818303532,False,0.0909524047893931,False
594,0.04889817782865491,False,0.021470043050984766,False,0.15902080179318046,False,0.1416388090740323,False,0.021470043050984766,False
595,0.15070297240414982,False,0.14047539978577106,False,0.21682619202742065,False,0.19860765775687023,False,0.14047539978577106,False
596,0.11329329392065807,False,0.07203444783574142,False,0.12376792530100483,False,0.18386598506449925,False,0.07203444783574142,False
597,0.06673788043790774,False,-0.012559593000926794,True,0.13573671473832333,False,0.16024194420337384,False,-0.012559593000926794,True
598,0.05278276716710317,False,0.07696435518747735,False,0.11668097757255336,False,0.14014129178695578,False,0.05278276716710317,False
599,0.017825243413990832,False,0.013847699499310528,False,0.16616038137705647,False,0.16142813685217966,False,0.013847699499310528,False
600,0.08682636314216075,False,-0.0062038694848652876,True,0.15301487893283883,False,0.21599206916152558,False,-0.0062038694848652876,True
601,0.10409778186424168,False,0.09689092567039226,False,0.16843953015808083,False,0.19215315036295316,False,0.09689092567039226,False
602,0.044720009140956196,False,0.09073775993468047,False,0.15910952088526492,False,0.24817427962731564,False,0.044720009140956196,False
603,0.0632439358045711,False,0.08259937007854834,False,0.10446071558462966,False,0.17643248918469806,False,0.0632439358045711,False
604,0.07665855864452775,False,0.03980594391909442,False,-0.021806849335908263,True,0.24762615994023718,False,-0.021806849335908263,True
605,0.010827822222183814,False,0.0726311620480321,False,0.10396578923909516,False,0.16393510758032254,False,0.010827822222183814,False
606,0.15867173828135966,False,0.029676523157695422,False,0.11125406661833825,False,0.2389060364337895,False,0.029676523157695422,False
607,0.1527102454025639,False,0.07461642680956637,False,0.1729579153334712,False,0.20751538732968527,False,0.07461642680956637,False
608,0.02936399152997138,False,0.04309562998406513,False,0.07272427279710147,False,0.18520033440761197,False,0.02936399152997138,False
609,0.15869808561002718,False,0.08558879462442709,False,0.21999925869145137,False,0.12636283974685147,False,0.08558879462442709,False
610,0.11440665363773173,False,0.08129554263472366,False,0.07734628868539883,False,0.17365286501045102,False,0.07734628868539883,False
611,0.05809103511196845,False,0.04458796983648261,False,0.13589331092558893,False,0.2127370757826867,False,0.04458796983648261,False
612,0.16493639351898864,False,0.07696400099625511,False,0.14916449638201718,False,0.1594994902010788,False,0.07696400099625511,False
613,0.11665923518620974,False,0.03990277680357002,False,0.09023593191079804,False,0.20017776048864971,False,0.03990277680357002,False
614,0.03569486998960281,False,0.04878621266168415,False,0.22665365445679797,False,0.20327433406993406,False,0.03569486998960281,False
615,0.058074605978912675,False,0.09396246330025321,False,0.1529342184599008,False,0.2368640271306634,False,0.058074605978912675,False
616,-0.013299047445687329,True,0.05910635187281765,False,0.0674915547108047,False,0.24328526267649053,False,-0.013299047445687329,True
617,0.06048256318173406,False,0.08185078978017096,False,0.18344300834226807,False,0.1756852488205427,False,0.06048256318173406,False
618,0.11710297522735136,False,0.060631210385099665,False,0.16170273148773806,False,0.23198087218950425,False,0.060631210385099665,False
619,0.04881146348162446,False,0.0851798215571048,False,0.12404308732729502,False,0.19294833063436784,False,0.04881146348162446,False
620,0.034128338621050025,False,0.08723906570050144,False,0.19419899359228182,False,0.13686636196051627,False,0.034128338621050025,False
621,0.0690578949231212,False,0.0663089746556822,False,0.16270071231854794,False,0.1909449646402745,False,0.0663089746556822,False
622,0.12327847591565633,False,0.09441941884534782,False,0.12796822449091755,False,0.21599661204576603,False,0.09441941884534782,False
623,-0.053594700718127886,True,0.06653712200490147,False,0.12225133964603235,False,0.18420212991522567,False,-0.053594700718127886,True
624,0.004315119653505395,False,0.0524354938098156,False,0.11214622310692768,False,0.17681048193484278,False,0.004315119653505395,False
625,0.11376979645725371,False,0.11703036167602676,False,0.13569095577229057,False,0.24041601023824766,False,0.11376979645725371,False
626,0.10504620018788552,False,0.014555017259706315,False,0.14490396594634575,False,0.19652441533186898,False,0.014555017259706315,False
627,0.117048085572101,False,0.08335862911238173,False,0.13955676299109093,False,0.20518664793250846,False,0.08335862911238173,False
628,0.0078467198908716,False,0.050639189975612786,False,0.09631679640632151,False,0.15601647135762337,False,0.0078467198908716,False
629,0.16058326279638646,False,0.06642887434382494,False,0.10442114107706124,False,0.18750859127753877,False,0.06642887434382494,False
630,-0.0012796493215142535,True,-0.04826894562721784,True,0.18745780694725406,False,0.19151365678816656,False,-0.04826894562721784,True
631,0.12469182415910446,False,0.09600319941376956,False,0.15123693425202045,False,0.20669646960504773,False,0.09600319941376956,False
632,0.13958612492427375,False,0.01587127542955602,False,0.19023048198043468,False,0.18480913306475683,False,0.01587127542955602,False
633,0.11089309037759204,False,0.06580295779997514,False,0.13409670241379867,False,0.17174718044960896,False,0.06580295779997514,False
634,0.04109575353219741,False,0.03270427757429384,False,0.09109227161575861,False,0.17849038117161026,False,0.03270427757429384,False
635,0.11729328713789733,False,0.08383362380146642,False,0.15733496353658888,False,0.17395929376165298,False,0.08383362380146642,False
636,0.12928898373408182,False,0.035886734514961605,False,0.09702375686658249,False,0.17847520556100838,False,0.035886734514961605,False
637,0.10312971909697294,False,0.06354706989717906,False,-0.016105992860156015,True,0.22929417772408428,False,-0.016105992860156015,True
638,0.005710904204050848,False,0.09189145576339458,False,0.18104371234201377,False,0.1738697824831148,False,0.005710904204050848,False
639,0.028555487179950823,False,-0.027750639033970792,True,0.0873599362803762,False,0.1970255854374907,False,-0.027750639033970792,True
640,0.06515458883716274,False,0.06675050923561998,False,0.1254033326300641,False,0.18807900734820737,False,0.06515458883716274,False
641,0.009913603832856777,False,0.06638645017371403,False,0.20268708331904606,False,0.14764789014089158,False,0.009913603832856777,False
642,0.05556943922300139,False,0.0941046161660033,False,0.0982371018704079,False,0.17727401560871292,False,0.05556943922300139,False
643,0.026829169811602882,False,0.07165207489647041,False,0.15437512615995203,False,0.2110218966939298,False,0.026829169811602882,False
644,0.047265733497172335,False,0.09518036662994706,False,0.16840992467647875,False,0.1461757246490989,False,0.047265733497172335,False
645,0.04138276185023104,False,0.039099646592850146,False,0.16177258197030908,False,0.17586752763460833,False,0.039099646592850146,False
646,0.09404280796848252,False,0.03411542681957003,False,-0.02428090140638739,True,0.21685980279127243,False,-0.02428090140638739,True
647,0.06511838466815978,False,0.056075665959755994,False,0.0622610895351593,False,0.17279325731526374,False,0.056075665959755994,False
648,0.015342841007835561,False,0.0788484855845642,False,0.21703773649528046,False,0.17170923660348247,False,0.015342841007835561,False
649,0.07594010009458674,False,-0.03636377282153247,True,0.12228287919417186,False,0.15959939792877076,False,-0.03636377282153247,True
650,0.13883439504337525,False,0.09196353475326696,False,0.1162405849279472,False,0.1592677162934814,False,0.09196353475326696,False
651,0.015264509677645921,False,0.032524615034888904,False,0.02579993412977477,False,0.1477054151940958,False,0.015264509677645921,False
652,0.06502926754523497,False,0.058958199799992506,False,0.14950171019452146,False,0.19981464848019043,False,0.058958199799992506,False
653,0.12313564003281463,False,0.05955326600808597,False,0.17650936988442723,False,0.17863684229156312,False,0.05955326600808597,False
654,-0.004088122264514937,True,0.013473168198928964,False,0.13960721694721762,False,0.1973049430865087,False,-0.004088122264514937,True
655,0.07333839715574131,False,0.03948029100538808,False,0.19430778275262844,False,0.15648213825839358,False,0.03948029100538808,False
656,0.023568143469156033,False,0.10311382130872943,False,0.12063422127330553,False,0.1754359701364291,False,0.023568143469156033,False
657,0.11911367029073011,False,0.06511045260681536,False,0.019490813483894143,False,0.17687318164161064,False,0.019490813483894143,False
658,0.04086661720389362,False,0.07310203858264375,False,-0.08630822725767817,True,0.2259394111921204,False,-0.08630822725767817,True
659,0.13219845804038693,False,0.092603729126219,False,0.13588728063409106,False,0.18790654033661985,False,0.092603729126219,False
660,0.021614871299297067,False,0.061771290073702745,False,0.20832851223530896,False,0.13419587327790028,False,0.021614871299297067,False
661,0.11928111501674887,False,0.05704213359543142,False,0.11687262548531097,False,0.23032715507859464,False,0.05704213359543142,False
662,0.1553650114628526,False,0.055540293979216004,False,0.147864368302285,False,0.17709719160984366,False,0.055540293979216004,False
663,0.09439511191450534,False,0.09042728582646259,False,0.14130965402616663,False,0.18848985307986266,False,0.09042728582646259,False
664,0.1517228783088697,False,0.10041577542424684,False,0.14046551457342155,False,0.16574108076386657,False,0.10041577542424684,False
665,0.10131032974846288,False,0.07229403779918964,False,0.1175771493370954,False,0.16380217563697813,False,0.07229403779918964,False
666,0.09321414613417556,False,0.02838682820902838,False,0.12089923083994769,False,0.18238742339514535,False,0.02838682820902838,False
667,0.09918297642966895,False,-0.031266581732318,True,0.14504888012709977,False,0.21846866675454768,False,-0.031266581732318,True
668,0.07054780069574751,False,0.056491551194858936,False,0.14837691685818027,False,0.08528871788755832,False,0.056491551194858936,False
669,0.010905419718281295,False,-0.03206349067027536,True,0.09123995632314463,False,0.1733665580651807,False,-0.03206349067027536,True
670,0.1739352616978992,False,-0.03684552811047748,True,0.12662314392933716,False,0.09985845703224916,False,-0.03684552811047748,True
671,0.0794941256991476,False,0.08941035882888959,False,0.16212404070547276,False,0.07108478365517035,False,0.07108478365517035,False
672,0.030310649105934506,False,0.04063569320971816,False,0.14225673488265045,False,0.1743136791863084,False,0.030310649105934506,False
673,0.07232428795445456,False,-0.047738559195914076,True,0.16567226620240522,False,0.14268811450647712,False,-0.047738559195914076,True
674,0.0560518858875908,False,0.04005296285065385,False,-0.07416501215597437,True,0.20950080692391743,False,-0.07416501215597437,True
675,0.17636226412676215,False,0.055869847384396154,False,0.13882178661037953,False,0.10005220064930143,False,0.055869847384396154,False
676,0.0872699447696611,False,0.04474608498645605,False,0.18942138871028125,False,0.21953347402753687,False,0.04474608498645605,False
677,0.15653163055411834,False,0.06583465817961598,False,-0.0694927655209775,True,0.22410530720239435,False,-0.0694927655209775,True
678,0.1165876321871141,False,0.045763585354410496,False,0.1502584145307878,False,0.144223601170907,False,0.045763585354410496,False
679,0.1445930976368201,False,0.03859051000283642,False,0.18342138620438364,False,0.10765567821830746,False,0.03859051000283642,False
680,0.11064912916233505,False,0.03728008913974101,False,0.13230727967422323,False,0.18420850515056164,False,0.03728008913974101,False
681,0.0446916345727546,False,0.06450511626270694,False,0.14579897160104238,False,0.19395534327499864,False,0.0446916345727546,False
682,0.11922845840046997,False,0.08229709185542183,False,0.1382861500961809,False,0.17056160989436486,False,0.08229709185542183,False
683,0.034906542000047946,False,-0.030529551381518583,True,0.141657979435247,False,0.15803063161029085,False,-0.030529551381518583,True
684,0.05790199994094314,False,0.03181392917718506,False,0.1828223101212405,False,0.21384832526576353,False,0.03181392917718506,False
685,0.06446105607876518,False,0.06900670645845197,False,0.1652018550910272,False,0.1960599205176103,False,0.06446105607876518,False
686,0.05706528690666601,False,0.02755506508965555,False,0.08051699619338026,False,0.21284635442459887,False,0.02755506508965555,False
687,0.03476300514549402,False,0.025068035980822412,False,0.14572351811821677,False,0.20682466910776565,False,0.025068035980822412,False
688,0.08430144411374096,False,0.04141348718471283,False,0.11071279133315648,False,0.17221487343000907,False,0.04141348718471283,False
689,0.05450568190420535,False,0.02020148517596121,False,0.15452369775563957,False,0.202301752497745,False,0.02020148517596121,False
690,0.14265233549206163,False,0.03705169894799121,False,0.06863967080903621,False,0.19732193079315902,False,0.03705169894799121,False
691,0.12460045051876606,False,0.0009211350242426253,False,0.21299432621874703,False,0.18349520584343781,False,0.0009211350242426253,False
692,0.08369647432064609,False,0.0479877991762665,False,0.14638143069635845,False,0.181416685268933,False,0.0479877991762665,False
693,0.035102291815325315,False,0.06695941517977344,False,0.20513315102802315,False,0.18476647392848816,False,0.035102291815325315,False
694,0.12618171820005986,False,0.07343583058918157,False,0.14078699165160063,False,0.15886625398522192,False,0.07343583058918157,False
695,0.15696073310547087,False,0.07379358995118235,False,0.030760699200242714,False,0.22958059184425905,False,0.030760699200242714,False
696,0.10665509168759946,False,0.05762786660775532,False,0.09660672957992322,False,0.15506134797438043,False,0.05762786660775532,False
697,0.12679089178441566,False,0.041617451007268325,False,0.13075650653979926,False,0.2024132494202439,False,0.041617451007268325,False
698,0.12497528856215767,False,0.07037913967624565,False,0.16382642604479852,False,0.22873286104469281,False,0.07037913967624565,False
699,-0.01938590597655887,True,0.0743578027277576,False,0.08359740200328081,False,0.18406139363047908,False,-0.01938590597655887,True
700,0.045329615975859605,False,0.017084735438391396,False,0.17298812639906808,False,0.1963929576321321,False,0.017084735438391396,False
701,0.14868000724353603,False,0.06987423582260088,False,0.10978629215044355,False,0.17683873567767888,False,0.06987423582260088,False
702,0.15488772777080417,False,0.08129643779040524,False,0.07598752122472818,False,0.2230620219737956,False,0.07598752122472818,False
703,0.10311643197935205,False,0.049523951479853,False,0.19208850693482038,False,0.16911794053238083,False,0.049523951479853,False
704,0.03449515537483261,False,0.08175414452842694,False,-0.023757764540848547,True,0.16655222498703653,False,-0.023757764540848547,True
705,0.1132028148939262,False,-0.0693065344113587,True,0.07659932687459259,False,0.16420240339044712,False,-0.0693065344113587,True
706,0.06175543070330192,False,0.06559326461962411,False,0.09393488023896146,False,0.17715428523397064,False,0.06175543070330192,False
707,0.04074863696356068,False,0.05701877077206274,False,0.10337133007488408,False,0.20128976818573824,False,0.04074863696356068,False
708,0.06959962714689893,False,0.05704354582346993,False,0.12659724821213986,False,0.18218091176090828,False,0.05704354582346993,False
709,0.16671874535053338,False,0.016060819287979644,False,0.12783462632780135,False,0.19304305191379134,False,0.016060819287979644,False
710,0.14619405576887834,False,0.07262535581478724,False,0.2192069955682162,False,0.20789927798189328,False,0.07262535581478724,False
711,0.1134753193396637,False,0.01885176345705697,False,0.17027372002433616,False,0.14148013581048163,False,0.01885176345705697,False
712,0.16867284647281122,False,0.03352254523191067,False,-0.09082705413010717,True,0.18695782022414942,False,-0.09082705413010717,True
713,0.1404054656260908,False,0.08829748799237952,False,0.10695392331175435,False,0.18125044166807391,False,0.08829748799237952,False
714,0.006519032904095834,False,-0.0202045535055827,True,0.11908991389423351,False,0.19478591979408516,False,-0.0202045535055827,True
715,0.06290886703278264,False,0.05965141898672721,False,0.14075226485937337,False,0.20331487655299996,False,0.05965141898672721,False
716,0.13070128300091716,False,0.052059318871599425,False,0.11052999109215589,False,0.18099618890721242,False,0.052059318871599425,False
717,0.12414655998711277,False,0.06898642176975656,False,0.06551445822637991,False,0.15731033953221335,False,0.06551445822637991,False
718,0.05956425222375872,False,0.052963265718855235,False,0.14996955780753252,False,0.18364897199282876,False,0.052963265718855235,False
719,0.0669890800300379,False,0.021480589964981922,False,0.2196253688322014,False,0.18109726618145205,False,0.021480589964981922,False
720,0.0969948785183784,False,0.11180473071452468,False,0.12445650805704805,False,0.14640937506148755,False,0.0969948785183784,False
721,0.024420768217327082,False,0.07687566701600312,False,0.19429404929814775,False,0.17435410591150663,False,0.024420768217327082,False
722,0.15265279955539168,False,0.00452412110405942,False,0.1281420491775574,False,0.22096540125279435,False,0.00452412110405942,False
723,0.10455755364186231,False,0.01460108851467512,False,0.18032381062606068,False,0.18947424774224325,False,0.01460108851467512,False
724,0.11387605855244437,False,0.015231304162455772,False,0.09354212817388707,False,0.12899509347001126,False,0.015231304162455772,False
725,0.00500929286483609,False,-0.03489734162284208,True,0.12065924492820562,False,0.18774379796620294,False,-0.03489734162284208,True
726,0.03942805732089871,False,0.058661677065386275,False,0.12313740109308369,False,0.22337948498405974,False,0.03942805732089871,False
727,0.022599941146708713,False,0.05644888097400047,False,0.1616830115316526,False,0.18421090552164654,False,0.022599941146708713,False
728,0.06860041973149711,False,0.08852150241313395,False,-0.06289241792866751,True,0.1787821286261192,False,-0.06289241792866751,True
729,0.015710804570011283,False,0.04621982633506816,False,-0.06693872220534847,True,0.1820780539869834,False,-0.06693872220534847,True
730,0.024925050368583612,False,0.08232434072558587,False,0.12229094532701745,False,0.12167535011959374,False,0.024925050368583612,False
731,0.031944369349301005,False,-0.0005618471468208375,True,0.13682900827776828,False,0.20298002410389043,False,-0.0005618471468208375,True
732,-0.01959258895616145,True,-0.03486618734945368,True,0.17889097471575138,False,0.17570448762293878,False,-0.03486618734945368,True
733,0.03313127817271255,False,0.029308578208600666,False,0.1927980952713223,False,0.1453141317221583,False,0.029308578208600666,False
734,0.09992928310662497,False,0.07237113431911246,False,0.07782401211906886,False,0.18114594998002992,False,0.07237113431911246,False
735,0.051243906741972545,False,0.022840604520561913,False,0.16523284285995193,False,0.22156799319906467,False,0.022840604520561913,False
736,-0.017473425810263454,True,0.008836172948798238,False,-0.013246879932920841,True,0.14189717826479914,False,-0.017473425810263454,True
737,0.03173697486363847,False,0.1129028793907435,False,0.2024423631585337,False,0.2349999970479522,False,0.03173697486363847,False
738,-0.007694912259014086,True,0.06613171046583433,False,0.028124419902759157,False,0.17303012195056844,False,-0.007694912259014086,True
739,0.13095218644506273,False,0.07400328329739247,False,0.1540940666724288,False,0.16695570169146995,False,0.07400328329739247,False
740,0.14044175548624593,False,0.08062567538962634,False,0.1296679272309197,False,0.1904989504265907,False,0.08062567538962634,False
741,0.08778684056262809,False,0.09040719404700498,False,0.12644502432889893,False,0.21017614323733363,False,0.08778684056262809,False
742,0.1263679996912171,False,0.02877391459027767,False,0.144362842348094,False,0.16641109280946254,False,0.02877391459027767,False
743,0.06487056825392101,False,-0.02779502710722992,True,0.056033936410597396,False,0.18129774002509108,False,-0.02779502710722992,True
744,0.02136301690186404,False,0.007425745980387255,False,0.08868288518492706,False,0.16232125088546862,False,0.007425745980387255,False
745,0.10986394523541704,False,-0.009094353457850701,True,0.1416000109090877,False,0.16671312687570267,False,-0.009094353457850701,True
746,-0.0029418916171831677,True,0.06168290500716478,False,0.0748975138958099,False,0.22553203928609267,False,-0.0029418916171831677,True
747,0.15374124763981584,False,0.07921967377798295,False,0.20787967819183029,False,0.16442229703633782,False,0.07921967377798295,False
748,0.05913345584021257,False,0.06692593158970805,False,0.16138506161539606,False,0.13445287055276156,False,0.05913345584021257,False
749,-0.006147700243943621,True,0.06587627367076987,False,0.21873430707468533,False,0.14787035428893652,False,-0.006147700243943621,True
750,0.09529507514334484,False,0.05155333653620808,False,0.06422255516520259,False,0.20548173748741644,False,0.05155333653620808,False
751,0.10785058143402537,False,0.020530364686421776,False,0.14525618360336073,False,0.12767854041249072,False,0.020530364686421776,False
752,0.07349416445389856,False,0.01756515567122119,False,0.05238208237833575,False,0.19631939861011544,False,0.01756515567122119,False
753,0.11159967563081613,False,-0.05082769317643321,True,0.12554526373336006,False,0.214823826016188,False,-0.05082769317643321,True
754,0.05491317715846411,False,-0.10023946155932006,True,-0.08622598538186288,True,0.18391823942184005,False,-0.10023946155932006,True
755,0.031055332126751822,False,0.07026954678625286,False,0.13844300782560987,False,0.2050644871589702,False,0.031055332126751822,False
756,-0.025521061788232102,True,0.05399769450096903,False,0.19825408018248736,False,0.20744735427217037,False,-0.025521061788232102,True
757,0.06435147312379552,False,0.05752451067277631,False,0.08446351507801908,False,0.13805713739419057,False,0.05752451067277631,False
758,0.11566434187651892,False,-0.04100294327101073,True,0.15158218629029963,False,0.1990267739543614,False,-0.04100294327101073,True
759,0.05050307086947525,False,0.025034983997893057,False,0.00028632652664073444,False,0.21388936760007815,False,0.00028632652664073444,False
760,0.044548795834756016,False,-0.021362655708085487,True,0.05366460551446006,False,0.2119804640130885,False,-0.021362655708085487,True
761,0.04764167713545586,False,0.038846199714014484,False,0.12158995553557533,False,0.20861439839665308,False,0.038846199714014484,False
762,0.17467353307587613,False,-0.018169068858851722,True,0.07169956014569956,False,0.20771250723698942,False,-0.018169068858851722,True
763,0.11143645808954422,False,-0.04950768750576473,True,0.09038579342591135,False,0.22970826514253906,False,-0.04950768750576473,True
764,0.017171865980877166,False,0.07499891258892,False,0.2169366230003973,False,0.2114174191756628,False,0.017171865980877166,False
765,0.032757847004249996,False,0.07944710165615976,False,0.13563363194287892,False,0.21420304361882125,False,0.032757847004249996,False
766,0.05709603557964571,False,-0.03500268003716578,True,0.12127144546954727,False,0.1904727103935257,False,-0.03500268003716578,True
767,0.023867799432685577,False,0.022185174668026497,False,0.16418560122323572,False,0.2433506063868215,False,0.022185174668026497,False
768,0.09188668829497237,False,0.023386241784728923,False,0.13005798674493663,False,0.21362873658801612,False,0.023386241784728923,False
769,0.03703460977263373,False,0.03038774854585602,False,0.18261523935150747,False,0.13307787284937755,False,0.03038774854585602,False
770,-0.05664070188221515,True,0.07207648836627223,False,0.0952365449866911,False,0.17688925711504938,False,-0.05664070188221515,True
771,0.11013524155221976,False,0.023272617736814993,False,0.15724781170838714,False,0.19376212304043,False,0.023272617736814993,False
772,0.023726060742145116,False,0.050174734861438974,False,0.14039290575085495,False,0.1418999342674659,False,0.023726060742145116,False
773,0.012150680066160158,False,-0.023043005965285968,True,0.17201483300344778,False,0.18122370445107017,False,-0.023043005965285968,True
774,0.044338262885483704,False,0.04536297417057433,False,0.1428164401830797,False,0.13520478533906,False,0.044338262885483704,False
775,0.0005466669340196129,False,0.022035386580295357,False,0.14255275102396286,False,0.17969799958292293,False,0.0005466669340196129,False
776,0.040638638403399874,False,0.07121819506684879,False,0.00041978301565670506,False,0.18151261205606967,False,0.00041978301565670506,False
777,-0.06465278779143013,True,0.0295560607600871,False,0.16646719213280992,False,0.21821375041960162,False,-0.06465278779143013,True
778,0.126083425433195,False,-0.0023275600922932904,True,0.18287777206657863,False,0.1987345201951562,False,-0.0023275600922932904,True
779,0.040210464466733264,False,-0.0019482275046950326,True,0.11680121520868836,False,0.15973860131970047,False,-0.0019482275046950326,True
780,0.044884021160554455,False,0.030309164122786725,False,0.14930271505788478,False,0.19103911514651484,False,0.030309164122786725,False
781,0.044270763918141554,False,-0.004236273710440663,True,0.06209201070731529,False,0.10350584423977782,False,-0.004236273710440663,True
782,0.07424956976828312,False,0.07459331374880063,False,0.20703914865734913,False,0.13605003243564573,False,0.07424956976828312,False
783,0.12289430355847919,False,0.09722503389758397,False,0.20020360694913086,False,0.11255046418850345,False,0.09722503389758397,False
784,0.11825687991406464,False,0.09145899344676461,False,0.007078689177187791,False,0.12705484216776886,False,0.007078689177187791,False
785,0.06458145632271084,False,-0.04951158534348399,True,0.1733999520567085,False,0.19338181652496095,False,-0.04951158534348399,True
786,-0.06422063695731983,True,0.048330705688679254,False,0.16574180822783924,False,0.15341355056380285,False,-0.06422063695731983,True
787,0.007979599240935387,False,-0.05745812298672881,True,0.1426856338711785,False,0.20556854844243927,False,-0.05745812298672881,True
788,0.017100251377009656,False,0.05733262236659975,False,0.14321537597309297,False,0.21551688828578625,False,0.017100251377009656,False
789,0.14132195314595136,False,0.06524396183012326,False,0.1809692244859759,False,0.1147145898613624,False,0.06524396183012326,False
790,0.11126176297609919,False,0.07597741004688896,False,0.15087647009842603,False,0.16745301521639583,False,0.07597741004688896,False
791,0.1159565041624685,False,0.07933954504210344,False,0.2126789102304894,False,0.17490364821059284,False,0.07933954504210344,False
792,0.15617704172515579,False,-0.002374545940476147,True,0.1295244272819921,False,0.19075650038125486,False,-0.002374545940476147,True
793,0.10666449990417332,False,0.08860153639974999,False,0.1604981416856575,False,0.11956464104303699,False,0.08860153639974999,False
794,-0.006552281721279751,True,0.060328861245631527,False,0.07553961894913175,False,0.20116472980031547,False,-0.006552281721279751,True
795,0.09076573893526707,False,-0.08165229329836687,True,0.10454327837474886,False,0.1975164480545047,False,-0.08165229329836687,True
796,0.11801118417337475,False,0.05336810133529879,False,0.16609602500720383,False,0.16570550438702436,False,0.05336810133529879,False
797,0.0878717792479774,False,0.01620495111872422,False,-0.009436459215534043,True,0.2169470300138785,False,-0.009436459215534043,True
798,0.16089118253249296,False,0.05634425065954507,False,0.146005664249797,False,0.19823045531809108,False,0.05634425065954507,False
799,0.14755234926550903,False,0.06047061080476379,False,0.1514045334993619,False,0.19679735573975204,False,0.06047061080476379,False
800,0.1264227796909253,False,0.04720419719106472,False,0.08769587074838969,False,0.13425908242118145,False,0.04720419719106472,False
801,0.1009149422840574,False,0.002879675143574012,False,0.1967737587234566,False,0.11463472430554089,False,0.002879675143574012,False
802,0.1070786114222575,False,0.04861393817562809,False,0.01614984697223143,False,0.18866113654924127,False,0.01614984697223143,False
803,0.1419703133204761,False,-0.001760221696129327,True,0.04959485104494055,False,0.18005460549925073,False,-0.001760221696129327,True
804,0.03303505462880263,False,0.06793093214498336,False,0.1492108024598734,False,0.2153384284588002,False,0.03303505462880263,False
805,0.0013068778407457904,False,0.05163490430140916,False,-0.0195199362967875,True,0.2020688013859171,False,-0.0195199362967875,True
806,0.14711660766561163,False,0.023042773390875237,False,0.1406418806443036,False,0.22571419341868315,False,0.023042773390875237,False
807,0.1370494665245145,False,0.040606616719851885,False,0.18676395174368499,False,0.19034962424372648,False,0.040606616719851885,False
808,0.11693868286450532,False,0.06157769137801883,False,0.06828311335949522,False,0.09507410869242205,False,0.06157769137801883,False
809,0.014594273182173434,False,0.05299656740673753,False,0.17164049897035444,False,0.19494536257596135,False,0.014594273182173434,False
810,0.10114813210095058,False,0.07227851075804759,False,0.13215792645893143,False,0.19652401596544145,False,0.07227851075804759,False
811,0.1588509344480979,False,0.05126636680443608,False,0.08125883340013673,False,0.22108815824561995,False,0.05126636680443608,False
812,0.1763311589057472,False,0.059407937489255325,False,0.027049330227870372,False,0.2011490275770434,False,0.027049330227870372,False
813,0.16440391303947527,False,-0.037721506133890026,True,0.17677754615114383,False,0.16332993547158037,False,-0.037721506133890026,True
814,0.17051534201023133,False,0.039229558662785546,False,0.14126902443581896,False,0.16494497412985376,False,0.039229558662785546,False
815,0.14764315182806703,False,0.055765603516325535,False,0.17253744708132773,False,0.17388988228924834,False,0.055765603516325535,False
816,0.001413301657978261,False,0.0739982403602093,False,0.17926564032478304,False,0.197213956455777,False,0.001413301657978261,False
817,0.14034479165150932,False,0.014571647611470784,False,0.18668309595608434,False,0.22411453362852168,False,0.014571647611470784,False
818,0.08269734530082007,False,-0.023734398229888987,True,0.1436950455289271,False,0.17002427483505994,False,-0.023734398229888987,True
819,0.05614160825085823,False,0.04739132857318362,False,0.20390549483810277,False,0.2322816982649023,False,0.04739132857318362,False
820,0.040004560397356004,False,0.05590146000684493,False,0.18553479674565798,False,0.1636308972211678,False,0.040004560397356004,False
821,0.1470741357984467,False,0.08817448265415034,False,-0.09110168571552468,True,0.12396033013177576,False,-0.09110168571552468,True
822,0.1552370665971422,False,0.047176137547410235,False,0.07550323756295696,False,0.2253236394029482,False,0.047176137547410235,False
823,0.12682973858513386,False,-0.030917078752062177,True,0.10655483017666811,False,0.16283540070961555,False,-0.030917078752062177,True
824,0.16905213473531805,False,0.014619264482859329,False,0.1420026484622942,False,0.17919942887450058,False,0.014619264482859329,False
825,0.12143027535139739,False,0.05702306975877136,False,0.15963102227094766,False,0.2278899107921254,False,0.05702306975877136,False
826,0.10211026681780166,False,0.05357079415042976,False,0.1188411227964028,False,0.13145772663019406,False,0.05357079415042976,False
827,0.0354371373941329,False,0.029457939627469898,False,0.12195248708705203,False,0.19387982519478691,False,0.029457939627469898,False
828,0.08327358779170646,False,0.007834891444006953,False,0.23583905002973038,False,0.13586349869412928,False,0.007834891444006953,False
829,0.04799927977555252,False,0.0487133478784606,False,0.1424643856455483,False,0.2203406779403954,False,0.04799927977555252,False
830,0.007758537978851288,False,0.056595506177351096,False,0.15425732405985715,False,0.15032480512920632,False,0.007758537978851288,False
831,0.0946445482727667,False,0.046056784542203855,False,0.07349328191611637,False,0.07621042016590118,False,0.046056784542203855,False
832,0.13186403089169302,False,0.014739661148649552,False,0.07701270146585937,False,0.21290305462852244,False,0.014739661148649552,False
833,0.1745013207471316,False,-0.0378570101759409,True,0.179003024682457,False,0.20171187271748964,False,-0.0378570101759409,True
834,0.11887175274773953,False,0.07997215552565101,False,0.16642799728503016,False,0.15661647697927383,False,0.07997215552565101,False
835,0.08247138257947062,False,0.07551533938891197,False,0.19497549331216774,False,0.11702450523878549,False,0.07551533938891197,False
836,0.07554072890002705,False,-0.04313847653761782,True,0.12716204042782403,False,0.17858844539530766,False,-0.04313847653761782,True
837,0.130284611384747,False,0.0538665987736765,False,-0.019588865558717417,True,0.19690591729714124,False,-0.019588865558717417,True
838,0.08262131125443262,False,-0.0879771443358831,True,0.09902959795890176,False,0.19118737873176295,False,-0.0879771443358831,True
839,0.13173554298343826,False,0.07082450631401216,False,0.1744682690045553,False,0.12405193049449659,False,0.07082450631401216,False
840,0.1776874020880223,False,0.03453734054588897,False,0.09019838855273876,False,0.1712800709528715,False,0.03453734054588897,False
841,0.09044341294748681,False,0.08891933014553638,False,0.1516989669256743,False,0.18097424219518693,False,0.08891933014553638,False
842,0.07467953092136481,False,0.021684771599769226,False,0.16450181283135323,False,0.1953588056720701,False,0.021684771599769226,False
843,0.04191930301549185,False,0.019735449258547866,False,0.1557089440443043,False,0.17595884393167222,False,0.019735449258547866,False
844,0.09310509559556823,False,0.028804308915191368,False,0.1628430577933,False,0.1450071886090274,False,0.028804308915191368,False
845,0.10494006089867053,False,2.7554947240160388e-05,False,0.038822521905562235,False,0.11704217913921566,False,2.7554947240160388e-05,False
846,0.15788236354609253,False,-0.045345347326191665,True,0.134014696336416,False,0.15458207675201535,False,-0.045345347326191665,True
847,0.03239595106588744,False,0.07343527554897578,False,0.21501387509514264,False,0.17519616157708628,False,0.03239595106588744,False
848,0.14800773474042828,False,0.07537848526523805,False,0.2030844942322298,False,0.1648720360103934,False,0.07537848526523805,False
849,0.16082421699524574,False,0.09838890579466941,False,0.13745200503961874,False,0.06662193267227146,False,0.06662193267227146,False
850,0.05236456643205467,False,0.057604120710721074,False,0.16133457249962685,False,0.07477745139464032,False,0.05236456643205467,False
851,0.05802173560996782,False,0.02113603233136696,False,0.1951721851422063,False,0.17243617551754736,False,0.02113603233136696,False
852,0.09533767275965893,False,0.08326998708168937,False,0.18736189555971172,False,0.09938149188814294,False,0.08326998708168937,False
853,0.13676684600296352,False,0.08008483541968708,False,0.050193201358092576,False,0.1550110861911625,False,0.050193201358092576,False
854,0.05443002776818373,False,0.08227897710849374,False,0.10482519908508148,False,0.15856168649559044,False,0.05443002776818373,False
855,0.0422471973600137,False,0.06959065831592715,False,0.20857679369914878,False,0.17313945769515654,False,0.0422471973600137,False
856,0.03852129919731084,False,0.04759708117256112,False,0.08108367186041765,False,0.21953287255576437,False,0.03852129919731084,False
857,0.14300407144690863,False,0.050507199506387934,False,0.2121119031988416,False,0.1845189969650387,False,0.050507199506387934,False
858,0.16165914636813655,False,0.03057137136474486,False,0.0852452366988612,False,0.09519104844461967,False,0.03057137136474486,False
859,0.10380666426725466,False,0.08119118024306232,False,0.17202813713629478,False,0.07149698978828656,False,0.07149698978828656,False
860,0.11694121317005474,False,0.0004071782953055658,False,0.20960691175575963,False,0.12263127735706258,False,0.0004071782953055658,False
861,0.07281565774849208,False,-0.021478647508105575,True,0.16108323003408564,False,0.1966504295579436,False,-0.021478647508105575,True
862,0.07476802793397752,False,0.07388798351286219,False,0.14454760682608592,False,0.15477369457932677,False,0.07388798351286219,False
863,0.08001219997411424,False,0.0745316800329574,False,-0.0344554019632457,True,0.16854448934200034,False,-0.0344554019632457,True
864,1.1092695305858769e-05,False,5.322605403590419e-05,False,0.1770936887763197,False,0.1872464144845386,False,1.1092695305858769e-05,False
865,0.16213090043032635,False,0.05875159675619379,False,0.17453359510550986,False,0.14320669864296098,False,0.05875159675619379,False
866,0.10305362273523916,False,0.0416408691022262,False,0.136193488255488,False,0.12160424182937524,False,0.0416408691022262,False
867,0.08552963623395204,False,0.08976083946473012,False,0.06844252041727727,False,0.13802011827686778,False,0.06844252041727727,False
868,0.13742734109665827,False,0.05486882588549624,False,0.05000439607955598,False,0.16036482360611765,False,0.05000439607955598,False
869,0.055519075882749735,False,0.038133038978402034,False,0.1852953969352178,False,0.1307728563242898,False,0.038133038978402034,False
870,0.10791844259228583,False,0.056805602100052255,False,0.2118454136621047,False,0.2192472519638466,False,0.056805602100052255,False
871,0.1575504660042133,False,0.0134618231769279,False,0.14442048906089994,False,0.1947160018932999,False,0.0134618231769279,False
872,0.13928751976984255,False,0.03716528775561967,False,0.173690948339896,False,0.11976579331166604,False,0.03716528775561967,False
873,0.11753146897086297,False,0.06803170397675429,False,0.12955473429550624,False,0.21100812318648393,False,0.06803170397675429,False
874,0.07877118363784041,False,0.04441000217477231,False,0.13880385714528298,False,0.1403455082942351,False,0.04441000217477231,False
875,0.07604437537966702,False,0.07015248385927197,False,0.156859188241957,False,0.15166693103876677,False,0.07015248385927197,False
876,0.10402958110968219,False,0.027672300120969107,False,0.17479953176273422,False,0.17847192779378585,False,0.027672300120969107,False
877,0.09433248698336161,False,0.10542994566563824,False,-0.0699844284536556,True,0.15983848702213238,False,-0.0699844284536556,True
878,0.1365147607051544,False,0.07284987307450419,False,0.16813163014162302,False,0.18936997035491288,False,0.07284987307450419,False
879,0.07019605400840212,False,0.040870770793142164,False,0.055330578071905556,False,0.1317544114946082,False,0.040870770793142164,False
880,0.12835751163643105,False,0.08435168391928916,False,0.21265706850759436,False,0.18876762945575243,False,0.08435168391928916,False
881,0.12755570066356048,False,0.08290550382004946,False,0.18158158644973854,False,0.17708801649634331,False,0.08290550382004946,False
882,0.09906781148269317,False,0.05122410758705476,False,0.19496955263820942,False,0.216497752535185,False,0.05122410758705476,False
883,0.09464093427546694,False,-0.05895349315961673,True,0.21128270835808122,False,0.1806777617038095,False,-0.05895349315961673,True
884,0.1020643213657002,False,0.05400907011911127,False,0.1663046785703728,False,0.0756433995001653,False,0.05400907011911127,False
885,0.1374473016230784,False,0.06636227359437985,False,-0.017784970385915533,True,0.19569978368530067,False,-0.017784970385915533,True
886,0.07805159088505553,False,-0.013349116573344477,True,0.05474508920877508,False,-0.00952154744354905,True,-0.013349116573344477,True
887,0.13348185499894244,False,0.08131058310956435,False,-0.02452408631852665,True,0.18729314003068143,False,-0.02452408631852665,True
888,0.009804468783928155,False,0.05135621930461687,False,0.16176918805451235,False,0.15670824338801342,False,0.009804468783928155,False
889,0.055122596487429565,False,0.04651620762301345,False,0.17185992925486165,False,0.1699614435513102,False,0.04651620762301345,False
890,0.12465846177560963,False,0.019180990690161548,False,0.15894825778893812,False,0.2056246623181806,False,0.019180990690161548,False
891,0.08381872662936363,False,-0.05132502974939457,True,-0.007989292921456115,True,0.20633709651736598,False,-0.05132502974939457,True
892,0.0645965653231727,False,-0.003977909229921139,True,0.08647136614162299,False,0.21929905130585753,False,-0.003977909229921139,True
893,0.07657173291437114,False,0.04394881066011469,False,0.19399771211894368,False,0.15654823104018234,False,0.04394881066011469,False
894,0.09724599121948468,False,-0.023203561449092858,True,0.012549426980028033,False,0.06508721568679077,False,-0.023203561449092858,True
895,0.14564246388940016,False,0.024702441824891896,False,0.07925038635483383,False,0.14976323296829508,False,0.024702441824891896,False
896,0.030632544536803308,False,0.04122670235519443,False,0.06606706607837876,False,0.157220968659184,False,0.030632544536803308,False
897,0.014507153075158152,False,-0.012554264633130918,True,-0.0060630567754547116,True,0.20473579743210402,False,-0.012554264633130918,True
898,0.08940473117235415,False,0.049166338522316666,False,-0.007900012367857867,True,0.11823973455331283,False,-0.007900012367857867,True
899,0.009046486514245222,False,0.01957398716609593,False,0.18408613636357246,False,0.17628564202693564,False,0.009046486514245222,False
900,0.1481539097902882,False,0.06538401207370825,False,0.2241082497310833,False,0.15228866843421218,False,0.06538401207370825,False
901,0.12668886435079613,False,0.036072535400238026,False,0.14834249863879156,False,0.204614480656872,False,0.036072535400238026,False
902,0.10911047294596499,False,0.07017602207116935,False,0.11999940300386946,False,0.16832615603651863,False,0.07017602207116935,False
903,0.15867269482053825,False,0.07413339431671828,False,-0.01750334994793279,True,0.09222588573443846,False,-0.01750334994793279,True
904,0.09596457051681745,False,0.026246307122418155,False,0.12763465852347888,False,0.11531313714601088,False,0.026246307122418155,False
905,0.10308461472639313,False,-0.019301893452088104,True,-0.05449751350540022,True,0.15854142517356234,False,-0.05449751350540022,True
906,0.10487779493449617,False,0.056905804778887514,False,0.17768644361172214,False,0.18329132138333248,False,0.056905804778887514,False
907,0.057804483031221654,False,0.06989569963510911,False,0.08613787566186837,False,0.14394093618204634,False,0.057804483031221654,False
908,0.039062225082790225,False,0.08251619201143329,False,-0.02661833600397645,True,0.2116163793429544,False,-0.02661833600397645,True
909,0.08887334756596377,False,0.056358851099998386,False,0.09006495825057714,False,0.17412262761074587,False,0.056358851099998386,False
910,0.14563368598423582,False,0.026082311553729087,False,0.07074753705083214,False,0.11126460616533551,False,0.026082311553729087,False
911,-0.0108689292895916,True,0.07903230602403039,False,0.1720340039502884,False,0.13359575673622526,False,-0.0108689292895916,True
912,0.1664109427559778,False,0.050403892955507845,False,0.16436752193143078,False,0.15660054634409998,False,0.050403892955507845,False
913,-0.05542802292521998,True,0.029547916503341765,False,0.042514939358544335,False,0.21058811868173483,False,-0.05542802292521998,True
914,0.11108862778855655,False,0.06848785469511176,False,0.07876502964916565,False,0.1379954872728787,False,0.06848785469511176,False
915,0.019293854016826262,False,0.037037267382622585,False,0.12735969844403372,False,0.15863932194623032,False,0.019293854016826262,False
916,0.15554082268235736,False,-0.006873518069993145,True,0.11276407602345995,False,0.05346037020278316,False,-0.006873518069993145,True
917,0.11391430287024418,False,0.06807328999549633,False,-0.026137709583035074,True,0.1268107821306037,False,-0.026137709583035074,True
918,0.025285335972026868,False,0.020312760182187195,False,-0.02879389685146383,True,0.05913574416040113,False,-0.02879389685146383,True
919,0.13409695202568106,False,0.08932837006738692,False,0.09976423018014646,False,0.1811650152456289,False,0.08932837006738692,False
920,0.16353534254045832,False,0.0860660538086887,False,0.05113947746499936,False,0.07345525808075992,False,0.05113947746499936,False
921,0.10260698679224428,False,-0.00925992165502143,True,0.004304469728525717,False,0.03541433621011336,False,-0.00925992165502143,True
922,-0.021531196917506157,True,-0.0035087999221977695,True,0.07288547666287626,False,0.13897003564768362,False,-0.021531196917506157,True
923,0.11042306964381937,False,-0.017121282592234666,True,-0.10094908442289552,True,0.03825168865581452,False,-0.10094908442289552,True
924,0.09882992668390367,False,0.08834844870611652,False,-0.024668401786804628,True,0.14031839323159112,False,-0.024668401786804628,True
925,0.1320328300796466,False,-0.07875782175411217,True,0.07168657072438145,False,0.14440217449045067,False,-0.07875782175411217,True
926,0.1413880092996042,False,0.08149891967785611,False,0.17333461429498476,False,0.15515882486259686,False,0.08149891967785611,False
927,0.15246199707300284,False,0.041949081376313924,False,0.10290756708233872,False,0.1932531393695348,False,0.041949081376313924,False
928,0.1404762295208229,False,0.06799355772069271,False,0.12611006731438812,False,0.20303891386061068,False,0.06799355772069271,False
929,0.08415451959375209,False,0.10144104508374202,False,0.11461651324924504,False,0.17570912024759794,False,0.08415451959375209,False
930,0.13969405226161608,False,-0.011008280220043853,True,0.011715340475868863,False,0.19775506480045413,False,-0.011008280220043853,True
931,0.09792170787456783,False,0.09967133340065337,False,0.11364088020964536,False,0.14044490050361325,False,0.09792170787456783,False
932,0.07436272562747759,False,0.061583481599465695,False,0.21664464339159578,False,0.2378723543832476,False,0.061583481599465695,False
933,0.14685390928604014,False,0.050315092507993486,False,0.1139577001555182,False,0.11624354314416263,False,0.050315092507993486,False
934,0.1345533256653419,False,0.07923613092441173,False,0.20185705277504978,False,0.161874665551702,False,0.07923613092441173,False
935,0.1469797385173393,False,0.002894666499673071,False,0.2171518623013829,False,0.21756640226981167,False,0.002894666499673071,False
936,0.06274844750808106,False,0.08141075866802783,False,-0.0685256232642314,True,0.14872824005503543,False,-0.0685256232642314,True
937,0.10482588835873657,False,0.05875209692753558,False,0.16512397394519568,False,0.10532760755451276,False,0.05875209692753558,False
938,0.07142914278306844,False,0.07682310605439935,False,0.07511800784503697,False,0.20551334199242538,False,0.07142914278306844,False
939,0.0807958071923639,False,0.0659429219965687,False,0.07251465469464291,False,0.13820277119546298,False,0.0659429219965687,False
940,0.06250727908679077,False,0.08193835739539113,False,0.1611796393731943,False,0.22702111041241474,False,0.06250727908679077,False
941,0.09323959064557674,False,0.08114968039677095,False,0.12706599059423207,False,0.1438502053499145,False,0.08114968039677095,False
942,0.11496693243878281,False,0.05846789555077503,False,0.14933891155220652,False,0.0657457156985386,False,0.05846789555077503,False
943,0.0270065380640635,False,0.07709583398584674,False,0.20276229546689,False,0.18613984948120793,False,0.0270065380640635,False
944,0.003137837117058062,False,0.03334379578860658,False,0.20258947732507343,False,0.17717037715509,False,0.003137837117058062,False
945,0.03112153923739891,False,0.03558136306344306,False,0.09584331146299252,False,0.1827735804603549,False,0.03112153923739891,False
946,0.1507369736899457,False,0.06674967175052804,False,0.20558711276323932,False,0.19279975639648422,False,0.06674967175052804,False
947,0.17325111370810936,False,0.054517785114545636,False,-0.09659955522935526,True,0.17365033667389396,False,-0.09659955522935526,True
948,0.03570268202746174,False,0.03126927884071673,False,0.203185723154229,False,0.16416210196220127,False,0.03126927884071673,False
949,0.14222121264232845,False,0.10054780825400317,False,-0.0620730130866155,True,0.18539660492109328,False,-0.0620730130866155,True
950,0.15182303151708965,False,0.03832519676424062,False,0.20516247670491788,False,0.2274313431042123,False,0.03832519676424062,False
951,0.12997331207947693,False,0.07299098194117148,False,0.10672716984523212,False,0.19019010370861955,False,0.07299098194117148,False
952,0.16499831208127275,False,0.06194641764779296,False,0.0110827296574314,False,0.20160372086545686,False,0.0110827296574314,False
953,-0.03128669187837585,True,0.08734698506154731,False,-0.03248609539664282,True,0.2266817575266717,False,-0.03248609539664282,True
954,-0.023759287585824906,True,0.08031353624248849,False,0.10384582937967168,False,0.16779669631603028,False,-0.023759287585824906,True
955,0.16696757302141868,False,0.09493279027810947,False,0.1873388704364563,False,0.165422077962115,False,0.09493279027810947,False
956,0.1302571362132111,False,0.06389323552949866,False,0.105878635720425,False,0.2149255836994266,False,0.06389323552949866,False
957,0.011191258386509695,False,0.0705811655485098,False,-0.024231390568036804,True,0.18836378948301435,False,-0.024231390568036804,True
958,0.0543699698023562,False,0.03971283271463655,False,0.05875126970285294,False,-0.016547012997960353,True,-0.016547012997960353,True
959,-0.004366596050703442,True,0.1337664209042299,False,0.040241708740595405,False,0.19299824282943767,False,-0.004366596050703442,True
960,0.13141942844249893,False,0.03197424718038977,False,0.19964131149219794,False,0.1677388383328186,False,0.03197424718038977,False
961,0.1753032401585733,False,0.060784311685181946,False,0.13783001996377786,False,0.16348510633235802,False,0.060784311685181946,False
962,0.11655085887791167,False,0.0784292096309746,False,0.08892781713717512,False,0.04717200499659813,False,0.04717200499659813,False
963,0.14290269671703681,False,0.09330183499302719,False,0.08989874981537382,False,0.19481571354349536,False,0.08989874981537382,False
964,0.14165755079801,False,0.057440958063528225,False,0.14467350227573206,False,0.112928251116163,False,0.057440958063528225,False
965,0.02745882887675466,False,-0.01432826050593039,True,-0.015392457582305008,True,0.2047972305963604,False,-0.015392457582305008,True
966,-0.0004013659400770031,True,0.07496528542626524,False,0.023756831761560293,False,0.1834882484176813,False,-0.0004013659400770031,True
967,0.12226946793565407,False,0.06157089197114618,False,-0.09400883104379487,True,0.19827170099585967,False,-0.09400883104379487,True
968,0.07369287202447616,False,0.06741996011055551,False,0.025592950667700398,False,0.1230613217145965,False,0.025592950667700398,False
969,0.07769124493243484,False,0.11646492042457335,False,0.07961185404949334,False,0.05359022519614587,False,0.05359022519614587,False
970,0.12260764733514329,False,0.019343142917903622,False,0.09689548519441926,False,0.1765871752674571,False,0.019343142917903622,False
971,0.1312369973263819,False,0.014281861230331261,False,-0.004261218571387171,True,0.18802648534732463,False,-0.004261218571387171,True
972,0.08333560732330159,False,0.0361879038053492,False,0.16422605668288176,False,0.1638519108713895,False,0.0361879038053492,False
973,0.08470697061641752,False,0.03645698681642617,False,0.04595463518835352,False,0.1988507820680424,False,0.03645698681642617,False
974,0.0622702653736249,False,0.04938132458719613,False,-0.06865667079802618,True,0.1887511450587514,False,-0.06865667079802618,True
975,0.10957889837270374,False,0.09997715786416306,False,0.05868769603638413,False,0.17764102977528407,False,0.05868769603638413,False
976,0.12880201584216383,False,0.07314299567241445,False,0.15067467587019517,False,0.20185335885713224,False,0.07314299567241445,False
977,0.034341917931192234,False,0.023338675891039662,False,0.011136136602247104,False,0.1228413738565014,False,0.011136136602247104,False
978,0.06443005952475744,False,0.04092572901559377,False,0.1201672740061871,False,0.23341992907518622,False,0.04092572901559377,False
979,0.19301908734738632,False,0.04570112296700113,False,0.024167684279173485,False,0.1133922796200163,False,0.024167684279173485,False
980,0.07729883419405947,False,0.07193756605118862,False,0.12147589523505425,False,0.17477340577492467,False,0.07193756605118862,False
981,0.11163572040850073,False,0.08964582985978714,False,0.024603054271953972,False,0.15202641026862085,False,0.024603054271953972,False
982,0.09542746514260086,False,0.043979657296096986,False,0.19101386089753136,False,0.19899747268982265,False,0.043979657296096986,False
983,0.060848101397493526,False,0.12712291899598588,False,-0.03451961471906684,True,0.15616529246336547,False,-0.03451961471906684,True
984,0.12598640119325522,False,0.044238050161964027,False,0.06194470375329486,False,0.1678387057338142,False,0.044238050161964027,False
985,0.11162163907204314,False,0.04387188991155544,False,0.14054680844262835,False,0.18224045310158254,False,0.04387188991155544,False
986,0.1826143752649831,False,0.09522186691328938,False,-0.05366976163296344,True,0.14076421802815542,False,-0.05366976163296344,True
987,0.14556999913964297,False,0.06917655959450963,False,0.10601401537299515,False,0.21390939402925335,False,0.06917655959450963,False
988,0.1352640454471627,False,-0.06538327319003889,True,-0.009951912838686905,True,0.09646876360311041,False,-0.06538327319003889,True
989,0.14693245205770683,False,0.011671459478972634,False,0.020339909553722446,False,0.2059132076072443,False,0.011671459478972634,False
990,0.06363272012086774,False,0.02628324281581207,False,0.016171932209236628,False,0.18612992587542726,False,0.016171932209236628,False
991,0.16666462807972054,False,-0.010647546718446144,True,0.037067168900221104,False,0.20297116843461166,False,-0.010647546718446144,True
992,0.09935505286850266,False,0.06734480195694625,False,0.12451234063762662,False,0.10723866394889647,False,0.06734480195694625,False
993,0.07086018275617778,False,0.0726279756179351,False,0.04200331516211353,False,0.1676498692581152,False,0.04200331516211353,False
994,0.09817944771346798,False,0.045206168597894725,False,-0.05012202438807911,True,0.21476687063256245,False,-0.05012202438807911,True
995,0.03411002587040579,False,0.07439201029590004,False,0.0016324921928755343,False,0.0962127769165888,False,0.0016324921928755343,False
996,0.1180941407114438,False,-0.012491128370939575,True,0.10115041015998805,False,0.15268314435356845,False,-0.012491128370939575,True
997,0.09860832172614431,False,-0.0003863731322985009,True,-0.096334732083595,True,0.17282358951463028,False,-0.096334732083595,True
998,0.06172582259786552,False,0.08670501593839886,False,0.03954880372994707,False,0.1705141354547018,False,0.03954880372994707,False
999,0.165903529407315,False,0.07256387534467645,False,-0.005892326730167263,True,0.14474802410111415,False,-0.005892326730167263,True
1000,0.10276185893031059,False,0.08751780849689322,False,0.19207299398574101,False,0.2029898694649635,False,0.08751780849689322,False
1001,0.1833751996591495,False,0.06320163842236892,False,0.13838382450673387,False,0.18610075584363944,False,0.06320163842236892,False
1002,0.12531803778618317,False,0.02256695485132454,False,0.15616710950669832,False,0.21778984106647692,False,0.02256695485132454,False
1003,0.08941207806917095,False,0.029967493987320237,False,-0.09565973408854456,True,0.18493820669031852,False,-0.09565973408854456,True
1004,0.16286989756471598,False,0.06115565832801417,False,0.1763201416030084,False,0.19191698258924067,False,0.06115565832801417,False
1005,0.13148822300060947,False,0.0751017963608609,False,0.20076111702994504,False,0.1821811965533197,False,0.0751017963608609,False
1006,-0.05060363968517978,True,0.09167348770631034,False,0.12581104811254418,False,0.1287960055063554,False,-0.05060363968517978,True
1007,0.040998106724905226,False,0.03309785288746758,False,-0.049704182027477284,True,0.21781279105298224,False,-0.049704182027477284,True
1008,0.0931966638166285,False,0.016380454670684053,False,-0.058414047063190866,True,0.09317412218714949,False,-0.058414047063190866,True
1009,0.058365479746880555,False,-0.010196708023883505,True,0.11191056608136085,False,0.2000210099517543,False,-0.010196708023883505,True
1010,0.1152868864597173,False,0.08690300030412496,False,0.12028849283203674,False,0.2258011198008325,False,0.08690300030412496,False
1011,0.07431578627406765,False,-0.03767507796508385,True,0.03720288379132941,False,0.212533569494751,False,-0.03767507796508385,True
1012,0.1772277438034009,False,0.07556177298600075,False,0.12125163072373352,False,0.2299162490816944,False,0.07556177298600075,False
1013,0.07687918553027773,False,0.041107092433969594,False,0.0857825075588381,False,0.18516563387258017,False,0.041107092433969594,False
1014,0.11842044932005119,False,0.008529070833390384,False,-0.06648833373289642,True,0.13055331918057145,False,-0.06648833373289642,True
1015,0.14378308559405295,False,0.025714994358568388,False,0.022692765205566956,False,0.18682166467446254,False,0.022692765205566956,False
1016,0.0013966374798937142,False,0.07187118590858921,False,0.10129708660347236,False,0.1977460432529896,False,0.0013966374798937142,False
1017,0.1295155446375233,False,0.0897091467422656,False,0.021004744100246442,False,0.20414008569447933,False,0.021004744100246442,False
1018,0.11997604881272522,False,0.0596694228935305,False,-0.10257454720822701,True,0.18433294393143784,False,-0.10257454720822701,True
1019,0.07169192055387019,False,0.06372190356639829,False,0.07348724803389106,False,0.18972336727238714,False,0.06372190356639829,False
1020,0.05033667142346143,False,0.07141303125382448,False,0.14135466291982168,False,0.20498716580988058,False,0.05033667142346143,False
1021,0.13887474372428327,False,-0.00684209842098038,True,0.16825912352697453,False,0.14770801382964238,False,-0.00684209842098038,True
1022,0.11415379240926676,False,0.04928044799787423,False,0.21376083316326117,False,0.15460825585272242,False,0.04928044799787423,False
1023,0.11024107887658224,False,-0.011502251699787802,True,0.059755254977265415,False,0.19687826917815487,False,-0.011502251699787802,True
1024,0.10457357515237808,False,0.032716425870100485,False,0.14191450025863317,False,0.1440371103963481,False,0.032716425870100485,False
1025,0.14647339893187894,False,0.0398335462752728,False,0.18285701504934504,False,0.10419644244616755,False,0.0398335462752728,False
1026,0.10768450226624154,False,0.08867270393520471,False,-0.06608955481717826,True,0.15560102878127813,False,-0.06608955481717826,True
1027,0.17219766471752918,False,0.03748859596650511,False,0.16451580766397172,False,0.12163884820453008,False,0.03748859596650511,False
1028,0.1504606730495323,False,0.015325562853189534,False,-0.0064689951423021474,True,0.12600182828574014,False,-0.0064689951423021474,True
1029,0.14938069487209465,False,0.017415712616824508,False,-0.03796430481757063,True,0.1865825296210487,False,-0.03796430481757063,True
1030,0.1432961298565028,False,0.032137077940175174,False,0.08293482126586094,False,0.19507128733860168,False,0.032137077940175174,False
1031,0.1760188946648953,False,0.07251790406976588,False,-0.05123254175324421,True,0.12162433151142893,False,-0.05123254175324421,True
1032,0.09959175356026628,False,0.03787388512758194,False,0.11289920312678858,False,0.14708914830915815,False,0.03787388512758194,False
1033,0.06601062581809314,False,0.06187905096649016,False,0.07556794543427547,False,0.19498405314752915,False,0.06187905096649016,False
1034,0.11909795342296031,False,0.01862502059579063,False,0.13084256565543229,False,0.03137283526132928,False,0.01862502059579063,False
1035,0.16334308086658111,False,0.056666202302993796,False,0.020466688483859685,False,0.08858448816169007,False,0.020466688483859685,False
1036,0.15717599927127046,False,0.04201069407783875,False,0.12439223003774846,False,0.22510881240286346,False,0.04201069407783875,False
1037,0.1362716731119895,False,0.04745017905594595,False,0.11619371036341775,False,0.1504849460790087,False,0.04745017905594595,False
1038,0.07614635789865898,False,0.04890540804146715,False,0.009162675535501319,False,0.1524103829021911,False,0.009162675535501319,False
1039,0.14647633639413649,False,0.055621982675786885,False,0.03972401752991617,False,0.18186507672539165,False,0.03972401752991617,False
1040,0.13003728962292688,False,0.08315906024064051,False,0.03774385936461122,False,0.21774798052024508,False,0.03774385936461122,False
1041,0.13621385839014,False,0.025412862269265757,False,-0.0015916630871402049,True,0.1854474257115074,False,-0.0015916630871402049,True
1042,0.06504768422495566,False,0.03892350373548337,False,0.17746156515959216,False,0.10797538861565692,False,0.03892350373548337,False
1043,0.15209988956418785,False,0.0545984708928996,False,0.12305289753882537,False,0.14255002033822972,False,0.0545984708928996,False
1044,0.03694504651452901,False,0.08758743574423716,False,0.1179108261213695,False,0.14117848621778362,False,0.03694504651452901,False
1045,0.11010748249208041,False,0.03179052720826758,False,0.10642684624540888,False,0.12358596844997405,False,0.03179052720826758,False
1046,0.10145768813380396,False,-0.06320083911869923,True,0.14007726569071016,False,0.1635199033320069,False,-0.06320083911869923,True
1047,0.04838712937165657,False,0.08061678709129916,False,0.10220858516782783,False,0.19156088065885868,False,0.04838712937165657,False
1048,0.11525975330722099,False,0.0848673306168522,False,0.08144675002810331,False,0.20541528927438918,False,0.08144675002810331,False
1049,0.03438871345360206,False,0.08968373752198822,False,0.15082486065038908,False,0.1769462742444871,False,0.03438871345360206,False
1050,0.14524744259329325,False,0.07262838374699443,False,0.07401502377060742,False,0.1988650472085689,False,0.07262838374699443,False
1051,0.09219784391755304,False,-0.08138213550592188,True,-0.0652517208465937,True,0.12209012462617375,False,-0.08138213550592188,True
1052,0.14913209724018794,False,0.0784726756508346,False,0.08536278836098632,False,0.11172731977944395,False,0.0784726756508346,False
1053,0.17328625769545825,False,0.02095699042308019,False,0.1042510530470877,False,0.18016061163644387,False,0.02095699042308019,False
1054,0.15411325520205854,False,0.029405699260219076,False,0.09715643647093075,False,0.20627852330808172,False,0.029405699260219076,False
1055,0.1571332180783021,False,0.06773258017650441,False,-0.029043163194448773,True,0.19679712420547824,False,-0.029043163194448773,True
1056,0.1074945077296584,False,0.020368025103297493,False,0.20718027179494897,False,0.17209532085400586,False,0.020368025103297493,False
1057,0.0670232573957219,False,0.09149723425850476,False,0.15775520182855096,False,0.19310882894731995,False,0.0670232573957219,False
1058,0.04994387772037101,False,0.08413640035056019,False,0.20316760786316723,False,0.09643320180213322,False,0.04994387772037101,False
1059,0.11805248914559269,False,0.03552347103649989,False,0.07227513787114914,False,0.143377892002312,False,0.03552347103649989,False
1060,0.07004161330857583,False,0.008167539894207043,False,0.0514558306492755,False,0.07058452575902707,False,0.008167539894207043,False
1061,0.08038380302888126,False,0.09318534371650461,False,0.027817737715443047,False,0.18772742317512725,False,0.027817737715443047,False
1062,0.1385691230022803,False,0.06334470132009518,False,0.06484591037958531,False,0.1220524674644684,False,0.06334470132009518,False
1063,0.1369677486315941,False,0.06782397742958657,False,0.06514076356844034,False,0.1984486636904776,False,0.06514076356844034,False
1064,0.09879953737225644,False,-0.03723762367124561,True,0.21150424660220113,False,0.10769390603013185,False,-0.03723762367124561,True
1065,-0.013199393640754287,True,0.07468760430723209,False,0.09456875292925493,False,0.06539342861612563,False,-0.013199393640754287,True
1066,0.14865927295391096,False,-0.05455069324224049,True,-0.06809904986001314,True,0.18838071525712385,False,-0.06809904986001314,True
1067,0.14502410562564488,False,0.07183969203752494,False,0.14097201921543606,False,0.19115807086283548,False,0.07183969203752494,False
1068,0.052116679614377714,False,0.09472463979441065,False,0.2206638109632244,False,0.12905366636407323,False,0.052116679614377714,False
1069,0.1277459564805875,False,0.03397503552205983,False,0.1668712503988758,False,0.1688024919481909,False,0.03397503552205983,False
1070,0.03489147116722513,False,0.028773238641036536,False,0.0854622115877981,False,0.1848116832718371,False,0.028773238641036536,False
1071,0.08525714299356324,False,0.09838359917372619,False,0.13260501368350763,False,0.06965675073860778,False,0.06965675073860778,False
1072,0.1921912571835192,False,0.099129235754363,False,-0.00245959747922897,True,0.1918212784477783,False,-0.00245959747922897,True
1073,0.09817463595052112,False,0.07701010937683439,False,0.017657095394431055,False,0.11495874761247571,False,0.017657095394431055,False
1074,0.0915059888937445,False,0.08542762979618868,False,-0.03754953708853992,True,0.1670926512180847,False,-0.03754953708853992,True
1075,-0.023240338379341252,True,0.06013334484766719,False,0.11644492486781888,False,0.13097455049806905,False,-0.023240338379341252,True
1076,0.08468765480369822,False,0.048616743525339734,False,0.1472963149499168,False,0.13708296382954488,False,0.048616743525339734,False
1077,0.055224382003109085,False,-0.025794211984342508,True,0.05927262530004285,False,0.0800779346766014,False,-0.025794211984342508,True
1078,0.14887685074684426,False,0.07951869020058805,False,0.10625126182673805,False,0.18013604229172903,False,0.07951869020058805,False
1079,0.17187142336622696,False,0.02765077383021619,False,0.21534183589735578,False,0.13388864546545565,False,0.02765077383021619,False
1080,0.06569187711936775,False,0.07155790668730078,False,0.228766393994368,False,0.16725536839665306,False,0.06569187711936775,False
1081,0.15750214107148403,False,0.020696724974256786,False,0.07382309253546027,False,0.15298645672873346,False,0.020696724974256786,False
1082,0.09191649340302721,False,0.03308467254856218,False,0.1569510424646689,False,0.1817446720277942,False,0.03308467254856218,False
1083,-0.0030287796863315286,True,0.09374770542920996,False,0.15489492856781972,False,0.15592351599133636,False,-0.0030287796863315286,True
1084,0.0026894212851629185,False,0.0610642060678066,False,0.15047772054152947,False,0.15108690836410094,False,0.0026894212851629185,False
1085,0.11756604319440112,False,0.07475354700827064,False,0.0005861551173166335,False,0.1604839327453234,False,0.0005861551173166335,False
1086,0.12486328314013373,False,0.08161336373134331,False,0.06811770645307391,False,0.1460633157760841,False,0.06811770645307391,False
1087,0.11357358125002831,False,0.041576059642490115,False,0.18779442987156292,False,0.15143953855939307,False,0.041576059642490115,False
1088,0.11230675097732257,False,0.016439482470905653,False,0.056693107291966194,False,0.15523382668539049,False,0.016439482470905653,False
1089,0.1125963426598498,False,0.08534715942214971,False,0.13001095107353283,False,0.13069896047422602,False,0.08534715942214971,False
1090,0.16338171271472962,False,0.029858383140816236,False,0.20593765771636668,False,0.19914194639012445,False,0.029858383140816236,False
1091,-0.005988959857338272,True,0.0878820532924558,False,0.0782297552220117,False,0.16453879533276006,False,-0.005988959857338272,True
1092,0.07029321835193747,False,0.06437158844232249,False,0.03899060021916867,False,0.1660521900270382,False,0.03899060021916867,False
1093,0.04255628157187896,False,-0.0031752969724850866,True,0.2091431339228077,False,0.1718660216269055,False,-0.0031752969724850866,True
1094,0.11596411439676568,False,0.06063147033042071,False,0.1395911560933793,False,0.17720072896073757,False,0.06063147033042071,False
1095,0.05931049561091617,False,0.06397839659945315,False,-0.007204807938773761,True,0.20018747591725783,False,-0.007204807938773761,True
1096,0.13403484031059099,False,-0.01569418930914912,True,-0.08351490437026865,True,0.17180340163720587,False,-0.08351490437026865,True
1097,0.16834193986766055,False,0.07480384238725801,False,0.08808413426732953,False,0.20522761366835401,False,0.07480384238725801,False
1098,0.11189638310557842,False,0.004299791771762984,False,0.06764630230983126,False,0.20592650445294253,False,0.004299791771762984,False
1099,0.030224438180126545,False,0.05230087230421787,False,0.19262135406703057,False,0.19460953595807318,False,0.030224438180126545,False
1100,0.042010881188356164,False,0.017665986879512596,False,0.09800966646188858,False,0.21111254635373644,False,0.017665986879512596,False
1101,0.147813939271638,False,0.08604005338908571,False,0.17883747655714805,False,0.1479673472066073,False,0.08604005338908571,False
1102,0.1048458268827297,False,0.06351909416109025,False,0.14978750223856074,False,0.17456577939678464,False,0.06351909416109025,False
1103,0.1827107682614117,False,0.04002000131229777,False,0.02643681390288266,False,0.12992229558777435,False,0.02643681390288266,False
1104,0.1566373190772139,False,0.0757331702461439,False,-0.021299286048430455,True,0.20264159701522355,False,-0.021299286048430455,True
1105,0.06923541164877833,False,0.02249964055750986,False,0.1775885731649663,False,0.19740788855844937,False,0.02249964055750986,False
1106,0.05813590861811324,False,0.02091536714212161,False,0.014897507862293935,False,0.17263442416163222,False,0.014897507862293935,False
1107,0.11214979916157758,False,0.04990591482654627,False,0.06536414950098579,False,0.14415311101300932,False,0.04990591482654627,False
1108,0.18683048688320775,False,0.01745916008536208,False,0.23310258006227547,False,0.18131552644693616,False,0.01745916008536208,False
1109,0.18078882752971126,False,0.010325813638050407,False,0.13148888855265223,False,0.1179546244944516,False,0.010325813638050407,False
1110,0.052295504395998726,False,0.11892945012346712,False,0.1834893979860613,False,0.19723775668922583,False,0.052295504395998726,False
1111,0.16529495824311302,False,0.08699050317018503,False,0.19832510384177604,False,0.1784578598874758,False,0.08699050317018503,False
1112,0.13084959526495232,False,0.0628929787861332,False,0.10126616392848276,False,0.1457592745778909,False,0.0628929787861332,False
1113,0.03701005575396965,False,-0.0017366679076096236,True,-0.08092545966329812,True,0.16612963255203955,False,-0.08092545966329812,True
1114,0.15527599408591697,False,0.07463472130854354,False,-0.07357130669570822,True,0.17537478956885627,False,-0.07357130669570822,True
1115,0.16807534151804132,False,0.017392683199724535,False,0.15747704382875272,False,0.1792087778193362,False,0.017392683199724535,False
1116,0.08475868458873081,False,-0.04402436184745784,True,-0.057226258788413586,True,0.16687297948231183,False,-0.057226258788413586,True
1117,0.1253700978988344,False,0.046378558525836056,False,0.04041633380722709,False,0.1814354177527327,False,0.04041633380722709,False
1118,0.1201773553931354,False,0.041613629617838765,False,0.0341747076084995,False,0.1803520254263391,False,0.0341747076084995,False
1119,0.054664829323763375,False,0.07651582330764084,False,0.13123483009019676,False,0.10695946971274262,False,0.054664829323763375,False
1120,0.11069363549548994,False,0.006432898645196583,False,0.20844762396390532,False,0.17354543275587142,False,0.006432898645196583,False
1121,0.14921001970338732,False,0.049416381594552417,False,-0.012945473263878404,True,0.12925771852365908,False,-0.012945473263878404,True
1122,0.13049851390828565,False,0.09148343646903295,False,0.12129731015165379,False,0.1472581785433319,False,0.09148343646903295,False
1123,0.15913940302324686,False,0.05862496419382546,False,0.1622625150619429,False,0.09719545518529604,False,0.05862496419382546,False
1124,0.016783024902855104,False,0.09269663355646018,False,0.13845091579627145,False,0.20539879442808023,False,0.016783024902855104,False
1125,0.11170216751923684,False,0.05632412685998789,False,0.10865829753535461,False,0.18589214947702037,False,0.05632412685998789,False
1126,0.13070212524262864,False,0.07103914276483236,False,0.05504580413681692,False,0.16879243722819626,False,0.05504580413681692,False
1127,0.18005557146998957,False,0.07542606242204775,False,0.13129670302398821,False,0.180295310596096,False,0.07542606242204775,False
1128,-0.02577775320229636,True,0.09619500436733791,False,0.15438059543175997,False,0.12920231593801457,False,-0.02577775320229636,True
1129,0.07838204965406514,False,0.09413181799241777,False,0.17774069540521464,False,0.18455798746356572,False,0.07838204965406514,False
1130,0.07693302970281268,False,0.09098194325200154,False,0.13204087606322568,False,0.14095231941709752,False,0.07693302970281268,False
1131,0.18015878053933204,False,0.16667643194503595,False,0.011179034156428513,False,0.20526686371022207,False,0.011179034156428513,False
1132,0.12186966027365959,False,0.05589665444082803,False,0.06675050658619375,False,0.14133169085889363,False,0.05589665444082803,False
1133,0.16400732410392077,False,0.10241360984912856,False,0.19467753417457578,False,0.17402215735267706,False,0.10241360984912856,False
1134,0.1606333139770944,False,0.07588832911855936,False,0.1666695082838438,False,0.19190165078352572,False,0.07588832911855936,False
1135,0.11369463551213149,False,0.07776017084798964,False,-0.06749816738522918,True,0.168961808087163,False,-0.06749816738522918,True
1136,0.07029907926756218,False,0.09719345375537541,False,0.06791852407086063,False,0.18036613073911606,False,0.06791852407086063,False
1137,0.13827830303201455,False,0.07727647373138241,False,0.1402583307454629,False,0.09676643447578448,False,0.07727647373138241,False
1138,0.034669485406620626,False,0.038703902454534145,False,-0.05186920120963101,True,0.19081012180748713,False,-0.05186920120963101,True
1139,0.1499141890675913,False,0.024244878028932937,False,0.07852557349433809,False,0.14238066514030584,False,0.024244878028932937,False
1140,0.012336962663578421,False,0.07558209720110165,False,0.10689336091300994,False,0.05576043042031231,False,0.012336962663578421,False
1141,0.11420320241235088,False,0.05028934927006523,False,-0.01604684858173422,True,0.18475302113057768,False,-0.01604684858173422,True
1142,0.14240312980033415,False,0.04910805493386705,False,-0.01003081657106708,True,0.1153803023739145,False,-0.01003081657106708,True
1143,0.022679803944680943,False,0.09143502845843177,False,0.11171900863119488,False,0.14276349661161697,False,0.022679803944680943,False
1144,0.15797870695873006,False,0.13070916727716775,False,0.1000314999190961,False,0.1015391885223963,False,0.1000314999190961,False
1145,0.07908510475062658,False,0.0439817640264728,False,0.20439223267383472,False,0.10444472411889294,False,0.0439817640264728,False
1146,0.006914269922664862,False,0.10009905178105638,False,-0.018907349211369606,True,0.11296688734866767,False,-0.018907349211369606,True
1147,0.05563527727948803,False,0.054862037931182495,False,0.1376562891032257,False,0.16359275734854273,False,0.054862037931182495,False
1148,0.061771752080955755,False,0.08111487378168053,False,0.10059162812617972,False,0.18142384314189264,False,0.061771752080955755,False
1149,0.07449115255650796,False,0.07910074619683982,False,-0.09369733580400641,True,0.20974576172758214,False,-0.09369733580400641,True
1150,0.040399479565500274,False,0.07986582803592607,False,0.07319913327196448,False,0.19642664275409277,False,0.040399479565500274,False
1151,0.1832712280201123,False,0.13104898185055053,False,0.12956722146448735,False,0.17852244790804284,False,0.12956722146448735,False
1152,0.10941044381120929,False,0.08595626170130133,False,0.09556973423848913,False,0.15742431732168372,False,0.08595626170130133,False
1153,0.06004557224328777,False,0.09923957711913572,False,-0.024801721220854334,True,0.1870635634511264,False,-0.024801721220854334,True
1154,0.17877766390530453,False,0.052727783456447574,False,0.13173410343853925,False,0.18114919405936647,False,0.052727783456447574,False
1155,0.06152542139974637,False,0.0658105525989745,False,0.1095510686115625,False,0.1653607106427113,False,0.06152542139974637,False
1156,0.0753144241778364,False,0.07766588075248015,False,0.007115679060843982,False,0.1814349720972494,False,0.007115679060843982,False
1157,0.06653320022355447,False,0.10651784094783051,False,0.08621667390713394,False,0.1643479893805474,False,0.06653320022355447,False
1158,0.12398917812995075,False,0.01740857352092351,False,0.06540499941439892,False,0.15829938095814283,False,0.01740857352092351,False
1159,0.09014865362316904,False,0.06622065670501909,False,-0.06230215680984197,True,0.18997213682284808,False,-0.06230215680984197,True
1160,-0.010185571781265779,True,0.09153463247530774,False,-0.10250223155219684,True,0.19313783407711554,False,-0.10250223155219684,True
1161,0.0957598877852337,False,-0.012872693004107427,True,0.08869895756098956,False,0.16636322432869932,False,-0.012872693004107427,True
1162,0.16753443208489188,False,0.08579926514654174,False,0.13058326399566145,False,0.169138192092191,False,0.08579926514654174,False
1163,0.14079983978673788,False,0.10212634685540634,False,0.008125416065754343,False,0.13865706960392676,False,0.008125416065754343,False
1164,0.15947309491030753,False,0.034884318068423514,False,-0.08721936161894794,True,0.15085792464177883,False,-0.08721936161894794,True
1165,0.14062549786409773,False,0.11134359548942707,False,-0.08366541022352902,True,0.09736209936113849,False,-0.08366541022352902,True
1166,0.010380007385181744,False,0.09699158074752046,False,0.026715185439851186,False,0.1807091613421557,False,0.010380007385181744,False
1167,0.08827842855570611,False,0.07029652276509091,False,0.15588582559274294,False,0.2089541268449917,False,0.07029652276509091,False
1168,0.012798923878708068,False,0.004809966278516931,False,0.0704153979372314,False,0.1843761718046465,False,0.004809966278516931,False
1169,0.1341494571170037,False,0.09025961126077953,False,0.018861624660351017,False,0.1117728651846408,False,0.018861624660351017,False
1170,0.14820893992964457,False,-0.03888191680998687,True,0.04136695790844558,False,0.1964255214313933,False,-0.03888191680998687,True
1171,0.15666768295038558,False,0.06738521000424247,False,0.11383838401490853,False,0.19811943328751885,False,0.06738521000424247,False
1172,0.03576256885425866,False,0.008545447048220134,False,0.04841291472209652,False,0.18955429380416922,False,0.008545447048220134,False
1173,0.047674193208176785,False,0.07347995037525812,False,0.08653962568380458,False,0.1841877338769491,False,0.047674193208176785,False
1174,0.17705877518806568,False,0.035692696664583745,False,0.005569776954868377,False,0.17332423425583882,False,0.005569776954868377,False
1175,0.08852196505761911,False,0.025191032027056748,False,0.06548878332626928,False,0.20447938724649012,False,0.025191032027056748,False
1176,0.13932805903115714,False,0.06982151079282473,False,-0.07305807574305545,True,0.1213938303079305,False,-0.07305807574305545,True
1177,0.18202416985161607,False,-0.024628931802922915,True,-0.03545915073031469,True,0.18306353190875163,False,-0.03545915073031469,True
1178,0.08150900898689173,False,0.06315768237389474,False,0.13931915038647796,False,0.1809258053075054,False,0.06315768237389474,False
1179,0.058784651936504284,False,0.019752433538824277,False,0.21833883252854785,False,0.1366578960302659,False,0.019752433538824277,False
1180,0.1644838694656443,False,-0.012206147430536718,True,0.1235626868984982,False,0.18982734408224133,False,-0.012206147430536718,True
1181,0.12481640549048645,False,0.06356342885286459,False,-0.060519960594999755,True,0.1961333633141446,False,-0.060519960594999755,True
1182,0.10114443550059232,False,0.009684135903490265,False,0.12991207463102084,False,0.18450186199577673,False,0.009684135903490265,False
1183,0.1390111602055764,False,0.03764078826046635,False,-0.03128163311701104,True,0.1994986452176511,False,-0.03128163311701104,True
1184,0.039279011744166925,False,0.03307651118025012,False,0.16309128664655725,False,0.20290397530539422,False,0.03307651118025012,False
1185,0.08388700745637734,False,0.054898034716641786,False,0.10859497464376544,False,0.21076388601477614,False,0.054898034716641786,False
1186,0.14827923931139697,False,-0.02370972045867681,True,0.0403213986497577,False,0.1742259966505733,False,-0.02370972045867681,True
1187,0.17623309285124994,False,0.07098505170495906,False,0.17542493178375757,False,0.21009710796997372,False,0.07098505170495906,False
1188,0.12852427741741773,False,0.0690635848997394,False,-0.022174299457637825,True,0.20336626407626662,False,-0.022174299457637825,True
1189,0.12894477613087457,False,0.008181538801674715,False,0.09356730094756982,False,0.20225750548085175,False,0.008181538801674715,False
1190,0.17234249689772885,False,0.052043538443156456,False,-0.003696289212716808,True,0.20285120671047008,False,-0.003696289212716808,True
1191,0.07717584874783856,False,0.061073583603214465,False,-0.043727303102710446,True,0.1938847493135602,False,-0.043727303102710446,True
1192,0.14679767846750996,False,0.03735416409359871,False,-0.03288351190900307,True,0.1848218237658224,False,-0.03288351190900307,True
1193,0.08251008280547056,False,0.07339384898206747,False,0.1041486086380724,False,0.19372987863721952,False,0.07339384898206747,False
1194,0.11204812757219929,False,-0.02392044773335278,True,-0.10684279338889113,True,0.1513088542183071,False,-0.10684279338889113,True
1195,0.15206197246304792,False,0.041301930269915355,False,0.05738913181577732,False,0.16515171897604308,False,0.041301930269915355,False
1196,0.12191621942661984,False,-0.026645144680670363,True,-0.03227356456820829,True,0.1193887199030288,False,-0.03227356456820829,True
1197,-0.030686935815772864,True,0.04795650994755207,False,0.05988569732140625,False,0.21034736281289157,False,-0.030686935815772864,True
1198,0.1546502447454668,False,0.0490944794796101,False,0.035867952125204106,False,0.20752668477085412,False,0.035867952125204106,False
1199,0.1653907227796964,False,-0.009161218787740566,True,0.155467265238671,False,0.07636936601945787,False,-0.009161218787740566,True
1200,0.11806916710753329,False,0.06420572149896409,False,0.005871664963363443,False,0.16255922789384913,False,0.005871664963363443,False
1201,0.09160382419351087,False,0.08943795838187207,False,0.02791414509285517,False,0.16503301387479602,False,0.02791414509285517,False
1202,0.006406890780238483,False,-0.05088885556196521,True,0.03195719012718401,False,0.1855802788209105,False,-0.05088885556196521,True
1203,0.1518138782473628,False,0.06530688374485283,False,0.08794845192226042,False,0.0890316885940956,False,0.06530688374485283,False
1204,0.04789559915626085,False,-0.0026083134484824466,True,0.13726789052925958,False,0.14611442954822712,False,-0.0026083134484824466,True
1205,0.09349285549037945,False,-0.041735305835803316,True,-0.018594932942007425,True,0.1626583914114268,False,-0.041735305835803316,True
1206,0.14826206038636552,False,0.09242606917612112,False,-0.01616452529115353,True,0.2073538586428602,False,-0.01616452529115353,True
1207,0.15653257552417088,False,0.052156159666403745,False,0.03859970129449186,False,0.10121592352609021,False,0.03859970129449186,False
1208,0.1248746673621442,False,0.05605770363648055,False,0.053612468221400755,False,0.15972747725844455,False,0.053612468221400755,False
1209,0.14154580472676465,False,0.08625944005418867,False,0.17637268240497223,False,0.09125407535689078,False,0.08625944005418867,False
1210,0.1198180789772107,False,-0.03101710169713634,True,0.12262832523417194,False,0.06535999630697797,False,-0.03101710169713634,True
1211,0.10414074120324335,False,0.07090922229394547,False,0.04467450772721193,False,0.158177562269812,False,0.04467450772721193,False
1212,0.07537344848391736,False,0.02946194886202791,False,0.20483761687045404,False,0.2043994624109669,False,0.02946194886202791,False
1213,0.04888184651484717,False,0.06213900525715921,False,0.1809052564999813,False,0.1903575933576953,False,0.04888184651484717,False
1214,0.11195108204222914,False,0.023439376762228847,False,0.027836504303488274,False,0.21482890113821684,False,0.023439376762228847,False
1215,0.1502870496644348,False,0.036610330016279446,False,0.12660271214209456,False,0.1447033851739899,False,0.036610330016279446,False
1216,0.05806018792431522,False,0.07654728270011157,False,0.0013164169711363805,False,0.1667941641173124,False,0.0013164169711363805,False
1217,0.17843995813326624,False,0.07464040839041741,False,0.1051168525531162,False,0.159024364642045,False,0.07464040839041741,False
1218,0.1353770252278837,False,0.06273595790298658,False,0.03775790460173056,False,0.1780963741197208,False,0.03775790460173056,False
1219,0.09930410827108388,False,0.08208021835151558,False,-0.010154522920843512,True,0.02653910160157602,False,-0.010154522920843512,True
1220,0.02669150478031379,False,0.037292484224630607,False,0.17298714783972408,False,0.14963201198022202,False,0.02669150478031379,False
1221,0.005645164173289308,False,0.06852440920243741,False,0.18831905774641133,False,0.1804818866545308,False,0.005645164173289308,False
1222,0.13241572440710364,False,0.06106911936582182,False,0.09807786475265223,False,0.10673991019644513,False,0.06106911936582182,False
1223,0.12005215371931494,False,-0.02172206615335104,True,0.050302253403873065,False,0.15939278200763934,False,-0.02172206615335104,True
1224,0.08469076950679744,False,0.08301606998082672,False,0.20581206622559867,False,0.2012698139371662,False,0.08301606998082672,False
1225,0.12802653145358817,False,0.07950965901498602,False,-0.05980982308777183,True,0.21226586706635014,False,-0.05980982308777183,True
1226,0.11076637016068847,False,0.0720087407257074,False,0.10926686730715218,False,0.1637528285005403,False,0.0720087407257074,False
1227,0.1129445816080763,False,0.035221598779773156,False,0.17188374176779775,False,0.22774921231568995,False,0.035221598779773156,False
1228,0.14675825347817634,False,0.08333208866507219,False,0.11420011480423387,False,0.1977839711880614,False,0.08333208866507219,False
1229,0.12819204702776832,False,0.06650056498773549,False,0.07674904055766385,False,0.20488164076641435,False,0.06650056498773549,False
1230,0.13660131260097658,False,0.04609181055765599,False,0.16850122511816762,False,0.17343352223602937,False,0.04609181055765599,False
1231,0.14276413273225919,False,0.026206846793507488,False,0.11522692989044858,False,0.14849022831604652,False,0.026206846793507488,False
1232,0.15102312977766696,False,0.06549576430127446,False,0.09793167582329665,False,0.08703172295710415,False,0.06549576430127446,False
1233,0.07444280028097372,False,0.053797293487706344,False,0.12115877822069826,False,0.2028220549644142,False,0.053797293487706344,False
1234,0.138742630977234,False,0.018673598629698862,False,0.03173978755132534,False,0.057581848406229486,False,0.018673598629698862,False
1235,0.17668840844956746,False,0.04998876951030473,False,0.2139725913780352,False,0.18336289958458368,False,0.04998876951030473,False
1236,0.15675844228546298,False,0.07287939623852113,False,0.14107885016898652,False,0.13874791302618283,False,0.07287939623852113,False
1237,0.13117354498573658,False,0.06642828053657879,False,-0.07770161992621138,True,0.22274031740570704,False,-0.07770161992621138,True
1238,-0.007109351650100515,True,0.07256653625931342,False,0.1218449267356741,False,0.1820541579599359,False,-0.007109351650100515,True
1239,0.012598860295400915,False,0.050603573759519294,False,0.09519464134505895,False,0.16707339183246983,False,0.012598860295400915,False
1240,0.07128264133037798,False,0.05362881122137342,False,-0.047917334612028295,True,0.21475664375775877,False,-0.047917334612028295,True
1241,0.046973012807240866,False,0.0410065900913118,False,0.21921015230284568,False,0.2026136384015395,False,0.0410065900913118,False
1242,0.11562471485602327,False,-0.004529966031221022,True,0.0005345789263301315,False,0.2299360266187072,False,-0.004529966031221022,True
1243,0.1583806033948581,False,0.0818555264587858,False,0.15566919902833026,False,0.1843665317845254,False,0.0818555264587858,False
1244,0.1267398639975088,False,0.10390802011183076,False,0.030821268122702805,False,0.2341686937337133,False,0.030821268122702805,False
1245,0.1336843750237262,False,0.07998361069031207,False,-0.012038179569506369,True,0.20005469803619952,False,-0.012038179569506369,True
1246,0.049688647170332056,False,0.0543165343914368,False,0.14343370280026163,False,0.2201936874370991,False,0.049688647170332056,False
1247,0.16520041151679765,False,0.04167452993961507,False,0.18546401252554606,False,0.2127342562388096,False,0.04167452993961507,False
1248,0.11685427721580477,False,0.05355293270533912,False,0.1632147933883485,False,0.1683916421350481,False,0.05355293270533912,False
1249,0.14050520553177553,False,0.09284647127465534,False,0.09875381230005553,False,0.13452058710438797,False,0.09284647127465534,False
1250,0.11486659274248412,False,0.07427859824226302,False,-0.015916091973903534,True,0.12496313732771847,False,-0.015916091973903534,True
1251,0.10715720842998455,False,0.014102014840062238,False,-0.05129176127844137,True,0.19044958219587216,False,-0.05129176127844137,True
1252,0.06200055809423777,False,0.04249733921298049,False,0.2261037035407939,False,0.2241482735625659,False,0.04249733921298049,False
1253,0.1498266984345264,False,0.07367168702440274,False,0.10616377897319207,False,0.14393017912018247,False,0.07367168702440274,False
1254,0.17187628553334833,False,0.008100923878893052,False,-0.019908710336212,True,0.1555642291988728,False,-0.019908710336212,True
1255,0.15205828160245222,False,0.06320497987539497,False,-0.005171406146418311,True,0.21764548295520325,False,-0.005171406146418311,True
1256,0.12616460369800442,False,-0.03737364679084165,True,-0.0333692192891033,True,0.16414550287469248,False,-0.03737364679084165,True
1257,0.12609293827742257,False,0.017159491955664463,False,0.12949292253939582,False,0.19806654709529153,False,0.017159491955664463,False
1258,0.11860331747529135,False,0.0014529625290815584,False,0.00819895551126304,False,0.19482178978062326,False,0.0014529625290815584,False
1259,0.0718936753124616,False,0.049082279008988094,False,0.13754660631379806,False,0.21336401259225618,False,0.049082279008988094,False
1260,0.00540798570433354,False,0.03155132493577173,False,0.22954471680161276,False,0.18839445672044663,False,0.00540798570433354,False
1261,0.14819338263283105,False,0.09123885990181224,False,0.1462789697399039,False,0.2056119805355595,False,0.09123885990181224,False
1262,0.08343456231602575,False,0.03378115546953919,False,0.17127392069994235,False,0.2057251288592467,False,0.03378115546953919,False
1263,0.12035543726579578,False,0.03065987917283397,False,-0.008137024065897003,True,0.18231300682351104,False,-0.008137024065897003,True
1264,0.13952758122423892,False,0.057219909488218756,False,0.10575877236589148,False,0.16475642912474492,False,0.057219909488218756,False
1265,0.07010206382518935,False,0.03131917971279985,False,0.12377771677909721,False,0.1915745541238511,False,0.03131917971279985,False
1266,0.1431634783836021,False,0.002371801625171588,False,0.004018116909691671,False,0.2222994399200926,False,0.002371801625171588,False
1267,0.1387195332089921,False,0.025216540089258777,False,0.1643898249783064,False,0.20357056313632038,False,0.025216540089258777,False
1268,0.07279933576482278,False,0.05112846343155686,False,0.05728162332384157,False,0.22562666813325394,False,0.05112846343155686,False
1269,0.12920427170211335,False,0.0499686571897523,False,0.006291353294316293,False,0.2204343796418653,False,0.006291353294316293,False
1270,0.10766870002334689,False,0.016846641024146125,False,0.003828894477170941,False,0.1677046839395776,False,0.003828894477170941,False
1271,0.12305034870632758,False,0.01694487154266333,False,-0.05893172573677341,True,0.2360681482812652,False,-0.05893172573677341,True
1272,0.05245597470162633,False,0.003491572893363104,False,0.11950087893953454,False,0.1851118686421408,False,0.003491572893363104,False
1273,0.17223688457183828,False,0.06533271184565115,False,0.022275977584057638,False,0.20202954170446452,False,0.022275977584057638,False
1274,0.08630270870350176,False,0.08015156084726965,False,0.006233187481262004,False,0.07960019181325606,False,0.006233187481262004,False
1275,0.15506362662283124,False,0.0857515238635308,False,0.21227927878731967,False,0.09139009833872902,False,0.0857515238635308,False
1276,0.07881317570222102,False,0.07947366226083813,False,0.12456751630995905,False,0.14030485548627147,False,0.07881317570222102,False
1277,0.10654204794510791,False,0.08727585425776446,False,-0.012894442361924496,True,0.1877808279462745,False,-0.012894442361924496,True
1278,0.045846124504186125,False,-0.034695379472213794,True,-0.007227432236720954,True,0.1464813972333518,False,-0.034695379472213794,True
1279,-0.025388951670639592,True,-0.016887440541149434,True,0.1276485931523788,False,0.1865162029447634,False,-0.025388951670639592,True
1280,-0.004985778430587673,True,0.10441364472056269,False,0.1358249751089619,False,0.12497758949373272,False,-0.004985778430587673,True
1281,0.04287640779117685,False,0.0684023385557685,False,0.18644029040788018,False,0.08672221648105505,False,0.04287640779117685,False
1282,0.10442216827443973,False,0.04406840514850019,False,0.12026389494032885,False,0.19150060548030262,False,0.04406840514850019,False
1283,0.12340688180451048,False,0.05034724693098458,False,0.14007084174293666,False,0.167171447690808,False,0.05034724693098458,False
1284,0.12863705732332065,False,0.140095554849075,False,0.15705653234666045,False,0.1606757210694318,False,0.12863705732332065,False
1285,0.12139981927095056,False,0.05427766599849615,False,0.13159207926372546,False,0.19056308239626524,False,0.05427766599849615,False
1286,0.10191110426690525,False,0.10146952599113412,False,0.13572053707632514,False,0.06717830120119861,False,0.06717830120119861,False
1287,0.05672183468693248,False,0.02651184039443244,False,0.21400997380122821,False,0.17531182837800807,False,0.02651184039443244,False
1288,0.1292871340882198,False,-0.003244279410803963,True,0.16084008757216245,False,0.1050861542715874,False,-0.003244279410803963,True
1289,0.12479772228767194,False,0.07981248458784845,False,0.22834404090360083,False,0.14297397049801064,False,0.07981248458784845,False
1290,0.09913062477770729,False,0.004534824049483244,False,0.11771733273774532,False,0.200345381147086,False,0.004534824049483244,False
1291,0.04490809303457399,False,0.05492412324687501,False,0.0943985516713921,False,0.15463633713333008,False,0.04490809303457399,False
1292,0.11489084611822792,False,0.06456347034498422,False,0.20377602004436057,False,0.18231759829638916,False,0.06456347034498422,False
1293,0.1021463695590758,False,0.06565177412517176,False,0.19281485241706636,False,0.12333346613507734,False,0.06565177412517176,False
1294,0.1273326319682545,False,0.10634123042900101,False,0.10133258875367335,False,0.14091152145283303,False,0.10133258875367335,False
1295,0.05642426089284147,False,0.11025339501827669,False,0.1202968499852694,False,0.08735071514472093,False,0.05642426089284147,False
1296,0.12570104724288278,False,0.10474589332603607,False,0.21251850035140696,False,0.16316473657521452,False,0.10474589332603607,False
1297,0.010717461735369471,False,0.11956894851932892,False,0.16022002905685367,False,0.143399961189965,False,0.010717461735369471,False
1298,0.029774345205456743,False,0.08669201271652477,False,0.17770726247159635,False,0.11566000192709869,False,0.029774345205456743,False
1299,0.1036354764388005,False,0.08838896677933361,False,0.11287133619472423,False,0.11162641982587374,False,0.08838896677933361,False
1300,0.11099861311804943,False,0.07100151022172274,False,-0.03801551291518801,True,0.16539287033874184,False,-0.03801551291518801,True
1301,0.1723750627932077,False,0.059463242586882514,False,0.21913865429438772,False,0.17174454673847228,False,0.059463242586882514,False
1302,0.16709635147157748,False,0.09619605607587389,False,0.1516467445604308,False,0.1467096084606479,False,0.09619605607587389,False
1303,0.07234862564877664,False,0.10129798309429394,False,0.1496709459234819,False,0.09568810111860893,False,0.07234862564877664,False
1304,0.10705497445388007,False,0.041662314052076654,False,0.13712011625734283,False,0.11017062029668068,False,0.041662314052076654,False
1305,0.17063346307306454,False,0.09077304879170295,False,0.20260726564596732,False,0.12619997833010455,False,0.09077304879170295,False
1306,0.08981298178105623,False,0.054298947936158526,False,0.07628883878656556,False,0.1599620629272427,False,0.054298947936158526,False
1307,0.108985728748968,False,0.0666552949342204,False,0.16634558372532876,False,0.1843609833585031,False,0.0666552949342204,False
1308,0.05248914795774018,False,-0.049769948864339275,True,0.22202372967793887,False,0.16308417844162754,False,-0.049769948864339275,True
1309,0.09565962926513516,False,0.043054359237774564,False,0.07928670494836842,False,0.1351213757958991,False,0.043054359237774564,False
1310,0.09739783327107349,False,0.08484278362295727,False,0.1759786476799754,False,0.20365906287568775,False,0.08484278362295727,False
1311,0.10989727814786554,False,0.0646426265137231,False,0.195447470673418,False,0.16609568024520688,False,0.0646426265137231,False
1312,0.13379514984735663,False,-0.0007736739172233831,True,0.036909949197100556,False,0.16901945069519314,False,-0.0007736739172233831,True
1313,0.11477961432888856,False,0.0878427082084321,False,0.01603332289086401,False,0.12385396390552128,False,0.01603332289086401,False
1314,-0.0044576085890812855,True,-0.003259159534496625,True,0.21265022175953696,False,0.015145871453248638,False,-0.0044576085890812855,True
1315,0.11291902538218912,False,0.08645975378422577,False,0.1099599464719806,False,0.17981815624261382,False,0.08645975378422577,False
1316,0.15932297135056223,False,0.07483320134325389,False,0.13874718545835696,False,0.14678501133199762,False,0.07483320134325389,False
1317,0.16220773198058736,False,0.02091023040281681,False,0.010596545382757117,False,0.18725419451044178,False,0.010596545382757117,False
1318,0.13577799173181282,False,0.04302811562070452,False,0.183212742846657,False,0.15421885573971528,False,0.04302811562070452,False
1319,0.1214408350558916,False,0.05400586456003009,False,0.1610376224443763,False,0.18217270632838672,False,0.05400586456003009,False
1320,0.11416206832162129,False,0.07554106242990644,False,-0.06542821261497589,True,0.17000972426560507,False,-0.06542821261497589,True
1321,0.08839709506934379,False,0.0862652722527314,False,0.18389901103568668,False,0.1798786660100612,False,0.0862652722527314,False
1322,0.13203007311716475,False,0.1050058269752211,False,0.05277406640997662,False,0.20359907895400275,False,0.05277406640997662,False
1323,0.1326615997550104,False,0.033351802059823576,False,0.19318270514585723,False,0.17345959682709233,False,0.033351802059823576,False
1324,0.15031338402699135,False,0.05380509349065832,False,0.1891807657242806,False,0.14399221183457978,False,0.05380509349065832,False
1325,0.1566882326942462,False,0.07069020744931465,False,0.014950828347670586,False,0.13746401040399614,False,0.014950828347670586,False
1326,0.17125188915974737,False,0.139470919203257,False,0.03815491310215913,False,-0.015849109898272817,True,-0.015849109898272817,True
1327,0.0646839369313914,False,0.05851074447686022,False,0.1855852202320286,False,0.13972663258448892,False,0.05851074447686022,False
1328,-0.0027025316099825725,True,0.08073735399786636,False,-0.056250087129194104,True,0.11872073633471081,False,-0.056250087129194104,True
1329,0.13407678402712275,False,-0.018345840970902194,True,0.06142206088750213,False,0.17713750954124913,False,-0.018345840970902194,True
1330,0.14685041938074422,False,0.10845488063285436,False,0.17837881785289478,False,0.17577049063710898,False,0.10845488063285436,False
1331,0.15100543955456214,False,0.1398121272387809,False,0.1805027412314011,False,0.17818200561637593,False,0.1398121272387809,False
1332,0.07948853515169718,False,0.10175847882414069,False,0.1789111949388758,False,0.19310360791716324,False,0.07948853515169718,False
1333,0.10387485417445302,False,-0.0014593118801906613,True,0.009027128925261252,False,0.16382380873265173,False,-0.0014593118801906613,True
1334,0.06493125816981948,False,0.10267555622797336,False,0.13720025495734012,False,0.17033127584984992,False,0.06493125816981948,False
1335,0.16715446499280578,False,0.06373326697754689,False,0.2019663970737136,False,0.16305393403348983,False,0.06373326697754689,False
1336,0.1208762549007481,False,0.019956785940471455,False,0.10948198329903658,False,0.19644299367819235,False,0.019956785940471455,False
1337,0.15700583156761883,False,0.10176574532906696,False,0.21706935731625354,False,0.1411989412031286,False,0.10176574532906696,False
1338,0.09314203472524119,False,0.05342157517443713,False,0.17657866618670243,False,0.17493261901514062,False,0.05342157517443713,False
1339,0.10321355552548145,False,0.098219355267822,False,-0.07707339610181885,True,0.1572246859186579,False,-0.07707339610181885,True
1340,0.12016622751363959,False,0.08948721070271642,False,-0.021237487364827223,True,0.1285172096679198,False,-0.021237487364827223,True
1341,0.12474555133599363,False,0.05546895648219363,False,0.19612118004644213,False,0.13297753091341502,False,0.05546895648219363,False
1342,0.018793121828597603,False,0.041995320047638285,False,0.18964827911750037,False,0.1429683751092008,False,0.018793121828597603,False
1343,0.12318442763479476,False,0.07950466447330273,False,0.06028802935232713,False,0.18558539485083858,False,0.06028802935232713,False
1344,0.10227044157003173,False,0.0860457122809049,False,0.15095148018864618,False,0.1583907472190475,False,0.0860457122809049,False
1345,0.07964015452238249,False,0.08252196068601142,False,0.04875291520758129,False,0.196036881719309,False,0.04875291520758129,False
1346,0.13439798708849082,False,0.08717280063315425,False,0.09351574916400307,False,0.19052040312162466,False,0.08717280063315425,False
1347,0.17341320557050027,False,0.05287775822221841,False,0.16231672930606394,False,0.18801414142905398,False,0.05287775822221841,False
1348,0.12309671698822,False,0.09858751432011592,False,0.1612444555208875,False,0.16370254882623952,False,0.09858751432011592,False
1349,0.1074462391181476,False,0.02829329241987688,False,0.048074836319582204,False,0.1462137895601746,False,0.02829329241987688,False
1350,0.1187984313399057,False,0.033238999903510646,False,-0.03707817918452483,True,0.1634908043902773,False,-0.03707817918452483,True
1351,-0.03546061989913307,True,0.05871811728220411,False,0.16485193439946866,False,0.15718278246126255,False,-0.03546061989913307,True
1352,0.18094256971954809,False,-0.02614310693624633,True,0.030698729249091117,False,0.19711082897467136,False,-0.02614310693624633,True
1353,0.07755726089183834,False,-0.059296894572867576,True,0.06806484339583418,False,0.14844697016950342,False,-0.059296894572867576,True
1354,0.12195828791171026,False,0.07534562028912095,False,0.0947445811587444,False,0.0900099750111667,False,0.07534562028912095,False
1355,0.11832196948681589,False,-0.019812351243309267,True,0.19116426360278677,False,0.18302284390543166,False,-0.019812351243309267,True
1356,0.11796762506720038,False,0.07256995336576699,False,0.14950703927570863,False,0.19968041780950957,False,0.07256995336576699,False
1357,0.14817234313535382,False,0.033817245723519296,False,0.16185652650171078,False,0.1545356632501484,False,0.033817245723519296,False
1358,0.12689250567782506,False,0.011392819639628127,False,0.11059597126754361,False,0.18733037363156047,False,0.011392819639628127,False
1359,0.16868715765542375,False,0.07464298645542689,False,0.1174556031855638,False,0.17628376344598745,False,0.07464298645542689,False
1360,0.08450902328521881,False,0.060186732283877054,False,0.04136427887935157,False,0.19808021300853834,False,0.04136427887935157,False
1361,0.13610892130318653,False,0.09058925168632564,False,0.1323530977958861,False,0.16941972532990185,False,0.09058925168632564,False
1362,0.15276369416978974,False,0.023712778582077654,False,0.09945837354082676,False,0.16482136773018896,False,0.023712778582077654,False
1363,-0.0020757584227523163,True,0.06064581273074754,False,0.0866951305845507,False,0.13020513716527637,False,-0.0020757584227523163,True
1364,0.015071364574995916,False,0.07882111349338078,False,0.03319433366701485,False,0.19702092419308392,False,0.015071364574995916,False
1365,0.11789465063957405,False,0.08375561164508766,False,0.12383913399947971,False,0.18041682470704135,False,0.08375561164508766,False
1366,0.04340794029373907,False,-0.010671005910614428,True,0.08753751137603649,False,0.1797103010317025,False,-0.010671005910614428,True
1367,0.18143074774915063,False,-0.0069351995924055165,True,0.15142374615568538,False,0.15930973044098595,False,-0.0069351995924055165,True
1368,0.10916405607127622,False,0.06271948780061254,False,0.042740669686563426,False,0.1532153660531641,False,0.042740669686563426,False
1369,0.11634838240647988,False,-0.021837853976047983,True,0.12368325989529527,False,0.16953804675508677,False,-0.021837853976047983,True
1370,0.18361612410625872,False,-0.024467350210187977,True,-0.011656544670018865,True,0.1873992346223689,False,-0.024467350210187977,True
1371,0.14610976169943335,False,0.08179570464252395,False,0.17084862344770513,False,0.18348170492308769,False,0.08179570464252395,False
1372,0.12378429073312086,False,0.11387922629824315,False,0.09626568996308793,False,0.03041680406602887,False,0.03041680406602887,False
1373,0.11325436318842286,False,0.07956859801048982,False,0.2157178734931839,False,0.1752638811559285,False,0.07956859801048982,False
1374,0.06428977140492409,False,0.10609630402589676,False,-0.025540147407626335,True,0.1634520943178393,False,-0.025540147407626335,True
1375,0.14659906809298767,False,0.09437858638624042,False,0.0055303290185655385,False,0.13094870108043177,False,0.0055303290185655385,False
1376,0.12234161110618541,False,0.0560035105881741,False,0.11991209776989564,False,0.1652927558229565,False,0.0560035105881741,False
1377,-0.008843938821973873,True,0.07653806197670954,False,0.08862645627827737,False,0.13492585253128275,False,-0.008843938821973873,True
1378,0.05612575737268932,False,0.06309069543168333,False,0.0714903997637143,False,0.14437697928850673,False,0.05612575737268932,False
1379,0.1633541841215601,False,0.07734152509679915,False,0.04660063846751383,False,0.13608450639425274,False,0.04660063846751383,False
1380,0.06496627354683682,False,0.015795700055048267,False,0.024469335917964186,False,0.1482013869747642,False,0.015795700055048267,False
1381,0.14312421360892835,False,0.10405157821341315,False,0.11221123955833034,False,0.13268333034608826,False,0.10405157821341315,False
1382,0.1416536750657177,False,0.04226327090708826,False,0.1315812902364203,False,0.03615720601344641,False,0.03615720601344641,False
1383,0.12746930413287888,False,0.10240935848497806,False,0.18489916330848993,False,0.14644247694384616,False,0.10240935848497806,False
1384,0.10966573436376492,False,0.09962780835472135,False,0.09583075282625153,False,0.18252353010163402,False,0.09583075282625153,False
1385,0.1465554108148509,False,0.007702222108616152,False,0.053563483662966926,False,0.1900884872016767,False,0.007702222108616152,False
1386,0.16291386285246356,False,0.0858005369154144,False,0.09850201940597425,False,0.1441266237073523,False,0.0858005369154144,False
1387,-0.006649504325044964,True,0.0831273744485383,False,0.1492391547304459,False,0.19185261966018258,False,-0.006649504325044964,True
1388,0.024444648490133503,False,0.10079413037318147,False,0.16146932518189477,False,0.20124825718173284,False,0.024444648490133503,False
1389,0.13864608406999462,False,0.08493829434023398,False,0.052830751856944524,False,0.17637787952671352,False,0.052830751856944524,False
1390,0.12266051206558448,False,0.03185552794933155,False,0.16231290497489825,False,0.17115783593859302,False,0.03185552794933155,False
1391,0.128952696604747,False,0.04151823563385837,False,0.20306928331912383,False,0.1317439130729301,False,0.04151823563385837,False
1392,0.17866402763640793,False,0.008734894927883485,False,0.007655857101111718,False,0.17642396519586112,False,0.007655857101111718,False
1393,0.019559175437182108,False,0.06191961721104844,False,0.1719841436318864,False,0.1627143662482829,False,0.019559175437182108,False
1394,0.046811662859436276,False,0.11609089563826136,False,0.1505622380866305,False,0.13113285893213844,False,0.046811662859436276,False
1395,0.15237693597697533,False,0.03221291869669973,False,0.18164073830203104,False,0.17583632287410483,False,0.03221291869669973,False
1396,0.02277495957643627,False,0.02193805088844014,False,0.040311778244518925,False,0.16205974868723994,False,0.02193805088844014,False
1397,0.026928292008380317,False,0.06346494061833985,False,0.1874784273617368,False,0.012843580338111726,False,0.012843580338111726,False
1398,0.1524667041248854,False,0.07813324280291312,False,0.2022197093552056,False,0.19810596232320593,False,0.07813324280291312,False
1399,0.09348296448179838,False,-0.026038848724250996,True,-0.010892552755588758,True,0.1602986219338886,False,-0.026038848724250996,True
1400,-0.031762083244853856,True,0.09814476033771108,False,0.10637054881937114,False,0.1817793777084561,False,-0.031762083244853856,True
1401,0.11312095120100624,False,0.06215652070909872,False,0.15618759261320814,False,0.19859792626494843,False,0.06215652070909872,False
1402,0.11726988329351051,False,0.07807326032544937,False,0.17269622985084876,False,0.17701083235172949,False,0.07807326032544937,False
1403,0.0580601536923242,False,0.0898331234114903,False,0.16931689369605252,False,0.1744972473134136,False,0.0580601536923242,False
1404,0.156211799353339,False,0.05263607480860566,False,0.08456359820967096,False,0.12957675885936792,False,0.05263607480860566,False
1405,0.0973378086599499,False,0.0902905047668604,False,-0.028538075853865363,True,0.1761947379185883,False,-0.028538075853865363,True
1406,0.08315801090894426,False,0.10567333820963204,False,0.18232104456006593,False,0.19929504093146,False,0.08315801090894426,False
1407,0.10218152787090828,False,0.08149052246238458,False,-0.08943665403418866,True,0.16846960089318874,False,-0.08943665403418866,True
1408,0.009066842265037844,False,0.051293742873427695,False,0.07917004695358143,False,0.13260349808370453,False,0.009066842265037844,False
1409,0.14491564527265616,False,0.09189053200056252,False,0.06965050190266353,False,0.17521575103772846,False,0.06965050190266353,False
1410,0.13824992899537664,False,0.07850757979154183,False,0.06995737194105456,False,0.1583623491183329,False,0.06995737194105456,False
1411,0.08888787268871656,False,0.0934072404800339,False,0.1635800787095918,False,0.14986860144792574,False,0.08888787268871656,False
1412,0.12326576793187471,False,-0.01355290731614689,True,0.20339813233917092,False,0.13254420171843462,False,-0.01355290731614689,True
1413,0.06868592006063556,False,0.11063641102338873,False,0.08491993101836204,False,0.14100994783069132,False,0.06868592006063556,False
1414,0.13214853045521535,False,0.05761166804630535,False,0.06757143418262657,False,0.09420030441872362,False,0.05761166804630535,False
1415,0.03931920980449222,False,0.04795648054911572,False,0.11279492658962054,False,0.1509362714261115,False,0.03931920980449222,False
1416,0.09513255800467635,False,0.0040805572620323805,False,0.045506274115540424,False,0.1940402628781117,False,0.0040805572620323805,False
1417,0.12253638384789906,False,0.08721674406591928,False,0.11487401390674779,False,0.14653056366681877,False,0.08721674406591928,False
1418,0.10326223460220896,False,0.06295770965852654,False,0.20500273429718768,False,0.14154377901813875,False,0.06295770965852654,False
1419,0.11410492861348154,False,0.07523173285246643,False,-0.034759195747528504,True,0.06940199753442555,False,-0.034759195747528504,True
1420,0.05832888332093089,False,0.08599494583325984,False,0.0704368811760997,False,0.1324595348251959,False,0.05832888332093089,False
1421,0.12340082983929768,False,0.043805816761513405,False,0.22403641736965652,False,0.17361269452411932,False,0.043805816761513405,False
1422,0.193347778611981,False,0.08755915952847015,False,0.0769361855426074,False,0.1378257294116486,False,0.0769361855426074,False
1423,0.1423859575772281,False,0.06955508216701412,False,0.1318138212357015,False,0.1354982406366243,False,0.06955508216701412,False
1424,0.05605542600509417,False,0.12032894544726208,False,0.18346976606468401,False,0.13274700237160764,False,0.05605542600509417,False
1425,0.0898800300435918,False,0.055622998798245615,False,0.17971522070564266,False,0.16708194869527482,False,0.055622998798245615,False
1426,-0.01770385816996556,True,0.05980296700127885,False,0.13223638775313085,False,0.09764218852167272,False,-0.01770385816996556,True
1427,0.15301601921179758,False,0.09250859861570859,False,0.19539422714265298,False,0.17378277821353166,False,0.09250859861570859,False
1428,0.026485317937023578,False,0.10756024201784065,False,0.13375512463226202,False,0.04992217036572455,False,0.026485317937023578,False
1429,0.13120271241574027,False,-0.013525413079995885,True,0.18360790494821883,False,0.16389479084634206,False,-0.013525413079995885,True
1430,0.12272910538221932,False,0.062999569193538,False,0.10077285486593857,False,0.18154403506847372,False,0.062999569193538,False
1431,0.06506748532799356,False,0.1363376638632517,False,-0.057698149488774164,True,0.1608114269695704,False,-0.057698149488774164,True
1432,0.1543510199857736,False,0.07582454042608666,False,0.02424930118956592,False,0.18469052795842306,False,0.02424930118956592,False
1433,0.09810181156189113,False,0.0912027799007486,False,0.2120757415600364,False,0.18975392877405234,False,0.0912027799007486,False
1434,0.14574712280681063,False,0.12365573403696245,False,0.1699319871423028,False,0.055956837753454836,False,0.055956837753454836,False
1435,0.12353110547465546,False,0.08732231649732203,False,0.08109547905451941,False,0.16632171541065294,False,0.08109547905451941,False
1436,0.15873123289333557,False,0.09295510024101644,False,0.050585914815206134,False,-0.038931852734226946,True,-0.038931852734226946,True
1437,0.14636328102857343,False,-0.07868297741268715,True,0.10134141942532149,False,-0.029232345209153965,True,-0.07868297741268715,True
1438,0.10137258757683226,False,0.1083436644971103,False,-0.09218350346180848,True,0.08777614737941508,False,-0.09218350346180848,True
1439,0.08423339472696945,False,0.07106330578147213,False,-0.017965119556520137,True,-0.0312865846655741,True,-0.0312865846655741,True
1440,0.1280679466844773,False,0.059247713989708406,False,0.17608176797353942,False,-0.023493919868381785,True,-0.023493919868381785,True
1441,0.09347477696727946,False,0.07845571487079678,False,0.20055339034654524,False,-0.050682974816010806,True,-0.050682974816010806,True
1442,-0.041954003044370136,True,0.07948611248832188,False,0.13851398616702754,False,0.011932536132819194,False,-0.041954003044370136,True
1443,0.09008917054108279,False,0.035696545277236535,False,0.06890042103555949,False,-0.04310722037998549,True,-0.04310722037998549,True
1444,0.13025768082582784,False,0.07136532395308304,False,0.1075270871689391,False,-0.014267378754272864,True,-0.014267378754272864,True
1445,0.025407962156958508,False,-0.008721006821523325,True,0.12052991859301476,False,-0.013275751242845302,True,-0.013275751242845302,True
1446,0.04639852992654603,False,0.0877514797527515,False,0.043990463385004785,False,-0.027322372596224276,True,-0.027322372596224276,True
1447,0.09912808182020594,False,0.07718103278259081,False,0.11753708907561156,False,-0.015934382584743,True,-0.015934382584743,True
1448,0.08665626364519119,False,0.11802653999565604,False,-0.05734036406929033,True,-0.010369817711944895,True,-0.05734036406929033,True
1449,0.08132147578962612,False,0.04758902015826583,False,0.1437265863082271,False,-0.004874613076218393,True,-0.004874613076218393,True
1450,0.14264406395342355,False,0.058534653528800384,False,0.12609056609045988,False,-0.027853938091198627,True,-0.027853938091198627,True
1451,0.06822159298978436,False,0.05291639599667797,False,0.15958194999073422,False,-0.019857696465628072,True,-0.019857696465628072,True
1452,0.13308814385748757,False,0.0504671325346947,False,0.057927434945383216,False,-0.0009521415123759924,True,-0.0009521415123759924,True
1453,0.06554503637595943,False,0.04716201735707615,False,0.08117982729909701,False,-0.023511909278882803,True,-0.023511909278882803,True
1454,0.057523336370889466,False,0.014660190768420622,False,-0.06192348639766543,True,-0.03545894145111306,True,-0.06192348639766543,True
1455,0.09152918188979275,False,-0.010476936079762522,True,-0.05976218092067853,True,0.0349498141272061,False,-0.05976218092067853,True
1456,0.15128628266938327,False,0.10951176303169174,False,0.1840485092609334,False,-0.005871091209131651,True,-0.005871091209131651,True
1457,0.07788914700524918,False,0.06044057308608908,False,0.20537625319038394,False,-0.03937274687244663,True,-0.03937274687244663,True
1458,-0.0007498391449001218,True,0.01335503747220601,False,0.1436494438632711,False,-0.04727309985670891,True,-0.04727309985670891,True
1459,0.17358330840474934,False,0.0960260392135513,False,0.09534021885931898,False,0.0026431759123575205,False,0.0026431759123575205,False
1460,0.18051655698017727,False,-0.04084004448724199,True,0.09259764028303608,False,0.009396647576594641,False,-0.04084004448724199,True
1461,0.005998397244800557,False,0.10042510147102107,False,0.0369753161055012,False,-0.03729317839008728,True,-0.03729317839008728,True
1462,0.06744040678474372,False,0.07279207750589911,False,-0.06443021801735882,True,0.022543580492367488,False,-0.06443021801735882,True
1463,0.048612484269455525,False,0.09569411848032527,False,0.01217577089162769,False,-0.023481305900887484,True,-0.023481305900887484,True
1464,0.14238089923775316,False,0.09504162604496968,False,0.07586315429903712,False,0.0013381184187897244,False,0.0013381184187897244,False
1465,0.1026096135977087,False,0.012200945717987355,False,0.20329546623300815,False,-0.036321443386800434,True,-0.036321443386800434,True
1466,0.13570128236699874,False,0.0015953322154889094,False,0.13872538474387364,False,-0.036321443386800434,True,-0.036321443386800434,True
1467,0.03433227844630382,False,0.07963510656936379,False,0.047786668563232326,False,0.03521875184661072,False,0.03433227844630382,False
1468,0.12248557268786198,False,0.050615532206628955,False,-0.016812061586932936,True,-0.061635350774994824,True,-0.061635350774994824,True
1469,0.06795240023431992,False,-0.019016644964271134,True,-0.06263229299864537,True,-0.02728302688315265,True,-0.06263229299864537,True
1470,0.035602219456742135,False,0.032893210857782185,False,-0.1054010490416235,True,-0.061159862042568514,True,-0.1054010490416235,True
1471,0.11896444560360875,False,0.08192984978609369,False,0.1363818142152013,False,-0.015815950121652156,True,-0.015815950121652156,True
1472,0.14694826658160332,False,0.04628548675552502,False,0.11096831303465504,False,-0.030270330435472892,True,-0.030270330435472892,True
1473,0.13365177202580075,False,0.07652197273489925,False,0.1511163084635631,False,-0.041353063293905756,True,-0.041353063293905756,True
1474,0.10710365101619668,False,0.11152153277849247,False,0.16405095377005263,False,-0.006200231324922978,True,-0.006200231324922978,True
1475,0.10754247471253658,False,0.09593851468200582,False,0.11096021054418237,False,-0.03549009615746457,True,-0.03549009615746457,True
1476,0.10566985514146032,False,0.056793883648360355,False,0.04612383619107374,False,-0.061159862042568514,True,-0.061159862042568514,True
1477,0.0892560094024124,False,0.006691502051173637,False,0.18974802508719746,False,-0.04118617193634799,True,-0.04118617193634799,True
1478,0.09228296788695922,False,0.09246289287367965,False,-0.0644113558237005,True,-0.039540115834099554,True,-0.0644113558237005,True
1479,0.09830297646548258,False,0.05761362071408016,False,0.08314205707674915,False,0.010411168237621227,False,0.010411168237621227,False
1480,0.06311175020381055,False,0.03980723781652307,False,0.06595069738343196,False,-0.050682974816010806,True,-0.050682974816010806,True
1481,0.1334132740264269,False,0.11881394764105624,False,0.03448552049567111,False,-0.04279999978318838,True,-0.04279999978318838,True
1482,0.045991026028220694,False,0.06519590058421476,False,-0.0047325299272634735,True,-0.022191651328410167,True,-0.022191651328410167,True
1483,0.1683981559368662,False,0.13439643496919135,False,0.1444473524011035,False,-0.020066025443392088,True,-0.020066025443392088,True
1484,0.14908295313037118,False,0.09910125176612677,False,0.14760231052085598,False,-0.04508685059366446,True,-0.04508685059366446,True
1485,0.13347109862359768,False,0.04364759923505934,False,0.11806090464143515,False,-0.021805369353422477,True,-0.021805369353422477,True
1486,0.03697067039879676,False,0.02986525537221263,False,0.061397427883033706,False,-0.05598276176536332,True,-0.05598276176536332,True
1487,0.13414217799358746,False,0.09536040107280608,False,0.1742336242501506,False,-0.009055161926762478,True,-0.009055161926762478,True
1488,0.12153909376047756,False,0.05863937607968439,False,-0.07470096393017567,True,-0.03071936957939403,True,-0.07470096393017567,True
1489,0.09724136203443878,False,0.09910125340489984,False,-0.028269628279560477,True,-0.05878723803773489,True,-0.05878723803773489,True
1490,0.1592242426108743,False,0.08404547977637522,False,-0.0057925824042605045,True,-0.05499710673095348,True,-0.05499710673095348,True
1491,0.09687175872708381,False,0.029146440710462795,False,0.12928507643411769,False,-0.0323972260281985,True,-0.0323972260281985,True
1492,0.12349664278573258,False,0.10479296064001398,False,0.05085028080048071,False,-0.03878825692497456,True,-0.03878825692497456,True
1493,0.08254629667071811,False,0.09157546112111264,False,-0.04129162574016132,True,-0.042236605588557574,True,-0.042236605588557574,True
1494,0.12403135603658444,False,0.06361197043407996,False,0.14705832347291448,False,-0.03317311500418674,True,-0.03317311500418674,True
1495,0.17178958594767868,False,0.07159817886238262,False,-0.046761638764983404,True,-0.041356444764231615,True,-0.046761638764983404,True
1496,0.12055078858985646,False,0.02697485381504039,False,0.08141352078530906,False,-0.030831622548180282,True,-0.030831622548180282,True
1497,0.1449830563359304,False,0.07905925918643014,False,0.13206855277768975,False,-0.03700330455931844,True,-0.03700330455931844,True
1498,0.1376685933863614,False,0.0545270226045772,False,0.1737583266513627,False,-0.012388076913677826,True,-0.012388076913677826,True
1499,0.15967083628935158,False,0.12526550610768988,False,0.11520151283270119,False,-0.02242005018319282,True,-0.02242005018319282,True
1500,0.12775932874367674,False,0.08333055131987477,False,0.049038717868635784,False,-0.010517649075296842,True,-0.010517649075296842,True
1501,0.13378537456368267,False,0.07399636883796035,False,0.21693045299178465,False,0.05601704844693778,False,0.05601704844693778,False
1502,0.047419544443792816,False,0.07872411236462296,False,0.057931412457639775,False,-0.030270330435472892,True,-0.030270330435472892,True
1503,0.022527811869689773,False,0.11409064662784069,False,0.13085887463546964,False,-0.03819589621054509,True,-0.03819589621054509,True
1504,0.1817278999408013,False,0.09081771995147525,False,0.18282877661179692,False,-0.02606392857219919,True,-0.02606392857219919,True
1505,0.1425235999029777,False,0.1023156532781529,False,0.16785270074596675,False,-0.03171920897860503,True,-0.03171920897860503,True
1506,0.10041191347470091,False,-0.03735356551532576,True,0.08286294680123318,False,-0.03434911940804253,True,-0.03735356551532576,True
1507,0.14277860597954606,False,0.03970637181186676,False,0.18812362279281097,False,0.015528687799556296,False,0.015528687799556296,False
1508,-0.02584415630599657,True,0.10053986821373512,False,-0.009115100645846641,True,-0.02830688486633859,True,-0.02830688486633859,True
1509,0.11055943692024706,False,0.019345349460157202,False,0.2227763848266056,False,-0.02539565181991077,True,-0.02539565181991077,True
1510,0.06772905189226308,False,0.018435249836206702,False,0.13290660957965167,False,0.031043276339782433,False,0.018435249836206702,False
1511,0.0593206926968316,False,0.05420839391796328,False,-0.02400668507117032,True,0.09451269861001266,False,-0.02400668507117032,True
1512,-0.005992383697951409,True,0.04675728772716048,False,0.1276589834513177,False,0.0034438298813982415,False,-0.005992383697951409,True
1513,0.12204027815308277,False,0.023039474398795723,False,0.05603840998296683,False,-0.029287639016419842,True,-0.029287639016419842,True
1514,-0.021313067017138865,True,0.09539786582287446,False,0.05786225591374672,False,0.038549452943490436,False,-0.021313067017138865,True
1515,0.021684532820979152,False,0.03335093190228555,False,-0.03359805444654429,True,-0.018863402693703457,True,-0.03359805444654429,True
1516,-0.021187542817834526,True,0.05894046236128814,False,0.18757494318407153,False,-0.03397929116834919,True,-0.03397929116834919,True
1517,0.08269907152069988,False,0.0264656671049589,False,-0.020027890793665404,True,-0.005694318676456422,True,-0.020027890793665404,True
1518,0.11693271852869769,False,0.06719346407671045,False,0.03933143271984674,False,-0.017300569392889265,True,-0.017300569392889265,True
1519,0.041247509667174276,False,0.08943031870054974,False,0.19583551683749278,False,0.03752147889461521,False,0.03752147889461521,False
1520,-0.0012623450764905897,True,-0.006289231727344968,True,0.025362326469127505,False,0.0417818942915098,False,-0.006289231727344968,True
1521,-0.013859267933976516,True,0.037397744752036055,False,0.15337701746374766,False,-0.022698752516876475,True,-0.022698752516876475,True
1522,0.08332333102848832,False,0.09165833590430333,False,-0.03184194630564596,True,-0.011515802574384115,True,-0.03184194630564596,True
1523,0.051744359764882675,False,0.10191756219313652,False,0.06580651784225156,False,0.004946735352206244,False,0.004946735352206244,False
1524,0.10079185746644448,False,0.08509076422088757,False,0.0771018791410607,False,-0.01774419377469949,True,-0.01774419377469949,True
1525,0.10835054874526334,False,0.043168230267943475,False,-0.05595902208524661,True,-0.030650759501380964,True,-0.05595902208524661,True
1526,0.09363840525840372,False,0.06279595249306302,False,0.1509753877083373,False,-0.040755911238725795,True,-0.040755911238725795,True
1527,0.04700947425847657,False,0.05327382690570237,False,0.08290011951113674,False,-0.01904145331447582,True,-0.01904145331447582,True
1528,0.07906505460541435,False,0.02045659772802977,False,0.08789797730833959,False,0.03196578776998227,False,0.02045659772802977,False
1529,0.07951718442646083,False,0.07248863337832201,False,0.13806456425679287,False,0.0166820682931903,False,0.0166820682931903,False
1530,0.04042197648920587,False,0.06000685383543469,False,0.1695680809812421,False,-0.01883529535881623,True,-0.01883529535881623,True
1531,-0.004800778193541522,True,0.07203921513212419,False,0.09710705976618506,False,0.018630492821715916,False,-0.004800778193541522,True
1532,0.07512768689995242,False,0.05509952923785322,False,-0.05979569041144572,True,-0.020961680031368668,True,-0.05979569041144572,True
1533,-0.09223391175443485,True,0.05882536037093,False,0.2053298408985228,False,0.050539915462834206,False,-0.09223391175443485,True
1534,0.07487645015924405,False,0.026470300799132818,False,0.14632225666627208,False,0.005338702647750382,False,0.005338702647750382,False
1535,0.10768893137579288,False,0.04318166649802846,False,-0.0964601908611854,True,0.0079132234844147,False,-0.0964601908611854,True
1536,0.09932236336040129,False,0.020815949048079152,False,0.04500454949026955,False,0.042524665523518745,False,0.020815949048079152,False
1537,0.08849273647477418,False,0.07239510443340524,False,-0.03329723724098266,True,0.054209574419301076,False,-0.03329723724098266,True
1538,0.10071204756932006,False,0.0720750950962179,False,-0.017965847452841688,True,0.09043767426467797,False,-0.017965847452841688,True
1539,0.03647348046956578,False,-0.04475053334407608,True,0.02471300323021286,False,-0.03679707792869635,True,-0.04475053334407608,True
1540,0.009678107472267383,False,0.07519516826854455,False,0.14405718834790693,False,0.003181846190017934,False,0.003181846190017934,False
1541,0.1457611349594478,False,0.06933090794912777,False,-0.032514392000836834,True,0.000739723087959665,False,-0.032514392000836834,True
1542,0.03432378503609279,False,0.047622167963654705,False,-0.029846034814752453,True,-0.010725681410938659,True,-0.029846034814752453,True
1543,-0.02469588047062843,True,0.07337551258195396,False,0.050269258835182296,False,0.060243419953584176,False,-0.02469588047062843,True
1544,0.14404353806215825,False,-0.01149564160938965,True,0.05389558866531252,False,0.038389021942349943,False,-0.01149564160938965,True
1545,0.07703471846090937,False,0.05917967105768118,False,-0.0736506577271463,True,0.014546257414278396,False,-0.0736506577271463,True
1546,0.061270133538881444,False,0.10980507550929602,False,0.028084819097437763,False,0.064343706155501,False,0.028084819097437763,False
1547,0.13155054866943033,False,0.07826064194592058,False,0.05405548452862241,False,0.014179937897038197,False,0.014179937897038197,False
1548,0.1312137786929194,False,0.0637509374922336,False,-0.017037669958766655,True,0.04417378758138035,False,-0.017037669958766655,True
1549,0.08288331142571648,False,0.04598386796626175,False,0.14634301590496301,False,0.03438152538016459,False,0.03438152538016459,False
1550,0.0548935228799724,False,0.062376151966923477,False,-0.026784033474092084,True,0.07035097998612228,False,-0.026784033474092084,True
1551,-0.006081442912877044,True,0.015311773287114638,False,-0.014416111289515698,True,0.022932588933670783,False,-0.014416111289515698,True
1552,0.004925320127841415,False,0.08499081947980824,False,0.17115490535550604,False,-0.01661404272571443,True,-0.01661404272571443,True
1553,0.06895992905080572,False,0.04963882229458605,False,0.17536202573892146,False,-0.017519945458030595,True,-0.017519945458030595,True
1554,0.1675479090658583,False,0.07598028436695181,False,-0.01545706986830464,True,0.04947415985556014,False,-0.01545706986830464,True
1555,0.11154333903095243,False,0.059469290978812706,False,0.18425664149340948,False,0.030762863168686816,False,0.030762863168686816,False
1556,0.1150847030118401,False,0.03911426190958911,False,-0.09206478132263696,True,0.07804743899738253,False,-0.09206478132263696,True
1557,0.09781049322718816,False,0.08247648943417701,False,0.10308152508476764,False,0.02895275834033617,False,0.02895275834033617,False
1558,-0.020407437915299753,True,0.06965510043119794,False,-0.051388656083475204,True,0.009110962669100386,False,-0.051388656083475204,True
1559,0.08074060855533649,False,0.022961786554316244,False,0.20491666052406948,False,0.005100242360339791,False,0.005100242360339791,False
1560,0.14017940815531205,False,0.04448477726434252,False,-0.07763333272411421,True,-0.02766843325511692,True,-0.07763333272411421,True
1561,0.08849463472337249,False,0.059476343987049374,False,0.08060022944411871,False,0.04952726135801355,False,0.04952726135801355,False
1562,0.10579321689056093,False,0.05338317465640585,False,0.025423646559780688,False,-0.006087243446500801,True,-0.006087243446500801,True
1563,0.03285065292767919,False,0.0863208465458361,False,0.1769487934385804,False,0.04625915911644096,False,0.03285065292767919,False
1564,0.010746389982206006,False,0.08180711150270431,False,0.12326636332793267,False,0.1273507682163949,False,0.010746389982206006,False
1565,0.14966147787237088,False,-0.06475206650684329,True,0.2134531039847985,False,0.043511954384686136,False,-0.06475206650684329,True
1566,0.012042570086819304,False,0.0894359749614107,False,-0.1084658212663061,True,-0.027410572519317777,True,-0.1084658212663061,True
1567,0.07987804371367535,False,0.005565810822782513,False,0.21705141849642423,False,-0.027774959599730198,True,-0.027774959599730198,True
1568,0.025834786895519102,False,0.0994377926576992,False,0.1293787301446413,False,0.07938846222774443,False,0.025834786895519102,False
1569,-0.011373995248074142,True,0.05740635264459193,False,0.16911457584069173,False,0.0023711023107869655,False,-0.011373995248074142,True
1570,0.0013061433780265919,False,0.07821340509564817,False,0.03831596135929005,False,0.008471052998774597,False,0.0013061433780265919,False
1571,0.08057988491941259,False,0.07741519567655852,False,0.09682236072937234,False,0.010003753475156252,False,0.010003753475156252,False
1572,0.01897787103351367,False,0.008188582288023105,False,0.17909124191376935,False,0.033262177200944265,False,0.008188582288023105,False
1573,0.03979733622161474,False,0.08325987714221683,False,0.04576703174957075,False,0.07420224117994068,False,0.03979733622161474,False
1574,0.08826357403045515,False,0.05993280346120966,False,0.2276730024716881,False,0.09747081936102664,False,0.05993280346120966,False
1575,0.09937700108607722,False,0.1329954812235818,False,-0.03257054798635173,True,0.01900479184577364,False,-0.03257054798635173,True
1576,0.0385103333284893,False,0.06452950526319412,False,-0.08039975801717969,True,0.018833662569695542,False,-0.08039975801717969,True
1577,0.10597671897181837,False,0.025782510124845004,False,0.07127000060519417,False,0.04580777787131962,False,0.025782510124845004,False
1578,0.06664606169830434,False,0.06473421129836143,False,0.04617487174659385,False,-0.030844981030812235,True,-0.030844981030812235,True
1579,0.06785378225317562,False,0.08970036948203541,False,-0.002217736267119075,True,0.06937104679387662,False,-0.002217736267119075,True
1580,0.03781001205439527,False,0.06498038179249788,False,0.05650372160469197,False,0.0836143199233037,False,0.03781001205439527,False
1581,0.04815370607062153,False,-0.00047008626934252895,True,0.0037924207948267785,False,0.020170312673848834,False,-0.00047008626934252895,True
1582,0.10481434940702627,False,0.11119571348978047,False,0.009281734611122805,False,0.02320910572284829,False,0.009281734611122805,False
1583,0.048142482457131486,False,0.09243266487646323,False,-0.06666441694655789,True,-0.011360534937393751,True,-0.06666441694655789,True
1584,0.11931728722382234,False,-0.01900642518498341,True,0.15200620945088616,False,0.0003229987037884907,False,-0.01900642518498341,True
1585,0.09514091386990559,False,0.09001520162384513,False,0.03930440483926645,False,0.08632811713479283,False,0.03930440483926645,False
1586,0.09257606007282715,False,0.044724594029912246,False,0.20954193945196253,False,-0.017080067653935327,True,-0.017080067653935327,True
1587,0.15051659072691254,False,0.08100439442368113,False,0.07706358231214927,False,0.03625354345414167,False,0.03625354345414167,False
1588,0.09604017461282777,False,0.0946686756313555,False,0.1911714379744477,False,-0.0251431868622215,True,-0.0251431868622215,True
1589,0.096035632110332,False,0.08993729099022191,False,0.19455432616910645,False,-0.02150297025986181,True,-0.02150297025986181,True
1590,0.08549331535259896,False,0.0009798084068119994,False,-0.04033936990366649,True,0.05576185301352399,False,-0.04033936990366649,True
1591,0.1511028430588962,False,0.0032371598660962952,False,0.06924511250524368,False,-0.02252642469179922,True,-0.02252642469179922,True
1592,-0.01918944363920294,True,0.06900377240969713,False,0.14677652857263623,False,-0.007348879626951521,True,-0.01918944363920294,True
1593,0.06718387311808849,False,0.03193853863941465,False,0.046973266978067474,False,0.08319611833994911,False,0.03193853863941465,False
1594,0.035198932542445105,False,0.016928261208991602,False,0.14458401967091256,False,-0.013949414160526197,True,-0.013949414160526197,True
1595,0.11862275974070519,False,0.08068684796713121,False,-0.02276689298077139,True,0.002449224620955426,False,-0.02276689298077139,True
1596,0.1119135625869978,False,0.09414657648100444,False,-0.001202974051600414,True,-0.02140500600192141,True,-0.02140500600192141,True
1597,0.0558671840302668,False,0.013965001300004887,False,0.060381504148165566,False,-0.03792218206749731,True,-0.03792218206749731,True
1598,0.05732312128577022,False,0.06642413186111618,False,0.0886325600558251,False,0.025336115228339118,False,0.025336115228339118,False
1599,0.007078680580499541,False,0.040759412581724996,False,0.12067995463583059,False,-0.02967680078885504,True,-0.02967680078885504,True
1600,-0.01962220828479999,True,0.013058394854736588,False,-0.005102276097132208,True,-0.03697562092272322,True,-0.03697562092272322,True
1601,0.10720393080369656,False,0.09913740488088518,False,0.14162869443204656,False,0.007103683728973076,False,0.007103683728973076,False
1602,-0.023948995641795978,True,0.06966372729327674,False,0.08222006430065887,False,0.060063123945197416,False,-0.023948995641795978,True
1603,0.040324289580263906,False,0.03664686004444273,False,0.13095498590236992,False,-0.03580532739698883,True,-0.03580532739698883,True
1604,0.1485789900188727,False,0.011003127859736339,False,0.11176990313516844,False,-0.008629779981148666,True,-0.008629779981148666,True
1605,0.05219511553675793,False,0.08824312475614232,False,0.1043428388756289,False,0.00872461460826579,False,0.00872461460826579,False
1606,0.0726529136524261,False,0.10460952908236887,False,0.05897234122442252,False,0.018124520948431866,False,0.018124520948431866,False
1607,0.09770672344664943,False,0.0444482389441434,False,-0.0031845838873787446,True,0.004175058370991858,False,-0.0031845838873787446,True
1608,0.12283113512753235,False,0.08291134698508135,False,0.17993717165331508,False,-0.0031137713446534043,True,-0.0031137713446534043,True
1609,0.11375109202504646,False,0.056207346555308346,False,0.011123710333737713,False,0.028574036032114614,False,0.011123710333737713,False
1610,0.04841642263181689,False,0.09644160782635713,False,-0.04393720771838716,True,-0.040180853383201875,True,-0.04393720771838716,True
1611,0.1308341626012981,False,0.05060232293856137,False,-0.07802892687487806,True,-0.02960235024166169,True,-0.07802892687487806,True
1612,0.07863531098627496,False,0.11545067772817574,False,0.1805128575110298,False,-0.024796881439511642,True,-0.024796881439511642,True
1613,0.1193081161225451,False,0.10695296471395965,False,0.22570666974502274,False,-0.026511088832015806,True,-0.026511088832015806,True
1614,0.0050465704028686,False,0.14947420462690958,False,-0.02508906165356506,True,-0.040492121241388235,True,-0.040492121241388235,True
1615,0.06336498897273546,False,0.10568616359764915,False,0.08791275064312798,False,-0.05714406029313146,True,-0.05714406029313146,True
1616,0.09210519816645302,False,0.06829126370084704,False,0.09324623294895862,False,-0.053922271480844164,True,-0.053922271480844164,True
1617,0.1729602290751479,False,0.09119867492774825,False,0.13875990925571674,False,-0.04379379334779909,True,-0.04379379334779909,True
1618,0.124829372444891,False,0.052814297398484866,False,-0.02697857329758968,True,-0.07535982491336668,True,-0.07535982491336668,True
1619,0.11940620815368064,False,0.08032735899123439,False,0.15951095044571434,False,-0.054383971573906065,True,-0.054383971573906065,True
1620,0.14841809855971144,False,0.07446362869018985,False,-0.01958745349599378,True,-0.04808817556295586,True,-0.04808817556295586,True
1621,0.07389369552814096,False,0.11707376210959203,False,0.16436284554016267,False,-0.04064214320261195,True,-0.04064214320261195,True
1622,0.13968299555285396,False,0.015048201268600958,False,0.09599533520725867,False,-0.04625641338697173,True,-0.04625641338697173,True
1623,0.11770711567460812,False,0.07885472000596888,False,0.1418911896858513,False,-0.06506117494973962,True,-0.06506117494973962,True
1624,0.08971479176016195,False,0.05315053334441677,False,0.043011960338498745,False,-0.06713973099238435,True,-0.06713973099238435,True
1625,0.06643765611467745,False,0.07957161251352729,False,0.04595836521374841,False,-0.04622476313183299,True,-0.04622476313183299,True
1626,0.1435905943054982,False,0.0799198801948321,False,0.17067537215813705,False,-0.06982431896114849,True,-0.06982431896114849,True
1627,0.024431455937152347,False,-0.024363653493270743,True,-0.04646522938552555,True,-0.057895733608885336,True,-0.057895733608885336,True
1628,0.14384163030974217,False,0.0950731026446352,False,0.020284109443814535,False,-0.06553930415024134,True,-0.06553930415024134,True
1629,0.1525890670937886,False,0.10294251321207659,False,0.0697277277916093,False,-0.06024214314735499,True,-0.06024214314735499,True
1630,0.1535325833067389,False,0.022529007395362233,False,0.15861116329918074,False,-0.04575969746566366,True,-0.04575969746566366,True
1631,0.1508064967138002,False,0.06531859325606881,False,0.05955825537313564,False,-0.040492121241388235,True,-0.040492121241388235,True
1632,0.11766989348474277,False,0.06507879147652185,False,-0.043281944244986215,True,-0.054392861701596296,True,-0.054392861701596296,True
1633,0.06715863551994905,False,0.06885560656409861,False,-0.031172293086354386,True,-0.06506117494973962,True,-0.06506117494973962,True
1634,0.04585447506520801,False,0.10642003429889413,False,0.16728249745426704,False,-0.04285686006176681,True,-0.04285686006176681,True
1635,0.11194867106164696,False,0.10041593859502002,False,-0.04128387194439154,True,-0.04575969746566366,True,-0.04575969746566366,True
1636,0.09519117018398021,False,0.10132973061911632,False,-0.08432567811693004,True,-0.045640171703019594,True,-0.08432567811693004,True
1637,0.0878520986906336,False,0.11963576594726799,False,0.21014108929680897,False,-0.05840122238213308,True,-0.05840122238213308,True
1638,0.10032873399383246,False,0.13559099693495114,False,0.03998302248588126,False,-0.04622476313183299,True,-0.04622476313183299,True
1639,0.07670883641018078,False,0.07472372973010333,False,0.08787623203313555,False,-0.0674224332145631,True,-0.0674224332145631,True
1640,0.05651848542940674,False,0.05890435624529,False,0.13074147999788077,False,-0.04335147759094349,True,-0.04335147759094349,True
1641,0.09670042900904074,False,0.11395151758851846,False,-0.005125514778003493,True,-0.04818492752006742,True,-0.04818492752006742,True
1642,0.10602358547943774,False,-0.027227093179493567,True,-0.010206605879712893,True,-0.05204944396920286,True,-0.05204944396920286,True
1643,0.09773318641498341,False,0.07505268789119501,False,-0.016738003963379322,True,-0.05550629129414231,True,-0.05550629129414231,True
1644,0.06325618272507816,False,-0.016772975539043222,True,0.09129881985643007,False,-0.07584492439723067,True,-0.07584492439723067,True
1645,0.09709154001519271,False,0.07955222613951113,False,0.04344911410835006,False,-0.04461488088520327,True,-0.04461488088520327,True
1646,0.10742961752153596,False,0.040337350250518544,False,-0.017337396846592634,True,-0.06790216055067044,True,-0.06790216055067044,True
1647,0.11628823173219521,False,0.1206681344462997,False,0.13854307398093696,False,-0.056982278611786175,True,-0.056982278611786175,True
1648,0.12484591043011734,False,0.05475687750554037,False,0.093329137708978,False,-0.0674224332145631,True,-0.0674224332145631,True
1649,0.12021890013053771,False,0.09261021215581677,False,0.029874929421832896,False,-0.06506117494973962,True,-0.06506117494973962,True
1650,0.10948481559438633,False,0.02480710334392,False,0.1328183721883297,False,-0.08316094009659014,True,-0.08316094009659014,True
1651,0.06538947908283144,False,0.03512275434426759,False,-0.014105379599929413,True,-0.0674224332145631,True,-0.0674224332145631,True
1652,0.1167901938581778,False,0.12001706253071592,False,0.15563811963848406,False,-0.04003093289045412,True,-0.04003093289045412,True
1653,0.024163328688667884,False,-0.028875754318077207,True,0.07448220689431806,False,-0.06506117494973962,True,-0.06506117494973962,True
1654,0.11969286356915626,False,0.13283764118068148,False,0.17243190923744833,False,-0.07584492439723067,True,-0.07584492439723067,True
1655,0.05218316244087784,False,0.1418377904593367,False,-0.014434122644011005,True,-0.0768161085553597,True,-0.0768161085553597,True
1656,0.11257635498343777,False,0.10252249480042058,False,0.2072476965667615,False,-0.06506117494973962,True,-0.06506117494973962,True
1657,0.12090711015907168,False,0.0012725469065846262,False,-0.07260898315113529,True,-0.07057095822576764,True,-0.07260898315113529,True
1658,0.04602147529594802,False,0.1255096065859646,False,-0.05371583565192706,True,-0.0816917910372853,True,-0.0816917910372853,True
1659,-0.034958960646991444,True,0.08425556656023947,False,-0.021251763872594198,True,-0.05827083225356122,True,-0.05827083225356122,True
1660,0.0912718047833797,False,0.07856189466005398,False,0.11526961008288761,False,-0.05569026602510441,True,-0.05569026602510441,True
1661,0.07517026724936537,False,0.08191763122522189,False,0.11974469770125029,False,-0.04379379334779909,True,-0.04379379334779909,True
1662,0.10920613186281336,False,0.10525653918278677,False,-0.016042282209476677,True,-0.0655067663480493,True,-0.0655067663480493,True
1663,0.10466250542692473,False,0.0496327144042531,False,0.10183683784200148,False,-0.05503494799695452,True,-0.05503494799695452,True
1664,0.007765484523867272,False,0.1135979469986359,False,0.12787909041135592,False,-0.05887484402516452,True,-0.05887484402516452,True
1665,0.12447588896267164,False,0.12961394419017386,False,0.1400350097460919,False,-0.06506117494973962,True,-0.06506117494973962,True
1666,0.04168163576951489,False,0.10999556621060996,False,0.19584043198692885,False,-0.07584492439723067,True,-0.07584492439723067,True
1667,0.13140629485114308,False,0.09264206658758634,False,0.10233797490387209,False,-0.0674224332145631,True,-0.0674224332145631,True
1668,0.14144147581891875,False,0.1035134650960145,False,0.08436908355648587,False,-0.059431897878673645,True,-0.059431897878673645,True
1669,0.05559737618088734,False,0.03685192636773715,False,-0.03838285463746871,True,-0.0633623987551506,True,-0.0633623987551506,True
1670,0.1533147533990611,False,0.09302809719155664,False,0.13650245232072766,False,-0.08804612110734977,True,-0.08804612110734977,True
1671,0.07591159153670046,False,0.057595037013989825,False,0.04826876863531515,False,-0.08903382676662253,True,-0.08903382676662253,True
1672,0.11606983120921233,False,0.10255420363935613,False,0.1255943665995891,False,-0.0860747148798564,True,-0.0860747148798564,True
1673,0.02571239616367893,False,0.11426214958189801,False,0.030624224044915715,False,-0.07432658002432047,True,-0.07432658002432047,True
1674,0.08027554169503093,False,0.11494013913863671,False,0.05542199512682455,False,-0.07394536298611298,True,-0.07394536298611298,True
1675,-0.019347248374590897,True,0.09144174134372501,False,-0.08110155663468377,True,-0.07578076429837277,True,-0.08110155663468377,True
1676,0.11711470407594132,False,0.06328025284491279,False,-0.0390666527493585,True,-0.06383937819801533,True,-0.06383937819801533,True
1677,0.08958466231880813,False,0.03484789655443088,False,0.13380931070017438,False,-0.060883874536130866,True,-0.060883874536130866,True
1678,0.09433172825935743,False,0.04300879140001601,False,0.17415009089200117,False,-0.07578076429837277,True,-0.07578076429837277,True
1679,0.02963756873952539,False,0.12126280188808808,False,0.14540495388169777,False,-0.07626614868043247,True,-0.07626614868043247,True
1680,0.053382907985916495,False,0.027837879871969617,False,-0.06272482142103031,True,-0.068059111449286,True,-0.068059111449286,True
1681,0.07076298866148445,False,0.11125724718593855,False,0.21146723453482696,False,-0.05972322088154258,True,-0.05972322088154258,True
1682,0.0710006030434368,False,0.03681438277882498,False,-0.07524331968411735,True,-0.06566318718959308,True,-0.07524331968411735,True
1683,0.103020238864233,False,0.0746419591916011,False,-0.08223312221755408,True,-0.057773067845587334,True,-0.08223312221755408,True
1684,0.08097901052479162,False,0.0875508946057883,False,-0.058503430063504225,True,-0.06317648520379904,True,-0.06317648520379904,True
1685,-0.022746689152169375,True,0.09914663425652692,False,-0.004581272441736006,True,-0.08804612110734977,True,-0.08804612110734977,True
1686,0.11543570710066442,False,-0.05034897198977584,True,0.11792098480970281,False,-0.08903382676662253,True,-0.08903382676662253,True
1687,0.052018937255423725,False,0.08206533000928001,False,0.1493135274764189,False,-0.08804612110734977,True,-0.08804612110734977,True
1688,0.13057313389638614,False,0.14872543319787923,False,0.1494317718474264,False,-0.08952818102348603,True,-0.08952818102348603,True
1689,0.04637202643826055,False,0.016183888129709056,False,0.15654923442342283,False,-0.08903382676662253,True,-0.08903382676662253,True
1690,0.1426370563293562,False,0.12648932869263535,False,0.20192337520622716,False,-0.07675186157804459,True,-0.07675186157804459,True
1691,0.08819446910086026,False,0.04055210549770205,False,0.023519915650167977,False,-0.0611168443714355,True,-0.0611168443714355,True
1692,0.09969470340841641,False,0.05581008574087509,False,0.07957422351315768,False,-0.08903382676662253,True,-0.08903382676662253,True
1693,0.1264126874507729,False,0.07569577514608206,False,0.06896620844127099,False,-0.0782109735883918,True,-0.0782109735883918,True
1694,0.02796992233153084,False,0.11037622952540493,False,0.13790451527112108,False,-0.08903382676662253,True,-0.08903382676662253,True
1695,0.13918800194895453,False,0.05972303712354121,False,-0.07733745926023339,True,-0.058985879343294356,True,-0.07733745926023339,True
1696,0.12597928507129552,False,0.12609760511739643,False,0.15050608086155942,False,-0.05509468507544979,True,-0.05509468507544979,True
1697,0.06377479019587673,False,0.09644221736039643,False,0.09427053104885341,False,-0.07578076429837277,True,-0.07578076429837277,True
1698,0.11269639721184427,False,0.08499150162551622,False,0.03628423261571212,False,-0.08903382676662253,True,-0.08903382676662253,True
1699,0.09955665162184946,False,0.16319709570967406,False,0.07962198080902383,False,-0.05352867566362618,True,-0.05352867566362618,True
1700,0.07231422319429615,False,0.1411202135005683,False,0.1709850070146598,False,-0.08804612110734977,True,-0.08804612110734977,True
1701,0.0650356541602688,False,0.08006589942868203,False,-0.02446950322273511,True,-0.0782109735883918,True,-0.0782109735883918,True
1702,0.03774226978624595,False,0.09296892640653254,False,0.015053172922458335,False,-0.055566068803603375,True,-0.055566068803603375,True
1703,0.15833764028179392,False,0.09854591803079854,False,-0.004396825569418672,True,-0.07824222709091766,True,-0.07824222709091766,True
1704,0.027146472240203168,False,0.05454886720472352,False,-0.04818792217941126,True,-0.06383946433543242,True,-0.06383946433543242,True
1705,0.10618567826642095,False,0.11239431263426597,False,0.1324595693954348,False,-0.06566318718959308,True,-0.06566318718959308,True
1706,0.06642091669277816,False,0.11453988032504903,False,0.18005666432020473,False,-0.06135917647600364,True,-0.06135917647600364,True
1707,0.028856690810069918,False,0.11625655436835863,False,0.19545892987498548,False,-0.08903382676662253,True,-0.08903382676662253,True
1708,0.1085681732552683,False,0.10254178660507007,False,0.15940504154570684,False,-0.07046315468203135,True,-0.07046315468203135,True
1709,0.14642484161689923,False,0.08686987929633139,False,0.15613649866248325,False,-0.07578076429837277,True,-0.07578076429837277,True
1710,0.09405755518603309,False,0.08505934310123603,False,-0.007075538175705831,True,-0.07578076429837277,True,-0.07578076429837277,True
1711,0.11412420885952312,False,0.1045384178534311,False,0.09968480024831494,False,-0.0690197529270059,True,-0.0690197529270059,True
1712,0.11958265607829915,False,0.1179101139139152,False,0.018352821424545418,False,-0.058512182600694684,True,-0.058512182600694684,True
1713,-0.004400291484164653,True,0.046439969661081326,False,0.057793701534749276,False,-0.06903620059802917,True,-0.06903620059802917,True
1714,0.11364410950954684,False,0.1414464574725423,False,0.05720808225540819,False,-0.07626614868043247,True,-0.07626614868043247,True
1715,0.14210679367505957,False,0.12851421712714184,False,0.1213297696627405,False,-0.05962484999818052,True,-0.05962484999818052,True
1716,0.08743291992015634,False,0.14294900871272287,False,0.1112726454405466,False,-0.0782109735883918,True,-0.0782109735883918,True
1717,0.13694412014579044,False,0.16633985700290038,False,0.025002953602756506,False,-0.06566318718959308,True,-0.06566318718959308,True
1718,0.09393559765826798,False,0.09514742336856746,False,0.08165711526351593,False,-0.06019773727332067,True,-0.06019773727332067,True
1719,-0.012680318905060273,True,0.05876125608180249,False,0.034257141188828055,False,-0.08656706636466494,True,-0.08656706636466494,True
1720,0.054317190378452174,False,0.09362277273492081,False,0.0911829807804373,False,-0.06757927795826402,True,-0.06757927795826402,True
1721,0.1435192836287692,False,0.024534293509320126,False,0.14534889025476289,False,-0.06640278902913122,True,-0.06640278902913122,True
1722,0.1114875939229637,False,0.004100885196913651,False,0.07393299247915475,False,-0.06640278902913122,True,-0.06640278902913122,True
1723,0.10051233620225997,False,0.14576118597050397,False,0.11491496356010711,False,-0.08660025536465188,True,-0.08660025536465188,True
1724,0.11902967369073564,False,0.11925668540323936,False,0.12215115882133021,False,-0.08022530555467955,True,-0.08022530555467955,True
1725,0.05787685309755142,False,0.13252954736157546,False,0.11645146457675726,False,-0.09455567550434663,True,-0.09455567550434663,True
1726,0.14233753047526893,False,0.11149892716902793,False,0.06383002451956243,False,-0.09905065461837603,True,-0.09905065461837603,True
1727,0.06931866826399968,False,0.11054115742643089,False,-0.07393075745649202,True,-0.08857308581249212,True,-0.08857308581249212,True
1728,0.08840984539624008,False,0.13927377545642855,False,-0.10257454720822701,True,-0.08906712823285101,True,-0.10257454720822701,True
1729,0.1677560501399133,False,0.020576277102903107,False,0.04432358606277231,False,-0.07578076429837277,True,-0.07578076429837277,True
1730,0.17263767872968344,False,0.1209060374963919,False,0.07132290641468664,False,-0.05652266179002163,True,-0.05652266179002163,True
1731,0.002063210670859239,False,0.08462266910763722,False,0.09825198598881546,False,-0.073994626374,True,-0.073994626374,True
1732,0.12698357120154313,False,0.16162092202371725,False,0.1280321001779271,False,-0.0634364562598031,True,-0.0634364562598031,True
1733,0.08341003682361714,False,0.13885102256354426,False,-0.05721063983973462,True,-0.0690197529270059,True,-0.0690197529270059,True
1734,0.03912842087215762,False,0.09196920108706852,False,0.15936749052699134,False,-0.09905065461837603,True,-0.09905065461837603,True
1735,0.08843736425344606,False,0.10567509216260496,False,0.14599703723819085,False,-0.05867691284845378,True,-0.05867691284845378,True
1736,-0.009535772397645248,True,0.1261424096057298,False,0.17047636068582261,False,-0.09905065461837603,True,-0.09905065461837603,True
1737,0.13063751535299561,False,0.13420135027464658,False,-0.019410643627381763,True,-0.10005326139081883,True,-0.10005326139081883,True
1738,0.10484513670897871,False,0.1689206893078138,False,0.11394207430123948,False,-0.0734223933223731,True,-0.0734223933223731,True
1739,0.07853837860698687,False,-0.002021461627100374,True,-0.036506355713704086,True,-0.09402598047771749,True,-0.09402598047771749,True
1740,0.04237502457705289,False,0.09341648991290341,False,0.11040732192829139,False,-0.08857308581249212,True,-0.08857308581249212,True
1741,0.05764920642850724,False,0.0810648723794502,False,0.07588515970036525,False,-0.08610788143221493,True,-0.08610788143221493,True
1742,0.09560347271005609,False,0.14869372092342437,False,0.09344898040844662,False,-0.09905065461837603,True,-0.09905065461837603,True
1743,0.12385990465895402,False,0.16684822938307547,False,0.14029060858796388,False,-0.08660025536465188,True,-0.08660025536465188,True
1744,0.07712441324571373,False,0.15069097946155785,False,0.10532994578781563,False,-0.09905065461837603,True,-0.09905065461837603,True
1745,0.11184937098881387,False,0.0511349972818369,False,0.05557500350101108,False,-0.08316062339614183,True,-0.08316062339614183,True
1746,0.06758584389117528,False,0.05257367203322716,False,0.09577651508338425,False,-0.08857308581249212,True,-0.08857308581249212,True
1747,0.031988556116160805,False,0.07882061234284193,False,0.057464582188295976,False,-0.09555219567689788,True,-0.09555219567689788,True
1748,0.14572931565974195,False,0.16230094183168964,False,0.15195201778586126,False,-0.08906712823285101,True,-0.08906712823285101,True
1749,0.12807275866454587,False,0.044956572624113234,False,0.016531525847021,False,-0.07780494411749739,True,-0.07780494411749739,True
1750,0.037053544572631214,False,0.047295529508901035,False,0.034743429308019214,False,-0.08610788143221493,True,-0.08610788143221493,True
1751,0.1255786752295806,False,0.11588988743331474,False,0.0726758615628268,False,-0.09905065461837603,True,-0.09905065461837603,True
1752,0.12783341018905808,False,0.05909328242523271,False,0.10717167783478299,False,-0.10005326139081883,True,-0.10005326139081883,True
1753,0.09099291758953598,False,0.03649133088293466,False,0.049165119143835256,False,-0.0870929625432757,True,-0.0870929625432757,True
1754,0.06566528017483209,False,0.08958055685252903,False,0.15412068910106919,False,-0.09905065461837603,True,-0.09905065461837603,True
1755,0.0445950216512091,False,0.07344460598533276,False,-0.09721466696292436,True,-0.10005326139081883,True,-0.10005326139081883,True
1756,0.13738311634047878,False,-0.028796809869366724,True,0.12175703288342621,False,-0.0870929625432757,True,-0.0870929625432757,True
1757,0.14136494558616103,False,0.08192518437969099,False,-0.10895892323990208,True,-0.09905065461837603,True,-0.10895892323990208,True
1758,0.09400585629873037,False,0.071634548397427,False,0.06177840138223423,False,-0.10005326139081883,True,-0.10005326139081883,True
1759,0.13316018919937422,False,0.06591446410842106,False,0.041915392182582556,False,-0.08024201266499853,True,-0.08024201266499853,True
1760,0.043651816419437606,False,0.0016422360660908186,False,-0.02748805225601958,True,-0.08610788143221493,True,-0.08610788143221493,True
1761,0.12523938517902106,False,0.13106067570822355,False,0.1835540801202203,False,-0.09207026662698281,True,-0.09207026662698281,True
1762,0.1279531627162056,False,0.14762235983439365,False,-0.10182413763837295,True,-0.08959325151202102,True,-0.10182413763837295,True
1763,0.12117238623295962,False,0.10453596296288159,False,0.15919539873858057,False,-0.09905065461837603,True,-0.09905065461837603,True
1764,0.047059219858982204,False,0.1353661518205771,False,0.07724443844549211,False,-0.07302725758632556,True,-0.07302725758632556,True
1765,0.14804531433431495,False,0.04985963816902861,False,0.09847662426055226,False,-0.08660025536465188,True,-0.08660025536465188,True
1766,0.05256640208511432,False,0.08912222679604515,False,0.05611295792516313,False,-0.08610788143221493,True,-0.08610788143221493,True
1767,0.13799529400523008,False,0.07198787529953532,False,0.054878009427826724,False,-0.08610788143221493,True,-0.08610788143221493,True
1768,0.08469164820733954,False,0.09391549919297615,False,0.10768520231262924,False,-0.08660025536465188,True,-0.08660025536465188,True
1769,0.14527160117905058,False,0.10396796885939963,False,0.02575049992266576,False,-0.09253480037192963,True,-0.09253480037192963,True
1770,0.11286452544931397,False,0.023422550616605142,False,-0.036436924020047945,True,-0.07731851895963027,True,-0.07731851895963027,True
1771,0.028668362566060535,False,0.05574864638905208,False,-0.04128688650065537,True,-0.08610788143221493,True,-0.08610788143221493,True
1772,0.07509275344985755,False,0.08291399039733582,False,0.09486005274315579,False,-0.08022530555467955,True,-0.08022530555467955,True
1773,0.015047577482579011,False,0.11076979146262567,False,0.1221887660697597,False,-0.08610788143221493,True,-0.08610788143221493,True
1774,0.10680161803876842,False,0.1004230523497171,False,0.06153239559253931,False,-0.06789696455555516,True,-0.06789696455555516,True
1775,0.08943404472657646,False,0.018140939936591938,False,0.06612785720587988,False,-0.10005326139081883,True,-0.10005326139081883,True
1776,0.06182647164862387,False,0.026183553001122406,False,0.13366800250423871,False,-0.10005326139081883,True,-0.10005326139081883,True
1777,-0.03660376602282145,True,0.1068752503747894,False,0.10839508798681396,False,-0.09854985976524788,True,-0.09854985976524788,True
1778,0.15397393519377806,False,0.16241790228021308,False,0.15914224995005954,False,-0.09905065461837603,True,-0.09905065461837603,True
1779,0.07553629931120975,False,0.06295897626244595,False,0.11462994449448105,False,-0.09405792086397446,True,-0.09405792086397446,True
1780,0.08278863294068783,False,-0.004945237637670519,True,0.057424879100105075,False,-0.06971932145765236,True,-0.06971932145765236,True
1781,0.09351571957875282,False,0.08719847614555332,False,0.1449770500153929,False,-0.0782916984953298,True,-0.0782916984953298,True
1782,0.07796350048567546,False,0.07889747515144752,False,0.01675189157754875,False,-0.10005326139081883,True,-0.10005326139081883,True
1783,0.00489865984968374,False,0.09790983723807972,False,0.07329070870442345,False,-0.09555219567689788,True,-0.09555219567689788,True
1784,0.1258145034805897,False,0.1520635120742736,False,0.08912839016652496,False,-0.08610788143221493,True,-0.08610788143221493,True
1785,0.1188803274673847,False,0.05546474714163907,False,0.04675593385165577,False,-0.08660025536465188,True,-0.08660025536465188,True
1786,0.00891674666428155,False,0.10715900339943246,False,0.13743343252048085,False,-0.06609363365736487,True,-0.06609363365736487,True
1787,0.056186636011450575,False,0.07760086557896895,False,-0.05187043074050035,True,-0.07003316147225724,True,-0.07003316147225724,True
1788,0.07001995885017176,False,0.04140922007321157,False,0.0793404047038061,False,-0.05993423486102378,True,-0.05993423486102378,True
1789,0.09444016976241143,False,0.09313232796961757,False,0.05695034387272668,False,-0.10005326139081883,True,-0.10005326139081883,True
1790,0.07141038460692473,False,-0.013697731897796772,True,0.023458368703718313,False,-0.09905065461837603,True,-0.09905065461837603,True
1791,0.054574296715361736,False,0.07961954273784361,False,0.08183791648539518,False,-0.06667180747417245,True,-0.06667180747417245,True
1792,0.03775471211306913,False,0.12699411075725686,False,0.04485435134148685,False,-0.06663697649731826,True,-0.06663697649731826,True
1793,0.049788901355036,False,0.09383897679009101,False,0.03989252639216878,False,-0.0970495065877206,True,-0.0970495065877206,True
1794,0.07574297457742951,False,0.10696405273462961,False,0.11778442040512549,False,-0.08218085982020451,True,-0.08218085982020451,True
1795,0.05127678179129036,False,0.024595853357897268,False,0.0347965041306838,False,-0.07778829343069715,True,-0.07778829343069715,True
1796,-0.024711955227441407,True,0.13884640314576013,False,-0.08182232635384057,True,-0.08610788143221493,True,-0.08610788143221493,True
1797,0.09362177096602264,False,0.07960839607489861,False,-0.019871360399904447,True,-0.07633003848906528,True,-0.07633003848906528,True
1798,0.1268894333633107,False,0.1531089659516015,False,0.07680605563536935,False,-0.06705161370404988,True,-0.06705161370404988,True
1799,0.0794289026095727,False,0.10249827876986123,False,0.011280017896111438,False,-0.07973724336724497,True,-0.07973724336724497,True
1800,0.06975306559903072,False,0.045929202015304815,False,-0.014424567162565127,True,-0.08857308581249212,True,-0.08857308581249212,True
1801,0.07056556287310056,False,0.08687478295150236,False,-0.10594788797347776,True,-0.06544568636048231,True,-0.10594788797347776,True
1802,0.14392813335204407,False,0.10809002278216362,False,0.05636726650261781,False,-0.06683845821738321,True,-0.06683845821738321,True
1803,0.11516409278312678,False,0.040488075870980356,False,-1.2442464187856217e-05,True,-0.09405792086397446,True,-0.09405792086397446,True
1804,0.13002488628553038,False,0.04844001407708609,False,-0.08774141163718863,True,-0.07030045832758391,True,-0.08774141163718863,True
1805,0.10064978790896184,False,0.07048686730803233,False,-0.09937209200140928,True,-0.06741724073379796,True,-0.09937209200140928,True
1806,0.06804140000502978,False,0.07328774818305694,False,0.10078738300591239,False,-0.07126413478751847,True,-0.07126413478751847,True
1807,0.10123678174773099,False,0.0720613201795296,False,-0.06458811912032947,True,-0.08414171365874978,True,-0.08414171365874978,True
1808,0.07929165783287062,False,0.054199995394242695,False,-0.12898901784429573,True,-0.0692383650711692,True,-0.12898901784429573,True
1809,0.1335982872180812,False,0.06604051366657959,False,0.10351985564918742,False,-0.06907114960522653,True,-0.06907114960522653,True
1810,0.12213762446714455,False,0.08317635320735034,False,-0.11639562828744643,True,-0.0890988532442456,True,-0.11639562828744643,True
1811,0.155576755344911,False,0.09776076234640646,False,0.12133065042428992,False,-0.08857308581249212,True,-0.08857308581249212,True
1812,0.02479863344719979,False,0.03907023128905662,False,-0.09418217006615637,True,-0.07003316147225724,True,-0.09418217006615637,True
1813,-0.03176291233659867,True,0.05447027620573297,False,-0.05488995955572207,True,-0.0692383650711692,True,-0.0692383650711692,True
1814,0.04771667430621229,False,0.010632104314697965,False,-0.07073531680122747,True,-0.0692383650711692,True,-0.07073531680122747,True
1815,0.02901017208912715,False,0.07282567035921428,False,-0.10824669735363068,True,-0.0550836105714293,True,-0.10824669735363068,True
1816,0.11763673642370587,False,0.09545256440195166,False,-0.07277744568913003,True,-0.07584461089465544,True,-0.07584461089465544,True
1817,0.14698233959232948,False,0.09560427666337978,False,-0.03894362353640701,True,-0.04569051698057003,True,-0.04569051698057003,True
1818,0.12936526863813896,False,0.040052804755242755,False,-0.11500538464745169,True,-0.06200294957416197,True,-0.11500538464745169,True
1819,0.006354208677709305,False,0.10309155410843301,False,0.0636391816171119,False,-0.0551338900022873,True,-0.0551338900022873,True
1820,0.1455404742073479,False,0.051666584860612375,False,-0.11192455151027558,True,-0.0595728901590884,True,-0.11192455151027558,True
1821,0.061411907926432585,False,0.06819355343866706,False,-0.11731888733748785,True,-0.05322014913357731,True,-0.11731888733748785,True
1822,0.1218156499347896,False,0.036783211015045,False,-0.10649674624903671,True,-0.047219563149135446,True,-0.10649674624903671,True
1823,0.032301380681080016,False,0.07250979303280247,False,-0.095220826876532,True,-0.07030045832758391,True,-0.095220826876532,True
1824,0.08790368486853739,False,0.07146828211962208,False,-0.08658751403314968,True,-0.058019418725909655,True,-0.08658751403314968,True
1825,0.1413597175130008,False,0.10211991579201635,False,-0.09937209200140928,True,-0.059828090702870984,True,-0.09937209200140928,True
1826,-0.03457206494249365,True,0.09010520896607449,False,-0.12848236836634574,True,-0.06670489044233474,True,-0.12848236836634574,True
1827,0.05298843490885663,False,0.026568525338852567,False,-0.11285780451608152,True,-0.07584461089465544,True,-0.11285780451608152,True
1828,0.08810011002703544,False,0.05147869011612893,False,-0.11589749644274894,True,-0.0389994851590042,True,-0.11589749644274894,True
1829,0.11280141423048035,False,0.028207019237021957,False,-0.09556017744010581,True,-0.06899711530820152,True,-0.09556017744010581,True
1830,0.10104458689474788,False,0.0752094409551548,False,-0.10720292116826835,True,-0.051615861792217,True,-0.10720292116826835,True
1831,0.06487015836572396,False,0.06505137940754102,False,-0.12898901784429573,True,-0.04540224937564519,True,-0.12898901784429573,True
1832,0.1610479035819622,False,0.11501496574849152,False,-0.07088753863576347,True,-0.03977005155287694,True,-0.07088753863576347,True
1833,0.11018864216915808,False,0.05595257672928178,False,-0.11731888733748785,True,-0.032024909939251445,True,-0.11731888733748785,True
1834,0.1275592486185524,False,0.07412257283550905,False,-0.12898901784429573,True,-0.047426813842641136,True,-0.12898901784429573,True
1835,0.11923548446117216,False,0.05981717826606814,False,-0.1265513660382257,True,-0.04430128034658143,True,-0.1265513660382257,True
1836,0.04842585060753979,False,-0.010622400370605911,True,-0.13305457787425046,True,-0.059834800272726474,True,-0.13305457787425046,True
1837,0.1133184415181216,False,0.11765964922634459,False,0.0562618779536479,False,-0.041078121686479396,True,-0.041078121686479396,True
1838,0.1268582642372471,False,0.06556448919574909,False,-0.11589749644274894,True,-0.05036665350563363,True,-0.11589749644274894,True
1839,0.06803459927066913,False,0.041642273022071574,False,0.06542235167093091,False,-0.040197748522021515,True,-0.040197748522021515,True
1840,0.17252845331577998,False,0.11133425087283955,False,-0.11731888733748785,True,-0.03742197276771597,True,-0.11731888733748785,True
1841,-0.027561232708790295,True,0.09280084840690334,False,0.0058698857910380875,False,-0.05134881846205419,True,-0.05134881846205419,True
1842,0.08119513776083032,False,0.03948615607248207,False,-0.0405383946992105,True,0.0012033186914086613,False,-0.0405383946992105,True
1843,0.10990713982338107,False,0.08330855361071454,False,-0.11699751816598103,True,-0.03929537757594903,True,-0.11699751816598103,True
1844,0.14154988402729857,False,0.09065989553015835,False,-0.12898901784429573,True,-0.010422430423310924,True,-0.12898901784429573,True
1845,0.013248016935975104,False,0.09742625266182114,False,-0.10994612862978193,True,0.0006715010436193491,False,-0.10994612862978193,True
1846,0.11822019710669418,False,0.0927626434063219,False,-0.12898901784429573,True,-0.01577034178519665,True,-0.12898901784429573,True
1847,0.10618405491465743,False,0.12621354633609327,False,-0.12949601023033952,True,-0.013453175172375764,True,-0.12949601023033952,True
1848,-0.00858911264968576,True,0.06961472538119096,False,-0.13101904715867263,True,-0.003122641421215766,True,-0.13101904715867263,True
1849,0.07256897547553265,False,0.12578660494552857,False,-0.08951663505721319,True,-0.010052391286799911,True,-0.08951663505721319,True
1850,0.09642945601819053,False,0.09268675911404212,False,-0.12898901784429573,True,-0.02801470836397557,True,-0.12898901784429573,True
1851,0.07080409247382513,False,0.015013929423254191,False,-0.10587502032716811,True,-0.018674202053932443,True,-0.10587502032716811,True
1852,0.060514899059008864,False,0.0922375231372135,False,-0.11589749644274894,True,-0.040939052305078105,True,-0.11589749644274894,True
1853,0.03849977726043807,False,0.06471282327091965,False,-0.12898901784429573,True,0.011433437253499212,False,-0.12898901784429573,True
1854,0.10960000069716813,False,0.05924831353924531,False,-0.11561658748258363,True,-0.0688790335352294,True,-0.11561658748258363,True
1855,0.10634307464763249,False,0.12354150939423597,False,-0.08568609581644293,True,-0.04645393316142421,True,-0.08568609581644293,True
1856,0.1641366008417905,False,0.100263239275653,False,-0.09110175611885052,True,-0.0032223528699041326,True,-0.09110175611885052,True
1857,0.08339424451246247,False,0.030466889558678045,False,-0.13101904715867263,True,-0.045290264126446544,True,-0.13101904715867263,True
1858,0.11512614295465107,False,0.06035528416747127,False,-0.11170438734248189,True,-0.01621310273787635,True,-0.11170438734248189,True
1859,0.13271333099098742,False,0.08929216964248549,False,-0.11539970151325174,True,-0.033524999131476885,True,-0.11539970151325174,True
1860,0.06857950252113021,False,0.09377674803194014,False,-0.12949601023033952,True,-0.05154643113795998,True,-0.12949601023033952,True
1861,0.14344457043091507,False,0.0941920401004615,False,-0.12898901784429573,True,-0.04934955214725123,True,-0.12898901784429573,True
1862,0.14367502119294612,False,0.011539745443035043,False,-0.12705670858434992,True,-0.02357860592479477,True,-0.12705670858434992,True
1863,0.10818821474765239,False,0.09527212363815768,False,-0.13101904715867263,True,-0.051397853688293194,True,-0.13101904715867263,True
1864,0.09811486003555636,False,0.05537824306072192,False,-0.12898901784429573,True,-0.04831853871219449,True,-0.12898901784429573,True
1865,0.06190525636298616,False,0.07376702096919807,False,-0.11731888733748785,True,-0.05076268011607632,True,-0.11731888733748785,True
1866,0.05972476380868985,False,0.054087460580661606,False,-0.1252847203531814,True,-0.032655616905299945,True,-0.1252847203531814,True
1867,0.0721728509805003,False,0.08775639122980328,False,-0.12837733604804336,True,-0.026875423654068697,True,-0.12837733604804336,True
1868,0.11977196154630598,False,0.045063906050511915,False,-0.11300627166628618,True,-0.007888693791642809,True,-0.11300627166628618,True
1869,0.14235835302531047,False,0.10966820051958498,False,-0.11589749644274894,True,-0.048021129291285214,True,-0.11589749644274894,True
1870,0.06184703776689726,False,0.05288380964866013,False,-0.03873904216089863,True,-0.03313299482462018,True,-0.03873904216089863,True
1871,0.09616208536201232,False,0.027769942041515394,False,-0.11731888733748785,True,0.0028971203333193474,False,-0.11731888733748785,True
1872,0.13293629540168345,False,0.04137011666950452,False,-0.036108633710841165,True,-0.07258675161308703,True,-0.07258675161308703,True
1873,0.10032014789632332,False,0.09534885426483403,False,-0.11981773688655784,True,-0.0017938025670897195,True,-0.11981773688655784,True
1874,0.11874064236664844,False,0.05362125064128909,False,-0.12898901784429573,True,-0.005979262401331065,True,-0.12898901784429573,True
1875,0.055017108643718116,False,0.08040736512789787,False,-0.05902695576633632,True,-0.04957472716274902,True,-0.05902695576633632,True
1876,0.13936285829627537,False,-0.027459687405191002,True,-0.12031852200977611,True,-0.05238407980202042,True,-0.12031852200977611,True
1877,0.14651241282648092,False,0.06595768841721361,False,-0.11981773688655784,True,-0.013579851115354313,True,-0.11981773688655784,True
1878,0.07793207288374682,False,0.09524957384757732,False,0.10431413996392935,False,-0.05191484823593617,True,-0.05191484823593617,True
1879,0.06335245831817804,False,0.051025129101039624,False,-0.10873965102082062,True,-0.060334704110873494,True,-0.10873965102082062,True
1880,0.13640354725142723,False,0.0724217624063952,False,-0.12898901784429573,True,-0.04008107940246497,True,-0.12898901784429573,True
1881,0.12506924267041603,False,0.10851947554183955,False,-0.11300627166628618,True,-0.04222946930991278,True,-0.11300627166628618,True
1882,0.0790649706307266,False,-0.012209710950232489,True,-0.13101904715867263,True,-0.01708814441997686,True,-0.13101904715867263,True
1883,0.1423798373232315,False,0.06374857763845831,False,-0.12200150330390425,True,-0.0004157610833717129,True,-0.12200150330390425,True
1884,0.15174958380846576,False,-0.006975710231428733,True,-0.11789204759380567,True,-0.050411978835546156,True,-0.11789204759380567,True
1885,0.11345212904194324,False,0.06983640438664995,False,-0.11981773688655784,True,-0.056089604447715935,True,-0.11981773688655784,True
1886,0.10045554777230709,False,0.014244192246412712,False,-0.11529650481067977,True,-0.04733483794490945,True,-0.11529650481067977,True
1887,0.06225516550473209,False,0.10180984308783741,False,-0.12898901784429573,True,-0.05463272733305913,True,-0.12898901784429573,True
1888,0.07282359956816598,False,0.05532542822116515,False,-0.11639562828744643,True,-0.044806695623202386,True,-0.11639562828744643,True
1889,0.02864004661801567,False,0.07679516570153044,False,-0.12898901784429573,True,-0.0322409757492953,True,-0.12898901784429573,True
1890,0.1474563966465447,False,0.10165872834898865,False,-0.12848236836634574,True,-0.017758824708521748,True,-0.12848236836634574,True
1891,0.06341567164426198,False,0.02438080846452806,False,-0.11120942845369819,True,-0.00638792024710233,True,-0.11120942845369819,True
1892,0.03617089570070686,False,0.037074057542443306,False,-0.13101904715867263,True,-0.02131342559117977,True,-0.13101904715867263,True
1893,0.023474065212691797,False,0.027382450326506103,False,-0.11639562828744643,True,-0.04158357880069907,True,-0.11639562828744643,True
1894,0.02778829015771167,False,0.046511278943466294,False,-0.13305457787425046,True,-0.06011893755328235,True,-0.13305457787425046,True
1895,0.12013086993845479,False,0.0853284257778038,False,-0.11589749644274894,True,-0.042499553999617135,True,-0.11589749644274894,True
1896,0.025749679499292633,False,0.08218173895660502,False,-0.11192455151027558,True,-0.0229554731702446,True,-0.11192455151027558,True
1897,-0.02847821977856968,True,0.06263165232922652,False,-0.10972655949669241,True,-0.030960592115324093,True,-0.10972655949669241,True
1898,0.10792534176843693,False,0.0663268460955353,False,-0.11589749644274894,True,-0.05228673866610689,True,-0.11589749644274894,True
1899,0.12059158775912282,False,0.06686998561111956,False,-0.11036691398853216,True,-0.031512501060168674,True,-0.11036691398853216,True
1900,0.11282442635219198,False,0.08286767617408403,False,-0.10972655949669241,True,-0.058377818824215444,True,-0.10972655949669241,True
1901,0.1149182454045774,False,0.09502322843720079,False,-0.10804613103724625,True,-0.03762939091118234,True,-0.10804613103724625,True
1902,0.07393355993660411,False,0.04112898516763153,False,-0.12898901784429573,True,-0.006664767836215391,True,-0.12898901784429573,True
1903,0.12938512160275223,False,0.06674402210339592,False,-0.10523860361634252,True,-0.020677781832109332,True,-0.10523860361634252,True
1904,0.11949036023953885,False,0.07287847537571956,False,-0.11589749644274894,True,-0.057144526615068414,True,-0.11589749644274894,True
1905,0.15100665294140453,False,0.0527917224016371,False,-0.12898901784429573,True,-0.04387879643393766,True,-0.12898901784429573,True
1906,0.07468283025452016,False,0.07631193319840379,False,-0.13101904715867263,True,-0.012083945599798196,True,-0.13101904715867263,True
1907,0.14629356321692433,False,0.1205175452769906,False,-0.13101904715867263,True,-0.03619221505427572,True,-0.13101904715867263,True
1908,0.10983020446673403,False,0.00842776892850805,False,-0.08178271002298132,True,-0.00969783775361932,True,-0.08178271002298132,True
1909,0.008841123084727731,False,0.09765767675547876,False,-0.12031852200977611,True,-0.03789591810046378,True,-0.12031852200977611,True
1910,0.04371025403219109,False,0.05047390389485018,False,-0.11639562828744643,True,-0.04752803328565658,True,-0.11639562828744643,True
1911,0.10269557902031501,False,0.15600602266712227,False,-0.10895892323990208,True,-0.04842135443147666,True,-0.10895892323990208,True
1912,0.11274380422634034,False,0.04959266725003886,False,-0.11981773688655784,True,-0.054204169816614356,True,-0.11981773688655784,True
1913,0.04315605103868492,False,0.10711080436398113,False,-0.11589749644274894,True,-0.050920205449792366,True,-0.11589749644274894,True
1914,0.046659358355158,False,0.02566688401964412,False,-0.10300647289546105,True,-0.058723718361381905,True,-0.10300647289546105,True
1915,0.10114274383967486,False,0.062463370170013466,False,-0.13356432189332723,True,-0.057934117407423935,True,-0.13356432189332723,True
1916,0.13469715302109952,False,0.15192347263151418,False,-0.12837733604804336,True,-0.0029863655732818017,True,-0.12837733604804336,True
1917,0.11446331933823967,False,0.10984453207357181,False,-0.12848236836634574,True,-0.040076436208271504,True,-0.12848236836634574,True
1918,0.06292803671785441,False,0.04205885879247073,False,-0.13101904715867263,True,-0.06230630485057209,True,-0.13101904715867263,True
1919,0.13015858347906212,False,0.019501545015109922,False,-0.11589749644274894,True,-0.03838888621465486,True,-0.11589749644274894,True
1920,0.15464413220825646,False,0.1394099991352335,False,-0.12898901784429573,True,-0.0431085034719193,True,-0.12898901784429573,True
1921,0.10116139726108181,False,0.06464605396080514,False,-0.11981773688655784,True,-0.06397714213746108,True,-0.11981773688655784,True
1922,0.023495081993574196,False,0.021416822109686207,False,-0.12898901784429573,True,-0.028693058253668968,True,-0.12898901784429573,True
1923,0.1448153167627178,False,0.11689319631712891,False,-0.11589749644274894,True,-0.006469781800295116,True,-0.11589749644274894,True
1924,-0.014464712058443352,True,0.046112349189728064,False,-0.09137868515729486,True,-0.0635000695169251,True,-0.09137868515729486,True
1925,0.10673021035182545,False,0.0446249045548297,False,-0.12848236836634574,True,-0.05062019036574761,True,-0.12848236836634574,True
1926,0.09125655526385124,False,0.11624827050283804,False,-0.12898901784429573,True,-0.04243973342611085,True,-0.12898901784429573,True
1927,0.05669219561506422,False,0.049713810945854475,False,-0.12300636950251975,True,-0.05009077964806563,True,-0.12300636950251975,True
1928,0.1398995749878592,False,0.03738408126668247,False,-0.12031852200977611,True,-0.03402513327055179,True,-0.12031852200977611,True
1929,0.10649056153566089,False,0.10847612852555893,False,-0.11310914698347285,True,-0.029607506633727687,True,-0.11310914698347285,True
1930,0.005008778897152899,False,0.0433913143830017,False,-0.12898901784429573,True,-0.0525582556656774,True,-0.12898901784429573,True
1931,0.05189355058517919,False,-0.034206307069247655,True,0.020656727668487362,False,-0.06315229151793167,True,-0.06315229151793167,True
1932,0.12379181996975935,False,0.08917042385008428,False,-0.09074057531598867,True,-0.042843518045696305,True,-0.09074057531598867,True
1933,0.11668802940050932,False,0.05900571092639095,False,0.019082795553718723,False,-0.047050542645908355,True,-0.047050542645908355,True
1934,0.15727973135085954,False,0.11674578256434404,False,0.06030434245689731,False,-0.028471364283140788,True,-0.028471364283140788,True
1935,0.09484363793393824,False,0.007563539527110308,False,-0.10329095029422497,True,-0.01473180335782509,True,-0.10329095029422497,True
1936,0.07268252619813242,False,0.07972799283571225,False,-0.078211755374889,True,-0.027473094267160936,True,-0.078211755374889,True
1937,0.16646113523771006,False,0.11657527070067175,False,-0.08080280050474098,True,-0.014658911020182575,True,-0.08080280050474098,True
1938,-0.012784763228605445,True,0.15099244042194543,False,-0.07854303673731688,True,-0.059135820188040755,True,-0.07854303673731688,True
1939,0.11691687819655205,False,0.02808620887403457,False,-0.08525855140192395,True,-0.05570605200258716,True,-0.08525855140192395,True
1940,0.1537912922171248,False,0.044637407680184316,False,-0.11284220566257608,True,-0.04192318660753047,True,-0.11284220566257608,True
1941,0.18137685863600356,False,0.11097745942806397,False,-0.1013942697628919,True,-0.04975735577728946,True,-0.1013942697628919,True
1942,0.0766527065477125,False,0.06017364779371204,False,-0.10235698151280948,True,-0.05154833856478691,True,-0.10235698151280948,True
1943,0.056513951054724454,False,0.09482508694537556,False,-0.0876993954021209,True,-0.05245687264274723,True,-0.0876993954021209,True
1944,0.09511614370799987,False,0.11548816832015651,False,-0.07939089820626166,True,-0.04125854953288011,True,-0.07939089820626166,True
1945,0.04157557548016533,False,0.04123591069069388,False,-0.13101904715867263,True,-0.036561737453638665,True,-0.13101904715867263,True
1946,0.02626800878998925,False,0.057401676803224944,False,-0.12848236836634574,True,-0.01976519825473877,True,-0.12848236836634574,True
1947,0.10640709700839585,False,0.044329421405688296,False,-0.11341188639207445,True,-0.040076436208271504,True,-0.11341188639207445,True
1948,0.08487819294087517,False,0.0744682485347441,False,-0.11539970151325174,True,-0.04978140579194801,True,-0.11539970151325174,True
1949,0.04442053161390014,False,0.14796991419452465,False,-0.13101904715867263,True,-0.037410905133411054,True,-0.13101904715867263,True
1950,0.11966614412014437,False,0.09266624117279676,False,-0.12898901784429573,True,-0.04895463756617213,True,-0.12898901784429573,True
1951,0.126188763123891,False,0.05605686664027165,False,-0.003521348710190386,True,-0.04810645555965953,True,-0.04810645555965953,True
1952,0.1234584863011341,False,0.09772780321067709,False,-0.020751906795388853,True,-0.0022053188439898896,True,-0.020751906795388853,True
1953,-0.015800413053520868,True,0.09633913930132237,False,-0.12848236836634574,True,-0.017915596009519974,True,-0.12848236836634574,True
1954,0.10483370916911794,False,0.07276767018506336,False,-0.1285575051714125,True,-0.047580706910686166,True,-0.1285575051714125,True
1955,0.13835179606117592,False,0.10237972081511743,False,-0.08582565860469527,True,-0.038842150889071614,True,-0.08582565860469527,True
1956,0.10567438404646706,False,0.06642019953474576,False,-0.06877510255977248,True,-0.043461773252710834,True,-0.06877510255977248,True
1957,0.13793737994767752,False,0.055546366902931354,False,-0.02562649760788427,True,-0.0022053188439898896,True,-0.02562649760788427,True
1958,0.13487054968185086,False,0.06787777103887516,False,-0.07506789045817486,True,-0.019893165318271122,True,-0.07506789045817486,True
1959,0.07180696614919369,False,0.07072739605767142,False,-0.10658645278680634,True,-0.03830289155955058,True,-0.10658645278680634,True
1960,0.07460240647119032,False,0.05257930862712901,False,-0.04250814607054254,True,-0.010021466309481974,True,-0.04250814607054254,True
1961,0.05619333652242953,False,0.06456879248815728,False,-0.10721703751649592,True,-0.0409991866649726,True,-0.10721703751649592,True
1962,0.049856631681416075,False,0.08671626170336699,False,-0.11731888733748785,True,-0.04250837006197494,True,-0.11731888733748785,True
1963,-0.03634856043138768,True,0.042713450457294466,False,-0.04437194069963901,True,-0.013113882031388635,True,-0.04437194069963901,True
1964,0.13987512453343426,False,0.10587441071967146,False,-0.06635807512473257,True,0.00019133084056388583,False,-0.06635807512473257,True
1965,0.14012272582381563,False,0.14803199491213087,False,-0.08487107030142793,True,-0.0178783411381761,True,-0.08487107030142793,True
1966,0.09612321320843498,False,0.06071515034902264,False,-0.11120942845369819,True,-0.030979432064356716,True,-0.11120942845369819,True
1967,0.14173282382611568,False,0.10687526214364979,False,-0.1315274134995168,True,-0.03405336878937437,True,-0.1315274134995168,True
1968,0.03127072579021417,False,-0.015198998293420307,True,-0.12604636528431357,True,-0.007382456344220079,True,-0.12604636528431357,True
1969,0.03678813288799354,False,0.08014688544005782,False,-0.11459888875040203,True,-0.00729142934049698,True,-0.11459888875040203,True
1970,0.08775456750633481,False,0.1355450030164922,False,-0.015592985049159958,True,-0.005115474912460338,True,-0.015592985049159958,True
1971,0.02817504103529156,False,0.037644524387010714,False,-0.0006574521852553694,True,-0.00786591404705983,True,-0.00786591404705983,True
1972,0.0947629222063398,False,0.04275300315041253,False,-0.002585452653921072,True,-0.0013998024266780318,True,-0.002585452653921072,True
1973,0.11600002440889556,False,0.12013985536764443,False,-0.038453367644149306,True,-0.025806752790066723,True,-0.038453367644149306,True
1974,0.11360903631182662,False,0.15280546781444532,False,-0.08229739560373395,True,-0.0267510915926652,True,-0.08229739560373395,True
1975,0.07581894635041209,False,-0.05010956731119631,True,-0.08783248625483764,True,8.439414940331069e-05,False,-0.08783248625483764,True
1976,0.15446355746054907,False,0.11161816338892966,False,-0.11341188639207445,True,-0.009168407629171593,True,-0.11341188639207445,True
1977,0.14183144814731713,False,0.0212195673637382,False,-0.11639562828744643,True,-0.028389831901496243,True,-0.11639562828744643,True
1978,0.014426130352466426,False,0.1273585258322063,False,-0.12848236836634574,True,-0.005188323259996297,True,-0.12848236836634574,True
1979,0.1351004035244237,False,0.10898159689157383,False,-0.12705670858434992,True,-0.03457385204521468,True,-0.12705670858434992,True
1980,0.029986420960809834,False,0.11652464139017016,False,-0.0842549805306625,True,0.0029628030847765885,False,-0.0842549805306625,True
1981,0.006619008837853935,False,0.11529867582292497,False,-0.13101904715867263,True,-0.054905740138175285,True,-0.13101904715867263,True
1982,0.13587952119354668,False,0.07112191083623265,False,-0.11999584558274978,True,-0.04859352220588309,True,-0.11999584558274978,True
1983,0.11884934333469921,False,0.14978250296910434,False,-0.029302269852615748,True,0.013169058386884647,False,-0.029302269852615748,True
1984,0.063152674362428,False,0.09711306740105768,False,-0.11401133784065287,True,-0.02206453390684382,True,-0.11401133784065287,True
1985,0.1707652001616899,False,0.05690344030548955,False,-0.09629879219361448,True,-0.002259875844417558,True,-0.09629879219361448,True
1986,0.14131702201567065,False,0.06769981341303488,False,-0.13101904715867263,True,-0.004622214546228243,True,-0.13101904715867263,True
1987,0.1547686635767347,False,0.10875438542394111,False,-0.12898901784429573,True,-0.02647443500733726,True,-0.12898901784429573,True
1988,0.04349853908499535,False,0.1405832504325561,False,-0.13101904715867263,True,-0.01431962724509006,True,-0.13101904715867263,True
1989,0.05496869549563144,False,0.10634541966977429,False,-0.11300627166628618,True,-0.03270693595675889,True,-0.11300627166628618,True
1990,0.11066512590831101,False,0.09848228025263617,False,-0.11036691398853216,True,-0.010422430423310924,True,-0.11036691398853216,True
1991,0.086121563166763,False,0.14561919499514842,False,-0.11300627166628618,True,-0.0040947086629293805,True,-0.11300627166628618,True
1992,0.12333919328561249,False,0.08210445876505956,False,-0.1094523589524341,True,-0.005188323259996297,True,-0.1094523589524341,True
1993,0.15855834117962075,False,0.10982443254408447,False,-0.1084658212663061,True,-0.03784318391049191,True,-0.1084658212663061,True
1994,0.09567803553672116,False,0.1012090529347025,False,-0.13101904715867263,True,0.027206737490580002,False,-0.13101904715867263,True
1995,0.09213746062873684,False,0.13863712778009885,False,-0.11749639452215754,True,-0.009059489608013171,True,-0.11749639452215754,True
1996,0.05181466702921933,False,0.11247176975110601,False,-0.11450819310444216,True,-0.04139911162391041,True,-0.11450819310444216,True
1997,0.13953412626217748,False,0.13585675958695315,False,-0.11539970151325174,True,0.01087893832160991,False,-0.11539970151325174,True
1998,0.008670523121959373,False,0.12971810189091176,False,-0.1094523589524341,True,-0.00729142934049698,True,-0.1094523589524341,True
1999,0.10846056505831037,False,0.07615248610016134,False,-0.11949527870414722,True,-0.019979567631146167,True,-0.11949527870414722,True
2000,0.08513884252560977,False,0.010018367652345983,False,-0.13101904715867263,True,-0.00626163925972445,True,-0.13101904715867263,True
2001,0.006423819302241007,False,0.13437838453421214,False,-0.11539970151325174,True,0.002834472365468188,False,-0.11539970151325174,True
2002,0.11680038205016646,False,0.08012894009663352,False,-0.07594635779608017,True,-0.004768874115613331,True,-0.07594635779608017,True
2003,0.10684851074792023,False,0.13382417697394455,False,-0.11589749644274894,True,-0.014549147495622528,True,-0.11589749644274894,True
2004,0.08626566441322825,False,-0.06437715012844258,True,-0.12898901784429573,True,-0.013073806300571533,True,-0.12898901784429573,True
2005,0.1547297309130305,False,0.09763814428247924,False,-0.11981773688655784,True,-0.01183842516512068,True,-0.11981773688655784,True
2006,0.04267256538254216,False,0.05395747952404262,False,-0.13101904715867263,True,-0.015088468466847416,True,-0.13101904715867263,True
2007,0.09339417583771992,False,0.09330719097173723,False,-0.12484086793466698,True,-0.0019925782529657265,True,-0.12484086793466698,True
2008,0.05196059598225533,False,0.07696409085546208,False,-0.11300627166628618,True,-0.005550012980732988,True,-0.11300627166628618,True
2009,0.09456507113513984,False,0.04932103426645684,False,-0.13101904715867263,True,0.00715383379713197,False,-0.13101904715867263,True
2010,0.13546548102944805,False,0.10641574278715632,False,-0.13101904715867263,True,-0.04542799757378457,True,-0.13101904715867263,True
2011,0.025275322411466017,False,0.16712786382238243,False,-0.11589749644274894,True,-0.013010376649531197,True,-0.11589749644274894,True
2012,0.15494177471505421,False,0.11165812285764992,False,-0.12898901784429573,True,-0.00013285596000467415,True,-0.12898901784429573,True
2013,0.10786241021384513,False,0.036444163954993614,False,-0.11490224327107967,True,-0.04484870319793277,True,-0.11490224327107967,True
2014,0.015887459911258395,False,0.06284659220176414,False,-0.11589749644274894,True,-0.0409991866649726,True,-0.11589749644274894,True
2015,0.09695014679715097,False,0.09791398806684459,False,-0.12848236836634574,True,-0.0009152244656600583,True,-0.12848236836634574,True
2016,0.12463129250801308,False,0.06827726877176932,False,-0.13101904715867263,True,-0.01954509414140415,True,-0.13101904715867263,True
2017,0.049386959813286446,False,0.10168627329974522,False,-0.11500538464745169,True,-0.008201331018593994,True,-0.11500538464745169,True
2018,0.1091590189634351,False,0.06147760298229554,False,-0.11981773688655784,True,-0.044602113150581824,True,-0.11981773688655784,True
2019,0.1392646127568163,False,0.16756862054821092,False,-0.13101904715867263,True,-0.04762438768943311,True,-0.13101904715867263,True
2020,-0.015623413692200105,True,0.15645568834408768,False,-0.11589749644274894,True,-0.043728453386247756,True,-0.11589749644274894,True
2021,0.10341424476658528,False,0.15577346676030246,False,-0.11589749644274894,True,-0.023288944519454846,True,-0.11589749644274894,True
2022,0.09858342532836789,False,0.05514494122269209,False,-0.12848236836634574,True,-0.057651628860945325,True,-0.12848236836634574,True
2023,0.12676478178563144,False,0.16173330058093832,False,-0.11981773688655784,True,0.0022626226609143707,False,-0.11981773688655784,True
2024,0.14978613279658176,False,0.12893891370063293,False,-0.11351481862863877,True,-0.051690007304696306,True,-0.11351481862863877,True
2025,0.04775864256012197,False,0.07244913718795787,False,-0.11589749644274894,True,-0.02613241365657548,True,-0.11589749644274894,True
2026,0.02840623716158508,False,0.15492087561140766,False,-0.11450819310444216,True,-0.017944398270800632,True,-0.11450819310444216,True
2027,0.12000083116066113,False,0.07029461083378952,False,-0.12848236836634574,True,-0.013000151735139798,True,-0.12848236836634574,True
2028,0.1420409935518337,False,0.1463216205394342,False,-0.11639562828744643,True,-0.0474889603081724,True,-0.11639562828744643,True
2029,0.13004285180557146,False,0.09671645950362368,False,-0.12898901784429573,True,-0.0173130121927918,True,-0.12898901784429573,True
2030,0.09658198231210924,False,0.10062203678221182,False,-0.13101904715867263,True,-0.033957348033934576,True,-0.13101904715867263,True
2031,0.08184849720744714,False,0.08476620935397966,False,-0.12848236836634574,True,-0.02286910850030288,True,-0.12848236836634574,True
2032,0.022148344512054496,False,0.011620436165426962,False,-0.12898901784429573,True,-0.04563560804267297,True,-0.12898901784429573,True
2033,0.06656271151343962,False,0.06097679842345871,False,-0.13101904715867263,True,-0.023273229482204116,True,-0.13101904715867263,True
2034,0.11460442799564396,False,0.1334463001161209,False,-0.12898901784429573,True,-0.021735452885409456,True,-0.12898901784429573,True
2035,0.13892435561033067,False,0.05662762522685816,False,-0.12898901784429573,True,-0.012487892931464462,True,-0.12898901784429573,True
2036,0.1403922517936152,False,0.09068503863884408,False,-0.13101904715867263,True,-0.022512989559402286,True,-0.13101904715867263,True
2037,0.11910750086808797,False,0.06607686525662904,False,-0.12031852200977611,True,-0.037516412025167534,True,-0.12031852200977611,True
2038,0.13797975237473087,False,0.0637744771681914,False,-0.12848236836634574,True,-0.02141755296476988,True,-0.12848236836634574,True
2039,0.11079655391312643,False,0.12651744874135656,False,-0.11300627166628618,True,-0.013000151735139798,True,-0.11300627166628618,True
2040,0.01801726210893051,False,0.10202853969895448,False,-0.1094523589524341,True,-0.013725740219986293,True,-0.1094523589524341,True
2041,0.034840447144930065,False,0.08185143773678721,False,-0.12333035850267893,True,-0.017545347516165655,True,-0.12333035850267893,True
2042,0.08116543996326475,False,0.10153975753796718,False,-0.11731888733748785,True,-0.01351674965710059,True,-0.11731888733748785,True
2043,-0.009052580334649951,True,0.11914049376350322,False,-0.12898901784429573,True,-0.021260362175066105,True,-0.12898901784429573,True
2044,0.05604874630675072,False,0.15663161413454568,False,-0.11589749644274894,True,-0.024945346608405083,True,-0.11589749644274894,True
2045,-0.002961664390158325,True,0.05785259435686396,False,-0.11731888733748785,True,-0.0014000342011344369,True,-0.11731888733748785,True
2046,0.03983485770864348,False,0.005489990384306531,False,-0.13356432189332723,True,-0.0026627406158464817,True,-0.13356432189332723,True
2047,0.15487991926859174,False,0.05820103165320922,False,-0.13101904715867263,True,-0.008827871819171107,True,-0.13101904715867263,True
2048,0.1273703929520621,False,0.1275694512046538,False,-0.12604636528431357,True,-0.003325151424025341,True,-0.12604636528431357,True
2049,0.15335846497497413,False,0.06118374436981422,False,-0.11192455151027558,True,-0.00296064257836004,True,-0.11192455151027558,True
2050,0.09995119708984856,False,0.05357417244669371,False,-0.13305457787425046,True,-0.02267623881519054,True,-0.13305457787425046,True
2051,0.09539841281470696,False,0.06448943496624637,False,-0.13356432189332723,True,-0.03121634236009241,True,-0.13356432189332723,True
2052,0.03010919892282027,False,0.05307964491518691,False,-0.13101904715867263,True,-0.000954769903642072,True,-0.13101904715867263,True
2053,0.05266014648608186,False,0.0796718951399471,False,-0.1056598754833723,True,-0.026127879363806117,True,-0.1056598754833723,True
2054,0.08291975505046278,False,0.034287213189035604,False,-0.12898901784429573,True,-0.039910681225069244,True,-0.12898901784429573,True
2055,0.06139495868915035,False,0.04067079325810674,False,-0.11731888733748785,True,-0.014991463021811202,True,-0.11731888733748785,True
2056,0.1201873484504612,False,0.03344417769225594,False,-0.11589749644274894,True,-0.007517494390333002,True,-0.11589749644274894,True
2057,0.08744464024370802,False,0.07070912496747384,False,-0.11529650481067977,True,-0.05329463015485214,True,-0.11529650481067977,True
2058,0.0916098459487138,False,0.00513177235309159,False,-0.10895892323990208,True,-0.028269315600998768,True,-0.10895892323990208,True
2059,0.11981348447250478,False,0.024430699970654057,False,-0.11589749644274894,True,-0.008259204062714964,True,-0.11589749644274894,True
2060,0.09857428737524176,False,0.11564859160456603,False,-0.11981773688655784,True,-0.011085356846107564,True,-0.11981773688655784,True
2061,0.1251473547739852,False,0.042125113445321216,False,-0.12031852200977611,True,-0.056966877744167976,True,-0.12031852200977611,True
2062,0.0770304451412469,False,0.04927894779821729,False,-0.11589749644274894,True,-0.037985366748977234,True,-0.11589749644274894,True
2063,0.1396933482825058,False,0.06296320230252506,False,-0.11981773688655784,True,-0.05349388415849421,True,-0.11981773688655784,True
2064,0.12292249050981519,False,0.019796475523676027,False,-0.13101904715867263,True,-0.011877778173902453,True,-0.13101904715867263,True
2065,0.09084481172501391,False,0.06890478868902494,False,-0.13101904715867263,True,-0.01329577785540248,True,-0.13101904715867263,True
2066,0.03843522688400647,False,0.0805400925544067,False,-0.13101904715867263,True,-0.009098410419654646,True,-0.13101904715867263,True
2067,0.13402555337385608,False,0.09194448422537616,False,-0.1094523589524341,True,-0.037659727009420774,True,-0.1094523589524341,True
2068,0.1428216277882542,False,0.008052025585681744,False,-0.12898901784429573,True,-0.01689501944293481,True,-0.12898901784429573,True
2069,0.08963220707547381,False,0.0544364510598252,False,-0.11589749644274894,True,0.003418958612205536,False,-0.11589749644274894,True
2070,0.11345074692344231,False,0.08879953953735947,False,-0.13101904715867263,True,-0.0018726760431164724,True,-0.13101904715867263,True
2071,0.03959428417520994,False,0.058826623651514476,False,-0.10558703674272962,True,0.0166151616608754,False,-0.10558703674272962,True
2072,-0.002324175976198828,True,0.03207395148899428,False,-0.11981773688655784,True,-0.026844849345030397,True,-0.11981773688655784,True
2073,0.1013272174327734,False,0.06085571505026055,False,-0.1094523589524341,True,-0.0021269443633751273,True,-0.1094523589524341,True
2074,0.1485757885742658,False,0.07986343476390173,False,-0.10895892323990208,True,-0.0352217834292512,True,-0.10895892323990208,True
2075,0.054711534304980214,False,0.0012899752248933805,False,-0.11731888733748785,True,-0.022859276569266784,True,-0.11731888733748785,True
2076,0.04854501321359406,False,0.08439567345628596,False,-0.11192455151027558,True,-0.021141128731896774,True,-0.11192455151027558,True
2077,0.11452044105694426,False,0.05061072270102307,False,-0.11731888733748785,True,-0.0051495111196048216,True,-0.11731888733748785,True
2078,0.07289381890602109,False,0.05698145414358868,False,-0.11192455151027558,True,-0.02514154767880772,True,-0.11192455151027558,True
2079,0.10566395586189903,False,0.018167366184387634,False,-0.12898901784429573,True,-0.0001595962394183026,True,-0.12898901784429573,True
2080,0.05969195235066638,False,0.0738050520305179,False,-0.11301863524110867,True,-0.0009900886390245,True,-0.11301863524110867,True
2081,0.08454878023733214,False,0.05782690461609552,False,-0.13101904715867263,True,-0.018644911577177292,True,-0.13101904715867263,True
2082,0.10890787522619622,False,0.0977586991435071,False,-0.12898901784429573,True,-0.0027733668024880753,True,-0.12898901784429573,True
2083,0.06668138723803696,False,0.05615808447617121,False,-0.10904893376264113,True,-0.013350423145971457,True,-0.10904893376264113,True
2084,0.05503291855216119,False,-0.044200527168124504,True,-0.10895892323990208,True,-0.0489416744793123,True,-0.10895892323990208,True
2085,0.05643068083592884,False,0.07106659602485665,False,-0.12848236836634574,True,0.0027765584549926947,False,-0.12848236836634574,True
2086,0.12799103515098897,False,0.08352106711839158,False,-0.11981773688655784,True,-0.0013250010690567526,True,-0.11981773688655784,True
2087,0.1272665103255624,False,0.07520847421656585,False,-0.10371509425551295,True,-0.006916925546738728,True,-0.10371509425551295,True
2088,0.12831594364973709,False,0.011705832856800935,False,-0.11192455151027558,True,-0.010468845750629008,True,-0.11192455151027558,True
2089,0.12977442119841537,False,0.06465797174149779,False,-0.11241999440525041,True,-0.00870689086698584,True,-0.11241999440525041,True
2090,0.13470218390215438,False,0.08373385000739764,False,-0.11999584558274978,True,-0.005897032789294987,True,-0.11999584558274978,True
2091,0.13325431134032306,False,0.060316779774196694,False,-0.11589749644274894,True,-0.018552304349771842,True,-0.11589749644274894,True
2092,0.144595118288546,False,0.05368404362484258,False,-0.05634366978946026,True,0.0004389568229820062,False,-0.05634366978946026,True
2093,0.09309511372542567,False,0.04222374680809837,False,-0.11044023249797796,True,-0.018560179003750288,True,-0.11044023249797796,True
2094,0.106617660879125,False,0.05798632907714529,False,-0.10463067731054487,True,-0.01409144196160883,True,-0.10463067731054487,True
2095,0.0755857236490789,False,0.03482838924025178,False,-0.12604636528431357,True,-0.015033490475815148,True,-0.12604636528431357,True
2096,0.0737826676997001,False,0.0349759868287578,False,-0.1320361239104536,True,-0.013491121523945604,True,-0.1320361239104536,True
2097,0.0491222585072677,False,-0.0033774301375036897,True,-0.13101904715867263,True,-0.010480708022078566,True,-0.13101904715867263,True
2098,0.12344556150418245,False,0.08114502935280532,False,-0.11589749644274894,True,-0.008881845256878185,True,-0.11589749644274894,True
2099,0.15027209299805072,False,0.054665232776131,False,-0.11192455151027558,True,-0.007070567677405548,True,-0.11192455151027558,True
2100,0.1343497052373624,False,0.036820643012560716,False,-0.11162242596648708,True,-0.007710991483618979,True,-0.11162242596648708,True
2101,0.15874879404109649,False,0.021985551704888695,False,-0.10666628825216262,True,0.0007575086891589144,False,-0.10666628825216262,True
2102,0.11533225270515474,False,0.05157331788254638,False,-0.0941151578391729,True,-0.03281542345421207,True,-0.0941151578391729,True
2103,0.145693328785569,False,0.047424221870347116,False,-0.11582363022839681,True,-0.019279749504750976,True,-0.11582363022839681,True
2104,0.09207779918845993,False,0.06334768072122432,False,-0.037427481977160615,True,-0.006335118796057082,True,-0.037427481977160615,True
2105,0.0739190700937492,False,0.03601972309240531,False,-0.006194751942409482,True,-0.03982645032758825,True,-0.03982645032758825,True
2106,0.12980903590079618,False,-0.01492863905592201,True,-0.09102766905276716,True,-0.0422824742203598,True,-0.09102766905276716,True
2107,0.13843395953833382,False,-0.009890396875528618,True,-0.09058390487430001,True,-0.03651269263188983,True,-0.09058390487430001,True
2108,0.07147896805699894,False,0.059132758072157676,False,-0.10001755068084661,True,-0.010792438602264864,True,-0.10001755068084661,True
2109,0.09600232835510097,False,0.07078095015142438,False,-0.0768090119540713,True,-0.009780004271243703,True,-0.0768090119540713,True
2110,0.09001241724767584,False,0.05053886095502769,False,-0.11333826963987659,True,-0.022523363115471096,True,-0.11333826963987659,True
2111,0.07146175689081369,False,0.07966323964002708,False,-0.10623352256055552,True,-0.02199230236071792,True,-0.10623352256055552,True
2112,0.08894483701278466,False,0.018247069843105534,False,-0.10659192654507499,True,-0.017703623079727726,True,-0.10659192654507499,True
2113,0.10802589896027365,False,0.06764748720889735,False,-0.1094523589524341,True,-0.015477760176481614,True,-0.1094523589524341,True
2114,0.0498162090329235,False,-0.019350438721979613,True,-0.10853894895809435,True,-0.02368562430645027,True,-0.10853894895809435,True
2115,0.09889980290461964,False,0.032092964597243645,False,-0.10923293832657066,True,-0.03565288245054288,True,-0.10923293832657066,True
2116,0.13407986842964403,False,0.013183949209985779,False,-0.1129157726235328,True,-0.02141547963937185,True,-0.1129157726235328,True
2117,0.17180549954560526,False,0.025046002756552,False,-0.11390833593798111,True,-0.02595042957696314,True,-0.11390833593798111,True
2118,0.08325934971445481,False,0.06576890922935219,False,-0.11589749644274894,True,-0.010377228737926791,True,-0.11589749644274894,True
2119,0.15753590766616155,False,0.036151471336311025,False,-0.08942260747166764,True,-0.014926516123950573,True,-0.08942260747166764,True
2120,0.0848124842775081,False,0.017638257097777,False,-0.10558703674272962,True,-0.05825693703847801,True,-0.10558703674272962,True
2121,0.04806950406525701,False,-0.00100666184887932,True,-0.11120942845369819,True,-0.018874050092015704,True,-0.11120942845369819,True
2122,0.03654977481252342,False,0.011373806683121601,False,-0.11241999440525041,True,-0.019801792870936086,True,-0.11241999440525041,True
2123,0.04182378938585074,False,-0.0010495107521394376,True,-0.11341188639207445,True,-0.0058196616079094765,True,-0.11341188639207445,True
2124,-0.031848847398849855,True,-0.0649353876219817,True,-0.12502018577576524,True,-0.02668492776049136,True,-0.12502018577576524,True
2125,0.051981913894716736,False,-0.048313362424441064,True,-0.11192455151027558,True,-0.01186439588371524,True,-0.11192455151027558,True
2126,0.04407892424787441,False,-0.06184630826365389,True,-0.11999584558274978,True,-0.027194427552258427,True,-0.11999584558274978,True
2127,0.02768898415528165,False,-0.03073972525485169,True,-0.1084658212663061,True,-0.02111142186754411,True,-0.1084658212663061,True
2128,0.06068765856423619,False,-0.12276107632076305,True,-0.11539970151325174,True,-0.05098224835737386,True,-0.12276107632076305,True
2129,0.01911904236092954,False,-0.02948284987372285,True,-0.11151975924961988,True,-0.02987292360427296,True,-0.11151975924961988,True
2130,0.052499136793157763,False,-0.0719052667451795,True,-0.12898901784429573,True,-0.0008944351281007235,True,-0.12898901784429573,True
2131,0.050504445333547254,False,-0.06934412077983831,True,-0.11341188639207445,True,-0.056779594267246325,True,-0.11341188639207445,True
2132,0.052999868245799164,False,-0.11480764116699949,True,-0.13101904715867263,True,-0.043555648122196144,True,-0.13101904715867263,True
2133,0.06285112596101516,False,-0.03538768188734287,True,-0.11192455151027558,True,-0.031920989942942346,True,-0.11192455151027558,True
2134,0.041129263507165725,False,-0.09357566228326519,True,-0.12949601023033952,True,-0.04345954569458654,True,-0.12949601023033952,True
2135,0.07007602951217229,False,-0.1014368044384677,True,-0.11170438734248189,True,-0.011706759365510688,True,-0.11170438734248189,True
2136,0.05477892424806741,False,-0.11107215687280891,True,-0.11931729047310458,True,-0.03215217139894477,True,-0.11931729047310458,True
2137,0.025500424614920858,False,-0.06014496169900474,True,-0.11300627166628618,True,-0.02134928971762229,True,-0.11300627166628618,True
2138,0.026761620151762866,False,-0.11676923904563163,True,-0.13101904715867263,True,-0.045099182801085935,True,-0.13101904715867263,True
2139,0.023361272573051095,False,-0.0915261432643254,True,-0.12898901784429573,True,-0.03155268205676032,True,-0.12898901784429573,True
2140,0.046839545249867776,False,-0.09937568468844082,True,-0.11639562828744643,True,-0.03921221219457505,True,-0.11639562828744643,True
2141,0.039860628632246486,False,-0.11870492626992868,True,-0.10804613103724625,True,-0.024744270737798613,True,-0.11870492626992868,True
2142,0.037631683960655526,False,-0.09709075517277455,True,-0.13101904715867263,True,-0.023393573181008542,True,-0.13101904715867263,True
2143,-0.01619888705853978,True,-0.10335429551500186,True,-0.11949527870414722,True,-0.020620708356213546,True,-0.11949527870414722,True
2144,0.017606085825449425,False,-0.09356054225112886,True,-0.13101904715867263,True,-0.03498221503336629,True,-0.13101904715867263,True
2145,0.043412428079397825,False,-0.12285128264692868,True,-0.11053042590592443,True,-0.04504362259594952,True,-0.12285128264692868,True
2146,-1.298230957180735e-07,True,-0.09527913583017367,True,-0.12848236836634574,True,-0.025028852003929236,True,-0.12848236836634574,True
2147,0.040316764437369534,False,-0.09402959418614687,True,-0.13356432189332723,True,-0.021122029154994615,True,-0.13356432189332723,True
2148,0.04760533877465856,False,-0.12826161147405835,True,-0.12848236836634574,True,-0.022827516089337196,True,-0.12848236836634574,True
2149,-0.02653427197547753,True,-0.11533076642119533,True,-0.12604636528431357,True,-0.027966380336105212,True,-0.12604636528431357,True
2150,0.0101736909932848,False,-0.0989180801953915,True,-0.12705670858434992,True,-0.029892602556369496,True,-0.12705670858434992,True
2151,0.03919601242436466,False,-0.08677345984692764,True,-0.13101904715867263,True,-0.020025167045609527,True,-0.13101904715867263,True
2152,0.04467763464788521,False,-0.11578385828602122,True,-0.1123464772018582,True,-0.008569003083166438,True,-0.11578385828602122,True
2153,-0.018308286792334538,True,-0.12209507535395059,True,-0.12242923719710752,True,-0.05970539126349783,True,-0.12242923719710752,True
2154,0.013762524931730247,False,-0.1397904408163726,True,-0.12182291193123651,True,-0.05516179890662698,True,-0.1397904408163726,True
2155,-0.04152028158889898,True,-0.10388087185529549,True,-0.13356432189332723,True,-0.02508847561996652,True,-0.13356432189332723,True
2156,-0.014932445231143676,True,-0.12606553011137045,True,-0.12747009720716984,True,-0.030368369113172422,True,-0.12747009720716984,True
